x,y,role,token
59.54779815673828,-28.541393280029297,identifier,Override
34.1872673034668,-39.44610595703125,identifier,Timer
40.36869430541992,-27.563875198364258,identifier,createIntervalTimer
-112.11583709716797,84.15650177001953,(,(
46.235137939453125,-80.28313446044922,identifier,Date
-11.061586380004883,-38.2916374206543,identifier,initialExpiration
-9.242687225341797,236.21218872070312,",",","
-5.094363689422607,-31.14302635192871,identifier,intervalDuration
-6.348700046539307,233.77151489257812,",",","
23.778696060180664,-40.87839126586914,identifier,TimerConfig
-8.759686470031738,-35.53339767456055,identifier,timerConfig
-147.2551727294922,41.18592071533203,),)
46.3641471862793,-10.72940731048584,identifier,IllegalArgumentException
-3.7151942253112793,229.8734893798828,",",","
48.2292366027832,-9.070258140563965,identifier,IllegalStateException
-3.881958484649658,229.70034790039062,",",","
47.39794158935547,-12.605396270751953,identifier,EJBException
143.66578674316406,-82.31060028076172,{,{
19.03529930114746,-15.4154052734375,identifier,assertTimerServiceState
-92.75445556640625,148.84317016601562,(,(
-167.15707397460938,-21.8916015625,),)
-88.95533752441406,-130.77589416503906,;,;
152.48265075683594,27.97149085998535,if,if
-65.98851013183594,99.88390350341797,(,(
-20.570831298828125,-27.00642204284668,identifier,initialExpiration
76.20732116699219,50.90022659301758,==,==
-137.9605255126953,19.195167541503906,),)
123.2608642578125,-82.22007751464844,{,{
11.383210182189941,-20.744152069091797,identifier,EJB3_TIMER_LOGGER
47.45188903808594,115.94976806640625,.,.
15.885897636413574,-12.896808624267578,identifier,initialExpirationIsNullCreatingTimer
-87.78559875488281,154.5850372314453,(,(
-168.6313934326172,-29.32513427734375,),)
-66.97496032714844,-134.01678466796875,;,;
22.337125778198242,-160.323486328125,},}
155.47244262695312,23.824331283569336,if,if
-58.57182312011719,100.22669219970703,(,(
-20.577245712280273,-27.004661560058594,identifier,initialExpiration
58.00270080566406,138.36331176757812,.,.
17.041715621948242,-4.842941761016846,identifier,getTime
-92.20585632324219,159.43711853027344,(,(
-189.55706787109375,-20.621896743774414,),)
72.325439453125,31.671510696411133,<,<
-132.84799194335938,15.674383163452148,),)
121.75240325927734,-85.98128509521484,{,{
10.962597846984863,-20.921415328979492,identifier,EJB3_TIMER_LOGGER
46.7258186340332,116.82263946533203,.,.
27.705707550048828,-3.6313889026641846,identifier,invalidInitialExpiration
-51.48198699951172,122.60516357421875,(,(
17.659229278564453,-4.4666523933410645,"""","""initialExpiration.getTime()"""
-152.23463439941406,-37.5986442565918,),)
-59.44287109375,-141.79190063476562,;,;
26.121919631958008,-163.90673828125,},}
158.73333740234375,19.594728469848633,if,if
-49.83469009399414,102.22249603271484,(,(
-5.271590709686279,-30.70379066467285,identifier,intervalDuration
72.97664642333984,31.59008026123047,<,<
-126.26262664794922,11.758389472961426,),)
117.86824798583984,-92.53581237792969,{,{
10.740933418273926,-20.99696159362793,identifier,EJB3_TIMER_LOGGER
46.02049255371094,117.34779357910156,.,.
27.70387077331543,-3.568002462387085,identifier,invalidInitialExpiration
-51.1236457824707,122.35581970214844,(,(
14.77966022491455,-0.1743580549955368,"""","""intervalDuration"""
-160.64743041992188,-49.183502197265625,),)
-58.66205596923828,-151.3865966796875,;,;
26.390026092529297,-167.45375061035156,},}
217.54483032226562,8.113399505615234,return,return
37.88374328613281,133.0153045654297,.,.
40.72098922729492,-21.566654205322266,identifier,createTimer
-41.65585708618164,138.0467987060547,(,(
-10.576990127563477,-38.246219635009766,identifier,initialExpiration
-13.860940933227539,214.28781127929688,",",","
-5.136791229248047,-30.984575271606445,identifier,intervalDuration
-15.835282325744629,212.77523803710938,",",","
-7.717444896697998,-35.23013687133789,identifier,timerConfig
45.54963684082031,145.31631469726562,.,.
17.89249038696289,6.7208685874938965,identifier,getInfo
-86.70413208007812,169.24314880371094,(,(
-194.81607055664062,-27.21125030517578,),)
-16.170801162719727,212.37376403808594,",",","
-7.676126003265381,-35.20205307006836,identifier,timerConfig
45.50200653076172,145.41189575195312,.,.
12.486905097961426,2.885784864425659,identifier,isPersistent
-85.68939208984375,169.68075561523438,(,(
-194.51148986816406,-29.61166000366211,),)
-153.83975219726562,-49.396141052246094,),)
-50.870018005371094,-154.730224609375,;,;
49.32966613769531,-153.97914123535156,},}
42.71701431274414,-30.146533966064453,identifier,externalize
-114.95768737792969,84.06932067871094,(,(
17.432619094848633,-53.52172088623047,identifier,DataOutputStream
-4.860167980194092,-64.17674255371094,identifier,sink
-8.866896629333496,239.07315063476562,",",","
3.4553725719451904,-32.6625862121582,identifier,start
-10.152694702148438,235.06137084960938,",",","
4.995091438293457,-32.974822998046875,identifier,stop
-8.601861000061035,233.9971466064453,",",","
0.33766674995422363,-32.17902374267578,identifier,stride
-147.80130004882812,43.565467834472656,),)
56.72222137451172,-15.98798942565918,identifier,IOException
144.0320281982422,-78.31025695800781,{,{
-27.028640747070312,25.325225830078125,identifier,count
137.85047912597656,78.92240905761719,=,=
-89.301513671875,-124.68753051757812,;,;
133.07923889160156,20.114837646484375,for,for
-63.03256607055664,93.31172180175781,(,(
-55.61526107788086,32.445274353027344,identifier,i
139.7858428955078,81.79518127441406,=,=
3.4881858825683594,-32.657588958740234,identifier,start
-82.15750885009766,-122.09210968017578,;,;
-56.85334014892578,31.301389694213867,identifier,i
4.988925457000732,-32.964508056640625,identifier,stop
-81.88353729248047,-123.10414123535156,;,;
-57.36871337890625,30.847902297973633,identifier,i
0.3596482276916504,-32.16553497314453,identifier,stride
-137.67469787597656,22.01207160949707,),)
127.45120239257812,-82.21392059326172,{,{
-4.809847354888916,-64.22811889648438,identifier,sink
58.283077239990234,128.68736267089844,.,.
31.045333862304688,11.71592903137207,identifier,writeByte
-64.6371078491211,131.22897338867188,(,(
15.320524215698242,-14.031168937683105,identifier,vals
-55.3725700378418,25.154109954833984,identifier,i
-159.24900817871094,-28.536252975463867,),)
-72.66127014160156,-134.22337341308594,;,;
-27.026716232299805,24.849241256713867,identifier,count
-66.32564544677734,-132.14154052734375,;,;
20.899320602416992,-160.87088012695312,},}
-17.50452995300293,-5.580222129821777,identifier,modFour
138.03799438476562,89.68464660644531,=,=
-26.725521087646484,24.900188446044922,identifier,count
-78.87320709228516,-134.52578735351562,;,;
-12.98095703125,3.326979398727417,identifier,pad
134.66876220703125,89.1277847290039,=,=
-59.719505310058594,106.21746063232422,(,(
-17.16824722290039,-5.4929518699646,identifier,modFour
83.7847671508789,40.573158264160156,!=,!=
-137.7541961669922,11.800975799560547,),)
-59.4371337890625,106.95169067382812,(,(
-17.10584259033203,-5.437657356262207,identifier,modFour
-166.71607971191406,-38.33219909667969,),)
-74.43489074707031,-143.4357452392578,;,;
132.5008087158203,16.776166915893555,for,for
-56.3347053527832,94.98796081542969,(,(
-53.43574523925781,30.632814407348633,identifier,i
133.1959991455078,80.0689926147461,=,=
-78.53944396972656,-120.42210388183594,;,;
-53.66017150878906,29.852195739746094,identifier,i
72.0986328125,28.482614517211914,<,<
-12.975800514221191,3.331794023513794,identifier,pad
-77.5069580078125,-121.90492248535156,;,;
-53.572757720947266,29.17329216003418,identifier,i
-134.80616760253906,5.529300212860107,),)
-4.806499481201172,-64.23786926269531,identifier,sink
46.05661392211914,131.11024475097656,.,.
31.038774490356445,11.718107223510742,identifier,writeByte
-42.67470169067383,124.36070251464844,(,(
-168.75546264648438,-47.17531967163086,),)
-51.474853515625,-148.10317993164062,;,;
43.17914962768555,-152.4576873779297,},}
41.9958381652832,-28.29555892944336,identifier,isKeepAllAlive
-118.02120208740234,91.25969696044922,(,(
-157.22267150878906,45.89524459838867,),)
49.524288177490234,-15.44006633758545,identifier,MalformedElementException
144.9336700439453,-74.82572937011719,{,{
37.55278015136719,-52.34102249145508,identifier,Element
-41.122093200683594,0.7132918238639832,identifier,child
146.1119842529297,81.41997528076172,=,=
33.879146575927734,-2.278815507888794,identifier,getFirstChild
-69.3296890258789,134.46597290039062,(,(
13.88431453704834,-16.116025924682617,identifier,root
-7.449246883392334,218.11343383789062,",",","
-7.270719051361084,-15.774447441101074,identifier,childNames
-162.66371154785156,-19.763561248779297,),)
-94.01905059814453,-127.82034301757812,;,;
41.1806526184082,0.011102464981377125,identifier,ensureNotNull
-61.995304107666016,116.50138092041016,(,(
11.781699180603027,-29.588468551635742,identifier,Policy
47.44282913208008,120.84935760498047,.,.
40.59261703491211,3.871384620666504,identifier,bind
-62.378196716308594,119.84161376953125,(,(
14.866171836853027,-13.113920211791992,"""","""ensure.expectingOmitOrKeepaliveElmt"""
-178.43792724609375,-31.86916732788086,),)
-8.054741859436035,205.35789489746094,",",","
-41.996803283691406,2.005005359649658,identifier,child
-159.44944763183594,-23.78237533569336,),)
-86.6073226928711,-136.00013732910156,;,;
-11.796168327331543,-13.300131797790527,identifier,isKeepAllAlive
137.0775146484375,81.52654266357422,=,=
-82.42481994628906,-130.51840209960938,;,;
151.2930908203125,24.146743774414062,if,if
-60.76880645751953,99.75135803222656,(,(
23.82868766784668,-9.701943397521973,identifier,isDAVElement
-57.286197662353516,132.57568359375,(,(
-41.22181701660156,2.192807912826538,identifier,child
-1.3339030742645264,212.99595642089844,",",","
13.765422821044922,-6.055784702301025,"""","""keepalive"""
-182.20773315429688,-32.269657135009766,),)
-136.18968200683594,14.223417282104492,),)
124.39474487304688,-87.46974182128906,{,{
-11.812735557556152,-13.30010986328125,identifier,isKeepAllAlive
139.99591064453125,95.74567413330078,=,=
17.07465362548828,-3.5608627796173096,"""","""*"""
76.56182861328125,140.81175231933594,.,.
25.763334274291992,39.03717803955078,identifier,equals
-48.622859954833984,113.84966278076172,(,(
24.503128051757812,-5.631331920623779,identifier,getFirstText
-50.500423431396484,135.42332458496094,(,(
-41.136295318603516,2.056344985961914,identifier,child
-186.3579864501953,-31.642885208129883,),)
-158.33033752441406,-41.184181213378906,),)
-74.97962951660156,-147.47093200683594,;,;
41.13610076904297,0.04703750088810921,identifier,ensureNull
-53.211368560791016,114.86520385742188,(,(
11.751070022583008,-29.588125228881836,identifier,Policy
47.145877838134766,121.17759704589844,.,.
40.582801818847656,3.873962163925171,identifier,bind
-48.98916244506836,118.8282699584961,(,(
15.570707321166992,-2.0922813415527344,"""","""ensure.conflictingHrefElmt"""
-177.9649658203125,-32.597991943359375,),)
-8.173995971679688,207.04632568359375,",",","
33.86794662475586,-2.270534038543701,identifier,getFirstChild
-45.780696868896484,132.2847900390625,(,(
-41.10759353637695,1.9113837480545044,identifier,child
-9.404337882995605,216.5103302001953,",",","
13.919172286987305,-1.0648301839828491,"""","""href"""
-189.7166290283203,-33.76059341430664,),)
-157.02503967285156,-46.99967956542969,),)
-58.185302734375,-149.5650634765625,;,;
24.724788665771484,-167.4949188232422,},}
-41.15033721923828,1.0376421213150024,identifier,child
136.4012451171875,98.3539810180664,=,=
33.82615280151367,-2.249748945236206,identifier,getNextSibling
-42.47505569458008,134.45628356933594,(,(
-41.13784408569336,1.5975347757339478,identifier,child
-11.928057670593262,216.1224822998047,",",","
-7.286932468414307,-15.747117042541504,identifier,childNames
-161.7044219970703,-56.8499641418457,),)
-68.2243423461914,-158.5872344970703,;,;
41.139434814453125,0.04713069647550583,identifier,ensureNull
-53.305702209472656,115.04768371582031,(,(
11.761736869812012,-29.59131622314453,identifier,Policy
47.34145736694336,120.89627838134766,.,.
40.5860595703125,3.8720874786376953,identifier,bind
-49.49992752075195,118.58952331542969,(,(
15.348306655883789,-1.88548743724823,"""","""ensure.conflictingOmitOrKeepaliveElmt"""
-178.16326904296875,-31.853498458862305,),)
-8.24567699432373,205.46633911132812,",",","
-42.03285217285156,1.8575630187988281,identifier,child
-157.74098205566406,-57.30268478393555,),)
-63.04104232788086,-159.2807159423828,;,;
217.38616943359375,11.195528030395508,return,return
-11.621660232543945,-14.074026107788086,identifier,isKeepAllAlive
-45.474369049072266,-152.42320251464844,;,;
50.41277313232422,-153.0551300048828,},}
12.151837348937988,-51.85546112060547,identifier,Gson
40.51687240600586,-30.06365394592285,identifier,initGson
-116.1013412475586,88.67633819580078,(,(
11.54837703704834,-52.00135803222656,identifier,GsonBuilder
11.188013076782227,-52.05820083618164,identifier,gsonBuilder
-154.70449829101562,41.406436920166016,),)
145.0891571044922,-72.72071075439453,{,{
9.754512786865234,-52.245147705078125,identifier,gsonBuilder
63.251190185546875,127.54083251953125,.,.
29.907018661499023,-18.91127586364746,identifier,registerTypeAdapter
-70.12127685546875,131.70022583007812,(,(
43.71830749511719,-50.87886428833008,identifier,JsonObject
44.24821853637695,111.093017578125,.,.
-6.300136089324951,222.78135681152344,",",","
157.61386108398438,-28.906715393066406,new,new
38.64313888549805,-15.984557151794434,identifier,JsonDeserializer
99.01908111572266,7.850129127502441,<,<
43.773860931396484,-50.84180450439453,identifier,JsonObject
101.87542724609375,-21.597408294677734,>,>
-86.89889526367188,147.49545288085938,(,(
-169.9217529296875,-10.859646797180176,),)
136.21141052246094,-90.93672943115234,{,{
43.51396942138672,-50.52647399902344,identifier,JsonObject
37.22328567504883,-16.179128646850586,identifier,deserialize
-110.58799743652344,82.25028228759766,(,(
43.98909378051758,-48.108497619628906,identifier,JsonElement
-25.564260482788086,-32.774452209472656,identifier,json
-8.10821533203125,227.99945068359375,",",","
28.538028717041016,-51.369300842285156,identifier,Type
0.029954399913549423,-10.683688163757324,identifier,typeOfT
-8.085661888122559,227.95591735839844,",",","
40.2730827331543,-15.534378051757812,identifier,JsonDeserializationContext
6.307094097137451,-45.25810623168945,identifier,context
-142.8432159423828,40.92433547973633,),)
41.4957389831543,-15.114904403686523,identifier,JsonParseException
127.66886138916016,-79.84345245361328,{,{
217.53134155273438,3.462312936782837,return,return
-25.555912017822266,-32.722320556640625,identifier,json
61.27534103393555,136.73744201660156,.,.
24.915203094482422,13.782310485839844,identifier,getAsJsonObject
-89.76558685302734,155.2086639404297,(,(
-168.42654418945312,-29.014263153076172,),)
-66.56425476074219,-133.62161254882812,;,;
22.968168258666992,-177.21273803710938,},}
23.15463638305664,-175.9785919189453,},}
-169.4693603515625,-57.11329650878906,),)
-82.43190002441406,-141.9088592529297,;,;
9.593493461608887,-52.26573944091797,identifier,gsonBuilder
54.40293502807617,127.76089477539062,.,.
29.866933822631836,-18.81534767150879,identifier,registerTypeAdapter
-57.69525146484375,125.83696746826172,(,(
44.1357536315918,-51.01143264770508,identifier,JsonObject
43.33544158935547,112.1636962890625,.,.
-4.69362211227417,205.77439880371094,",",","
156.43800354003906,-29.140846252441406,new,new
38.64574432373047,-15.8772611618042,identifier,JsonSerializer
99.88947296142578,8.243152618408203,<,<
44.05187225341797,-50.97030258178711,identifier,JsonObject
100.98664093017578,-22.396663665771484,>,>
-86.73348236083984,148.69589233398438,(,(
-169.2569122314453,-11.367012023925781,),)
136.3497314453125,-91.08599853515625,{,{
43.99232864379883,-48.10570526123047,identifier,JsonElement
37.51951599121094,-15.336565017700195,identifier,serialize
-50.06048583984375,126.59418487548828,(,(
44.297149658203125,-50.756771087646484,identifier,JsonObject
-23.315576553344727,-56.67938995361328,identifier,src
-9.408623695373535,225.64987182617188,",",","
28.620548248291016,-51.28464889526367,identifier,Type
-0.032062094658613205,-10.664327621459961,identifier,typeOfSrc
-9.395622253417969,225.65753173828125,",",","
40.151275634765625,-15.5272798538208,identifier,JsonSerializationContext
6.324269771575928,-45.339599609375,identifier,context
-125.03771209716797,17.168338775634766,),)
118.2563705444336,-95.55609130859375,{,{
218.4810028076172,6.225747585296631,return,return
-23.31427574157715,-56.71250915527344,identifier,src
45.986576080322266,139.56202697753906,.,.
24.91392707824707,13.776877403259277,identifier,getAsJsonObject
-84.57994079589844,163.6332244873047,(,(
-172.40879821777344,-45.840599060058594,),)
-56.94678497314453,-146.34104919433594,;,;
25.666467666625977,-177.34559631347656,},}
24.056209564208984,-175.2138671875,},}
-168.2926025390625,-57.42086410522461,),)
-68.1993179321289,-151.94927978515625,;,;
218.7306671142578,9.12623119354248,return,return
9.617984771728516,-52.26470184326172,identifier,gsonBuilder
39.54670333862305,133.40379333496094,.,.
42.75962448120117,-23.17051887512207,identifier,create
-82.82807159423828,166.3030242919922,(,(
-175.634765625,-45.495059967041016,),)
-51.04851531982422,-150.9147491455078,;,;
46.024017333984375,-152.4056854248047,},}
30.530384063720703,-39.025936126708984,identifier,ResultSetType
41.03934097290039,-26.307504653930664,identifier,createResultSet
-118.23128509521484,90.80452728271484,(,(
-157.98854064941406,45.88301086425781,),)
147.5385284423828,-73.12142181396484,{,{
30.53064727783203,-39.108985900878906,identifier,ResultSetType
-56.432456970214844,-21.289243698120117,identifier,result
145.4364776611328,79.98136901855469,=,=
20.910160064697266,-22.854406356811523,identifier,FACTORY
66.61055755615234,123.82987213134766,.,.
30.614530563354492,-20.541322708129883,identifier,createResultSetType
-94.67422485351562,146.2734375,(,(
-167.1029510498047,-17.83795166015625,),)
-94.55130767822266,-127.84326171875,;,;
-55.48688507080078,-25.684072494506836,identifier,result
58.982078552246094,126.88853454589844,.,.
1.7858421802520752,14.15096664428711,identifier,getROW
-100.25861358642578,154.7434539794922,(,(
-189.70733642578125,-14.84984302520752,),)
57.06985855102539,124.76276397705078,.,.
37.51744842529297,29.580991744995117,identifier,add
-62.92300796508789,117.6683349609375,(,(
31.624284744262695,-20.55520248413086,identifier,createResultSetRow
-63.51439666748047,126.97327423095703,(,(
1.773610234260559,214.05345153808594,",",","
1.8977861404418945,214.41395568847656,",",","
2.406846761703491,215.19789123535156,",",","
14.486753463745117,-8.656913757324219,"""","""a first example"""
-179.64227294921875,-32.417938232421875,),)
-156.65145874023438,-33.7210693359375,),)
-84.83197021484375,-142.55113220214844,;,;
-55.565059661865234,-25.623981475830078,identifier,result
54.555355072021484,126.89190673828125,.,.
1.8700270652770996,14.12770938873291,identifier,getROW
-97.33235931396484,161.58460998535156,(,(
-190.33958435058594,-15.71323013305664,),)
56.322349548339844,125.05731201171875,.,.
37.48285675048828,29.56214141845703,identifier,add
-58.993629455566406,127.05329895019531,(,(
31.749635696411133,-20.536142349243164,identifier,createResultSetRow
-63.17867660522461,126.93113708496094,(,(
0.6122035384178162,213.84768676757812,",",","
1.2714035511016846,214.63079833984375,",",","
2.3220996856689453,215.29978942871094,",",","
14.73001480102539,-8.206353187561035,"""","""a second example"""
-180.6969757080078,-33.17568588256836,),)
-156.97216796875,-35.43732833862305,),)
-81.98110961914062,-142.79844665527344,;,;
-54.97964096069336,-25.288761138916016,identifier,result
54.04912185668945,127.02296447753906,.,.
2.10819673538208,14.064261436462402,identifier,getROW
-96.08790588378906,162.96072387695312,(,(
-193.7241973876953,-16.601734161376953,),)
55.8440055847168,125.143798828125,.,.
37.44990539550781,29.459108352661133,identifier,add
-45.81072235107422,125.38341522216797,(,(
31.778484344482422,-20.522293090820312,identifier,createResultSetRow
-48.90814208984375,124.09550476074219,(,(
-2.407249927520752,210.5670928955078,",",","
-2.7220194339752197,210.56967163085938,",",","
-3.476766586303711,210.53175354003906,",",","
-185.35150146484375,-37.83806610107422,),)
-156.40426635742188,-44.65684509277344,),)
-75.35734558105469,-151.29522705078125,;,;
-54.48813247680664,-25.03494644165039,identifier,result
46.135807037353516,131.6695098876953,.,.
20.92000389099121,7.898276329040527,identifier,setFOUND
-39.791412353515625,127.2628173828125,(,(
23.305809020996094,-6.400259017944336,identifier,BigInteger
51.04994583129883,115.0571060180664,.,.
19.4715633392334,1.731176733970642,identifier,valueOf
-48.138092041015625,112.29652404785156,(,(
-53.87891387939453,-24.85584831237793,identifier,result
48.14288330078125,142.77903747558594,.,.
2.436023235321045,13.977055549621582,identifier,getROW
-92.90476989746094,168.37550354003906,(,(
-194.84420776367188,-18.795520782470703,),)
49.21297073364258,148.78236389160156,.,.
4.207581043243408,37.136539459228516,identifier,size
-88.96159362792969,168.07667541503906,(,(
-192.63333129882812,-28.77461814880371,),)
-186.72720336914062,-38.775508880615234,),)
-156.20947265625,-47.785526275634766,),)
-65.92645263671875,-154.98001098632812,;,;
218.9165802001953,10.168100357055664,return,return
-51.90122985839844,-22.311912536621094,identifier,result
-45.91801071166992,-148.89512634277344,;,;
46.47254943847656,-151.77655029296875,},}
29.848024368286133,-50.46255874633789,identifier,Type
36.24863815307617,-27.234277725219727,identifier,getGenericTypes
-112.58053588867188,87.4990234375,(,(
30.224098205566406,-56.21453094482422,identifier,Class
100.6742172241211,5.348521709442139,<,<
106.49430847167969,-22.25780487060547,>,>
-12.366990089416504,-59.78773498535156,identifier,clazz
-151.5912322998047,41.7563591003418,),)
146.406494140625,-76.41439056396484,{,{
29.734079360961914,-50.49638366699219,identifier,Type
-17.74371910095215,-27.63463020324707,identifier,mySuperClass
146.1362762451172,82.96014404296875,=,=
-11.168447494506836,-60.86695098876953,identifier,clazz
65.42998504638672,132.80380249023438,.,.
26.830337524414062,-19.981056213378906,identifier,getGenericSuperclass
-95.43672180175781,148.57940673828125,(,(
-167.53689575195312,-19.081710815429688,),)
-94.02405548095703,-129.10874938964844,;,;
24.227684020996094,21.821125030517578,identifier,System
57.847251892089844,118.74801635742188,.,.
25.265214920043945,24.11121940612793,identifier,out
57.840267181396484,118.84453582763672,.,.
27.305099487304688,23.324796676635742,identifier,println
-65.64592742919922,131.423583984375,(,(
-18.30573272705078,-28.078929901123047,identifier,mySuperClass
-159.67056274414062,-22.735239028930664,),)
-93.25172424316406,-136.39065551757812,;,;
24.25059700012207,21.916351318359375,identifier,System
57.60382080078125,118.51473999023438,.,.
25.277772903442383,24.115461349487305,identifier,out
57.535179138183594,118.51005554199219,.,.
27.31130027770996,23.33686065673828,identifier,println
-65.1620101928711,131.14132690429688,(,(
-18.453426361083984,-28.239091873168945,identifier,mySuperClass
63.89031982421875,138.2528533935547,.,.
8.494267463684082,-19.178224563598633,identifier,getClass
-94.03003692626953,154.25453186035156,(,(
-183.6903533935547,-22.495956420898438,),)
-157.8817596435547,-28.326711654663086,),)
-85.99385070800781,-137.34365844726562,;,;
29.726661682128906,-50.536163330078125,identifier,Type
-33.47611618041992,-17.364540100097656,identifier,types
135.71829223632812,87.61181640625,=,=
-63.77791976928711,108.36629486083984,(,(
-63.455833435058594,109.30139923095703,(,(
25.238325119018555,-21.605152130126953,identifier,ParameterizedType
-174.36474609375,-7.431402683258057,),)
-18.75250244140625,-28.42213249206543,identifier,mySuperClass
-187.96180725097656,-10.001462936401367,),)
61.1934928894043,145.7581787109375,.,.
25.113393783569336,-21.35918617248535,identifier,getActualTypeArguments
-88.32318115234375,156.31976318359375,(,(
-169.82327270507812,-31.372962951660156,),)
-78.96453094482422,-139.11724853515625,;,;
132.5797576904297,17.584564208984375,for,for
-57.42971420288086,94.25334167480469,(,(
-53.93070983886719,31.10032844543457,identifier,i
133.72482299804688,79.98271942138672,=,=
-79.19278717041016,-120.43021392822266,;,;
-54.529109954833984,30.192731857299805,identifier,i
71.75387573242188,28.203826904296875,<,<
-34.29118728637695,-16.655412673950195,identifier,types
71.20498657226562,141.83152770996094,.,.
7.19199800491333,43.50654220581055,identifier,length
-77.83362579345703,-122.50599670410156,;,;
-54.45338821411133,29.552324295043945,identifier,i
-129.1802520751953,16.187517166137695,),)
125.2575912475586,-92.2119140625,{,{
29.60438346862793,-50.5571403503418,identifier,Type
-30.80191993713379,-13.820426940917969,identifier,type
134.15711975097656,95.19429016113281,=,=
-34.3697509765625,-16.68909454345703,identifier,types
-53.440059661865234,26.183317184448242,identifier,i
-73.3271484375,-148.67535400390625,;,;
24.20843505859375,21.68223762512207,identifier,System
55.15985870361328,118.89916229248047,.,.
25.338539123535156,24.021514892578125,identifier,out
55.08905792236328,118.90426635742188,.,.
27.14409637451172,23.18996810913086,identifier,println
-42.338218688964844,130.491943359375,(,(
-30.75771713256836,-13.626042366027832,identifier,type
-163.8035125732422,-47.67095947265625,),)
-57.91891860961914,-146.5458984375,;,;
27.92654037475586,-169.4282989501953,},}
220.58599853515625,9.301214218139648,return,return
-34.90380096435547,-16.878814697265625,identifier,types
-46.060630798339844,-147.5105743408203,;,;
44.908321380615234,-151.397705078125,},}
39.34694290161133,-29.7723445892334,identifier,getLatitudeFromElasticSearchText
-111.47807312011719,87.93682098388672,(,(
49.99739456176758,-83.78583526611328,identifier,String
-12.164003372192383,-36.2865104675293,identifier,textToCheckParam
-151.31411743164062,41.87593460083008,),)
148.8390655517578,-77.2284164428711,{,{
154.58914184570312,33.6861686706543,if,if
-72.09159851074219,98.84439849853516,(,(
-15.920331001281738,-30.802507400512695,identifier,textToCheckParam
77.35670471191406,49.359798431396484,==,==
-16.00676155090332,-30.840988159179688,identifier,textToCheckParam
71.0504150390625,135.00436401367188,.,.
18.564420700073242,22.179248809814453,identifier,isEmpty
-97.81745910644531,150.65338134765625,(,(
-179.74908447265625,-20.833833694458008,),)
-141.80557250976562,19.07162857055664,),)
122.021484375,-79.51544952392578,{,{
220.4296417236328,0.5741729736328125,return,return
-66.78687286376953,-128.32046508789062,;,;
19.905075073242188,-158.1980438232422,},}
54.72114181518555,-86.85674285888672,identifier,String
-17.155059814453125,-14.679518699645996,identifier,latitudeAndLongitude
141.38038635253906,87.62593078613281,=,=
-16.710323333740234,-31.390413284301758,identifier,textToCheckParam
65.63919830322266,138.4105682373047,.,.
16.004243850708008,29.074010848999023,identifier,split
-63.89226150512695,123.09661865234375,(,(
7.300831317901611,-5.832395076751709,identifier,REG_EX_COMMA
-163.7459716796875,-28.514925003051758,),)
-82.31976318359375,-134.97274780273438,;,;
152.74319458007812,24.00515365600586,if,if
-60.148040771484375,100.99409484863281,(,(
-17.401023864746094,-15.503376960754395,identifier,latitudeAndLongitude
77.05691528320312,52.51933288574219,==,==
-17.50360870361328,-15.624200820922852,identifier,latitudeAndLongitude
70.02717590332031,142.76055908203125,.,.
6.766936302185059,44.579776763916016,identifier,length
72.20372772216797,31.201509475708008,<,<
-132.75074768066406,15.315913200378418,),)
123.86279296875,-88.59518432617188,{,{
-17.549266815185547,-15.027859687805176,identifier,latitudeAndLongitude
138.8362274169922,95.81006622314453,=,=
-16.710372924804688,-31.390300750732422,identifier,textToCheckParam
51.74364471435547,136.90847778320312,.,.
16.006277084350586,29.073104858398438,identifier,split
-48.5992546081543,127.29910278320312,(,(
7.848302364349365,-3.6030800342559814,identifier,REG_EX_PIPE
-153.0658721923828,-37.59373092651367,),)
-61.78031921386719,-141.37367248535156,;,;
25.716060638427734,-163.56813049316406,},}
158.0865020751953,18.945676803588867,if,if
-50.4502067565918,102.12064361572266,(,(
-18.095962524414062,-15.792892456054688,identifier,latitudeAndLongitude
77.73062896728516,52.1373291015625,==,==
-18.13538360595703,-15.87116813659668,identifier,latitudeAndLongitude
71.06111907958984,144.0333251953125,.,.
6.1038126945495605,44.23035430908203,identifier,length
73.10313415527344,48.036102294921875,==,==
-127.32951354980469,10.824332237243652,),)
117.20108032226562,-93.21959686279297,{,{
222.56068420410156,2.74875545501709,return,return
-52.68019485473633,-144.27926635742188,;,;
27.70676040649414,-163.92405700683594,},}
159.55767822265625,19.03134536743164,if,if
-47.83401107788086,101.88936614990234,(,(
-18.39541244506836,-15.970392227172852,identifier,latitudeAndLongitude
71.26571655273438,144.1527099609375,.,.
5.961812973022461,43.61695861816406,identifier,length
76.65684509277344,35.61669158935547,>,>
-126.31580352783203,9.715084075927734,),)
116.10501098632812,-91.32627868652344,{,{
216.21185302734375,6.932216167449951,return,return
18.4506778717041,3.2966678142547607,identifier,toDoubleSafe
-38.13826370239258,135.67453002929688,(,(
-18.774812698364258,-16.043262481689453,identifier,latitudeAndLongitude
-157.75341796875,-54.80752944946289,),)
-54.84828186035156,-154.2047119140625,;,;
25.885417938232422,-170.88778686523438,},}
222.94534301757812,10.403825759887695,return,return
-48.212310791015625,-151.04754638671875,;,;
49.34651565551758,-151.48580932617188,},}
43.23982238769531,-25.9836483001709,identifier,readCatalog
-115.42057800292969,84.67182159423828,(,(
2.240490674972534,-60.517330169677734,identifier,Catalog
1.9024454355239868,-60.66036605834961,identifier,catalog
-6.98230504989624,239.18441772460938,",",","
49.33116912841797,-85.03450775146484,identifier,String
-12.652746200561523,-38.5781135559082,identifier,fileUrl
-151.61842346191406,43.72243118286133,),)
50.44450378417969,-15.746941566467285,identifier,MalformedURLException
-2.6007559299468994,230.6307373046875,",",","
55.979347229003906,-16.823362350463867,identifier,IOException
143.9948272705078,-77.3158187866211,{,{
23.341066360473633,-57.95931625366211,identifier,URL
-25.146236419677734,-21.438539505004883,identifier,catURL
140.04330444335938,79.3862075805664,=,=
-89.1797103881836,-125.4930419921875,;,;
135.30538940429688,-85.46967315673828,{,{
-25.175132751464844,-21.40119743347168,identifier,catURL
145.86729431152344,88.95049285888672,=,=
156.99705505371094,-25.04876708984375,new,new
23.170835494995117,-58.741615295410156,identifier,URL
-67.5279312133789,135.7157440185547,(,(
-20.938899993896484,-33.559715270996094,identifier,fileUrl
-162.15036010742188,-22.232587814331055,),)
-69.30941772460938,-129.41793823242188,;,;
29.253068923950195,-154.12179565429688,},}
-51.83869552612305,91.38665008544922,(,(
50.77604675292969,-15.771588325500488,identifier,MalformedURLException
44.4248046875,47.27971649169922,identifier,e
-137.10678100585938,20.553871154785156,),)
126.84929656982422,-80.8985824584961,{,{
-25.197349548339844,-21.38578987121582,identifier,catURL
144.5559539794922,91.59268951416016,=,=
156.4400634765625,-24.54280662536621,new,new
23.11713981628418,-58.93613052368164,identifier,URL
-60.48125076293945,120.34883880615234,(,(
14.963720321655273,-10.625892639160156,"""","""file:///"""
-13.958931922912598,54.33296203613281,+,+
-21.033283233642578,-33.527381896972656,identifier,fileUrl
-160.18719482421875,-29.680755615234375,),)
-68.20841217041016,-132.881103515625,;,;
20.723608016967773,-161.05865478515625,},}
12.407002449035645,-38.04217529296875,identifier,URLConnection
-26.80911636352539,-12.755456924438477,identifier,urlCon
136.42831420898438,88.94131469726562,=,=
-25.362937927246094,-19.999114990234375,identifier,catURL
57.613929748535156,135.5476531982422,.,.
12.347329139709473,-38.014312744140625,identifier,openConnection
-87.90373992919922,156.6095428466797,(,(
-170.24913024902344,-31.512176513671875,),)
-79.23411560058594,-138.21255493164062,;,;
128.9555206298828,-94.36570739746094,{,{
43.77472686767578,-25.173599243164062,identifier,readCatalog
-53.022056579589844,131.1213836669922,(,(
1.392920970916748,-61.00288772583008,identifier,catalog
-6.778771877288818,213.0270538330078,",",","
-26.9290714263916,-13.018664360046387,identifier,urlCon
53.871910095214844,138.5043182373047,.,.
28.39430046081543,-14.132119178771973,identifier,getInputStream
-89.18242645263672,162.05960083007812,(,(
-188.50711059570312,-27.256546020507812,),)
-158.11740112304688,-40.40291976928711,),)
-64.1728286743164,-141.06333923339844,;,;
31.890396118164062,-155.87501525878906,},}
-50.393924713134766,94.53594970703125,(,(
41.757328033447266,-11.772383689880371,identifier,FileNotFoundException
42.86342239379883,46.85441207885742,identifier,e
-126.13200378417969,17.8961238861084,),)
120.44300079345703,-95.37618255615234,{,{
1.278386116027832,-61.08485794067383,identifier,catalog
43.260189056396484,144.17369079589844,.,.
31.10164451599121,-8.211226463317871,identifier,getCatalogManager
-96.48957061767578,165.9250946044922,(,(
-195.470703125,-15.242154121398926,),)
50.93693923950195,121.20845794677734,.,.
57.24924087524414,2.360546112060547,identifier,debug
51.48247528076172,120.65853881835938,.,.
13.469844818115234,13.652666091918945,identifier,message
-52.54451370239258,121.3275375366211,(,(
2.975127696990967,210.43222045898438,",",","
18.61618995666504,-0.7146889567375183,"""","""Failed to load catalog, file not found"""
-11.752859115600586,202.68692016601562,",",","
-25.413867950439453,-19.45696258544922,identifier,catURL
46.387237548828125,143.84112548828125,.,.
12.904930114746094,19.30537223815918,identifier,toString
-87.19713592529297,167.5961151123047,(,(
-192.75498962402344,-30.344589233398438,),)
-157.05186462402344,-49.098392486572266,),)
-56.59591293334961,-152.00318908691406,;,;
30.758581161499023,-180.5182342529297,},}
44.63712692260742,-160.1695098876953,},}
57.46984100341797,-28.142845153808594,identifier,Test
39.20423889160156,-29.206783294677734,identifier,submitWhenSubmitInputSubmitsRequest
-117.48492431640625,91.72409057617188,(,(
-157.35467529296875,45.01108169555664,),)
52.695838928222656,-18.23868179321289,identifier,InterruptedException
143.52822875976562,-76.35447692871094,{,{
0.535611629486084,-44.16074752807617,identifier,server
-97.97547149658203,146.49591064453125,(,(
-189.5919189453125,-13.210801124572754,),)
58.14801788330078,123.6571273803711,.,.
29.0483341217041,-22.402238845825195,identifier,enqueue
-62.737144470214844,116.76687622070312,(,(
157.67431640625,-27.845842361450195,new,new
27.201494216918945,-23.34409523010254,identifier,MockResponse
-93.31161499023438,144.9683074951172,(,(
-189.32937622070312,-13.561761856079102,),)
58.03601837158203,123.82511138916016,.,.
13.78690242767334,-14.218173027038574,identifier,setBody
-62.54662322998047,117.46411895751953,(,(
13.475577354431152,-13.283671379089355,"""","""<html><body>"""
-9.029709815979004,55.54234313964844,+,+
13.800375938415527,-12.55469799041748,"""","""<form name='f' action='/x'>"""
-9.146069526672363,55.42108917236328,+,+
13.591079711914062,-12.316243171691895,"""","""<input type='submit'/>"""
-9.30191421508789,55.2704963684082,+,+
12.703084945678711,-12.490555763244629,"""","""</form>"""
-9.390105247497559,55.18814468383789,+,+
12.65894889831543,-12.562057495117188,"""","""</body></html>"""
-180.25933837890625,-33.69220733642578,),)
-156.35977172851562,-35.41594696044922,),)
-81.94160461425781,-142.41400146484375,;,;
0.5720036029815674,-44.16645050048828,identifier,server
-99.1451644897461,165.3048095703125,(,(
-195.64553833007812,-13.989875793457031,),)
52.803714752197266,123.74803924560547,.,.
29.04753303527832,-22.397321701049805,identifier,enqueue
-46.30773162841797,124.40117645263672,(,(
156.51243591308594,-28.25508689880371,new,new
27.20670509338379,-23.332672119140625,identifier,MockResponse
-87.37052917480469,159.8638458251953,(,(
-187.59466552734375,-27.776798248291016,),)
-157.28347778320312,-38.73640060424805,),)
-78.53116607666016,-145.14207458496094,;,;
19.67045783996582,-5.185146808624268,identifier,newBrowser
-96.8219985961914,167.18075561523438,(,(
-196.49240112304688,-16.556625366210938,),)
49.1090087890625,134.18739318847656,.,.
45.311485290527344,24.163314819335938,identifier,get
-49.04176712036133,128.7386474609375,(,(
-26.171411514282227,-47.73054885864258,identifier,url
-49.400753021240234,137.87709045410156,(,(
1.0071630477905273,-44.17420959472656,identifier,server
-99.70674896240234,166.85610961914062,(,(
-192.01145935058594,-27.265378952026367,),)
-185.06971740722656,-36.543601989746094,),)
-153.9361114501953,-43.37985610961914,),)
39.67932891845703,143.18687438964844,.,.
35.08060073852539,-24.283424377441406,identifier,getForm
-47.33987808227539,132.50839233398438,(,(
14.14455509185791,-1.9808850288391113,"""","""f"""
-168.7587432861328,-44.187171936035156,),)
39.5820198059082,142.894287109375,.,.
37.27684020996094,-19.681438446044922,identifier,submit
-81.97101593017578,161.88839721679688,(,(
-173.15164184570312,-43.8929557800293,),)
-71.49980163574219,-153.26376342773438,;,;
0.6219130754470825,-44.16402816772461,identifier,server
-99.16925048828125,165.5607452392578,(,(
-195.8463897705078,-14.086984634399414,),)
39.232234954833984,131.09754943847656,.,.
29.218978881835938,4.775310039520264,identifier,takeRequest
-81.33014678955078,163.9425048828125,(,(
-174.78106689453125,-44.53227615356445,),)
-70.26301574707031,-153.41929626464844,;,;
19.428203582763672,0.6735777854919434,identifier,assertThat
-46.3953971862793,100.56869506835938,(,(
15.323870658874512,1.025054931640625,"""","""request"""
-15.633042335510254,207.38827514648438,",",","
29.219205856323242,4.778926849365234,identifier,takeRequest
-49.114200592041016,138.4285430908203,(,(
1.0771032571792603,-44.175228118896484,identifier,server
-99.73822784423828,166.85122680664062,(,(
-192.3471221923828,-27.174034118652344,),)
-191.65394592285156,-10.258061408996582,),)
40.80759811401367,144.81588745117188,.,.
24.642860412597656,-15.944973945617676,identifier,getPath
-87.67215728759766,170.06979370117188,(,(
-195.34686279296875,-26.909862518310547,),)
-16.686872482299805,208.94229125976562,",",","
16.750171661376953,1.7704012393951416,identifier,is
-45.520172119140625,116.68793487548828,(,(
14.361217498779297,0.8408152461051941,"""","""/x"""
-178.7710418701172,-30.277055740356445,),)
-154.5503387451172,-50.086639404296875,),)
-51.45948028564453,-153.99244689941406,;,;
48.13719177246094,-154.69203186035156,},}
51.85131072998047,-86.95527648925781,identifier,String
37.29696273803711,-31.588674545288086,identifier,encodeHex
-113.486572265625,87.3548583984375,(,(
-24.981760025024414,-38.08658218383789,identifier,bytes
-152.54469299316406,42.7983283996582,),)
147.19288635253906,-75.81440734863281,{,{
17.782623291015625,-59.784629821777344,identifier,StringBuffer
-43.342952728271484,-27.172279357910156,identifier,buf
143.90432739257812,79.8258285522461,=,=
158.74679565429688,-26.634769439697266,new,new
17.781431198120117,-59.77371597290039,identifier,StringBuffer
-71.37661743164062,132.36294555664062,(,(
-25.266254425048828,-37.67068099975586,identifier,bytes
71.43043518066406,137.03538513183594,.,.
7.103766918182373,42.64153289794922,identifier,length
-161.54417419433594,-18.978818893432617,),)
-92.16114044189453,-128.6582794189453,;,;
-55.27019119262695,33.1375846862793,identifier,i
-87.25483703613281,-126.00017547607422,;,;
132.72080993652344,19.99295997619629,for,for
-62.92366409301758,93.9842300415039,(,(
-55.89310073852539,31.731653213500977,identifier,i
135.7523651123047,78.74837493896484,=,=
-81.50628662109375,-121.31013488769531,;,;
-56.309288024902344,31.158916473388672,identifier,i
72.88707733154297,27.411895751953125,<,<
-25.281042098999023,-37.62979507446289,identifier,bytes
70.57363891601562,138.61610412597656,.,.
7.790455341339111,42.868778228759766,identifier,length
-80.69029998779297,-123.14934539794922,;,;
-56.512447357177734,30.534011840820312,identifier,i
-136.4960174560547,22.04998779296875,),)
130.59619140625,-88.28057098388672,{,{
149.9735107421875,25.193883895874023,if,if
-62.269222259521484,97.68639373779297,(,(
-63.50965118408203,107.55445098876953,(,(
-63.08237838745117,109.03572082519531,(,(
-174.81658935546875,-7.481101036071777,),)
-25.641063690185547,-37.31411361694336,identifier,bytes
-55.619075775146484,25.420936584472656,identifier,i
-178.78858947753906,-36.8913459777832,),)
71.90933227539062,31.57626724243164,<,<
-135.18821716308594,15.514484405517578,),)
124.11027526855469,-84.62686157226562,{,{
-44.37308883666992,-26.954524993896484,identifier,buf
54.92213821411133,129.406982421875,.,.
30.93266487121582,28.690589904785156,identifier,append
-59.803340911865234,124.80977630615234,(,(
15.891180992126465,-7.736566066741943,"""","""0"""
-164.4022674560547,-34.33378601074219,),)
-65.28888702392578,-135.87327575683594,;,;
21.80573081970215,-162.85926818847656,},}
-44.31712341308594,-26.962736129760742,identifier,buf
54.37367630004883,129.46189880371094,.,.
31.00497055053711,28.88165283203125,identifier,append
-45.64531326293945,124.7757797241211,(,(
26.509855270385742,-25.681734085083008,identifier,Long
51.6015625,115.67811584472656,.,.
12.779557228088379,20.39914894104004,identifier,toString
-44.70357894897461,124.81330108642578,(,(
-62.28881072998047,109.91292572021484,(,(
-175.26242065429688,-7.175244331359863,),)
-25.697956085205078,-37.2763557434082,identifier,bytes
-54.232852935791016,26.132457733154297,identifier,i
-4.732931613922119,208.50860595703125,",",","
-185.12974548339844,-38.07160949707031,),)
-156.31546020507812,-43.679935455322266,),)
-59.505104064941406,-143.71340942382812,;,;
28.216598510742188,-167.98423767089844,},}
220.08963012695312,8.394295692443848,return,return
-43.96474075317383,-27.006441116333008,identifier,buf
44.323123931884766,141.81610107421875,.,.
13.532567024230957,20.14152717590332,identifier,toString
-84.09986114501953,164.92709350585938,(,(
-173.89321899414062,-43.32236099243164,),)
-50.65986251831055,-148.38763427734375,;,;
44.20197296142578,-150.0480499267578,},}
35.49259567260742,-32.02818298339844,identifier,CheckReturnValue
56.70923614501953,-35.68830108642578,identifier,NonNull
29.725597381591797,-28.841211318969727,identifier,BackpressureSupport
-106.14806365966797,90.51513671875,(,(
29.64582061767578,-28.962257385253906,identifier,BackpressureKind
43.71316146850586,110.05936431884766,.,.
31.767173767089844,-23.22411346435547,identifier,NONE
-150.5155792236328,36.359519958496094,),)
29.75719451904297,-27.393810272216797,identifier,SchedulerSupport
-106.10417175292969,90.53862762451172,(,(
29.746896743774414,-27.336931228637695,identifier,SchedulerSupport
43.75238037109375,110.0576400756836,.,.
31.758846282958984,-23.219959259033203,identifier,NONE
-150.50967407226562,36.38115692138672,),)
28.079103469848633,-28.2403507232666,identifier,Disposable
32.9365348815918,-28.600446701049805,identifier,forEachWhile
-110.51084899902344,82.71099853515625,(,(
21.07611656188965,-25.9322509765625,identifier,Predicate
98.32644653320312,7.129417419433594,<,<
29.921741485595703,-67.37661743164062,identifier,T
104.1583023071289,-21.267412185668945,>,>
-8.810038566589355,21.537874221801758,identifier,onNext
-6.291162967681885,231.420654296875,",",","
21.733867645263672,-25.684646606445312,identifier,Consumer
97.89105224609375,7.413418769836426,<,<
52.373199462890625,-6.637529373168945,identifier,Throwable
103.41780853271484,-21.408477783203125,>,>
-6.722082138061523,21.142107009887695,identifier,onError
-6.260072231292725,231.40013122558594,",",","
21.541725158691406,-24.303573608398438,identifier,Action
-5.12989616394043,21.180171966552734,identifier,onComplete
-143.4263458251953,41.308189392089844,),)
144.46185302734375,-83.5728530883789,{,{
39.86764144897461,-3.7674198150634766,identifier,ObjectHelper
54.864830017089844,116.55299377441406,.,.
43.02321243286133,-2.5487070083618164,identifier,requireNonNull
-59.337501525878906,129.9840850830078,(,(
-8.832356452941895,21.540328979492188,identifier,onNext
-0.20647498965263367,212.05921936035156,",",","
15.403153419494629,-6.520974159240723,"""","""onNext is null"""
-163.86744689941406,-35.753143310546875,),)
-82.00444793701172,-144.86927795410156,;,;
39.8697624206543,-3.764566421508789,identifier,ObjectHelper
54.73514175415039,116.8383560180664,.,.
42.986045837402344,-2.5368168354034424,identifier,requireNonNull
-59.36896514892578,129.4951171875,(,(
-6.6609015464782715,21.135021209716797,identifier,onError
-0.017774121835827827,211.72219848632812,",",","
15.784003257751465,-5.075629711151123,"""","""onError is null"""
-163.67233276367188,-36.761695861816406,),)
-80.92402648925781,-145.26797485351562,;,;
39.86220932006836,-3.7665789127349854,identifier,ObjectHelper
54.6177864074707,116.96511840820312,.,.
43.00090408325195,-2.5343775749206543,identifier,requireNonNull
-49.694557189941406,125.3871841430664,(,(
-5.155585765838623,21.176420211791992,identifier,onComplete
-0.07601791620254517,211.55911254882812,",",","
15.932990074157715,-4.661576271057129,"""","""onComplete is null"""
-161.24899291992188,-43.46772003173828,),)
-72.67042541503906,-150.62413024902344,;,;
32.19660949707031,-28.807872772216797,identifier,ForEachWhileSubscriber
100.79986572265625,7.396870136260986,<,<
30.023889541625977,-68.38154602050781,identifier,T
103.3671646118164,-26.249265670776367,>,>
-40.040470123291016,-11.377514839172363,identifier,s
132.0167999267578,94.05535125732422,=,=
153.7797088623047,-27.3980770111084,new,new
32.186614990234375,-28.803632736206055,identifier,ForEachWhileSubscriber
100.64212799072266,7.704659461975098,<,<
29.83788299560547,-68.2365951538086,identifier,T
101.29354858398438,-22.564802169799805,>,>
-44.089778900146484,139.14102172851562,(,(
-8.763008117675781,21.524843215942383,identifier,onNext
-12.08935546875,213.1236572265625,",",","
-6.580709457397461,21.147117614746094,identifier,onError
-12.012310028076172,212.81385803222656,",",","
-5.2552032470703125,21.16952896118164,identifier,onComplete
-163.24539184570312,-52.85546875,),)
-70.56301879882812,-156.04495239257812,;,;
24.78474998474121,0.985763430595398,identifier,subscribe
-37.822113037109375,133.01365661621094,(,(
-39.308135986328125,-12.067423820495605,identifier,s
-161.05294799804688,-55.025089263916016,),)
-65.6163330078125,-156.39768981933594,;,;
219.05914306640625,11.048274993896484,return,return
-39.28462600708008,-12.15670394897461,identifier,s
-46.000465393066406,-149.98048400878906,;,;
47.489044189453125,-151.68333435058594,},}
59.38737106323242,-28.04677391052246,identifier,Override
43.15750503540039,-29.239349365234375,identifier,renderView
-114.73959350585938,85.32981872558594,(,(
17.20688819885254,-47.538230895996094,identifier,ActionRequest
-9.073198318481445,-43.032127380371094,identifier,actionRequest
-6.6793951988220215,236.95481872558594,",",","
48.79961395263672,-86.31407928466797,identifier,String
-42.500160217285156,-49.70576477050781,identifier,target
-148.8702850341797,43.33402633666992,),)
53.1578483581543,-11.993160247802734,identifier,Exception
143.38792419433594,-78.16181182861328,{,{
16.08110809326172,-47.30704879760742,identifier,HttpServletRequest
-24.690261840820312,-64.79865264892578,identifier,request
145.51312255859375,84.14796447753906,=,=
-9.526845932006836,-44.190887451171875,identifier,actionRequest
65.07350158691406,133.620849609375,.,.
21.26141357421875,-20.750450134277344,identifier,getHttpServletRequest
-94.84323120117188,149.5933074951172,(,(
-168.1011505126953,-20.398210525512695,),)
-93.06352996826172,-131.71141052246094,;,;
15.460369110107422,-47.23173522949219,identifier,HttpServletResponse
-32.69594192504883,-66.8865737915039,identifier,response
142.79861450195312,86.23700714111328,=,=
-9.580635070800781,-44.236366271972656,identifier,actionRequest
64.1935043334961,134.0818634033203,.,.
21.252893447875977,-20.79625129699707,identifier,getHttpServletResponse
-92.97764587402344,151.3187255859375,(,(
-168.0772705078125,-23.506467819213867,),)
-88.44319152832031,-135.5026092529297,;,;
15.18051528930664,-39.88286590576172,identifier,RequestDispatcher
4.390258312225342,-39.63754653930664,identifier,dispatcher
138.61444091796875,86.4737548828125,=,=
-25.714309692382812,-63.939300537109375,identifier,request
62.2471809387207,136.00401306152344,.,.
14.248434066772461,-39.90818405151367,identifier,getRequestDispatcher
-60.759193420410156,134.85104370117188,(,(
-43.45787811279297,-51.162269592285156,identifier,target
-162.60623168945312,-28.764999389648438,),)
-81.85444641113281,-134.41751098632812,;,;
151.970703125,24.007583618164062,if,if
-60.718910217285156,101.55613708496094,(,(
4.29792594909668,-39.91790008544922,identifier,dispatcher
75.45339965820312,51.920230865478516,==,==
-134.33087158203125,17.203798294067383,),)
124.58645629882812,-85.831298828125,{,{
-31.09906578063965,-68.33274841308594,identifier,response
56.16937255859375,130.69435119628906,.,.
44.52035140991211,3.940922498703003,identifier,sendError
-58.36609649658203,124.07469177246094,(,(
9.419648170471191,-3.642059803009033,identifier,SC_NOT_FOUND
2.0795223712921143,210.04344177246094,",",","
17.732051849365234,-3.7119672298431396,"""","""Result not found: """
-13.986303329467773,55.63405227661133,+,+
-43.688114166259766,-51.35568618774414,identifier,target
-160.67323303222656,-39.90620803833008,),)
-72.55293273925781,-144.1087188720703,;,;
223.7520294189453,-0.35829195380210876,return,return
-60.173072814941406,-139.7171173095703,;,;
24.84369659423828,-163.29373168945312,},}
157.55169677734375,19.971460342407227,if,if
-51.868221282958984,104.75311279296875,(,(
33.4586181640625,-7.987353801727295,identifier,DispatcherUtil
45.24290466308594,124.41036987304688,.,.
23.36534309387207,-2.4250504970550537,identifier,isPageIncluded
-46.558692932128906,134.08963012695312,(,(
-25.812204360961914,-65.55357360839844,identifier,request
-8.911348342895508,213.29110717773438,",",","
-30.66378402709961,-66.40576171875,identifier,response
-185.89503479003906,-35.68640899658203,),)
-130.480712890625,8.99771785736084,),)
119.03134155273438,-91.75305938720703,{,{
4.058783531188965,-41.01079177856445,identifier,dispatcher
43.406288146972656,132.02731323242188,.,.
23.521282196044922,-2.271794080734253,identifier,include
-43.91444396972656,133.89218139648438,(,(
-25.89151954650879,-65.65931701660156,identifier,request
-9.500540733337402,213.0972442626953,",",","
-30.58432388305664,-66.35089874267578,identifier,response
-164.28826904296875,-48.75679397583008,),)
-59.47706604003906,-148.01531982421875,;,;
31.611392974853516,-157.4412841796875,},}
14.4072847366333,-104.95100402832031,else,else
123.34056854248047,-96.8394775390625,{,{
4.057636260986328,-41.01731872558594,identifier,dispatcher
42.296112060546875,132.5275115966797,.,.
31.633859634399414,4.1942925453186035,identifier,forward
-43.432064056396484,134.36167907714844,(,(
-25.857778549194336,-65.64498901367188,identifier,request
-9.93278694152832,212.9287872314453,",",","
-30.720748901367188,-66.35964965820312,identifier,response
-161.52413940429688,-53.31056213378906,),)
-55.675655364990234,-151.62269592285156,;,;
30.29981803894043,-180.6510772705078,},}
44.21843338012695,-159.61721801757812,},}
44.814666748046875,-33.520938873291016,identifier,delete
-119.16724395751953,89.74800109863281,(,(
-157.09786987304688,47.07373809814453,),)
55.96379852294922,-15.185123443603516,identifier,IOException
146.82766723632812,-72.07686614990234,{,{
-15.263896942138672,28.764081954956055,identifier,attempts
137.8436737060547,78.45623016357422,=,=
-89.17996978759766,-123.9376449584961,;,;
127.55687713623047,21.48757553100586,while,while
-71.94115447998047,96.09197235107422,(,(
-142.2548065185547,23.039804458618164,),)
134.41184997558594,-82.91320037841797,{,{
135.4691925048828,-83.97220611572266,{,{
32.520591735839844,-17.34610366821289,identifier,acquireWriteLock
-95.37281036376953,147.4189910888672,(,(
-166.24774169921875,-18.824098587036133,),)
-89.93400573730469,-126.96760559082031,;,;
135.64016723632812,-85.27885437011719,{,{
38.04178237915039,7.293636322021484,identifier,close
-93.83524322509766,148.00234985351562,(,(
-169.08059692382812,-19.83011817932129,),)
-89.22256469726562,-127.96902465820312,;,;
151.4879608154297,29.52043914794922,if,if
-67.77623748779297,101.01395416259766,(,(
-20.758525848388672,-32.04692840576172,identifier,osFile
86.06170654296875,42.05460739135742,!=,!=
-139.59007263183594,20.455045700073242,),)
126.74449920654297,-81.75835418701172,{,{
15.309050559997559,-20.353931427001953,identifier,Files
62.56726837158203,123.23753356933594,.,.
21.42778968811035,-11.207735061645508,identifier,deleteIfExists
-62.50706100463867,135.25222778320312,(,(
-20.771345138549805,-32.063907623291016,identifier,osFile
-162.0352325439453,-26.829710006713867,),)
-69.11454772949219,-132.9648895263672,;,;
22.360645294189453,-179.40284729003906,},}
30.85936737060547,-152.1219940185547,},}
128.8662567138672,-80.80470275878906,{,{
32.51548767089844,-17.266098022460938,identifier,releaseWriteLock
-88.15186309814453,153.04273986816406,(,(
-167.6490478515625,-27.618391036987305,),)
-73.12007141113281,-134.09231567382812,;,;
-15.258325576782227,28.688249588012695,identifier,attempts
-65.9561767578125,-132.42532348632812,;,;
20.240175247192383,-162.70681762695312,},}
-63.22258758544922,-132.2452850341797,;,;
31.813892364501953,-153.32992553710938,},}
-51.002967834472656,92.68167877197266,(,(
56.04965591430664,-14.490097999572754,identifier,IOException
39.68821716308594,42.48246383666992,identifier,ioe
-127.81553649902344,19.739276885986328,),)
121.40575408935547,-87.78366088867188,{,{
31.865694046020508,-9.666921615600586,identifier,OLogManager
49.60280990600586,119.1874771118164,.,.
36.92374038696289,-2.146277666091919,identifier,instance
-97.31623077392578,164.87677001953125,(,(
-194.69631958007812,-15.267913818359375,),)
50.92201232910156,121.93814849853516,.,.
50.05946731567383,5.602113246917725,identifier,error
-53.462501525878906,123.47654724121094,(,(
2.5949361324310303,210.43301391601562,",",","
19.104509353637695,-3.721332550048828,"""","""Error during deletion of file '"""
-14.065298080444336,57.36128616333008,+,+
8.032074928283691,15.192307472229004,identifier,getName
-90.27513885498047,164.97621154785156,(,(
-191.42669677734375,-25.390567779541016,),)
-11.109580039978027,51.76647186279297,+,+
17.36338996887207,-2.3085098266601562,"""","""' """
-13.607292175292969,56.89560317993164,+,+
-14.982866287231445,27.77783966064453,identifier,attempts
-10.991120338439941,51.29990768432617,+,+
18.447940826416016,-2.218547821044922,"""","""-th attempt"""
-10.72981071472168,204.45875549316406,",",","
39.32548522949219,42.679603576660156,identifier,ioe
-161.33670043945312,-47.31132507324219,),)
-73.82450866699219,-152.60780334472656,;,;
25.324525833129883,-1.5334970951080322,identifier,reopenFile
-42.766597747802734,135.9844970703125,(,(
-14.998395919799805,27.816564559936523,identifier,attempts
-10.345315933227539,211.5955352783203,",",","
39.246864318847656,42.71930694580078,identifier,ioe
-161.46737670898438,-51.28448486328125,),)
-56.64771270751953,-149.39468383789062,;,;
28.821264266967773,-180.15835571289062,},}
31.457651138305664,-176.03550720214844,},}
44.101383209228516,-161.44151306152344,},}
59.64430618286133,-50.91286087036133,identifier,List
97.68318176269531,2.361762285232544,<,<
33.6068229675293,-39.83766555786133,identifier,Task
105.51342010498047,-26.328733444213867,>,>
39.802547454833984,-26.782527923583984,identifier,executeTask
-112.44244384765625,84.58035278320312,(,(
47.628379821777344,-83.90241241455078,identifier,String
-11.301274299621582,-50.76721954345703,identifier,taskId
-9.935389518737793,237.04920959472656,",",","
47.7865104675293,-85.73950958251953,identifier,String
-0.8799106478691101,-47.949668884277344,identifier,operator
-7.749475002288818,234.9980926513672,",",","
54.480655670166016,-54.96621322631836,identifier,Map
98.24674987792969,5.552123069763184,<,<
49.73672103881836,-91.5051498413086,identifier,String
4.501379489898682,232.76205444335938,",",","
42.472530364990234,-63.70588684082031,identifier,Object
104.61251068115234,-22.489986419677734,>,>
0.6664445996284485,-68.0443115234375,identifier,args
-146.95733642578125,40.62282943725586,),)
145.10557556152344,-79.7112808227539,{,{
19.92908477783203,-41.888694763183594,identifier,Execution
-33.979740142822266,-55.68321990966797,identifier,execution
144.3828887939453,83.31218719482422,=,=
39.53446578979492,-19.184865951538086,identifier,execute
-66.11763763427734,137.4567108154297,(,(
-11.302860260009766,-50.77691650390625,identifier,taskId
-6.342175483703613,219.40826416015625,",",","
-0.8692795634269714,-47.949283599853516,identifier,operator
-6.1728291511535645,219.3448028564453,",",","
0.7579208016395569,-67.99605560302734,identifier,args
-161.21177673339844,-22.593767166137695,),)
-88.51057434082031,-131.15518188476562,;,;
152.64620971679688,28.760662078857422,if,if
-67.11060333251953,100.05986785888672,(,(
-34.11280822753906,-55.87651062011719,identifier,execution
75.9451904296875,50.159202575683594,==,==
-144.2867431640625,14.2071533203125,),)
219.68658447265625,0.3651060163974762,return,return
45.11432647705078,10.776969909667969,identifier,Collections
54.1363525390625,112.79659271240234,.,.
44.02918243408203,10.380146980285645,identifier,emptyList
-89.95563507080078,150.93893432617188,(,(
-169.2899169921875,-24.138065338134766,),)
-88.68441772460938,-137.21783447265625,;,;
18.175745010375977,-37.19424057006836,identifier,ProcessModel
-29.970043182373047,-10.677384376525879,identifier,model
138.77203369140625,87.13799285888672,=,=
-34.478702545166016,-56.457611083984375,identifier,execution
60.943965911865234,139.0908203125,.,.
11.164557456970215,-18.04930305480957,identifier,getProcess
-97.07691955566406,159.00003051757812,(,(
-192.01577758789062,-15.916186332702637,),)
61.852664947509766,144.98976135253906,.,.
10.212691307067871,-17.213857650756836,identifier,getModel
-90.52698516845703,155.04000854492188,(,(
-169.7347412109375,-28.345067977905273,),)
-80.95875549316406,-135.16685485839844,;,;
152.2763671875,22.75861167907715,if,if
-59.58167266845703,102.16017150878906,(,(
-29.889402389526367,-10.361364364624023,identifier,model
86.91366577148438,40.97308349609375,!=,!=
-133.3657684326172,16.86843490600586,),)
126.74089050292969,-88.6790771484375,{,{
18.271345138549805,-37.208839416503906,identifier,NodeModel
-28.688709259033203,-10.894309043884277,identifier,nodeModel
135.60147094726562,91.41400909423828,=,=
-29.63217544555664,-10.340824127197266,identifier,model
54.98320007324219,136.159912109375,.,.
10.81478214263916,-18.5551700592041,identifier,getNode
-49.999603271484375,128.67898559570312,(,(
-34.63920211791992,-56.7598876953125,identifier,execution
53.84867477416992,141.49497985839844,.,.
8.888702392578125,11.937704086303711,identifier,getTask
-95.04402160644531,164.24224853515625,(,(
-193.93006896972656,-17.009504318237305,),)
54.51966094970703,146.1630401611328,.,.
8.929966926574707,12.110396385192871,identifier,getTaskName
-90.66655731201172,163.49073791503906,(,(
-189.30519104003906,-27.22561264038086,),)
-157.73077392578125,-41.63078308105469,),)
-75.79936981201172,-148.0686798095703,;,;
-28.78229331970215,-10.729954719543457,identifier,nodeModel
45.49933624267578,133.8863525390625,.,.
39.532470703125,-19.164508819580078,identifier,execute
-44.62131881713867,134.6522674560547,(,(
-34.67844009399414,-56.89917755126953,identifier,execution
-163.9011993408203,-46.05919647216797,),)
-59.680938720703125,-144.5265350341797,;,;
27.81368064880371,-168.04412841796875,},}
219.64981079101562,8.002970695495605,return,return
-34.7125358581543,-56.86540985107422,identifier,execution
49.5794792175293,142.71156311035156,.,.
29.88676643371582,1.6020629405975342,identifier,getTasks
-84.56980895996094,165.49713134765625,(,(
-174.11817932128906,-43.564300537109375,),)
-50.4559440612793,-148.5522918701172,;,;
45.232845306396484,-149.61016845703125,},}
27.91083526611328,-38.54295349121094,identifier,IURLProtocolHandler
40.889625549316406,-28.396442413330078,identifier,mapIO
-111.94705963134766,84.91240692138672,(,(
48.84373092651367,-84.10041809082031,identifier,String
-25.047473907470703,-46.59395217895508,identifier,url
-7.482759475708008,237.2987823486328,",",","
26.859731674194336,-39.132389068603516,identifier,IURLProtocolHandler
-6.867898464202881,-47.17605209350586,identifier,handler
-6.491511821746826,234.27108764648438,",",","
-7.702423095703125,-32.157161712646484,identifier,unmapUrlOnOpen
-145.76434326171875,41.93865203857422,),)
146.66317749023438,-81.51260375976562,{,{
147.6252899169922,-82.61865234375,{,{
153.92808532714844,30.86213493347168,if,if
-69.13788604736328,99.58263397216797,(,(
-25.879304885864258,-45.33588409423828,identifier,url
77.27460479736328,49.95927429199219,==,==
-25.916040420532227,-45.32848358154297,identifier,url
70.41888427734375,136.93154907226562,.,.
8.969100952148438,41.036685943603516,identifier,length
-98.0456771850586,153.12754821777344,(,(
-187.11813354492188,-17.713590621948242,),)
-144.0846710205078,14.362069129943848,),)
150.63107299804688,-22.540090560913086,new,new
45.763267517089844,-8.890562057495117,identifier,IllegalArgumentException
-57.97262954711914,119.46101379394531,(,(
15.975078582763672,-11.136025428771973,"""","""must pass in non-zero url"""
-155.5263671875,-29.603378295898438,),)
-84.15731811523438,-136.05116271972656,;,;
154.1802215576172,25.187185287475586,if,if
-61.389862060546875,101.30650329589844,(,(
-6.841556549072266,-47.17321014404297,identifier,handler
76.158203125,51.7536735534668,==,==
-134.9628143310547,17.494909286499023,),)
122.90323638916016,-84.67720794677734,{,{
151.378173828125,-22.57771110534668,new,new
45.4627685546875,-8.37248706817627,identifier,IllegalArgumentException
-56.979122161865234,121.2135238647461,(,(
16.91763687133789,-7.276360511779785,"""","""must pass in a non null handler"""
-160.6728515625,-37.41032409667969,),)
-63.26080322265625,-137.93759155273438,;,;
23.41501235961914,-162.6821746826172,},}
56.93022537231445,-85.0285873413086,identifier,String
-25.06576919555664,0.8599135279655457,identifier,streamName
135.2015838623047,93.36431121826172,=,=
30.080448150634766,-9.133929252624512,identifier,URLProtocolManager
45.302608489990234,124.88389587402344,.,.
23.294113159179688,-4.666204452514648,identifier,getResourceFromURL
-50.406639099121094,131.01678466796875,(,(
-26.276079177856445,-46.99433898925781,identifier,url
-165.38247680664062,-42.95045852661133,),)
-72.94458770751953,-150.02566528320312,;,;
28.217668533325195,-31.03468894958496,identifier,RegistrationInformation
-25.542692184448242,-5.804410934448242,identifier,tuple
132.87786865234375,94.5932388305664,=,=
154.2765655517578,-27.73966407775879,new,new
28.25126838684082,-30.973682403564453,identifier,RegistrationInformation
-44.467857360839844,139.42063903808594,(,(
-24.370344161987305,2.4057977199554443,identifier,streamName
-11.719951629638672,213.7068634033203,",",","
-6.849825382232666,-47.18299102783203,identifier,handler
-11.212401390075684,213.8426055908203,",",","
-12.554854393005371,-10.450329780578613,identifier,unmapUrlOnOpen
-163.11727905273438,-50.11963653564453,),)
-70.07716369628906,-154.69479370117188,;,;
28.203208923339844,-31.071197509765625,identifier,RegistrationInformation
-24.84050941467285,-5.760772228240967,identifier,oldTuple
131.84657287597656,95.3526840209961,=,=
1.2829793691635132,-16.224239349365234,identifier,mURLs
47.402740478515625,128.30186462402344,.,.
36.71274185180664,19.56954002380371,identifier,putIfAbsent
-42.35499572753906,132.99488830566406,(,(
-24.375349044799805,2.6143949031829834,identifier,streamName
-12.546566009521484,208.51318359375,",",","
-25.778892517089844,-5.864879131317139,identifier,tuple
-159.8572235107422,-55.21835708618164,),)
-66.08282470703125,-158.3485565185547,;,;
216.06785583496094,9.136528015136719,return,return
-24.24410057067871,-5.744969844818115,identifier,oldTuple
78.60832977294922,50.33704376220703,==,==
-24.17612075805664,-5.7491044998168945,identifier,oldTuple
46.91340637207031,145.61993408203125,.,.
31.707828521728516,-0.6437295079231262,identifier,getHandler
-84.00493621826172,168.3873291015625,(,(
-177.16598510742188,-45.764122009277344,),)
-53.2545166015625,-155.07460021972656,;,;
33.084129333496094,-181.12396240234375,},}
46.45118713378906,-159.04527282714844,},}
24.56837272644043,-57.74605178833008,identifier,URL
39.50376892089844,-30.276594161987305,identifier,fixPureQueryTargets
-112.32830810546875,86.95816802978516,(,(
23.72513771057129,-57.139957427978516,identifier,URL
-30.20992088317871,-42.485557556152344,identifier,base
-6.791283130645752,238.1688995361328,",",","
50.23986053466797,-85.05213928222656,identifier,String
-42.65950012207031,-49.304325103759766,identifier,target
-150.75955200195312,43.16361999511719,),)
50.31305694580078,-15.688108444213867,identifier,MalformedURLException
148.32296752929688,-78.74657440185547,{,{
154.34791564941406,32.91115188598633,if,if
-72.28081512451172,99.85513305664062,(,(
-44.19635772705078,-48.93708801269531,identifier,target
72.57097625732422,134.95150756835938,.,.
20.136138916015625,35.58920669555664,identifier,startsWith
-67.72119903564453,120.57891845703125,(,(
19.134164810180664,-11.535612106323242,"""","""?"""
-175.24526977539062,-18.702964782714844,),)
-143.80638122558594,15.835891723632812,),)
219.00291442871094,0.23795554041862488,return,return
154.71932983398438,-24.130285263061523,new,new
23.844846725463867,-59.03841781616211,identifier,URL
-68.0523681640625,136.2128448486328,(,(
-29.917390823364258,-42.042118072509766,identifier,base
-6.355384826660156,217.61761474609375,",",","
-43.28661346435547,-48.56465530395508,identifier,target
-159.99351501464844,-22.930391311645508,),)
-91.8355484008789,-133.69488525390625,;,;
54.431175231933594,-85.1662368774414,identifier,String
-28.996829986572266,-26.86719512939453,identifier,basePath
142.36720275878906,87.40406799316406,=,=
-29.812118530273438,-41.86680221557617,identifier,base
63.664161682128906,136.36167907714844,.,.
24.536476135253906,-16.043107986450195,identifier,getPath
-93.25328826904297,152.41201782226562,(,(
-167.66519165039062,-24.238893508911133,),)
-88.71273040771484,-135.3707733154297,;,;
54.872589111328125,-85.08248901367188,identifier,String
-18.27648162841797,-7.0828094482421875,identifier,baseRightMost
137.56019592285156,83.4553451538086,=,=
14.047884941101074,5.915168285369873,"""",""""""
-83.04084014892578,-132.88430786132812,;,;
-18.47972869873047,-7.282527923583984,identifier,baseRightMostIdx
138.38922119140625,89.79821014404297,=,=
-28.851486206054688,-27.071256637573242,identifier,basePath
66.19332885742188,140.47996520996094,.,.
16.60260772705078,32.807464599609375,identifier,lastIndexOf
-65.88587188720703,119.68547058105469,(,(
13.175092697143555,5.791224956512451,"""","""/"""
-152.49513244628906,-34.634368896484375,),)
-80.44903564453125,-136.80734252929688,;,;
153.21629333496094,21.944644927978516,if,if
-57.74534225463867,102.13250732421875,(,(
-18.726295471191406,-7.883979797363281,identifier,baseRightMostIdx
84.6721420288086,40.023258209228516,!=,!=
-131.5194854736328,15.018619537353516,),)
123.79864501953125,-89.51628112792969,{,{
-18.872644424438477,-8.336149215698242,identifier,baseRightMost
139.2585906982422,96.13961791992188,=,=
-28.843631744384766,-27.084209442138672,identifier,basePath
51.36568069458008,137.41845703125,.,.
20.803756713867188,30.77431869506836,identifier,substring
-48.140377044677734,128.2315673828125,(,(
-18.91069221496582,-8.02147388458252,identifier,baseRightMostIdx
-14.624008178710938,48.99989318847656,+,+
-167.08102416992188,-41.411983489990234,),)
-60.808719635009766,-142.6250762939453,;,;
26.163869857788086,-164.8515167236328,},}
158.44419860839844,18.966184616088867,if,if
-50.063232421875,101.48516082763672,(,(
-44.4394645690918,-48.7315559387207,identifier,target
74.7779769897461,137.4545135498047,.,.
20.26158905029297,35.60977554321289,identifier,startsWith
-46.75455856323242,117.79405975341797,(,(
16.44980812072754,-2.8191280364990234,"""","""?"""
-188.94142150878906,-37.93715286254883,),)
-133.37948608398438,5.511331558227539,),)
-44.76797103881836,-48.25127029418945,identifier,target
137.22149658203125,98.15975952148438,=,=
-19.351829528808594,-8.373160362243652,identifier,baseRightMost
-14.25594711303711,51.28535461425781,+,+
-43.82980728149414,-48.04536819458008,identifier,target
-68.0150375366211,-154.16717529296875,;,;
217.91317749023438,8.559211730957031,return,return
152.23326110839844,-27.43988609313965,new,new
23.977401733398438,-59.160865783691406,identifier,URL
-43.3876838684082,138.3619842529297,(,(
-29.92522621154785,-42.059043884277344,identifier,base
-12.6510009765625,211.13668823242188,",",","
-43.580421447753906,-48.1284065246582,identifier,target
-161.95680236816406,-53.87771987915039,),)
-52.024986267089844,-151.40933227539062,;,;
46.22758102416992,-153.27015686035156,},}
39.74846649169922,-31.01967430114746,identifier,postMultiplyDiagonal
-112.9138412475586,88.464599609375,(,(
28.268503189086914,-35.138545989990234,identifier,MAVector
-21.704984664916992,-42.80455017089844,identifier,diag
-153.50491333007812,42.14360809326172,),)
148.76678466796875,-76.39805603027344,{,{
154.8743438720703,34.41995620727539,if,if
-73.72109985351562,99.28784942626953,(,(
-2.4141995906829834,12.69058609008789,identifier,ncols
83.34458923339844,37.90760803222656,!=,!=
-22.06484603881836,-43.06843948364258,identifier,diag
66.82249450683594,133.44383239746094,.,.
8.53083324432373,-16.5424861907959,identifier,getNelems
-99.03946685791016,151.45411682128906,(,(
-180.2458953857422,-19.7761173248291,),)
-144.61306762695312,16.012454986572266,),)
150.2508544921875,-23.269845962524414,new,new
46.006072998046875,-9.221354484558105,identifier,IllegalArgumentException
-57.47067642211914,118.31159973144531,(,(
18.305295944213867,-15.019511222839355,"""","""MAMatrix.postMultiplyDiagonal """
-15.108454704284668,56.549827575683594,+,+
-2.398594856262207,12.67238998413086,identifier,ncols
-9.73736572265625,51.84606170654297,+,+
17.450807571411133,-10.648171424865723,"""",""" != """
-15.313244819641113,55.80022430419922,+,+
-22.167327880859375,-43.134521484375,identifier,diag
63.732059478759766,139.3258514404297,.,.
8.533888816833496,-16.52265167236328,identifier,getNelems
-93.98653411865234,155.06948852539062,(,(
-183.41734313964844,-22.87552833557129,),)
-155.93014526367188,-27.678815841674805,),)
-84.75660705566406,-135.5436248779297,;,;
131.85569763183594,18.76151466369629,for,for
-59.38728713989258,93.857421875,(,(
-54.4162483215332,32.108375549316406,identifier,i
134.77029418945312,79.89201354980469,=,=
-80.25858306884766,-120.5202865600586,;,;
-56.525211334228516,29.698575973510742,identifier,i
71.80223083496094,27.089000701904297,<,<
-1.9026225805282593,12.246517181396484,identifier,nrows
-79.20166778564453,-122.74861145019531,;,;
-56.60643005371094,29.34096336364746,identifier,i
-132.21600341796875,20.0356502532959,),)
129.4235076904297,-89.48623657226562,{,{
131.5664825439453,17.647676467895508,for,for
-58.14287567138672,94.63711547851562,(,(
-47.70444107055664,29.287572860717773,identifier,j
133.85923767089844,79.36829376220703,=,=
-79.21412658691406,-120.84671020507812,;,;
-48.09627151489258,28.556583404541016,identifier,j
71.4111099243164,27.885406494140625,<,<
-2.2635114192962646,12.55584716796875,identifier,ncols
-78.43375396728516,-122.2843246459961,;,;
-48.1728515625,28.36440086364746,identifier,j
-129.86085510253906,17.102895736694336,),)
125.76339721679688,-91.76206970214844,{,{
-23.227785110473633,12.221298217773438,identifier,val
134.9803466796875,94.67404174804688,=,=
-48.67670822143555,-10.456528663635254,identifier,a
49.62990951538086,136.83529663085938,.,.
24.384265899658203,11.305107116699219,identifier,getDouble
-48.81111145019531,129.2686767578125,(,(
-46.092227935791016,-10.045007705688477,identifier,ima
48.419639587402344,136.32257080078125,.,.
22.51430320739746,9.006635665893555,identifier,set
-46.869075775146484,131.6840362548828,(,(
-53.68421173095703,27.037879943847656,identifier,i
-2.3649251461029053,208.0035858154297,",",","
-48.404300689697266,26.912261962890625,identifier,j
-186.14907836914062,-35.25117111206055,),)
-153.55044555664062,-43.921852111816406,),)
-22.35997200012207,-43.29306411743164,identifier,diag
48.10898208618164,139.999755859375,.,.
24.37952423095703,11.304391860961914,identifier,getDouble
-47.30636215209961,130.4080047607422,(,(
-48.37886047363281,26.81256103515625,identifier,j
-170.7607879638672,-45.634098052978516,),)
-73.5250473022461,-153.8043670654297,;,;
-48.5213623046875,-10.542200088500977,identifier,a
42.76906967163086,131.3518524169922,.,.
21.984031677246094,7.3513569831848145,identifier,setDouble
-40.768184661865234,132.62460327148438,(,(
-46.07107162475586,-10.064128875732422,identifier,ima
-12.037589073181152,210.0560760498047,",",","
-23.172887802124023,12.301687240600586,identifier,val
-162.20440673828125,-51.87409973144531,),)
-56.462890625,-150.1591339111328,;,;
28.772798538208008,-178.87518310546875,},}
30.746562957763672,-175.80712890625,},}
43.14577865600586,-160.80154418945312,},}
58.036407470703125,-35.42324447631836,identifier,Nullable
36.00132369995117,-30.12187385559082,identifier,getBitmap
-111.97173309326172,90.30828094482422,(,(
18.611164093017578,-53.610076904296875,identifier,RandomAccessFile
-7.366530418395996,-68.06390380859375,identifier,raf
-153.13430786132812,41.50747299194336,),)
55.95858383178711,-15.99091911315918,identifier,IOException
149.1482696533203,-78.05470275878906,{,{
154.38088989257812,33.61518859863281,if,if
-72.74238586425781,99.11227416992188,(,(
-16.444143295288086,-22.272600173950195,identifier,bitMapIndicator
74.62240600585938,48.052001953125,==,==
-145.1314239501953,16.702470779418945,),)
219.90647888183594,-0.7066916227340698,return,return
-68.24955749511719,-125.43810272216797,;,;
154.2911834716797,29.8539981842041,if,if
-69.28284454345703,98.9544906616211,(,(
-16.492565155029297,-22.23854637145996,identifier,bitMapIndicator
74.52835845947266,48.25251007080078,==,==
-145.08518981933594,14.907439231872559,),)
61.971160888671875,-2.601591110229492,identifier,logger
57.553077697753906,121.03697967529297,.,.
57.625144958496094,3.376746654510498,identifier,debug
-59.25392532348633,118.73809814453125,(,(
16.14590072631836,-13.805022239685059,"""","""HEY bitMapIndicator=254 previously defined bitmap"""
-155.60794067382812,-29.23875617980957,),)
-84.33705139160156,-135.81527709960938,;,;
153.25387573242188,24.99312400817871,if,if
-61.87404251098633,101.09452819824219,(,(
-16.721044540405273,-22.02349281311035,identifier,bitMapIndicator
84.10032653808594,40.0687370300293,!=,!=
-135.22732543945312,17.05797576904297,),)
122.70067596435547,-84.8824691772461,{,{
151.5111846923828,-23.190217971801758,new,new
45.0240478515625,-7.8791069984436035,identifier,UnsupportedOperationException
-56.809974670410156,121.28795623779297,(,(
18.7820987701416,-6.517400741577148,"""","""Grib2 Bit map section pre-defined (provided by center) = """
-13.849536895751953,55.48163986206055,+,+
-17.13092613220215,-21.63650894165039,identifier,bitMapIndicator
-160.506591796875,-40.45469284057617,),)
-62.021453857421875,-140.16700744628906,;,;
24.11733055114746,-164.72537231445312,},}
-7.0267863273620605,-68.76727294921875,identifier,raf
43.953147888183594,133.5988311767578,.,.
22.13577651977539,3.095445156097412,identifier,seek
-45.105247497558594,129.6210174560547,(,(
20.339006423950195,-3.3429086208343506,identifier,startingPosition
-164.46270751953125,-44.56658935546875,),)
-71.75860595703125,-150.68798828125,;,;
4.464269638061523,42.775577545166016,identifier,length
132.8135223388672,96.2616195678711,=,=
23.139184951782227,-6.646512031555176,identifier,GribNumbers
43.23748016357422,123.13900756835938,.,.
15.300210952758789,2.8319790363311768,identifier,int4
-45.56720733642578,136.50057983398438,(,(
-7.2623066902160645,-68.35538482666016,identifier,raf
-166.34837341308594,-50.83468246459961,),)
-72.52314758300781,-155.3850860595703,;,;
-7.0036396980285645,-68.82585144042969,identifier,raf
42.669517517089844,133.096435546875,.,.
21.983915328979492,3.065063238143921,identifier,skipBytes
-37.053714752197266,128.56399536132812,(,(
-166.23484802246094,-53.3839225769043,),)
-69.46798706054688,-156.74078369140625,;,;
-37.683650970458984,-28.58534049987793,identifier,data
130.19346618652344,95.32707977294922,=,=
159.61257934570312,-27.575780868530273,new,new
4.584161281585693,42.73036575317383,identifier,length
-67.69027709960938,-159.69337463378906,;,;
-6.969836711883545,-68.87995147705078,identifier,raf
42.6058349609375,133.70782470703125,.,.
29.732240676879883,9.325403213500977,identifier,readFully
-38.726619720458984,134.93258666992188,(,(
-36.92600631713867,-27.567974090576172,identifier,data
-158.70407104492188,-55.83612823486328,),)
-64.39013671875,-158.5554962158203,;,;
218.4947967529297,11.574091911315918,return,return
-37.15916061401367,-26.89362335205078,identifier,data
-46.11520767211914,-151.18922424316406,;,;
48.8677978515625,-152.2430877685547,},}
46.18159866333008,-24.285789489746094,identifier,setProperty
-117.21011352539062,84.51036834716797,(,(
48.21123504638672,-83.23036193847656,identifier,String
-29.397294998168945,7.929199695587158,identifier,name
-5.589687824249268,239.678466796875,",",","
49.92701721191406,-85.40079498291016,identifier,String
-22.87164306640625,16.640371322631836,identifier,value
-152.91981506347656,44.26480484008789,),)
149.7291717529297,-75.57523345947266,{,{
153.712158203125,34.57856369018555,if,if
-73.84908294677734,98.2680435180664,(,(
-22.108259201049805,16.523839950561523,identifier,value
76.46619415283203,48.71831512451172,==,==
-143.19358825683594,21.782791137695312,),)
122.20101165771484,-78.32118225097656,{,{
221.92306518554688,-1.1233636140823364,return,return
-66.64029693603516,-126.37113189697266,;,;
18.85984992980957,-156.81466674804688,},}
-29.25568199157715,8.47923469543457,identifier,name
147.0480194091797,85.68123626708984,=,=
16.958810806274414,-23.56982421875,identifier,Introspector
64.63665008544922,123.89969635009766,.,.
19.158832550048828,-17.091989517211914,identifier,decapitalize
-65.74490356445312,135.2067413330078,(,(
-28.595298767089844,8.238409996032715,identifier,name
-162.05807495117188,-21.855764389038086,),)
-92.42188262939453,-132.02403259277344,;,;
19.595508575439453,-39.92599868774414,identifier,PropertyDescriptor
-32.79384994506836,-10.23488712310791,identifier,prop
142.3284454345703,85.50495910644531,=,=
23.459148406982422,-19.841270446777344,identifier,getPropertyDescriptor
-64.92782592773438,136.61122131347656,(,(
-28.43758201599121,7.952085018157959,identifier,name
-162.3218994140625,-24.270891189575195,),)
-86.54683685302734,-132.14019775390625,;,;
152.0376434326172,26.51545524597168,if,if
-64.69417572021484,100.58684539794922,(,(
-32.73760223388672,-10.103405952453613,identifier,prop
75.54557037353516,51.31684494018555,==,==
-137.02151489257812,18.58252716064453,),)
125.7950210571289,-84.0821304321289,{,{
51.540672302246094,-0.26205897331237793,identifier,addWarn
-58.47138977050781,119.94554138183594,(,(
16.243803024291992,-10.115055084228516,"""","""No such property ["""
-14.650690078735352,57.84539794921875,+,+
-27.2200870513916,7.3300886154174805,identifier,name
-10.336713790893555,52.14942932128906,+,+
16.430622100830078,-8.72037124633789,"""","""] in """
-15.361405372619629,57.35103225708008,+,+
12.457218170166016,-15.388747215270996,identifier,objClass
59.626670837402344,143.16653442382812,.,.
7.022014617919922,15.31502914428711,identifier,getName
-92.21321868896484,160.43756103515625,(,(
-188.84393310546875,-23.389684677124023,),)
-11.331990242004395,52.35143280029297,+,+
13.607613563537598,5.223637580871582,"""","""."""
-152.2767791748047,-36.24615478515625,),)
-61.94868850708008,-137.65350341796875,;,;
29.572673797607422,-157.55593872070312,},}
13.427507400512695,-104.5362319946289,else,else
125.57315063476562,-95.38214874267578,{,{
127.5035171508789,-95.09420776367188,{,{
46.23651885986328,-24.175251007080078,identifier,setProperty
-53.10578155517578,131.0398712158203,(,(
-32.67844772338867,-9.946986198425293,identifier,prop
-6.7179155349731445,212.15077209472656,",",","
-27.828449249267578,7.0089430809021,identifier,name
-7.5947418212890625,211.10748291015625,",",","
-21.47626495361328,15.494959831237793,identifier,value
-163.671875,-41.61370086669922,),)
-63.12153625488281,-142.2954559326172,;,;
31.24397850036621,-155.7385711669922,},}
-50.17630386352539,95.20204162597656,(,(
40.67174530029297,-11.662064552307129,identifier,PropertySetterException
43.35189437866211,44.02676010131836,identifier,ex
-125.53706359863281,18.477954864501953,),)
119.81120300292969,-95.96768188476562,{,{
51.53866195678711,-0.25370877981185913,identifier,addWarn
-53.76683807373047,119.46662902832031,(,(
19.06074333190918,-1.2124749422073364,"""","""Failed to set property ["""
-13.786168098449707,58.074951171875,+,+
-27.021278381347656,7.057455062866211,identifier,name
-10.53217601776123,50.89498519897461,+,+
17.323646545410156,-0.12607595324516296,"""","""] to value \"""""
-12.346080780029297,56.7543830871582,+,+
-21.031261444091797,15.727191925048828,identifier,value
-10.359003067016602,50.36528396606445,+,+
16.72307586669922,0.6354150176048279,"""","""\"". """
-10.995156288146973,204.39244079589844,",",","
41.530765533447266,43.86782455444336,identifier,ex
-159.329345703125,-50.953025817871094,),)
-56.992347717285156,-152.94302368164062,;,;
28.9632625579834,-181.5127716064453,},}
32.00731658935547,-175.82846069335938,},}
44.78567886352539,-160.93580627441406,},}
59.63766860961914,-50.89441680908203,identifier,List
97.33909606933594,2.614337921142578,<,<
29.70203971862793,-44.846900939941406,identifier,Field
104.9401626586914,-26.155622482299805,>,>
35.989952087402344,-25.455970764160156,identifier,getFormFields
-111.59046936035156,84.31830596923828,(,(
24.2731990814209,-45.06047439575195,identifier,Form
-11.698460578918457,-35.990970611572266,identifier,formToGetFieldsForParam
-6.580078125,235.1705322265625,",",","
-8.50516128540039,-32.50989532470703,identifier,includeTableFieldsParam
-146.40858459472656,41.32746124267578,),)
146.6760711669922,-80.63719177246094,{,{
152.96066284179688,31.458324432373047,if,if
-70.09707641601562,99.86442565917969,(,(
-14.010574340820312,-23.993942260742188,identifier,formToGetFieldsForParam
85.40878295898438,42.47172927856445,!=,!=
56.40534591674805,153.59495544433594,.,.
6.2548699378967285,-17.315343856811523,identifier,serviceTicket
85.56391906738281,42.050838470458984,!=,!=
-139.1465606689453,20.231149673461914,),)
126.41288757324219,-81.59021759033203,{,{
-13.97943115234375,-23.920440673828125,identifier,formToGetFieldsForParam
62.19782638549805,130.68661499023438,.,.
6.322807788848877,-17.247528076171875,identifier,setServiceTicket
-65.50142669677734,129.36904907226562,(,(
55.845035552978516,153.2107696533203,.,.
6.270349025726318,-17.302980422973633,identifier,serviceTicket
-161.1604766845703,-29.00130844116211,),)
-67.80946350097656,-133.19302368164062,;,;
21.393634796142578,-160.52627563476562,},}
129.6098175048828,-92.89593505859375,{,{
18.809511184692383,-33.958343505859375,identifier,FormFieldListing
-24.40750503540039,-13.140289306640625,identifier,formFieldListing
134.06967163085938,88.22924041748047,=,=
155.02691650390625,-26.032941818237305,new,new
18.77254867553711,-33.86487579345703,identifier,FormFieldListing
-55.46757507324219,127.4785385131836,(,(
54.20488357543945,156.47451782226562,.,.
24.50054359436035,-3.9065353870391846,identifier,postJson
-52.35900115966797,129.79669189453125,(,(
-13.360572814941406,-23.46700668334961,identifier,formToGetFieldsForParam
-5.152044773101807,211.97677612304688,",",","
20.564327239990234,-5.14782190322876,identifier,WS
41.803070068359375,118.3659439086914,.,.
20.6292667388916,-4.254949569702148,identifier,Path
41.81045150756836,118.24706268310547,.,.
33.34010696411133,-7.98908805847168,identifier,SQLUtil
41.82806396484375,118.1471176147461,.,.
21.10883140563965,-5.852298259735107,identifier,Version1
46.24535369873047,124.78894805908203,.,.
35.2962760925293,-24.571813583374023,identifier,getFormFields
-47.39057159423828,134.39535522460938,(,(
-12.990593910217285,-11.196756362915039,identifier,includeTableFieldsParam
-185.8324737548828,-34.98319625854492,),)
-183.28858947753906,-37.664920806884766,),)
-155.72286987304688,-43.57712936401367,),)
-68.97510528564453,-151.33474731445312,;,;
218.61924743652344,7.440393924713135,return,return
-25.06328010559082,-16.011991500854492,identifier,formFieldListing
45.40571594238281,140.89512634277344,.,.
30.951765060424805,0.20557568967342377,identifier,getListing
-83.99229431152344,165.5086669921875,(,(
-174.23965454101562,-44.281280517578125,),)
-53.384700775146484,-148.47132873535156,;,;
33.74351119995117,-155.81349182128906,},}
-48.67310333251953,94.90495300292969,(,(
47.88515853881836,-17.516016006469727,identifier,JSONException
43.36971664428711,47.8699951171875,identifier,e
-124.70259857177734,19.716554641723633,),)
118.60155487060547,-97.62754821777344,{,{
150.69476318359375,-25.8409481048584,new,new
37.742210388183594,-11.63369083404541,identifier,FluidClientException
-41.905052185058594,140.43972778320312,(,(
40.09101486206055,47.09230422973633,identifier,e
50.360618591308594,146.63938903808594,.,.
12.295448303222656,14.213356971740723,identifier,getMessage
-87.50778198242188,169.79690551757812,(,(
-194.91009521484375,-26.962635040283203,),)
-16.780803680419922,210.8345184326172,",",","
40.1824836730957,47.34581756591797,identifier,e
-16.731924057006836,210.82522583007812,",",","
37.70989227294922,-11.657215118408203,identifier,FluidClientException
40.9631462097168,116.26795196533203,.,.
10.78460693359375,2.4684810638427734,identifier,ErrorCode
40.89320755004883,116.07494354248047,.,.
9.836461067199707,1.0996224880218506,identifier,JSON_PARSING
-155.3284454345703,-52.796634674072266,),)
-52.85085678100586,-155.5118408203125,;,;
31.8959903717041,-181.82720947265625,},}
46.507537841796875,-159.37757873535156,},}
51.99860763549805,-87.25263977050781,identifier,String
37.88951110839844,-33.09160614013672,identifier,normalize
-115.13084411621094,87.05338287353516,(,(
49.5666389465332,-82.64281463623047,identifier,String
13.232702255249023,-68.3665771484375,identifier,publicId
-153.8892364501953,45.40727996826172,),)
147.76870727539062,-74.0308609008789,{,{
53.09537124633789,-86.09963989257812,identifier,String
-55.79265213012695,-37.5826530456543,identifier,normal
146.5463104248047,80.52537536621094,=,=
13.232488632202148,-68.3671646118164,identifier,publicId
72.1366195678711,133.3341522216797,.,.
19.11324119567871,26.665119171142578,identifier,replace
-68.84456634521484,121.939453125,(,(
0.3632461428642273,204.26234436035156,",",","
-160.07669067382812,-18.976707458496094,),)
-95.23575592041016,-128.11488342285156,;,;
-55.49931716918945,-37.10707473754883,identifier,normal
147.14027404785156,91.40869903564453,=,=
-54.26542282104492,-37.34275436401367,identifier,normal
70.46662139892578,132.18247985839844,.,.
19.119140625,26.658897399902344,identifier,replace
-68.50198364257812,122.60418701171875,(,(
0.37416478991508484,204.24075317382812,",",","
-159.6423797607422,-19.638931274414062,),)
-92.44866943359375,-136.36097717285156,;,;
-55.464210510253906,-36.902957916259766,identifier,normal
146.9765167236328,91.57018280029297,=,=
-54.217166900634766,-37.21282958984375,identifier,normal
70.43450927734375,132.175048828125,.,.
19.11824607849121,26.66164779663086,identifier,replace
-68.3982925415039,122.76007843017578,(,(
0.37835726141929626,204.25099182128906,",",","
-159.34982299804688,-19.952165603637695,),)
-90.47433471679688,-137.93775939941406,;,;
-55.367828369140625,-36.67515182495117,identifier,normal
146.61862182617188,92.06838989257812,=,=
-54.20552444458008,-36.79412078857422,identifier,normal
65.69366455078125,139.36888122558594,.,.
15.19383430480957,-11.9205322265625,identifier,trim
-90.00043487548828,153.68434143066406,(,(
-168.83462524414062,-27.049991607666016,),)
-82.24090576171875,-133.2076873779297,;,;
-41.83567428588867,22.217796325683594,identifier,pos
-81.16656494140625,-130.3868408203125,;,;
127.83624267578125,20.433141708374023,while,while
-61.48965072631836,97.5107192993164,(,(
-60.93916320800781,105.4158935546875,(,(
-41.75746536254883,22.183382034301758,identifier,pos
138.8615264892578,93.33283996582031,=,=
-53.97980880737305,-36.323020935058594,identifier,normal
57.597900390625,137.71739196777344,.,.
15.960655212402344,33.92185974121094,identifier,indexOf
-65.27814483642578,124.46604919433594,(,(
12.815336227416992,-5.097305774688721,"""","""  """
-182.92127990722656,-31.838890075683594,),)
-179.3258819580078,-36.91056823730469,),)
-131.90695190429688,14.422922134399414,),)
124.17619323730469,-89.87934875488281,{,{
-55.01380157470703,-36.007843017578125,identifier,normal
138.34437561035156,96.23782348632812,=,=
-54.17427444458008,-35.90044021606445,identifier,normal
51.2586669921875,137.70993041992188,.,.
20.896381378173828,30.715312957763672,identifier,substring
-47.69046401977539,126.21928405761719,(,(
-2.088452100753784,207.44769287109375,",",","
-41.01285934448242,21.84819793701172,identifier,pos
-167.83297729492188,-40.07026290893555,),)
-14.322365760803223,51.245304107666016,+,+
-54.108829498291016,-35.79388427734375,identifier,normal
50.54275131225586,137.93292236328125,.,.
21.05777931213379,30.630718231201172,identifier,substring
-47.500221252441406,128.99241638183594,(,(
-41.01939392089844,21.84854507446289,identifier,pos
-14.612936973571777,48.7816047668457,+,+
-167.1505889892578,-41.573116302490234,),)
-59.16288757324219,-143.85890197753906,;,;
28.193819046020508,-168.11952209472656,},}
220.83419799804688,8.521108627319336,return,return
-54.00332260131836,-35.256290435791016,identifier,normal
-47.048946380615234,-146.91812133789062,;,;
44.32915115356445,-149.62889099121094,},}
48.047828674316406,-26.46164894104004,identifier,log
-117.22660064697266,84.15056610107422,(,(
1.1345555782318115,-34.79334259033203,identifier,level
-6.062236785888672,239.73388671875,",",","
49.67366027832031,-85.49406433105469,identifier,String
-15.446399688720703,20.441484451293945,identifier,msg
-153.12510681152344,44.28860092163086,),)
149.3353729248047,-75.16837310791016,{,{
152.5062713623047,34.38534164428711,if,if
-74.81148529052734,98.43197631835938,(,(
21.962438583374023,-14.325140953063965,identifier,inDebugMode
-144.58609008789062,22.311546325683594,),)
125.14986419677734,-77.7548599243164,{,{
8.974635124206543,-40.22707748413086,identifier,logger
62.31825256347656,127.52881622314453,.,.
53.67417526245117,4.270589351654053,identifier,info
-63.603843688964844,131.8931121826172,(,(
-15.132072448730469,20.885101318359375,identifier,msg
-163.7617645263672,-19.511638641357422,),)
-69.22642517089844,-127.95752716064453,;,;
20.666746139526367,-156.38455200195312,},}
-69.39033508300781,97.6137924194336,(,(
1.2266170978546143,-34.83054733276367,identifier,level
-143.97645568847656,26.085773468017578,),)
138.6646270751953,-79.25921630859375,{,{
7.493546485900879,-25.792787551879883,identifier,LogChute
36.970645904541016,110.28421020507812,.,.
5.1740522384643555,-3.4667258262634277,identifier,DEBUG_ID
8.717536926269531,-40.273441314697266,identifier,logger
61.03005599975586,127.59204864501953,.,.
56.03432846069336,5.174515724182129,identifier,debug
-63.16484451293945,131.61892700195312,(,(
-15.01001262664795,21.135639190673828,identifier,msg
-163.8407745361328,-25.92976951599121,),)
-70.91812896728516,-135.02020263671875,;,;
-69.87416076660156,-138.77345275878906,;,;
7.26987886428833,-26.029781341552734,identifier,LogChute
37.12611770629883,111.14669799804688,.,.
5.485434055328369,-3.28157377243042,identifier,ERROR_ID
8.564956665039062,-40.313697814941406,identifier,logger
60.788917541503906,127.59471893310547,.,.
51.42005920410156,5.516511917114258,identifier,error
-62.66044998168945,131.22120666503906,(,(
-14.815556526184082,21.241058349609375,identifier,msg
-165.45901489257812,-30.934240341186523,),)
-70.6634292602539,-135.3068084716797,;,;
-69.7588119506836,-138.95175170898438,;,;
7.079509735107422,-26.212648391723633,identifier,LogChute
37.32725143432617,111.63386535644531,.,.
5.840766906738281,-2.889816999435425,identifier,INFO_ID
8.316293716430664,-40.44478988647461,identifier,logger
52.64617156982422,129.4104461669922,.,.
53.622413635253906,4.527853965759277,identifier,info
-52.37819290161133,133.10665893554688,(,(
-14.542519569396973,21.121408462524414,identifier,msg
-168.54177856445312,-37.88825988769531,),)
-70.30342102050781,-141.68222045898438,;,;
-68.83161926269531,-140.70513916015625,;,;
7.0442023277282715,-26.24464988708496,identifier,LogChute
37.200496673583984,112.24896240234375,.,.
6.141135215759277,-2.281250476837158,identifier,TRACE_ID
8.29611587524414,-40.472991943359375,identifier,logger
42.055171966552734,129.5481414794922,.,.
53.98978042602539,5.99749231338501,identifier,trace
-41.679176330566406,131.26663208007812,(,(
-14.482877731323242,21.005735397338867,identifier,msg
-165.30859375,-45.72419357299805,),)
-70.07643127441406,-141.93331909179688,;,;
-68.81629180908203,-140.82150268554688,;,;
6.924767971038818,-26.372180938720703,identifier,LogChute
36.942138671875,112.51041412353516,.,.
5.9261698722839355,-1.914618730545044,identifier,WARN_ID
8.161324501037598,-40.546974182128906,identifier,logger
41.919376373291016,129.80018615722656,.,.
53.91142654418945,5.9774017333984375,identifier,warn
-41.28656768798828,131.2554931640625,(,(
-14.401350975036621,20.83896827697754,identifier,msg
-164.7900390625,-52.3658561706543,),)
-62.922279357910156,-152.76162719726562,;,;
-54.304115295410156,-146.06138610839844,;,;
31.025596618652344,-179.095458984375,},}
43.44447708129883,-160.01345825195312,},}
50.446537017822266,-39.53937911987305,identifier,Optional
98.3210220336914,2.8116092681884766,<,<
29.83440399169922,-41.7344970703125,identifier,CommandResource
105.67739868164062,-25.705127716064453,>,>
39.67994689941406,-27.592227935791016,identifier,createCommandResource
-110.58036804199219,85.1401138305664,(,(
28.61696434020996,-33.147674560546875,identifier,Identification
-3.7311360836029053,-49.16739273071289,identifier,provider
-8.094024658203125,236.34005737304688,",",","
48.756622314453125,-86.31279754638672,identifier,String
-20.89632225036621,-51.4099006652832,identifier,command
-6.868548393249512,233.29588317871094,",",","
9.528504371643066,-47.95136642456055,identifier,Capabilities
8.571368217468262,-48.288455963134766,identifier,capabilities
-3.9715940952301025,232.95750427246094,",",","
9.146860122680664,-44.43959426879883,identifier,Context
6.22404146194458,-44.96181106567383,identifier,context
-145.80368041992188,40.20576477050781,),)
145.0043182373047,-80.5854721069336,{,{
29.65380859375,-42.036155700683594,identifier,CommandResource
-26.857973098754883,-21.7866153717041,identifier,commandResource
143.1196746826172,83.18096160888672,=,=
156.69647216796875,-25.967533111572266,new,new
29.669113159179688,-42.094276428222656,identifier,CommandResource
-67.69845581054688,136.53562927246094,(,(
-3.7163264751434326,-49.175724029541016,identifier,provider
-6.214229583740234,218.37155151367188,",",","
-21.097740173339844,-51.52581024169922,identifier,command
-5.130573749542236,218.6811065673828,",",","
8.354321479797363,-48.377681732177734,identifier,capabilities
-160.96922302246094,-24.000078201293945,),)
-87.41413116455078,-132.14051818847656,;,;
152.58750915527344,26.936513900756836,if,if
-64.5837173461914,98.55487060546875,(,(
26.854583740234375,-15.573094367980957,identifier,verifyCommand
-62.092735290527344,138.10250854492188,(,(
-21.21954345703125,-51.60205841064453,identifier,command
-179.19081115722656,-24.313905715942383,),)
-138.3406524658203,16.546062469482422,),)
125.4521713256836,-84.0220947265625,{,{
5.7451558113098145,-44.40079116821289,identifier,context
54.46725082397461,122.17269897460938,.,.
56.143009185791016,-2.328895092010498,identifier,getLogger
-98.42598724365234,163.1192169189453,(,(
-193.64276123046875,-14.875327110290527,),)
52.834041595458984,121.63822937011719,.,.
49.955013275146484,5.018174648284912,identifier,error
-58.46257019042969,120.53718566894531,(,(
16.33064842224121,-9.575706481933594,"""","""IllegalCommand!"""
-151.9479217529297,-35.44614791870117,),)
-74.4640884399414,-136.75372314453125,;,;
220.6464080810547,2.2563796043395996,return,return
50.89933395385742,-39.262630462646484,identifier,Optional
53.54450607299805,112.52911376953125,.,.
42.89075469970703,8.067872047424316,identifier,empty
-86.02790069580078,155.2599334716797,(,(
-168.55296325683594,-32.60894012451172,),)
-64.50081634521484,-135.54931640625,;,;
24.05386734008789,-161.27386474609375,},}
157.05943298339844,21.918699264526367,if,if
-55.769561767578125,100.40184020996094,(,(
26.907690048217773,-15.53280258178711,identifier,verifyCapabilities
-51.5428581237793,133.81533813476562,(,(
-21.287508010864258,-51.66092300415039,identifier,command
-7.6167144775390625,213.66441345214844,",",","
8.256690979003906,-48.41638946533203,identifier,capabilities
-185.03997802734375,-33.49347686767578,),)
-131.66094970703125,10.18600845336914,),)
121.06964111328125,-95.0595703125,{,{
5.780850887298584,-44.438995361328125,identifier,context
54.163429260253906,122.13914489746094,.,.
56.13949966430664,-2.3327157497406006,identifier,getLogger
-98.1326904296875,163.69476318359375,(,(
-195.09994506835938,-15.94533634185791,),)
52.428977966308594,121.71255493164062,.,.
49.81269454956055,5.1457014083862305,identifier,error
-54.04219436645508,119.87132263183594,(,(
19.033771514892578,-2.1052134037017822,"""","""Player is not able to handle Command!"""
-151.6826171875,-37.67546844482422,),)
-66.52996826171875,-151.72982788085938,;,;
222.521240234375,6.056108474731445,return,return
50.85626220703125,-39.28715515136719,identifier,Optional
52.99622344970703,112.27103424072266,.,.
42.87834167480469,8.056385040283203,identifier,empty
-83.28343200683594,163.9150390625,(,(
-173.0418701171875,-45.80488967895508,),)
-56.24726867675781,-146.4668731689453,;,;
27.22020721435547,-168.71099853515625,},}
219.0412139892578,8.548903465270996,return,return
50.76565933227539,-39.33977127075195,identifier,Optional
52.848934173583984,112.10346221923828,.,.
49.59257507324219,-21.795085906982422,identifier,of
-38.309757232666016,132.21099853515625,(,(
-25.46306800842285,-18.057844161987305,identifier,commandResource
-162.4510498046875,-54.87668991088867,),)
-51.739173889160156,-151.06033325195312,;,;
45.69239807128906,-152.8760986328125,},}
59.42868423461914,-28.356786727905273,identifier,Override
35.07434844970703,-41.851383209228516,identifier,Authentication
39.240047454833984,-26.090774536132812,identifier,authenticate
-116.10704040527344,86.40398406982422,(,(
35.04913330078125,-41.878196716308594,identifier,Authentication
-2.477966785430908,-57.13077926635742,identifier,authentication
-155.03857421875,44.26490783691406,),)
48.8154182434082,-12.38795280456543,identifier,AuthenticationException
144.89923095703125,-75.1526107788086,{,{
22.10479164123535,-39.05560302734375,identifier,BearerTokenAuthenticationToken
-16.236072540283203,-27.829803466796875,identifier,bearer
144.92904663085938,82.37909698486328,=,=
-65.06854248046875,109.91995239257812,(,(
22.04987907409668,-39.13429260253906,identifier,BearerTokenAuthenticationToken
-173.1795196533203,-6.77827262878418,),)
-2.3455970287323,-57.78586959838867,identifier,authentication
-94.14957427978516,-131.02798461914062,;,;
20.843143463134766,-37.30097579956055,identifier,Jwt
4.169647216796875,-36.29167556762695,identifier,jwt
-86.95267486572266,-126.33698272705078,;,;
134.80453491210938,-86.16996002197266,{,{
4.167472839355469,-36.28804397583008,identifier,jwt
144.97830200195312,89.86381530761719,=,=
55.297061920166016,154.68231201171875,.,.
33.97123336791992,-14.087885856628418,identifier,jwtDecoder
62.12432861328125,123.49520111083984,.,.
34.72419357299805,-14.901678085327148,identifier,decode
-62.176490783691406,134.07989501953125,(,(
-15.67459487915039,-28.259607315063477,identifier,bearer
63.20557403564453,139.12405395507812,.,.
2.2485766410827637,2.6852102279663086,identifier,getToken
-93.8260498046875,154.46112060546875,(,(
-184.0326690673828,-22.56063461303711,),)
-158.9312744140625,-28.005449295043945,),)
-68.64933776855469,-133.7379150390625,;,;
30.040849685668945,-153.91903686523438,},}
-51.497962951660156,91.97351837158203,(,(
20.549528121948242,-36.68450164794922,identifier,JwtException
-1.1751902103424072,17.662437438964844,identifier,failed
-128.98541259765625,19.977144241333008,),)
122.53417205810547,-87.3565902709961,{,{
19.7597713470459,-35.44147872924805,identifier,OAuth2Error
-10.073249816894531,3.7535974979400635,identifier,invalidToken
135.07373046875,90.50923919677734,=,=
-9.950971603393555,3.850207805633545,identifier,invalidToken
-55.80453109741211,126.3614501953125,(,(
-1.1870149374008179,17.662328720092773,identifier,failed
57.32926559448242,144.32540893554688,.,.
12.22447395324707,14.199110984802246,identifier,getMessage
-90.62274169921875,160.51315307617188,(,(
-187.67880249023438,-25.657045364379883,),)
-158.60186767578125,-37.54097366333008,),)
-76.89422607421875,-143.10617065429688,;,;
152.29417419433594,-24.673730850219727,new,new
39.082942962646484,-9.014328956604004,identifier,OAuth2AuthenticationException
-52.44317626953125,126.17218017578125,(,(
-9.60885238647461,4.467958927154541,identifier,invalidToken
-6.444796562194824,210.74668884277344,",",","
-9.580519676208496,4.505622863769531,identifier,invalidToken
51.808555603027344,144.94284057617188,.,.
9.60627555847168,13.94315242767334,identifier,getDescription
-90.33836364746094,164.27801513671875,(,(
-190.79263305664062,-25.522531509399414,),)
-7.876766681671143,208.63394165039062,",",","
-1.1917777061462402,17.662046432495117,identifier,failed
-161.59275817871094,-45.389617919921875,),)
-60.08154296875,-144.12225341796875,;,;
24.89556312561035,-165.7113494873047,},}
21.967037200927734,-38.47838592529297,identifier,AbstractAuthenticationToken
-40.01533126831055,-18.349042892456055,identifier,token
132.35231018066406,95.06793975830078,=,=
54.423126220703125,154.71014404296875,.,.
33.76716613769531,-13.72248363494873,identifier,jwtAuthenticationConverter
43.656471252441406,126.29561614990234,.,.
45.17622375488281,-21.192941665649414,identifier,convert
-45.475929260253906,135.79371643066406,(,(
4.001628398895264,-36.261085510253906,identifier,jwt
-165.76644897460938,-50.541168212890625,),)
-72.3231430053711,-155.2119903564453,;,;
-39.85231399536133,-18.485498428344727,identifier,token
45.13213348388672,132.3271026611328,.,.
19.968830108642578,7.0218424797058105,identifier,setDetails
-39.82904815673828,128.87057495117188,(,(
-15.646430015563965,-28.220727920532227,identifier,bearer
47.09778594970703,144.43789672851562,.,.
18.216655731201172,6.611210346221924,identifier,getDetails
-87.51129913330078,168.09207153320312,(,(
-192.97964477539062,-30.080049514770508,),)
-157.46353149414062,-49.72090530395508,),)
-65.77098846435547,-156.6208953857422,;,;
218.94049072265625,10.974395751953125,return,return
-39.04875946044922,-18.67999267578125,identifier,token
-45.81487274169922,-150.0042266845703,;,;
47.508846282958984,-151.62083435058594,},}
45.0327033996582,-30.283117294311523,identifier,configure
-119.4410629272461,90.3281478881836,(,(
-157.7005157470703,47.11687088012695,),)
148.78302001953125,-72.27133178710938,{,{
-9.8207426071167,27.780473709106445,identifier,elapsed
147.91751098632812,80.47119140625,=,=
23.240489959716797,20.30693244934082,identifier,System
60.188873291015625,118.20096588134766,.,.
21.813119888305664,18.381690979003906,identifier,currentTimeMillis
-96.46327209472656,146.65597534179688,(,(
-166.54495239257812,-16.38553810119629,),)
-93.14603424072266,-125.13109588623047,;,;
21.480751037597656,-44.979427337646484,identifier,ClassScanner
-17.100587844848633,-25.990612030029297,identifier,classScanner
144.21310424804688,81.78823852539062,=,=
157.24627685546875,-26.273759841918945,new,new
21.462051391601562,-44.999183654785156,identifier,ClassScanner
-92.73101043701172,145.8115234375,(,(
-168.14312744140625,-18.707799911499023,),)
-94.73269653320312,-129.58363342285156,;,;
-16.94991111755371,-25.311681747436523,identifier,classScanner
63.28266906738281,129.92857360839844,.,.
20.57087516784668,-16.24128532409668,identifier,detectEntriesMode
-67.76139068603516,128.63938903808594,(,(
-160.85655212402344,-20.985374450683594,),)
-92.99420166015625,-135.54808044433594,;,;
-16.95749855041504,-25.20490837097168,identifier,classScanner
63.16109085083008,130.10670471191406,.,.
20.694210052490234,-16.579912185668945,identifier,scanDefaultClasspath
-91.05864715576172,150.9114990234375,(,(
-168.7610321044922,-23.961069107055664,),)
-90.22055053710938,-137.41488647460938,;,;
-16.371021270751953,-24.761009216308594,identifier,classScannerConsumers
60.278289794921875,130.16748046875,.,.
51.925682067871094,13.701193809509277,identifier,accept
-60.234291076660156,133.49513244628906,(,(
-18.19521141052246,-24.82489013671875,identifier,classScanner
-161.00430297851562,-31.65247344970703,),)
-84.44401550292969,-139.2341766357422,;,;
24.13270378112793,-11.141534805297852,identifier,registerAsConsumer
-58.823150634765625,132.0843963623047,(,(
-18.15374755859375,-24.814104080200195,identifier,classScanner
-161.34725952148438,-31.96868324279785,),)
-81.51103210449219,-138.49908447265625,;,;
129.88116455078125,-93.98811340332031,{,{
-17.67047691345215,-24.91058349609375,identifier,classScanner
56.1274528503418,133.79722595214844,.,.
32.4238395690918,7.408541679382324,identifier,start
-86.01888275146484,157.73672485351562,(,(
-169.46441650390625,-32.70908737182617,),)
-66.19304656982422,-137.53750610351562,;,;
31.089563369750977,-154.6103057861328,},}
-50.34559631347656,93.52079010009766,(,(
53.96553421020508,-9.286802291870117,identifier,Exception
43.532989501953125,44.17160415649414,identifier,ex
-126.67974853515625,19.329557418823242,),)
120.31768035888672,-97.1971206665039,{,{
152.19618225097656,-24.88063621520996,new,new
38.52841567993164,-9.252232551574707,identifier,PetiteException
-54.00429916381836,121.75802612304688,(,(
18.799360275268555,-3.602588653564453,"""","""Scan classpath error"""
-10.257771492004395,204.13577270507812,",",","
41.930213928222656,43.893310546875,identifier,ex
-161.43699645996094,-45.41459655761719,),)
-60.12203598022461,-143.64637756347656,;,;
24.757110595703125,-165.95594787597656,},}
-9.750657081604004,27.68975830078125,identifier,elapsed
134.6163330078125,97.85316467285156,=,=
23.3215389251709,20.41697883605957,identifier,System
59.99442672729492,117.74788665771484,.,.
21.750110626220703,18.334653854370117,identifier,currentTimeMillis
-86.80990600585938,163.56900024414062,(,(
-194.5409698486328,-23.08948516845703,),)
-9.670294761657715,27.568851470947266,identifier,elapsed
-72.56443786621094,-153.19186401367188,;,;
59.20429229736328,-3.917426586151123,identifier,log
55.18711853027344,120.36322784423828,.,.
54.2772216796875,2.9631223678588867,identifier,info
-54.155330657958984,118.95740509033203,(,(
18.36366844177246,-0.1852455586194992,"""","""Petite configured in """
-12.500786781311035,57.35742950439453,+,+
-9.66114616394043,27.552810668945312,identifier,elapsed
-10.0800142288208,50.529449462890625,+,+
17.805450439453125,1.19791579246521,"""",""" ms. Total beans: """
-12.886167526245117,56.31488800048828,+,+
0.49563533067703247,-18.28878402709961,identifier,container
44.625885009765625,146.33303833007812,.,.
17.724119186401367,2.142700672149658,identifier,beansCount
-87.72328186035156,169.1251983642578,(,(
-193.9077911376953,-29.423688888549805,),)
-154.83279418945312,-48.771034240722656,),)
-52.064208984375,-153.43264770507812,;,;
47.53483963012695,-154.43035888671875,},}
51.62931823730469,-86.93920135498047,identifier,String
38.928565979003906,-32.6933708190918,identifier,labelName
-114.63910675048828,87.90902709960938,(,(
-9.381227493286133,-53.244258880615234,identifier,typeId
-152.84230041503906,45.54470443725586,),)
149.2793426513672,-74.46298217773438,{,{
-75.46802520751953,97.75536346435547,(,(
-9.393621444702148,-53.26240158081055,identifier,typeId
-144.06130981445312,26.10671615600586,),)
138.73098754882812,-79.21493530273438,{,{
-4.294036388397217,-7.375518798828125,identifier,PublisherLimit
35.77446365356445,110.1117935180664,.,.
4.699892997741699,-4.168341159820557,identifier,PUBLISHER_LIMIT_TYPE_ID
215.71612548828125,0.1747976839542389,return,return
-4.099295616149902,-7.661530017852783,identifier,PublisherLimit
33.447845458984375,116.8995132446289,.,.
0.6290646195411682,23.518892288208008,identifier,NAME
-71.60345458984375,-130.0143585205078,;,;
-1.408547043800354,-8.054378509521484,identifier,SenderPos
35.80171203613281,110.29663848876953,.,.
4.946160316467285,-4.3311076164245605,identifier,SENDER_POSITION_TYPE_ID
215.52651977539062,0.3351786136627197,return,return
-1.5031298398971558,-8.033224105834961,identifier,SenderPos
33.68228530883789,116.83526611328125,.,.
0.8169530630111694,23.392099380493164,identifier,NAME
-71.76777648925781,-131.038330078125,;,;
0.4069412648677826,-7.416539669036865,identifier,ReceiverHwm
35.73551940917969,111.00542449951172,.,.
5.83806848526001,-4.264817237854004,identifier,RECEIVER_HWM_TYPE_ID
215.07553100585938,0.22991280257701874,return,return
0.34361398220062256,-7.44176721572876,identifier,ReceiverHwm
34.32673645019531,117.40090942382812,.,.
1.1529077291488647,23.381229400634766,identifier,NAME
-69.11858367919922,-142.8451385498047,;,;
-1.384364366531372,-6.519840717315674,identifier,SubscriberPos
35.933170318603516,111.70439147949219,.,.
6.6601362228393555,-2.267498254776001,identifier,SUBSCRIBER_POSITION_TYPE_ID
214.61203002929688,0.47684791684150696,return,return
-1.4782092571258545,-6.588375568389893,identifier,SubscriberPos
34.22140884399414,117.95283508300781,.,.
1.3314918279647827,23.710599899291992,identifier,NAME
-68.95895385742188,-142.78260803222656,;,;
-2.1939597129821777,-6.561307430267334,identifier,ReceiverPos
34.8878059387207,112.3564453125,.,.
5.663745880126953,-1.5168761014938354,identifier,RECEIVER_POS_TYPE_ID
214.47021484375,0.7871508002281189,return,return
-2.05613112449646,-6.97620153427124,identifier,ReceiverPos
33.9458122253418,118.0293960571289,.,.
1.238100290298462,23.87415313720703,identifier,NAME
-56.37342071533203,-159.831298828125,;,;
-3.705724000930786,-6.8684611320495605,identifier,SenderLimit
34.41532897949219,112.02570343017578,.,.
4.739251136779785,-1.569095492362976,identifier,SENDER_LIMIT_TYPE_ID
214.27029418945312,1.0277031660079956,return,return
-3.555462598800659,-7.684508323669434,identifier,SenderLimit
33.44181823730469,118.00201416015625,.,.
0.9905503392219543,24.11609649658203,identifier,NAME
-56.054744720458984,-159.87091064453125,;,;
-2.795186758041382,-6.927159309387207,identifier,PublisherPos
34.36638259887695,112.07931518554688,.,.
4.58191442489624,-1.8850128650665283,identifier,PUBLISHER_POS_TYPE_ID
214.13101196289062,1.3814589977264404,return,return
-2.7255983352661133,-7.7102742195129395,identifier,PublisherPos
32.9940299987793,117.85301971435547,.,.
0.7233988046646118,24.161588668823242,identifier,NAME
-55.1754264831543,-159.86514282226562,;,;
-2.4774439334869385,-9.003832817077637,identifier,SenderBpe
34.109073638916016,111.66996002197266,.,.
4.402495861053467,-2.192945718765259,identifier,SENDER_BPE_TYPE_ID
214.0408477783203,1.6393322944641113,return,return
-2.6056225299835205,-8.908663749694824,identifier,SenderBpe
32.79623031616211,117.68949127197266,.,.
0.5165287852287292,24.214981079101562,identifier,NAME
-54.006038665771484,-159.94483947753906,;,;
213.80740356445312,3.3823721408843994,return,return
17.84162139892578,-8.629183769226074,"""","""<unknown>"""
-50.906620025634766,-158.9206085205078,;,;
33.111961364746094,-183.35935974121094,},}
48.49159240722656,-159.41775512695312,},}
42.043094635009766,-28.111421585083008,identifier,isDriverActive
-113.04670715332031,85.21683502197266,(,(
20.215782165527344,-53.81665802001953,identifier,File
-1.4532139301300049,-51.08164596557617,identifier,directory
-8.580873489379883,237.08798217773438,",",","
-3.9966886043548584,-32.12534713745117,identifier,driverTimeoutMs
-5.874227523803711,233.8308868408203,",",","
21.80636215209961,-25.694963455200195,identifier,Consumer
98.35503387451172,6.464650630950928,<,<
50.10499572753906,-89.40523529052734,identifier,String
104.0918197631836,-22.169923782348633,>,>
63.386322021484375,-2.275815725326538,identifier,logger
-146.11373901367188,40.397064208984375,),)
145.51170349121094,-80.7176513671875,{,{
20.48621940612793,-53.83052444458008,identifier,File
-23.620399475097656,-20.2728214263916,identifier,cncFile
143.15933227539062,83.52330017089844,=,=
157.0823516845703,-25.442646026611328,new,new
20.560510635375977,-53.84345245361328,identifier,File
-67.60325622558594,136.07272338867188,(,(
-1.446648359298706,-51.07939529418945,identifier,directory
-3.968182325363159,219.9150390625,",",","
15.557461738586426,-24.65212059020996,identifier,CncFileDescriptor
39.164710998535156,109.25398254394531,.,.
6.539575099945068,-7.0689287185668945,identifier,CNC_FILE
-160.38514709472656,-25.882917404174805,),)
-86.35417175292969,-133.1663360595703,;,;
151.23643493652344,25.678726196289062,if,if
-63.28209686279297,100.17545318603516,(,(
-22.791351318359375,-20.28702163696289,identifier,cncFile
66.81927490234375,139.4658660888672,.,.
21.558837890625,-11.096944808959961,identifier,exists
-94.93064880371094,156.0244140625,(,(
-181.26596069335938,-24.80272102355957,),)
-22.73642349243164,-20.298187255859375,identifier,cncFile
67.27287292480469,140.54974365234375,.,.
9.287601470947266,41.32097625732422,identifier,length
-93.59046936035156,157.7223358154297,(,(
-188.9049072265625,-20.020265579223633,),)
77.74805450439453,35.724815368652344,>,>
-134.60687255859375,15.645770072937012,),)
126.22935485839844,-86.8531494140625,{,{
62.37726593017578,-3.0498390197753906,identifier,logger
55.8824577331543,131.05535888671875,.,.
51.91436004638672,13.685269355773926,identifier,accept
-57.346351623535156,122.14240264892578,(,(
18.368501663208008,-5.882463455200195,"""","""INFO: Aeron CnC file exists: """
-13.873169898986816,55.69148635864258,+,+
-22.837583541870117,-18.92003631591797,identifier,cncFile
-160.60499572753906,-40.48173141479492,),)
-74.19203186035156,-148.22764587402344,;,;
22.621997833251953,-29.261245727539062,identifier,MappedByteBuffer
-23.512287139892578,-17.221776962280273,identifier,cncByteBuffer
133.17787170410156,95.09294128417969,=,=
34.307838439941406,-8.520390510559082,identifier,IoUtil
43.883995056152344,124.4469223022461,.,.
25.371261596679688,-1.4022992849349976,identifier,mapExistingFile
-44.718589782714844,132.4599151611328,(,(
-22.91350555419922,-18.529878616333008,identifier,cncFile
-9.564398765563965,216.44447326660156,",",","
15.003446578979492,-0.8357957601547241,"""","""CnC file"""
-161.36770629882812,-49.12077331542969,),)
-69.46504211425781,-153.38499450683594,;,;
127.70079803466797,-96.49662017822266,{,{
216.50576782226562,7.404676914215088,return,return
42.16874694824219,-21.021953582763672,identifier,isDriverActive
-41.95664596557617,137.2213897705078,(,(
-3.969724655151367,-32.106651306152344,identifier,driverTimeoutMs
-14.631471633911133,213.06109619140625,",",","
63.5386848449707,-2.2497122287750244,identifier,logger
-13.852447509765625,212.36209106445312,",",","
-23.014556884765625,-17.33814239501953,identifier,cncByteBuffer
-159.1014404296875,-54.58561325073242,),)
-54.10799789428711,-153.38832092285156,;,;
33.20468521118164,-157.0226593017578,},}
122.20789337158203,-99.63825225830078,{,{
34.435420989990234,-8.588285446166992,identifier,IoUtil
41.69954299926758,125.11622619628906,.,.
25.29743766784668,-0.40945714712142944,identifier,unmap
-38.990909576416016,134.80540466308594,(,(
-22.906984329223633,-17.371946334838867,identifier,cncByteBuffer
-156.9892578125,-56.04853057861328,),)
-53.86467361450195,-155.3008270263672,;,;
30.40422248840332,-182.8360595703125,},}
31.843000411987305,-172.7467041015625,},}
223.5994873046875,9.894200325012207,return,return
-47.75032424926758,-151.08242797851562,;,;
50.427303314208984,-152.0061492919922,},}
42.097599029541016,-31.89212989807129,identifier,setByte
-116.83289337158203,84.52912902832031,(,(
-46.00802230834961,17.219682693481445,identifier,index
-5.712157726287842,239.61399841308594,",",","
-22.947134017944336,16.770240783691406,identifier,value
-152.37857055664062,44.095619201660156,),)
148.48916625976562,-75.37374877929688,{,{
45.242984771728516,-3.218374252319336,identifier,checkArgument
-75.05402374267578,99.93222045898438,(,(
-46.72032165527344,16.942893981933594,identifier,index
73.7230453491211,29.740266799926758,<,<
3.1320111751556396,-17.794265747070312,identifier,bytesUsed
-4.304706573486328,223.28878784179688,",",","
18.425945281982422,-11.246927261352539,"""","""Index: """
-14.321087837219238,56.716468811035156,+,+
-46.89476013183594,16.962234497070312,identifier,index
-9.786323547363281,51.62389373779297,+,+
17.87129783630371,-11.765931129455566,"""",""" is >= the current size of: """
-14.933418273925781,55.887725830078125,+,+
3.1379315853118896,-17.793594360351562,identifier,bytesUsed
-154.9659881591797,-27.175743103027344,),)
-90.46404266357422,-133.04783630371094,;,;
-12.927674293518066,13.92774772644043,identifier,seen
137.1066131591797,80.33149719238281,=,=
-83.24067687988281,-129.49082946777344,;,;
132.21859741210938,19.068265914916992,for,for
-60.073387145996094,93.68496704101562,(,(
-54.64754867553711,31.782930374145508,identifier,i
134.75538635253906,79.3990707397461,=,=
-80.48942565917969,-120.91909790039062,;,;
-55.46147537231445,30.660491943359375,identifier,i
72.26398468017578,27.321327209472656,<,<
-6.942778587341309,-24.07664680480957,identifier,slabs
68.86571502685547,140.2784881591797,.,.
4.642022132873535,36.25559616088867,identifier,size
-93.63260650634766,156.87533569335938,(,(
-172.81565856933594,-27.104572296142578,),)
-79.46686553955078,-123.47594451904297,;,;
-55.810462951660156,29.856597900390625,identifier,i
-132.709228515625,20.185440063476562,),)
128.89785766601562,-88.8130111694336,{,{
22.650087356567383,-29.256898880004883,identifier,ByteBuffer
-34.729339599609375,-11.851953506469727,identifier,slab
136.09266662597656,90.74578094482422,=,=
-6.9765191078186035,-24.078012466430664,identifier,slabs
52.497562408447266,135.41497802734375,.,.
45.120033264160156,23.407548904418945,identifier,get
-49.800357818603516,131.64756774902344,(,(
-54.55156326293945,25.699209213256836,identifier,i
-167.18878173828125,-36.788883209228516,),)
-75.91651916503906,-142.2845916748047,;,;
154.03965759277344,19.33377456665039,if,if
-54.29331970214844,101.8611068725586,(,(
-46.99764633178711,16.02777862548828,identifier,index
72.41813659667969,29.518142700195312,<,<
-12.735422134399414,13.57247543334961,identifier,seen
-15.015047073364258,50.88724136352539,+,+
-36.20521926879883,-11.91133975982666,identifier,slab
50.09720230102539,139.20030212402344,.,.
16.362041473388672,8.84341812133789,identifier,limit
-89.6372299194336,162.9644775390625,(,(
-189.05413818359375,-28.343276977539062,),)
-130.4192352294922,11.031880378723145,),)
121.8178939819336,-92.99922943115234,{,{
-36.2249755859375,-11.942157745361328,identifier,slab
45.71688461303711,132.89283752441406,.,.
35.34113311767578,21.827796936035156,identifier,put
-44.419708251953125,125.1835708618164,(,(
-62.00362777709961,110.25746154785156,(,(
-175.97427368164062,-6.662036418914795,),)
-59.71622848510742,110.39305114746094,(,(
-47.10948944091797,16.07865333557129,identifier,index
-12.689327239990234,13.468131065368652,identifier,seen
-188.33782958984375,-32.34309387207031,),)
-8.876155853271484,207.25100708007812,",",","
-21.34488868713379,14.823659896850586,identifier,value
-162.1876220703125,-47.741695404052734,),)
-65.7988052368164,-152.73780822753906,;,;
-54.68539810180664,-144.70245361328125,;,;
24.019052505493164,-168.1713409423828,},}
-12.748943328857422,13.620890617370605,identifier,seen
-36.23872375488281,-11.94129753112793,identifier,slab
46.91342544555664,140.87640380859375,.,.
16.370243072509766,8.836291313171387,identifier,limit
-82.75312042236328,165.0397186279297,(,(
-174.25621032714844,-46.418006896972656,),)
-55.46821212768555,-150.15806579589844,;,;
30.51453399658203,-178.34307861328125,},}
43.50033187866211,-160.51499938964844,},}
44.259674072265625,-26.917749404907227,identifier,open
-119.23188018798828,90.13334655761719,(,(
-157.0990753173828,46.96120834350586,),)
55.897972106933594,-15.510004997253418,identifier,IOException
147.12924194335938,-71.76263427734375,{,{
-74.81783294677734,96.71957397460938,(,(
34.292579650878906,-18.608919143676758,identifier,lockObject
-143.66653442382812,23.689218521118164,),)
134.3708038330078,-80.95481872558594,{,{
-1.1331645250320435,-12.434662818908691,identifier,lastAccessTime
148.46197509765625,84.275634765625,=,=
23.203039169311523,20.23312759399414,identifier,System
60.374332427978516,118.68107604980469,.,.
22.279386520385742,18.674606323242188,identifier,nanoTime
-95.56141662597656,147.44595336914062,(,(
-166.5748748779297,-18.874462127685547,),)
-93.57508087158203,-127.5380630493164,;,;
22.122589111328125,-16.762252807617188,identifier,initFile
-93.50789642333984,147.63978576660156,(,(
-168.44766235351562,-19.41259765625,),)
-93.03097534179688,-130.3203125,;,;
-13.854896545410156,-8.26283073425293,identifier,pagesCount
144.77951049804688,86.83294677734375,=,=
1.439015507698059,-23.53550910949707,identifier,segChannel
67.0092544555664,137.24325561523438,.,.
4.827641010284424,35.646175384521484,identifier,size
-97.25536346435547,154.02395629882812,(,(
-187.90357971191406,-18.18038558959961,),)
11.54707145690918,-26.020734786987305,identifier,OWALPage
37.794677734375,108.16120910644531,.,.
2.6992337703704834,-3.353839874267578,identifier,PAGE_SIZE
-84.54234313964844,-132.52272033691406,;,;
151.27389526367188,25.210519790649414,if,if
-62.86742401123047,100.09940338134766,(,(
1.4256691932678223,-23.544092178344727,identifier,segChannel
67.09089660644531,137.7959442138672,.,.
4.762966156005859,35.60728454589844,identifier,size
-94.52301025390625,156.91943359375,(,(
-188.2198028564453,-18.94265365600586,),)
11.531208038330078,-26.018840789794922,identifier,OWALPage
37.77408218383789,108.09111785888672,.,.
2.6670682430267334,-3.3071093559265137,identifier,PAGE_SIZE
77.79737854003906,35.687103271484375,>,>
-134.59222412109375,15.666361808776855,),)
123.3820571899414,-86.58161163330078,{,{
31.888164520263672,-9.677816390991211,identifier,OLogManager
49.594757080078125,119.15269470214844,.,.
36.9243278503418,-2.1465940475463867,identifier,instance
-97.39924621582031,164.81723022460938,(,(
-194.6805877685547,-15.027694702148438,),)
50.97859573364258,121.90184020996094,.,.
49.9648551940918,5.587203025817871,identifier,error
-53.54104995727539,123.54195404052734,(,(
2.6166880130767822,210.463134765625,",",","
19.81110382080078,-4.611760139465332,"""","""Last WAL page was written partially, auto fix"""
-10.005226135253906,203.86041259765625,",",","
-160.98828125,-44.56937789916992,),)
-74.17926788330078,-152.1087646484375,;,;
1.3646886348724365,-23.47780418395996,identifier,segChannel
45.02703094482422,130.56251525878906,.,.
24.736495971679688,-1.4278593063354492,identifier,truncate
-42.75822830200195,125.91600036621094,(,(
11.48788070678711,-25.974069595336914,identifier,OWALPage
39.8983268737793,113.78284454345703,.,.
2.8011839389801025,-2.5779714584350586,identifier,PAGE_SIZE
-13.455362319946289,-8.728290557861328,identifier,pagesCount
-163.21849060058594,-49.21493148803711,),)
-58.047515869140625,-148.19891357421875,;,;
24.292470932006836,-167.6840057373047,},}
-2.414562702178955,-13.083664894104004,identifier,firstCachedPage
136.4735870361328,102.06729125976562,=,=
-70.9788818359375,-159.3465118408203,;,;
-2.4179391860961914,-13.36429214477539,identifier,pageCache
47.245513916015625,128.28443908691406,.,.
29.376245498657227,19.03045654296875,identifier,clear
-81.46544647216797,165.80148315429688,(,(
-175.40432739257812,-47.12256622314453,),)
-70.14693450927734,-159.54348754882812,;,;
-2.497363567352295,-12.430180549621582,identifier,lastWrittenPage
136.8030242919922,101.89683532714844,=,=
-69.92581176757812,-160.03176879882812,;,;
-2.422074317932129,-12.436504364013672,identifier,lastWrittenPageIndex
136.62686157226562,102.13089752197266,=,=
-54.606056213378906,-156.67263793945312,;,;
32.7479133605957,-180.10769653320312,},}
46.1118278503418,-160.8110809326172,},}
36.006404876708984,-32.46442413330078,identifier,Urlencoded
29.84849739074707,-38.23676681518555,identifier,ServiceType
37.498313903808594,-30.76752471923828,identifier,decodeLeadProtocol
-110.9034423828125,88.6891860961914,(,(
49.82987976074219,-84.31541442871094,identifier,String
-35.017791748046875,-49.87698745727539,identifier,protocol
-151.1707000732422,42.71959686279297,),)
55.8817024230957,-16.43433380126953,identifier,IOException
148.4599151611328,-78.67138671875,{,{
155.61181640625,33.241798400878906,if,if
-71.58647918701172,98.84888458251953,(,(
-35.58209228515625,-49.80928039550781,identifier,protocol
73.40595245361328,135.20187377929688,.,.
23.748201370239258,39.16259002685547,identifier,equals
-67.22427368164062,121.32946014404297,(,(
13.0549955368042,-9.123697280883789,"""","""dods"""
-176.95602416992188,-24.433704376220703,),)
-142.6381378173828,15.120081901550293,),)
216.36245727539062,0.4755125343799591,return,return
9.203234672546387,-32.11163330078125,identifier,ServiceType
35.49839782714844,114.34609985351562,.,.
7.820377826690674,-8.363496780395508,identifier,OPENDAP
-71.48392486572266,-129.9783172607422,;,;
11.378851890563965,-103.31594848632812,else,else
159.39292907714844,24.74883460998535,if,if
-65.09931182861328,97.33631896972656,(,(
-35.89009475708008,-49.64067840576172,identifier,protocol
74.36068725585938,135.5088348388672,.,.
23.56212043762207,39.617652893066406,identifier,equals
-66.47176361083984,122.26522827148438,(,(
13.027443885803223,-8.314901351928711,"""","""dap4"""
-177.38035583496094,-25.009748458862305,),)
-142.15293884277344,14.610191345214844,),)
216.20570373535156,0.8368848562240601,return,return
9.126193046569824,-32.09107208251953,identifier,ServiceType
35.594078063964844,114.29766082763672,.,.
7.873798847198486,-8.289968490600586,identifier,DAP4
-71.4676513671875,-131.06451416015625,;,;
11.51254653930664,-103.1521987915039,else,else
159.4385528564453,24.407001495361328,if,if
-59.158546447753906,98.77989196777344,(,(
-36.20345687866211,-49.64530563354492,identifier,protocol
74.89508056640625,135.7171630859375,.,.
23.655397415161133,39.71490478515625,identifier,equals
-66.39250946044922,123.71163177490234,(,(
13.562009811401367,-5.798006057739258,"""","""httpserver"""
-181.3849334716797,-31.4617862701416,),)
-36.44401168823242,-49.695640563964844,identifier,protocol
75.18702697753906,135.81765747070312,.,.
23.815336227416992,39.82748031616211,identifier,equals
-66.50118255615234,123.83930969238281,(,(
14.458977699279785,-4.690108299255371,"""","""nodods"""
-182.3709716796875,-32.79246139526367,),)
-133.26156616210938,7.95911979675293,),)
216.08213806152344,1.418697476387024,return,return
8.808494567871094,-32.046714782714844,identifier,ServiceType
36.61714553833008,113.99195861816406,.,.
18.764041900634766,-5.16810417175293,identifier,HTTPServer
-66.2675552368164,-144.76431274414062,;,;
12.121500968933105,-102.61430358886719,else,else
160.32322692871094,22.843204498291016,if,if
-50.70012664794922,103.78828430175781,(,(
-36.381099700927734,-50.1301155090332,identifier,protocol
75.4869613647461,137.42926025390625,.,.
24.15900993347168,38.88618087768555,identifier,equals
-45.59334945678711,117.8705825805664,(,(
1.4521348476409912,-5.886288642883301,identifier,CdmRemote
39.06806182861328,116.61192321777344,.,.
4.205983638763428,1.0529295206069946,identifier,PROTOCOL
-189.23580932617188,-37.08781433105469,),)
-132.1000518798828,6.810681343078613,),)
215.65557861328125,1.668792486190796,return,return
8.704814910888672,-32.05801010131836,identifier,ServiceType
36.506160736083984,114.72506713867188,.,.
1.5270984172821045,-5.784599304199219,identifier,CdmRemote
-65.70435333251953,-145.608154296875,;,;
12.42719841003418,-102.24835968017578,else,else
161.20889282226562,21.955440521240234,if,if
-47.76161575317383,102.50992584228516,(,(
-36.31957244873047,-50.25046920776367,identifier,protocol
75.57298278808594,137.36192321777344,.,.
24.015422821044922,38.835567474365234,identifier,equals
-45.253719329833984,117.94146728515625,(,(
20.881620407104492,1.5946730375289917,identifier,DataFactory
39.502098083496094,116.50021362304688,.,.
4.201963901519775,1.060241937637329,identifier,PROTOCOL
-190.10885620117188,-36.57405471801758,),)
-131.32505798339844,6.324685573577881,),)
215.38185119628906,1.8006374835968018,return,return
8.670999526977539,-32.069461822509766,identifier,ServiceType
36.50489044189453,114.89688110351562,.,.
9.220748901367188,1.9419126510620117,identifier,THREDDS
-64.45645904541016,-156.93553161621094,;,;
223.02748107910156,10.89787769317627,return,return
-48.712886810302734,-150.9694366455078,;,;
48.67388153076172,-151.41603088378906,},}
44.7005729675293,-34.11894607543945,identifier,remove
-115.18219757080078,84.25018310546875,(,(
17.946439743041992,-58.20577621459961,identifier,StringBuilder
-19.264163970947266,-59.20195007324219,identifier,sb
-6.597370624542236,239.1283416748047,",",","
51.0521354675293,-84.12281799316406,identifier,String
-18.576663970947266,-40.73796081542969,identifier,out
-152.5955352783203,43.5545539855957,),)
147.37220764160156,-75.21046447753906,{,{
-55.79099655151367,33.249725341796875,identifier,i
137.76063537597656,78.4248275756836,=,=
-89.20899200439453,-124.10848236083984,;,;
127.71981048583984,21.339841842651367,while,while
-71.60496520996094,97.59659576416016,(,(
-56.712440490722656,32.33697509765625,identifier,i
73.1201400756836,28.490930557250977,<,<
-19.506397247314453,-59.38203811645508,identifier,sb
71.08174133300781,136.14816284179688,.,.
7.984482765197754,41.2666015625,identifier,length
-98.67681884765625,151.6553955078125,(,(
-180.7730255126953,-20.149721145629883,),)
-142.6184539794922,18.59531593322754,),)
131.27235412597656,-84.90084075927734,{,{
-37.48750305175781,-2.2475926876068115,identifier,c
144.51235961914062,85.54573059082031,=,=
-19.56943130493164,-59.44231033325195,identifier,sb
69.22510528564453,134.48011779785156,.,.
24.17209815979004,29.832862854003906,identifier,charAt
-66.00861358642578,134.00265502929688,(,(
-56.385841369628906,25.17203140258789,identifier,i
-163.2041015625,-22.948509216308594,),)
-89.11280822753906,-132.90145874023438,;,;
-9.83860969543457,16.551416397094727,identifier,ok
137.21505737304688,80.78717803955078,=,=
-83.37769317626953,-129.21453857421875,;,;
132.11521911621094,19.430307388305664,for,for
-60.44367599487305,93.67127227783203,(,(
-47.611080169677734,29.33690071105957,identifier,j
134.8707733154297,79.12902069091797,=,=
-80.63345336914062,-120.9864730834961,;,;
-47.83946228027344,28.676847457885742,identifier,j
72.36570739746094,27.47772789001465,<,<
-18.95339012145996,-40.9271240234375,identifier,out
69.11304473876953,140.08840942382812,.,.
8.167353630065918,41.54773712158203,identifier,length
-93.90824127197266,156.61355590820312,(,(
-172.79037475585938,-27.03895378112793,),)
-79.67035675048828,-123.4429931640625,;,;
-47.96940994262695,28.410648345947266,identifier,j
-132.9630126953125,20.395408630371094,),)
129.85577392578125,-89.00684356689453,{,{
150.33612060546875,22.04784393310547,if,if
-59.146671295166016,100.1578598022461,(,(
-18.992883682250977,-40.953369140625,identifier,out
57.32893753051758,137.62969970703125,.,.
24.16643714904785,29.83213233947754,identifier,charAt
-54.06472396850586,134.2639617919922,(,(
-48.30160903930664,26.978479385375977,identifier,j
-183.83203125,-28.553600311279297,),)
71.41439056396484,50.77873611450195,==,==
-36.38715362548828,-2.584655523300171,identifier,c
-133.4217071533203,14.719550132751465,),)
124.65917205810547,-88.3707046508789,{,{
-19.728065490722656,-59.602909088134766,identifier,sb
54.109779357910156,130.8922119140625,.,.
21.51417350769043,-9.367927551269531,identifier,delete
-46.533756256103516,130.32225036621094,(,(
-53.9040412902832,27.80374526977539,identifier,i
-2.6912713050842285,207.6367645263672,",",","
-53.83261489868164,27.871065139770508,identifier,i
-14.748394012451172,48.86077117919922,+,+
-161.7210235595703,-39.454742431640625,),)
-72.6332015991211,-144.2415771484375,;,;
-9.822602272033691,16.55506706237793,identifier,ok
136.27188110351562,100.1484603881836,=,=
-65.8304214477539,-142.79591369628906,;,;
-59.130516052246094,-139.95359802246094,;,;
25.704647064208984,-180.92398071289062,},}
31.585241317749023,-170.3795928955078,},}
158.30226135253906,18.23455238342285,if,if
-50.941566467285156,100.2296142578125,(,(
-9.817073822021484,16.55459976196289,identifier,ok
-135.57510375976562,5.639750957489014,),)
-52.97751998901367,28.519380569458008,identifier,i
-56.00686264038086,-143.47384643554688,;,;
29.692182540893555,-178.2855682373047,},}
42.33903884887695,-159.6019744873047,},}
33.281646728515625,-51.277530670166016,identifier,Annotation
38.73167419433594,-28.88314437866211,identifier,extractAllAnnotationsForProperty
-110.73385620117188,86.45474243164062,(,(
30.16043472290039,-55.973915100097656,identifier,Class
100.25132751464844,5.514261722564697,<,<
106.55271911621094,-21.94032096862793,>,>
-12.526427268981934,-60.13846969604492,identifier,clazz
-7.876549243927002,236.34689331054688,",",","
48.54528045654297,-86.02897644042969,identifier,String
-32.62314987182617,2.2443504333496094,identifier,propertyName
-7.060672760009766,233.17776489257812,",",","
-7.782935619354248,-8.568309783935547,identifier,useRead
-145.84759521484375,41.5703125,),)
146.42796325683594,-81.06226348876953,{,{
134.71310424804688,-84.74009704589844,{,{
33.24917984008789,-51.26358413696289,identifier,Annotation
-32.268131256103516,-24.848716735839844,identifier,annotations
143.44239807128906,84.19672393798828,=,=
24.01272201538086,-18.88351821899414,identifier,findPropertyAnnotations
-66.08269500732422,136.65582275390625,(,(
-12.030818939208984,-61.578590393066406,identifier,clazz
-6.1642560958862305,218.26063537597656,",",","
-32.508766174316406,2.317915916442871,identifier,propertyName
-4.71476411819458,218.53341674804688,",",","
-7.9601263999938965,-8.505663871765137,identifier,useRead
-160.96055603027344,-24.346765518188477,),)
-86.99185180664062,-132.55772399902344,;,;
151.83665466308594,26.480697631835938,if,if
-64.44254302978516,100.92365264892578,(,(
-32.29599380493164,-24.86480712890625,identifier,annotations
70.4764175415039,139.6189727783203,.,.
8.511362075805664,43.94448471069336,identifier,length
74.13217163085938,49.87007522583008,==,==
-137.03030395507812,18.04945945739746,),)
125.36796569824219,-83.00212860107422,{,{
-32.27981185913086,-24.859663009643555,identifier,annotations
142.74168395996094,93.18029022216797,=,=
24.186458587646484,-18.80476188659668,identifier,findPropertyAnnotations
-59.02243423461914,133.06724548339844,(,(
-11.64669132232666,-61.77494430541992,identifier,clazz
62.27057647705078,141.46498107910156,.,.
26.86894989013672,-19.592247009277344,identifier,getSuperclass
-94.03453826904297,159.60765075683594,(,(
-187.3741455078125,-22.08477210998535,),)
-1.9703600406646729,215.59835815429688,",",","
-32.437625885009766,2.3652710914611816,identifier,propertyName
-3.8489115238189697,217.4868621826172,",",","
-8.030158042907715,-8.482806205749512,identifier,useRead
-162.01707458496094,-33.9113655090332,),)
-66.43025970458984,-136.334716796875,;,;
21.37462615966797,-162.44642639160156,},}
219.67135620117188,6.251081466674805,return,return
-32.44282913208008,-24.814754486083984,identifier,annotations
-60.80113983154297,-134.0971221923828,;,;
32.33098602294922,-154.08120727539062,},}
-50.327415466308594,93.64109802246094,(,(
53.960811614990234,-9.384099960327148,identifier,Exception
43.4901123046875,44.15240478515625,identifier,ex
-126.54058074951172,19.379587173461914,),)
120.35018157958984,-97.04808044433594,{,{
216.8095703125,5.7299652099609375,return,return
37.44502639770508,-8.617380142211914,identifier,Exceptions
51.00371551513672,117.93524932861328,.,.
48.800472259521484,-34.27655029296875,identifier,handle
-50.707618713378906,125.69682312011719,(,(
33.285072326660156,-51.28356170654297,identifier,Annotation
43.06300735473633,112.47616577148438,.,.
-5.746722221374512,208.24380493164062,",",","
21.48432159423828,-2.5627622604370117,identifier,sputs
-53.43856430053711,120.64141845703125,(,(
19.25074005126953,-1.7171297073364258,"""","""Unable to extract annotation for property"""
-12.752177238464355,202.7149658203125,",",","
-32.28950119018555,2.4035885334014893,identifier,propertyName
-11.067206382751465,217.99546813964844,",",","
16.17017364501953,-0.3336637616157532,"""",""" of class """
-12.894011497497559,202.81138610839844,",",","
-13.17399787902832,-61.830848693847656,identifier,clazz
-11.099207878112793,217.9842987060547,",",","
15.560569763183594,0.011153127998113632,"""","""  useRead """
-13.397909164428711,204.3364715576172,",",","
-8.408940315246582,-8.48505973815918,identifier,useRead
-184.04074096679688,-40.31932830810547,),)
-10.237518310546875,205.94410705566406,",",","
41.526222229003906,43.83985900878906,identifier,ex
-159.21728515625,-50.35887145996094,),)
-57.022029876708984,-152.2015838623047,;,;
31.227458953857422,-180.6933135986328,},}
45.172393798828125,-160.12164306640625,},}
39.77036666870117,-29.789047241210938,identifier,copyTemplateForTieCommands
-112.17769622802734,88.61933135986328,(,(
23.018251419067383,-47.372222900390625,identifier,Sheet
-21.385425567626953,-47.01220703125,identifier,sheet
-152.49879455566406,41.88584518432617,),)
149.7591094970703,-76.82774353027344,{,{
153.7818603515625,33.71176528930664,if,if
-73.54390716552734,99.40958404541016,(,(
12.944597244262695,-16.893630981445312,identifier,parent
66.89082336425781,125.1729965209961,.,.
22.98068618774414,-14.29026985168457,identifier,isSkipConfiguration
-98.4393310546875,149.7737579345703,(,(
-179.81484985351562,-19.712940216064453,),)
-143.5749969482422,19.320667266845703,),)
121.7979965209961,-77.78678894042969,{,{
222.29306030273438,-1.0213736295700073,return,return
-67.3977279663086,-126.39986419677734,;,;
19.51405906677246,-157.20396423339844,},}
17.381032943725586,-41.27574157714844,identifier,Workbook
-43.529659271240234,-34.85014724731445,identifier,wb
143.3394012451172,85.45240020751953,=,=
-21.90011215209961,-46.801719665527344,identifier,sheet
64.5278091430664,135.09666442871094,.,.
20.717103958129883,-20.690475463867188,identifier,getWorkbook
-93.7698745727539,151.0153350830078,(,(
-167.63290405273438,-22.44097328186035,),)
-89.09073638916016,-133.78125,;,;
54.45574951171875,-84.34362030029297,identifier,String
-24.8966007232666,-0.019904879853129387,identifier,copyName
140.72177124023438,87.63433074951172,=,=
13.642601013183594,-20.102296829223633,identifier,TieConstants
39.18104553222656,109.74639129638672,.,.
7.2797369956970215,-6.115685939788818,identifier,COPY_SHEET_PREFIX
-13.649011611938477,53.42106246948242,+,+
-21.9525089263916,-46.83123016357422,identifier,sheet
61.59160614013672,138.1886444091797,.,.
9.387758255004883,9.423453330993652,identifier,getSheetName
-91.13330078125,155.76272583007812,(,(
-169.82373046875,-28.6267147064209,),)
-80.72129821777344,-135.40916442871094,;,;
152.56961059570312,22.70672607421875,if,if
-58.85173797607422,100.37879943847656,(,(
-44.2369384765625,-34.60408020019531,identifier,wb
56.95656204223633,136.56396484375,.,.
9.686220169067383,9.527984619140625,identifier,getSheet
-55.8617057800293,133.2930908203125,(,(
-23.48283576965332,0.7588824033737183,identifier,copyName
-183.775146484375,-29.147558212280273,),)
74.40725708007812,51.76084518432617,==,==
-132.1605224609375,14.932133674621582,),)
125.88992309570312,-89.51655578613281,{,{
23.027761459350586,-47.380123138427734,identifier,Sheet
-22.61799430847168,-7.564819812774658,identifier,newSheet
134.70062255859375,92.23902893066406,=,=
-44.51863479614258,-34.50826644897461,identifier,wb
52.003509521484375,138.87930297851562,.,.
22.749130249023438,5.603336334228516,identifier,cloneSheet
-50.7738037109375,128.92819213867188,(,(
-44.689048767089844,-34.45484161376953,identifier,wb
51.85414505004883,140.629150390625,.,.
9.921716690063477,9.509045600891113,identifier,getSheetIndex
-49.51428985595703,135.26483154296875,(,(
-21.83683967590332,-47.063167572021484,identifier,sheet
-186.72689819335938,-33.986454010009766,),)
-157.19509887695312,-43.32487487792969,),)
-73.28114318847656,-150.1378631591797,;,;
-23.607452392578125,-2.9522459506988525,identifier,sheetIndex
133.7273406982422,96.79792022705078,=,=
-44.72896194458008,-34.426780700683594,identifier,wb
51.6815071105957,140.60650634765625,.,.
10.050976753234863,9.51927375793457,identifier,getSheetIndex
-42.81062316894531,129.76426696777344,(,(
-22.479433059692383,-7.6126580238342285,identifier,newSheet
-165.87966918945312,-48.89942932128906,),)
-72.89273071289062,-154.56578063964844,;,;
-45.11457061767578,-34.26439666748047,identifier,wb
42.386348724365234,131.24493408203125,.,.
21.388748168945312,6.450833320617676,identifier,setSheetName
-40.903587341308594,132.86495971679688,(,(
-23.578235626220703,-2.5241127014160156,identifier,sheetIndex
-11.963592529296875,210.22096252441406,",",","
-22.288249969482422,0.9766573905944824,identifier,copyName
-164.01052856445312,-53.52239990234375,),)
-71.44827270507812,-157.4401092529297,;,;
-45.280086517333984,-34.21281433105469,identifier,wb
41.8924560546875,131.0815887451172,.,.
21.350196838378906,6.431835174560547,identifier,setSheetHidden
-40.997581481933594,133.9171142578125,(,(
-23.572866439819336,-2.512305736541748,identifier,sheetIndex
-15.979447364807129,210.24221801757812,",",","
17.33540153503418,-41.30772399902344,identifier,Workbook
40.63119125366211,114.85195922851562,.,.
9.530193328857422,1.075928807258606,identifier,SHEET_STATE_VERY_HIDDEN
-155.5285186767578,-53.204105377197266,),)
-53.52565383911133,-155.34933471679688,;,;
32.13367462158203,-181.1306915283203,},}
46.19561767578125,-159.82920837402344,},}
37.895172119140625,-39.814109802246094,identifier,Term
42.11414337158203,-33.23652648925781,identifier,variable
-118.0921859741211,90.19486236572266,(,(
-157.0886688232422,46.62288284301758,),)
47.70973587036133,-14.711400032043457,identifier,SourceCodeException
145.0625,-73.89857482910156,{,{
39.424076080322266,-37.71403121948242,identifier,Token
-30.0821533203125,8.465619087219238,identifier,name
146.67210388183594,81.552734375,=,=
39.4727897644043,-37.631744384765625,identifier,consumeToken
-70.0653305053711,134.28338623046875,(,(
11.865796089172363,-14.23769760131836,identifier,VAR
-163.83433532714844,-17.543880462646484,),)
-92.2730712890625,-126.87187957763672,;,;
-26.748672485351562,0.9654155373573303,identifier,nameId
146.1803436279297,84.97284698486328,=,=
17.129003524780273,-18.836332321166992,identifier,interner
64.76811981201172,124.21749114990234,.,.
20.22267723083496,-17.808155059814453,identifier,internVariableName
-65.82819366455078,135.20301818847656,(,(
-27.931631088256836,9.191216468811035,identifier,name
64.32491302490234,141.34523010253906,.,.
5.0382184982299805,11.551197052001953,identifier,image
-161.7515869140625,-22.163463592529297,),)
-92.20746612548828,-132.12551879882812,;,;
33.776710510253906,-46.64970397949219,identifier,Variable
-47.905731201171875,-17.243244171142578,identifier,var
138.25401306152344,80.77648162841797,=,=
-83.98774719238281,-128.88330078125,;,;
150.4993133544922,27.27042579650879,if,if
-64.63126373291016,98.355224609375,(,(
11.63008975982666,-4.021243572235107,"""","""_"""
75.47607421875,139.72647094726562,.,.
25.49532127380371,39.64735794067383,identifier,equals
-61.56272888183594,137.04689025878906,(,(
-27.75706672668457,9.196788787841797,identifier,name
64.2360610961914,141.34014892578125,.,.
5.039615154266357,11.548718452453613,identifier,image
-178.9515838623047,-25.160449981689453,),)
-138.40403747558594,16.068761825561523,),)
125.08295440673828,-82.63363647460938,{,{
-47.83102035522461,-17.596450805664062,identifier,var
142.70660400390625,93.16728973388672,=,=
-1.9718797206878662,-21.280370712280273,identifier,variableContext
60.00053405761719,132.0588836669922,.,.
43.97539520263672,22.210535049438477,identifier,get
-58.395137786865234,134.3573455810547,(,(
-26.6754093170166,3.4334144592285156,identifier,nameId
-163.77853393554688,-30.80020523071289,),)
-67.3743896484375,-134.8625946044922,;,;
21.970285415649414,-161.41696166992188,},}
154.3933563232422,22.850948333740234,if,if
-58.56889343261719,102.52059173583984,(,(
-47.48737716674805,-17.998910903930664,identifier,var
86.9088363647461,40.79872512817383,!=,!=
-132.50140380859375,16.489070892333984,),)
121.17993927001953,-85.06417846679688,{,{
219.37867736816406,3.3105130195617676,return,return
-47.15656280517578,-18.563339233398438,identifier,var
-60.82624053955078,-134.0839385986328,;,;
30.18720817565918,-157.2489471435547,},}
13.644516944885254,-104.51704406738281,else,else
125.10202026367188,-95.50099182128906,{,{
-47.7784538269043,-17.715251922607422,identifier,var
137.43141174316406,96.57318115234375,=,=
154.6837615966797,-26.90024185180664,new,new
34.82323455810547,-46.66288375854492,identifier,Variable
-53.150901794433594,127.39801788330078,(,(
-26.53380584716797,3.6416354179382324,identifier,nameId
-5.420003890991211,211.11363220214844,",",","
-5.740379333496094,210.56024169921875,",",","
-27.318735122680664,8.94827938079834,identifier,name
52.63662338256836,144.75099182128906,.,.
5.050126552581787,11.54745101928711,identifier,image
76.70619201660156,138.78787231445312,.,.
24.71632194519043,38.60174560546875,identifier,equals
-45.967864990234375,117.49811553955078,(,(
11.777896881103516,-3.578451633453369,"""","""_"""
-187.1982879638672,-35.88127899169922,),)
-156.86056518554688,-44.51743698120117,),)
-75.17927551269531,-153.1064453125,;,;
-2.0420727729797363,-21.28546142578125,identifier,variableContext
47.0059814453125,129.35842895507812,.,.
36.32706832885742,21.678237915039062,identifier,put
-43.60171127319336,131.41241455078125,(,(
-26.327838897705078,3.768563985824585,identifier,nameId
-11.470727920532227,208.36329650878906,",",","
-46.890228271484375,-18.57537269592285,identifier,var
-163.79029846191406,-48.69352722167969,),)
-66.43670654296875,-153.22096252441406,;,;
220.54449462890625,7.3186750411987305,return,return
-46.93868637084961,-18.846227645874023,identifier,var
-48.33985900878906,-145.79946899414062,;,;
31.657581329345703,-179.63201904296875,},}
43.447391510009766,-159.19552612304688,},}
40.19748306274414,-31.05150604248047,identifier,decrementSizeAndCount
-113.17192840576172,88.87322998046875,(,(
32.92384338378906,-61.988033294677734,identifier,E
-18.482215881347656,-46.67262649536133,identifier,record
-154.1503143310547,43.94784927368164,),)
149.90408325195312,-75.16104888916016,{,{
152.8130340576172,34.428314208984375,if,if
-74.7626953125,98.52986907958984,(,(
20.917890548706055,-14.216351509094238,identifier,atomicallyCounted
-144.61009216308594,22.24561882019043,),)
125.17012023925781,-77.75914764404297,{,{
-27.176647186279297,25.827896118164062,identifier,count
65.1369400024414,127.31122589111328,.,.
31.34561538696289,16.040874481201172,identifier,decrementAndGet
-95.02822875976562,147.96656799316406,(,(
-165.9897003173828,-19.246929168701172,),)
-69.11002349853516,-127.89967346191406,;,;
20.796058654785156,-156.46389770507812,},}
154.58621215820312,29.44294548034668,if,if
-69.09293365478516,98.6586685180664,(,(
-1.4370981454849243,8.800018310546875,identifier,sizeable
-66.79114532470703,104.4098892211914,(,(
-18.540739059448242,-46.70872116088867,identifier,record
18.1385555267334,-29.45406150817871,identifier,Sizeable
-177.35455322265625,-23.085506439208984,),)
-140.976806640625,17.393054962158203,),)
129.77462768554688,-85.00481414794922,{,{
-19.33401107788086,-4.156416416168213,identifier,recordSize
140.8232421875,88.17359161376953,=,=
-63.672672271728516,107.64390563964844,(,(
-63.59296417236328,109.26183319091797,(,(
18.143335342407227,-29.458175659179688,identifier,Sizeable
-174.27865600585938,-7.571717262268066,),)
-18.538440704345703,-46.71405029296875,identifier,record
-187.9803466796875,-10.029946327209473,),)
61.3699951171875,145.9106903076172,.,.
13.585051536560059,-11.003284454345703,identifier,sizeof
-90.10759735107422,153.1955108642578,(,(
-168.84823608398438,-27.018592834472656,),)
-84.86932373046875,-137.5845947265625,;,;
-19.163463592529297,-3.517746686935425,identifier,oldSize
138.01910400390625,90.1444091796875,=,=
-4.099705696105957,9.019853591918945,identifier,dataSize
59.281517028808594,131.46148681640625,.,.
30.835060119628906,15.855020523071289,identifier,getAndAdd
-57.02207946777344,134.3074951171875,(,(
-21.06656837463379,-4.272090911865234,identifier,recordSize
-163.27401733398438,-32.397464752197266,),)
-80.18436431884766,-138.4645233154297,;,;
-17.21101188659668,-0.2715558707714081,identifier,newSize
137.23924255371094,91.18244934082031,=,=
-20.27123260498047,-2.639631986618042,identifier,oldSize
-15.058076858520508,51.23126220703125,+,+
-21.070289611816406,-4.280394077301025,identifier,recordSize
-76.17731475830078,-143.9878692626953,;,;
27.218475341796875,-5.374634265899658,identifier,signalOnSizeThresholdCrossing
-51.3425407409668,127.56816101074219,(,(
-20.226261138916016,-2.270174980163574,identifier,oldSize
-7.530360698699951,210.81411743164062,",",","
-17.740798950195312,0.4623914062976837,identifier,newSize
-163.05673217773438,-41.60823059082031,),)
-62.06704330444336,-141.9759979248047,;,;
30.778501510620117,-158.4743194580078,},}
13.779396057128906,-103.41049194335938,else,else
160.07778930664062,21.342161178588867,if,if
-50.229713439941406,100.61277770996094,(,(
-1.4395173788070679,8.799519538879395,identifier,sizeable
-126.54400634765625,13.598554611206055,),)
123.33677673339844,-94.3573226928711,{,{
-19.42755699157715,-2.9195375442504883,identifier,oldSize
132.8241729736328,97.06855773925781,=,=
-4.098097801208496,9.020379066467285,identifier,dataSize
42.40622329711914,137.0127410888672,.,.
31.11805534362793,15.940882682800293,identifier,getAndDecrement
-84.28970336914062,163.37184143066406,(,(
-171.89088439941406,-45.42721176147461,),)
-73.70576477050781,-155.44154357910156,;,;
-17.2065486907959,-0.26782700419425964,identifier,newSize
132.0249481201172,97.97686767578125,=,=
-20.23000144958496,-2.146780014038086,identifier,oldSize
-71.63285827636719,-158.82586669921875,;,;
27.258644104003906,-5.277009010314941,identifier,signalOnSizeThresholdCrossing
-41.020904541015625,134.92550659179688,(,(
-20.125242233276367,-1.845427393913269,identifier,oldSize
-13.258691787719727,209.55380249023438,",",","
-17.772674560546875,0.5017423033714294,identifier,newSize
-159.1060791015625,-53.77686309814453,),)
-54.90999984741211,-153.23770141601562,;,;
31.509910583496094,-180.56214904785156,},}
45.275962829589844,-159.35272216796875,},}
47.781959533691406,-32.291263580322266,identifier,process
-115.77395629882812,82.76824951171875,(,(
53.82353591918945,-54.50398254394531,identifier,Map
99.08946228027344,4.514946460723877,<,<
50.20357894897461,-92.46147155761719,identifier,String
3.450688600540161,231.68321228027344,",",","
42.138816833496094,-63.76877212524414,identifier,Object
106.29336547851562,-23.378154754638672,>,>
-7.087124347686768,-36.95665740966797,identifier,config
-8.18474292755127,237.26075744628906,",",","
54.052024841308594,-54.59518814086914,identifier,Map
98.5775375366211,5.367576599121094,<,<
50.09794235229492,-91.76575469970703,identifier,String
4.096982479095459,232.37464904785156,",",","
42.39649200439453,-63.81808090209961,identifier,Object
104.79258728027344,-22.918569564819336,>,>
-9.968609809875488,-33.87157440185547,identifier,templateParams
-4.352444171905518,232.894287109375,",",","
15.376476287841797,-47.47977828979492,identifier,HttpServletResponse
-32.23954772949219,-66.51988983154297,identifier,response
-4.768068313598633,232.3792724609375,",",","
12.638016700744629,-46.033782958984375,identifier,ProxyResponse
12.37269115447998,-46.00831985473633,identifier,proxyResponse
-144.63246154785156,40.84688186645508,),)
56.35047912597656,-16.493358612060547,identifier,IOException
143.54884338378906,-81.75675964355469,{,{
59.48445129394531,-1.9416066408157349,identifier,LOG
58.0019645690918,121.07652282714844,.,.
57.713687896728516,3.2897274494171143,identifier,debug
-59.58834457397461,118.27374267578125,(,(
16.27261734008789,-14.71484088897705,"""","""process(Map<String, Object> {}, SlingHttpServletResponse response, ProxyResponse proxyResponse)"""
-5.645838260650635,215.56101989746094,",",","
-21.596982955932617,-29.184701919555664,identifier,templateParams
-160.4969024658203,-33.134544372558594,),)
-82.44599151611328,-136.8757781982422,;,;
153.67420959472656,22.532262802124023,if,if
-58.07950210571289,101.19218444824219,(,(
-21.932836532592773,-29.073345184326172,identifier,templateParams
76.54778289794922,52.67927932739258,==,==
-1.6463385820388794,-16.395280838012695,identifier,tltppp
52.83482360839844,148.0732879638672,.,.
10.52988338470459,4.184449195861816,identifier,hostname
76.59845733642578,139.0586395263672,.,.
25.496715545654297,38.98769760131836,identifier,equals
-48.181915283203125,113.50595092773438,(,(
-22.313770294189453,-29.08921241760254,identifier,templateParams
49.13740921020508,140.44007873535156,.,.
43.309574127197266,23.952707290649414,identifier,get
-47.24070739746094,122.020751953125,(,(
13.267799377441406,-2.830366849899292,"""","""hostname"""
-184.0016632080078,-33.05311965942383,),)
-181.3509063720703,-37.04960632324219,),)
-1.6128780841827393,-16.393936157226562,identifier,tltppp
52.7783317565918,148.0763702392578,.,.
8.63927173614502,6.133509635925293,identifier,port
84.53550720214844,38.064998626708984,!=,!=
-62.01256561279297,110.48171997070312,(,(
46.69048309326172,-43.417625427246094,identifier,Integer
-175.166259765625,-6.724673271179199,),)
-22.454206466674805,-29.07895851135254,identifier,templateParams
48.627540588378906,140.11143493652344,.,.
43.26893997192383,23.94513702392578,identifier,get
-47.1073112487793,121.94992065429688,(,(
13.570082664489746,-1.221886157989502,"""","""port"""
-189.76922607421875,-33.94622039794922,),)
-128.78768920898438,9.423384666442871,),)
117.5332260131836,-91.72284698486328,{,{
-30.711030960083008,-68.18511962890625,identifier,response
43.513465881347656,130.33372497558594,.,.
44.430885314941406,4.127962112426758,identifier,sendError
-39.89679718017578,125.65300750732422,(,(
14.847519874572754,-47.80529022216797,identifier,HttpServletResponse
41.8734245300293,115.25653076171875,.,.
10.041461944580078,0.6300131678581238,identifier,SC_BAD_REQUEST
-157.7406463623047,-50.639320373535156,),)
-62.43142318725586,-154.6982879638672,;,;
224.09014892578125,-0.1237199530005455,return,return
-52.46480178833008,-146.48719787597656,;,;
26.389453887939453,-166.5954132080078,},}
-0.6765931844711304,-16.782115936279297,identifier,dpppi
40.615108489990234,127.8692626953125,.,.
47.99294662475586,-32.20541763305664,identifier,process
-41.312992095947266,137.89259338378906,(,(
-7.0324530601501465,-36.91579055786133,identifier,config
-14.698526382446289,213.91561889648438,",",","
-9.999739646911621,-33.695709228515625,identifier,templateParams
-15.396339416503906,213.75582885742188,",",","
-31.55757713317871,-66.07357788085938,identifier,response
-15.580601692199707,213.6941680908203,",",","
11.986051559448242,-45.98390579223633,identifier,proxyResponse
-157.663330078125,-56.70022964477539,),)
-62.958335876464844,-158.42018127441406,;,;
224.5619354248047,0.06748694181442261,return,return
-47.910892486572266,-151.81126403808594,;,;
49.85303497314453,-152.70606994628906,},}
59.94046401977539,-28.427669525146484,identifier,Override
41.97142791748047,-41.548274993896484,identifier,ODocument
44.501033782958984,-37.46342086791992,identifier,getRecord
-119.20036315917969,91.4011001586914,(,(
-158.426025390625,46.521331787109375,),)
150.1032257080078,-72.77727508544922,{,{
153.06561279296875,35.35115432739258,if,if
-74.1277084350586,97.40274810791016,(,(
1.426105260848999,-37.392852783203125,identifier,rawElement
76.13529968261719,49.05689239501953,==,==
-143.16842651367188,22.516475677490234,),)
134.14852905273438,-81.15495300292969,{,{
41.976314544677734,-41.5587158203125,identifier,ODocument
-46.70038986206055,-23.711666107177734,identifier,tmp
143.90652465820312,80.69815826416016,=,=
157.58523559570312,-26.635295867919922,new,new
41.9885139465332,-41.54930877685547,identifier,ODocument
-71.6437759399414,133.01768493652344,(,(
21.533437728881836,-12.643219947814941,identifier,getClassName
-64.28765869140625,138.89825439453125,(,(
-18.16050910949707,8.110060691833496,identifier,label
-176.28712463378906,-21.400371551513672,),)
-190.44439697265625,-10.371707916259766,),)
62.32041549682617,148.2713623046875,.,.
20.342466354370117,-15.710658073425293,identifier,setTrackingChanges
-67.71519470214844,128.7102508544922,(,(
-160.7579803466797,-20.968050003051758,),)
-92.55010223388672,-135.17002868652344,;,;
-47.43038558959961,-23.66297149658203,identifier,tmp
57.024288177490234,127.59490203857422,.,.
8.57996940612793,28.41210174560547,identifier,field
-62.180721282958984,122.23728942871094,(,(
12.789800643920898,-24.018463134765625,identifier,OrientBaseGraph
37.97193145751953,109.97838592529297,.,.
5.250295639038086,-5.837339401245117,identifier,CONNECTION_IN
-4.376552104949951,202.4129180908203,",",","
2.612903118133545,-8.656672477722168,identifier,vIn
62.98222351074219,140.29905700683594,.,.
1.623137354850769,10.321847915649414,identifier,getIdentity
-92.88725280761719,154.9046630859375,(,(
-184.529052734375,-22.554407119750977,),)
-158.27806091308594,-29.35650634765625,),)
-84.91639709472656,-142.54637145996094,;,;
-47.53818130493164,-23.613195419311523,identifier,tmp
56.46074295043945,127.3037109375,.,.
8.526671409606934,28.342092514038086,identifier,field
-61.70701217651367,123.23393249511719,(,(
12.769769668579102,-24.05954933166504,identifier,OrientBaseGraph
38.23291778564453,110.9059829711914,.,.
5.109966278076172,-6.000577449798584,identifier,CONNECTION_OUT
-4.416604995727539,203.4510498046875,",",","
2.603071928024292,-8.639328956604004,identifier,vOut
59.96275329589844,142.82798767089844,.,.
1.6252219676971436,10.323006629943848,identifier,getIdentity
-91.07206726074219,159.26004028320312,(,(
-186.76937866210938,-25.1516056060791,),)
-158.9078369140625,-35.87114334106445,),)
-80.02400207519531,-140.48716735839844,;,;
155.18702697753906,20.899736404418945,if,if
-54.837196350097656,101.02120971679688,(,(
-18.17455291748047,8.081330299377441,identifier,label
86.09394073486328,40.413429260253906,!=,!=
-3.066844940185547,-3.1095471382141113,identifier,settings
87.65868377685547,39.66345977783203,!=,!=
-3.0661306381225586,-3.1084306240081787,identifier,settings
53.05971908569336,143.1349334716797,.,.
22.234220504760742,-5.252169609069824,identifier,isUseClassForEdgeLabel
-91.72460174560547,165.1024169921875,(,(
-189.21202087402344,-29.73504066467285,),)
-134.04150390625,5.5869927406311035,),)
-47.63013458251953,-23.3702449798584,identifier,tmp
47.17689514160156,131.34027099609375,.,.
8.30894947052002,28.100814819335938,identifier,field
-43.6238899230957,122.66082763671875,(,(
12.901830673217773,-24.58085823059082,identifier,OrientEdge
39.52340316772461,113.80143737792969,.,.
7.324924468994141,-0.958145260810852,identifier,LABEL_FIELD_NAME
-7.23820161819458,203.48797607421875,",",","
-18.17999839782715,8.08193588256836,identifier,label
-164.2180938720703,-49.369136810302734,),)
-67.05982971191406,-153.49354553222656,;,;
220.37925720214844,7.32896089553833,return,return
-48.03826141357422,-21.446258544921875,identifier,tmp
-48.4654655456543,-145.70733642578125,;,;
28.402185440063477,-169.84681701660156,},}
219.32017517089844,9.165950775146484,return,return
38.313819885253906,133.15525817871094,.,.
44.51900863647461,-37.49932861328125,identifier,getRecord
-83.05900573730469,166.44735717773438,(,(
-175.70944213867188,-45.50200653076172,),)
-50.76472854614258,-150.84237670898438,;,;
46.13835144042969,-152.146484375,},}
28.052528381347656,-37.09524917602539,identifier,HollowHistoricalStateDataAccess
39.20563888549805,-28.156330108642578,identifier,createBasedOnNewDelta
-109.82230377197266,85.43704986572266,(,(
-5.352095603942871,3.158107042312622,identifier,version
-5.706798553466797,234.15382385253906,",",","
23.763986587524414,-34.3730354309082,identifier,HollowReadStateEngine
-3.8632214069366455,-37.782752990722656,identifier,stateEngine
-146.13040161132812,40.02265930175781,),)
144.61605834960938,-80.88335418701172,{,{
21.428192138671875,-27.75649070739746,identifier,IntMapOrdinalRemapper
-15.753652572631836,-12.680418014526367,identifier,typeRemovedOrdinalMapping
141.5890655517578,82.99468994140625,=,=
157.86587524414062,-24.770130157470703,new,new
21.26618003845215,-27.642717361450195,identifier,IntMapOrdinalRemapper
-90.282958984375,149.3065948486328,(,(
-168.85935974121094,-23.10362434387207,),)
-87.72055053710938,-135.1494903564453,;,;
58.06788635253906,-51.691978454589844,identifier,List
95.4654769897461,5.872589588165283,<,<
22.142532348632812,-34.12538528442383,identifier,HollowTypeReadState
101.64653778076172,-24.592472076416016,>,>
-19.28508186340332,-10.81075382232666,identifier,historicalTypeStates
135.00767517089844,86.58698272705078,=,=
159.56333923339844,-23.985515594482422,new,new
59.0209846496582,-47.120521545410156,identifier,ArrayList
93.8674545288086,6.330611705780029,<,<
22.00261116027832,-34.08122634887695,identifier,HollowTypeReadState
99.64714050292969,-22.06382179260254,>,>
-55.53329086303711,110.980712890625,(,(
-4.20632266998291,-37.07966995239258,identifier,stateEngine
57.79679489135742,140.79379272460938,.,.
7.363558769226074,-12.902084350585938,identifier,getTypeStates
-94.01194763183594,161.37461853027344,(,(
-192.5377197265625,-17.345781326293945,),)
68.52666473388672,143.21701049804688,.,.
4.671841621398926,37.4709587097168,identifier,size
-89.38740539550781,160.45870971679688,(,(
-187.2689971923828,-26.460681915283203,),)
-157.9871826171875,-37.79460144042969,),)
-78.50730895996094,-141.3839874267578,;,;
133.39630126953125,17.197837829589844,for,for
-56.144649505615234,94.31221771240234,(,(
22.085697174072266,-34.16756820678711,identifier,HollowTypeReadState
-29.59064292907715,-13.468199729919434,identifier,typeState
-4.106540203094482,-37.12330627441406,identifier,stateEngine
51.449527740478516,142.44374084472656,.,.
7.321996212005615,-12.817401885986328,identifier,getTypeStates
-91.62860107421875,165.90904235839844,(,(
-189.30909729003906,-29.93998146057129,),)
-129.73097229003906,11.204206466674805,),)
121.300048828125,-92.14442443847656,{,{
26.759429931640625,-2.308969020843506,identifier,createDeltaHistoricalTypeState
-43.15144729614258,136.8838348388672,(,(
-14.249726295471191,-12.45356559753418,identifier,typeRemovedOrdinalMapping
-11.14016342163086,212.81492614746094,",",","
-14.684782028198242,-13.62338924407959,identifier,historicalTypeStates
-10.989228248596191,211.99497985839844,",",","
-29.7917537689209,-13.34206485748291,identifier,typeState
-162.71478271484375,-51.149051666259766,),)
-57.92272186279297,-150.24029541015625,;,;
25.45220375061035,-167.099609375,},}
23.571693420410156,-32.70628356933594,identifier,HollowHistoricalStateDataAccess
-38.3765869140625,-28.186431884765625,identifier,dataAccess
130.3835906982422,93.9705810546875,=,=
153.6384735107422,-28.491872787475586,new,new
23.554283142089844,-32.539390563964844,identifier,HollowHistoricalStateDataAccess
-42.24237823486328,139.4761199951172,(,(
16.65591812133789,2.823606014251709,identifier,totalHistory
-15.323246002197266,214.92364501953125,",",","
-5.383291721343994,3.1162564754486084,identifier,version
-15.629470825195312,214.84767150878906,",",","
-3.4944560527801514,-37.151832580566406,identifier,stateEngine
-16.47679901123047,214.30941772460938,",",","
-14.577949523925781,-13.36561393737793,identifier,historicalTypeStates
-16.725814819335938,214.13510131835938,",",","
-14.302165985107422,-12.659658432006836,identifier,typeRemovedOrdinalMapping
-17.219356536865234,213.4970245361328,",",","
45.46555709838867,11.318655967712402,identifier,Collections
55.810943603515625,112.9027099609375,.,.
95.06978607177734,3.544234275817871,<,<
48.623008728027344,-91.26561737060547,identifier,String
5.927124977111816,232.38601684570312,",",","
22.715572357177734,-32.43696975708008,identifier,HollowHistoricalSchemaChange
103.09590911865234,-20.359106063842773,>,>
45.07596969604492,12.411294937133789,identifier,emptyMap
-84.97150421142578,170.3486785888672,(,(
-181.5904998779297,-27.328125,),)
-153.15145874023438,-49.04239273071289,),)
-62.22911834716797,-160.63748168945312,;,;
-39.137020111083984,-27.457624435424805,identifier,dataAccess
57.793697357177734,131.94271850585938,.,.
18.5898380279541,-9.498262405395508,identifier,setNextState
-55.19642639160156,140.23995971679688,(,(
-3.4514119625091553,-37.103824615478516,identifier,stateEngine
-157.4575958251953,-59.19816970825195,),)
-61.9964599609375,-159.8355712890625,;,;
217.4921417236328,12.063100814819336,return,return
-39.149681091308594,-27.319129943847656,identifier,dataAccess
-45.10542297363281,-153.37583923339844,;,;
51.21253204345703,-154.1565704345703,},}
39.483154296875,-31.757946014404297,identifier,hashTableSize
-114.03646850585938,88.5062026977539,(,(
-21.259523391723633,-24.969995498657227,identifier,numElements
-151.8407745361328,44.97979736328125,),)
46.31215286254883,-10.095306396484375,identifier,IllegalArgumentException
149.5166015625,-78.33917236328125,{,{
155.34422302246094,34.209354400634766,if,if
-72.60894012451172,98.9002685546875,(,(
-21.51174545288086,-24.5015811920166,identifier,numElements
73.87858581542969,31.495342254638672,<,<
-143.4423370361328,20.787860870361328,),)
123.36346435546875,-78.39632415771484,{,{
150.06729125976562,-22.915607452392578,new,new
45.93983459472656,-9.16395092010498,identifier,IllegalArgumentException
-57.57218933105469,118.24169921875,(,(
17.62180519104004,-11.970250129699707,"""","""cannot be negative; numElements="""
-15.005334854125977,55.13138198852539,+,+
-20.754087448120117,-23.997390747070312,identifier,numElements
-154.70384216308594,-26.987646102905273,),)
-68.96207427978516,-131.27256774902344,;,;
27.30640983581543,-156.38206481933594,},}
12.028773307800293,-104.38211822509766,else,else
159.2176971435547,24.926795959472656,if,if
-64.28461456298828,102.1179428100586,(,(
-21.58904266357422,-24.248437881469727,identifier,numElements
77.23426055908203,34.487972259521484,>,>
7.562941551208496,-5.61448335647583,identifier,HASH_TABLE_MAX_SIZE
-136.43435668945312,16.578506469726562,),)
122.22344970703125,-83.67334747314453,{,{
151.20065307617188,-22.47855567932129,new,new
45.54227828979492,-8.604482650756836,identifier,IllegalArgumentException
-57.18558120727539,120.52830505371094,(,(
17.144481658935547,-8.191973686218262,"""","""exceeds maximum number of buckets; numElements="""
-14.826251983642578,54.793067932128906,+,+
-20.811683654785156,-23.78472900390625,identifier,numElements
-159.8348846435547,-39.76471710205078,),)
-62.46795654296875,-138.4378662109375,;,;
23.504497528076172,-164.110595703125,},}
157.23733520507812,21.040081024169922,if,if
-53.53782653808594,100.87208557128906,(,(
-21.869224548339844,-23.799488067626953,identifier,numElements
73.04017639160156,49.178565979003906,==,==
-134.64193725585938,8.27082347869873,),)
220.58726501464844,3.895750045776367,return,return
-67.66842651367188,-145.00018310546875,;,;
156.3997039794922,19.63687515258789,if,if
-51.05518341064453,103.23152923583984,(,(
-21.937244415283203,-23.468246459960938,identifier,numElements
73.1404800415039,30.970884323120117,<,<
-134.5704803466797,7.965447902679443,),)
220.24827575683594,4.492474555969238,return,return
-22.091686248779297,-23.184772491455078,identifier,numElements
-68.53262329101562,-146.85902404785156,;,;
-13.7300443649292,-5.049518585205078,identifier,sizeAfterLoadFactor
131.43658447265625,96.3293685913086,=,=
-61.39720153808594,110.082763671875,(,(
-176.06597900390625,-6.618923664093018,),)
-60.736724853515625,110.12454986572266,(,(
-61.514896392822266,110.04853820800781,(,(
-175.3729705810547,-6.9566497802734375,),)
-22.104488372802734,-23.02985954284668,identifier,numElements
-156.38853454589844,-50.61289596557617,),)
-68.99292755126953,-156.51956176757812,;,;
-7.9482526779174805,1.3274818658828735,identifier,bits
130.022705078125,95.61714172363281,=,=
36.35240936279297,-13.539986610412598,identifier,Integer
41.98066329956055,123.45425415039062,.,.
18.853418350219727,2.1681647300720215,identifier,numberOfLeadingZeros
-38.12334060668945,135.6529998779297,(,(
-13.882157325744629,-5.436609268188477,identifier,sizeAfterLoadFactor
-156.7749786376953,-54.01949691772461,),)
-65.08486938476562,-158.88839721679688,;,;
216.04783630371094,10.695646286010742,return,return
-7.953953266143799,1.3257076740264893,identifier,bits
-46.80022048950195,-152.3248291015625,;,;
49.352542877197266,-153.08377075195312,},}
99.13245391845703,1.7252085208892822,<,<
30.994007110595703,-68.49104309082031,identifier,T
107.01042175292969,-26.305978775024414,>,>
31.68149757385254,-33.11719512939453,identifier,QueryResults
100.57767486572266,3.6141281127929688,<,<
30.611536026000977,-68.19109344482422,identifier,T
106.32574462890625,-25.421323776245117,>,>
37.90324401855469,-27.263444900512695,identifier,queryNormal
-110.221435546875,85.91250610351562,(,(
25.228288650512695,-40.6978759765625,identifier,EntityQuery
-19.238561630249023,-50.32996368408203,identifier,query
-6.789967060089111,234.4884490966797,",",","
-2.8767600059509277,-29.64166831970215,identifier,chunkSize
-146.8726348876953,41.91950988769531,),)
144.2855224609375,-79.656982421875,{,{
59.28301239013672,-3.605398654937744,identifier,log
58.31574249267578,120.55394744873047,.,.
58.517765045166016,2.564206123352051,identifier,trace
-58.98046112060547,117.62258911132812,(,(
18.20405387878418,-12.903863906860352,"""","""Starting normal query"""
-157.06956481933594,-21.02448272705078,),)
-90.88935089111328,-132.00253295898438,;,;
17.63803482055664,-39.22091293334961,identifier,LoadEngine
-0.7331231832504272,-36.59757614135742,identifier,loadEngine
141.53201293945312,85.33042907714844,=,=
16.5390682220459,-21.635820388793945,identifier,loader
63.240474700927734,132.35845947265625,.,.
19.354835510253906,-21.521915435791016,identifier,createLoadEngine
-90.88108825683594,150.1057891845703,(,(
-168.79823303222656,-23.705974578857422,),)
-87.9605484008789,-136.03392028808594,;,;
31.140539169311523,-32.98632049560547,identifier,QueryResults
96.9722900390625,8.105561256408691,<,<
25.143695831298828,-41.04484558105469,identifier,Entity
101.73165130615234,-24.113656997680664,>,>
-23.107099533081055,-10.56747817993164,identifier,entityResults
137.64881896972656,87.29240417480469,=,=
-36.88627624511719,-43.73207473754883,identifier,ds
59.96385192871094,131.0113067626953,.,.
52.241539001464844,-31.370763778686523,identifier,run
-59.84563064575195,133.8772430419922,(,(
-19.246461868286133,-50.3452033996582,identifier,query
-162.49996948242188,-31.44321060180664,),)
-82.12043762207031,-139.19171142578125,;,;
31.172054290771484,-32.88513946533203,identifier,QueryResults
96.31668853759766,8.590425491333008,<,<
30.96975326538086,-13.955294609069824,identifier,com
48.09381866455078,110.00907135009766,.,.
30.899826049804688,-13.590524673461914,identifier,google
47.947113037109375,109.85717010498047,.,.
30.823522567749023,-13.236692428588867,identifier,cloud
47.66392517089844,109.62117004394531,.,.
30.719928741455078,-12.844367980957031,identifier,datastore
47.35198974609375,109.39955139160156,.,.
15.353104591369629,-43.430789947509766,identifier,Key
102.19843292236328,-26.174081802368164,>,>
-21.364469528198242,-9.871803283691406,identifier,stuffed
133.45645141601562,91.4343490600586,=,=
154.19448852539062,-26.212081909179688,new,new
26.614870071411133,-6.688882827758789,identifier,StuffingQueryResults
-51.89271545410156,128.48162841796875,(,(
-2.1705422401428223,-35.988853454589844,identifier,loadEngine
-7.399930477142334,211.78564453125,",",","
-23.508779525756836,-10.42811107635498,identifier,entityResults
-164.27423095703125,-42.82651901245117,),)
-72.92407989501953,-150.11785888671875,;,;
31.372997283935547,-32.490604400634766,identifier,QueryResults
100.27880859375,7.733567714691162,<,<
15.355804443359375,-43.4365234375,identifier,Key
101.44864654541016,7.052191257476807,<,<
29.744504928588867,-68.65702056884766,identifier,T
108.20015716552734,-23.790443420410156,>,>
102.9555892944336,-26.669715881347656,>,>
-23.7105712890625,-11.64803409576416,identifier,keyResults
132.07872009277344,93.95280456542969,=,=
153.71859741210938,-26.904172897338867,new,new
31.335622787475586,-31.61808967590332,identifier,KeyQueryResults
88.88375091552734,1.7858214378356934,<,<>
-45.24148178100586,137.81625366210938,(,(
-21.267780303955078,-9.577237129211426,identifier,stuffed
-165.17037963867188,-50.96566390991211,),)
-69.31524658203125,-153.96949768066406,;,;
217.20140075683594,8.568081855773926,return,return
152.82449340820312,-28.206701278686523,new,new
31.240705490112305,-31.09000015258789,identifier,HybridQueryResults
88.9112319946289,1.7898955345153809,<,<>
-42.81325912475586,138.85813903808594,(,(
-2.202247142791748,-36.009002685546875,identifier,loadEngine
-13.848917961120605,212.8560333251953,",",","
-23.91537094116211,-10.642176628112793,identifier,keyResults
-13.718619346618652,214.01499938964844,",",","
-2.8844752311706543,-29.618289947509766,identifier,chunkSize
-158.54974365234375,-53.94560241699219,),)
-51.362648010253906,-153.07769775390625,;,;
47.776607513427734,-152.74456787109375,},}
35.811729431152344,-36.77924728393555,identifier,CalendarDate
48.994529724121094,-22.42574119567871,identifier,of
-113.69058990478516,82.78075408935547,(,(
19.335294723510742,-64.60824584960938,identifier,Calendar
-18.054677963256836,-64.6814193725586,identifier,cal
-9.354825019836426,239.10235595703125,",",","
2.3052611351013184,-29.99177360534668,identifier,year
-10.670428276062012,235.24179077148438,",",","
1.320151448249817,-29.548925399780273,identifier,monthOfYear
-10.331144332885742,233.8596954345703,",",","
1.1848108768463135,-29.31513786315918,identifier,dayOfMonth
-9.299895286560059,232.13055419921875,",",","
0.030876250937581062,-28.098182678222656,identifier,hourOfDay
-9.098089218139648,231.51309204101562,",",","
-0.45456835627555847,-28.040815353393555,identifier,minuteOfHour
-8.824823379516602,231.11439514160156,",",","
-0.7032560110092163,-27.978363037109375,identifier,secondOfMinute
-144.59840393066406,42.267574310302734,),)
144.3691864013672,-81.70294189453125,{,{
24.00713348388672,-24.137859344482422,identifier,Chronology
-31.871030807495117,-42.22785568237305,identifier,base
141.2462158203125,85.09547424316406,=,=
19.16286849975586,-65.02117156982422,identifier,Calendar
62.99007797241211,121.63167572021484,.,.
24.023574829101562,-23.82903289794922,identifier,getChronology
-63.23219299316406,136.57791137695312,(,(
-18.144603729248047,-64.98253631591797,identifier,cal
-162.5914764404297,-25.218454360961914,),)
-87.76348876953125,-135.67840576171875,;,;
26.174991607666016,-28.400676727294922,identifier,DateTime
-43.16130828857422,-14.155569076538086,identifier,dt
136.95693969726562,85.79373168945312,=,=
155.46310424804688,-24.785722732543945,new,new
26.18259620666504,-28.37639045715332,identifier,DateTime
-57.21099853515625,129.1112518310547,(,(
2.4323885440826416,-29.787450790405273,identifier,year
0.8586380481719971,218.02203369140625,",",","
1.7870222330093384,-29.012819290161133,identifier,monthOfYear
0.7215544581413269,217.83143615722656,",",","
1.5971277952194214,-28.817758560180664,identifier,dayOfMonth
0.4483826160430908,217.53173828125,",",","
0.5156788229942322,-27.502586364746094,identifier,hourOfDay
0.22682470083236694,217.3046417236328,",",","
0.3905920088291168,-27.050941467285156,identifier,minuteOfHour
-0.030014140531420708,217.2657928466797,",",","
0.28359660506248474,-26.799482345581055,identifier,secondOfMinute
-1.0875104665756226,216.79673767089844,",",","
-31.89647102355957,-42.21200180053711,identifier,base
-161.22299194335938,-34.46118927001953,),)
-80.0084228515625,-140.31390380859375,;,;
155.06185913085938,21.115705490112305,if,if
-55.493560791015625,100.75748443603516,(,(
19.13298225402832,-65.09495544433594,identifier,Calendar
46.70452880859375,123.48609161376953,.,.
26.48370933532715,5.286109924316406,identifier,isDefaultChronology
-50.34992599487305,135.04428100585938,(,(
-18.272424697875977,-65.19869232177734,identifier,cal
-185.76185607910156,-32.41563034057617,),)
-134.3663330078125,6.383799076080322,),)
-43.82489013671875,-14.332528114318848,identifier,dt
136.35400390625,95.74170684814453,=,=
-44.101402282714844,-14.651129722595215,identifier,dt
47.070762634277344,137.06134033203125,.,.
25.402347564697266,5.194132328033447,identifier,withChronology
-41.115047454833984,124.18695831298828,(,(
19.13035011291504,-65.09949493408203,identifier,Calendar
46.65317153930664,123.58164978027344,.,.
24.07208251953125,-23.642427444458008,identifier,getChronology
-48.45688247680664,135.2830810546875,(,(
-18.349151611328125,-65.28600311279297,identifier,cal
-186.8343963623047,-34.33982467651367,),)
-157.17840576171875,-44.26280212402344,),)
-76.17996978759766,-152.03329467773438,;,;
-44.036773681640625,-14.159154891967773,identifier,dt
136.23545837402344,97.54763793945312,=,=
-44.20108413696289,-14.701693534851074,identifier,dt
46.68768310546875,137.43777465820312,.,.
25.228923797607422,5.335354804992676,identifier,withZone
-40.74991989135742,124.57786560058594,(,(
24.967418670654297,6.021599292755127,identifier,DateTimeZone
41.97468185424805,114.33969116210938,.,.
24.65907859802246,6.4287919998168945,identifier,UTC
-166.75782775878906,-48.35453796386719,),)
-68.48246002197266,-154.03121948242188,;,;
217.87193298339844,8.65395736694336,return,return
152.49766540527344,-27.796689987182617,new,new
35.810302734375,-36.799259185791016,identifier,CalendarDate
-43.331966400146484,138.26734924316406,(,(
-18.4555721282959,-65.3456802368164,identifier,cal
-12.722283363342285,211.1885986328125,",",","
-44.351539611816406,-15.093362808227539,identifier,dt
-161.677001953125,-54.22392654418945,),)
-51.676578521728516,-151.49612426757812,;,;
46.70082473754883,-152.83790588378906,},}
40.364593505859375,-28.97105598449707,identifier,createRuleFlowSampleLauncher
-112.24754333496094,89.35890197753906,(,(
2.4587419033050537,-54.7712287902832,identifier,IJavaProject
1.9579755067825317,-54.8328971862793,identifier,project
-153.3415069580078,40.84850311279297,),)
47.52509307861328,-14.242781639099121,identifier,JavaModelException
-2.6763296127319336,230.55023193359375,",",","
56.049076080322266,-16.964130401611328,identifier,IOException
143.5680389404297,-77.58755493164062,{,{
53.05453872680664,-85.02288055419922,identifier,String
-40.17597198486328,-10.181404113769531,identifier,s
-88.46036529541016,-125.94912719726562,;,;
-3.6439664363861084,4.751166820526123,identifier,Version
-4.302218914031982,4.765693664550781,identifier,version
145.62405395507812,84.70741271972656,=,=
17.00808334350586,-17.27652359008789,identifier,startPage
64.47689056396484,132.14358520507812,.,.
18.289634704589844,-18.218446731567383,identifier,getRuntime
-100.81822204589844,156.73992919921875,(,(
-191.16087341308594,-13.965777397155762,),)
62.631900787353516,147.4691925048828,.,.
-1.8739023208618164,4.4536519050598145,identifier,getVersion
-94.72142791748047,150.88348388671875,(,(
-168.06402587890625,-21.699626922607422,),)
-87.70695495605469,-130.34384155273438,;,;
150.0187225341797,28.115083694458008,if,if
-66.0843734741211,98.52330780029297,(,(
-5.273044586181641,5.246562957763672,identifier,version
67.40640258789062,136.11328125,.,.
6.046506881713867,4.895284652709961,identifier,getMajor
-95.84809875488281,161.36793518066406,(,(
-190.9632110595703,-19.945344924926758,),)
71.56670379638672,48.26567077636719,==,==
-138.2772979736328,18.100496292114258,),)
124.08647155761719,-82.48101806640625,{,{
-41.29753112792969,-10.123687744140625,identifier,s
143.94183349609375,99.09429168701172,=,=
11.183313369750977,-10.516249656677246,"""","""org/drools/eclipse/wizard/project/RuleFlowLauncherSample_4.java.template"""
-65.28225708007812,-134.9131622314453,;,;
28.627124786376953,-157.57713317871094,},}
12.284612655639648,-103.64303588867188,else,else
159.52133178710938,23.12127113342285,if,if
-55.125545501708984,99.87703704833984,(,(
-5.502476692199707,5.290143966674805,identifier,version
54.61665725708008,143.39202880859375,.,.
6.10875129699707,4.850160598754883,identifier,getMajor
-95.61141967773438,161.9457244873047,(,(
-191.54556274414062,-20.36130142211914,),)
71.60421752929688,48.229888916015625,==,==
-5.528842449188232,5.262242317199707,identifier,version
54.14579391479492,143.4326934814453,.,.
7.11038875579834,3.9700326919555664,identifier,getMinor
-92.66573333740234,164.41207885742188,(,(
-192.48696899414062,-20.960214614868164,),)
72.11517333984375,48.2538948059082,==,==
-124.80501556396484,10.380770683288574,),)
118.41415405273438,-90.28799438476562,{,{
-41.314510345458984,-10.2490873336792,identifier,s
143.660400390625,99.40541076660156,=,=
9.99682903289795,-9.965328216552734,"""","""org/drools/eclipse/wizard/project/RuleFlowLauncherSample.java.template"""
-60.2761344909668,-151.0267791748047,;,;
29.698848724365234,-158.93948364257812,},}
13.317892074584961,-102.6393814086914,else,else
160.99562072753906,21.294116973876953,if,if
-47.37517166137695,102.90347290039062,(,(
-5.533737659454346,5.230921268463135,identifier,version
54.8838996887207,143.7259063720703,.,.
6.1012468338012695,4.864572048187256,identifier,getMajor
-94.02233123779297,167.46865844726562,(,(
-192.70469665527344,-20.92278480529785,),)
71.85356140136719,47.77958297729492,==,==
-124.75665283203125,9.843741416931152,),)
117.87168884277344,-89.58330535888672,{,{
-41.423484802246094,-10.1912841796875,identifier,s
143.8529052734375,99.43412017822266,=,=
10.23737907409668,-9.980518341064453,"""","""org/drools/eclipse/wizard/project/ProcessLauncherSample_bpmn_5.java.template"""
-54.141929626464844,-159.14596557617188,;,;
28.75714111328125,-156.132568359375,},}
13.807289123535156,-105.70437622070312,else,else
117.26609802246094,-85.63165283203125,{,{
-41.43318557739258,-10.064912796020508,identifier,s
144.13438415527344,99.35332489013672,=,=
10.495939254760742,-10.266660690307617,"""","""org/drools/eclipse/wizard/project/ProcessLauncherSample_bpmn_6.java.template"""
-53.206539154052734,-159.3039093017578,;,;
21.007524490356445,-164.73350524902344,},}
22.748544692993164,-9.653514862060547,identifier,createProjectJavaFile
-54.5694580078125,131.14842224121094,(,(
1.6895438432693481,-54.903751373291016,identifier,project
-5.038486003875732,214.1533660888672,",",","
-39.8350830078125,-8.783246994018555,identifier,s
-4.9567341804504395,214.1551971435547,",",","
14.722383499145508,-7.246704578399658,"""","""ProcessTest.java"""
-155.10427856445312,-32.19668960571289,),)
-63.93645477294922,-144.32022094726562,;,;
50.883338928222656,-155.76589965820312,},}
44.682125091552734,-29.10361671447754,identifier,initializeControls
-119.33058166503906,90.8471450805664,(,(
-158.1706085205078,46.93859100341797,),)
149.6703338623047,-72.66788482666016,{,{
152.84471130371094,35.34977722167969,if,if
-74.0462875366211,97.37370300292969,(,(
-18.871469497680664,-34.09702682495117,identifier,originalFile
86.12017822265625,42.60395050048828,!=,!=
-143.1902618408203,22.601442337036133,),)
134.15541076660156,-81.01033020019531,{,{
-4.642873764038086,-22.721723556518555,identifier,resourceGroup
63.40290832519531,127.8546371459961,.,.
22.815507888793945,-16.335264205932617,identifier,setContainerFullPath
-67.96034240722656,130.89088439941406,(,(
-18.862857818603516,-33.956260681152344,identifier,originalFile
66.74524688720703,134.38143920898438,.,.
27.58928680419922,-18.04623794555664,identifier,getParent
-100.91859436035156,156.1228790283203,(,(
-190.9031219482422,-14.167842864990234,),)
62.629451751708984,147.58270263671875,.,.
23.12541961669922,-16.357027053833008,identifier,getFullPath
-95.63956451416016,151.17251586914062,(,(
-182.10494995117188,-20.773988723754883,),)
-156.51010131835938,-25.2490177154541,),)
-91.74375915527344,-132.87461853027344,;,;
54.3037109375,-84.79969024658203,identifier,String
-35.20208740234375,4.508336544036865,identifier,fileName
142.376220703125,87.3071060180664,=,=
-18.781782150268555,-33.869510650634766,identifier,originalFile
63.66729736328125,136.5652618408203,.,.
6.511749267578125,16.086841583251953,identifier,getName
-93.35685729980469,152.61875915527344,(,(
-167.57057189941406,-24.273672103881836,),)
-88.49817657470703,-134.84426879882812,;,;
-46.142730712890625,18.66288948059082,identifier,index
140.5576629638672,89.39236450195312,=,=
-36.144935607910156,5.203304290771484,identifier,fileName
66.29685974121094,140.15145874023438,.,.
16.600404739379883,32.811561584472656,identifier,lastIndexOf
-65.9141616821289,119.71176147460938,(,(
13.626081466674805,5.622219085693359,"""","""."""
-152.3957061767578,-34.436092376708984,),)
-82.8951644897461,-134.0984649658203,;,;
153.56192016601562,24.368932723999023,if,if
-61.31149673461914,101.94198608398438,(,(
-48.10965347290039,18.520736694335938,identifier,index
84.53132629394531,40.18803405761719,!=,!=
-134.8359375,16.976228713989258,),)
124.2614974975586,-84.42146301269531,{,{
-35.480899810791016,5.071086406707764,identifier,fileName
141.37078857421875,94.27130889892578,=,=
-36.012630462646484,5.252383708953857,identifier,fileName
57.06095886230469,138.47366333007812,.,.
20.46965789794922,30.848539352416992,identifier,substring
-65.96273803710938,126.46153259277344,(,(
-1.3468974828720093,207.22116088867188,",",","
-48.34424591064453,18.606334686279297,identifier,index
-165.85531616210938,-34.26203918457031,),)
-65.12543487548828,-136.5399169921875,;,;
21.961116790771484,-163.0189208984375,},}
-35.48392105102539,5.309497833251953,identifier,fileName
17.528919219970703,-5.558331489562988,"""","""-image.png"""
-74.62971496582031,-144.33395385742188,;,;
-4.6940155029296875,-22.688121795654297,identifier,resourceGroup
47.78696060180664,133.32896423339844,.,.
18.688953399658203,10.777618408203125,identifier,setResource
-44.61532211303711,127.76653289794922,(,(
-35.45102310180664,5.849131107330322,identifier,fileName
-163.58229064941406,-42.152549743652344,),)
-61.99923324584961,-141.96946716308594,;,;
31.085617065429688,-158.78573608398438,},}
13.908705711364746,-103.35575103759766,else,else
160.07850646972656,21.353540420532227,if,if
-50.214500427246094,101.1923599243164,(,(
-21.405080795288086,1.6346100568771362,identifier,originalName
86.3284683227539,38.95609664916992,!=,!=
-126.99987030029297,12.317841529846191,),)
119.3934097290039,-92.9202651977539,{,{
-4.677702903747559,-22.675012588500977,identifier,resourceGroup
44.1767578125,131.41262817382812,.,.
18.693538665771484,10.776555061340332,identifier,setResource
-41.65323257446289,128.87025451660156,(,(
-21.582426071166992,1.591018557548523,identifier,originalName
-165.00430297851562,-48.36435317993164,),)
-58.67329788208008,-147.73477172851562,;,;
25.558565139770508,-168.20101928710938,},}
23.229148864746094,1.148293137550354,identifier,setDialogComplete
-38.53746795654297,128.41110229492188,(,(
23.161598205566406,1.153123140335083,identifier,validatePage
-85.54112243652344,167.3338623046875,(,(
-193.87144470214844,-30.89628791809082,),)
-156.26461791992188,-48.515419006347656,),)
-52.840858459472656,-151.00909423828125,;,;
45.25156784057617,-154.02830505371094,},}
98.7799301147461,1.689886450767517,<,<
31.441774368286133,-68.26801300048828,identifier,T
33.935646057128906,-34.64900207519531,identifier,Entry
100.50489044189453,4.226171970367432,<,<
30.953035354614258,-67.87857818603516,identifier,T
3.0115888118743896,232.0161590576172,",",","
107.86841583251953,-23.84708023071289,>,>
107.45014190673828,-25.609333038330078,>,>
31.890331268310547,-67.30586242675781,identifier,T
36.3517951965332,-28.712318420410156,identifier,findStructural
-109.00690460205078,86.83917999267578,(,(
33.92321014404297,-34.65248107910156,identifier,Entry
99.52914428710938,6.248173236846924,<,<
30.663867950439453,-67.37482452392578,identifier,T
3.6662938594818115,233.01612854003906,",",","
105.26670837402344,-21.771507263183594,>,>
-18.6435604095459,-44.198177337646484,identifier,entry
-147.1932373046875,39.84608840942383,),)
145.53358459472656,-79.8005142211914,{,{
-14.246685981750488,9.586169242858887,identifier,h
145.69619750976562,85.56800842285156,=,=
-18.788246154785156,-44.03474807739258,identifier,entry
65.55113983154297,133.9808807373047,.,.
25.73853874206543,8.819488525390625,identifier,structuralHashCode
-94.88221740722656,150.0413360595703,(,(
-167.6883544921875,-20.952476501464844,),)
-91.88668823242188,-131.20761108398438,;,;
-54.683963775634766,32.90822982788086,identifier,i
143.70587158203125,87.17230987548828,=,=
16.511781692504883,-14.084168434143066,identifier,indexFor
-65.18157958984375,136.3355712890625,(,(
-14.236279487609863,9.591423988342285,identifier,h
-4.944008827209473,216.80784606933594,",",","
5.187025547027588,-19.450603485107422,identifier,buckets
71.11341094970703,139.33102416992188,.,.
8.382915496826172,43.5099983215332,identifier,length
-159.4488067626953,-26.411762237548828,),)
-87.23733520507812,-135.4588165283203,;,;
30.938533782958984,-66.36991119384766,identifier,T
-57.32534408569336,-21.29996681213379,identifier,result
137.8212127685547,81.22242736816406,=,=
-82.63356018066406,-129.8447723388672,;,;
132.97694396972656,18.69440460205078,for,for
-59.30775451660156,92.94528198242188,(,(
32.89446258544922,-62.00885009765625,identifier,E
-44.34637451171875,-5.334650039672852,identifier,r
137.96923828125,88.19873046875,=,=
5.190723896026611,-19.44890022277832,identifier,buckets
-54.73194122314453,25.052627563476562,identifier,i
-78.73226165771484,-125.65565490722656,;,;
-44.09529495239258,-5.212456226348877,identifier,r
88.29122161865234,41.289039611816406,!=,!=
-78.64630126953125,-124.75101470947266,;,;
-44.15876770019531,-5.227701663970947,identifier,r
138.7234649658203,93.99793243408203,=,=
-43.39753341674805,-5.061034679412842,identifier,r
55.26244354248047,138.5891571044922,.,.
18.97502326965332,-8.431022644042969,identifier,getNext
-89.98787689208984,158.85205078125,(,(
-186.11630249023438,-26.334436416625977,),)
-132.46669006347656,12.196223258972168,),)
126.85926055908203,-90.88288879394531,{,{
153.96746826171875,18.464303970336914,if,if
-54.792510986328125,101.61087036132812,(,(
-43.091896057128906,-4.9898176193237305,identifier,r
53.91510772705078,139.1681365966797,.,.
25.720542907714844,8.75050163269043,identifier,structuralHashCode
-91.68515014648438,163.043212890625,(,(
-191.0819549560547,-22.290515899658203,),)
71.17427825927734,50.1672477722168,==,==
-14.239913940429688,9.595467567443848,identifier,h
-53.74385452270508,105.52745056152344,(,(
-55.36529541015625,-22.762157440185547,identifier,result
136.7841033935547,95.17404174804688,=,=
-18.842205047607422,-43.95936584472656,identifier,entry
50.962158203125,141.71536254882812,.,.
25.715728759765625,8.655362129211426,identifier,structuralEquals
-48.187015533447266,134.61611938476562,(,(
-42.84572982788086,-4.934681415557861,identifier,r
-186.86123657226562,-34.71395492553711,),)
-153.4766082763672,-44.112022399902344,),)
86.19644927978516,37.89333724975586,!=,!=
-132.99668884277344,6.161552429199219,),)
221.5012664794922,4.823734760284424,return,return
-52.59757614135742,-22.449228286743164,identifier,result
-49.5996208190918,-145.18121337890625,;,;
28.54171371459961,-169.58352661132812,},}
222.79937744140625,9.118122100830078,return,return
-48.57752227783203,-148.52345275878906,;,;
44.61041259765625,-150.9490203857422,},}
39.94195556640625,-29.213315963745117,identifier,activatedServiceWhichDefineEventAsInitial
-111.5936050415039,88.9136962890625,(,(
26.170841217041016,-42.78280258178711,identifier,ServiceComponent
-13.209333419799805,-40.499332427978516,identifier,serviceComponent
-151.49853515625,41.38373947143555,),)
146.2408905029297,-76.51403045654297,{,{
55.72077941894531,-48.791099548339844,identifier,SortedSet
96.4778060913086,4.533357620239258,<,<
26.49647331237793,-43.095802307128906,identifier,ServiceComponent
103.44377136230469,-24.48074722290039,>,>
-12.17754077911377,-17.509511947631836,identifier,activeServicesWhichDefineEventAsInitial
142.13807678222656,81.4448013305664,=,=
159.2127685546875,-25.291919708251953,new,new
56.478694915771484,-46.96066665649414,identifier,TreeSet
94.45112609863281,5.050413131713867,<,<
26.586782455444336,-43.17820739746094,identifier,ServiceComponent
100.522216796875,-21.327991485595703,>,>
-72.83879852294922,131.22970581054688,(,(
158.0174102783203,-24.66507911682129,new,new
19.247535705566406,-27.024141311645508,identifier,ActiveServicesWhichDefineEventAsInitialComparator
-90.37511444091797,149.58839416503906,(,(
-182.2972412109375,-22.612606048583984,),)
-158.18124389648438,-27.058847427368164,),)
-87.07001495361328,-136.21409606933594,;,;
27.379600524902344,-41.31067657470703,identifier,ServiceID
-17.925151824951172,-2.914463520050049,identifier,oldVersion
139.0347900390625,88.80509948730469,=,=
-19.542062759399414,-30.265161514282227,identifier,serviceComponent
61.25379180908203,137.71978759765625,.,.
-1.8913723230361938,3.3652000427246094,identifier,getOldVersion
-90.95643615722656,155.61048889160156,(,(
-169.77113342285156,-28.51628875732422,),)
-80.74317169189453,-135.2533416748047,;,;
152.19183349609375,23.361919403076172,if,if
-59.38302230834961,101.81593322753906,(,(
-17.83484649658203,-2.6937098503112793,identifier,oldVersion
75.2379150390625,52.52505874633789,==,==
-133.1709442138672,16.772289276123047,),)
125.20750427246094,-87.53211212158203,{,{
-12.643962860107422,-15.7886323928833,identifier,activeServicesWhichDefineEventAsInitial
51.605865478515625,131.24310302734375,.,.
36.66094207763672,26.216955184936523,identifier,addAll
-49.01842498779297,114.74637603759766,(,(
54.21590042114258,153.74464416503906,.,.
-12.746421813964844,-15.554468154907227,identifier,activeServicesWhichDefineEventAsInitial
-162.34768676757812,-41.66901779174805,),)
-62.92472457885742,-141.72349548339844,;,;
30.303171157836914,-157.94967651367188,},}
13.716130256652832,-104.17213439941406,else,else
125.28788757324219,-95.9800796508789,{,{
134.28665161132812,16.919204711914062,for,for
-54.87327575683594,94.53817749023438,(,(
26.294706344604492,-43.121578216552734,identifier,ServiceComponent
-21.722808837890625,-15.528719902038574,identifier,existentServiceComponent
54.10871887207031,154.02186584472656,.,.
-12.778107643127441,-15.47059154510498,identifier,activeServicesWhichDefineEventAsInitial
-124.64005279541016,14.130094528198242,),)
122.6025390625,-91.56446075439453,{,{
155.08889770507812,16.185230255126953,if,if
-47.809364318847656,100.56385040283203,(,(
-21.531997680664062,-15.915746688842773,identifier,existentServiceComponent
47.86909103393555,145.3549041748047,.,.
11.214347839355469,7.336871147155762,identifier,getServiceID
-90.25822448730469,169.17538452148438,(,(
-195.00303649902344,-19.610307693481445,),)
77.55667114257812,138.3000946044922,.,.
25.488698959350586,38.44428634643555,identifier,equals
-46.23104476928711,128.65054321289062,(,(
-19.553083419799805,-1.0957287549972534,identifier,oldVersion
-189.75311279296875,-35.341190338134766,),)
-128.0582275390625,8.799004554748535,),)
117.26042938232422,-90.64820861816406,{,{
-12.138704299926758,-16.714740753173828,identifier,activeServicesWhichDefineEventAsInitial
50.08628845214844,129.85690307617188,.,.
37.72975158691406,27.421913146972656,identifier,add
-39.177669525146484,133.6659698486328,(,(
-21.350177764892578,-16.218517303466797,identifier,existentServiceComponent
-156.53512573242188,-55.802940368652344,),)
-54.314544677734375,-155.3048095703125,;,;
29.251779556274414,-183.2909698486328,},}
32.50598907470703,-174.46360778808594,},}
32.82247543334961,-172.00103759765625,},}
-11.938528060913086,-16.701953887939453,identifier,activeServicesWhichDefineEventAsInitial
69.81722259521484,127.66242980957031,.,.
37.83856201171875,27.763044357299805,identifier,add
-54.58197784423828,140.02439880371094,(,(
-21.103271484375,-16.769001007080078,identifier,serviceComponent
-157.67279052734375,-58.61853790283203,),)
-62.24604034423828,-160.66708374023438,;,;
56.702484130859375,155.4788055419922,.,.
-11.408169746398926,-16.442262649536133,identifier,activeServicesWhichDefineEventAsInitial
138.41561889648438,101.34124755859375,=,=
-11.198410987854004,-16.04074478149414,identifier,activeServicesWhichDefineEventAsInitial
-45.2517204284668,-153.94189453125,;,;
50.82277297973633,-155.06692504882812,},}
51.952613830566406,-26.212018966674805,identifier,stop
-118.4159164428711,84.45616149902344,(,(
-2.919769763946533,-32.516319274902344,identifier,timeoutMS
-153.49899291992188,46.456722259521484,),)
53.14835739135742,-12.012253761291504,identifier,Exception
144.1857452392578,-74.0213851928711,{,{
59.23363494873047,-3.8186771869659424,identifier,log
57.698394775390625,120.20582580566406,.,.
54.26338195800781,3.0203137397766113,identifier,info
-58.78697967529297,117.02019500732422,(,(
18.65220069885254,-13.68914794921875,"""","""Robot Framework remote server stopping"""
-157.162841796875,-20.470565795898438,),)
-90.77848052978516,-129.5579071044922,;,;
151.65167236328125,31.63797950744629,if,if
-70.07862091064453,98.4776611328125,(,(
-2.2702443599700928,-32.02735137939453,identifier,timeoutMS
77.50270080566406,35.487430572509766,>,>
-141.0340118408203,20.872007369995117,),)
130.36236572265625,-83.4727554321289,{,{
-1.6346148252487183,-43.71449279785156,identifier,server
63.052974700927734,129.6055145263672,.,.
17.8547420501709,-16.10234832763672,identifier,setGracefulShutdown
-66.98812103271484,129.4431610107422,(,(
-2.285491704940796,-32.0495491027832,identifier,timeoutMS
-160.73968505859375,-24.5184383392334,),)
-89.89103698730469,-134.5186309814453,;,;
14.845429420471191,-30.614818572998047,identifier,Thread
-11.226000785827637,-21.16433334350586,identifier,stopper
136.42941284179688,85.05350494384766,=,=
158.40643310546875,-29.156795501708984,new,new
14.841480255126953,-30.593887329101562,identifier,Thread
-87.50005340576172,147.57611083984375,(,(
-169.6957244873047,-10.200968742370605,),)
135.60511779785156,-90.87886047363281,{,{
61.62989807128906,-27.405677795410156,identifier,Override
53.24026107788086,-31.425813674926758,identifier,run
-84.56829071044922,147.9113311767578,(,(
-168.22183227539062,-10.24311351776123,),)
134.56776428222656,-91.32559967041016,{,{
130.6834259033203,-93.67398071289062,{,{
-1.5894168615341187,-43.728065490722656,identifier,server
56.78314971923828,133.97378540039062,.,.
52.54122543334961,-25.755258560180664,identifier,stop
-86.01202392578125,157.16690063476562,(,(
-168.2615509033203,-31.456783294677734,),)
-67.41442108154297,-136.2612762451172,;,;
30.4519100189209,-154.41754150390625,},}
-50.334259033203125,92.51868438720703,(,(
52.68648147583008,-7.116917133331299,identifier,Throwable
43.55490493774414,46.58583068847656,identifier,e
-127.68108367919922,19.574703216552734,),)
121.05896759033203,-87.5969467163086,{,{
59.172828674316406,-4.077184677124023,identifier,log
53.719383239746094,120.1479263305664,.,.
50.292972564697266,5.571421146392822,identifier,error
-53.97538757324219,123.38481903076172,(,(
59.79743957519531,-85.58457946777344,identifier,String
52.031246185302734,116.22146606445312,.,.
60.629024505615234,-85.47711181640625,identifier,format
-55.03175735473633,121.47358703613281,(,(
18.754716873168945,-4.278998851776123,"""","""Failed to stop the server: %s"""
-11.450701713562012,202.50552368164062,",",","
40.55228042602539,46.319950103759766,identifier,e
50.731693267822266,146.26376342773438,.,.
12.179227828979492,14.182306289672852,identifier,getMessage
-89.29911041259766,164.57408142089844,(,(
-190.47821044921875,-28.28693199157715,),)
-183.32180786132812,-38.599700927734375,),)
-9.988977432250977,205.5233154296875,",",","
40.96478271484375,46.128692626953125,identifier,e
-160.509033203125,-46.55226135253906,),)
-59.592857360839844,-146.28578186035156,;,;
26.054641723632812,-178.5472869873047,},}
26.162494659423828,-175.56582641601562,},}
24.51466941833496,-174.6207275390625,},}
-68.08924102783203,-150.53628540039062,;,;
-10.998880386352539,-21.163867950439453,identifier,stopper
41.128334045410156,133.94705200195312,.,.
32.190670013427734,7.32818603515625,identifier,start
-82.08794403076172,163.56777954101562,(,(
-174.0010986328125,-45.029273986816406,),)
-55.477569580078125,-148.4715576171875,;,;
32.48648452758789,-158.58938598632812,},}
15.02975082397461,-104.35635375976562,else,else
123.30554962158203,-97.00284576416016,{,{
-1.4936151504516602,-43.75446701049805,identifier,server
40.65668487548828,132.782470703125,.,.
52.720130920410156,-25.608137130737305,identifier,stop
-82.12677001953125,165.8769073486328,(,(
-175.22921752929688,-46.14957809448242,),)
-54.943546295166016,-151.25636291503906,;,;
30.12932777404785,-180.6324920654297,},}
44.12971115112305,-160.11114501953125,},}
60.01770782470703,-50.1740837097168,identifier,Collection
97.6837387084961,3.028308868408203,<,<
51.084938049316406,-89.06147766113281,identifier,String
105.27165222167969,-26.375642776489258,>,>
38.166236877441406,-28.09575653076172,identifier,listHosts
-112.0792007446289,88.1435317993164,(,(
10.892842292785645,-62.507850646972656,identifier,JMX
7.903540134429932,-63.16489791870117,identifier,jmx
-153.70848083496094,41.57453918457031,),)
146.70217895507812,-75.689697265625,{,{
55.853179931640625,-49.5316162109375,identifier,Set
97.10845947265625,4.55961275100708,<,<
20.89192008972168,-49.2811279296875,identifier,ObjectName
104.28864288330078,-24.013641357421875,>,>
-25.57672691345215,-24.76980209350586,identifier,objectNames
145.9748077392578,82.93224334716797,=,=
7.768455505371094,-63.5301628112793,identifier,jmx
64.82760620117188,130.7703399658203,.,.
21.460494995117188,-18.2662410736084,identifier,searchObjectNames
-60.982757568359375,117.84552001953125,(,(
17.803010940551758,-15.11460018157959,"""","""GemFire:type=Member,member=*"""
-152.0999755859375,-33.984989166259766,),)
-86.5191879272461,-130.78466796875,;,;
152.74725341796875,27.224048614501953,if,if
-64.72019958496094,99.55913543701172,(,(
-23.915176391601562,-26.43873405456543,identifier,objectNames
76.95880889892578,51.067195892333984,==,==
-23.9505672454834,-26.347328186035156,identifier,objectNames
69.28447723388672,139.088623046875,.,.
18.5636043548584,22.182825088500977,identifier,isEmpty
-95.5896224975586,155.3761444091797,(,(
-181.17056274414062,-23.875436782836914,),)
-138.01011657714844,16.12467384338379,),)
121.84397888183594,-82.01280212402344,{,{
221.31033325195312,0.7965638637542725,return,return
-64.70789337158203,-131.5305633544922,;,;
20.314064025878906,-159.61001586914062,},}
56.09865951538086,-45.896202087402344,identifier,HashSet
95.19593048095703,6.6538896560668945,<,<
54.21167755126953,-92.56036376953125,identifier,String
100.8891830444336,-25.00015640258789,>,>
-33.67570495605469,-18.76730728149414,identifier,hostLists
134.58460998535156,87.16128540039062,=,=
159.36622619628906,-23.77035140991211,new,new
56.17250442504883,-46.02824020385742,identifier,HashSet
94.1412353515625,7.10164213180542,<,<
54.21699523925781,-92.66918182373047,identifier,String
99.4753189086914,-22.2689208984375,>,>
-55.51858139038086,110.9964599609375,(,(
-23.90416145324707,-25.939313888549805,identifier,objectNames
69.10037231445312,142.70208740234375,.,.
4.659888744354248,37.42976379394531,identifier,size
-89.34539031982422,160.54359436035156,(,(
-187.2736053466797,-26.591886520385742,),)
-157.918212890625,-37.94371032714844,),)
-78.0668716430664,-143.7787322998047,;,;
15.62770938873291,-37.339508056640625,identifier,MemberMXBean
-23.406822204589844,-14.37256908416748,identifier,memberMXBean
131.882568359375,90.8027114868164,=,=
-74.36888885498047,-145.90325927734375,;,;
133.85061645507812,17.2841796875,for,for
-55.65251922607422,94.9066162109375,(,(
20.88957977294922,-49.288551330566406,identifier,ObjectName
-21.452220916748047,4.307714939117432,identifier,objectName
-23.917457580566406,-25.497358322143555,identifier,objectNames
-125.76777648925781,14.340402603149414,),)
121.4929428100586,-92.51681518554688,{,{
-23.418638229370117,-14.590133666992188,identifier,memberMXBean
134.50927734375,96.319580078125,=,=
7.704598903656006,-63.68927001953125,identifier,jmx
43.45159912109375,124.81951904296875,.,.
26.796228408813477,-1.275495171546936,identifier,newBean
-41.7020378112793,126.25000762939453,(,(
15.556157112121582,-37.317115783691406,identifier,MemberMXBean
42.913795471191406,112.60099029541016,.,.
-10.840240478515625,209.8743438720703,",",","
-21.489028930664062,4.238044261932373,identifier,objectName
-164.85269165039062,-49.59229278564453,),)
-72.98956298828125,-154.81346130371094,;,;
-34.73320770263672,-19.475013732910156,identifier,hostLists
49.79827880859375,130.55807495117188,.,.
37.427120208740234,27.206771850585938,identifier,add
-39.301979064941406,130.9520721435547,(,(
-23.63457679748535,-15.12707233428955,identifier,memberMXBean
47.75821304321289,145.28225708007812,.,.
10.382295608520508,6.030831813812256,identifier,getHost
-86.85447692871094,167.15020751953125,(,(
-192.98411560058594,-30.57936668395996,),)
-157.42822265625,-49.37607955932617,),)
-55.97038269042969,-151.21255493164062,;,;
27.0456485748291,-170.26864624023438,},}
220.0737762451172,10.420380592346191,return,return
-36.82380294799805,-18.674121856689453,identifier,hostLists
-45.24674606323242,-149.70596313476562,;,;
47.06976318359375,-150.89637756347656,},}
51.5922966003418,-87.04762268066406,identifier,String
39.16557693481445,-29.866952896118164,identifier,getMetaDataForTableField
-112.87129211425781,86.4931640625,(,(
24.263595581054688,-45.05146026611328,identifier,Form
-11.594366073608398,-36.500732421875,identifier,formDefinitionParam
-6.9687819480896,236.32363891601562,",",","
-8.248994827270508,-32.27372360229492,identifier,sumDecimalsParam
-148.50596618652344,42.23827362060547,),)
145.72142028808594,-78.14802551269531,{,{
17.929054260253906,-58.508541107177734,identifier,StringBuilder
-42.17414093017578,-23.16077423095703,identifier,returnBuffer
143.2011260986328,80.66621398925781,=,=
158.48800659179688,-26.49945640563965,new,new
17.918350219726562,-58.57499313354492,identifier,StringBuilder
-92.67861938476562,145.7507781982422,(,(
-168.25830078125,-18.467226028442383,),)
-92.9232177734375,-129.9553985595703,;,;
26.086523056030273,-25.98202896118164,identifier,Long
-26.75719451904297,0.8926425576210022,identifier,definitionId
144.06845092773438,86.2317123413086,=,=
-66.97515106201172,104.41730499267578,(,(
-17.739185333251953,-30.235429763793945,identifier,formDefinitionParam
77.6549072265625,50.492103576660156,==,==
-139.75433349609375,21.429719924926758,),)
-17.750385284423828,-30.28801155090332,identifier,formDefinitionParam
63.575294494628906,138.2970733642578,.,.
0.144204244017601,1.6967453956604004,identifier,getId
-92.841796875,153.59693908691406,(,(
-169.26063537597656,-25.8538761138916,),)
-87.09112548828125,-138.9439697265625,;,;
-42.73960876464844,-24.469005584716797,identifier,returnBuffer
55.41081619262695,128.73043823242188,.,.
30.458633422851562,28.96052360534668,identifier,append
-61.390716552734375,132.13510131835938,(,(
-27.07452964782715,2.3002243041992188,identifier,definitionId
-162.21261596679688,-30.095457077026367,),)
-83.36407470703125,-139.6664276123047,;,;
-42.555686950683594,-24.52104949951172,identifier,returnBuffer
54.86039352416992,128.733642578125,.,.
30.61373519897461,29.25588035583496,identifier,append
-59.874874114990234,124.10070037841797,(,(
6.992634296417236,-29.25133514404297,identifier,FieldMetaData
37.92884063720703,113.50456237792969,.,.
8.419302940368652,-29.411418914794922,identifier,TableField
39.322959899902344,111.6113052368164,.,.
9.569365501403809,-5.135779857635498,identifier,UNDERSCORE
-161.95306396484375,-36.723453521728516,),)
-79.7304458618164,-147.00155639648438,;,;
-42.17881393432617,-24.569286346435547,identifier,returnBuffer
51.91874694824219,128.5240478515625,.,.
30.71857452392578,29.46817398071289,identifier,append
-42.696834564208984,121.82627868652344,(,(
6.838700771331787,-29.282987594604492,identifier,FieldMetaData
37.5926513671875,113.57506561279297,.,.
8.431761741638184,-29.418458938598633,identifier,TableField
38.27427291870117,112.59912109375,.,.
8.73479175567627,-2.0367066860198975,identifier,SUM_DECIMALS
-166.4955596923828,-44.97800064086914,),)
-75.41333770751953,-150.6546173095703,;,;
-41.97510528564453,-24.3702392578125,identifier,returnBuffer
51.0185661315918,128.57589721679688,.,.
30.763704299926758,29.684375762939453,identifier,append
-42.59855270385742,121.865478515625,(,(
6.738790035247803,-29.322734832763672,identifier,FieldMetaData
38.225528717041016,114.28610229492188,.,.
1.0578380823135376,7.266219615936279,identifier,Decimal
38.88182067871094,114.69171142578125,.,.
8.385650634765625,0.5106183886528015,identifier,SQ_OPEN
-167.40487670898438,-45.75789260864258,),)
-74.79405212402344,-156.73866271972656,;,;
-41.67733383178711,-24.34085464477539,identifier,returnBuffer
50.5528450012207,128.3556365966797,.,.
30.810258865356445,29.832801818847656,identifier,append
-38.6658821105957,129.98182678222656,(,(
-13.249885559082031,-10.511800765991211,identifier,sumDecimalsParam
-164.49993896484375,-54.067440032958984,),)
-72.60446166992188,-158.03689575195312,;,;
-41.51920700073242,-24.178089141845703,identifier,returnBuffer
50.51093673706055,128.26019287109375,.,.
30.78306007385254,29.994747161865234,identifier,append
-42.097412109375,121.5022964477539,(,(
6.499823093414307,-29.42374038696289,identifier,FieldMetaData
38.18440246582031,115.11507415771484,.,.
1.0571541786193848,7.265018463134766,identifier,Decimal
38.725563049316406,115.25086212158203,.,.
8.580872535705566,0.7211616635322571,identifier,SQ_CLOSE
-155.1930389404297,-53.9614143371582,),)
-65.09113311767578,-157.77667236328125,;,;
220.63563537597656,12.544892311096191,return,return
-41.165889739990234,-23.372037887573242,identifier,returnBuffer
44.28681182861328,142.22213745117188,.,.
13.541074752807617,19.98787498474121,identifier,toString
-83.96131896972656,167.42950439453125,(,(
-176.94886779785156,-45.904624938964844,),)
-50.229244232177734,-153.36581420898438,;,;
48.471641540527344,-152.93824768066406,},}
55.13372039794922,-53.55192947387695,identifier,Map
98.19335174560547,3.8267340660095215,<,<
51.07162094116211,-92.35154724121094,identifier,String
3.65694522857666,231.16134643554688,",",","
52.42851257324219,-90.4049072265625,identifier,String
105.35588836669922,-25.231353759765625,>,>
36.981197357177734,-29.505565643310547,identifier,superclassArgs
-110.17918395996094,87.56106567382812,(,(
53.71595001220703,-54.7422981262207,identifier,Map
98.81941223144531,5.263988494873047,<,<
50.687034606933594,-91.89311218261719,identifier,String
4.014326572418213,232.09942626953125,",",","
52.37776184082031,-90.4373550415039,identifier,String
104.94247436523438,-23.16917610168457,>,>
0.5461289882659912,-68.12250518798828,identifier,args
-148.96707153320312,40.75009536743164,),)
145.6049041748047,-78.81148529052734,{,{
54.211177825927734,-53.62016296386719,identifier,Map
97.00572967529297,5.774358749389648,<,<
51.706573486328125,-91.75372314453125,identifier,String
4.919119358062744,231.54515075683594,",",","
52.824859619140625,-90.75406646728516,identifier,String
103.02947998046875,-23.294099807739258,>,>
-56.52189254760742,-21.5781192779541,identifier,result
142.34933471679688,80.85018920898438,=,=
159.14414978027344,-25.754514694213867,new,new
54.11509704589844,-45.99911117553711,identifier,HashMap
91.02186584472656,2.369190216064453,<,<>
-90.83771514892578,146.4128875732422,(,(
-166.67848205566406,-20.781911849975586,),)
-88.6800308227539,-129.57363891601562,;,;
150.90794372558594,28.577369689941406,if,if
-66.59722137451172,98.76075744628906,(,(
-56.70119857788086,-24.418115615844727,identifier,result
68.271240234375,136.07325744628906,.,.
39.85408401489258,20.943527221679688,identifier,containsKey
-65.75369262695312,122.38255310058594,(,(
12.799985885620117,-7.452397346496582,"""","""dictionary"""
-177.9003448486328,-24.59286880493164,),)
-139.1931915283203,17.274856567382812,),)
124.9425048828125,-82.0548324584961,{,{
-56.23073196411133,-24.943073272705078,identifier,result
56.56795120239258,128.4652099609375,.,.
35.297245025634766,23.562227249145508,identifier,put
-63.150367736816406,121.99060821533203,(,(
12.761809349060059,-7.109941482543945,"""","""dictionary"""
-3.829246759414673,202.13729858398438,",",","
15.91152572631836,-21.771968841552734,identifier,JdbcResourceLoader
39.82489776611328,109.60386657714844,.,.
6.520577430725098,-8.683439254760742,identifier,DATABASE
-160.4445037841797,-30.4075870513916,),)
-67.51209259033203,-134.03990173339844,;,;
21.96925163269043,-160.76559448242188,},}
133.7260284423828,18.06888771057129,for,for
-58.02739715576172,93.20323181152344,(,(
56.982872009277344,-83.82740020751953,identifier,String
-30.584169387817383,-2.1078479290008545,identifier,arg
26.654146194458008,-8.179353713989258,identifier,ImmutableList
53.63109588623047,114.79633331298828,.,.
49.58454513549805,-21.788278579711914,identifier,of
-65.01065826416016,124.93213653564453,(,(
13.69211196899414,-4.580550193786621,"""","""dictionary"""
0.9290628433227539,208.68399047851562,",",","
14.753071784973145,-4.3072509765625,"""","""ignoreCase"""
-182.60330200195312,-33.219268798828125,),)
-131.55023193359375,11.400280952453613,),)
125.59272003173828,-91.43077850341797,{,{
57.167633056640625,-85.64925384521484,identifier,String
-23.11922836303711,15.52646541595459,identifier,value
134.82565307617188,94.56694793701172,=,=
0.3858846426010132,-68.255126953125,identifier,args
50.995792388916016,134.78616333007812,.,.
44.063045501708984,23.279525756835938,identifier,get
-48.41659164428711,131.06634521484375,(,(
-30.648061752319336,-1.9146982431411743,identifier,arg
-165.9915313720703,-42.48533630371094,),)
-72.2650375366211,-147.8997802734375,;,;
156.5147705078125,17.720626831054688,if,if
-50.842159271240234,101.07443237304688,(,(
-22.458415985107422,15.121451377868652,identifier,value
86.00276947021484,39.20956039428711,!=,!=
-127.34204864501953,12.369097709655762,),)
119.4267807006836,-92.8703384399414,{,{
-54.79021072387695,-24.32056427001953,identifier,result
49.00864028930664,130.6508331298828,.,.
35.645416259765625,22.804956436157227,identifier,put
-43.471656799316406,131.1298828125,(,(
-30.640920639038086,-1.9294577836990356,identifier,arg
-11.007364273071289,208.23374938964844,",",","
-21.92128562927246,14.716748237609863,identifier,value
-163.5955352783203,-48.15279769897461,),)
-58.09337615966797,-147.2579803466797,;,;
27.763439178466797,-179.29478454589844,},}
30.336284637451172,-171.94883728027344,},}
221.01966857910156,9.737288475036621,return,return
-52.1379508972168,-22.260408401489258,identifier,result
-46.586280822753906,-147.9905242919922,;,;
45.50584030151367,-151.02955627441406,},}
44.57453918457031,-28.604360580444336,identifier,controlsToProperties
-118.52682495117188,91.26475524902344,(,(
-157.99559020996094,46.197505950927734,),)
149.02537536621094,-72.85562133789062,{,{
67.29267883300781,123.48462677001953,.,.
44.76365280151367,-28.39373016357422,identifier,controlsToProperties
-95.55841827392578,145.8834991455078,(,(
-166.85543823242188,-16.49068832397461,),)
-93.25862121582031,-125.01806640625,;,;
53.541343688964844,-85.53793334960938,identifier,String
-11.464834213256836,-1.436102271080017,identifier,strHost
147.07662963867188,83.8237075805664,=,=
-6.182958602905273,-19.483964920043945,identifier,m_tfHost
62.031890869140625,133.5576171875,.,.
6.7005743980407715,21.86904525756836,identifier,getText
-96.26216125488281,149.86480712890625,(,(
-169.19046020507812,-18.936500549316406,),)
-94.67894744873047,-129.37283325195312,;,;
-6.836963653564453,-20.882291793823242,identifier,m_properties
58.14323425292969,126.49734497070312,.,.
38.77960968017578,14.507454872131348,identifier,setProperty
-62.28581619262695,121.71935272216797,(,(
4.187703609466553,-6.159840106964111,identifier,FTP_HOST
-4.819393157958984,202.7631072998047,",",","
-11.320777893066406,-1.338546633720398,identifier,strHost
-158.971923828125,-24.328018188476562,),)
-92.64937591552734,-137.6466064453125,;,;
55.54680633544922,-85.50682067871094,identifier,String
-11.448017120361328,-0.2872612774372101,identifier,strPort
140.94688415527344,90.4388198852539,=,=
-6.5940046310424805,-19.38184356689453,identifier,m_tfPort
61.770816802978516,133.77735900878906,.,.
6.706281661987305,21.882177352905273,identifier,getText
-92.02293395996094,154.4683380126953,(,(
-170.09544372558594,-26.525362014770508,),)
-86.75990295410156,-140.15664672851562,;,;
-6.888442039489746,-20.899328231811523,identifier,m_properties
56.945430755615234,126.7007064819336,.,.
38.759063720703125,14.479342460632324,identifier,setProperty
-61.822349548339844,123.25271606445312,(,(
4.204005241394043,-6.1917524337768555,identifier,FTP_PORT
-4.507907390594482,203.40101623535156,",",","
-10.884376525878906,-0.7455956935882568,identifier,strPort
-162.56021118164062,-33.202232360839844,),)
-81.59855651855469,-140.181884765625,;,;
56.0133171081543,-85.44180297851562,identifier,String
-12.172163009643555,0.09370412677526474,identifier,strUser
138.01251220703125,91.76187896728516,=,=
-6.737416744232178,-18.975732803344727,identifier,m_tfUser
41.266963958740234,138.6279754638672,.,.
6.747405529022217,21.88916778564453,identifier,getText
-87.0316390991211,161.7247314453125,(,(
-169.8507843017578,-37.68589782714844,),)
-79.57942199707031,-145.56399536132812,;,;
-7.333205699920654,-20.992956161499023,identifier,m_properties
49.323448181152344,128.56544494628906,.,.
38.713993072509766,14.430665016174316,identifier,setProperty
-44.32246780395508,120.9382553100586,(,(
6.775378227233887,-0.3443814814090729,identifier,USER_NAME
-6.092879772186279,203.5147247314453,",",","
-13.142292022705078,-0.41538137197494507,identifier,strUser
-165.68133544921875,-44.61433029174805,),)
-74.48838806152344,-150.37025451660156,;,;
56.68821334838867,-86.53044891357422,identifier,String
-12.567949295043945,-0.0018644315423443913,identifier,strPassword
132.95693969726562,97.75160217285156,=,=
-6.513128280639648,-18.768945693969727,identifier,m_tfPassword
41.13343048095703,138.3895263671875,.,.
6.744781970977783,21.883832931518555,identifier,getText
-85.39076232910156,163.76345825195312,(,(
-171.8207550048828,-45.757774353027344,),)
-74.12137603759766,-156.17462158203125,;,;
-7.353261470794678,-21.067127227783203,identifier,m_properties
49.260440826416016,128.21812438964844,.,.
38.713016510009766,14.446446418762207,identifier,setProperty
-44.17573547363281,120.654296875,(,(
6.277950763702393,0.8568585515022278,identifier,PASSWORD
-6.448853015899658,203.81106567382812,",",","
-13.20160961151123,-0.45137134194374084,identifier,strPassword
-164.18252563476562,-53.69715118408203,),)
-69.30033111572266,-157.22340393066406,;,;
56.578155517578125,-86.80562591552734,identifier,String
-12.443132400512695,-1.4379156827926636,identifier,strDir
131.18380737304688,97.85246276855469,=,=
-6.147764682769775,-18.924182891845703,identifier,m_tfDir
40.86820983886719,138.36038208007812,.,.
6.729401111602783,21.874353408813477,identifier,getText
-85.60592651367188,164.5403594970703,(,(
-176.93836975097656,-43.71856689453125,),)
-68.03736877441406,-159.9973602294922,;,;
-7.123167514801025,-21.10816764831543,identifier,m_properties
49.119876861572266,127.64643859863281,.,.
38.75193786621094,14.483583450317383,identifier,setProperty
-44.07585525512695,120.03884887695312,(,(
7.336256980895996,1.504894495010376,identifier,ROOT_DIR
-6.268012046813965,204.12496948242188,",",","
-12.758036613464355,-1.5346577167510986,identifier,strDir
-156.53135681152344,-56.266624450683594,),)
-52.061649322509766,-154.84408569335938,;,;
48.66551971435547,-154.23585510253906,},}
40.8635368347168,-32.770145416259766,identifier,visitTypeDeclaration
-116.89337921142578,87.79621887207031,(,(
28.35321044921875,-47.995906829833984,identifier,TypeDeclaration
-38.90765380859375,-41.1272087097168,identifier,d
-155.2232666015625,42.58466339111328,),)
145.72705078125,-72.88398742675781,{,{
-39.63370132446289,-41.13526916503906,identifier,d
63.17457580566406,127.05194854736328,.,.
53.754703521728516,15.33698844909668,identifier,accept
-70.42461395263672,129.5055389404297,(,(
19.888343811035156,-13.21602725982666,identifier,pre
-163.19076538085938,-17.455839157104492,),)
-92.46485900878906,-126.1033706665039,;,;
134.61390686035156,19.854280471801758,for,for
-62.95478439331055,92.1608657836914,(,(
27.905208587646484,-47.83833312988281,identifier,TypeParameterDeclaration
-27.956409454345703,-17.426713943481445,identifier,tpDecl
-39.82783889770508,-40.489139556884766,identifier,d
65.78126525878906,134.44161987304688,.,.
19.451000213623047,-18.201398849487305,identifier,getFormalTypeParameters
-96.30340576171875,151.78302001953125,(,(
-181.31948852539062,-21.24143409729004,),)
-139.3760986328125,22.846757888793945,),)
125.18189239501953,-80.11601257324219,{,{
-28.07293128967285,-17.37873077392578,identifier,tpDecl
59.12396240234375,133.72035217285156,.,.
53.254615783691406,15.697360038757324,identifier,accept
-63.33953857421875,130.31002807617188,(,(
-163.891845703125,-25.92823600769043,),)
-68.11428833007812,-131.20252990722656,;,;
22.5507869720459,-158.53640747070312,},}
135.1219482421875,18.952606201171875,for,for
-59.274044036865234,91.44287109375,(,(
26.887311935424805,-47.81669998168945,identifier,FieldDeclaration
-28.209407806396484,-15.969884872436523,identifier,fieldDecl
-40.04066848754883,-40.21811294555664,identifier,d
56.54292678833008,141.41587829589844,.,.
6.997657299041748,-14.795196533203125,identifier,getFields
-95.73472595214844,157.22381591796875,(,(
-182.5926971435547,-24.85335350036621,),)
-134.5517120361328,21.992834091186523,),)
125.25942993164062,-80.46981048583984,{,{
-28.700979232788086,-16.37253761291504,identifier,fieldDecl
58.76750183105469,133.76853942871094,.,.
53.12635040283203,15.757975578308105,identifier,accept
-62.85652160644531,130.16175842285156,(,(
-165.51963806152344,-30.99150848388672,),)
-66.66500854492188,-134.79273986816406,;,;
23.414493560791016,-159.869873046875,},}
135.20237731933594,18.458093643188477,for,for
-58.4876708984375,91.41862487792969,(,(
26.760196685791016,-47.902099609375,identifier,MethodDeclaration
-28.450286865234375,-15.67623233795166,identifier,methodDecl
-40.13335037231445,-40.280357360839844,identifier,d
56.148170471191406,141.30862426757812,.,.
6.997539520263672,-14.776674270629883,identifier,getMethods
-93.1036148071289,162.27078247070312,(,(
-186.47438049316406,-27.962785720825195,),)
-130.9584197998047,12.259810447692871,),)
122.10277557373047,-89.96024322509766,{,{
-28.930328369140625,-16.085599899291992,identifier,methodDecl
45.34654998779297,136.2218017578125,.,.
53.31064224243164,15.621492385864258,identifier,accept
-43.3976936340332,127.31329345703125,(,(
-164.8265838623047,-39.76225280761719,),)
-64.00108337402344,-142.26422119140625,;,;
26.166515350341797,-162.67153930664062,},}
135.03759765625,17.694053649902344,for,for
-54.33711624145508,95.2926025390625,(,(
28.177141189575195,-48.1054801940918,identifier,TypeDeclaration
-29.279464721679688,-14.726194381713867,identifier,typeDecl
-40.086875915527344,-40.55694580078125,identifier,d
50.11292266845703,142.8884735107422,.,.
29.605756759643555,1.149889349937439,identifier,getNestedTypes
-90.88854217529297,166.65963745117188,(,(
-189.97080993652344,-30.55874252319336,),)
-129.2137451171875,11.03879165649414,),)
119.90349578857422,-91.47599029541016,{,{
-29.33827781677246,-14.953405380249023,identifier,typeDecl
44.8123664855957,136.3660888671875,.,.
53.44241714477539,15.625353813171387,identifier,accept
-42.75910568237305,127.57727813720703,(,(
-167.8205108642578,-50.21635055541992,),)
-59.78726577758789,-149.46450805664062,;,;
25.371814727783203,-168.7556610107422,},}
-40.03387451171875,-41.22834777832031,identifier,d
41.06483459472656,132.8854522705078,.,.
53.76252746582031,15.350324630737305,identifier,accept
-38.391571044921875,129.97755432128906,(,(
20.669689178466797,0.377939373254776,identifier,post
-162.24276733398438,-53.31072998046875,),)
-52.578857421875,-150.84317016601562,;,;
45.134429931640625,-154.10678100585938,},}
31.686859130859375,-63.62631607055664,identifier,V
44.73085403442383,-34.154361724853516,identifier,remove
-117.99995422363281,85.47627258300781,(,(
41.36619567871094,-62.255653381347656,identifier,Object
-24.459300994873047,-50.82728958129883,identifier,key
-154.4906463623047,45.72906494140625,),)
148.0435333251953,-73.5350112915039,{,{
46.65707778930664,-43.708892822265625,identifier,Integer
-45.78824996948242,17.498485565185547,identifier,index
147.31088256835938,81.37631225585938,=,=
-9.835515975952148,-23.416955947875977,identifier,keyToIndex
67.71991729736328,128.74362182617188,.,.
44.62217712402344,22.206607818603516,identifier,get
-65.67013549804688,133.511474609375,(,(
-24.514320373535156,-51.10761260986328,identifier,key
-164.21182250976562,-17.726938247680664,),)
-91.43240356445312,-126.72179412841797,;,;
155.3738250732422,31.891233444213867,if,if
-71.79912567138672,100.63392639160156,(,(
-46.989742279052734,16.974563598632812,identifier,index
75.76531219482422,49.172767639160156,==,==
-142.6051025390625,20.65500831604004,),)
121.82500457763672,-78.60525512695312,{,{
220.647705078125,-0.2716846466064453,return,return
-66.81724548339844,-127.36233520507812,;,;
18.871017456054688,-157.4642791748047,},}
-9.916919708251953,-23.414588928222656,identifier,keyToIndex
67.02147674560547,128.41281127929688,.,.
42.90934371948242,17.501190185546875,identifier,remove
-64.6273422241211,133.24954223632812,(,(
-24.537376403808594,-51.23550796508789,identifier,key
-163.4828643798828,-24.021610260009766,),)
-93.55946350097656,-135.56271362304688,;,;
17.752944946289062,17.135082244873047,identifier,keySet
66.69042205810547,128.19993591308594,.,.
42.906917572021484,17.50425910949707,identifier,remove
-63.98423767089844,133.11866760253906,(,(
-24.5424861907959,-51.27882766723633,identifier,key
-163.3905029296875,-24.95990562438965,),)
-88.7274398803711,-136.61495971679688,;,;
31.672048568725586,-63.642295837402344,identifier,V
-36.752017974853516,-15.216507911682129,identifier,removedValue
137.4577178955078,86.25241088867188,=,=
-36.92170715332031,-31.16390037536621,identifier,data
59.81798553466797,130.98226928710938,.,.
42.905487060546875,17.48587989807129,identifier,remove
-61.30838394165039,132.54010009765625,(,(
-47.8380241394043,16.907028198242188,identifier,index
65.87571716308594,142.45510864257812,.,.
11.184557914733887,-12.542753219604492,identifier,intValue
-92.47811889648438,156.66635131835938,(,(
-185.03189086914062,-23.82621955871582,),)
-158.56398010253906,-31.48504066467285,),)
-81.92564392089844,-137.7982177734375,;,;
133.09317016601562,18.095844268798828,for,for
-58.10744857788086,92.9242935180664,(,(
32.04834747314453,-62.98664474487305,identifier,K
-27.255626678466797,-2.6324076652526855,identifier,nextKey
-10.521730422973633,-23.63488006591797,identifier,keyToIndex
57.036075592041016,140.26405334472656,.,.
17.77842903137207,17.02911949157715,identifier,keySet
-93.30438995361328,161.57110595703125,(,(
-185.79859924316406,-26.976520538330078,),)
-131.8522186279297,12.387924194335938,),)
125.80810546875,-90.78689575195312,{,{
46.66419982910156,-43.682186126708984,identifier,Integer
-36.91475296020508,14.320292472839355,identifier,nextIndex
135.95237731933594,92.95231628417969,=,=
-10.426243782043457,-23.605478286743164,identifier,keyToIndex
51.9317741394043,135.620361328125,.,.
44.8530158996582,23.264358520507812,identifier,get
-48.863494873046875,129.94981384277344,(,(
-27.195188522338867,-2.528719663619995,identifier,nextKey
-165.49777221679688,-41.2046012878418,),)
-73.20555877685547,-146.57955932617188,;,;
155.1205291748047,18.93539810180664,if,if
-51.63038635253906,102.82059478759766,(,(
-36.938899993896484,14.325692176818848,identifier,nextIndex
76.80846405029297,35.01057815551758,>,>
-47.40974426269531,16.000520706176758,identifier,index
-126.9670639038086,13.548110961914062,),)
120.68412017822266,-93.13821411132812,{,{
-10.320645332336426,-23.550312042236328,identifier,keyToIndex
47.23495101928711,129.81178283691406,.,.
35.802978515625,21.919618606567383,identifier,put
-43.94949722290039,131.20440673828125,(,(
-27.189565658569336,-2.5218663215637207,identifier,nextKey
-10.868599891662598,208.2373046875,",",","
-36.937416076660156,14.329444885253906,identifier,nextIndex
-162.71630859375,-48.43153381347656,),)
-57.81188201904297,-147.4148406982422,;,;
27.83811378479004,-178.8440704345703,},}
30.99887466430664,-171.7865753173828,},}
221.00839233398438,9.810359954833984,return,return
-37.585906982421875,-17.178606033325195,identifier,removedValue
-46.715145111083984,-148.4704132080078,;,;
45.86986541748047,-150.49998474121094,},}
39.95877456665039,-33.463871002197266,identifier,proofStep
-116.29529571533203,87.25370025634766,(,(
29.243640899658203,-36.459110260009766,identifier,ResolutionState
-3.7556073665618896,-39.29225158691406,identifier,state
-154.95314025878906,43.50233459472656,),)
146.7306671142578,-74.09078216552734,{,{
27.07009506225586,-33.356327056884766,identifier,Functor
-11.750509262084961,-32.00844192504883,identifier,isOp
146.7073516845703,82.47183227539062,=,=
-3.0810041427612305,-39.6251106262207,identifier,state
66.38565826416016,132.6320343017578,.,.
19.058725357055664,-18.402259826660156,identifier,getGoalStack
-101.0456771850586,156.6637420654297,(,(
-190.79052734375,-13.52434253692627,),)
63.65421676635742,147.76300048828125,.,.
33.896060943603516,19.110755920410156,identifier,poll
-100.95145416259766,155.9203338623047,(,(
-190.77793884277344,-13.995816230773926,),)
62.69253921508789,147.71604919433594,.,.
19.63861656188965,-19.28582000732422,identifier,getFunctor
-94.49545288085938,150.3330078125,(,(
-167.98074340820312,-21.05642318725586,),)
-92.39877319335938,-131.6912841796875,;,;
37.8994026184082,-39.82671356201172,identifier,Term
-20.127647399902344,11.802613258361816,identifier,expressionValue
141.15252685546875,86.5168228149414,=,=
14.510878562927246,-20.252689361572266,identifier,BuiltInUtils
62.574405670166016,122.6776123046875,.,.
15.183232307434082,-14.952898025512695,identifier,evaluateAsNumeric
-62.184268951416016,134.108642578125,(,(
-11.989290237426758,-31.653392791748047,identifier,isOp
63.24412155151367,139.7671356201172,.,.
4.825403213500977,-10.013823509216309,identifier,getArgument
-53.75766372680664,135.98391723632812,(,(
-184.07785034179688,-23.381893157958984,),)
-158.66258239746094,-28.003549575805664,),)
-85.2080078125,-137.32431030273438,;,;
58.00106430053711,-51.68553924560547,identifier,List
95.2896957397461,6.080893516540527,<,<
32.748504638671875,-47.18252182006836,identifier,Variable
101.17347717285156,-24.620777130126953,>,>
-19.124568939208984,-11.040163040161133,identifier,boundVariables
134.8081512451172,86.53897857666016,=,=
159.54598999023438,-24.062908172607422,new,new
58.08255386352539,-45.825504302978516,identifier,LinkedList
93.8331298828125,6.466978549957275,<,<
32.68159866333008,-47.252201080322266,identifier,Variable
99.71693420410156,-21.834413528442383,>,>
-87.28961181640625,150.14935302734375,(,(
-170.31228637695312,-31.409513473510742,),)
-80.00384521484375,-138.80514526367188,;,;
-37.93744659423828,-15.738807678222656,identifier,matched
134.48037719726562,90.7936019897461,=,=
-2.9106523990631104,-39.6914176940918,identifier,state
54.71495819091797,141.0918426513672,.,.
25.41212272644043,-6.761147975921631,identifier,getUnifier
-95.11320495605469,164.1031494140625,(,(
-194.3695831298828,-16.23288917541504,),)
49.718624114990234,123.11164855957031,.,.
25.60869789123535,-6.567908763885498,identifier,unifyInternal
-51.27762222290039,128.86314392089844,(,(
-11.958586692810059,-31.656681060791016,identifier,isOp
52.040000915527344,143.7872772216797,.,.
4.822096824645996,-10.011444091796875,identifier,getArgument
-53.56429672241211,135.93106079101562,(,(
-190.37840270996094,-25.67141342163086,),)
-6.975208282470703,209.1228485107422,",",","
-20.999229431152344,12.686944007873535,identifier,expressionValue
-9.149117469787598,211.4967498779297,",",","
-17.96304702758789,-12.531493186950684,identifier,boundVariables
-9.197120666503906,211.54933166503906,",",","
-17.95985221862793,-12.538579940795898,identifier,boundVariables
-162.87550354003906,-44.19001007080078,),)
-70.78144836425781,-149.64759826660156,;,;
133.97933959960938,16.445171356201172,for,for
-54.64496612548828,94.0173568725586,(,(
32.975746154785156,-46.946258544921875,identifier,Variable
-28.60686683654785,-6.288933277130127,identifier,binding
-17.949750900268555,-12.521151542663574,identifier,boundVariables
-124.83036041259766,14.257272720336914,),)
121.45548248291016,-91.4211654663086,{,{
-2.8637430667877197,-39.72495651245117,identifier,state
40.967552185058594,130.6961212158203,.,.
29.366878509521484,-0.743133544921875,identifier,getVariableBindings
-91.71343994140625,168.4471893310547,(,(
-195.5753936767578,-18.381189346313477,),)
48.290931701660156,129.40980529785156,.,.
34.46038055419922,19.60904312133789,identifier,offer
-39.4091796875,132.0474853515625,(,(
-28.58628273010254,-6.276196479797363,identifier,binding
-161.49462890625,-52.972286224365234,),)
-55.90703201293945,-151.12559509277344,;,;
26.592464447021484,-170.44667053222656,},}
219.83885192871094,10.354111671447754,return,return
-37.958370208740234,-16.254417419433594,identifier,matched
-46.56113052368164,-149.84329223632812,;,;
47.13160705566406,-151.12091064453125,},}
59.41513442993164,-28.262571334838867,identifier,Override
28.749082565307617,-38.4572639465332,identifier,DirContextOperations
38.237674713134766,-26.562042236328125,identifier,searchForUser
-113.78304290771484,90.19180297851562,(,(
48.56183624267578,-84.10486602783203,identifier,String
-16.734394073486328,-53.81394577026367,identifier,username
-151.72705078125,44.419883728027344,),)
149.6900634765625,-76.6166000366211,{,{
153.1562042236328,33.80491256713867,if,if
-73.71929168701172,99.87045288085938,(,(
62.35422134399414,-2.1492645740509033,identifier,logger
59.54414749145508,119.85014343261719,.,.
59.124935150146484,4.008331775665283,identifier,isDebugEnabled
-98.7575454711914,149.1178741455078,(,(
-179.5326385498047,-18.997833251953125,),)
-144.18067932128906,19.80340003967285,),)
123.79525756835938,-78.08949279785156,{,{
62.28461837768555,-2.253676414489746,identifier,logger
58.28342056274414,120.59373474121094,.,.
57.95420837402344,3.3580148220062256,identifier,debug
-58.99142837524414,117.79768371582031,(,(
17.852956771850586,-12.73913860321045,"""","""Searching for user '"""
-14.559812545776367,57.389373779296875,+,+
-17.29421043395996,-54.76620864868164,identifier,username
-9.987138748168945,51.98931884765625,+,+
17.062252044677734,-12.604098320007324,"""","""', with user search """
-15.537296295166016,56.06886291503906,+,+
-154.98228454589844,-27.29541778564453,),)
-68.94813537597656,-131.52610778808594,;,;
19.313182830810547,-159.2755889892578,},}
16.28192710876465,-28.523906707763672,identifier,SpringSecurityLdapTemplate
-28.727842330932617,-23.683433532714844,identifier,template
136.6281280517578,85.61801147460938,=,=
155.74864196777344,-25.54343605041504,new,new
16.275840759277344,-28.478979110717773,identifier,SpringSecurityLdapTemplate
-58.64883804321289,136.62820434570312,(,(
4.670241355895996,-15.835637092590332,identifier,contextSource
-162.12982177734375,-31.54770851135254,),)
-82.83674621582031,-139.0244140625,;,;
-28.66990089416504,-23.76045036315918,identifier,template
57.14556884765625,132.8056640625,.,.
4.526759624481201,-14.48547077178955,identifier,setSearchControls
-60.9090576171875,128.6109161376953,(,(
4.174746990203857,-14.723770141601562,identifier,searchControls
-162.13404846191406,-32.79789352416992,),)
-79.66346740722656,-139.45468139648438,;,;
128.8976593017578,-94.3558120727539,{,{
217.46856689453125,5.3085198402404785,return,return
-28.650901794433594,-23.774091720581055,identifier,template
54.41905975341797,135.76510620117188,.,.
24.786739349365234,-3.3583695888519287,identifier,searchForSingleEntry
-52.2950439453125,130.07464599609375,(,(
3.4114503860473633,-14.806947708129883,identifier,searchBase
-6.048855781555176,212.1034393310547,",",","
3.474287748336792,-14.776692390441895,identifier,searchFilter
-6.08894157409668,211.460205078125,",",","
155.8963623046875,-29.83282470703125,new,new
58.26277542114258,-86.11273193359375,identifier,String
128.39349365234375,-100.7992935180664,{,{
-17.12567138671875,-54.80588150024414,identifier,username
18.63167953491211,-174.35409545898438,},}
-159.2618865966797,-44.20484161376953,),)
-61.34366989135742,-144.0546875,;,;
32.74526596069336,-156.05926513671875,},}
-49.71611404418945,95.25579833984375,(,(
40.28295135498047,-11.344549179077148,identifier,IncorrectResultSizeDataAccessException
-8.280552864074707,7.934384346008301,identifier,notFound
-123.84211730957031,17.94561195373535,),)
119.29607391357422,-98.61510467529297,{,{
155.68280029296875,16.351892471313477,if,if
-48.371559143066406,100.73898315429688,(,(
-8.290634155273438,7.929320335388184,identifier,notFound
46.486244201660156,141.93218994140625,.,.
18.80095100402832,4.522281169891357,identifier,getActualSize
-89.51611328125,168.17184448242188,(,(
-193.80426025390625,-22.271713256835938,),)
73.36355590820312,48.34988784790039,==,==
-126.47911071777344,9.791486740112305,),)
116.27970886230469,-91.56729125976562,{,{
150.6464080810547,-25.68178367614746,new,new
41.89366149902344,-9.663737297058105,identifier,UsernameNotFoundException
-55.249664306640625,118.8472900390625,(,(
17.423246383666992,-1.1208566427230835,"""","""User """
-13.45861530303955,57.631019592285156,+,+
-17.228683471679688,-54.82036209106445,identifier,username
-9.912506103515625,51.05339431762695,+,+
17.709543228149414,0.5904496908187866,"""",""" not found in directory."""
-151.30006408691406,-38.36589813232422,),)
-56.11376953125,-155.51333618164062,;,;
25.265920639038086,-170.92005920410156,},}
-8.308171272277832,7.908538818359375,identifier,notFound
-46.880332946777344,-153.53004455566406,;,;
32.42105484008789,-181.6248779296875,},}
46.48127746582031,-159.610107421875,},}
31.994815826416016,-25.547203063964844,identifier,SuppressWarnings
-105.09452819824219,91.06958770751953,(,(
31.884246826171875,-25.395429611206055,"""","""deprecation"""
-150.63755798339844,36.39588928222656,),)
38.91042709350586,-27.417495727539062,identifier,additionalAuthenticationChecks
-108.60421752929688,85.75950622558594,(,(
22.222251892089844,-40.80784606933594,identifier,UserDetails
-8.273731231689453,-40.90467834472656,identifier,userDetails
-3.894552707672119,234.8805694580078,",",","
22.008222579956055,-39.30882263183594,identifier,UsernamePasswordAuthenticationToken
-2.45843505859375,-57.265892028808594,identifier,authentication
-145.0107421875,39.41939926147461,),)
48.70942687988281,-12.37774658203125,identifier,AuthenticationException
145.81724548339844,-82.89024353027344,{,{
152.8848419189453,29.995502471923828,if,if
-68.24940490722656,100.1256103515625,(,(
-2.3777883052825928,-58.022254943847656,identifier,authentication
65.65238189697266,135.51266479492188,.,.
5.623772144317627,-12.029531478881836,identifier,getCredentials
-98.2874526977539,154.62884521484375,(,(
-187.93228149414062,-17.170917510986328,),)
74.87899017333984,50.4950065612793,==,==
-138.9560089111328,19.690425872802734,),)
126.8676528930664,-83.5906753540039,{,{
62.128753662109375,-2.5612213611602783,identifier,logger
56.7547607421875,121.02961730957031,.,.
57.19609069824219,3.511168956756592,identifier,debug
-58.844459533691406,119.64390563964844,(,(
15.93170166015625,-10.983922958374023,"""","""Authentication failed: no credentials provided"""
-155.36734008789062,-29.89897346496582,),)
-75.10698699951172,-136.78271484375,;,;
152.48387145996094,-23.289630889892578,new,new
42.75579833984375,-9.429579734802246,identifier,BadCredentialsException
-56.23455047607422,123.9142074584961,(,(
15.428215026855469,14.662890434265137,identifier,messages
52.56333923339844,119.355224609375,.,.
13.467724800109863,14.436248779296875,identifier,getMessage
-58.97733688354492,122.26033782958984,(,(
11.704109191894531,-10.083027839660645,"""","""AbstractUserDetailsAuthenticationProvider.badCredentials"""
1.2235313653945923,208.57281494140625,",",","
15.103591918945312,-5.636927604675293,"""","""Bad credentials"""
-181.4249267578125,-33.333580017089844,),)
-157.14920043945312,-36.82006072998047,),)
-63.72537612915039,-138.92759704589844,;,;
24.03403091430664,-162.8498992919922,},}
57.35136795043945,-85.7812271118164,identifier,String
-14.557576179504395,1.2433686256408691,identifier,presentedPassword
135.15994262695312,94.27261352539062,=,=
-2.3714582920074463,-58.09061050415039,identifier,authentication
51.6915283203125,142.3629150390625,.,.
5.640470504760742,-12.007431030273438,identifier,getCredentials
-92.72344970703125,165.82406616210938,(,(
-194.29583740234375,-18.049999237060547,),)
56.664676666259766,146.6847686767578,.,.
12.625252723693848,19.50125503540039,identifier,toString
-85.51387786865234,162.59173583984375,(,(
-172.67510986328125,-42.62618637084961,),)
-71.46902465820312,-148.68365478515625,;,;
156.21475219726562,16.83866310119629,if,if
-48.466224670410156,99.92335510253906,(,(
33.64175033569336,-13.51177978515625,identifier,passwordEncoder
43.54119873046875,126.37675476074219,.,.
22.432701110839844,-0.8248096704483032,identifier,matches
-44.509334564208984,133.10902404785156,(,(
-14.578903198242188,1.234683632850647,identifier,presentedPassword
-10.524187088012695,210.7412567138672,",",","
-8.235546112060547,-40.92567825317383,identifier,userDetails
48.42893600463867,144.51255798339844,.,.
5.177483558654785,2.7966434955596924,identifier,getPassword
-88.99180603027344,167.60963439941406,(,(
-192.52215576171875,-28.825733184814453,),)
-186.7922821044922,-38.70859146118164,),)
-128.6746063232422,9.133718490600586,),)
116.95021057128906,-91.46968078613281,{,{
62.22269058227539,-2.3577728271484375,identifier,logger
55.56953048706055,120.48902893066406,.,.
57.029842376708984,2.9024016857147217,identifier,debug
-54.14923095703125,118.34915924072266,(,(
18.31334686279297,1.028713345527649,"""","""Authentication failed: password does not match stored value"""
-154.1168670654297,-53.338623046875,),)
-65.1466064453125,-160.37518310546875,;,;
149.88511657714844,-25.29189109802246,new,new
42.44392395019531,-9.354552268981934,identifier,BadCredentialsException
-52.71643829345703,117.07235717773438,(,(
15.405783653259277,14.658622741699219,identifier,messages
52.21657943725586,119.29306030273438,.,.
13.544611930847168,14.474334716796875,identifier,getMessage
-50.466705322265625,118.29226684570312,(,(
10.64569091796875,-9.33294677734375,"""","""AbstractUserDetailsAuthenticationProvider.badCredentials"""
1.5530818700790405,208.07772827148438,",",","
10.70897102355957,-8.64777946472168,"""","""Bad credentials"""
-178.9935302734375,-30.600303649902344,),)
-153.42481994628906,-48.65507888793945,),)
-52.45625305175781,-156.51817321777344,;,;
31.883634567260742,-182.71095275878906,},}
47.32154083251953,-160.09837341308594,},}
43.530677795410156,-30.28299903869629,identifier,injectAttributes
-115.01558685302734,85.1427993774414,(,(
16.50274658203125,-47.6496467590332,identifier,HttpServletRequest
-8.640663146972656,-43.13581466674805,identifier,servletRequest
-6.355705738067627,237.5010986328125,",",","
23.24638557434082,-41.98393630981445,identifier,Targets
-16.071678161621094,-41.15251922607422,identifier,targets
-149.82240295410156,41.496559143066406,),)
146.38937377929688,-77.51300048828125,{,{
55.00618362426758,-48.939430236816406,identifier,Enumeration
96.87353515625,4.999204158782959,<,<
50.725128173828125,-90.12065124511719,identifier,String
103.66854095458984,-23.67629623413086,>,>
-25.686697006225586,-25.004682540893555,identifier,attributeNames
145.64901733398438,83.82979583740234,=,=
-8.25130844116211,-44.16850280761719,identifier,servletRequest
65.4043197631836,133.59425354003906,.,.
21.69001007080078,-18.712827682495117,identifier,getAttributeNames
-95.07755279541016,149.600341796875,(,(
-167.89910888671875,-20.443252563476562,),)
-89.548583984375,-129.03573608398438,;,;
128.09259033203125,21.231279373168945,while,while
-67.75393676757812,97.86583709716797,(,(
-25.6143798828125,-25.91449546813965,identifier,attributeNames
69.40145111083984,137.77659606933594,.,.
29.711763381958008,-16.37782096862793,identifier,hasMoreElements
-96.86619567871094,152.77313232421875,(,(
-180.67897033691406,-22.116601943969727,),)
-138.2557830810547,21.94301414489746,),)
131.280517578125,-86.07598876953125,{,{
55.225704193115234,-83.85084533691406,identifier,String
-29.93095588684082,1.2352705001831055,identifier,attrName
141.47299194335938,89.2066879272461,=,=
-25.59617042541504,-26.07568359375,identifier,attributeNames
68.91407012939453,138.2222442626953,.,.
29.7077693939209,-16.370954513549805,identifier,nextElement
-91.79815673828125,153.62216186523438,(,(
-169.2663116455078,-25.978221893310547,),)
-87.0127182006836,-139.12701416015625,;,;
-16.168598175048828,-41.21742630004883,identifier,targets
60.55854797363281,129.73086547851562,.,.
23.52729606628418,-11.31000804901123,identifier,forEachTargetAndIn
-59.95469284057617,131.19961547851562,(,(
-2.9213452339172363,214.4918212890625,",",","
-61.37234878540039,105.90873718261719,(,(
-44.80315399169922,-50.96812438964844,identifier,target
-3.690758228302002,215.2404022216797,",",","
-0.38584595918655396,-3.8400063514709473,identifier,in
-169.36488342285156,-8.576068878173828,),)
134.12428283691406,-90.48036193847656,{,{
56.37015914916992,-84.357177734375,identifier,String
-30.580284118652344,7.087420463562012,identifier,name
136.7433624267578,91.57721710205078,=,=
-0.39165931940078735,-3.8431010246276855,identifier,in
54.955318450927734,136.76885986328125,.,.
22.44446563720703,-1.480800747871399,identifier,matchedName
-51.016658782958984,132.3244171142578,(,(
-29.927038192749023,1.5846105813980103,identifier,attrName
-166.82276916503906,-37.3248176574707,),)
-75.65587615966797,-142.39041137695312,;,;
153.935302734375,19.615127563476562,if,if
-53.788841247558594,102.53411102294922,(,(
-28.983644485473633,6.269855976104736,identifier,name
86.11126708984375,39.79719924926758,!=,!=
-128.92041015625,14.66642951965332,),)
124.2796630859375,-93.25225067138672,{,{
42.647525787353516,-62.011898040771484,identifier,Object
-22.046123504638672,12.456204414367676,identifier,attrValue
134.0299530029297,95.26753997802734,=,=
-8.104063987731934,-44.2169189453125,identifier,servletRequest
50.54178237915039,140.46255493164062,.,.
34.48239517211914,10.576180458068848,identifier,getAttribute
-47.315650939941406,132.2113494873047,(,(
-29.915546417236328,1.6493562459945679,identifier,attrName
-166.6146240234375,-43.734806060791016,),)
-75.18684387207031,-153.14833068847656,;,;
-45.07748794555664,-50.412437438964844,identifier,target
44.23795700073242,131.81082153320312,.,.
25.690166473388672,2.3471243381500244,identifier,writeValue
-43.518516540527344,132.04403686523438,(,(
-27.944978713989258,5.592502593994141,identifier,name
-10.1334228515625,210.29725646972656,",",","
-21.82121467590332,12.69465160369873,identifier,attrValue
-10.306771278381348,214.63388061523438,",",","
-162.39599609375,-48.760345458984375,),)
-57.61386489868164,-148.20880126953125,;,;
26.46445083618164,-177.8998260498047,},}
24.7927303314209,-175.19252014160156,},}
-168.2473907470703,-57.450923919677734,),)
-54.22390365600586,-149.34188842773438,;,;
31.107711791992188,-177.41763305664062,},}
43.88327407836914,-161.69007873535156,},}
42.81297302246094,-34.82960891723633,identifier,lastIndexOf
-114.27517700195312,83.23294067382812,(,(
51.288578033447266,-83.44251251220703,identifier,String
-22.65208625793457,-56.6388053894043,identifier,src
-7.77039909362793,238.68942260742188,",",","
-37.142486572265625,-2.203899383544922,identifier,c
-9.287566184997559,234.94302368164062,",",","
-41.96138381958008,11.392447471618652,identifier,startIndex
-8.93411636352539,233.56019592285156,",",","
-39.283470153808594,10.271564483642578,identifier,endIndex
-147.6163787841797,42.989967346191406,),)
145.73812866210938,-78.47988891601562,{,{
-22.555004119873047,26.581369400024414,identifier,total
145.97377014160156,84.20408630371094,=,=
-22.4598388671875,-56.68570327758789,identifier,src
71.05654907226562,136.2023468017578,.,.
8.050847053527832,41.15928268432617,identifier,length
-98.18059539794922,151.7745361328125,(,(
-186.2924041748047,-16.54677963256836,),)
-89.82174682617188,-128.1817169189453,;,;
153.66168212890625,29.341712951660156,if,if
-68.3836669921875,101.2647476196289,(,(
-22.349021911621094,26.611581802368164,identifier,total
73.81297302246094,31.915193557739258,<,<
-140.66818237304688,19.857267379760742,),)
121.71680450439453,-79.8963851928711,{,{
221.1843719482422,0.1650983840227127,return,return
-66.11685180664062,-128.73184204101562,;,;
21.521907806396484,-157.81028747558594,},}
155.38119506835938,27.343856811523438,if,if
-65.10826873779297,101.78820037841797,(,(
-41.690589904785156,11.434718132019043,identifier,startIndex
-22.051597595214844,26.649553298950195,identifier,total
-136.7638702392578,19.503459930419922,),)
124.01953125,-81.57780456542969,{,{
-41.583011627197266,11.431011199951172,identifier,startIndex
144.6986846923828,94.41928100585938,=,=
-21.930110931396484,26.665128707885742,identifier,total
-66.2391586303711,-130.9832000732422,;,;
21.975399017333984,-159.43093872070312,},}
155.89266967773438,25.51439094543457,if,if
-61.96101760864258,102.2093276977539,(,(
-39.49639129638672,10.61121940612793,identifier,endIndex
73.57526397705078,31.969331741333008,<,<
-135.1881866455078,17.952564239501953,),)
123.896728515625,-83.57888793945312,{,{
-39.553096771240234,10.684051513671875,identifier,endIndex
144.639404296875,94.4532470703125,=,=
-64.78028869628906,-132.98031616210938,;,;
22.718891143798828,-160.95127868652344,},}
132.1865692138672,17.90203094482422,for,for
-58.13153076171875,93.94898986816406,(,(
-53.73683547973633,31.948326110839844,identifier,i
133.8372802734375,81.05927276611328,=,=
-41.66547393798828,11.434347152709961,identifier,startIndex
-78.76534271240234,-121.25453186035156,;,;
-55.387088775634766,29.161937713623047,identifier,i
-39.37017059326172,10.431890487670898,identifier,endIndex
-78.0298080444336,-121.86376190185547,;,;
-54.838050842285156,28.899497985839844,identifier,i
-129.83807373046875,16.6873779296875,),)
126.2186508178711,-92.31868743896484,{,{
153.6772003173828,17.992782592773438,if,if
-53.97059631347656,103.42942810058594,(,(
-22.54180335998535,-56.69694900512695,identifier,src
50.29043197631836,136.81381225585938,.,.
24.158292770385742,29.833417892456055,identifier,charAt
-49.01840591430664,131.47698974609375,(,(
-54.34046173095703,26.497638702392578,identifier,i
-183.89193725585938,-28.44597625732422,),)
71.15999603271484,50.491241455078125,==,==
-36.3912353515625,-2.546297311782837,identifier,c
-127.55475616455078,14.212000846862793,),)
117.36106872558594,-94.2812728881836,{,{
221.74693298339844,4.951962471008301,return,return
-52.9273796081543,27.71664047241211,identifier,i
-54.925048828125,-142.8843536376953,;,;
26.784639358520508,-180.42832946777344,},}
30.486268997192383,-170.96774291992188,},}
222.48129272460938,8.199785232543945,return,return
-49.538333892822266,-147.79360961914062,;,;
43.927860260009766,-150.20114135742188,},}
48.30686569213867,-29.284555435180664,identifier,fireEvent
-116.56855010986328,85.39736938476562,(,(
31.125314712524414,-56.20712661743164,identifier,Class
-7.8960137367248535,-50.709503173828125,identifier,listenerType
-153.8297576904297,44.948482513427734,),)
147.20675659179688,-74.0001449584961,{,{
55.84745407104492,-49.47404861450195,identifier,Set
96.85134887695312,4.088701248168945,<,<
50.436702728271484,-89.68949890136719,identifier,String
104.20603942871094,-24.419361114501953,>,>
-7.098062992095947,-28.35852813720703,identifier,existing
142.7424774169922,79.72570037841797,=,=
160.0004425048828,-26.041858673095703,new,new
56.30618667602539,-46.52029800415039,identifier,HashSet
90.95247650146484,2.300593614578247,<,<>
-90.86210632324219,146.1188201904297,(,(
-166.792236328125,-19.493253707885742,),)
-90.84547424316406,-128.37901306152344,;,;
127.75946044921875,21.302507400512695,while,while
-71.52344512939453,95.98731994628906,(,(
-141.4770050048828,22.747833251953125,),)
131.94798278808594,-85.12713623046875,{,{
23.64303970336914,-27.31637191772461,identifier,MutableInteger
-14.410627365112305,-7.886517524719238,identifier,newCount
141.8831787109375,82.32376098632812,=,=
23.60495376586914,-27.296977996826172,identifier,MutableInteger
54.67669677734375,113.54045104980469,.,.
49.47844696044922,-21.908065795898438,identifier,of
-67.24600219726562,127.19075775146484,(,(
-164.8200225830078,-23.14073371887207,),)
-90.79444885253906,-135.88803100585938,;,;
13.061127662658691,-18.171897888183594,identifier,madpc
60.91432189941406,129.6832275390625,.,.
23.238821029663086,-11.544896125793457,identifier,forEachBeanType
-60.12272644042969,131.46714782714844,(,(
-8.195276260375977,-50.132686614990234,identifier,listenerType
-3.2571723461151123,215.0958251953125,",",","
-30.21392059326172,6.564021587371826,identifier,name
134.21279907226562,-90.55873107910156,{,{
149.61244201660156,23.14380645751953,if,if
-61.1102180480957,99.47994232177734,(,(
-7.091423988342285,-28.362503051757812,identifier,existing
53.18608474731445,133.50718688964844,.,.
36.540924072265625,28.039199829101562,identifier,add
-58.02995681762695,134.26971435546875,(,(
-28.68419647216797,6.899113178253174,identifier,name
-183.23631286621094,-30.358335494995117,),)
-136.32476806640625,14.377710342407227,),)
126.31798553466797,-87.12006378173828,{,{
-14.96772289276123,-7.461469650268555,identifier,newCount
55.464988708496094,132.4736328125,.,.
-20.89879608154297,18.709911346435547,identifier,value
-76.418212890625,-140.07257080078125,;,;
42.75141525268555,-61.79944610595703,identifier,Object
-15.112130165100098,5.694857597351074,identifier,listener
135.7803192138672,91.60986328125,=,=
22.343324661254883,-7.725878715515137,identifier,lookupComponent
-51.00542449951172,132.13619995117188,(,(
-28.0980167388916,6.338029384613037,identifier,name
-166.84893798828125,-37.27814865112305,),)
-75.64653778076172,-142.41244506835938,;,;
153.85597229003906,19.43769645690918,if,if
-53.81756591796875,102.444580078125,(,(
-15.07772445678711,5.71405553817749,identifier,listener
86.67713165283203,39.903011322021484,!=,!=
-128.91220092773438,14.6006441116333,),)
124.04292297363281,-93.43392181396484,{,{
21.962068557739258,-6.392557144165039,identifier,MadvocComponentLifecycle
44.8912467956543,126.20897674560547,.,.
34.770721435546875,0.8483158946037292,identifier,invoke
-45.733070373535156,133.71319580078125,(,(
-15.054829597473145,5.723536491394043,identifier,listener
-8.183558464050293,212.71006774902344,",",","
-8.220815658569336,-50.074886322021484,identifier,listenerType
-162.34121704101562,-46.5020637512207,),)
-59.519195556640625,-146.36415100097656,;,;
26.089357376098633,-178.72537231445312,},}
26.275169372558594,-175.66445922851562,},}
24.635953903198242,-175.0338897705078,},}
-168.39125061035156,-57.409812927246094,),)
-68.27023315429688,-150.97665405273438,;,;
157.93479919433594,17.158626556396484,if,if
-48.81992721557617,100.84171295166016,(,(
-15.070304870605469,-7.39277982711792,identifier,newCount
46.461605072021484,142.22804260253906,.,.
-20.87188148498535,18.718191146850586,identifier,value
73.38329315185547,48.486446380615234,==,==
-126.40511322021484,10.37060546875,),)
115.68289947509766,-93.57691192626953,{,{
-54.24561309814453,-145.60586547851562,;,;
28.277379989624023,-180.39138793945312,},}
31.01258087158203,-175.58555603027344,},}
43.193336486816406,-161.39085388183594,},}
37.20683670043945,-42.89847946166992,identifier,SecurityContext
40.80619430541992,-26.93415069580078,identifier,createSecurityContext
-115.02526092529297,88.6874008178711,(,(
47.92242431640625,-84.80607604980469,identifier,String
-14.384303092956543,-51.86494445800781,identifier,domain
-152.84071350097656,44.91965103149414,),)
149.10154724121094,-75.4329833984375,{,{
152.42660522460938,33.97121810913086,if,if
-74.49169158935547,99.15145874023438,(,(
15.53312873840332,-26.747943878173828,identifier,WildFlySecurityManager
66.05511474609375,124.86580657958984,.,.
23.185760498046875,-14.196663856506348,identifier,isChecking
-98.45118713378906,149.56292724609375,(,(
-179.7273712158203,-19.5583438873291,),)
-143.9027557373047,19.1646728515625,),)
123.57335662841797,-77.11571502685547,{,{
215.84580993652344,4.1440606117248535,return,return
15.53774356842041,-26.731666564941406,identifier,WildFlySecurityManager
64.45518493652344,122.69259643554688,.,.
18.394718170166016,-16.607011795043945,identifier,doUnchecked
-63.89065933227539,115.28076934814453,(,(
158.0499725341797,-29.408077239990234,new,new
19.275768280029297,-24.480470657348633,identifier,PrivilegedAction
98.55691528320312,8.386027336120605,<,<
37.3886604309082,-43.0204963684082,identifier,SecurityContext
101.53533172607422,-21.171018600463867,>,>
-87.00270080566406,147.38784790039062,(,(
-169.88844299316406,-10.502293586730957,),)
135.8065948486328,-90.86982727050781,{,{
61.64531707763672,-27.399377822875977,identifier,Override
37.35063171386719,-42.99785614013672,identifier,SecurityContext
53.18962478637695,-31.4232120513916,identifier,run
-84.58346557617188,147.9002227783203,(,(
-168.22560119628906,-10.237977027893066,),)
134.71630859375,-91.2918930053711,{,{
131.04969787597656,-93.089599609375,{,{
217.17715454101562,3.899651288986206,return,return
13.889202117919922,-28.03076171875,identifier,SecurityContextFactory
60.799434661865234,124.97113800048828,.,.
29.894670486450195,-4.997221946716309,identifier,createSecurityContext
-58.9456901550293,135.1430206298828,(,(
-14.38465404510498,-51.87825393676758,identifier,domain
-163.40731811523438,-30.740325927734375,),)
-67.65684509277344,-135.72262573242188,;,;
30.30718421936035,-154.31436157226562,},}
-50.30842971801758,92.1671371459961,(,(
53.40400695800781,-9.138103485107422,identifier,Exception
43.98359298706055,46.675193786621094,identifier,e
-128.03672790527344,20.222858428955078,),)
120.4364013671875,-86.67520141601562,{,{
36.3632926940918,-6.773038387298584,identifier,UndertowLogger
45.26618576049805,114.60164642333984,.,.
36.25975036621094,-5.03366231918335,identifier,ROOT_LOGGER
47.03494644165039,116.67402648925781,.,.
28.809694290161133,-4.831481456756592,identifier,failToCreateSecurityContext
-52.41818618774414,125.05360412597656,(,(
41.4079475402832,46.751075744628906,identifier,e
-163.75990295410156,-40.03020095825195,),)
-63.38706588745117,-140.91677856445312,;,;
24.452411651611328,-177.892822265625,},}
24.291213989257812,-176.931884765625,},}
23.713571548461914,-175.62818908691406,},}
-169.08900451660156,-57.17108154296875,),)
-62.143951416015625,-142.6949005126953,;,;
31.930994033813477,-158.74473571777344,},}
14.730847358703613,-103.96495056152344,else,else
125.32310485839844,-96.21942901611328,{,{
126.80048370361328,-96.38263702392578,{,{
217.60400390625,6.300165176391602,return,return
13.852800369262695,-28.04924964904785,identifier,SecurityContextFactory
44.41970443725586,123.06497192382812,.,.
29.746240615844727,-4.617295265197754,identifier,createSecurityContext
-46.72444152832031,136.60511779785156,(,(
-14.381098747253418,-51.872318267822266,identifier,domain
-165.5336456298828,-47.69759750366211,),)
-60.581886291503906,-147.88961791992188,;,;
32.96041488647461,-155.33558654785156,},}
-48.24326705932617,94.09536743164062,(,(
54.809104919433594,-9.687830924987793,identifier,Exception
43.019508361816406,48.04227828979492,identifier,e
-124.21551513671875,19.446090698242188,),)
118.13443756103516,-97.45980072021484,{,{
36.539424896240234,-6.58267879486084,identifier,UndertowLogger
43.13896560668945,115.95329284667969,.,.
36.57560348510742,-5.2494001388549805,identifier,ROOT_LOGGER
45.860103607177734,117.45880889892578,.,.
28.842805862426758,-4.5999345779418945,identifier,failToCreateSecurityContext
-37.9253044128418,138.30494689941406,(,(
40.74346160888672,47.47810363769531,identifier,e
-159.4811553955078,-52.70408248901367,),)
-55.85574722290039,-153.5273895263672,;,;
29.39406967163086,-181.71722412109375,},}
32.44705581665039,-176.1714324951172,},}
45.510826110839844,-161.21084594726562,},}
28.58576774597168,-39.939788818359375,identifier,SessionID
41.162322998046875,-27.175901412963867,identifier,createSessionRemote
-118.24185180664062,90.78372192382812,(,(
-157.7672882080078,46.31959533691406,),)
148.08087158203125,-72.82096862792969,{,{
22.279911041259766,-42.599124908447266,identifier,ControlPoint
-13.598183631896973,-30.269695281982422,identifier,controlPoint
146.73968505859375,81.37120056152344,=,=
21.924861907958984,-42.73889923095703,identifier,getControlPoint
-96.84652709960938,148.3565216064453,(,(
-165.72650146484375,-17.364368438720703,),)
-91.59788513183594,-126.58877563476562,;,;
152.90602111816406,32.644813537597656,if,if
-71.68875885009766,99.59734344482422,(,(
-13.788172721862793,-29.728116989135742,identifier,controlPoint
76.75444030761719,49.438873291015625,==,==
-142.77635192871094,20.62767791748047,),)
122.79993438720703,-77.62908172607422,{,{
217.95193481445312,2.1301605701446533,return,return
34.741756439208984,-21.471040725708008,identifier,createSession
-93.5361557006836,147.72169494628906,(,(
-169.33677673339844,-20.234085083007812,),)
-68.30079650878906,-128.13726806640625,;,;
27.113258361816406,-156.3601531982422,},}
12.878591537475586,-105.11299133300781,else,else
133.33154296875,-84.15625762939453,{,{
134.03663635253906,-85.27592468261719,{,{
17.381879806518555,-35.42618942260742,identifier,RunResult
-56.92662811279297,-20.517759323120117,identifier,result
140.59671020507812,85.89157104492188,=,=
-13.806507110595703,-29.441057205200195,identifier,controlPoint
63.046146392822266,134.7191162109375,.,.
16.050878524780273,-15.348015785217285,identifier,beginRequest
-91.08133697509766,151.21385192871094,(,(
-168.55752563476562,-24.6888370513916,),)
-85.28744506835938,-132.80015563964844,;,;
151.938232421875,25.445356369018555,if,if
-62.96156692504883,100.60700988769531,(,(
-57.59717559814453,-23.276336669921875,identifier,result
72.85415649414062,50.38435363769531,==,==
17.325902938842773,-35.35639190673828,identifier,RunResult
40.388580322265625,110.65948486328125,.,.
8.6508207321167,-6.560196399688721,identifier,REJECTED
-136.0089111328125,16.653207778930664,),)
122.76683807373047,-84.16266632080078,{,{
36.01062774658203,-7.145727157592773,identifier,EjbLogger
45.43545150756836,114.55167388916016,.,.
36.21198654174805,-4.991361618041992,identifier,ROOT_LOGGER
47.42100524902344,115.96281433105469,.,.
20.604135513305664,-8.425657272338867,identifier,containerSuspended
-87.3597412109375,155.17811584472656,(,(
-169.1549072265625,-32.05963897705078,),)
-64.41747283935547,-136.37696838378906,;,;
22.59832000732422,-162.24566650390625,},}
128.30032348632812,-95.39643096923828,{,{
217.633544921875,5.572679042816162,return,return
34.743621826171875,-21.46141242980957,identifier,createSession
-84.5859603881836,158.08352661132812,(,(
-170.73851013183594,-36.88847732543945,),)
-65.48696899414062,-139.78790283203125,;,;
31.775585174560547,-155.31942749023438,},}
123.29650115966797,-98.40595245361328,{,{
-13.73452091217041,-29.305004119873047,identifier,controlPoint
47.208106994628906,134.53128051757812,.,.
23.5539493560791,-0.018073663115501404,identifier,requestComplete
-84.05461883544922,159.87815856933594,(,(
-171.083251953125,-40.442081451416016,),)
-60.19464874267578,-142.52183532714844,;,;
26.635828018188477,-181.27108764648438,},}
38.1474494934082,-159.32716369628906,},}
-49.78400802612305,95.6732177734375,(,(
40.22810363769531,-10.810188293457031,identifier,EJBComponentUnavailableException
40.06892395019531,-10.804984092712402,identifier,ComponentIsStoppedException
42.71305847167969,47.71333694458008,identifier,e
-124.1611557006836,18.11012077331543,),)
117.35968017578125,-96.78264617919922,{,{
41.02680587768555,48.247982025146484,identifier,e
-52.13121795654297,-144.67501831054688,;,;
33.62834930419922,-155.16015625,},}
-48.273834228515625,94.58219146728516,(,(
54.63658905029297,-10.046204566955566,identifier,Exception
42.738033294677734,48.16299057006836,identifier,e
-124.19795227050781,19.38420867919922,),)
117.91773986816406,-97.49866485595703,{,{
151.2476806640625,-25.977563858032227,new,new
40.95806884765625,-8.935867309570312,identifier,EJBException
-37.96794128417969,138.53271484375,(,(
40.86885452270508,47.562705993652344,identifier,e
-159.8154754638672,-52.15366744995117,),)
-56.623497009277344,-153.2490997314453,;,;
28.80497932434082,-181.4958953857422,},}
32.032291412353516,-175.769775390625,},}
44.934024810791016,-161.4349822998047,},}
31.986740112304688,-37.73811721801758,identifier,DataResult
42.954978942871094,-26.03755760192871,identifier,readData
-114.41688537597656,83.98133087158203,(,(
17.08412742614746,-54.09589385986328,identifier,InputStream
-14.02659797668457,-69.35880279541016,identifier,is
-7.739416599273682,239.6477813720703,",",","
27.5977840423584,-35.85892105102539,identifier,NetcdfFile
-11.42757511138916,-40.38140106201172,identifier,ncfile
-7.451017379760742,235.51742553710938,",",","
48.15293502807617,-86.63623046875,identifier,String
2.03169846534729,-50.46465301513672,identifier,location
-148.5729217529297,43.4881591796875,),)
56.766845703125,-15.921319961547852,identifier,IOException
144.17967224121094,-78.18416595458984,{,{
-46.604549407958984,0.9302563667297363,identifier,b
143.5276336669922,81.88670349121094,=,=
159.3397979736328,-27.086381912231445,new,new
-92.45590209960938,-129.4146270751953,;,;
-10.229808807373047,10.73806095123291,identifier,bytesRead
144.54489135742188,87.07190704345703,=,=
4.21781587600708,-25.120948791503906,identifier,NcStream
62.978397369384766,123.94053649902344,.,.
29.74740219116211,9.332986831665039,identifier,readFully
-63.863922119140625,135.62591552734375,(,(
-14.092679023742676,-69.47180938720703,identifier,is
-5.806697368621826,217.23861694335938,",",","
-46.64916229248047,1.211296558380127,identifier,b
-161.79534912109375,-25.19725799560547,),)
-87.10943603515625,-133.1879119873047,;,;
153.73814392089844,26.765804290771484,if,if
-64.23355865478516,101.34285736083984,(,(
-10.22474479675293,10.738304138183594,identifier,bytesRead
73.24080657958984,29.39242172241211,<,<
-46.6695671081543,1.237247347831726,identifier,b
70.09903717041016,139.96359252929688,.,.
8.40500259399414,42.69353485107422,identifier,length
-143.17031860351562,13.804944038391113,),)
152.18385314941406,-22.457487106323242,new,new
42.40137481689453,-13.802176475524902,identifier,EOFException
-58.19175720214844,136.7476348876953,(,(
2.035414695739746,-50.45934295654297,identifier,location
-162.21975708007812,-30.041730880737305,),)
-82.75030517578125,-137.75477600097656,;,;
154.50025939941406,23.53335189819336,if,if
-58.19052505493164,99.2314224243164,(,(
4.397522926330566,-25.48042106628418,identifier,NcStream
54.33964920043945,124.37181854248047,.,.
25.939912796020508,16.631511688232422,identifier,test
-56.84497833251953,132.4373779296875,(,(
-46.61350631713867,1.7859501838684082,identifier,b
-1.8815861940383911,212.994140625,",",","
4.681195259094238,-25.84722328186035,identifier,NcStream
39.64521026611328,111.99080657958984,.,.
8.047432899475098,-2.4676733016967773,identifier,MAGIC_DATA
-182.58541870117188,-33.54706954956055,),)
-133.2730255126953,7.201568126678467,),)
218.98614501953125,4.779828071594238,return,return
28.650897979736328,-6.913896083831787,identifier,readData1
-52.77610397338867,131.5025634765625,(,(
-14.191217422485352,-69.59379577636719,identifier,is
-6.849058628082275,212.37794494628906,",",","
-11.353959083557129,-40.53846740722656,identifier,ncfile
-164.12490844726562,-41.131378173828125,),)
-67.71781158447266,-144.94891357421875,;,;
156.29373168945312,19.650928497314453,if,if
-51.23369216918945,104.47612762451172,(,(
4.46193265914917,-25.70082664489746,identifier,NcStream
46.06704330444336,126.12413024902344,.,.
25.937702178955078,16.628185272216797,identifier,test
-46.33399200439453,133.21429443359375,(,(
-46.597591400146484,1.8700001239776611,identifier,b
-7.854984760284424,215.16299438476562,",",","
4.697144508361816,-25.942588806152344,identifier,NcStream
39.66932678222656,113.6444320678711,.,.
7.883517265319824,-1.7202961444854736,identifier,MAGIC_DATA2
-187.954833984375,-37.27763366699219,),)
-132.79112243652344,6.407050132751465,),)
219.0764923095703,5.096823215484619,return,return
28.6904296875,-6.903059959411621,identifier,readData2
-44.50775146484375,136.47329711914062,(,(
-14.233185768127441,-69.64568328857422,identifier,is
-166.59986877441406,-51.238162994384766,),)
-68.39726257324219,-153.2417755126953,;,;
150.71055603027344,-25.08458137512207,new,new
57.636688232421875,-15.802628517150879,identifier,IOException
-54.86840057373047,119.087646484375,(,(
18.650226593017578,0.04873235523700714,"""","""Data transfer corrupted on """
-13.261053085327148,56.35844421386719,+,+
2.0470314025878906,-50.468894958496094,identifier,location
-158.01889038085938,-51.760921478271484,),)
-52.216644287109375,-152.58741760253906,;,;
47.193519592285156,-153.4040069580078,},}
34.287166595458984,-46.108646392822266,identifier,Variable
41.59762954711914,-31.312744140625,identifier,addStringVariable
-113.66197967529297,84.42445373535156,(,(
23.78887367248535,-43.22843933105469,identifier,Group
-27.57668113708496,-56.91059875488281,identifier,g
-8.50203800201416,238.72119140625,",",","
48.57159423828125,-85.12423706054688,identifier,String
-10.414144515991211,-47.42927551269531,identifier,shortName
-9.315630912780762,235.8844451904297,",",","
49.99127197265625,-86.35453796386719,identifier,String
-5.928342342376709,-33.73259735107422,identifier,dims
-7.978158473968506,234.28146362304688,",",","
-9.24553394317627,-1.1440017223358154,identifier,strlen
-147.83636474609375,42.25775146484375,),)
147.2960968017578,-79.32543182373047,{,{
154.82830810546875,32.399662017822266,if,if
-72.680908203125,101.27281188964844,(,(
20.609806060791016,-14.095542907714844,identifier,immutable
-145.20201110839844,16.347789764404297,),)
150.20726013183594,-23.34235954284668,new,new
48.17861557006836,-8.950214385986328,identifier,IllegalStateException
-57.50149154663086,118.15547180175781,(,(
18.586793899536133,-13.262779235839844,"""","""Cant modify"""
-157.25238037109375,-21.120685577392578,),)
-90.01624298095703,-131.23251342773438,;,;
152.36672973632812,28.994483947753906,if,if
-67.01548767089844,100.08767700195312,(,(
-28.62113380432129,-56.5374870300293,identifier,g
76.23826599121094,50.36497116088867,==,==
-144.78411865234375,13.846147537231445,),)
-28.65005874633789,-56.57355880737305,identifier,g
147.79940795898438,88.61378479003906,=,=
14.071478843688965,-15.9252347946167,identifier,rootGroup
-89.3028335571289,-136.03700256347656,;,;
54.99077606201172,-84.4539794921875,identifier,String
-25.09235954284668,0.16477663815021515,identifier,dimName
140.42799377441406,88.70720672607422,=,=
-10.386134147644043,-47.52226257324219,identifier,shortName
-13.190838813781738,52.832862854003906,+,+
13.72210693359375,-10.682114601135254,"""","""_strlen"""
-79.73441314697266,-132.9751434326172,;,;
25.1488037109375,-10.768991470336914,identifier,addDimension
-58.39149856567383,131.69134521484375,(,(
-28.129863739013672,-57.447383880615234,identifier,g
-2.7061288356781006,213.71441650390625,",",","
156.1229705810547,-27.070556640625,new,new
25.502216339111328,-10.879283905029297,identifier,Dimension
-56.760887145996094,134.78497314453125,(,(
-23.496562957763672,1.3708927631378174,identifier,dimName
-3.925961971282959,216.39537048339844,",",","
-9.391904830932617,-1.0769706964492798,identifier,strlen
-184.1189422607422,-31.19116973876953,),)
-157.77908325195312,-35.94145584106445,),)
-80.61882019042969,-141.26519775390625,;,;
34.19042205810547,-46.47184753417969,identifier,Variable
-41.8929557800293,-18.045400619506836,identifier,v
132.87147521972656,92.39806365966797,=,=
154.9622344970703,-27.182327270507812,new,new
34.672218322753906,-46.54827117919922,identifier,Variable
-53.69009017944336,126.94448852539062,(,(
-5.879756927490234,213.3083953857422,",",","
-28.138099670410156,-57.45625305175781,identifier,g
-5.555067539215088,212.82376098632812,",",","
-5.939991474151611,210.6407928466797,",",","
-10.391376495361328,-47.51051330566406,identifier,shortName
-164.2477569580078,-41.0498046875,),)
-76.44939422607422,-147.6411590576172,;,;
-42.7098388671875,-18.33411979675293,identifier,v
46.59102249145508,132.98129272460938,.,.
20.0795955657959,8.079033851623535,identifier,setDataType
-40.93454360961914,124.43623352050781,(,(
19.57465362548828,8.642955780029297,identifier,DataType
41.53875732421875,114.10166931152344,.,.
10.03261947631836,-1.6869088411331177,identifier,CHAR
-166.63180541992188,-45.879817962646484,),)
-75.39157104492188,-151.85655212402344,;,;
-42.739402770996094,-18.355674743652344,identifier,v
46.278480529785156,132.35403442382812,.,.
20.508020401000977,7.589493274688721,identifier,setDimensions
-41.27294158935547,128.34771728515625,(,(
-5.896235466003418,-33.73860168457031,identifier,dims
-11.74393081665039,50.586612701416016,+,+
16.09370994567871,-1.0436394214630127,"""",""" """
-12.76440715789795,55.24201202392578,+,+
-22.705551147460938,1.6180078983306885,identifier,dimName
-164.97145080566406,-49.22950744628906,),)
-71.5652084350586,-155.17503356933594,;,;
-28.606698989868164,-57.74040222167969,identifier,g
41.870479583740234,131.7763214111328,.,.
27.43546485900879,2.378885269165039,identifier,addVariable
-38.815799713134766,132.3382110595703,(,(
-43.84020233154297,-18.545082092285156,identifier,v
-162.70794677734375,-54.56966018676758,),)
-65.7777328491211,-155.47955322265625,;,;
218.83297729492188,10.376262664794922,return,return
-43.90869903564453,-18.641178131103516,identifier,v
-45.877784729003906,-148.97874450683594,;,;
46.72353744506836,-151.9212646484375,},}
24.536928176879883,-57.73762512207031,identifier,URL
38.42371368408203,-31.727455139160156,identifier,removeTrailingSlash
-113.26081848144531,87.92134857177734,(,(
23.732105255126953,-57.12800598144531,identifier,URL
-24.938949584960938,-46.54433822631836,identifier,url
-153.87574768066406,43.31376266479492,),)
147.768310546875,-74.75881958007812,{,{
52.808013916015625,-85.40943145751953,identifier,String
-22.61857795715332,-35.474571228027344,identifier,file
146.7631378173828,81.751953125,=,=
-26.568748474121094,-45.817264556884766,identifier,url
66.33846282958984,133.0466766357422,.,.
23.96453285217285,-16.906293869018555,identifier,getFile
-96.77146911621094,148.56085205078125,(,(
-165.49502563476562,-17.554447174072266,),)
-91.38291931152344,-126.82061767578125,;,;
152.54103088378906,32.32337188720703,if,if
-71.32040405273438,100.54600524902344,(,(
-22.824390411376953,-34.85637664794922,identifier,file
72.32158660888672,135.00794982910156,.,.
19.88458251953125,35.54597091674805,identifier,endsWith
-67.82010650634766,120.09843444824219,(,(
12.981155395507812,6.051133632659912,"""","""/"""
-175.26451110839844,-18.724010467529297,),)
-142.5278778076172,18.05457878112793,),)
130.11160278320312,-83.37713623046875,{,{
-22.88797378540039,-34.84784698486328,identifier,file
146.07362365722656,90.23236083984375,=,=
-22.837078094482422,-34.65277099609375,identifier,file
69.37216186523438,135.05287170410156,.,.
20.33255958557129,30.654518127441406,identifier,substring
-66.40386199951172,126.63780975341797,(,(
-1.0323116779327393,206.904052734375,",",","
-22.77561378479004,-34.40687942504883,identifier,file
70.29159545898438,138.1146697998047,.,.
8.717107772827148,41.18780517578125,identifier,length
-97.69194030761719,153.2752227783203,(,(
-186.53271484375,-18.028095245361328,),)
-159.19827270507812,-26.36918067932129,),)
-86.33011627197266,-133.91705322265625,;,;
130.7248077392578,-92.46511840820312,{,{
216.9739227294922,4.351844310760498,return,return
155.10133361816406,-24.782560348510742,new,new
23.62190055847168,-59.08942413330078,identifier,URL
-57.22901153564453,129.10623168945312,(,(
-27.231821060180664,-45.52876663208008,identifier,url
60.245418548583984,139.9467010498047,.,.
9.555835723876953,5.114564418792725,identifier,getProtocol
-95.96465301513672,159.14044189453125,(,(
-188.08229064941406,-22.16979217529297,),)
-0.23629316687583923,215.86729431152344,",",","
-27.480968475341797,-45.39555740356445,identifier,url
59.70601272583008,140.36305236816406,.,.
9.630244255065918,5.507867813110352,identifier,getHost
-93.6383056640625,159.26747131347656,(,(
-187.723876953125,-22.313703536987305,),)
-0.2119419276714325,216.00936889648438,",",","
-27.54572868347168,-45.380775451660156,identifier,url
59.48602294921875,140.4999237060547,.,.
8.833891868591309,5.997570037841797,identifier,getPort
-92.87381744384766,159.33856201171875,(,(
-188.07032775878906,-23.22844886779785,),)
-1.2022535800933838,216.49281311035156,",",","
-22.2647762298584,-33.77687454223633,identifier,file
-161.24192810058594,-34.73158264160156,),)
-65.82315063476562,-137.30996704101562,;,;
31.355648040771484,-154.36923217773438,},}
-50.48017120361328,93.78522491455078,(,(
50.71648406982422,-15.74494743347168,identifier,MalformedURLException
43.298606872558594,47.002079010009766,identifier,e
-126.69058990478516,19.330198287963867,),)
120.37971496582031,-97.08782958984375,{,{
48.10099792480469,-2.9967868328094482,identifier,Assert
51.47658920288086,117.754150390625,.,.
19.8911190032959,-6.303354263305664,identifier,isTrue
-51.086387634277344,125.25358581542969,(,(
-6.831782817840576,210.1445770263672,",",","
40.88429260253906,46.465362548828125,identifier,e
51.15871047973633,145.99208068847656,.,.
12.257201194763184,14.146646499633789,identifier,getMessage
-89.66075897216797,164.17538452148438,(,(
-190.2515106201172,-27.914031982421875,),)
-157.51510620117188,-43.625423431396484,),)
-59.743568420410156,-143.011962890625,;,;
26.90438461303711,-181.07461547851562,},}
38.25776290893555,-159.5127410888672,},}
14.90352725982666,-103.81334686279297,else,else
122.59613037109375,-96.75784301757812,{,{
220.73707580566406,6.156282901763916,return,return
-26.67055320739746,-46.9771842956543,identifier,url
-48.85663986206055,-145.02903747558594,;,;
28.70086669921875,-169.09326171875,},}
223.044189453125,8.932526588439941,return,return
-48.926570892333984,-148.17868041992188,;,;
45.033233642578125,-149.98263549804688,},}
59.56169891357422,-48.81855773925781,identifier,ArrayList
97.33021545410156,2.919729471206665,<,<
51.12435531616211,-88.93385314941406,identifier,String
104.7947998046875,-25.929370880126953,>,>
38.07271194458008,-29.25773048400879,identifier,getConsequenceChildrenList
-111.13356018066406,85.85001373291016,(,(
49.63331985473633,-84.03302764892578,identifier,String
-12.391053199768066,-44.942623138427734,identifier,text
-7.08235502243042,235.57464599609375,",",","
-8.238673210144043,-31.454273223876953,identifier,addChildren
-148.8101348876953,42.49641799926758,),)
145.47430419921875,-77.68547821044922,{,{
19.031044006347656,-37.48420715332031,identifier,Node
-37.84919357299805,-2.38140606880188,identifier,c
144.9381103515625,83.39627075195312,=,=
27.914884567260742,-20.772214889526367,identifier,getConsequenceChildren
-65.77062225341797,137.32139587402344,(,(
-12.393082618713379,-44.956851959228516,identifier,text
-162.7415771484375,-21.22037696838379,),)
-93.91436767578125,-129.8126983642578,;,;
57.14023971557617,154.29750061035156,.,.
-3.5618953704833984,29.460201263427734,identifier,suggestions
65.85803985595703,128.9965057373047,.,.
29.376083374023438,19.039682388305664,identifier,clear
-92.36663055419922,149.80148315429688,(,(
-166.505615234375,-21.968420028686523,),)
-88.20824432373047,-129.7038116455078,;,;
132.7561492919922,19.345069885253906,for,for
-60.845645904541016,93.46662902832031,(,(
-47.133522033691406,22.427932739257812,identifier,idx
135.31454467773438,79.31938171386719,=,=
-81.00982666015625,-120.8880844116211,;,;
-47.30174255371094,22.48958396911621,identifier,idx
72.52239990234375,27.62689781188965,<,<
-38.00349426269531,-4.257834434509277,identifier,c
70.18488311767578,139.8344268798828,.,.
8.185294151306152,43.551265716552734,identifier,length
-80.04632568359375,-123.04689025878906,;,;
-47.364105224609375,22.512269973754883,identifier,idx
-133.44998168945312,20.593210220336914,),)
130.10743713378906,-88.69681549072266,{,{
149.46644592285156,23.557205200195312,if,if
-61.49045944213867,99.49015045166016,(,(
-7.967860221862793,-30.40916633605957,identifier,addChildren
-133.28622436523438,18.212156295776367,),)
125.54059600830078,-86.21320343017578,{,{
54.63223648071289,156.71144104003906,.,.
25.315561294555664,-9.283135414123535,identifier,addChildToList
-57.281978607177734,130.64219665527344,(,(
-37.68928146362305,-4.484841823577881,identifier,c
-49.5045280456543,22.13865089416504,identifier,idx
-3.6226651668548584,212.72071838378906,",",","
-37.617252349853516,-4.507349491119385,identifier,c
-49.55272674560547,22.16579818725586,identifier,idx
54.07295227050781,145.97496032714844,.,.
2.5500752925872803,3.2259631156921387,identifier,getToken
-90.90167999267578,161.35658264160156,(,(
-189.53700256347656,-24.62738800048828,),)
-6.733981132507324,207.6962127685547,",",","
53.96584701538086,153.06764221191406,.,.
-3.5660359859466553,29.450559616088867,identifier,suggestions
-162.2404022216797,-38.747467041015625,),)
-64.17433166503906,-140.21810913085938,;,;
30.784137725830078,-157.5666046142578,},}
14.113126754760742,-104.14737701416016,else,else
122.8509292602539,-95.37130737304688,{,{
53.5356330871582,154.6581573486328,.,.
-3.5648040771484375,29.45441436767578,identifier,suggestions
50.62762451171875,131.89283752441406,.,.
36.99641799926758,27.532625198364258,identifier,add
-45.041255950927734,130.2885284423828,(,(
-37.49378204345703,-4.474410057067871,identifier,c
-49.62615203857422,22.204326629638672,identifier,idx
53.527198791503906,146.08766174316406,.,.
2.5934054851531982,3.299792528152466,identifier,getToken
-88.55361938476562,165.35523986816406,(,(
-191.01318359375,-28.857040405273438,),)
-158.44261169433594,-45.694515228271484,),)
-59.17052459716797,-145.87222290039062,;,;
27.423824310302734,-178.8897705078125,},}
30.8782958984375,-171.75967407226562,},}
220.182861328125,9.036662101745605,return,return
52.86924743652344,153.89996337890625,.,.
-3.567889451980591,29.45273208618164,identifier,suggestions
-45.78498840332031,-147.18983459472656,;,;
44.399131774902344,-151.1434783935547,},}
41.72568893432617,-29.100929260253906,identifier,isMoreSpecific
-112.54058837890625,86.04882049560547,(,(
30.054018020629883,-55.303321838378906,identifier,Class
-14.341629028320312,-37.1637077331543,identifier,classes1
-5.496086120605469,235.97169494628906,",",","
29.97132110595703,-55.03986358642578,identifier,Class
-14.485323905944824,-36.8908805847168,identifier,classes2
-148.27392578125,40.98627471923828,),)
146.6050262451172,-79.44523620605469,{,{
133.68399047851562,20.086816787719727,for,for
-63.4014778137207,93.43280792236328,(,(
-46.289188385009766,18.374462127685547,identifier,index
136.64620971679688,78.35814666748047,=,=
-2.7162091732025146,227.12539672851562,",",","
-26.84254264831543,25.40043830871582,identifier,count
140.1209259033203,82.04804992675781,=,=
-16.803565979003906,-35.79376983642578,identifier,classes1
70.87519836425781,137.52603149414062,.,.
8.080840110778809,43.2786865234375,identifier,length
-81.9882583618164,-122.38697814941406,;,;
-47.00341033935547,18.97659683227539,identifier,index
73.15150451660156,27.68593406677246,<,<
-26.580909729003906,25.206340789794922,identifier,count
-81.38679504394531,-123.26638793945312,;,;
-47.13737869262695,19.059003829956055,identifier,index
-137.16790771484375,22.192920684814453,),)
130.83114624023438,-86.02162170410156,{,{
29.647396087646484,-54.78512954711914,identifier,Class
-35.70132064819336,-7.757994174957275,identifier,c1
142.15252685546875,89.09149932861328,=,=
-16.734516143798828,-35.783573150634766,identifier,classes1
-48.569358825683594,19.246929168701172,identifier,index
-2.6411023139953613,227.0352020263672,",",","
-35.92060852050781,-6.187437057495117,identifier,c2
139.24037170410156,87.98004913330078,=,=
-16.395998001098633,-35.90354919433594,identifier,classes2
-48.56369400024414,19.084383010864258,identifier,index
-80.38059997558594,-134.29818725585938,;,;
151.42605590820312,22.70256996154785,if,if
-59.690185546875,102.09375,(,(
-35.0469856262207,-7.391632080078125,identifier,c1
71.74696350097656,51.432498931884766,==,==
-35.40303421020508,-5.879623889923096,identifier,c2
-136.18260192871094,10.447486877441406,),)
-63.34174728393555,-134.18838500976562,;,;
12.21469497680664,-103.29624938964844,else,else
160.10232543945312,23.24972915649414,if,if
-55.928890228271484,101.48028564453125,(,(
-34.630245208740234,-7.281935214996338,identifier,c1
54.185062408447266,139.81369018554688,.,.
27.006595611572266,5.3175249099731445,identifier,isPrimitive
-91.4647445678711,162.04449462890625,(,(
-187.32899475097656,-28.470918655395508,),)
-133.50106811523438,7.800502300262451,),)
221.1234130859375,3.4227585792541504,return,return
-67.65607452392578,-142.03053283691406,;,;
12.98944091796875,-103.0528564453125,else,else
160.33258056640625,22.32585334777832,if,if
-52.31781768798828,103.6983413696289,(,(
-34.53993225097656,-7.234716892242432,identifier,c1
48.22161102294922,138.25961303710938,.,.
28.10758399963379,7.291380882263184,identifier,isAssignableFrom
-48.49870681762695,133.72201538085938,(,(
-34.8438835144043,-5.7195725440979,identifier,c2
-187.91079711914062,-35.03805923461914,),)
-132.5896759033203,6.81953239440918,),)
221.52915954589844,3.6041460037231445,return,return
-67.8049545288086,-142.0614776611328,;,;
12.827675819396973,-102.46341705322266,else,else
161.1597137451172,22.21312713623047,if,if
-48.87052917480469,103.28990936279297,(,(
-34.69961166381836,-5.707713603973389,identifier,c2
47.338623046875,138.71022033691406,.,.
28.11322593688965,7.297084331512451,identifier,isAssignableFrom
-48.45340347290039,133.94837951660156,(,(
-34.1439094543457,-6.883938312530518,identifier,c1
-188.5300750732422,-34.74103927612305,),)
-131.90719604492188,6.3204569816589355,),)
221.81622314453125,3.855773687362671,return,return
-54.46918869018555,-147.1529083251953,;,;
28.22981071472168,-170.43922424316406,},}
223.08335876464844,9.56740951538086,return,return
-48.4036750793457,-149.49720764160156,;,;
44.99459457397461,-152.6450958251953,},}
59.82292175292969,-27.996885299682617,identifier,Override
47.79042434692383,-32.30109405517578,identifier,process
-115.46202850341797,83.46778106689453,(,(
18.415752410888672,-49.343318939208984,identifier,Resource
-2.0835726261138916,-53.58505630493164,identifier,resource
-8.30196475982666,237.90924072265625,",",","
14.729875564575195,-55.35081481933594,identifier,Reader
13.07879638671875,-56.82292175292969,identifier,reader
-5.904044151306152,235.35325622558594,",",","
14.639578819274902,-55.3392219543457,identifier,Writer
12.86967658996582,-55.96991729736328,identifier,writer
-148.2286834716797,42.9270133972168,),)
56.526641845703125,-16.167604446411133,identifier,IOException
143.13645935058594,-78.98938751220703,{,{
59.4808464050293,-1.9500749111175537,identifier,LOG
58.34764099121094,120.54086303710938,.,.
57.82086181640625,3.023179531097412,identifier,debug
-59.00944137573242,117.5572280883789,(,(
18.216245651245117,-12.527624130249023,"""","""processing resource: {}"""
-11.316352844238281,202.05738830566406,",",","
-2.0821449756622314,-53.593116760253906,identifier,resource
-158.71791076660156,-21.866331100463867,),)
-90.88887786865234,-132.15379333496094,;,;
53.905399322509766,-84.07984924316406,identifier,String
-17.763084411621094,12.418816566467285,identifier,content
141.42832946777344,86.62511444091797,=,=
15.133752822875977,-20.356788635253906,identifier,IOUtils
62.3136100769043,122.27643585205078,.,.
12.396248817443848,20.15711212158203,identifier,toString
-63.03512191772461,136.46475219726562,(,(
12.963823318481445,-57.07090377807617,identifier,reader
-162.33189392089844,-25.43729591369629,),)
-88.20700073242188,-135.75729370117188,;,;
8.466301918029785,-36.16846466064453,identifier,TypeScriptCompiler
7.823616027832031,-36.23402786254883,identifier,compiler
138.54246520996094,86.78826904296875,=,=
0.3155667781829834,-21.015567779541016,identifier,enginePool
60.5900993347168,132.48007202148438,.,.
37.692081451416016,-21.63749122619629,identifier,getObject
-90.4349136352539,154.3825225830078,(,(
-169.47686767578125,-27.530704498291016,),)
-81.35309600830078,-134.04327392578125,;,;
130.07518005371094,-93.69251251220703,{,{
11.303208351135254,-56.77737045288086,identifier,writer
55.21678924560547,130.4734344482422,.,.
27.684921264648438,-10.926734924316406,identifier,write
-58.747962951660156,127.60979461669922,(,(
7.407262325286865,-36.2119140625,identifier,compiler
56.23992919921875,135.42752075195312,.,.
8.840743064880371,-36.064395904541016,identifier,compile
-56.22793960571289,134.00621032714844,(,(
-17.468069076538086,12.628931045532227,identifier,content
-184.1194610595703,-31.07771110534668,),)
-157.86770629882812,-35.962650299072266,),)
-66.32455444335938,-137.2386016845703,;,;
30.95005226135254,-154.57730102539062,},}
-50.679447174072266,93.13471221923828,(,(
53.984371185302734,-9.199578285217285,identifier,Exception
43.27756881713867,46.852577209472656,identifier,e
-126.7864761352539,19.2491455078125,),)
120.64016723632812,-97.52122497558594,{,{
38.85029983520508,-7.798653602600098,identifier,onException
-52.460453033447266,125.15615844726562,(,(
41.4038200378418,46.72224044799805,identifier,e
-7.101205348968506,210.61181640625,",",","
-17.441308975219727,12.66037654876709,identifier,content
-163.55393981933594,-40.81391143798828,),)
-63.457481384277344,-141.20562744140625,;,;
31.579870223999023,-156.41744995117188,},}
123.93363189697266,-98.41590118408203,{,{
0.30574917793273926,-20.99452781677246,identifier,enginePool
45.50104522705078,127.13594818115234,.,.
38.1478385925293,-22.105693817138672,identifier,returnObject
-45.64877700805664,134.6908721923828,(,(
7.2027130126953125,-36.213783264160156,identifier,compiler
-164.30255126953125,-45.855987548828125,),)
-75.7829360961914,-154.0576934814453,;,;
12.344450950622559,-57.19986343383789,identifier,reader
40.11515426635742,135.7576904296875,.,.
38.472084045410156,8.397178649902344,identifier,close
-82.68924713134766,163.5730743408203,(,(
-172.26992797851562,-44.2686767578125,),)
-75.83321380615234,-154.6983642578125,;,;
11.464327812194824,-56.82109451293945,identifier,writer
40.17631530761719,135.75367736816406,.,.
38.46306228637695,8.38687801361084,identifier,close
-82.82131958007812,163.8311309814453,(,(
-173.2038116455078,-45.68611145019531,),)
-56.137325286865234,-147.15711975097656,;,;
30.432537078857422,-179.5144805908203,},}
43.04669189453125,-159.28611755371094,},}
48.358123779296875,-29.25623893737793,identifier,fireEvent
-115.2481918334961,82.36539459228516,(,(
28.326845169067383,-40.299617767333984,identifier,EventTypeID
-7.345569610595703,-51.38671112060547,identifier,eventTypeId
-10.208053588867188,238.05697631835938,",",","
41.709869384765625,-62.69240951538086,identifier,Object
-5.703628063201904,-52.42177963256836,identifier,event
-10.71245002746582,236.2687225341797,",",","
5.321195125579834,-51.4166145324707,identifier,Address
4.983320713043213,-51.374488830566406,identifier,address
-10.018316268920898,233.46531677246094,",",","
27.40509033203125,-41.20426559448242,identifier,ServiceID
-6.330852031707764,-39.85796356201172,identifier,serviceID
-8.130841255187988,231.9266357421875,",",","
20.450145721435547,-29.75092887878418,identifier,EventProcessingSucceedCallback
-4.522764682769775,-27.181516647338867,identifier,succeedCallback
-7.375615119934082,230.38858032226562,",",","
20.338611602783203,-29.623605728149414,identifier,EventProcessingFailedCallback
-3.9811861515045166,-26.678972244262695,identifier,failedCallback
-7.142364501953125,230.1914825439453,",",","
19.962587356567383,-29.211917877197266,identifier,EventUnreferencedCallback
-3.0503015518188477,-26.093584060668945,identifier,unreferencedCallback
-143.6485595703125,41.7865104675293,),)
26.42046356201172,-12.910808563232422,identifier,ActivityIsEndingException
-3.285508871078491,229.11083984375,",",","
45.94598388671875,-14.802396774291992,identifier,SLEEException
144.82363891601562,-83.81350708007812,{,{
150.41700744628906,24.256593704223633,if,if
-60.97471618652344,99.90911865234375,(,(
25.871919631958008,-12.878499031066895,identifier,isEnding
-94.74821472167969,158.2788848876953,(,(
-183.9158935546875,-25.378761291503906,),)
-135.98788452148438,15.224626541137695,),)
122.85459899902344,-84.94387817382812,{,{
152.529296875,-23.778032302856445,new,new
26.341676712036133,-12.807740211486816,identifier,ActivityIsEndingException
-55.6180419921875,125.91281127929688,(,(
19.630268096923828,-7.548541069030762,identifier,getActivityContextHandle
-94.53556823730469,163.6963348388672,(,(
-193.08505249023438,-17.490680694580078,),)
57.21503829956055,146.56332397460938,.,.
12.361973762512207,19.324438095092773,identifier,toString
-90.14683532714844,161.2911834716797,(,(
-188.16195678710938,-26.604660034179688,),)
-158.66053771972656,-38.070106506347656,),)
-63.759429931640625,-138.85244750976562,;,;
24.22574234008789,-162.97369384765625,},}
157.69998168945312,19.790912628173828,if,if
-52.491355895996094,101.88385772705078,(,(
-2.136619806289673,-18.641666412353516,identifier,acReferencesHandler
87.12973022460938,39.62934875488281,!=,!=
-128.44374084472656,13.670676231384277,),)
120.46780395507812,-93.87816619873047,{,{
-2.1136505603790283,-18.631391525268555,identifier,acReferencesHandler
46.653221130371094,134.3607940673828,.,.
26.288156509399414,-2.5367648601531982,identifier,eventReferenceCreated
-83.32951354980469,161.42892456054688,(,(
-172.94664001464844,-42.867549896240234,),)
-58.599205017089844,-145.0570068359375,;,;
25.615304946899414,-166.6937713623047,},}
48.68273162841797,-29.109174728393555,identifier,fireEvent
-38.3199348449707,126.74520111083984,(,(
-0.09040579944849014,-18.13177490234375,identifier,sleeContainer
43.356842041015625,144.47647094726562,.,.
29.729795455932617,-2.537837028503418,identifier,getEventContextFactory
-95.96615600585938,166.2359161376953,(,(
-195.866943359375,-16.005977630615234,),)
42.00079345703125,127.0030746459961,.,.
29.623117446899414,-2.6564698219299316,identifier,createEventContext
-41.97807693481445,138.4502410888672,(,(
-7.134512424468994,-51.574520111083984,identifier,eventTypeId
-14.06838607788086,215.62069702148438,",",","
-5.943080425262451,-52.30204391479492,identifier,event
-14.63900089263916,215.98016357421875,",",","
-15.243962287902832,216.0522003173828,",",","
4.8400349617004395,-51.355655670166016,identifier,address
-15.680944442749023,215.87115478515625,",",","
-6.274998188018799,-39.84332275390625,identifier,serviceID
-16.39069175720215,215.72872924804688,",",","
-4.652537822723389,-26.965328216552734,identifier,succeedCallback
-17.129932403564453,215.54559326171875,",",","
-4.34041166305542,-26.444639205932617,identifier,failedCallback
-17.289520263671875,215.5015869140625,",",","
-4.213109016418457,-25.646730422973633,identifier,unreferencedCallback
-183.97662353515625,-40.70940399169922,),)
-11.169830322265625,206.33460998535156,",",","
-0.11193028092384338,-18.176925659179688,identifier,sleeContainer
43.3599853515625,145.25697326660156,.,.
31.074745178222656,-7.223531723022461,identifier,getTransactionManager
-101.48721313476562,158.6676483154297,(,(
-192.6273193359375,-12.849806785583496,),)
41.50962448120117,145.82122802734375,.,.
31.02577018737793,-7.012190341949463,identifier,getTransactionContext
-85.56468200683594,169.9417266845703,(,(
-194.82925415039062,-29.6287784576416,),)
-153.5469207763672,-49.23102951049805,),)
-51.047733306884766,-155.13656616210938,;,;
49.439476013183594,-154.71670532226562,},}
43.41315841674805,-31.351301193237305,identifier,insertDiscovery
-116.46215057373047,85.89185333251953,(,(
59.63801956176758,-52.42295455932617,identifier,List
99.31696319580078,3.7228000164031982,<,<
31.066341400146484,-35.40156555175781,identifier,IMetric
105.83832550048828,-23.794374465942383,>,>
-29.312591552734375,-51.433284759521484,identifier,batch
-153.1398468017578,42.66761016845703,),)
55.656822204589844,-15.986479759216309,identifier,IOException
143.59561157226562,-74.81524658203125,{,{
16.24545669555664,-16.3891544342041,identifier,batchHistogram
64.73139953613281,127.24333953857422,.,.
21.525009155273438,-15.52515697479248,identifier,update
-68.21720886230469,130.95872497558594,(,(
-29.462987899780273,-51.007972717285156,identifier,batch
70.14125061035156,135.99932861328125,.,.
5.337275505065918,36.55533218383789,identifier,size
-98.99977111816406,151.76116943359375,(,(
-181.1636505126953,-19.872690200805664,),)
-156.2591094970703,-24.928842544555664,),)
-90.6894302368164,-129.55645751953125,;,;
153.63528442382812,29.981618881225586,if,if
-68.97244262695312,99.17263793945312,(,(
-29.448274612426758,-50.964900970458984,identifier,batch
69.81834411621094,136.11302185058594,.,.
5.359743595123291,36.3633918762207,identifier,size
-98.31462860107422,153.08657836914062,(,(
-187.1055908203125,-17.580778121948242,),)
74.28715515136719,49.267887115478516,==,==
-139.9905548095703,19.740604400634766,),)
127.23866271972656,-83.41618347167969,{,{
59.26917266845703,-3.753884792327881,identifier,log
57.13998031616211,120.906982421875,.,.
57.51719284057617,3.3899924755096436,identifier,debug
-59.040061950683594,118.99390411376953,(,(
16.415876388549805,-13.345637321472168,"""","""ElasticIO: batch size for insertDiscovery is zero, so skip calling Elasticsearch ingest."""
-151.9224853515625,-35.49220657348633,),)
-74.18295288085938,-136.71810913085938,;,;
223.5191192626953,-0.5709925293922424,return,return
-63.47949981689453,-131.91514587402344,;,;
19.708528518676758,-160.14129638671875,},}
28.586851119995117,-11.522507667541504,identifier,Timer
41.61368179321289,108.69944763183594,.,.
9.210051536560059,-44.411922454833984,identifier,Context
-6.189439296722412,-4.890065670013428,identifier,ctx
135.8049774169922,89.51710510253906,=,=
28.28528594970703,-11.290154457092285,identifier,writeTimer
55.18806457519531,137.00181579589844,.,.
21.192041397094727,17.528600692749023,identifier,time
-87.3615951538086,158.8693084716797,(,(
-170.14678955078125,-33.383487701416016,),)
-77.2061996459961,-141.69578552246094,;,;
127.9512939453125,-94.59659576416016,{,{
133.3376922607422,16.80709457397461,for,for
-55.901336669921875,94.02974700927734,(,(
42.57231521606445,-61.91999435424805,identifier,Object
-21.524356842041016,7.939723491668701,identifier,obj
-29.662052154541016,-51.66888427734375,identifier,batch
-126.08114624023438,15.19526481628418,),)
124.28950500488281,-92.41609191894531,{,{
154.70555114746094,18.066932678222656,if,if
-52.60879898071289,104.31425476074219,(,(
-53.970211029052734,106.02488708496094,(,(
-21.52179718017578,7.9523444175720215,identifier,obj
31.12269401550293,-35.365684509277344,identifier,IMetric
-187.83877563476562,-35.93595886230469,),)
-129.892333984375,10.056037902832031,),)
120.97270965576172,-92.7872543334961,{,{
20.18549156188965,-2.181445837020874,identifier,classCastExceptionMeter
44.71080780029297,129.42152404785156,.,.
20.4045467376709,-1.5315734148025513,identifier,mark
-83.06903839111328,162.1206817626953,(,(
-172.15919494628906,-43.86186981201172,),)
-65.3254623413086,-152.19630432128906,;,;
-54.70622253417969,-144.50779724121094,;,;
25.73400115966797,-180.0840606689453,},}
31.57970428466797,-169.80006408691406,},}
32.78855514526367,-10.942763328552246,identifier,elasticsearchRestHelper
41.35306930541992,127.5710220336914,.,.
28.212282180786133,-1.8271368741989136,identifier,indexMetrics
-44.17920684814453,135.67794799804688,(,(
-29.737218856811523,-51.77669143676758,identifier,batch
-162.7935791015625,-54.500244140625,),)
-54.31267547607422,-150.63815307617188,;,;
34.4194221496582,-157.3778076171875,},}
122.44918060302734,-99.21514892578125,{,{
-6.172680377960205,-4.891285419464111,identifier,ctx
40.24301528930664,132.02622985839844,.,.
52.9187126159668,-25.444528579711914,identifier,stop
-81.42505645751953,166.0574188232422,(,(
-175.65711975097656,-47.000431060791016,),)
-56.47620391845703,-154.1800537109375,;,;
30.49534034729004,-181.739013671875,},}
44.60717010498047,-158.4501953125,},}
46.85942077636719,-26.871110916137695,identifier,trace
-116.3976821899414,82.88701629638672,(,(
58.07011795043945,-36.05376434326172,identifier,Nullable
47.19846725463867,-85.1904525756836,identifier,String
-5.479561805725098,-52.5248908996582,identifier,event
-9.306524276733398,237.7215576171875,",",","
58.58675003051758,-36.37614440917969,identifier,Nullable
49.166542053222656,-86.97138977050781,identifier,String
-15.322675704956055,17.311742782592773,identifier,message
-7.972063064575195,233.24609375,",",","
58.870872497558594,-36.34770965576172,identifier,Nullable
54.89040756225586,-54.76211166381836,identifier,Map
97.81277465820312,6.017561435699463,<,<
51.02592468261719,-91.23001098632812,identifier,String
5.002805709838867,232.1122283935547,",",","
42.45335006713867,-63.569915771484375,identifier,Object
103.8262939453125,-22.805906295776367,>,>
-37.268402099609375,-29.992910385131836,identifier,data
-5.399452209472656,232.30709838867188,",",","
59.01146697998047,-36.381065368652344,identifier,Nullable
52.37238311767578,-6.641860008239746,identifier,Throwable
38.886653900146484,38.256954193115234,identifier,throwable
-144.46470642089844,41.764801025390625,),)
145.0938720703125,-82.34555053710938,{,{
151.3690948486328,30.518451690673828,if,if
-67.48909759521484,98.7236557006836,(,(
13.693779945373535,-21.990951538085938,identifier,getSlf4jLogger
-99.37821960449219,158.54367065429688,(,(
-192.54164123535156,-13.96126651763916,),)
63.36735534667969,145.7206268310547,.,.
59.69827651977539,4.295000076293945,identifier,isTraceEnabled
-95.72702026367188,154.5132293701172,(,(
-181.3021697998047,-22.978565216064453,),)
-139.40328979492188,16.621891021728516,),)
127.81820678710938,-85.58015441894531,{,{
30.628881454467773,-10.965824127197266,identifier,LogLevel
40.61478042602539,109.11268615722656,.,.
9.039835929870605,-7.632870674133301,identifier,TRACE
60.118412017822266,123.96646881103516,.,.
48.225860595703125,-26.32785415649414,identifier,log
-57.77096939086914,129.28353881835938,(,(
13.696843147277832,-22.00482177734375,identifier,getSlf4jLogger
-98.05779266357422,159.74436950683594,(,(
-187.2113800048828,-21.897459030151367,),)
-1.8432278633117676,215.3534393310547,",",","
-5.2866058349609375,-52.63549041748047,identifier,event
-1.2713080644607544,214.86123657226562,",",","
25.700469970703125,-4.7133073806762695,identifier,createKeysFromCollection
-54.7822380065918,128.58584594726562,(,(
-38.65781784057617,-32.51301193237305,identifier,data
78.5096435546875,52.38371276855469,==,==
45.85523986816406,10.730949401855469,identifier,Collections
51.60445785522461,113.75257873535156,.,.
43.24370574951172,10.343432426452637,identifier,emptyList
-88.13540649414062,161.18751525878906,(,(
-192.38980102539062,-23.91424560546875,),)
-37.83769607543945,-33.059024810791016,identifier,data
49.32133102416992,141.30860900878906,.,.
17.78722381591797,16.988384246826172,identifier,keySet
-90.61732482910156,162.7788848876953,(,(
-190.5835723876953,-24.471036911010742,),)
-6.171262741088867,209.02474975585938,",",","
7.842733860015869,-2.103715658187866,identifier,MESSAGE_DATA_KEY
-184.1304168701172,-39.35643005371094,),)
-7.550338268280029,207.49005126953125,",",","
25.77328109741211,-4.415439128875732,identifier,createValuesFromCollection
-54.17036819458008,129.0205841064453,(,(
-38.713558197021484,-32.6205940246582,identifier,data
78.67681121826172,52.22977828979492,==,==
45.904457092285156,10.716109275817871,identifier,Collections
51.47250747680664,113.55272674560547,.,.
43.21271514892578,10.339035034179688,identifier,emptyList
-87.24258422851562,164.46133422851562,(,(
-192.9122772216797,-24.06265640258789,),)
-37.78995132446289,-33.24763488769531,identifier,data
48.73847198486328,142.04737854003906,.,.
18.647884368896484,13.971108436584473,identifier,values
-89.37993621826172,166.9544219970703,(,(
-193.5626983642578,-25.84894561767578,),)
-8.662930488586426,208.52525329589844,",",","
-15.317705154418945,17.293642044067383,identifier,message
-184.1203155517578,-40.08524703979492,),)
-10.06483268737793,206.1941680908203,",",","
38.90553665161133,38.320823669433594,identifier,throwable
-159.41287231445312,-49.80895233154297,),)
-57.616310119628906,-151.20826721191406,;,;
30.6812744140625,-178.6529541015625,},}
43.30105972290039,-160.3612060546875,},}
10.920424461364746,-62.50541305541992,identifier,JMX
39.94357681274414,-28.562097549438477,identifier,reconnectJMX
-112.07715606689453,85.32511138916016,(,(
47.95650100708008,-84.3974838256836,identifier,String
-8.873346328735352,-38.70872116088867,identifier,locatorHost
-8.668707847595215,235.59228515625,",",","
-8.640219688415527,-38.55657196044922,identifier,locatorPort
-149.40762329101562,43.095298767089844,),)
147.49143981933594,-77.81018829345703,{,{
135.2522430419922,-84.19947814941406,{,{
17.482540130615234,-26.18192481994629,identifier,ClientCache
-30.17317771911621,-30.069395065307617,identifier,cache
139.9816131591797,79.34943389892578,=,=
-90.32777404785156,-125.2155990600586,;,;
-30.07691192626953,-30.177087783813477,identifier,cache
146.2506561279297,88.65660858154297,=,=
17.440427780151367,-26.047222137451172,identifier,ClientCacheFactory
64.29265594482422,123.30903625488281,.,.
18.763648986816406,-15.882627487182617,identifier,getAnyInstance
-93.7411117553711,149.9022979736328,(,(
-167.3517608642578,-21.732723236083984,),)
-88.12191772460938,-130.5729217529297,;,;
151.53781127929688,28.175167083740234,if,if
-65.95048522949219,99.56149291992188,(,(
-29.734460830688477,-30.556974411010742,identifier,cache
86.85686492919922,42.200172424316406,!=,!=
-29.595306396484375,-30.7067813873291,identifier,cache
60.31977844238281,135.62660217285156,.,.
37.63328170776367,5.656197547912598,identifier,isClosed
-95.66043090820312,154.68031311035156,(,(
-181.16136169433594,-23.12799072265625,),)
-138.84368896484375,16.525035858154297,),)
125.60477447509766,-82.26622772216797,{,{
-29.510353088378906,-30.805606842041016,identifier,cache
59.786075592041016,135.14138793945312,.,.
37.673423767089844,7.249263763427734,identifier,close
-88.36723327636719,153.3370361328125,(,(
-167.70579528808594,-27.633281707763672,),)
-67.33116149902344,-132.76405334472656,;,;
22.36430549621582,-179.40028381347656,},}
30.917686462402344,-152.2023468017578,},}
-50.89078903198242,92.31446838378906,(,(
53.37468719482422,-9.547632217407227,identifier,Exception
43.9565544128418,46.80119705200195,identifier,e
-128.45018005371094,19.926193237304688,),)
120.79224395751953,-87.15926361083984,{,{
24.39194107055664,21.709976196289062,identifier,System
53.962890625,118.9844741821289,.,.
25.343690872192383,24.037084579467773,identifier,out
53.93415451049805,118.93399810791016,.,.
27.07737159729004,23.108335494995117,identifier,println
-57.37664031982422,122.08782958984375,(,(
16.926902770996094,-6.664129257202148,"""","""Cache was closed"""
-160.78013610839844,-37.24382781982422,),)
-63.66813278198242,-137.6430206298828,;,;
23.35249900817871,-163.34072875976562,},}
156.79408264160156,20.894752502441406,if,if
-53.65256881713867,100.87852478027344,(,(
7.316682815551758,-64.90552520751953,identifier,jmx
87.38478088378906,40.11372756958008,!=,!=
-129.4314727783203,14.360885620117188,),)
121.35826110839844,-94.73454284667969,{,{
7.3274922370910645,-64.8619155883789,identifier,jmx
47.22132110595703,134.8483428955078,.,.
36.35271072387695,7.196961879730225,identifier,dispose
-84.15338897705078,159.75363159179688,(,(
-171.3323516845703,-40.104732513427734,),)
-76.38511657714844,-149.17208862304688,;,;
7.300079822540283,-64.9406509399414,identifier,jmx
136.1720733642578,100.75119018554688,=,=
-57.09565734863281,-142.32843017578125,;,;
25.19024658203125,-165.80807495117188,},}
8.827488899230957,-22.00377082824707,identifier,SingletonGemFireJmx
43.66484832763672,128.88778686523438,.,.
20.63243865966797,5.462133884429932,identifier,setLocatorJmxHost
-40.93714904785156,128.9316864013672,(,(
-11.12524700164795,-8.618863105773926,identifier,locatorHost
-166.33348083496094,-49.726444244384766,),)
-72.6927719116211,-156.82972717285156,;,;
8.79903793334961,-22.02559471130371,identifier,SingletonGemFireJmx
43.39046096801758,128.8135528564453,.,.
20.439502716064453,5.692500591278076,identifier,setLocatorPort
-40.3951301574707,129.02357482910156,(,(
-11.120625495910645,-8.627073287963867,identifier,locatorPort
-160.16297912597656,-53.12531661987305,),)
-66.01828002929688,-156.97616577148438,;,;
217.96995544433594,10.174524307250977,return,return
34.03551483154297,-26.401763916015625,identifier,getJmx
-82.94425201416016,167.179931640625,(,(
-176.40557861328125,-45.11676025390625,),)
-50.08568572998047,-152.1408233642578,;,;
48.28129577636719,-151.4644317626953,},}
59.651023864746094,-28.61639976501465,identifier,Override
41.04759216308594,-45.45183563232422,identifier,JSONObject
37.9416618347168,-23.80712890625,identifier,toJsonObject
-118.7811508178711,91.59432983398438,(,(
-157.32513427734375,45.85614013671875,),)
47.914302825927734,-17.502077102661133,identifier,JSONException
144.7794952392578,-74.34768676757812,{,{
41.0439453125,-45.45854187011719,identifier,JSONObject
-42.49666213989258,-22.53876495361328,identifier,returnVal
145.44618225097656,80.05538940429688,=,=
67.06434631347656,123.67835235595703,.,.
37.804832458496094,-23.641124725341797,identifier,toJsonObject
-94.86079406738281,146.39181518554688,(,(
-166.86917114257812,-17.872962951660156,),)
-91.21110534667969,-127.69908905029297,;,;
152.83384704589844,30.753314971923828,if,if
-70.29254913330078,100.49445343017578,(,(
57.04130554199219,152.8718719482422,.,.
10.162214279174805,-15.192870140075684,identifier,getAccessToken
-99.19960021972656,154.86181640625,(,(
-188.20132446289062,-16.365388870239258,),)
84.93083953857422,41.78496170043945,!=,!=
-140.40391540527344,20.362133026123047,),)
124.37298583984375,-80.6167984008789,{,{
-43.803627014160156,-23.349342346191406,identifier,returnVal
56.56093215942383,128.1796875,.,.
34.72057342529297,23.59546661376953,identifier,put
-62.17313003540039,121.98605346679688,(,(
9.514883041381836,-27.424148559570312,identifier,JSONMapping
38.036338806152344,110.08779907226562,.,.
5.505138874053955,-5.327692031860352,identifier,ACCESS_TOKEN
-4.613408088684082,202.34561157226562,",",","
55.99971389770508,152.1034698486328,.,.
10.127626419067383,-15.089254379272461,identifier,getAccessToken
-93.6534423828125,154.5857391357422,(,(
-184.04054260253906,-22.526445388793945,),)
-158.4610137939453,-29.064016342163086,),)
-68.046875,-133.52340698242188,;,;
22.285293579101562,-159.5915985107422,},}
156.29103088378906,24.417259216308594,if,if
-59.87145233154297,99.53913879394531,(,(
55.404964447021484,151.3036651611328,.,.
1.1116178035736084,1.4457639455795288,identifier,getIdToken
-94.80744934082031,158.98446655273438,(,(
-189.50233459472656,-19.47606658935547,),)
85.01856994628906,40.97940444946289,!=,!=
-134.0009002685547,16.549291610717773,),)
123.52867126464844,-85.66314697265625,{,{
-43.83480453491211,-23.422409057617188,identifier,returnVal
55.45347595214844,128.31686401367188,.,.
34.671653747558594,23.506139755249023,identifier,put
-60.27781677246094,123.5827865600586,(,(
9.466065406799316,-27.44233512878418,identifier,JSONMapping
38.559349060058594,111.76947784423828,.,.
6.703061103820801,-3.1007986068725586,identifier,ID_TOKEN
-5.499925136566162,203.14686584472656,",",","
53.998680114746094,151.51321411132812,.,.
1.0945161581039429,1.476024866104126,identifier,getIdToken
-91.71412658691406,162.99612426757812,(,(
-188.69044494628906,-27.029603958129883,),)
-158.31222534179688,-40.098060607910156,),)
-63.773223876953125,-141.51901245117188,;,;
25.42317008972168,-162.65589904785156,},}
158.18801879882812,20.399721145629883,if,if
-51.30136489868164,104.12609100341797,(,(
54.82992935180664,151.32525634765625,.,.
3.082265853881836,5.199047565460205,identifier,getTokenType
-92.18171691894531,165.38433837890625,(,(
-193.14967346191406,-21.319087982177734,),)
85.74772644042969,38.72138595581055,!=,!=
-127.58023071289062,12.276525497436523,),)
118.86189270019531,-92.70408630371094,{,{
-43.721622467041016,-23.435161590576172,identifier,returnVal
48.66301727294922,130.6134490966797,.,.
34.71890640258789,23.296493530273438,identifier,put
-43.66695785522461,122.4826889038086,(,(
9.42824935913086,-27.452192306518555,identifier,JSONMapping
38.82215881347656,113.25977325439453,.,.
7.072504997253418,-0.8310151696205139,identifier,TOKEN_TYPE
-6.621810436248779,203.00738525390625,",",","
53.4523811340332,150.9541473388672,.,.
3.089909076690674,5.1992082595825195,identifier,getTokenType
-88.36302185058594,166.6981658935547,(,(
-191.98843383789062,-29.582443237304688,),)
-158.2942352294922,-47.993263244628906,),)
-58.28092575073242,-149.54481506347656,;,;
26.34134292602539,-169.1475067138672,},}
221.35552978515625,11.675747871398926,return,return
-40.828670501708984,-22.314571380615234,identifier,returnVal
-45.40724182128906,-148.5550537109375,;,;
45.11857604980469,-153.0799560546875,},}
41.72126770019531,-29.026147842407227,identifier,isCacheSafe
-113.062744140625,85.8879623413086,(,(
30.235177993774414,-55.84685134887695,identifier,Class
100.54568481445312,5.191479682922363,<,<
106.53016662597656,-22.537260055541992,>,>
-12.259223937988281,-59.822792053222656,identifier,clazz
-6.838991165161133,236.21099853515625,",",","
25.45008659362793,-53.956478118896484,identifier,ClassLoader
-4.010087013244629,-46.337005615234375,identifier,classLoader
-149.53195190429688,42.56671905517578,),)
146.99757385253906,-77.5319595336914,{,{
45.35586929321289,-3.123495101928711,identifier,Preconditions
59.85746383666992,120.32748413085938,.,.
45.194454193115234,-3.1128146648406982,identifier,checkNotNull
-69.08439636230469,132.57965087890625,(,(
-11.548030853271484,-60.499359130859375,identifier,clazz
-4.424198150634766,223.0625,",",","
17.733318328857422,-11.59061050415039,"""","""Class must not be null"""
-156.8869171142578,-20.881925582885742,),)
-90.48731231689453,-131.1962890625,;,;
133.9834747314453,-84.92499542236328,{,{
25.450183868408203,-53.91815185546875,identifier,ClassLoader
-42.43915939331055,-50.45967102050781,identifier,target
142.6817626953125,86.33716583251953,=,=
-11.108972549438477,-61.09934616088867,identifier,clazz
64.15394592285156,135.64154052734375,.,.
22.817384719848633,-21.858484268188477,identifier,getClassLoader
-93.74130249023438,151.69029235839844,(,(
-167.2467041015625,-23.28858757019043,),)
-86.37362670898438,-131.70230102539062,;,;
153.2655029296875,27.337697982788086,if,if
-65.28387451171875,101.02408599853516,(,(
-43.16114044189453,-50.60097885131836,identifier,target
75.50403594970703,50.190948486328125,==,==
-137.23805236816406,19.121858596801758,),)
122.43450164794922,-81.2531509399414,{,{
220.7789764404297,1.4131700992584229,return,return
-65.75269317626953,-130.63966369628906,;,;
20.783058166503906,-159.1002655029297,},}
25.449703216552734,-53.907203674316406,identifier,ClassLoader
-54.129486083984375,-5.9348955154418945,identifier,cur
138.186279296875,88.18165588378906,=,=
-3.9812405109405518,-46.334327697753906,identifier,classLoader
-80.87948608398438,-132.70770263671875,;,;
151.10198974609375,22.98419761657715,if,if
-60.54740905761719,102.2606201171875,(,(
-54.34166717529297,-5.486207485198975,identifier,cur
71.65873718261719,51.54561996459961,==,==
-43.82884979248047,-50.809722900390625,identifier,target
-134.2659149169922,18.140342712402344,),)
121.06517028808594,-83.5954818725586,{,{
221.19888305664062,2.0330069065093994,return,return
-64.41832733154297,-133.0662384033203,;,;
23.353763580322266,-160.67453002929688,},}
127.70624542236328,20.313751220703125,while,while
-57.29855728149414,102.97235107421875,(,(
-54.499290466308594,-5.186509609222412,identifier,cur
87.74539947509766,40.80388641357422,!=,!=
-131.06494140625,15.423894882202148,),)
123.99488830566406,-90.41387939453125,{,{
-54.64693832397461,-4.944164752960205,identifier,cur
138.4473114013672,94.72972106933594,=,=
-54.655235290527344,-4.904140949249268,identifier,cur
54.14960479736328,138.73153686523438,.,.
27.613773345947266,-18.055160522460938,identifier,getParent
-88.84294891357422,161.99180603027344,(,(
-171.2846221923828,-38.00377655029297,),)
-73.18006134033203,-145.37298583984375,;,;
156.25601196289062,18.22159194946289,if,if
-52.35386657714844,102.5384750366211,(,(
-54.586647033691406,-5.043832778930664,identifier,cur
71.21321868896484,50.88745880126953,==,==
-43.971736907958984,-50.84783935546875,identifier,target
-127.63505554199219,14.397283554077148,),)
117.39527893066406,-94.41523742675781,{,{
222.38540649414062,4.4308648109436035,return,return
-54.7598876953125,-143.1300811767578,;,;
26.583145141601562,-180.6980438232422,},}
30.683778762817383,-170.90887451171875,},}
222.96719360351562,8.358302116394043,return,return
-51.69648742675781,-143.80482482910156,;,;
34.14720916748047,-156.268310546875,},}
-49.34009552001953,94.7030029296875,(,(
41.50312805175781,-11.636266708374023,identifier,SecurityException
43.16633224487305,43.7559814453125,identifier,ex
-124.64334869384766,18.381072998046875,),)
117.34502410888672,-96.65123748779297,{,{
222.82046508789062,4.856195449829102,return,return
-53.645294189453125,-144.6983642578125,;,;
29.969884872436523,-179.5187225341797,},}
42.91648864746094,-158.7380828857422,},}
48.72772979736328,-34.17729568481445,identifier,handle
-115.44685363769531,83.04109191894531,(,(
16.421634674072266,-47.5623893737793,identifier,HttpServletRequest
-24.7890567779541,-64.92503356933594,identifier,request
-8.40981674194336,239.82785034179688,",",","
15.561712265014648,-47.55702209472656,identifier,HttpServletResponse
-32.388427734375,-66.82530212402344,identifier,response
-5.460247039794922,237.28173828125,",",","
12.598729133605957,-42.22206497192383,identifier,AccessDeniedException
12.376496315002441,-42.181541442871094,identifier,accessDeniedException
-147.33038330078125,42.60778045654297,),)
56.82244873046875,-16.864681243896484,identifier,IOException
-3.22162127494812,230.25389099121094,",",","
47.85762023925781,-12.677239418029785,identifier,ServletException
146.24644470214844,-82.38214874267578,{,{
152.26951599121094,31.311256408691406,if,if
-69.95389556884766,99.44723510742188,(,(
-31.708389282226562,-67.59806060791016,identifier,response
67.97280883789062,133.42752075195312,.,.
23.751800537109375,-13.74468994140625,identifier,isCommitted
-96.66133117675781,151.0828094482422,(,(
-180.54653930664062,-21.402223587036133,),)
-141.29544067382812,18.134986877441406,),)
131.7099151611328,-84.08438110351562,{,{
150.3835906982422,29.69944190979004,if,if
-66.50245666503906,100.4075698852539,(,(
-6.503017425537109,11.090731620788574,identifier,errorPage
86.07181549072266,41.5834846496582,!=,!=
-138.2297821044922,19.572376251220703,),)
127.67434692382812,-84.67422485351562,{,{
-25.696744918823242,-63.96263122558594,identifier,request
57.84278106689453,129.39883422851562,.,.
34.92696762084961,11.522380828857422,identifier,setAttribute
-62.92875671386719,122.68632507324219,(,(
12.460268020629883,-19.833816528320312,identifier,WebAttributes
39.17193603515625,109.85478973388672,.,.
8.184432983398438,-6.498511791229248,identifier,ACCESS_DENIED_403
-3.926856279373169,202.95069885253906,",",","
11.977228164672852,-41.99700927734375,identifier,accessDeniedException
-161.5016326904297,-31.092117309570312,),)
-76.4713134765625,-137.23875427246094,;,;
-31.15287971496582,-68.31279754638672,identifier,response
56.29376983642578,130.45120239257812,.,.
44.88461685180664,3.160656213760376,identifier,setStatus
-58.53326416015625,124.25733947753906,(,(
45.75167465209961,1.3748548030853271,identifier,HttpStatus
44.36787033081055,114.48795318603516,.,.
13.146797180175781,9.623339653015137,identifier,FORBIDDEN
57.33464431762695,144.67877197265625,.,.
-20.32905387878418,19.591951370239258,identifier,value
-89.96563720703125,159.9102325439453,(,(
-187.4237060546875,-25.70842933654785,),)
-158.43038940429688,-37.35054397583008,),)
-77.57886505126953,-143.67945861816406,;,;
15.150298118591309,-39.88774108886719,identifier,RequestDispatcher
4.384097576141357,-39.746063232421875,identifier,dispatcher
134.91754150390625,92.54986572265625,=,=
-25.776649475097656,-64.12295532226562,identifier,request
52.14111328125,139.47018432617188,.,.
14.286076545715332,-39.922706604003906,identifier,getRequestDispatcher
-50.1578483581543,129.7673797607422,(,(
-6.519069671630859,11.10860538482666,identifier,errorPage
-164.37806701660156,-41.52717590332031,),)
-75.89750671386719,-148.16574096679688,;,;
4.121644496917725,-40.8086051940918,identifier,dispatcher
44.971187591552734,133.67201232910156,.,.
31.638673782348633,4.193395137786865,identifier,forward
-44.30446243286133,134.16229248046875,(,(
-25.818668365478516,-65.55654907226562,identifier,request
-9.219547271728516,212.9457550048828,",",","
-30.80878257751465,-66.57402038574219,identifier,response
-163.83641052246094,-45.9067497253418,),)
-60.730491638183594,-145.22653198242188,;,;
31.400419235229492,-157.80709838867188,},}
14.614642143249512,-104.64730834960938,else,else
123.39476776123047,-96.27117156982422,{,{
-30.877588272094727,-68.1530990600586,identifier,response
43.66880416870117,130.42356872558594,.,.
44.44895935058594,4.084847450256348,identifier,sendError
-40.565643310546875,125.84687042236328,(,(
45.799598693847656,1.271601676940918,identifier,HttpStatus
43.11079406738281,115.13507843017578,.,.
13.1591796875,9.610540390014648,identifier,FORBIDDEN
47.38260269165039,147.93408203125,.,.
-20.350753784179688,19.551898956298828,identifier,value
-89.0871810913086,166.7732696533203,(,(
-193.699951171875,-25.909425735473633,),)
-9.111096382141113,209.04083251953125,",",","
45.81047439575195,1.2467710971832275,identifier,HttpStatus
42.743900299072266,115.36653137207031,.,.
13.165106773376465,9.601006507873535,identifier,FORBIDDEN
46.96828079223633,147.6654815673828,.,.
17.588319778442383,5.040832996368408,identifier,getReasonPhrase
-87.54582214355469,167.5870361328125,(,(
-192.6593475341797,-30.210002899169922,),)
-157.1898651123047,-49.205997467041016,),)
-56.51156234741211,-152.28492736816406,;,;
29.014385223388672,-181.15769958496094,},}
32.014644622802734,-175.75953674316406,},}
44.79715347290039,-160.8553466796875,},}
51.8971061706543,-26.257558822631836,identifier,stop
-118.42865753173828,84.47592163085938,(,(
-2.98085618019104,-32.929847717285156,identifier,timeout
-153.7469482421875,46.44312286376953,),)
52.683658599853516,-18.228498458862305,identifier,InterruptedException
150.7614288330078,-75.8593521118164,{,{
153.98680114746094,35.10443878173828,if,if
-73.42888641357422,98.11125183105469,(,(
22.49446678161621,-13.606134414672852,identifier,isclosed
66.26789093017578,126.3717269897461,.,.
33.258235931396484,16.217172622680664,identifier,compareAndSet
-70.48688507080078,126.81246185302734,(,(
-7.7989373207092285,222.11663818359375,",",","
-177.60801696777344,-19.303821563720703,),)
-143.8152313232422,18.605310440063477,),)
121.55607604980469,-77.57424926757812,{,{
222.3154296875,-1.0292775630950928,return,return
-67.35171508789062,-126.51329040527344,;,;
19.550201416015625,-157.09727478027344,},}
58.39654541015625,-51.916133880615234,identifier,List
95.8589859008789,4.782504558563232,<,<
18.710538864135742,-43.94316482543945,identifier,WebSocket
102.97787475585938,-24.588260650634766,>,>
-13.982869148254395,-21.381593704223633,identifier,socketsToClose
-86.7537612915039,-126.52664184570312,;,;
-67.4547348022461,96.77192687988281,(,(
2.8279988765716553,-20.028093338012695,identifier,connections
-137.89878845214844,20.884296417236328,),)
126.53138732910156,-81.1822509765625,{,{
-13.9756441116333,-21.50339698791504,identifier,socketsToClose
144.38108825683594,91.97648620605469,=,=
160.0152587890625,-24.839136123657227,new,new
59.05204391479492,-47.18528366088867,identifier,ArrayList
93.96443939208984,5.358946323394775,<,<
18.699655532836914,-43.94878005981445,identifier,WebSocket
100.31411743164062,-21.40925407409668,>,>
-59.56219482421875,137.08871459960938,(,(
2.8286561965942383,-20.023950576782227,identifier,connections
-161.3491973876953,-28.083017349243164,),)
-68.0655517578125,-133.16476440429688,;,;
21.548290252685547,-160.28082275390625,},}
133.75701904296875,18.524362564086914,for,for
-58.822994232177734,92.77302551269531,(,(
18.706098556518555,-43.943580627441406,identifier,WebSocket
-28.559757232666016,-19.909278869628906,identifier,ws
-13.924009323120117,-21.808761596679688,identifier,socketsToClose
-131.92401123046875,18.505918502807617,),)
124.9096908569336,-86.1926040649414,{,{
-28.541950225830078,-19.948116302490234,identifier,ws
56.81275177001953,133.96266174316406,.,.
37.429115295410156,7.618621349334717,identifier,close
-59.16319274902344,124.53245544433594,(,(
20.6967716217041,-7.3297224044799805,identifier,CloseFrame
39.9333381652832,111.12425231933594,.,.
9.428939819335938,-5.338134765625,identifier,GOING_AWAY
-161.456298828125,-36.911685943603516,),)
-64.40103149414062,-137.9227294921875,;,;
22.335573196411133,-163.73182678222656,},}
0.15501053631305695,-15.004973411560059,identifier,wsf
47.6101188659668,135.32164001464844,.,.
37.379512786865234,7.663607120513916,identifier,close
-83.95247650146484,159.2222900390625,(,(
-171.22633361816406,-39.51953887939453,),)
-73.87622833251953,-146.15977478027344,;,;
-52.27730178833008,98.65089416503906,(,(
-127.77352142333984,15.648053169250488,),)
125.13672637939453,-93.39069366455078,{,{
155.3303680419922,18.198577880859375,if,if
-51.27056884765625,101.74462127685547,(,(
-3.9780666828155518,-17.266759872436523,identifier,selectorthread
87.54867553710938,39.00923538208008,!=,!=
-4.350465774536133,-16.664281845092773,identifier,selector
87.2948989868164,38.80409622192383,!=,!=
-126.6598129272461,12.341065406799316,),)
119.7710952758789,-92.29769134521484,{,{
-4.362120151519775,-16.653995513916016,identifier,selector
43.6153678894043,132.4822998046875,.,.
21.2784481048584,4.6124372482299805,identifier,wakeup
-82.98995208740234,162.44886779785156,(,(
-172.3330841064453,-45.03479766845703,),)
-74.78352355957031,-155.05946350097656,;,;
-3.9650685787200928,-17.312910079956055,identifier,selectorthread
41.7413215637207,133.4549560546875,.,.
30.914018630981445,6.852015495300293,identifier,join
-37.400474548339844,128.9764404296875,(,(
-3.1757240295410156,-33.145599365234375,identifier,timeout
-161.749267578125,-51.67752456665039,),)
-56.35816955566406,-149.6702117919922,;,;
28.546428680419922,-179.949951171875,},}
31.14510726928711,-175.80459594726562,},}
43.77088928222656,-161.0958709716797,},}
32.30271530151367,-37.68655014038086,identifier,ProcessResult
52.19960403442383,-31.36870002746582,identifier,run
-115.62083435058594,86.32455444335938,(,(
32.648624420166016,-38.00456237792969,identifier,Process
-15.13665771484375,-45.04914093017578,identifier,process
-154.41587829589844,43.69309997558594,),)
52.682395935058594,-18.231128692626953,identifier,InterruptedException
145.0750274658203,-75.85022735595703,{,{
16.76384162902832,-52.50376510620117,identifier,ByteArrayOutputStream
6.4269328117370605,-57.155364990234375,identifier,baos
144.16064453125,81.1699447631836,=,=
157.99000549316406,-26.089223861694336,new,new
16.722797393798828,-52.433860778808594,identifier,ByteArrayOutputStream
-92.83349609375,145.98196411132812,(,(
-167.0916748046875,-18.754899978637695,),)
-92.84233093261719,-128.4185028076172,;,;
17.121170043945312,-31.994626998901367,identifier,StreamGobbler
-12.089484214782715,-20.079294204711914,identifier,outputGobbler
141.5596160888672,83.24812316894531,=,=
157.01380920410156,-23.895282745361328,new,new
16.96816062927246,-31.737205505371094,identifier,StreamGobbler
-67.9092788696289,137.2607421875,(,(
-15.61625862121582,-45.431278228759766,identifier,process
64.01483917236328,136.61880493164062,.,.
28.373125076293945,-14.150864601135254,identifier,getInputStream
-94.1044921875,153.13108825683594,(,(
-185.5336456298828,-21.17263412475586,),)
-2.6602718830108643,217.33480834960938,",",","
6.078461647033691,-57.395362854003906,identifier,baos
-2.4721243381500244,218.26651000976562,",",","
7.182417869567871,-5.070915222167969,identifier,OUTPUT_PREFIX
-157.86277770996094,-29.618959426879883,),)
-85.12548828125,-141.7627410888672,;,;
17.09583854675293,-32.12629318237305,identifier,StreamGobbler
-12.031612396240234,-19.984525680541992,identifier,errorGobbler
133.72300720214844,87.26899719238281,=,=
156.48171997070312,-23.421876907348633,new,new
16.89988899230957,-31.721904754638672,identifier,StreamGobbler
-56.28900909423828,127.89654541015625,(,(
-15.629467964172363,-45.458641052246094,identifier,process
58.093753814697266,140.91468811035156,.,.
16.301542282104492,-6.3491902351379395,identifier,getErrorStream
-91.09188079833984,159.77294921875,(,(
-188.17044067382812,-24.29237937927246,),)
-2.38775634765625,216.97918701171875,",",","
6.044675827026367,-57.41946792602539,identifier,baos
-2.31646728515625,217.9543914794922,",",","
7.387051105499268,-4.405716419219971,identifier,ERROR_PREFIX
-162.59927368164062,-37.6187629699707,),)
-79.46601104736328,-145.05160522460938,;,;
-10.25500774383545,-19.496566772460938,identifier,outputGobbler
46.09877395629883,135.33677673339844,.,.
32.49540710449219,7.4535298347473145,identifier,start
-84.46134948730469,160.25535583496094,(,(
-171.63970947265625,-40.5112190246582,),)
-77.73822784423828,-149.61717224121094,;,;
-10.194945335388184,-19.446304321289062,identifier,errorGobbler
45.5926628112793,135.26808166503906,.,.
32.46406936645508,7.444522380828857,identifier,start
-84.13280487060547,161.27523803710938,(,(
-172.29139709472656,-42.0454216003418,),)
-71.66785430908203,-150.88853454589844,;,;
-56.338523864746094,-20.03313636779785,identifier,result
132.46168518066406,96.18301391601562,=,=
-15.567126274108887,-45.444095611572266,identifier,process
42.312870025634766,136.2760772705078,.,.
21.90338134765625,14.435450553894043,identifier,waitFor
-83.70153045654297,163.5675811767578,(,(
-172.53062438964844,-46.71229934692383,),)
-73.89646911621094,-157.242919921875,;,;
-10.13359546661377,-19.46274185180664,identifier,outputGobbler
41.550411224365234,135.30169677734375,.,.
21.899877548217773,14.436729431152344,identifier,waitFor
-81.75143432617188,164.5792236328125,(,(
-173.0845184326172,-47.276546478271484,),)
-73.58641052246094,-157.92959594726562,;,;
-10.035199165344238,-19.364782333374023,identifier,errorGobbler
41.51435852050781,135.30198669433594,.,.
21.898317337036133,14.436630249023438,identifier,waitFor
-81.45091247558594,164.86508178710938,(,(
-174.75172424316406,-47.285152435302734,),)
-66.20927429199219,-157.4779815673828,;,;
217.08090209960938,9.337300300598145,return,return
152.36167907714844,-28.409828186035156,new,new
32.7430419921875,-37.04986572265625,identifier,ProcessResult
-42.6551628112793,140.1071319580078,(,(
-53.11947250366211,-21.151369094848633,identifier,result
-15.220841407775879,210.81179809570312,",",","
6.214141845703125,-57.30485153198242,identifier,baos
44.90155029296875,143.16241455078125,.,.
13.356300354003906,19.631954193115234,identifier,toString
-86.23394775390625,168.7161407470703,(,(
-193.98403930664062,-29.199270248413086,),)
-154.4043426513672,-49.83833694458008,),)
-50.83196258544922,-153.66526794433594,;,;
48.37864303588867,-153.04226684570312,},}
39.11936569213867,-24.257877349853516,identifier,returnObject
-117.57682800292969,86.62158966064453,(,(
41.54240417480469,-62.259986877441406,identifier,Object
-25.70758056640625,-41.87046813964844,identifier,cached
-154.7602996826172,45.24138641357422,),)
150.07476806640625,-74.02473449707031,{,{
135.95120239257812,-83.34430694580078,{,{
127.44490814208984,21.45261573791504,while,while
-72.90807342529297,97.2796401977539,(,(
34.66731262207031,-17.73826026916504,identifier,cacheLock
66.23301696777344,126.26542663574219,.,.
33.25035095214844,16.212627410888672,identifier,compareAndSet
-70.48371887207031,126.8138198852539,(,(
-7.809615135192871,222.0948944091797,",",","
-177.58843994140625,-19.302949905395508,),)
-143.81646728515625,18.55116844177246,),)
121.19156646728516,-76.88560485839844,{,{
20.126073837280273,-156.08578491210938,},}
58.51087951660156,-51.932708740234375,identifier,List
95.9073486328125,4.887546062469482,<,<
24.742944717407227,-30.267797470092773,identifier,SoftReference
102.86551666259766,-24.30925178527832,>,>
-49.037052154541016,-4.9533867835998535,identifier,li
143.33999633789062,84.49934387207031,=,=
-2.3479020595550537,-23.400653839111328,identifier,cachedObjects
68.07028198242188,129.5254669189453,.,.
44.170799255371094,21.676753997802734,identifier,get
-64.52928924560547,134.0960693359375,(,(
-26.191139221191406,-41.15365219116211,identifier,cached
63.78420639038086,137.50393676757812,.,.
8.462615966796875,-19.190855026245117,identifier,getClass
-94.84938049316406,153.78753662109375,(,(
-183.92271423339844,-21.53497314453125,),)
-158.6183624267578,-26.460874557495117,),)
-86.55247497558594,-132.82826232910156,;,;
151.2895965576172,26.732099533081055,if,if
-64.45220947265625,100.72919464111328,(,(
-49.216957092285156,-4.532887935638428,identifier,li
75.28005981445312,51.22504425048828,==,==
-137.0519561767578,18.259130477905273,),)
126.47439575195312,-84.60552978515625,{,{
-49.448612213134766,-4.5451979637146,identifier,li
143.84616088867188,92.58553314208984,=,=
159.9311065673828,-24.541353225708008,new,new
59.128692626953125,-47.2929573059082,identifier,ArrayList
93.82056427001953,5.816885471343994,<,<
24.73881721496582,-30.25066566467285,identifier,SoftReference
100.13227081298828,-21.79326820373535,>,>
-87.32592010498047,150.1029510498047,(,(
-169.40682983398438,-29.97840118408203,),)
-76.8559341430664,-137.23562622070312,;,;
-2.3100175857543945,-23.40887451171875,identifier,cachedObjects
53.17415237426758,131.99148559570312,.,.
36.80894470214844,22.118206024169922,identifier,put
-56.49342727661133,131.09878540039062,(,(
-26.17528533935547,-41.20420837402344,identifier,cached
58.54802322387695,142.83514404296875,.,.
8.45022201538086,-19.181886672973633,identifier,getClass
-92.16365051269531,160.27713012695312,(,(
-188.3978271484375,-23.54108238220215,),)
-6.065305233001709,206.40957641601562,",",","
-49.0981330871582,-4.2118401527404785,identifier,li
-161.36952209472656,-35.34280014038086,),)
-64.7589111328125,-137.8888397216797,;,;
22.918670654296875,-163.3985137939453,},}
156.73800659179688,20.82607650756836,if,if
-54.26081466674805,101.42473602294922,(,(
-49.74228286743164,-4.0508832931518555,identifier,li
53.16804504394531,138.68008422851562,.,.
4.496890068054199,37.043785095214844,identifier,size
-89.96746826171875,162.1438751220703,(,(
-190.96603393554688,-21.94589614868164,),)
72.25031280517578,30.710464477539062,<,<
-135.03468322753906,6.315030097961426,),)
-49.914039611816406,-4.01513671875,identifier,li
49.95145797729492,132.38365173339844,.,.
36.945167541503906,27.675514221191406,identifier,add
-45.37511444091797,125.91622924804688,(,(
155.1109161376953,-28.652196884155273,new,new
24.78182029724121,-30.198841094970703,identifier,SoftReference
-47.832183837890625,135.93447875976562,(,(
-25.952800750732422,-41.60915756225586,identifier,cached
-187.17520141601562,-34.4619140625,),)
-156.8535614013672,-44.6499137878418,),)
-60.50726318359375,-145.2176055908203,;,;
33.71049499511719,-156.92996215820312,},}
122.85273742675781,-98.7360610961914,{,{
34.70206069946289,-17.595304489135742,identifier,cacheLock
46.09196853637695,128.82162475585938,.,.
22.695341110229492,9.341925621032715,identifier,set
-38.86981201171875,124.12476348876953,(,(
-168.8781280517578,-47.647674560546875,),)
-56.149261474609375,-147.16624450683594,;,;
30.118696212768555,-179.65036010742188,},}
43.24308776855469,-158.34535217285156,},}
43.0492057800293,-27.663700103759766,identifier,findServices
-115.84959411621094,84.8155288696289,(,(
59.673004150390625,-52.3144416809082,identifier,List
98.97057342529297,3.5270495414733887,<,<
25.062368392944336,-36.691219329833984,identifier,InvService
105.78076171875,-24.187768936157227,>,>
-55.91361618041992,-21.30914878845215,identifier,result
-5.559761047363281,237.95364379882812,",",","
23.972734451293945,-36.912506103515625,identifier,InvDataset
-36.061012268066406,-42.995765686035156,identifier,ds
-150.39492797851562,41.75128173828125,),)
148.38381958007812,-77.46488952636719,{,{
154.34779357910156,33.31755828857422,if,if
-72.397216796875,99.25538635253906,(,(
-36.4490966796875,-43.171451568603516,identifier,ds
24.60848045349121,-35.48314666748047,identifier,InvCatalogRef
-145.38392639160156,16.864171981811523,),)
222.4552459716797,-1.368483543395996,return,return
-68.06903076171875,-125.55419158935547,;,;
134.11949157714844,19.60234260559082,for,for
-62.712791442871094,92.43022155761719,(,(
24.44219398498535,-35.95094680786133,identifier,InvAccess
-50.3910026550293,-13.070744514465332,identifier,a
-36.7282600402832,-43.20975112915039,identifier,ds
65.37153625488281,135.1951904296875,.,.
18.260692596435547,-21.76922607421875,identifier,getAccess
-95.74878692626953,152.6383514404297,(,(
-181.7586669921875,-21.444026947021484,),)
-138.9812469482422,22.491127014160156,),)
130.64602661132812,-85.69993591308594,{,{
24.426441192626953,-36.455204010009766,identifier,InvService
-39.20441818237305,-9.935246467590332,identifier,s
142.05886840820312,88.34883880615234,=,=
-50.83869934082031,-11.263540267944336,identifier,a
62.613914489746094,137.16845703125,.,.
25.68720245361328,-17.73072052001953,identifier,getService
-92.32344055175781,152.50794982910156,(,(
-168.19798278808594,-25.16583824157715,),)
-87.77105712890625,-137.2506561279297,;,;
23.696475982666016,-36.66731643676758,identifier,InvDataset
-40.04368209838867,-38.189781188964844,identifier,d
138.81532287597656,87.65963745117188,=,=
-50.91676330566406,-11.164461135864258,identifier,a
61.67330551147461,137.62220764160156,.,.
11.27418327331543,-16.51527214050293,identifier,getDataset
-90.70073699951172,154.8433380126953,(,(
-169.6717987060547,-27.96241569519043,),)
-80.91716766357422,-134.58929443359375,;,;
151.8140106201172,22.4848690032959,if,if
-59.75696563720703,103.01566314697266,(,(
72.65735626220703,52.0455322265625,==,==
-40.344261169433594,-38.87408447265625,identifier,d
56.21635818481445,135.6785125732422,.,.
25.390748977661133,-17.95146369934082,identifier,findService
-55.95677947998047,133.1162109375,(,(
-38.76163101196289,-8.495329856872559,identifier,s
58.327152252197266,143.04115295410156,.,.
7.4305877685546875,15.360319137573242,identifier,getName
-91.66670989990234,160.34317016601562,(,(
-187.45181274414062,-25.00030517578125,),)
-180.0966339111328,-36.53376770019531,),)
-54.3933219909668,106.13339233398438,(,(
-55.80656051635742,-23.52408218383789,identifier,result
52.39482116699219,133.72702026367188,.,.
35.27422332763672,27.75957489013672,identifier,contains
-50.27545928955078,133.9689483642578,(,(
-38.76150131225586,-8.47913646697998,identifier,s
-185.52760314941406,-32.52718734741211,),)
-183.16845703125,-36.10260009765625,),)
-134.17832946777344,6.413707733154297,),)
-55.546791076660156,-23.660282135009766,identifier,result
50.514427185058594,131.9629669189453,.,.
36.881526947021484,27.467998504638672,identifier,add
-45.21891784667969,127.69084930419922,(,(
-38.72636795043945,-8.475168228149414,identifier,s
-163.57962036132812,-42.42301559448242,),)
-61.22446823120117,-142.28456115722656,;,;
26.342121124267578,-165.2654571533203,},}
134.7553253173828,17.210514068603516,for,for
-54.5923957824707,94.79973602294922,(,(
23.691370010375977,-36.7508659362793,identifier,InvDataset
-11.796462059020996,7.176698684692383,identifier,nested
-36.93505859375,-43.155189514160156,identifier,ds
50.01229476928711,142.8785400390625,.,.
29.710365295410156,1.2834478616714478,identifier,getDatasets
-90.8363037109375,166.7189178466797,(,(
-190.05072021484375,-30.65959358215332,),)
-129.0985870361328,10.93274974822998,),)
120.73441314697266,-91.30398559570312,{,{
42.53483581542969,-20.32919692993164,identifier,findServices
-42.9605598449707,136.13504028320312,(,(
-53.905513763427734,-22.104778289794922,identifier,result
-10.843666076660156,211.72674560546875,",",","
-11.803152084350586,7.174600601196289,identifier,nested
-162.5757598876953,-51.28703308105469,),)
-56.90752410888672,-149.55715942382812,;,;
29.20854949951172,-179.4344482421875,},}
43.92487335205078,-159.24269104003906,},}
99.05204772949219,1.9003872871398926,<,<
31.079504013061523,-68.27851104736328,identifier,T
107.14904022216797,-26.262165069580078,>,>
31.768749237060547,-67.48949432373047,identifier,T
37.24421691894531,-27.929141998291016,identifier,accessMember
-111.69834899902344,86.28666687011719,(,(
26.392520904541016,-40.047733306884766,identifier,AccessibleObject
-13.964620590209961,-41.74116897583008,identifier,member
-5.8308305740356445,236.387451171875,",",","
23.47128677368164,-50.88652801513672,identifier,Callable
99.18785095214844,6.578548431396484,<,<
30.32000732421875,-67.5280990600586,identifier,T
105.10917663574219,-21.981863021850586,>,>
-13.57708740234375,-48.16648483276367,identifier,callable
-4.288747310638428,234.0190887451172,",",","
47.93275833129883,-87.08878326416016,identifier,String
-7.436513900756836,13.468637466430664,identifier,errorMessage
-145.8797149658203,40.872406005859375,),)
147.4435577392578,-81.38471984863281,{,{
153.61868286132812,31.613861083984375,if,if
-70.0041732788086,99.37942504882812,(,(
-13.587132453918457,-48.18159103393555,identifier,callable
76.47673797607422,49.73119354248047,==,==
-141.63482666015625,20.850929260253906,),)
122.3699951171875,-79.2446517944336,{,{
220.0395050048828,-0.04302339628338814,return,return
-66.87876892089844,-128.21975708007812,;,;
20.54104232788086,-157.5219268798828,},}
215.58836364746094,4.427100658416748,return,return
17.728784561157227,-23.95184326171875,identifier,AccessController
64.10391235351562,122.11310577392578,.,.
19.060758590698242,-24.147153854370117,identifier,doPrivileged
-64.00070190429688,114.96063232421875,(,(
-64.20098114013672,113.96980285644531,(,(
19.229995727539062,-24.45061683654785,identifier,PrivilegedAction
98.33030700683594,8.437339782714844,<,<
29.87118148803711,-67.27665710449219,identifier,T
101.99700164794922,-21.042400360107422,>,>
-171.86801147460938,-8.688239097595215,),)
-87.01895904541016,146.82839965820312,(,(
-169.6571807861328,-9.602932929992676,),)
134.4673309326172,-90.46471405029297,{,{
-20.402204513549805,-6.709692001342773,identifier,wasAccessible
138.03514099121094,89.136474609375,=,=
-29.088829040527344,-38.15380859375,identifier,member
60.555503845214844,137.7338104248047,.,.
24.649446487426758,-13.324689865112305,identifier,isAccessible
-90.59851837158203,156.07789611816406,(,(
-170.09860229492188,-29.21525001525879,),)
-79.47698211669922,-135.29869079589844,;,;
130.24578857421875,-93.89025115966797,{,{
-29.130512237548828,-38.14350891113281,identifier,member
56.642059326171875,133.42250061035156,.,.
21.18753433227539,11.656431198120117,identifier,setAccessible
-60.422119140625,126.15556335449219,(,(
-164.8773193359375,-34.125831604003906,),)
-76.45886993408203,-140.2323760986328,;,;
217.76133728027344,5.061217308044434,return,return
-13.60145092010498,-48.21462631225586,identifier,callable
53.85464096069336,136.76187133789062,.,.
34.97368240356445,0.6676627397537231,identifier,call
-85.2038803100586,158.45565795898438,(,(
-170.58944702148438,-36.559913635253906,),)
-65.65583801269531,-139.7357177734375,;,;
31.88982582092285,-155.03143310546875,},}
-49.7392578125,93.26261901855469,(,(
54.141212463378906,-9.020808219909668,identifier,Exception
41.55747604370117,40.82419967651367,identifier,exception
-126.56043243408203,18.534635543823242,),)
119.67787170410156,-97.07145690917969,{,{
151.85362243652344,-25.03998565673828,new,new
48.264076232910156,-8.776460647583008,identifier,IllegalStateException
-52.00401306152344,126.1181640625,(,(
-7.427224636077881,13.450196266174316,identifier,errorMessage
-8.451227188110352,209.82688903808594,",",","
41.525943756103516,40.8438606262207,identifier,exception
-161.89935302734375,-45.547183990478516,),)
-60.67179870605469,-144.21791076660156,;,;
32.48359298706055,-156.70826721191406,},}
123.29192352294922,-98.54631042480469,{,{
-29.17264175415039,-38.1404914855957,identifier,member
44.75835037231445,131.2775421142578,.,.
21.187610626220703,11.642858505249023,identifier,setAccessible
-42.31636428833008,129.30862426757812,(,(
-20.847026824951172,-6.8265838623046875,identifier,wasAccessible
-164.73519897460938,-47.70020294189453,),)
-58.009490966796875,-146.72727966308594,;,;
26.191381454467773,-177.6589813232422,},}
24.578350067138672,-175.12295532226562,},}
-168.24317932128906,-57.457725524902344,),)
-52.89723205566406,-149.70626831054688,;,;
43.97140121459961,-153.27056884765625,},}
42.72059631347656,-23.501056671142578,identifier,create
-119.32288360595703,90.3841323852539,(,(
-157.77325439453125,47.181541442871094,),)
148.30361938476562,-72.12423706054688,{,{
51.99923324584961,-47.80818176269531,identifier,ConcurrentHashMap
97.76481628417969,4.5772247314453125,<,<
50.69048309326172,-92.9871826171875,identifier,String
4.317936897277832,231.02020263671875,",",","
20.957782745361328,-33.09033966064453,identifier,UsageParamSetLocalData
103.84954071044922,-24.838796615600586,>,>
-13.805479049682617,-18.364572525024414,identifier,notificationSourceUsageParamSets
145.31614685058594,83.41632843017578,=,=
-13.61069107055664,-18.562084197998047,identifier,notificationSourceUsageParamSetsMap
67.495361328125,129.4090118408203,.,.
44.39926528930664,21.675325393676758,identifier,get
-65.27928924560547,134.40802001953125,(,(
-9.142175674438477,-16.979591369628906,identifier,notificationSource
-162.40325927734375,-22.745912551879883,),)
-88.11039733886719,-131.02113342285156,;,;
151.64813232421875,27.979570388793945,if,if
-66.21550750732422,100.23834228515625,(,(
-14.182212829589844,-18.447118759155273,identifier,notificationSourceUsageParamSets
76.34317016601562,51.19639205932617,==,==
-138.1051483154297,18.8040828704834,),)
128.34100341796875,-85.37122344970703,{,{
51.98921203613281,-47.75594711303711,identifier,ConcurrentHashMap
96.1775894165039,6.983717441558838,<,<
52.61956024169922,-93.18782043457031,identifier,String
5.2925872802734375,230.3941192626953,",",","
20.751821517944336,-32.8269157409668,identifier,UsageParamSetLocalData
101.93486022949219,-25.026086807250977,>,>
-15.077221870422363,-16.186962127685547,identifier,newNotificationSourceUsageParamSets
134.17538452148438,87.17070007324219,=,=
158.9795684814453,-23.620981216430664,new,new
52.02565002441406,-47.67206954956055,identifier,ConcurrentHashMap
94.6259536743164,7.391267776489258,<,<
52.985538482666016,-93.41748809814453,identifier,String
5.268906593322754,230.00013732910156,",",","
20.653675079345703,-32.8223991394043,identifier,UsageParamSetLocalData
100.071044921875,-22.49350357055664,>,>
-87.0834732055664,149.85260009765625,(,(
-170.85540771484375,-32.22153091430664,),)
-77.42269134521484,-144.4739532470703,;,;
-14.434175491333008,-16.57773208618164,identifier,notificationSourceUsageParamSets
135.9921112060547,95.25708770751953,=,=
-14.242047309875488,-16.35968780517578,identifier,notificationSourceUsageParamSetsMap
50.73910903930664,133.3634490966797,.,.
36.74822998046875,19.57299041748047,identifier,putIfAbsent
-45.766136169433594,131.34573364257812,(,(
-9.137985229492188,-16.96192741394043,identifier,notificationSource
-10.352680206298828,208.50645446777344,",",","
-14.419806480407715,-15.20132064819336,identifier,newNotificationSourceUsageParamSets
-162.70616149902344,-43.93824005126953,),)
-70.37113189697266,-149.60894775390625,;,;
156.92938232421875,16.474258422851562,if,if
-49.07781219482422,101.5170669555664,(,(
-14.268024444580078,-17.110267639160156,identifier,notificationSourceUsageParamSets
78.1114501953125,51.21553039550781,==,==
-125.9984359741211,11.126683235168457,),)
119.06775665283203,-93.73255920410156,{,{
-14.29015827178955,-17.076364517211914,identifier,notificationSourceUsageParamSets
137.7954864501953,100.16856384277344,=,=
-14.408486366271973,-15.254823684692383,identifier,newNotificationSourceUsageParamSets
-58.057167053222656,-154.18960571289062,;,;
28.149410247802734,-182.7254180908203,},}
32.94467544555664,-170.92410278320312,},}
160.1888885498047,17.999897003173828,if,if
-69.85287475585938,103.59895324707031,(,(
-13.546530723571777,-17.737043380737305,identifier,notificationSourceUsageParamSets
69.72504425048828,128.3527069091797,.,.
39.839393615722656,20.93537139892578,identifier,containsKey
-53.430458068847656,139.06700134277344,(,(
-9.349740028381348,-14.386504173278809,identifier,usageParameterSetName
-178.19520568847656,-22.08898162841797,),)
-141.22206115722656,16.374309539794922,),)
116.644775390625,-87.8828125,{,{
215.58445739746094,7.895318508148193,return,return
-13.335115432739258,-17.62776756286621,identifier,notificationSourceUsageParamSets
69.84056091308594,127.7807388305664,.,.
36.81066131591797,19.484045028686523,identifier,putIfAbsent
-54.02777099609375,139.74020385742188,(,(
-9.380467414855957,-14.390844345092773,identifier,usageParameterSetName
-13.422494888305664,207.3896026611328,",",","
154.28424072265625,-29.913917541503906,new,new
21.403860092163086,-31.79096031188965,identifier,UsageParamSetLocalData
-57.16245651245117,138.83753967285156,(,(
-9.382234573364258,-14.387394905090332,identifier,usageParameterSetName
-180.91165161132812,-28.042917251586914,),)
-152.52696228027344,-47.434295654296875,),)
73.7734375,52.449710845947266,==,==
-51.9495964050293,-158.3074493408203,;,;
28.82756996154785,-156.10574340820312,},}
13.5414457321167,-105.74202728271484,else,else
117.45123291015625,-85.4421157836914,{,{
222.26803588867188,1.508360743522644,return,return
-51.136207580566406,-158.3612823486328,;,;
32.58883285522461,-183.5409393310547,},}
48.36048126220703,-159.0950469970703,},}
27.182771682739258,-34.79393005371094,identifier,PlaneNormal3D_F64
45.15959930419922,-21.267410278320312,identifier,convert
-109.9224624633789,84.54882049560547,(,(
27.18474006652832,-34.6202278137207,identifier,Se3_F64
-11.544220924377441,-35.04536437988281,identifier,planeToWorld
-3.820748805999756,235.1197967529297,",",","
26.553285598754883,-34.49308395385742,identifier,PlaneNormal3D_F64
-49.26658630371094,-29.326112747192383,identifier,output
-144.92320251464844,40.408355712890625,),)
145.5006866455078,-81.93478393554688,{,{
152.20750427246094,30.426193237304688,if,if
-68.08615112304688,100.5813217163086,(,(
-49.44728088378906,-29.13355827331543,identifier,output
76.56006622314453,50.28672790527344,==,==
-144.96719360351562,13.954424858093262,),)
-49.51970672607422,-29.07575798034668,identifier,output
144.32049560546875,90.61911010742188,=,=
156.3312225341797,-25.795467376708984,new,new
19.400779724121094,-27.486879348754883,identifier,PlaneNormal3D_F64
-89.78060913085938,149.00718688964844,(,(
-169.89932250976562,-23.704204559326172,),)
-87.8208236694336,-138.55941772460938,;,;
-50.607723236083984,-28.593521118164062,identifier,output
52.96471405029297,125.91357421875,.,.
-3.1601271629333496,0.24357880651950836,identifier,n
52.18956756591797,125.47486877441406,.,.
3.919621706008911,8.069942474365234,identifier,x
141.47854614257812,96.85652923583984,=,=
-10.4279203414917,-25.95003318786621,identifier,planeToWorld
37.78371047973633,121.2970962524414,.,.
-0.31242549419403076,-1.2251933813095093,identifier,R
38.631351470947266,123.36589813232422,.,.
28.1367130279541,14.603550910949707,identifier,unsafe_get
-62.18930435180664,126.78650665283203,(,(
-1.218066692352295,209.26925659179688,",",","
-164.94749450683594,-35.07368469238281,),)
-83.06938934326172,-144.48529052734375,;,;
-50.783348083496094,-28.421133041381836,identifier,output
52.599334716796875,126.55790710449219,.,.
-3.168119192123413,0.24745529890060425,identifier,n
51.7256965637207,125.61904907226562,.,.
5.001008033752441,8.012706756591797,identifier,y
140.80686950683594,97.32026672363281,=,=
-10.262474060058594,-25.9158935546875,identifier,planeToWorld
37.59263610839844,121.34329223632812,.,.
-0.3177604377269745,-1.2174350023269653,identifier,R
38.444557189941406,123.62389373779297,.,.
28.091291427612305,14.58358383178711,identifier,unsafe_get
-48.45742416381836,123.9832534790039,(,(
-1.6436384916305542,209.2810821533203,",",","
-166.49819946289062,-39.95326614379883,),)
-78.25758361816406,-149.5535888671875,;,;
-50.82329177856445,-28.277868270874023,identifier,output
52.163455963134766,126.65350341796875,.,.
-3.1600263118743896,0.25442588329315186,identifier,n
51.3569450378418,125.81549835205078,.,.
6.810655117034912,8.366815567016602,identifier,z
140.0038299560547,98.27000427246094,=,=
-9.984464645385742,-25.90227508544922,identifier,planeToWorld
37.28525161743164,121.47982788085938,.,.
-0.31136736273765564,-1.2083454132080078,identifier,R
38.290855407714844,123.83932495117188,.,.
28.05784034729004,14.57046127319336,identifier,unsafe_get
-48.09424591064453,123.8348617553711,(,(
-1.7096093893051147,209.1077423095703,",",","
-167.56057739257812,-48.813392639160156,),)
-71.50393676757812,-154.58358764648438,;,;
-50.78014373779297,-28.17366600036621,identifier,output
40.26153564453125,130.0785675048828,.,.
-1.5037320852279663,-15.103449821472168,identifier,p
45.84271240234375,130.1664581298828,.,.
22.48267936706543,8.959823608398438,identifier,set
-40.255680084228516,130.4542999267578,(,(
-9.502825736999512,-26.183658599853516,identifier,planeToWorld
34.573524475097656,122.10993957519531,.,.
26.708559036254883,-69.85000610351562,identifier,T
33.240501403808594,123.1962661743164,.,.
3.9398372173309326,8.070708274841309,identifier,x
-15.255325317382812,209.1207733154297,",",","
-9.289698600769043,-26.183643341064453,identifier,planeToWorld
34.44074630737305,122.07329559326172,.,.
26.69609832763672,-69.85357666015625,identifier,T
33.20978927612305,123.05547332763672,.,.
5.007824897766113,8.019486427307129,identifier,y
-15.370890617370605,209.25949096679688,",",","
-9.13668155670166,-26.164512634277344,identifier,planeToWorld
34.28264236450195,122.02642059326172,.,.
26.694156646728516,-69.85255432128906,identifier,T
33.10016632080078,122.83047485351562,.,.
6.794694900512695,8.365605354309082,identifier,z
-156.25479125976562,-53.22129440307617,),)
-63.48179244995117,-158.47525024414062,;,;
218.2149200439453,11.358315467834473,return,return
-49.172420501708984,-27.627382278442383,identifier,output
-46.54358673095703,-151.563720703125,;,;
49.43180847167969,-152.51202392578125,},}
28.01053237915039,-37.23228454589844,identifier,OpenImmoTransferDocument
40.184085845947266,-23.970308303833008,identifier,newDocument
-110.22409057617188,88.18305206298828,(,(
26.55746841430664,-36.72157669067383,identifier,Openimmo
-13.371576309204102,-39.636409759521484,identifier,openimmo
-150.88633728027344,40.55650329589844,),)
47.22977066040039,-13.617144584655762,identifier,ParserConfigurationException
-3.227505922317505,230.1796875,",",","
47.391056060791016,-13.319937705993652,identifier,JAXBException
146.17318725585938,-82.5180892944336,{,{
153.04736328125,31.06244659423828,if,if
-69.31659698486328,99.81652069091797,(,(
-13.49390983581543,-26.40894889831543,identifier,openimmo
65.90001678466797,135.41258239746094,.,.
3.021289825439453,-11.837713241577148,identifier,getUebertragung
-98.41281127929688,154.6550750732422,(,(
-187.95559692382812,-17.106460571289062,),)
74.70621490478516,50.738460540771484,==,==
-144.68365478515625,13.775381088256836,),)
-13.474601745605469,-26.378570556640625,identifier,openimmo
62.01015853881836,130.34033203125,.,.
3.021663188934326,-11.802993774414062,identifier,setUebertragung
-65.37908935546875,129.20399475097656,(,(
9.789658546447754,-24.08466911315918,identifier,OpenImmoUtils
63.16865539550781,120.90617370605469,.,.
15.030632972717285,-23.151716232299805,identifier,getFactory
-99.17495727539062,159.58834838867188,(,(
-192.72494506835938,-15.1553955078125,),)
62.34872817993164,145.98397827148438,.,.
2.9745595455169678,-11.715907096862793,identifier,createUebertragung
-88.3186264038086,155.73321533203125,(,(
-185.95040893554688,-24.946975708007812,),)
-157.8424530029297,-35.594303131103516,),)
-80.24504089355469,-140.5118408203125,;,;
155.01048278808594,21.497745513916016,if,if
-55.92496871948242,100.2857894897461,(,(
33.13521194458008,-5.386743545532227,identifier,StringUtils
52.654808044433594,115.752197265625,.,.
33.10098648071289,-5.257514476776123,identifier,isBlank
-48.32069396972656,113.37803649902344,(,(
-13.017892837524414,-26.269668579101562,identifier,openimmo
52.987098693847656,141.55419921875,.,.
2.3745272159576416,-11.532059669494629,identifier,getUebertragung
-93.54959869384766,165.35971069335938,(,(
-194.2838592529297,-17.589231491088867,),)
54.725250244140625,146.2755584716797,.,.
-1.3079813718795776,4.704716682434082,identifier,getVersion
-91.0604248046875,164.79917907714844,(,(
-189.56173706054688,-29.019500732421875,),)
-183.90524291992188,-36.86616516113281,),)
-133.782958984375,5.350621700286865,),)
-12.905960083007812,-26.234861373901367,identifier,openimmo
52.61272430419922,141.49356079101562,.,.
2.227863311767578,-11.466228485107422,identifier,getUebertragung
-93.56835174560547,166.12921142578125,(,(
-194.95050048828125,-17.26311492919922,),)
43.88431930541992,134.9774627685547,.,.
-1.0427775382995605,4.875016212463379,identifier,setVersion
-39.9244384765625,127.60305786132812,(,(
9.593514442443848,-24.04517936706543,identifier,OpenImmoUtils
42.0682258605957,115.43500518798828,.,.
0.048270516097545624,4.699277400970459,identifier,VERSION
46.82654571533203,147.74038696289062,.,.
18.006208419799805,3.706238031387329,identifier,toReadableVersion
-87.60599517822266,167.5778350830078,(,(
-192.5019989013672,-30.39741325378418,),)
-156.84983825683594,-49.30594253540039,),)
-68.7969741821289,-155.64617919921875,;,;
19.992340087890625,-46.63327407836914,identifier,Document
-33.23984909057617,-28.639202117919922,identifier,document
130.5530548095703,94.87355041503906,=,=
33.99037170410156,-10.105223655700684,identifier,XmlUtils
42.04625701904297,124.1002426147461,.,.
40.31254959106445,-23.391422271728516,identifier,newDocument
-81.95933532714844,167.63168334960938,(,(
-177.115966796875,-44.05574035644531,),)
-67.65933990478516,-160.8453826904297,;,;
9.575247764587402,-24.017820358276367,identifier,OpenImmoUtils
41.56121063232422,125.02306365966797,.,.
31.20700454711914,-3.0792906284332275,identifier,createMarshaller
-40.073097229003906,139.7896270751953,(,(
14.124715805053711,2.110686779022217,"""","""UTF-8"""
-8.971639633178711,220.3848114013672,",",","
-190.6813201904297,-10.736681938171387,),)
40.81167221069336,146.05162048339844,.,.
31.46290397644043,-3.1513450145721436,identifier,marshal
-39.68172836303711,136.68466186523438,(,(
-14.037067413330078,-26.461915969848633,identifier,openimmo
-14.146771430969238,211.56089782714844,",",","
-32.896236419677734,-28.418909072875977,identifier,document
-157.71315002441406,-58.25990295410156,),)
-62.54727554321289,-159.9000701904297,;,;
216.8834228515625,10.240180969238281,return,return
153.1731414794922,-29.082368850708008,new,new
22.140642166137695,-31.345355987548828,identifier,OpenImmoTransferDocument
-56.959659576416016,138.9170684814453,(,(
-32.8903923034668,-28.417631149291992,identifier,document
-157.60369873046875,-58.81727600097656,),)
-49.88276290893555,-155.2170867919922,;,;
50.84828567504883,-153.7783966064453,},}
58.17036056518555,-35.67088317871094,identifier,Nullable
52.33457946777344,-88.54109191894531,identifier,String
38.72357940673828,-28.660198211669922,identifier,createKeysFromArray
-110.67066192626953,86.78620910644531,(,(
58.508270263671875,-36.19867706298828,identifier,Nullable
53.24871063232422,-89.29308319091797,identifier,String
-33.59251022338867,-38.433719635009766,identifier,array
-4.702245235443115,235.13990783691406,",",","
58.933902740478516,-36.250732421875,identifier,Nullable
53.370853424072266,-89.41309356689453,identifier,String
-31.22972297668457,-34.77769470214844,identifier,keys
-146.25332641601562,38.97063446044922,),)
147.2859649658203,-81.35938262939453,{,{
154.42376708984375,31.095504760742188,if,if
-69.8355941772461,101.24356842041016,(,(
38.19608688354492,0.6337645053863525,identifier,isNullOrEmpty
-62.92913055419922,138.3818817138672,(,(
-31.41243553161621,-34.62045669555664,identifier,keys
-178.62400817871094,-22.56609535217285,),)
-141.33070373535156,19.007972717285156,),)
122.48979949951172,-79.88017272949219,{,{
218.8839874267578,1.4593111276626587,return,return
-33.692474365234375,-38.31241989135742,identifier,array
-66.95085906982422,-129.40684509277344,;,;
21.71601676940918,-157.448974609375,},}
155.5949249267578,27.514049530029297,if,if
-65.77890014648438,97.42196655273438,(,(
38.19151306152344,0.6302215456962585,identifier,isNullOrEmpty
-62.71150207519531,138.22128295898438,(,(
-33.80025863647461,-38.21287155151367,identifier,array
-178.5519561767578,-23.503292083740234,),)
-139.78506469726562,17.703073501586914,),)
122.11327362060547,-81.1104507446289,{,{
219.13226318359375,1.873363971710205,return,return
-31.65204429626465,-34.480194091796875,identifier,keys
-65.74737548828125,-130.16769409179688,;,;
20.34676170349121,-159.1094512939453,},}
54.30839920043945,-88.4544906616211,identifier,String
-39.871578216552734,-15.110212326049805,identifier,combined
135.6768798828125,87.47650146484375,=,=
27.876319885253906,-9.043448448181152,identifier,Arrays
53.71767044067383,115.39246368408203,.,.
19.75774383544922,-9.307433128356934,identifier,copyOf
-59.141998291015625,130.45162963867188,(,(
-31.7988224029541,-34.21482467651367,identifier,keys
-2.8536925315856934,213.716064453125,",",","
-34.411678314208984,-37.62274932861328,identifier,array
70.05327606201172,141.52395629882812,.,.
7.7035698890686035,44.709415435791016,identifier,length
-15.472599983215332,50.85786819458008,+,+
-32.03116226196289,-33.912841796875,identifier,keys
69.76447296142578,142.16476440429688,.,.
7.645713806152344,44.73575210571289,identifier,length
-159.95782470703125,-34.85746765136719,),)
-79.11579132080078,-139.40647888183594,;,;
132.4367218017578,17.567293167114258,for,for
-57.64323806762695,94.31201934814453,(,(
-53.93995666503906,31.364276885986328,identifier,i
133.77049255371094,79.95452117919922,=,=
-79.14998626708984,-120.51211547851562,;,;
-54.572818756103516,30.040616989135742,identifier,i
71.7774429321289,28.176198959350586,<,<
-34.47709274291992,-37.5687370300293,identifier,array
71.04705047607422,141.76904296875,.,.
7.273612976074219,43.72982406616211,identifier,length
-77.81661987304688,-122.61734008789062,;,;
-54.263771057128906,29.388669967651367,identifier,i
-129.02760314941406,15.854251861572266,),)
123.2763442993164,-92.5618896484375,{,{
-39.997650146484375,-15.206138610839844,identifier,combined
-32.08356857299805,-33.84053039550781,identifier,keys
71.7583999633789,142.91258239746094,.,.
6.492893695831299,43.27680587768555,identifier,length
-15.161381721496582,50.261356353759766,+,+
-53.08037185668945,26.4755916595459,identifier,i
139.17958068847656,98.55139923095703,=,=
-34.5960578918457,-37.46833038330078,identifier,array
-53.31014633178711,25.56616973876953,identifier,i
-57.489566802978516,-144.53565979003906,;,;
27.8986873626709,-169.07321166992188,},}
221.17523193359375,8.869985580444336,return,return
-40.017921447753906,-15.31080436706543,identifier,combined
-47.23069763183594,-147.6928253173828,;,;
44.98311996459961,-150.26849365234375,},}
60.00713348388672,-28.07008934020996,identifier,Override
43.158260345458984,-32.163448333740234,identifier,push
-117.46131134033203,86.07785034179688,(,(
23.48939323425293,-50.90041732788086,identifier,Runnable
-16.793659210205078,-49.1166877746582,identifier,task
-154.57913208007812,44.6438102722168,),)
150.56982421875,-74.12555694580078,{,{
34.175785064697266,-18.613319396972656,identifier,lock
-96.51697540283203,146.4454803466797,(,(
-166.64634704589844,-16.207950592041016,),)
-93.26148986816406,-124.91102600097656,;,;
-9.144279479980469,-5.6396002769470215,identifier,_base
-87.87732696533203,-125.00820922851562,;,;
-9.294795989990234,-5.764179229736328,identifier,_top
-87.8174057006836,-125.42105102539062,;,;
135.1235809326172,-85.23731231689453,{,{
-9.332322120666504,-5.217613697052002,identifier,_base
145.92938232421875,89.44507598876953,=,=
6.613227844238281,-22.645328521728516,identifier,UNSAFE
62.73487091064453,125.10334014892578,.,.
27.705093383789062,12.021798133850098,identifier,getLongVolatile
-63.87412643432617,134.84742736816406,(,(
-2.816660165786743,219.6684112548828,",",","
5.531951904296875,-7.438946723937988,identifier,OFFS_BASE
-160.6964111328125,-25.621755599975586,),)
-91.75894927978516,-137.19529724121094,;,;
-9.7091703414917,-4.965367794036865,identifier,_top
145.5731201171875,90.90463256835938,=,=
6.588743686676025,-22.642723083496094,identifier,UNSAFE
62.51272201538086,125.33013153076172,.,.
27.707172393798828,12.070517539978027,identifier,getLongVolatile
-63.46778869628906,134.6417236328125,(,(
-2.6127285957336426,219.60263061523438,",",","
5.421583652496338,-7.48624324798584,identifier,OFFS_TOP
-163.90736389160156,-29.680023193359375,),)
-81.43347930908203,-136.08445739746094,;,;
153.04583740234375,23.08369255065918,if,if
-58.774330139160156,101.19403076171875,(,(
-10.179533958435059,-4.7703857421875,identifier,_top
72.28598022460938,51.11781311035156,==,==
-10.220691680908203,-4.5919952392578125,identifier,_base
-15.199118614196777,51.40376281738281,+,+
18.753633499145508,-7.080048561096191,identifier,mask
-133.2417449951172,14.881477355957031,),)
121.97173309326172,-86.02017974853516,{,{
151.962158203125,-24.270082473754883,new,new
38.49969482421875,-8.526269912719727,identifier,RejectedExecutionExceptionWithoutStacktrace
-54.25927734375,121.6610336303711,(,(
19.033626556396484,-3.817011594772339,"""","""Shared queue overflow"""
-160.4313507080078,-38.584495544433594,),)
-61.574485778808594,-140.6062774658203,;,;
24.44512939453125,-164.63844299316406,},}
6.498297214508057,-22.191471099853516,identifier,UNSAFE
44.669307708740234,127.99105834960938,.,.
27.502342224121094,11.066120147705078,identifier,putObjectVolatile
-44.615474700927734,132.201904296875,(,(
30.043773651123047,2.476461172103882,identifier,tasks
-10.752820014953613,216.10162353515625,",",","
20.678232192993164,-0.7025553584098816,identifier,taskOffset
-50.28771209716797,136.74024963378906,(,(
-11.11068058013916,-5.8150200843811035,identifier,_top
-188.45333862304688,-32.25775146484375,),)
-8.942139625549316,207.29373168945312,",",","
-16.787137985229492,-49.13741683959961,identifier,task
-164.2659454345703,-50.24607849121094,),)
-72.16619873046875,-156.49441528320312,;,;
6.510087966918945,-22.142255783081055,identifier,UNSAFE
44.352848052978516,128.1345977783203,.,.
27.517929077148438,11.191817283630371,identifier,putLongVolatile
-41.84716033935547,133.40711975097656,(,(
-12.726529121398926,216.33509826660156,",",","
3.7162511348724365,-0.9888896942138672,identifier,OFFS_TOP
-14.000655174255371,208.84190368652344,",",","
-11.058967590332031,-5.836475372314453,identifier,_top
-13.968231201171875,48.63646697998047,+,+
-157.22621154785156,-53.43092727661133,),)
-53.98680114746094,-153.28787231445312,;,;
34.3149299621582,-157.41439819335938,},}
122.1657485961914,-99.7249984741211,{,{
33.12721252441406,-16.895397186279297,identifier,unlock
-80.85940551757812,166.50205993652344,(,(
-176.53318786621094,-47.18465042114258,),)
-55.62940979003906,-156.1765594482422,;,;
24.262691497802734,-169.7720184326172,},}
0.4912876784801483,-20.625505447387695,identifier,pool
40.104278564453125,127.68870544433594,.,.
21.81645393371582,0.3626039922237396,identifier,onAvailableTask
-82.44640350341797,168.44642639160156,(,(
-177.22506713867188,-46.19894790649414,),)
-50.04765701293945,-154.71685791015625,;,;
49.8494873046875,-154.1985321044922,},}
52.61180114746094,-87.98768615722656,identifier,String
37.495906829833984,-30.897886276245117,identifier,decodeLocaleCode
-111.91895294189453,87.81404876708984,(,(
49.974098205566406,-83.19893646240234,identifier,String
-11.67301082611084,-42.3254508972168,identifier,localeCode
-151.7771453857422,42.953529357910156,),)
146.42462158203125,-75.78691101074219,{,{
53.69870376586914,-87.14816284179688,identifier,String
-56.507755279541016,-21.642492294311523,identifier,result
143.23533630371094,79.48392486572266,=,=
158.85353088378906,-27.136323928833008,new,new
54.99608612060547,-89.02819061279297,identifier,String
-92.71871185302734,-128.37823486328125,;,;
54.59658432006836,-87.83184814453125,identifier,String
-37.32177734375,-29.905765533447266,identifier,data
144.38690185546875,84.68346405029297,=,=
15.566394805908203,-17.704790115356445,identifier,CharKit
63.752288818359375,123.60374450683594,.,.
17.153223037719727,-15.512598037719727,identifier,splitc
-65.30184936523438,135.61639404296875,(,(
-11.664480209350586,-42.463253021240234,identifier,localeCode
-4.112851142883301,219.8756866455078,",",","
-160.02159118652344,-25.447288513183594,),)
-90.83577728271484,-135.5763397216797,;,;
-56.21758270263672,-25.379688262939453,identifier,result
143.07485961914062,96.16564178466797,=,=
-36.98976135253906,-31.872478485107422,identifier,data
-86.72456359863281,-141.48062133789062,;,;
-56.41769790649414,-25.46918296813965,identifier,result
143.02212524414062,96.07952880859375,=,=
-56.85386276245117,-25.259122848510742,identifier,result
142.70606994628906,95.47982788085938,=,=
15.137364387512207,-16.87996482849121,identifier,StringPool
41.31743621826172,109.84394836425781,.,.
10.158426284790039,-6.461124897003174,identifier,EMPTY
-79.69664001464844,-136.68321228027344,;,;
153.27890014648438,21.751419067382812,if,if
-57.539955139160156,102.29214477539062,(,(
-37.93961715698242,-32.04625701904297,identifier,data
70.49486541748047,142.4302520751953,.,.
6.74697208404541,44.256629943847656,identifier,length
-131.68817138671875,15.25899600982666,),)
123.98394775390625,-89.70499420166016,{,{
-55.311439514160156,-24.412385940551758,identifier,result
139.84930419921875,97.66804504394531,=,=
-37.27089309692383,-32.42048645019531,identifier,data
-73.07597351074219,-146.3897705078125,;,;
155.63308715820312,18.825298309326172,if,if
-52.12004470825195,103.2430191040039,(,(
-37.8584098815918,-32.11737060546875,identifier,data
71.2796859741211,142.7927703857422,.,.
6.3880462646484375,43.806114196777344,identifier,length
-127.93156433105469,12.931756973266602,),)
119.98909759521484,-93.29882049560547,{,{
-54.96049880981445,-24.306968688964844,identifier,result
139.33750915527344,98.51669311523438,=,=
-37.15159606933594,-32.582298278808594,identifier,data
-57.26848220825195,-144.689697265625,;,;
27.241445541381836,-179.38925170898438,},}
31.154783248901367,-171.68780517578125,},}
220.75364685058594,9.365550994873047,return,return
-52.173194885253906,-22.288745880126953,identifier,result
-46.24534225463867,-147.60240173339844,;,;
44.383941650390625,-151.492919921875,},}
41.979583740234375,-61.75204086303711,identifier,Object
39.60537338256836,-24.627897262573242,identifier,newObjectInstance
-115.14568328857422,88.05155944824219,(,(
30.89436912536621,-55.99219512939453,identifier,Class
-11.857233047485352,-55.15931701660156,identifier,targetType
-153.56619262695312,44.286739349365234,),)
149.64202880859375,-75.75862884521484,{,{
153.79078674316406,34.47442626953125,if,if
-73.57698059082031,98.44879913330078,(,(
-11.797175407409668,-55.3782844543457,identifier,targetType
77.10895538330078,48.91650390625,==,==
-11.760810852050781,-55.414913177490234,identifier,targetType
75.1590576171875,47.72073745727539,==,==
55.29026412963867,-55.43718719482422,identifier,Map
44.255889892578125,110.9797134399414,.,.
-143.4826202392578,20.452383041381836,),)
123.05262756347656,-78.03499603271484,{,{
217.9829559326172,2.100414514541626,return,return
16.231287002563477,-18.779760360717773,identifier,mapSupplier
67.15033721923828,129.74102783203125,.,.
45.83757019042969,21.115400314331055,identifier,get
-94.43734741210938,148.81375122070312,(,(
-168.80767822265625,-20.451122283935547,),)
-68.16873168945312,-128.0841064453125,;,;
20.16817283630371,-157.4592742919922,},}
19.57878875732422,-39.8800048828125,identifier,ClassDescriptor
-40.86185836791992,-37.371639251708984,identifier,cd
141.68955993652344,85.3395004272461,=,=
17.05035400390625,-23.56382942199707,identifier,ClassIntrospector
63.20545196533203,122.07657623291016,.,.
45.997032165527344,21.016115188598633,identifier,get
-100.09770202636719,158.7138671875,(,(
-192.3096923828125,-14.0978364944458,),)
63.24850082397461,145.97756958007812,.,.
22.513771057128906,-8.293286323547363,identifier,lookup
-61.778907775878906,134.91233825683594,(,(
-12.18327522277832,-55.41685485839844,identifier,targetType
-161.63961791992188,-27.285898208618164,),)
-86.50813293457031,-136.87252807617188,;,;
19.458620071411133,-38.919517517089844,identifier,CtorDescriptor
-26.026039123535156,-14.591580390930176,identifier,ctorDescriptor
137.5937042236328,87.8995361328125,=,=
-40.90313720703125,-37.518619537353516,identifier,cd
60.1248893737793,137.51441955566406,.,.
24.34060287475586,-20.695470809936523,identifier,getDefaultCtorDescriptor
-60.93329620361328,126.88451385498047,(,(
-164.03604125976562,-32.2159538269043,),)
-80.41158294677734,-136.63076782226562,;,;
153.10110473632812,22.474767684936523,if,if
-58.26420211791992,102.38648223876953,(,(
-25.929100036621094,-14.880035400390625,identifier,ctorDescriptor
75.55267333984375,52.14485168457031,==,==
-132.44036865234375,15.77241039276123,),)
121.86961364746094,-86.07958984375,{,{
151.52114868164062,-24.142988204956055,new,new
40.80656433105469,-8.006916046142578,identifier,JsonException
-54.96028137207031,121.06661987304688,(,(
18.33521270751953,-3.693138837814331,"""","""Default ctor not found for: """
-13.904792785644531,56.155948638916016,+,+
-12.393775939941406,-55.474021911621094,identifier,targetType
51.77334213256836,145.20875549316406,.,.
7.639601707458496,15.37300968170166,identifier,getName
-90.12165832519531,164.70042419433594,(,(
-190.404541015625,-27.99641227722168,),)
-157.25379943847656,-43.58960723876953,),)
-60.281978607177734,-143.63844299316406,;,;
25.496013641357422,-164.71090698242188,},}
127.1707534790039,-96.35487365722656,{,{
217.6754608154297,6.496828556060791,return,return
-25.536876678466797,-15.617485046386719,identifier,ctorDescriptor
45.46141815185547,140.51820373535156,.,.
32.74860382080078,1.8155478239059448,identifier,getConstructor
-91.95574188232422,167.38954162597656,(,(
-195.3997802734375,-17.704326629638672,),)
40.306610107421875,142.00311279296875,.,.
32.7688102722168,1.806783676147461,identifier,newInstance
-83.42388153076172,162.81060791015625,(,(
-173.22433471679688,-44.687843322753906,),)
-59.88246154785156,-148.0184783935547,;,;
33.22429275512695,-155.6366729736328,},}
-48.481689453125,94.5186767578125,(,(
54.56116485595703,-9.944724082946777,identifier,Exception
43.04447937011719,47.88902282714844,identifier,e
-124.34333038330078,19.34568214416504,),)
118.01484680175781,-97.47270202636719,{,{
151.1297607421875,-25.82242202758789,new,new
40.86263656616211,-8.197516441345215,identifier,JsonException
-37.94648361206055,138.5314178466797,(,(
40.9063720703125,47.52471923828125,identifier,e
-159.82711791992188,-52.1110954284668,),)
-56.3787956237793,-152.96202087402344,;,;
30.296993255615234,-181.1932373046875,},}
44.99470138549805,-159.9104766845703,},}
45.4168586730957,-30.291181564331055,identifier,config
-116.00421142578125,83.65538024902344,(,(
26.378820419311523,-38.17007827758789,identifier,OServer
-5.800797462463379,-42.671966552734375,identifier,oServer
-7.295408725738525,237.61209106445312,",",","
26.161182403564453,-38.719295501708984,identifier,OServerConfigurationManager
-9.779911041259766,-36.820594787597656,identifier,serverCfg
-5.21068000793457,234.58978271484375,",",","
41.986419677734375,-41.53926467895508,identifier,ODocument
-9.312849044799805,-35.292850494384766,identifier,jsonConfig
-147.10952758789062,39.41240310668945,),)
144.1011505126953,-80.14015197753906,{,{
-3.0820603370666504,-43.24197006225586,identifier,server
148.09812927246094,87.4784164428711,=,=
-5.205364227294922,-42.788841247558594,identifier,oServer
-95.15322875976562,-130.89439392089844,;,;
-4.001454830169678,-42.88605880737305,identifier,serverConfig
147.9533233642578,87.69783782958984,=,=
-4.300217628479004,-42.82417297363281,identifier,serverCfg
-87.28897094726562,-128.74058532714844,;,;
150.2503204345703,28.520917892456055,if,if
-66.37236022949219,98.47818756103516,(,(
-24.807395935058594,-30.586328506469727,identifier,jsonConfig
67.81864166259766,136.06748962402344,.,.
11.57327651977539,26.642499923706055,identifier,containsField
-65.77812957763672,122.46424865722656,(,(
12.510869026184082,-7.389890670776367,"""","""name"""
-177.60794067382812,-24.85036277770996,),)
-139.0558319091797,17.4903621673584,),)
124.44026947021484,-81.80050659179688,{,{
-31.257261276245117,7.977612495422363,identifier,name
142.48092651367188,97.40919494628906,=,=
-25.019229888916016,-30.600387573242188,identifier,jsonConfig
61.16502380371094,134.6156005859375,.,.
8.92699909210205,27.686845779418945,identifier,field
-63.217323303222656,124.63693237304688,(,(
12.362138748168945,-6.693613529205322,"""","""name"""
-164.9996795654297,-29.827800750732422,),)
-66.9214859008789,-134.26077270507812,;,;
23.116422653198242,-159.59793090820312,},}
156.5515899658203,24.128198623657227,if,if
-58.706199645996094,99.35186767578125,(,(
-24.978443145751953,-30.301719665527344,identifier,jsonConfig
58.40248489379883,136.5348358154297,.,.
11.539389610290527,26.51844596862793,identifier,containsField
-65.68904876708984,123.68661499023438,(,(
13.133576393127441,-5.287220478057861,"""","""debug"""
-181.794677734375,-31.782482147216797,),)
-134.7323760986328,12.679910659790039,),)
122.43148040771484,-88.57246398925781,{,{
56.064266204833984,5.545961856842041,identifier,debug
141.36851501464844,98.16593933105469,=,=
-25.437551498413086,-30.052021026611328,identifier,jsonConfig
42.987606048583984,139.68173217773438,.,.
8.753108978271484,27.447925567626953,identifier,field
-47.242591857910156,120.98827362060547,(,(
13.164066314697266,-3.455226421356201,"""","""debug"""
-164.94076538085938,-39.19675064086914,),)
-64.31963348388672,-142.11737060546875,;,;
25.60474395751953,-162.35848999023438,},}
158.32054138183594,20.668920516967773,if,if
-50.95320510864258,104.1150131225586,(,(
-25.331546783447266,-29.770471572875977,identifier,jsonConfig
43.69492721557617,138.45069885253906,.,.
11.459918975830078,26.276813507080078,identifier,containsField
-47.0804328918457,119.23152923583984,(,(
12.50133228302002,-0.878763735294342,"""","""enabled"""
-189.3835906982422,-37.00254440307617,),)
-129.719970703125,8.24081039428711,),)
118.81947326660156,-90.77366638183594,{,{
11.83954906463623,-0.3949708640575409,identifier,enabled
141.14654541015625,98.86483001708984,=,=
-25.669279098510742,-29.756603240966797,identifier,jsonConfig
42.79942321777344,139.6383514404297,.,.
8.653502464294434,27.314773559570312,identifier,field
-46.92982482910156,120.69270324707031,(,(
13.10122013092041,-0.8906518816947937,"""","""enabled"""
-168.232666015625,-50.116127014160156,),)
-60.02164840698242,-149.68124389648438,;,;
27.663522720336914,-163.4740447998047,},}
159.84207153320312,19.53348159790039,if,if
-47.601097106933594,102.53336334228516,(,(
-25.412227630615234,-29.512996673583984,identifier,jsonConfig
43.6746826171875,138.43687438964844,.,.
11.44128131866455,26.20775604248047,identifier,containsField
-47.03333282470703,119.29644775390625,(,(
12.633930206298828,0.6794751882553101,"""","""caseSensitive"""
-190.19430541992188,-36.77223587036133,),)
-128.19686889648438,7.774647235870361,),)
117.193115234375,-89.9090576171875,{,{
12.226774215698242,1.1375927925109863,identifier,caseSensitive
141.20132446289062,99.40641021728516,=,=
-25.866506576538086,-29.350269317626953,identifier,jsonConfig
42.4921989440918,139.71168518066406,.,.
8.562450408935547,27.2310733795166,identifier,field
-46.668983459472656,120.12203979492188,(,(
12.715087890625,0.757575273513794,"""","""caseSensitive"""
-155.4652862548828,-54.69818878173828,),)
-54.128089904785156,-155.88455200195312,;,;
31.308332443237305,-182.2495574951172,},}
46.4713134765625,-160.28024291992188,},}
37.9769401550293,-52.56379699707031,identifier,Element
40.668678283691406,-30.865192413330078,identifier,writeCoordTransform
-114.06595611572266,87.51488494873047,(,(
29.26210594177246,-35.34929275512695,identifier,CoordinateTransform
-21.89653968811035,-40.73711395263672,identifier,ct
-154.4011688232422,42.94878005981445,),)
147.25326538085938,-74.6486587524414,{,{
37.91445541381836,-52.66417694091797,identifier,Element
-37.215431213378906,-22.530662536621094,identifier,ctElem
144.33180236816406,79.85868072509766,=,=
157.84605407714844,-26.98579978942871,new,new
38.26576614379883,-53.08663558959961,identifier,Element
-71.29364776611328,132.3645477294922,(,(
18.183042526245117,-14.028963088989258,"""","""coordTransform"""
-160.4482421875,-18.553180694580078,),)
-94.7737045288086,-127.9500961303711,;,;
-36.5477294921875,-22.38117027282715,identifier,ctElem
58.21116256713867,127.0698013305664,.,.
35.526611328125,12.961319923400879,identifier,setAttribute
-63.21476364135742,120.96965789794922,(,(
11.94136905670166,-7.8717827796936035,"""","""name"""
-5.114757061004639,201.7761688232422,",",","
-22.48112678527832,-40.03548812866211,identifier,ct
65.6242904663086,136.44601440429688,.,.
6.975526809692383,16.444843292236328,identifier,getName
-95.45326232910156,153.01663208007812,(,(
-183.05795288085938,-21.287805557250977,),)
-158.05743408203125,-24.6895751953125,),)
-93.03858184814453,-136.78012084960938,;,;
-36.46967697143555,-22.325227737426758,identifier,ctElem
57.71721649169922,127.31551361083984,.,.
35.506893157958984,12.905678749084473,identifier,setAttribute
-63.17408752441406,121.5022964477539,(,(
12.249011993408203,-8.472082138061523,"""","""transformType"""
-4.749691009521484,201.69146728515625,",",","
-22.557538986206055,-39.960174560546875,identifier,ct
61.79436111450195,139.24542236328125,.,.
9.868485450744629,-14.110847473144531,identifier,getTransformType
-96.63528442382812,158.64549255371094,(,(
-191.82766723632812,-16.59984016418457,),)
57.78783416748047,146.62322998046875,.,.
12.223325729370117,19.339200973510742,identifier,toString
-92.23332214355469,156.3962860107422,(,(
-185.13140869140625,-23.886201858520508,),)
-158.33828735351562,-31.547027587890625,),)
-82.08244323730469,-137.85804748535156,;,;
133.53282165527344,18.10211944580078,for,for
-58.02451705932617,92.62103271484375,(,(
25.896316528320312,-47.11026382446289,identifier,Parameter
-30.685754776000977,-4.634190082550049,identifier,param
-22.5812931060791,-39.93126678466797,identifier,ct
57.03017807006836,140.94854736328125,.,.
7.546928405761719,-13.954073905944824,identifier,getParameters
-93.40314483642578,161.6719207763672,(,(
-185.76171875,-27.06267547607422,),)
-131.72650146484375,12.464336395263672,),)
126.58953094482422,-90.48451232910156,{,{
37.989864349365234,-52.79917526245117,identifier,Element
-38.010433197021484,-21.920541763305664,identifier,pElem
132.97879028320312,92.31253814697266,=,=
155.51905822753906,-27.379613876342773,new,new
38.32173156738281,-53.17158889770508,identifier,Element
-53.790863037109375,126.31449890136719,(,(
13.47922134399414,-3.354543685913086,"""","""parameter"""
-164.4293212890625,-38.37773895263672,),)
-76.5147705078125,-147.24862670898438,;,;
-38.43856430053711,-21.4312744140625,identifier,pElem
48.13325500488281,131.94728088378906,.,.
35.53628158569336,13.110520362854004,identifier,setAttribute
-44.90851593017578,121.79928588867188,(,(
12.655128479003906,-2.043396472930908,"""","""name"""
-6.540981292724609,202.5169677734375,",",","
-31.287729263305664,-4.87436580657959,identifier,param
50.130733489990234,144.85650634765625,.,.
7.356480598449707,16.193756103515625,identifier,getName
-89.21021270751953,165.09071350097656,(,(
-190.7381591796875,-29.11794090270996,),)
-157.71180725097656,-45.23188400268555,),)
-76.4126205444336,-152.687255859375,;,;
-38.47478485107422,-21.36787223815918,identifier,pElem
48.02961349487305,131.75543212890625,.,.
35.55308151245117,13.17549991607666,identifier,setAttribute
-44.72494888305664,121.8792724609375,(,(
13.10111141204834,-1.4554917812347412,"""","""value"""
-6.720956802368164,202.5471649169922,",",","
-31.3729305267334,-4.913156032562256,identifier,param
48.96831130981445,144.7246551513672,.,.
16.644577026367188,4.45721435546875,identifier,getStringValue
-88.28487396240234,166.8284454345703,(,(
-192.13497924804688,-29.418468475341797,),)
-158.27452087402344,-47.986366271972656,),)
-71.29857635498047,-155.91110229492188,;,;
-36.50717544555664,-21.133310317993164,identifier,ctElem
41.431243896484375,131.8576202392578,.,.
27.464250564575195,2.7228457927703857,identifier,addContent
-38.065006256103516,132.78468322753906,(,(
-38.51028823852539,-20.6298885345459,identifier,pElem
-160.85926818847656,-54.9676628112793,),)
-55.38679504394531,-152.1643524169922,;,;
27.477516174316406,-170.5862274169922,},}
219.8159942626953,11.0396089553833,return,return
-37.11774444580078,-19.7760009765625,identifier,ctElem
-45.36149978637695,-150.14956665039062,;,;
47.71992111206055,-150.77899169921875,},}
40.86164093017578,-32.414772033691406,identifier,visitRete
-116.5547103881836,86.5330810546875,(,(
25.47408676147461,-34.20942306518555,identifier,Rete
-19.271875381469727,-38.43007278442383,identifier,rete
-154.06983947753906,42.500980377197266,),)
146.01577758789062,-74.0051498413086,{,{
57.159603118896484,154.6212158203125,.,.
-7.077154159545898,-11.811552047729492,identifier,rootVertex
147.94793701171875,83.35340881347656,=,=
-65.05075073242188,109.89459991455078,(,(
24.951839447021484,-33.72323226928711,identifier,ReteVertex
-173.2290496826172,-6.850764274597168,),)
57.2379264831543,153.7519073486328,.,.
-0.9672849774360657,-24.005273818969727,identifier,visitedNodes
68.16697692871094,129.73585510253906,.,.
44.072818756103516,21.811250686645508,identifier,get
-64.83367919921875,133.98910522460938,(,(
9.280075073242188,-12.044459342956543,identifier,dotId
-63.69001770019531,138.8436737060547,(,(
-20.08582305908203,-37.8800048828125,identifier,rete
-177.30142211914062,-21.944778442382812,),)
-156.46690368652344,-25.354080200195312,),)
-88.49456787109375,-131.6090545654297,;,;
151.4955291748047,27.533296585083008,if,if
-65.74793243408203,99.60652160644531,(,(
56.311466217041016,154.2137908935547,.,.
-7.215036392211914,-11.840149879455566,identifier,rootVertex
75.53691101074219,50.87935256958008,==,==
-137.95150756835938,18.743589401245117,),)
127.04203796386719,-84.6120834350586,{,{
56.59614562988281,154.81390380859375,.,.
-7.173307418823242,-11.819421768188477,identifier,rootVertex
143.9110107421875,92.55514526367188,=,=
155.8431854248047,-25.88288116455078,new,new
24.856708526611328,-33.38896942138672,identifier,ReteVertex
-58.56896209716797,136.6462860107422,(,(
-20.151281356811523,-37.84617233276367,identifier,rete
-162.36361694335938,-30.994596481323242,),)
-76.7434310913086,-137.22824096679688,;,;
55.51848602294922,155.9217987060547,.,.
-1.0134295225143433,-23.983617782592773,identifier,visitedNodes
53.129432678222656,131.9921112060547,.,.
36.85636901855469,22.092578887939453,identifier,put
-56.427425384521484,131.08863830566406,(,(
9.268570899963379,-12.027969360351562,identifier,dotId
-51.01691436767578,136.52293395996094,(,(
-20.139402389526367,-37.757652282714844,identifier,rete
-185.39866638183594,-29.53950309753418,),)
-6.208550930023193,206.7949981689453,",",","
53.850807189941406,153.05381774902344,.,.
-6.181149482727051,-11.235207557678223,identifier,rootVertex
-162.2742156982422,-38.09938049316406,),)
-64.47692108154297,-138.52964782714844,;,;
22.7259521484375,-164.0421600341797,},}
53.28406524658203,155.16976928710938,.,.
11.983015060424805,-23.001087188720703,identifier,graph
48.04582595825195,133.59335327148438,.,.
25.419109344482422,-9.130818367004395,identifier,addChild
-45.35032272338867,127.47611999511719,(,(
53.539955139160156,153.46066284179688,.,.
-6.090671539306641,-11.217046737670898,identifier,rootVertex
-164.99012756347656,-43.52326583862305,),)
-73.67898559570312,-150.59298706054688,;,;
52.57993698120117,154.70999145507812,.,.
-4.8130412101745605,-11.32581615447998,identifier,parentVertex
134.74090576171875,98.67374420166016,=,=
53.17835235595703,153.5760955810547,.,.
-5.842047214508057,-11.212540626525879,identifier,rootVertex
-70.49446868896484,-148.5321502685547,;,;
134.0388946533203,16.362146377563477,for,for
-54.5244026184082,93.98478698730469,(,(
26.21305274963379,-31.771739959716797,identifier,EntryPointNode
-29.57149887084961,-7.500235080718994,identifier,node
-19.887340545654297,-37.0051383972168,identifier,rete
48.82512283325195,143.7034149169922,.,.
29.275375366210938,-0.6621788740158081,identifier,getEntryPointNodes
-91.56996154785156,168.33688354492188,(,(
-195.3038330078125,-18.744068145751953,),)
49.151485443115234,148.86978149414062,.,.
18.654836654663086,13.967726707458496,identifier,values
-88.307861328125,168.3723907470703,(,(
-191.8290557861328,-31.089431762695312,),)
-128.83181762695312,10.303303718566895,),)
120.64391326904297,-90.84246063232422,{,{
42.62716293334961,-19.03173065185547,identifier,visit
-38.08939743041992,133.74652099609375,(,(
-29.59369659423828,-7.520380020141602,identifier,node
-160.08920288085938,-54.197998046875,),)
-55.36842346191406,-153.28048706054688,;,;
29.939125061035156,-182.18002319335938,},}
45.07073211669922,-158.5487060546875,},}
55.14951705932617,-53.40524673461914,identifier,Map
98.06832122802734,3.687418222427368,<,<
51.05577850341797,-92.7068862915039,identifier,String
3.7964847087860107,230.89430236816406,",",","
29.078433990478516,-45.1056022644043,identifier,FieldAccess
105.7791748046875,-25.356975555419922,>,>
37.553062438964844,-28.73175048828125,identifier,getPropertyFieldAccessMapFieldFirst
-109.1663589477539,87.0757064819336,(,(
30.080251693725586,-56.244117736816406,identifier,Class
99.94535827636719,5.958406448364258,<,<
105.73597717285156,-21.700634002685547,>,>
-12.537088394165039,-60.46720504760742,identifier,clazz
-147.5887908935547,39.94198989868164,),)
145.74954223632812,-80.45471954345703,{,{
54.28683853149414,-53.326751708984375,identifier,Map
96.98448181152344,5.905692100524902,<,<
51.65974426269531,-92.56360626220703,identifier,String
4.805556774139404,231.1238250732422,",",","
28.858930587768555,-45.18308639526367,identifier,FieldAccess
102.83484649658203,-24.077739715576172,>,>
-15.899556159973145,-19.212303161621094,identifier,combinedFieldsFieldFirst
143.22438049316406,84.17366027832031,=,=
22.880578994750977,-19.08253288269043,identifier,getCombinedFieldsFieldFirst
-64.91033935546875,136.86807250976562,(,(
-12.16463851928711,-61.47415542602539,identifier,clazz
-162.25570678710938,-24.344364166259766,),)
-86.75289916992188,-132.158203125,;,;
152.01437377929688,26.691621780395508,if,if
-64.94783782958984,100.91056823730469,(,(
-16.363000869750977,-19.51399803161621,identifier,combinedFieldsFieldFirst
85.9639892578125,41.19405746459961,!=,!=
-137.0380401611328,17.823686599731445,),)
121.86625671386719,-82.38752746582031,{,{
218.84657287597656,2.6562652587890625,return,return
-16.480358123779297,-19.465072631835938,identifier,combinedFieldsFieldFirst
-64.82588958740234,-130.38470458984375,;,;
27.67976188659668,-157.0070343017578,},}
12.884413719177246,-104.97704315185547,else,else
127.8861083984375,-87.87969970703125,{,{
54.06611633300781,-52.78075408935547,identifier,Map
95.85521697998047,7.25184440612793,<,<
52.256507873535156,-93.40428924560547,identifier,String
4.801781177520752,230.1372528076172,",",","
28.75236701965332,-45.27566146850586,identifier,FieldAccess
101.68402099609375,-25.508787155151367,>,>
-21.401485443115234,-11.638592720031738,identifier,fieldsFallbacks
133.60858154296875,85.38726806640625,=,=
-78.46199035644531,-142.70632934570312,;,;
53.96961975097656,-52.80486297607422,identifier,Map
95.97311401367188,7.558947563171387,<,<
52.164432525634766,-93.6016845703125,identifier,String
4.75885009765625,230.06922912597656,",",","
28.707080841064453,-45.30662155151367,identifier,FieldAccess
101.7864761352539,-25.759679794311523,>,>
-21.55235481262207,-12.279326438903809,identifier,fieldsPrimary
131.9238739013672,90.85845947265625,=,=
-75.99121856689453,-146.36048889160156,;,;
-21.467374801635742,-12.425797462463379,identifier,fieldsPrimary
135.46165466308594,96.00895690917969,=,=
35.315338134765625,-11.319210052490234,identifier,Reflection
44.84800338745117,124.14948272705078,.,.
27.85407257080078,0.04686741158366203,identifier,getAllAccessorFields
-46.806583404541016,134.8009033203125,(,(
-12.747823715209961,-61.799869537353516,identifier,clazz
-8.971908569335938,214.76124572753906,",",","
-163.728515625,-44.57945251464844,),)
-76.19071960449219,-152.29049682617188,;,;
-20.564960479736328,-12.269438743591309,identifier,fieldsFallbacks
135.38040161132812,96.85944366455078,=,=
35.31505584716797,-11.323467254638672,identifier,Reflection
44.54909133911133,123.9805908203125,.,.
27.888408660888672,0.04859987273812294,identifier,getPropertyFieldAccessors
-46.2650032043457,135.85525512695312,(,(
-12.874014854431152,-61.832054138183594,identifier,clazz
-166.350341796875,-50.3795280456543,),)
-71.22317504882812,-154.81631469726562,;,;
26.605796813964844,0.5809035897254944,identifier,combineFieldMaps
-42.072017669677734,136.0017852783203,(,(
-20.158153533935547,-12.501777648925781,identifier,fieldsFallbacks
-11.560074806213379,211.58619689941406,",",","
-20.12759017944336,-13.52122688293457,identifier,fieldsPrimary
-161.37721252441406,-55.74037170410156,),)
-69.83234405517578,-158.64561462402344,;,;
-16.186450958251953,-17.793127059936523,identifier,combinedFieldsFieldFirst
137.85549926757812,101.1395034790039,=,=
-20.110319137573242,-13.692328453063965,identifier,fieldsPrimary
-68.92094421386719,-160.2166290283203,;,;
26.41431427001953,0.60746169090271,identifier,putCombinedFieldsFieldFirst
-40.8732795715332,135.4329071044922,(,(
-12.571349143981934,-62.20417785644531,identifier,clazz
-13.186708450317383,208.60223388671875,",",","
-16.83606719970703,-18.0639705657959,identifier,combinedFieldsFieldFirst
-156.96615600585938,-56.321861267089844,),)
-63.474937438964844,-159.06674194335938,;,;
217.41738891601562,11.045950889587402,return,return
-16.759790420532227,-18.180625915527344,identifier,combinedFieldsFieldFirst
-45.40097427368164,-152.25022888183594,;,;
33.319175720214844,-181.22879028320312,},}
46.876434326171875,-158.6991424560547,},}
40.075748443603516,-29.461652755737305,identifier,systemJarInWebinf
-113.2127914428711,89.4002914428711,(,(
49.07347869873047,-83.69447326660156,identifier,String
-30.872230529785156,14.632795333862305,identifier,path
-153.235107421875,43.50812530517578,),)
149.08920288085938,-76.01529693603516,{,{
154.53355407714844,34.84356689453125,if,if
-74.14629364013672,99.88883209228516,(,(
-30.748329162597656,15.240706443786621,identifier,path
72.27826690673828,134.05899047851562,.,.
15.626945495605469,34.80916213989258,identifier,indexOf
-68.03316497802734,120.13704681396484,(,(
17.722368240356445,-14.002874374389648,"""","""/WEB-INF/"""
-174.91726684570312,-18.308813095092773,),)
73.0396728515625,32.37976837158203,<,<
-142.3782196044922,19.816162109375,),)
121.42828369140625,-79.08609771728516,{,{
220.66433715820312,0.3530678451061249,return,return
-67.20426940917969,-127.59900665283203,;,;
19.833024978637695,-157.99261474609375,},}
25.207284927368164,-26.190656661987305,identifier,Boolean
-10.420129776000977,-11.399065017700195,identifier,useMyFaces
140.82919311523438,84.31697845458984,=,=
-64.4801254272461,109.52054595947266,(,(
25.08426284790039,-26.183826446533203,identifier,Boolean
-173.3871307373047,-7.325265407562256,),)
14.094284057617188,-18.302350997924805,identifier,ctxt
63.41288757324219,132.94375610351562,.,.
20.867565155029297,-20.98472023010254,identifier,getServletContext
-100.0085220336914,158.952880859375,(,(
-192.39248657226562,-14.40868854522705,),)
63.7972412109375,146.22520446777344,.,.
34.72446823120117,11.084646224975586,identifier,getAttribute
-63.688865661621094,123.02058410644531,(,(
12.100898742675781,-10.918660163879395,"""","""com.sun.faces.useMyFaces"""
-163.62908935546875,-28.925220489501953,),)
-82.1342544555664,-135.74014282226562,;,;
152.66038513183594,23.408321380615234,if,if
-59.23234939575195,101.3217544555664,(,(
-10.352113723754883,-11.433547973632812,identifier,useMyFaces
76.11507415771484,52.83905029296875,==,==
-10.295430183410645,-11.433305740356445,identifier,useMyFaces
-133.17982482910156,13.704029083251953,),)
125.40711212158203,-89.18498229980469,{,{
133.06683349609375,16.475025177001953,for,for
-56.27861785888672,93.74283599853516,(,(
57.73286056518555,-84.60713958740234,identifier,String
-17.8895320892334,4.06501579284668,identifier,jar
0.93342125415802,-14.326425552368164,identifier,systemJsfJars
-125.86978912353516,15.291389465332031,),)
123.99093627929688,-92.19792938232422,{,{
154.3672637939453,17.52048683166504,if,if
-52.460575103759766,103.60113525390625,(,(
-30.650148391723633,15.598443031311035,identifier,path
49.283538818359375,137.955322265625,.,.
15.62732219696045,34.665855407714844,identifier,indexOf
-48.80101776123047,132.82135009765625,(,(
-18.394086837768555,3.9366161823272705,identifier,jar
-192.13082885742188,-35.16175842285156,),)
76.45015716552734,35.923980712890625,>,>
-127.89572143554688,11.733358383178711,),)
116.59101104736328,-93.99392700195312,{,{
222.55813598632812,3.835811138153076,return,return
-53.769161224365234,-142.87109375,;,;
26.036739349365234,-179.42919921875,},}
29.286340713500977,-175.25155639648438,},}
31.90941047668457,-171.0175323486328,},}
135.0004425048828,16.673248291015625,for,for
-54.14023971557617,94.15562438964844,(,(
57.95572280883789,-84.63803100585938,identifier,String
-17.888103485107422,4.059154033660889,identifier,jar
0.9566287398338318,-14.229776382446289,identifier,systemJars
-124.67189025878906,14.386303901672363,),)
122.606201171875,-91.53282165527344,{,{
154.59458923339844,16.330713272094727,if,if
-47.51815414428711,101.56158447265625,(,(
-30.645395278930664,15.669365882873535,identifier,path
48.99940490722656,138.2465057373047,.,.
15.57111930847168,34.81572723388672,identifier,indexOf
-48.90581130981445,133.051025390625,(,(
-18.46034049987793,3.9106781482696533,identifier,jar
-192.19488525390625,-35.21376037597656,),)
76.38561248779297,35.95948028564453,>,>
-126.56062316894531,9.304137229919434,),)
115.55638122558594,-92.97103881835938,{,{
222.98907470703125,4.169502258300781,return,return
-53.149269104003906,-146.2506103515625,;,;
27.7592830657959,-182.53736877441406,},}
29.66782569885254,-172.30029296875,},}
223.18206787109375,9.99685001373291,return,return
-48.381446838378906,-150.7014617919922,;,;
48.89274597167969,-150.45960998535156,},}
38.217716217041016,-30.21596908569336,identifier,desDecrypt
-111.70500946044922,85.42145538330078,(,(
-12.151994705200195,-37.40626907348633,identifier,rawKeyData
-4.470634460449219,236.08741760253906,",",","
-35.579959869384766,-27.39932632446289,identifier,encryptedData
-146.96426391601562,41.01123046875,),)
45.67793273925781,-12.159997940063477,identifier,IllegalBlockSizeException
-4.5268659591674805,229.5350799560547,",",","
45.23679733276367,-12.476384162902832,identifier,BadPaddingException
-4.6922807693481445,229.44436645507812,",",","
44.65814971923828,-13.170710563659668,identifier,InvalidKeyException
-4.860483646392822,229.2550048828125,",",","
44.758914947509766,-12.224968910217285,identifier,NoSuchAlgorithmException
-5.3376970291137695,229.25192260742188,",",","
45.033023834228516,-12.519968032836914,identifier,NoSuchPaddingException
-5.441683292388916,229.28346252441406,",",","
44.798851013183594,-13.111934661865234,identifier,InvalidKeySpecException
143.77911376953125,-83.09012603759766,{,{
13.459522247314453,-32.58538055419922,identifier,SecureRandom
-26.58938980102539,-8.772045135498047,identifier,sr
138.52169799804688,85.06819915771484,=,=
156.66390991210938,-24.29981803894043,new,new
13.447395324707031,-32.55461120605469,identifier,SecureRandom
-89.39978790283203,148.87490844726562,(,(
-170.0869903564453,-24.508285522460938,),)
-86.955322265625,-138.1253662109375,;,;
14.985377311706543,-34.08314514160156,identifier,DESKeySpec
-25.096689224243164,-9.030101776123047,identifier,dks
136.39871215820312,87.05917358398438,=,=
155.99847412109375,-24.08461570739746,new,new
14.976123809814453,-34.05290985107422,identifier,DESKeySpec
-58.73184585571289,136.15000915527344,(,(
-19.03417205810547,-31.867156982421875,identifier,rawKeyData
-162.8794403076172,-31.93954849243164,),)
-81.43341064453125,-139.55926513671875,;,;
13.983680725097656,-35.33708572387695,identifier,SecretKeyFactory
-26.24441146850586,-11.623123168945312,identifier,keyFactory
135.80075073242188,89.73291778564453,=,=
13.964542388916016,-35.28891372680664,identifier,SecretKeyFactory
45.13173294067383,121.15387725830078,.,.
34.41156005859375,4.294714450836182,identifier,getInstance
-49.59894943237305,121.38814544677734,(,(
14.534907341003418,-3.366105794906616,"""","""DES"""
-164.0813751220703,-37.39078140258789,),)
-78.79192352294922,-144.41908264160156,;,;
13.826493263244629,-35.444358825683594,identifier,SecretKey
-25.67310905456543,-11.510825157165527,identifier,key
134.38572692871094,93.5437240600586,=,=
-26.293718338012695,-11.296473503112793,identifier,keyFactory
48.54669952392578,134.46160888671875,.,.
22.986846923828125,-4.195422172546387,identifier,generateSecret
-50.40083694458008,130.35269165039062,(,(
-25.054304122924805,-9.044757843017578,identifier,dks
-164.99993896484375,-43.12059783935547,),)
-72.95903778076172,-150.40553283691406,;,;
11.469158172607422,-34.85300827026367,identifier,Cipher
-5.293849945068359,-14.3506441116333,identifier,cipher
132.7869110107422,94.37083435058594,=,=
11.4382905960083,-34.83162307739258,identifier,Cipher
44.9232177734375,121.60554504394531,.,.
34.40596008300781,4.291473865509033,identifier,getInstance
-49.44439697265625,121.31440734863281,(,(
14.557665824890137,-2.9218926429748535,"""","""DES"""
-166.9914093017578,-47.08876419067383,),)
-72.51631927490234,-154.06539916992188,;,;
-5.295772075653076,-14.37504768371582,identifier,cipher
43.822628021240234,132.9442901611328,.,.
20.329193115234375,3.573185443878174,identifier,init
-40.96492004394531,126.06558990478516,(,(
11.416401863098145,-34.81824493408203,identifier,Cipher
40.74320602416992,114.5544204711914,.,.
9.388182640075684,-0.33060726523399353,identifier,DECRYPT_MODE
-11.539082527160645,210.6696014404297,",",","
-25.365156173706055,-10.765364646911621,identifier,key
-12.236671447753906,212.34230041503906,",",","
-26.505502700805664,-8.710033416748047,identifier,sr
-163.0089874267578,-53.05748748779297,),)
-69.19261932373047,-156.45053100585938,;,;
-36.18772506713867,-26.615907669067383,identifier,decryptedData
130.02447509765625,96.47982788085938,=,=
-5.297713279724121,-14.375816345214844,identifier,cipher
42.58051681518555,134.2379608154297,.,.
19.900896072387695,2.957615613937378,identifier,doFinal
-38.74091720581055,135.27606201171875,(,(
-35.81441116333008,-27.250736236572266,identifier,encryptedData
-158.59051513671875,-55.64985275268555,),)
-64.45045471191406,-158.53799438476562,;,;
218.1787567138672,11.147876739501953,return,return
-36.737770080566406,-26.493070602416992,identifier,decryptedData
-45.9780158996582,-151.2306365966797,;,;
48.547725677490234,-152.3359375,},}
52.74934768676758,-88.01730346679688,identifier,String
41.3994140625,-25.209810256958008,identifier,split
-113.46156311035156,83.45942687988281,(,(
50.609535217285156,-82.7744369506836,identifier,String
-10.592638969421387,-30.079654693603516,identifier,toSplit
-6.653911590576172,238.3824005126953,",",","
50.72270202636719,-84.7752914428711,identifier,String
-32.04487228393555,-46.89933395385742,identifier,delimiter
-150.8690948486328,43.517784118652344,),)
147.57977294921875,-76.73146057128906,{,{
48.09425735473633,-2.998103618621826,identifier,Assert
59.7784538269043,120.60264587402344,.,.
15.484633445739746,24.181121826171875,identifier,hasLength
-69.0162124633789,132.58946228027344,(,(
-10.618807792663574,-29.687240600585938,identifier,toSplit
-4.464367389678955,223.0299835205078,",",","
17.130491256713867,-11.897194862365723,"""","""Cannot split a null or empty string"""
-156.6280517578125,-21.306922912597656,),)
-93.8098373413086,-133.30926513671875,;,;
48.12057876586914,-2.9941048622131348,identifier,Assert
59.452301025390625,121.22266387939453,.,.
15.482030868530273,24.180042266845703,identifier,hasLength
-67.92705535888672,133.30043029785156,(,(
-32.144287109375,-46.792152404785156,identifier,delimiter
-4.19480562210083,222.55490112304688,",",","
16.005840301513672,-11.91316032409668,"""","""Cannot use a null or empty delimiter to split a string"""
-155.5461883544922,-29.296939849853516,),)
-84.35462951660156,-135.85682678222656,;,;
153.54220581054688,25.032255172729492,if,if
-61.235660552978516,100.76737976074219,(,(
-32.174774169921875,-46.76261901855469,identifier,delimiter
67.19330596923828,140.85104370117188,.,.
9.024821281433105,41.41902160644531,identifier,length
-93.61064910888672,157.71456909179688,(,(
-189.0652618408203,-20.038984298706055,),)
83.86875915527344,39.73209762573242,!=,!=
-134.72625732421875,16.402021408081055,),)
122.6124496459961,-84.95335388183594,{,{
151.48602294921875,-23.05011558532715,new,new
45.409095764160156,-8.37507152557373,identifier,IllegalArgumentException
-56.822608947753906,121.5746841430664,(,(
17.383960723876953,-6.69339656829834,"""","""Delimiter can only be one character in length"""
-160.73780822753906,-37.66089630126953,),)
-63.35390090942383,-138.36692810058594,;,;
23.74138832092285,-162.5252227783203,},}
-37.98633575439453,20.099773406982422,identifier,offset
135.39404296875,94.08091735839844,=,=
-10.680246353149414,-28.672927856445312,identifier,toSplit
49.974998474121094,137.0909423828125,.,.
15.89686393737793,34.051090240478516,identifier,indexOf
-48.58488464355469,130.90599060058594,(,(
-32.1280632019043,-46.82477569580078,identifier,delimiter
-165.80010986328125,-42.72184371948242,),)
-72.20497131347656,-148.1862335205078,;,;
156.90074157714844,18.098421096801758,if,if
-50.91725158691406,101.19142150878906,(,(
-38.10508346557617,20.20693016052246,identifier,offset
73.15145874023438,31.469175338745117,<,<
-127.14044952392578,11.812126159667969,),)
117.02040100097656,-93.61549377441406,{,{
222.564208984375,2.6027398109436035,return,return
-52.777427673339844,-143.54367065429688,;,;
27.62796401977539,-164.47512817382812,},}
56.579742431640625,-87.57411193847656,identifier,String
-13.832402229309082,-3.9674665927886963,identifier,beforeDelimiter
131.55230712890625,96.65055084228516,=,=
-10.646465301513672,-28.642581939697266,identifier,toSplit
45.53572463989258,138.36817932128906,.,.
20.98124885559082,30.310884475708008,identifier,substring
-47.477535247802734,126.29070281982422,(,(
-2.0692059993743896,207.1754608154297,",",","
-38.276885986328125,20.372188568115234,identifier,offset
-166.08291625976562,-53.35546112060547,),)
-69.87093353271484,-156.94398498535156,;,;
56.57380676269531,-87.57406616210938,identifier,String
-13.864970207214355,-3.89157772064209,identifier,afterDelimiter
131.1374969482422,97.36112976074219,=,=
-10.622763633728027,-28.624500274658203,identifier,toSplit
45.43279266357422,138.32347106933594,.,.
21.05136489868164,30.223941802978516,identifier,substring
-46.84117126464844,128.734130859375,(,(
-38.32895278930664,20.428117752075195,identifier,offset
-14.246508598327637,48.65604782104492,+,+
-157.12957763671875,-53.86679458618164,),)
-66.19049072265625,-158.61599731445312,;,;
216.90908813476562,9.334455490112305,return,return
152.3677978515625,-29.212566375732422,new,new
55.2636604309082,-89.21829986572266,identifier,String
128.4724884033203,-101.10008239746094,{,{
-14.9876708984375,-3.623246669769287,identifier,beforeDelimiter
-13.933867454528809,210.03712463378906,",",","
-14.963972091674805,-3.6235811710357666,identifier,afterDelimiter
18.18687629699707,-174.41281127929688,},}
-48.32468032836914,-153.0845489501953,;,;
49.09747314453125,-153.07872009277344,},}
41.65536880493164,-30.264135360717773,identifier,annotationEquals
-113.40128326416016,85.79361724853516,(,(
30.420927047729492,-56.127662658691406,identifier,Class
100.05807495117188,5.020083904266357,<,<
33.40830993652344,-51.4058723449707,identifier,Annotation
106.36824798583984,-22.863189697265625,>,>
-7.875175952911377,-56.49880599975586,identifier,type
-5.984063625335693,236.14199829101562,",",","
54.760711669921875,-54.81269073486328,identifier,Map
98.22572326660156,5.571631908416748,<,<
49.642066955566406,-91.13831329345703,identifier,String
4.517492294311523,232.6728515625,",",","
42.85061264038086,-63.50490951538086,identifier,Object
104.41692352294922,-22.80956268310547,>,>
-14.675518035888672,-42.29933166503906,identifier,members
-3.896975040435791,233.62660217285156,",",","
42.641319274902344,-62.865570068359375,identifier,Object
0.46163684129714966,-39.90375900268555,identifier,other
-145.51589965820312,39.77116012573242,),)
53.13671112060547,-12.017729759216309,identifier,Exception
146.78392028808594,-82.68660736083984,{,{
154.43502807617188,31.06949234008789,if,if
-69.64070892333984,100.89501190185547,(,(
-7.6595635414123535,-57.80687713623047,identifier,type
70.06169891357422,134.12875366210938,.,.
20.31478500366211,-12.17318344116211,identifier,isInstance
-63.39723205566406,137.7189483642578,(,(
0.4789522886276245,-39.90286636352539,identifier,other
-177.7565460205078,-22.59900665283203,),)
-141.15386962890625,17.634782791137695,),)
121.36165618896484,-80.07596588134766,{,{
220.92811584472656,0.8083874583244324,return,return
-66.15788269042969,-128.67864990234375,;,;
21.045082092285156,-158.24029541015625,},}
134.0530242919922,18.918798446655273,for,for
-60.04438781738281,92.35768127441406,(,(
26.09819793701172,-48.80481719970703,identifier,Method
-30.594453811645508,-17.684419631958008,identifier,method
-7.704000473022461,-57.88121795654297,identifier,type
64.86573028564453,137.51622009277344,.,.
25.218780517578125,-19.943374633789062,identifier,getDeclaredMethods
-95.62914276123047,156.27757263183594,(,(
-182.10447692871094,-24.088655471801758,),)
-134.67018127441406,21.143312454223633,),)
129.58692932128906,-87.78733825683594,{,{
55.722164154052734,-83.59512329101562,identifier,String
-30.726404190063477,7.195052146911621,identifier,name
139.42007446289062,90.1219482421875,=,=
-30.664661407470703,-17.89056968688965,identifier,method
61.15446472167969,140.44444274902344,.,.
6.793739318847656,15.816427230834961,identifier,getName
-90.86466979980469,156.76988220214844,(,(
-170.6240692138672,-28.81067657470703,),)
-79.69406127929688,-135.51840209960938,;,;
151.90597534179688,21.500518798828125,if,if
-57.51580047607422,100.37418365478516,(,(
27.84941864013672,-9.01432991027832,identifier,Arrays
53.45254898071289,115.4563217163086,.,.
24.189428329467773,-7.873610973358154,identifier,deepEquals
-55.241729736328125,127.62683868408203,(,(
156.3140106201172,-29.877206802368164,new,new
43.88666534423828,-62.56871032714844,identifier,Object
128.38502502441406,-100.68839263916016,{,{
-30.673439025878906,-17.922447204589844,identifier,method
53.60901641845703,137.4515838623047,.,.
34.79709243774414,0.8223053216934204,identifier,invoke
-50.38494873046875,133.88882446289062,(,(
0.4923465847969055,-39.90361785888672,identifier,other
-185.9268798828125,-31.834482192993164,),)
18.94200325012207,-174.2646484375,},}
-6.6547746658325195,208.52882385253906,",",","
155.87905883789062,-29.753665924072266,new,new
43.78527069091797,-62.627742767333984,identifier,Object
128.38197326660156,-100.7254638671875,{,{
-14.835744857788086,-42.398345947265625,identifier,members
51.07243347167969,134.55039978027344,.,.
43.804176330566406,23.276264190673828,identifier,get
-47.519168853759766,131.44818115234375,(,(
-27.923858642578125,6.1243157386779785,identifier,name
-187.8206329345703,-33.49988555908203,),)
18.843765258789062,-174.3199920654297,},}
-183.41368103027344,-37.526676177978516,),)
-130.8866729736328,9.19922924041748,),)
116.45802307128906,-94.43159484863281,{,{
222.66494750976562,3.6526074409484863,return,return
-53.52199172973633,-143.1130828857422,;,;
26.805696487426758,-179.29470825195312,},}
30.612438201904297,-171.76658630371094,},}
222.35845947265625,9.142952919006348,return,return
-48.4733772277832,-148.37924194335938,;,;
43.77801513671875,-151.0926513671875,},}
40.892520904541016,-31.72115707397461,identifier,continueTx
-115.07845306396484,85.64746856689453,(,(
24.20871925354004,-39.23918151855469,identifier,JtxTransaction
-13.33739185333252,-37.788604736328125,identifier,sourceTx
-6.286477088928223,236.82859802246094,",",","
24.128278732299805,-39.1688117980957,identifier,JtxTransactionMode
-13.338943481445312,-34.43947219848633,identifier,destMode
-148.0938262939453,41.369415283203125,),)
147.4739532470703,-80.29888153076172,{,{
154.47991943359375,32.14741897583008,if,if
-72.02326202392578,100.76702880859375,(,(
19.698375701904297,-14.669776916503906,identifier,validateExistingTransaction
-144.9602813720703,21.288976669311523,),)
121.14631652832031,-78.38835906982422,{,{
222.2244415283203,-0.8691615462303162,return,return
-67.2416000366211,-126.95075225830078,;,;
19.3424072265625,-157.7957000732422,},}
23.845605850219727,-38.942935943603516,identifier,JtxTransactionMode
-13.09881591796875,-33.6203727722168,identifier,sourceMode
142.26319885253906,85.93526458740234,=,=
-16.42198944091797,-33.588661193847656,identifier,sourceTx
63.45745086669922,135.7369384765625,.,.
18.86124610900879,-20.686662673950195,identifier,getTransactionMode
-92.73661804199219,152.0509490966797,(,(
-168.20008850097656,-24.30638885498047,),)
-88.01795959472656,-136.5378875732422,;,;
21.292526245117188,-35.97220993041992,identifier,JtxIsolationLevel
-17.596878051757812,-9.921182632446289,identifier,destIsolationLevel
138.7956085205078,88.70125579833984,=,=
-14.447300910949707,-33.540130615234375,identifier,destMode
60.969661712646484,137.9253387451172,.,.
7.453934669494629,-10.75130558013916,identifier,getIsolationLevel
-90.9058609008789,155.86412048339844,(,(
-169.91464233398438,-28.880809783935547,),)
-80.51116180419922,-135.72210693359375,;,;
152.88201904296875,23.144861221313477,if,if
-58.756900787353516,101.39884185791016,(,(
-16.895191192626953,-10.111912727355957,identifier,destIsolationLevel
84.1248550415039,39.33866500854492,!=,!=
9.107495307922363,-4.521306991577148,identifier,ISOLATION_DEFAULT
-132.5225067138672,14.401199340820312,),)
125.67208099365234,-89.50370025634766,{,{
21.271377563476562,-35.915096282958984,identifier,JtxIsolationLevel
-17.34832000732422,-9.842812538146973,identifier,currentIsolationLevel
135.6935272216797,93.67176818847656,=,=
-14.428109169006348,-32.51570510864258,identifier,sourceMode
52.11831283569336,142.57568359375,.,.
7.417848110198975,-10.732248306274414,identifier,getIsolationLevel
-92.18748474121094,164.25697326660156,(,(
-170.5301055908203,-40.52444839477539,),)
-72.36581420898438,-147.8302459716797,;,;
156.645263671875,17.554044723510742,if,if
-50.64903259277344,101.70741271972656,(,(
-16.51388168334961,-10.111784934997559,identifier,currentIsolationLevel
84.34170532226562,38.06134033203125,!=,!=
-16.15936279296875,-10.353955268859863,identifier,destIsolationLevel
-125.78080749511719,12.619904518127441,),)
117.3441390991211,-92.3093490600586,{,{
150.87844848632812,-24.70461654663086,new,new
42.061492919921875,-7.303712368011475,identifier,JtxException
-54.66727828979492,119.32891082763672,(,(
18.78756332397461,0.04282379895448685,"""","""Participating TX specifies isolation level: """
-13.018362045288086,56.985721588134766,+,+
-15.702768325805664,-10.405606269836426,identifier,destIsolationLevel
-9.89869499206543,51.02132034301758,+,+
17.94525718688965,1.0127253532409668,"""",""" which is incompatible with existing TX: """
-12.732050895690918,56.28497314453125,+,+
-15.549339294433594,-10.301443099975586,identifier,currentIsolationLevel
-156.91204833984375,-51.985595703125,),)
-55.338558197021484,-154.75823974609375,;,;
29.02105140686035,-182.98568725585938,},}
32.92924880981445,-171.02789306640625,},}
160.2548370361328,18.015304565429688,if,if
-69.45956420898438,104.11717224121094,(,(
-69.0682601928711,104.4107666015625,(,(
-14.38722038269043,-33.196144104003906,identifier,destMode
67.15083312988281,146.1028594970703,.,.
37.06678771972656,3.2332518100738525,identifier,isReadOnly
-97.71691131591797,156.24412536621094,(,(
-183.7113494873047,-19.58910369873047,),)
-178.08050537109375,-27.48992347717285,),)
-65.72409057617188,104.46031188964844,(,(
-14.419753074645996,-32.76504135131836,identifier,sourceMode
67.14875030517578,146.10702514648438,.,.
37.069190979003906,3.2325284481048584,identifier,isReadOnly
-97.54019927978516,156.2046356201172,(,(
-183.6815643310547,-19.712234497070312,),)
-178.5041046142578,-26.919509887695312,),)
-140.00852966308594,15.306928634643555,),)
117.01036834716797,-86.99893951416016,{,{
150.00271606445312,-24.32697868347168,new,new
42.16245651245117,-7.276817321777344,identifier,JtxException
-56.404476165771484,119.23629760742188,(,(
17.681901931762695,-9.499879837036133,"""","""Participating TX is not marked as read-only, but existing TX is"""
-155.03033447265625,-31.702436447143555,),)
-51.860469818115234,-158.42152404785156,;,;
32.499916076660156,-183.35202026367188,},}
48.252017974853516,-159.46719360351562,},}
27.519073486328125,-38.295188903808594,identifier,OServerUserConfiguration
37.815155029296875,-25.979421615600586,identifier,getUser
-114.80398559570312,89.7138442993164,(,(
48.6512451171875,-84.5131607055664,identifier,String
-16.717151641845703,-53.75771713256836,identifier,username
-152.3463134765625,44.54414749145508,),)
146.5481719970703,-74.84693145751953,{,{
25.990219116210938,-38.67026901245117,identifier,OServerUserConfiguration
-33.49974060058594,-21.84348487854004,identifier,userCfg
140.364013671875,79.50838470458984,=,=
-89.00337219238281,-125.45824432373047,;,;
134.59474182128906,-84.14656829833984,{,{
152.44927978515625,31.57209587097168,if,if
-70.43476867675781,100.09072875976562,(,(
2.6712300777435303,-46.66923522949219,identifier,getServer
-99.64537811279297,156.70904541015625,(,(
-188.2444305419922,-16.069061279296875,),)
85.09087371826172,42.251953125,!=,!=
-140.9539337158203,20.739459991455078,),)
130.7931671142578,-84.17195892333984,{,{
25.2285099029541,-38.27524948120117,identifier,OUser
-32.004337310791016,-21.532743453979492,identifier,user
142.3895721435547,85.2635498046875,=,=
2.672462224960327,-46.6720085144043,identifier,getServer
-99.70306396484375,157.5832977294922,(,(
-191.80960083007812,-14.763108253479004,),)
63.01630783081055,144.43724060058594,.,.
17.853654861450195,-20.428409576416016,identifier,getSecurity
-100.36205291748047,158.47979736328125,(,(
-192.41934204101562,-13.754241943359375,),)
63.190120697021484,145.82278442382812,.,.
18.154647827148438,-20.013835906982422,identifier,getSystemUser
-61.70248794555664,134.92872619628906,(,(
-17.33374786376953,-54.47639083862305,identifier,username
-4.147862434387207,218.8755340576172,",",","
-160.23471069335938,-27.215572357177734,),)
-85.10430908203125,-133.84388732910156,;,;
152.3153839111328,24.65951919555664,if,if
-62.34260177612305,100.91661834716797,(,(
-30.99854850769043,-21.452468872070312,identifier,user
87.08080291748047,41.5009880065918,!=,!=
-30.85735511779785,-21.422914505004883,identifier,user
59.99139404296875,138.3436737060547,.,.
20.040481567382812,-10.31886100769043,identifier,getAccountStatus
-93.77369689941406,158.8162078857422,(,(
-189.0545196533203,-19.82069206237793,),)
72.32002258300781,50.16664123535156,==,==
13.447280883789062,-26.137954711914062,identifier,OSecurityUser
40.3145637512207,110.8517837524414,.,.
9.663192749023438,-4.687068462371826,identifier,STATUSES
40.62996292114258,110.96200561523438,.,.
10.531574249267578,-5.267742156982422,identifier,ACTIVE
-133.87069702148438,14.203282356262207,),)
124.3211898803711,-88.49101257324219,{,{
-33.69548416137695,-21.883258819580078,identifier,userCfg
137.7300262451172,96.47142028808594,=,=
154.68966674804688,-26.681903839111328,new,new
19.427101135253906,-31.517105102539062,identifier,OServerUserConfiguration
-53.02794647216797,127.3646240234375,(,(
-30.794519424438477,-21.369308471679688,identifier,user
51.325408935546875,144.55154418945312,.,.
7.709775447845459,15.328392028808594,identifier,getName
-90.54327392578125,163.6343231201172,(,(
-190.40724182128906,-24.983312606811523,),)
-4.956262111663818,209.5160675048828,",",","
15.008611679077148,6.379910469055176,"""",""""""
-4.6094160079956055,209.46620178222656,",",","
15.031637191772461,6.381214618682861,"""",""""""
-152.10873413085938,-37.68087387084961,),)
-59.13124084472656,-142.1558837890625,;,;
27.09362030029297,-180.7384490966797,},}
30.51154136657715,-174.79368591308594,},}
38.57341384887695,-159.46295166015625,},}
-49.36379623413086,94.43706512451172,(,(
54.069393157958984,-9.847114562988281,identifier,Exception
43.323570251464844,44.03852462768555,identifier,ex
-125.13719940185547,18.780214309692383,),)
119.524658203125,-96.3092041015625,{,{
31.94175910949707,-9.618202209472656,identifier,OLogManager
49.55774688720703,119.28675079345703,.,.
36.92152404785156,-2.145590305328369,identifier,instance
-97.14077758789062,165.46737670898438,(,(
-195.5255126953125,-15.114222526550293,),)
50.82585144042969,121.70222473144531,.,.
49.91987609863281,5.7565107345581055,identifier,error
-52.83417892456055,122.9449462890625,(,(
3.0956411361694336,210.58676147460938,",",","
17.687484741210938,-1.5386852025985718,"""","""getUser()"""
-11.351346015930176,204.5889434814453,",",","
41.538002014160156,43.845733642578125,identifier,ex
-159.8231658935547,-51.033294677734375,),)
-56.98467254638672,-151.74978637695312,;,;
26.33650016784668,-169.95440673828125,},}
220.11599731445312,10.78546142578125,return,return
-37.20869445800781,-19.055063247680664,identifier,userCfg
-45.04603958129883,-149.72779846191406,;,;
47.12742233276367,-150.37628173828125,},}
42.40007781982422,-31.158157348632812,identifier,appendAttribute
-113.78315734863281,84.04192352294922,(,(
47.82160568237305,-83.75711822509766,identifier,String
-9.955941200256348,-39.839786529541016,identifier,clearname
-9.732213973999023,237.26614379882812,",",","
-7.710782051086426,-56.40303039550781,identifier,type
-9.118021965026855,235.49220275878906,",",","
49.70621871948242,-86.42033386230469,identifier,String
-22.706823348999023,16.631921768188477,identifier,value
-7.4276323318481445,233.9248046875,",",","
-4.999495029449463,16.089153289794922,identifier,check
-147.15451049804688,43.16878890991211,),)
47.182456970214844,-13.880955696105957,identifier,DASException
143.25479125976562,-79.74006652832031,{,{
37.35308074951172,-47.493804931640625,identifier,Attribute
-50.303192138671875,-13.032099723815918,identifier,a
143.9308319091797,83.14324951171875,=,=
-64.98680877685547,109.877197265625,(,(
37.38186264038086,-47.48296356201172,identifier,Attribute
-173.260498046875,-6.9389495849609375,),)
-4.071444988250732,-20.28851318359375,identifier,_attr
67.57476806640625,129.29539489746094,.,.
44.06008529663086,21.896503448486328,identifier,get
-65.40525817871094,134.13223266601562,(,(
-24.56330680847168,5.504676342010498,identifier,clearname
-162.76153564453125,-23.129575729370117,),)
-87.55241394042969,-131.4757080078125,;,;
151.79486083984375,27.521678924560547,if,if
-65.35504150390625,99.37618255615234,(,(
-50.17503356933594,-11.619491577148438,identifier,a
86.79562377929688,42.127479553222656,!=,!=
-65.52816009521484,104.24421691894531,(,(
-7.470879077911377,-57.62602615356445,identifier,type
83.32962036132812,37.977622985839844,!=,!=
-50.39377212524414,-11.323280334472656,identifier,a
62.59352111816406,138.37722778320312,.,.
9.437407493591309,-13.880025863647461,identifier,getType
-94.36502838134766,155.02667236328125,(,(
-183.25064086914062,-23.114765167236328,),)
-178.80755615234375,-26.005979537963867,),)
-138.75726318359375,15.65772533416748,),)
122.79769897460938,-83.43526458740234,{,{
151.998046875,-23.307523727416992,new,new
43.32275390625,-9.884810447692871,identifier,AttributeExistsException
-57.07274627685547,120.5464859008789,(,(
16.379899978637695,-9.074281692504883,"""","""The Attribute `"""
-15.117995262145996,57.23992919921875,+,+
-24.5910701751709,5.68479585647583,identifier,clearname
-11.15290641784668,52.37520980834961,+,+
17.911436080932617,-6.954952239990234,"""","""' was previously defined with a different type."""
-152.16929626464844,-36.55818176269531,),)
-61.77361297607422,-137.746826171875,;,;
29.222925186157227,-157.79698181152344,},}
12.870957374572754,-103.78453063964844,else,else
159.49957275390625,22.446277618408203,if,if
-52.97587966918945,101.7817611694336,(,(
-49.16788864135742,-11.268113136291504,identifier,a
86.57402801513672,39.702537536621094,!=,!=
-128.86935424804688,14.217072486877441,),)
122.25273895263672,-93.86087799072266,{,{
-49.04978561401367,-11.028607368469238,identifier,a
46.17512893676758,133.80825805664062,.,.
25.38355255126953,2.571207046508789,identifier,appendValue
-45.013126373291016,133.79763793945312,(,(
-21.302356719970703,15.518447875976562,identifier,value
-9.380517959594727,214.23110961914062,",",","
-4.9634108543396,16.086442947387695,identifier,check
-162.9390869140625,-45.480648040771484,),)
-60.85154342651367,-145.28738403320312,;,;
31.122522354125977,-157.78952026367188,},}
14.163675308227539,-104.6995849609375,else,else
124.22010040283203,-96.1212158203125,{,{
-48.6041259765625,-11.095746994018555,identifier,a
136.60531616210938,97.23970794677734,=,=
154.0748748779297,-27.38858413696289,new,new
37.410335540771484,-47.42906951904297,identifier,Attribute
-44.272403717041016,139.6600799560547,(,(
-7.436404228210449,-56.386051177978516,identifier,type
-12.442522048950195,214.7469024658203,",",","
-24.494905471801758,4.652132987976074,identifier,clearname
-12.238297462463379,214.09286499023438,",",","
-21.38837432861328,15.718339920043945,identifier,value
-10.981598854064941,214.25750732421875,",",","
-4.966198444366455,16.08890724182129,identifier,check
-163.35311889648438,-51.84563064575195,),)
-71.67231750488281,-156.4962158203125,;,;
-4.007370471954346,-20.280780792236328,identifier,_attr
47.035606384277344,128.81838989257812,.,.
36.32681655883789,21.54854393005371,identifier,put
-42.27874755859375,132.95899963378906,(,(
-24.534879684448242,4.6259236335754395,identifier,clearname
-12.42519760131836,208.37777709960938,",",","
-47.99946212768555,-12.02230453491211,identifier,a
-160.536865234375,-54.914676666259766,),)
-55.50478744506836,-152.70587158203125,;,;
30.744754791259766,-181.29794311523438,},}
44.862937927246094,-159.26112365722656,},}
34.842281341552734,-38.16510772705078,identifier,MetricTimeSeries
38.9269905090332,-30.844039916992188,identifier,getMetricTimeSeries
-114.42115020751953,88.97798156738281,(,(
49.22968292236328,-83.54778289794922,identifier,String
-12.197425842285156,-37.886024475097656,identifier,actualMetricPath
-152.34613037109375,42.941436767578125,),)
146.89813232421875,-75.472900390625,{,{
54.43025207519531,-54.011756896972656,identifier,Map
97.6978530883789,5.025442123413086,<,<
50.545780181884766,-91.4288330078125,identifier,String
4.5623860359191895,231.99632263183594,",",","
51.97835922241211,-89.92095947265625,identifier,String
104.06338500976562,-23.731914520263672,>,>
-19.461597442626953,-19.195354461669922,identifier,actualDimensions
142.87875366210938,80.68502807617188,=,=
159.39425659179688,-26.10650634765625,new,new
54.08998107910156,-46.00928497314453,identifier,HashMap
90.95675659179688,2.318721294403076,<,<>
-91.06539154052734,146.10693359375,(,(
-168.48692321777344,-18.337072372436523,),)
-94.45867156982422,-129.65354919433594,;,;
-19.408042907714844,-19.263391494750977,identifier,actualDimensions
65.77306365966797,129.03359985351562,.,.
36.45902633666992,24.231718063354492,identifier,putAll
-66.2744369506836,131.84178161621094,(,(
-19.626890182495117,-20.117389678955078,identifier,dimensions
-160.1560516357422,-22.40195655822754,),)
-91.8935775756836,-133.58291625976562,;,;
54.73906707763672,-86.67613983154297,identifier,String
-30.97568702697754,14.135458946228027,identifier,path
141.6455841064453,87.49726867675781,=,=
-17.358070373535156,-32.274620056152344,identifier,actualMetricPath
65.6419677734375,138.40975952148438,.,.
16.00275230407715,29.07792091369629,identifier,split
-65.54674530029297,119.91407775878906,(,(
14.45078182220459,-10.138164520263672,"""","""\\|"""
-156.47946166992188,-29.460458755493164,),)
-83.39120483398438,-134.83973693847656,;,;
132.32762145996094,18.627788543701172,for,for
-59.49515151977539,93.8721923828125,(,(
-54.55312728881836,31.655717849731445,identifier,i
134.52938842773438,79.8094253540039,=,=
-80.1748275756836,-120.56890106201172,;,;
-55.50852584838867,30.547588348388672,identifier,i
71.91409301757812,27.441003799438477,<,<
-19.670928955078125,-21.362688064575195,identifier,dimensionsPath
69.92705535888672,141.2799835205078,.,.
7.779172897338867,43.96412658691406,identifier,length
-79.2472152709961,-122.99605560302734,;,;
-55.876007080078125,29.85733985900879,identifier,i
-132.29864501953125,20.08379364013672,),)
129.4288330078125,-89.44127655029297,{,{
151.81692504882812,19.937070846557617,if,if
-56.24669647216797,102.76705169677734,(,(
14.171846389770508,4.329357147216797,"""","""-"""
76.52647399902344,140.78453063964844,.,.
25.731220245361328,39.11770248413086,identifier,equals
-47.58568572998047,113.78749084472656,(,(
-19.691282272338867,-21.532764434814453,identifier,dimensionsPath
-53.81560134887695,25.558591842651367,identifier,i
-183.4801788330078,-35.04383087158203,),)
-131.738037109375,9.999004364013672,),)
116.8651351928711,-94.72808837890625,{,{
-59.91984176635742,-139.71189880371094,;,;
24.794448852539062,-163.6693572998047,},}
-19.383838653564453,-18.969566345214844,identifier,actualDimensions
50.632572174072266,132.11106872558594,.,.
36.091915130615234,22.556909561157227,identifier,put
-45.518585205078125,130.7871856689453,(,(
-19.6944580078125,-21.539813995361328,identifier,dimensionsPath
-53.40755081176758,25.97211456298828,identifier,i
-9.878524780273438,208.31744384765625,",",","
-30.52289390563965,16.793264389038086,identifier,path
-53.33075714111328,25.416275024414062,identifier,i
-159.47821044921875,-46.068973541259766,),)
-59.12051010131836,-145.56263732910156,;,;
27.1697998046875,-168.3192901611328,},}
218.2750701904297,8.119497299194336,return,return
152.9987030029297,-27.767457962036133,new,new
35.06462860107422,-37.9357795715332,identifier,MetricTimeSeries
-43.590492248535156,139.6065673828125,(,(
-30.52378273010254,16.80277442932129,identifier,path
-30.530677795410156,16.75798797607422,identifier,path
72.33306884765625,143.29165649414062,.,.
6.19835090637207,42.84001541137695,identifier,length
-12.102108001708984,211.1683807373047,",",","
-19.755950927734375,-18.329730987548828,identifier,actualDimensions
-161.7191925048828,-54.25874328613281,),)
-51.819183349609375,-151.6195831298828,;,;
46.422306060791016,-152.80255126953125,},}
32.06311798095703,-41.07846450805664,identifier,Connection
41.159759521484375,-29.902170181274414,identifier,randomGet
-114.5589370727539,86.96124267578125,(,(
59.629703521728516,-52.42567443847656,identifier,List
99.26256561279297,3.614715099334717,<,<
32.034149169921875,-41.101226806640625,identifier,Connection
105.83173370361328,-23.784454345703125,>,>
-15.447580337524414,-38.53907775878906,identifier,conns
-152.80227661132812,42.5278434753418,),)
148.97964477539062,-76.55764770507812,{,{
154.33509826660156,34.307899475097656,if,if
-72.91023254394531,98.16912841796875,(,(
76.91090393066406,47.919456481933594,==,==
-16.096031188964844,-38.37646484375,identifier,conns
-16.302616119384766,-38.29974365234375,identifier,conns
71.09236145019531,135.3655242919922,.,.
18.565372467041016,22.18364715576172,identifier,isEmpty
-98.16930389404297,150.7860870361328,(,(
-180.0189666748047,-20.47611427307129,),)
-142.6601104736328,19.059764862060547,),)
121.6008529663086,-78.78558349609375,{,{
220.5449676513672,-0.18955190479755402,return,return
-67.08382415771484,-127.55745697021484,;,;
19.516643524169922,-157.7095489501953,},}
3.133547306060791,34.727020263671875,identifier,size
145.0344696044922,86.74116516113281,=,=
-16.483749389648438,-38.22105026245117,identifier,conns
69.3670425415039,137.1372833251953,.,.
5.118139266967773,36.40269088745117,identifier,size
-94.58294677734375,151.89256286621094,(,(
-166.62623596191406,-23.126737594604492,),)
-89.03643798828125,-133.60340881347656,;,;
-15.537751197814941,29.934932708740234,identifier,tries
136.92681884765625,79.94019317626953,=,=
-83.92119598388672,-130.2111358642578,;,;
32.04523849487305,-41.14769744873047,identifier,Connection
-57.32728958129883,-21.2000732421875,identifier,result
137.8612060546875,81.20597076416016,=,=
-82.57130432128906,-129.80780029296875,;,;
127.80823516845703,20.59650230407715,while,while
-61.62725067138672,97.6060791015625,(,(
-61.0909423828125,105.252685546875,(,(
-57.21912384033203,-23.591041564941406,identifier,result
76.63389587402344,52.182247161865234,==,==
-57.1738166809082,-23.950414657592773,identifier,result
59.25973129272461,138.59765625,.,.
15.776360511779785,11.382044792175293,identifier,isFine
-92.44039154052734,157.92420959472656,(,(
-184.52560424804688,-25.278411865234375,),)
-179.99098205566406,-36.6208381652832,),)
-15.547700881958008,29.988887786865234,identifier,tries
71.79492950439453,29.61039924621582,<,<
8.73567008972168,-4.611324310302734,identifier,MAX_TIMES
-132.8212432861328,13.918195724487305,),)
124.29263305664062,-89.57000732421875,{,{
-54.952598571777344,-22.99187660217285,identifier,result
138.10389709472656,95.97312927246094,=,=
-16.985149383544922,-38.13359451293945,identifier,conns
51.971336364746094,135.53167724609375,.,.
44.76725769042969,23.443618774414062,identifier,get
-49.221656799316406,128.05006408691406,(,(
53.845359802246094,155.94847106933594,.,.
22.02913475036621,-3.7800004482269287,identifier,random
49.5775146484375,135.1812286376953,.,.
21.9813289642334,-3.7728002071380615,identifier,nextInt
-49.14013671875,130.6255645751953,(,(
3.0290775299072266,34.81110382080078,identifier,size
-186.86727905273438,-33.14839553833008,),)
-157.62640380859375,-42.61300277709961,),)
-60.9926643371582,-142.88357543945312,;,;
26.092445373535156,-164.6458282470703,},}
158.10757446289062,18.668212890625,if,if
-50.32656478881836,101.55097198486328,(,(
-54.233726501464844,-23.299455642700195,identifier,result
86.62397766113281,38.95905685424805,!=,!=
-53.85990524291992,-23.855817794799805,identifier,result
46.97402572631836,139.50259399414062,.,.
15.77938175201416,11.378181457519531,identifier,isFine
-87.46409606933594,165.1676483154297,(,(
-190.1337127685547,-31.153213500976562,),)
-128.0082550048828,10.260106086730957,),)
118.01179504394531,-93.12955474853516,{,{
-54.2988166809082,-23.190170288085938,identifier,result
136.31910705566406,100.5126953125,=,=
-52.89951705932617,-144.60838317871094,;,;
26.369213104248047,-169.36390686035156,},}
220.2949676513672,9.881134033203125,return,return
-52.23400115966797,-22.055164337158203,identifier,result
-46.798095703125,-148.65232849121094,;,;
45.920433044433594,-150.7555389404297,},}
59.57724380493164,-50.9743766784668,identifier,List
97.97920227050781,2.7042901515960693,<,<
31.941360473632812,-43.96249008178711,identifier,EnvVar
105.3656997680664,-25.84035301208496,>,>
38.2448844909668,-28.950891494750977,identifier,convertToEnvVarList
-110.55873107910156,87.23844909667969,(,(
53.79896545410156,-54.7929801940918,identifier,Map
98.7292709350586,5.0502142906188965,<,<
50.43958282470703,-91.9345703125,identifier,String
4.06358003616333,232.00596618652344,",",","
52.12086868286133,-90.2455062866211,identifier,String
104.86279296875,-23.34799575805664,>,>
-14.577286720275879,-35.525550842285156,identifier,envVars
-148.77789306640625,40.648658752441406,),)
145.58338928222656,-79.0438003540039,{,{
58.780216217041016,-51.7890739440918,identifier,List
96.29804992675781,5.43306827545166,<,<
31.869108200073242,-43.98004150390625,identifier,EnvVar
102.77241516113281,-23.610675811767578,>,>
-33.74027633666992,-20.253154754638672,identifier,envList
142.17051696777344,80.84274291992188,=,=
159.40042114257812,-25.58643913269043,new,new
58.010013580322266,-45.82802200317383,identifier,LinkedList
91.03568267822266,2.374232053756714,<,<>
-90.783447265625,146.41812133789062,(,(
-166.4790802001953,-20.885723114013672,),)
-88.50536346435547,-129.52114868164062,;,;
133.1273651123047,19.261234283447266,for,for
-60.82752990722656,92.80023193359375,(,(
53.06847381591797,-54.03560256958008,identifier,Map
57.11906433105469,114.9329605102539,.,.
29.142915725708008,-24.973674774169922,identifier,Entry
97.1108169555664,6.97849702835083,<,<
52.426658630371094,-92.19219207763672,identifier,String
5.490333080291748,231.11550903320312,",",","
53.22421646118164,-91.16903686523438,identifier,String
102.97073364257812,-22.354097366333008,>,>
-27.72954750061035,-34.68619918823242,identifier,entry
-14.795368194580078,-35.3855094909668,identifier,envVars
68.28138732910156,138.96156311035156,.,.
29.137161254882812,-24.926925659179688,identifier,entrySet
-95.62381744384766,156.09677124023438,(,(
-181.99917602539062,-23.9586124420166,),)
-134.718505859375,21.088760375976562,),)
129.63197326660156,-87.77735137939453,{,{
55.97389602661133,-83.7432861328125,identifier,String
-30.786706924438477,7.252429962158203,identifier,name
139.50376892089844,90.1969223022461,=,=
-27.69087028503418,-34.67088317871094,identifier,entry
61.060516357421875,141.31964111328125,.,.
3.0179734230041504,18.12225341796875,identifier,getKey
-90.78492736816406,156.9241180419922,(,(
-171.10731506347656,-28.632991790771484,),)
-78.40100860595703,-135.32421875,;,;
56.381900787353516,-84.06769561767578,identifier,String
-23.43459129333496,15.670608520507812,identifier,value
139.11473083496094,90.95320129394531,=,=
-27.68071174621582,-34.672725677490234,identifier,entry
60.881935119628906,141.50543212890625,.,.
2.9945268630981445,18.130178451538086,identifier,getValue
-90.03376770019531,157.6962432861328,(,(
-170.29405212402344,-30.496347427368164,),)
-78.98579406738281,-136.93405151367188,;,;
153.135498046875,20.781511306762695,if,if
-56.1623649597168,101.74694061279297,(,(
-29.08783531188965,6.30037260055542,identifier,name
85.85936737060547,40.22427749633789,!=,!=
-130.60723876953125,14.885613441467285,),)
125.54541015625,-90.27570343017578,{,{
32.37619400024414,-44.148704528808594,identifier,EnvVar
-33.207942962646484,-14.07659912109375,identifier,env
133.69830322265625,93.15330505371094,=,=
155.1537322998047,-27.84577178955078,new,new
32.608516693115234,-44.12174987792969,identifier,EnvVarBuilder
-96.6719741821289,167.72683715820312,(,(
-196.30001831054688,-17.01111602783203,),)
38.24618148803711,141.74868774414062,.,.
24.55712890625,3.837839365005493,identifier,withName
-44.27656173706055,129.24449157714844,(,(
-27.934904098510742,6.117527008056641,identifier,name
-168.4944610595703,-43.82632827758789,),)
38.39738082885742,141.86041259765625,.,.
24.580364227294922,3.6657843589782715,identifier,withValue
-44.05523681640625,129.07012939453125,(,(
-21.58466148376465,15.004899024963379,identifier,value
-168.56973266601562,-43.925148010253906,),)
38.926856994628906,142.19552612304688,.,.
23.658987045288086,2.983201503753662,identifier,build
-84.20866394042969,162.2683868408203,(,(
-172.6360626220703,-43.59931182861328,),)
-73.6283187866211,-153.84776306152344,;,;
-34.82883071899414,-19.672603607177734,identifier,envList
49.772613525390625,130.62588500976562,.,.
37.325138092041016,27.19416618347168,identifier,add
-39.298179626464844,131.83563232421875,(,(
-33.22446823120117,-14.075098991394043,identifier,env
-163.89697265625,-51.05723571777344,),)
-56.988006591796875,-148.87734985351562,;,;
28.419790267944336,-178.8979034423828,},}
30.94944953918457,-172.27850341796875,},}
220.77684020996094,10.395543098449707,return,return
-36.84060287475586,-18.836511611938477,identifier,envList
-45.268150329589844,-148.55313110351562,;,;
45.30796432495117,-152.04067993164062,},}
39.948944091796875,-34.152610778808594,identifier,coeff
-114.05634307861328,85.2091064453125,(,(
-47.11943054199219,-40.960060119628906,identifier,block
-7.678971767425537,238.31008911132812,",",","
-48.371116638183594,9.657416343688965,identifier,ind
-8.174539566040039,234.29502868652344,",",","
0.6245657801628113,-34.468719482421875,identifier,level
-148.40692138671875,44.0797004699707,),)
146.57696533203125,-78.24840545654297,{,{
133.38641357421875,20.284223556518555,for,for
-63.57327651977539,93.28662109375,(,(
-55.752323150634766,32.70176315307617,identifier,i
136.6279754638672,78.47620391845703,=,=
-82.12480163574219,-121.25447082519531,;,;
-57.02491760253906,31.648372650146484,identifier,i
73.39430236816406,27.746591567993164,<,<
-82.26725769042969,-123.07681274414062,;,;
-57.4981575012207,31.2606201171875,identifier,i
-137.70689392089844,22.835237503051758,),)
130.5895233154297,-84.67670440673828,{,{
-47.643043518066406,-40.52138900756836,identifier,block
-56.92658996582031,26.11494255065918,identifier,i
4.204483985900879,-22.454975128173828,identifier,COEFF
-49.04201889038086,9.679475784301758,identifier,ind
-56.780494689941406,26.041351318359375,identifier,i
-5.876795768737793,-1.8824821710586548,identifier,level
-84.6574935913086,-144.12620544433594,;,;
-47.88914108276367,-40.30569839477539,identifier,block
-56.73996353149414,27.06951141357422,identifier,i
-16.33220100402832,47.39567565917969,+,+
4.223742485046387,-22.63687515258789,identifier,COEFF
-49.26961898803711,9.687093734741211,identifier,ind
-56.42583465576172,26.958921432495117,identifier,i
-15.90695571899414,47.280025482177734,+,+
-5.904186725616455,-1.8673335313796997,identifier,level
-84.03417205810547,-144.48550415039062,;,;
-47.992130279541016,-40.213844299316406,identifier,block
-56.29286575317383,27.305892944335938,identifier,i
-16.129974365234375,47.63862991333008,+,+
4.233068466186523,-22.70721435546875,identifier,COEFF
-49.30699920654297,9.69257640838623,identifier,ind
-55.51457595825195,27.156930923461914,identifier,i
-15.74041748046875,47.67703628540039,+,+
-5.927465915679932,-1.8588451147079468,identifier,level
-78.70181274414062,-149.5209503173828,;,;
-48.043243408203125,-40.17048263549805,identifier,block
-55.308109283447266,27.30692481994629,identifier,i
-15.857592582702637,47.88350296020508,+,+
4.288743495941162,-22.931032180786133,identifier,COEFF
-49.47833251953125,9.6967191696167,identifier,ind
-55.453529357910156,27.027612686157227,identifier,i
-15.431504249572754,47.76630783081055,+,+
-5.982781410217285,-1.8508796691894531,identifier,level
-56.57429504394531,-148.02024841308594,;,;
31.554819107055664,-178.62164306640625,},}
42.56194305419922,-160.11109924316406,},}
