x,y,role,token
-34.2934684753418,-76.8635025024414,identifier,Override
22.08613395690918,25.4527645111084,identifier,Timer
45.39004898071289,14.953194618225098,identifier,createIntervalTimer
-61.44719696044922,-158.9193572998047,(,(
29.632423400878906,50.591007232666016,identifier,Date
-8.572378158569336,23.166074752807617,identifier,initialExpiration
89.42164611816406,-88.14868927001953,",",","
14.613741874694824,-6.700901031494141,identifier,intervalDuration
86.54932403564453,-89.83277130126953,",",","
12.077420234680176,15.053318977355957,identifier,TimerConfig
11.899170875549316,14.80356216430664,identifier,timerConfig
-8.645031929016113,-226.18760681152344,),)
42.714359283447266,34.844058990478516,identifier,IllegalArgumentException
81.50692749023438,-92.51667785644531,",",","
40.008548736572266,35.207008361816406,identifier,IllegalStateException
82.07632446289062,-92.22178649902344,",",","
31.392791748046875,26.740001678466797,identifier,EJBException
-141.9566650390625,4.245924949645996,{,{
31.450214385986328,12.970622062683105,identifier,assertTimerServiceState
-99.46968078613281,-86.96745300292969,(,(
40.83842849731445,-151.3260040283203,),)
-112.61399841308594,46.25883102416992,;,;
154.32884216308594,29.26865577697754,if,if
-171.86949157714844,-50.97586441040039,(,(
-8.556073188781738,23.15236473083496,identifier,initialExpiration
105.2471694946289,-13.371356010437012,==,==
-46.59817123413086,106.28841400146484,),)
-111.24813079833984,149.302490234375,{,{
19.0898380279541,21.408300399780273,identifier,EJB3_TIMER_LOGGER
65.6890869140625,119.34243774414062,.,.
30.76786994934082,13.47564697265625,identifier,initialExpirationIsNullCreatingTimer
-100.65287780761719,-87.85047149658203,(,(
39.38655471801758,-146.99729919433594,),)
-164.78366088867188,60.16181945800781,;,;
-24.564144134521484,170.5155792236328,},}
149.5410919189453,34.22488021850586,if,if
-170.57058715820312,-55.67055892944336,(,(
-8.555667877197266,23.147682189941406,identifier,initialExpiration
51.522186279296875,136.78509521484375,.,.
32.87661361694336,-3.2775113582611084,identifier,getTime
-99.92837524414062,-102.94878387451172,(,(
24.207164764404297,-149.49656677246094,),)
114.25603485107422,-25.592336654663086,<,<
-46.43379592895508,109.63195037841797,),)
-109.83147430419922,148.0596466064453,{,{
19.059955596923828,21.39824104309082,identifier,EJB3_TIMER_LOGGER
65.48974609375,119.36257934570312,.,.
8.652958869934082,12.082429885864258,identifier,invalidInitialExpiration
-85.35770416259766,-56.68147277832031,(,(
24.71017837524414,3.238236665725708,"""","""initialExpiration.getTime()"""
10.790848731994629,-106.58989715576172,),)
-164.3187255859375,59.245277404785156,;,;
-24.171100616455078,171.36419677734375,},}
149.91958618164062,34.773887634277344,if,if
-167.78404235839844,-55.086238861083984,(,(
14.61716365814209,-6.697356700897217,identifier,intervalDuration
114.77516174316406,-25.540557861328125,<,<
-45.196685791015625,110.0876235961914,),)
-108.87714385986328,147.8693389892578,{,{
19.0450382232666,21.377965927124023,identifier,EJB3_TIMER_LOGGER
65.3254623413086,119.37458038330078,.,.
8.651239395141602,12.079756736755371,identifier,invalidInitialExpiration
-85.3997573852539,-56.6993408203125,(,(
24.0439395904541,2.5685949325561523,"""","""intervalDuration"""
10.039673805236816,-106.47949981689453,),)
-164.3897705078125,58.789371490478516,;,;
-21.348651885986328,176.17013549804688,},}
136.6595458984375,119.89698028564453,return,return
41.825157165527344,110.90851593017578,.,.
45.4473991394043,14.921490669250488,identifier,createTimer
-95.4265365600586,-54.74820327758789,(,(
-8.577971458435059,23.15996551513672,identifier,initialExpiration
56.6357307434082,-46.58726119995117,",",","
14.616389274597168,-6.69705867767334,identifier,intervalDuration
55.908809661865234,-42.605098724365234,",",","
11.792572021484375,14.676321983337402,identifier,timerConfig
56.712982177734375,143.3475341796875,.,.
72.80860900878906,-18.63665199279785,identifier,getInfo
-109.87628936767578,-98.23738098144531,(,(
12.080549240112305,-155.39369201660156,),)
66.50826263427734,-43.951744079589844,",",","
11.769165992736816,14.660183906555176,identifier,timerConfig
48.579322814941406,136.18893432617188,.,.
34.71781921386719,5.004314422607422,identifier,isPersistent
-110.74440002441406,-95.27240753173828,(,(
14.23255729675293,-152.09820556640625,),)
-14.383222579956055,-98.33197784423828,),)
-182.1187286376953,48.44052505493164,;,;
-240.47894287109375,-6.4353132247924805,},}
33.70659255981445,13.406781196594238,identifier,externalize
-59.58082580566406,-158.18081665039062,(,(
39.22865676879883,25.10576629638672,identifier,DataOutputStream
42.432857513427734,-14.606155395507812,identifier,sink
89.64081573486328,-87.17420959472656,",",","
62.33052444458008,-27.73316764831543,identifier,start
87.74308776855469,-87.97822570800781,",",","
65.67407989501953,-25.141544342041016,identifier,stop
86.88343811035156,-88.0000228881836,",",","
23.906749725341797,-12.62181282043457,identifier,stride
-10.130572319030762,-227.60231018066406,),)
-18.712770462036133,56.2346076965332,identifier,IOException
-143.02932739257812,3.0762321949005127,{,{
2.760863780975342,-74.68385314941406,identifier,count
128.3577423095703,-48.27957534790039,=,=
-107.2321548461914,45.22599792480469,;,;
169.29989624023438,29.869949340820312,for,for
-163.05905151367188,-44.011436462402344,(,(
-63.970062255859375,0.7036092877388,identifier,i
132.2430877685547,-50.745384216308594,=,=
62.34291458129883,-27.744611740112305,identifier,start
-95.3480224609375,50.933921813964844,;,;
-63.071102142333984,2.8886075019836426,identifier,i
65.66815948486328,-25.137361526489258,identifier,stop
-94.2072525024414,48.88063049316406,;,;
-62.65855026245117,3.7143144607543945,identifier,i
23.90888786315918,-12.6182861328125,identifier,stride
-39.91342544555664,116.7679214477539,),)
-112.64271545410156,141.2852325439453,{,{
42.433372497558594,-14.608345985412598,identifier,sink
57.02176284790039,117.3530502319336,.,.
57.48324203491211,8.509130477905273,identifier,writeByte
-93.2618179321289,-50.60145568847656,(,(
33.605560302734375,6.0829010009765625,identifier,vals
-59.31169891357422,0.576214075088501,identifier,i
-8.53742504119873,-93.68134307861328,),)
-117.96361541748047,60.92667770385742,;,;
2.9698703289031982,-74.84878540039062,identifier,count
-165.20306396484375,56.42647171020508,;,;
-22.621362686157227,172.9694366455078,},}
0.37685877084732056,25.903667449951172,identifier,modFour
129.3416290283203,-54.23033905029297,=,=
3.0576350688934326,-74.96991729736328,identifier,count
-107.81639099121094,51.8281364440918,;,;
21.7797908782959,-25.709802627563477,identifier,pad
129.1482391357422,-63.12990188598633,=,=
-119.07915496826172,-53.54053497314453,(,(
0.37093114852905273,25.904258728027344,identifier,modFour
117.51026153564453,-13.385567665100098,!=,!=
-15.18659782409668,-119.22787475585938,),)
-118.94548034667969,-54.26520538330078,(,(
0.372005432844162,25.907428741455078,identifier,modFour
0.4764421880245209,-104.03255462646484,),)
-108.87239837646484,48.096961975097656,;,;
172.07919311523438,29.117706298828125,for,for
-162.61183166503906,-45.975555419921875,(,(
-63.59361267089844,0.8146551251411438,identifier,i
132.93421936035156,-48.983551025390625,=,=
-93.88087463378906,51.154632568359375,;,;
-61.774288177490234,1.9597779512405396,identifier,i
115.9120864868164,-31.05086326599121,<,<
21.78321647644043,-25.711132049560547,identifier,pad
-92.9603042602539,49.9129524230957,;,;
-61.07731246948242,2.700132131576538,identifier,i
-61.134796142578125,101.6865463256836,),)
42.43427276611328,-14.610099792480469,identifier,sink
61.44144058227539,115.63941192626953,.,.
57.4854621887207,8.508763313293457,identifier,writeByte
-101.37521362304688,-43.49917984008789,(,(
-7.015615940093994,-108.13237762451172,),)
-181.97085571289062,52.07878112792969,;,;
-239.65542602539062,-4.255400657653809,},}
2.9895215034484863,24.07339859008789,identifier,isKeepAllAlive
-66.56745147705078,-155.9288330078125,(,(
-12.282187461853027,-217.90594482421875,),)
33.339012145996094,29.327585220336914,identifier,MalformedElementException
-142.1063232421875,1.0271272659301758,{,{
30.85240936279297,58.37394332885742,identifier,Element
-24.11673927307129,-7.136434555053711,identifier,child
137.14144897460938,-64.02822875976562,=,=
54.88951873779297,6.4599833488464355,identifier,getFirstChild
-101.14442443847656,-62.38624572753906,(,(
26.4708251953125,-13.490297317504883,identifier,root
54.99513626098633,-51.1702880859375,",",","
-18.938493728637695,-8.803669929504395,identifier,childNames
5.453379154205322,-94.16726684570312,),)
-103.49407958984375,60.35795211791992,;,;
89.33101654052734,9.228233337402344,identifier,ensureNotNull
-89.49173736572266,-51.02872085571289,(,(
8.386497497558594,43.74862289428711,identifier,Policy
66.91753387451172,126.74349212646484,.,.
64.88497924804688,-6.878664493560791,identifier,bind
-112.52997589111328,-67.118408203125,(,(
25.41754150390625,12.904742240905762,"""","""ensure.expectingOmitOrKeepaliveElmt"""
-11.167203903198242,-124.86717987060547,),)
64.09361267089844,-39.79597091674805,",",","
-23.33285140991211,-7.196150779724121,identifier,child
4.029275894165039,-92.20249938964844,),)
-110.32855987548828,55.973365783691406,;,;
2.944157838821411,23.975126266479492,identifier,isKeepAllAlive
126.90274810791016,-49.34455108642578,=,=
-108.78042602539062,44.270259857177734,;,;
157.2081756591797,30.015140533447266,if,if
-174.85841369628906,-54.2877082824707,(,(
27.204587936401367,11.65242862701416,identifier,isDAVElement
-106.59130096435547,-57.63303756713867,(,(
-23.33200454711914,-6.871967315673828,identifier,child
56.762062072753906,-55.47163772583008,",",","
21.14691734313965,1.8351951837539673,"""","""keepalive"""
-10.072151184082031,-122.85982513427734,),)
-51.218143463134766,112.32816314697266,),)
-111.91841888427734,143.5894775390625,{,{
2.9404056072235107,23.95728874206543,identifier,isKeepAllAlive
121.00177764892578,-63.09974670410156,=,=
26.24443817138672,-1.5666477680206299,"""","""*"""
39.378570556640625,124.07119750976562,.,.
93.69728088378906,-16.051372528076172,identifier,equals
-113.40805053710938,-58.328514099121094,(,(
52.83479309082031,3.887329578399658,identifier,getFirstText
-110.49461364746094,-53.09105682373047,(,(
-23.201770782470703,-6.966465950012207,identifier,child
-3.643662214279175,-122.13951110839844,),)
-11.128174781799316,-91.19852447509766,),)
-108.59373474121094,69.44994354248047,;,;
89.21082305908203,9.21889877319336,identifier,ensureNull
-89.0414810180664,-50.57758712768555,(,(
8.383708953857422,43.74946594238281,identifier,Policy
66.89837646484375,126.71104431152344,.,.
64.88435363769531,-6.87959098815918,identifier,bind
-112.45691680908203,-67.19822692871094,(,(
25.18659019470215,12.617055892944336,"""","""ensure.conflictingHrefElmt"""
-11.410828590393066,-124.54035186767578,),)
64.06343841552734,-43.04506301879883,",",","
54.885868072509766,6.457780361175537,identifier,getFirstChild
-110.89024353027344,-53.34856033325195,(,(
-23.205373764038086,-6.843381881713867,identifier,child
56.9784049987793,-55.491607666015625,",",","
23.689224243164062,-0.4868571162223816,"""","""href"""
-11.07491397857666,-121.24922180175781,),)
-13.926740646362305,-92.34735870361328,),)
-170.55023193359375,60.02717208862305,;,;
-23.03083610534668,174.78228759765625,},}
-24.025386810302734,-6.96693229675293,identifier,child
126.78514099121094,-61.929725646972656,=,=
52.39521026611328,6.615245342254639,identifier,getNextSibling
-102.07355499267578,-55.058162689208984,(,(
-23.293237686157227,-6.671118259429932,identifier,child
58.60930633544922,-49.58995056152344,",",","
-18.93537712097168,-8.814604759216309,identifier,childNames
-2.7259154319763184,-102.2605209350586,),)
-113.60254669189453,67.07488250732422,;,;
89.2029800415039,9.218230247497559,identifier,ensureNull
-88.84723663330078,-50.39957046508789,(,(
8.384271621704102,43.750606536865234,identifier,Policy
66.91434478759766,126.67570495605469,.,.
64.88578033447266,-6.880671977996826,identifier,bind
-112.54569244384766,-67.35823059082031,(,(
25.137714385986328,12.862809181213379,"""","""ensure.conflictingOmitOrKeepaliveElmt"""
-11.688270568847656,-124.05309295654297,),)
66.23226165771484,-42.13188934326172,",",","
-23.206418991088867,-7.173773288726807,identifier,child
-7.692129611968994,-101.941650390625,),)
-119.89849853515625,67.46984100341797,;,;
133.95301818847656,120.4289779663086,return,return
2.9377081394195557,23.94955062866211,identifier,isKeepAllAlive
-182.7932891845703,45.05876922607422,;,;
-240.87574768066406,-7.013908386230469,},}
2.4978480339050293,54.3585319519043,identifier,Gson
27.216901779174805,10.512869834899902,identifier,initGson
-66.05372619628906,-161.65377807617188,(,(
2.203190565109253,54.01321029663086,identifier,GsonBuilder
1.777082085609436,53.541709899902344,identifier,gsonBuilder
-16.64520263671875,-224.00733947753906,),)
-149.9270477294922,-2.828803062438965,{,{
1.6597613096237183,53.404666900634766,identifier,gsonBuilder
59.11286926269531,121.78557586669922,.,.
41.910179138183594,12.515430450439453,identifier,registerTypeAdapter
-89.78864288330078,-52.54667282104492,(,(
3.965123176574707,48.89934539794922,identifier,JsonObject
39.22841262817383,136.0923309326172,.,.
69.36132049560547,-46.20459747314453,",",","
108.37033081054688,40.740386962890625,new,new
29.668201446533203,43.50630187988281,identifier,JsonDeserializer
182.5497283935547,-41.20505905151367,<,<
4.044655799865723,48.92451477050781,identifier,JsonObject
184.91641235351562,-15.919380187988281,>,>
-92.33026885986328,-87.35578155517578,(,(
32.639217376708984,-157.3059539794922,),)
-114.64204406738281,131.235107421875,{,{
4.145819187164307,49.02234649658203,identifier,JsonObject
30.263614654541016,44.94454574584961,identifier,deserialize
-95.27166748046875,-38.27635192871094,(,(
5.58577823638916,50.66009521484375,identifier,JsonElement
-0.16045841574668884,46.5975456237793,identifier,json
50.024227142333984,-50.13302993774414,",",","
15.66245174407959,51.66876983642578,identifier,Type
17.697525024414062,4.159274578094482,identifier,typeOfT
49.537925720214844,-49.87941360473633,",",","
29.000574111938477,43.572322845458984,identifier,JsonDeserializationContext
38.77799987792969,-21.2159423828125,identifier,context
-33.25002670288086,109.37998962402344,),)
29.464435577392578,42.38701248168945,identifier,JsonParseException
-103.1937484741211,148.47747802734375,{,{
140.9839324951172,116.68232727050781,return,return
-0.15737946331501007,46.55520248413086,identifier,json
53.19445037841797,133.43359375,.,.
7.097353458404541,47.781471252441406,identifier,getAsJsonObject
-108.60149383544922,-92.46743774414062,(,(
39.62849426269531,-144.72850036621094,),)
-162.97882080078125,62.56060791015625,;,;
-15.150381088256836,185.2543487548828,},}
-16.25153350830078,179.5482940673828,},}
-18.41017723083496,-101.05188751220703,),)
-105.20377349853516,67.0119857788086,;,;
1.5993300676345825,53.337135314941406,identifier,gsonBuilder
59.3032112121582,121.63311767578125,.,.
41.90193557739258,12.531665802001953,identifier,registerTypeAdapter
-89.78948974609375,-52.529781341552734,(,(
4.018022060394287,48.896453857421875,identifier,JsonObject
39.28169250488281,136.3393096923828,.,.
69.3400650024414,-46.19580841064453,",",","
108.59912872314453,40.53764343261719,new,new
29.586040496826172,43.58818054199219,identifier,JsonSerializer
182.5525665283203,-40.98330307006836,<,<
4.068225383758545,48.91123962402344,identifier,JsonObject
184.88345336914062,-16.047761917114258,>,>
-92.29119873046875,-87.35676574707031,(,(
32.63829040527344,-157.30946350097656,),)
-114.6590805053711,131.20870971679688,{,{
5.590655326843262,50.6660041809082,identifier,JsonElement
30.29994773864746,45.01286315917969,identifier,serialize
-95.27788543701172,-38.28439712524414,(,(
4.114559173583984,48.93524169921875,identifier,JsonObject
30.373205184936523,-44.38672637939453,identifier,src
50.022560119628906,-50.090816497802734,",",","
15.659051895141602,51.664390563964844,identifier,Type
17.699016571044922,4.152409076690674,identifier,typeOfSrc
49.59989929199219,-49.86561584472656,",",","
29.009532928466797,43.58149719238281,identifier,JsonSerializationContext
38.73391342163086,-21.181873321533203,identifier,context
-33.49284362792969,109.46905517578125,),)
-103.92894744873047,147.98388671875,{,{
140.78982543945312,116.73568725585938,return,return
30.210651397705078,-44.29085159301758,identifier,src
53.186580657958984,133.41224670410156,.,.
7.099016189575195,47.78038787841797,identifier,getAsJsonObject
-108.61833190917969,-92.51309967041016,(,(
38.20491027832031,-143.77137756347656,),)
-170.8874053955078,54.61956787109375,;,;
-16.822290420532227,186.00125122070312,},}
-16.46036720275879,179.94374084472656,},}
-17.90462303161621,-101.29658508300781,),)
-118.80721282958984,70.12823486328125,;,;
135.0128936767578,118.50616455078125,return,return
1.5519721508026123,53.28993225097656,identifier,gsonBuilder
62.72796630859375,117.59107971191406,.,.
47.32107162475586,16.431537628173828,identifier,create
-110.77307891845703,-90.24825286865234,(,(
35.004066467285156,-140.4912872314453,),)
-183.2899169921875,47.28310775756836,;,;
-241.83920288085938,-6.078737735748291,},}
45.40049743652344,22.219680786132812,identifier,ResultSetType
45.18743133544922,20.08571434020996,identifier,createResultSet
-66.40753936767578,-155.47520446777344,(,(
-13.205177307128906,-218.8314971923828,),)
-148.958740234375,-2.0820720195770264,{,{
45.40834426879883,22.214445114135742,identifier,ResultSetType
-32.89875793457031,-57.5325813293457,identifier,result
136.9486083984375,-65.19689178466797,=,=
18.736814498901367,16.735321044921875,identifier,FACTORY
61.508731842041016,128.3217010498047,.,.
45.39013671875,20.39573860168457,identifier,createResultSetType
-98.63739013671875,-88.63179016113281,(,(
39.766868591308594,-152.8597869873047,),)
-105.05052947998047,62.00018310546875,;,;
-29.563156127929688,-57.159088134765625,identifier,result
50.88616943359375,111.83233642578125,.,.
56.728275299072266,21.51592254638672,identifier,getROW
-101.91899871826172,-90.32609558105469,(,(
18.25753402709961,-139.48361206054688,),)
75.20757293701172,134.22735595703125,.,.
69.24935150146484,12.82138442993164,identifier,add
-91.42825317382812,-47.97570037841797,(,(
45.842994689941406,20.40049171447754,identifier,createResultSetRow
-100.66010284423828,-70.5724105834961,(,(
60.512962341308594,-59.46568298339844,",",","
59.66960144042969,-59.849308013916016,",",","
57.96236038208008,-59.44207763671875,",",","
26.471294403076172,2.2801098823547363,"""","""a first example"""
-12.09492015838623,-121.14378356933594,),)
-13.832640647888184,-89.67825317382812,),)
-107.15432739257812,65.66242980957031,;,;
-29.89376449584961,-57.131065368652344,identifier,result
50.97062301635742,111.74809265136719,.,.
56.73008346557617,21.514060974121094,identifier,getROW
-102.34540557861328,-90.37906646728516,(,(
18.79346466064453,-139.4744110107422,),)
75.07005310058594,134.1050262451172,.,.
69.27721405029297,12.818726539611816,identifier,add
-91.63336181640625,-47.70442581176758,(,(
45.864654541015625,20.400863647460938,identifier,createResultSetRow
-100.67574310302734,-70.52877044677734,(,(
60.53168869018555,-59.65983963012695,",",","
59.4611701965332,-59.898990631103516,",",","
57.94830322265625,-59.51720428466797,",",","
26.51099395751953,2.2482988834381104,"""","""a second example"""
-11.969621658325195,-121.05830383300781,),)
-13.91242790222168,-90.04978942871094,),)
-107.5755615234375,65.89191436767578,;,;
-30.0082950592041,-57.20672607421875,identifier,result
51.025245666503906,111.72174835205078,.,.
56.73445129394531,21.5140380859375,identifier,getROW
-102.63904571533203,-90.41141510009766,(,(
19.223037719726562,-139.54928588867188,),)
74.84888458251953,134.05320739746094,.,.
69.37873077392578,12.811324119567871,identifier,add
-91.8393783569336,-47.363624572753906,(,(
45.90325164794922,20.397655487060547,identifier,createResultSetRow
-100.69184875488281,-70.46659851074219,(,(
60.31036376953125,-59.54475021362305,",",","
59.355934143066406,-59.990169525146484,",",","
57.730220794677734,-60.564659118652344,",",","
-10.126800537109375,-117.69036102294922,),)
-14.730111122131348,-92.39934539794922,),)
-112.44615173339844,65.62336730957031,;,;
-30.227619171142578,-57.227020263671875,identifier,result
59.75005340576172,113.30233764648438,.,.
22.39256477355957,13.045696258544922,identifier,setFOUND
-94.20940399169922,-45.571468353271484,(,(
49.79607391357422,41.16019821166992,identifier,BigInteger
69.62971496582031,124.55108642578125,.,.
31.905902862548828,-0.4703642427921295,identifier,valueOf
-109.15990447998047,-48.718414306640625,(,(
-29.531110763549805,-57.81154251098633,identifier,result
49.868099212646484,138.4254913330078,.,.
56.746849060058594,21.506404876708984,identifier,getROW
-107.84495544433594,-104.18189239501953,(,(
20.46830177307129,-143.56915283203125,),)
74.29137420654297,139.5161590576172,.,.
22.158594131469727,80.85763549804688,identifier,size
-111.90765380859375,-97.38003540039062,(,(
13.732290267944336,-153.41098022460938,),)
-12.273388862609863,-115.44355010986328,),)
-14.898894309997559,-96.07107543945312,),)
-120.41392517089844,67.7926025390625,;,;
132.5060577392578,120.32119750976562,return,return
-30.220882415771484,-60.49434280395508,identifier,result
-181.66720581054688,44.44773483276367,;,;
-242.06214904785156,-9.213327407836914,},}
16.470848083496094,52.616477966308594,identifier,Type
30.440147399902344,19.981847763061523,identifier,getGenericTypes
-62.0739860534668,-163.5145721435547,(,(
10.604475975036621,61.81440734863281,identifier,Class
179.1013946533203,-43.894187927246094,<,<
186.0850067138672,-11.449295997619629,>,>
-30.929983139038086,43.82783126831055,identifier,clazz
-14.776071548461914,-226.11129760742188,),)
-147.3848114013672,-0.25371673703193665,{,{
16.3757381439209,52.41191101074219,identifier,Type
-9.684745788574219,17.601564407348633,identifier,mySuperClass
136.6524200439453,-61.04527282714844,=,=
-30.34592628479004,42.63075256347656,identifier,clazz
59.04326629638672,135.37210083007812,.,.
30.434917449951172,20.100605010986328,identifier,getGenericSuperclass
-98.62764739990234,-89.90684509277344,(,(
39.05225372314453,-152.59478759765625,),)
-106.1070327758789,62.077754974365234,;,;
33.296268463134766,70.02771759033203,identifier,System
65.22042846679688,107.36261749267578,.,.
43.548336029052734,69.8026351928711,identifier,out
61.81308364868164,107.26974487304688,.,.
49.45379638671875,70.17389678955078,identifier,println
-93.42168426513672,-49.67217254638672,(,(
-9.769734382629395,17.577503204345703,identifier,mySuperClass
2.331711769104004,-96.06316375732422,),)
-106.5162353515625,62.41197967529297,;,;
33.30796813964844,70.0576171875,identifier,System
65.1873779296875,107.33811950683594,.,.
43.54941940307617,69.8025131225586,identifier,out
61.77417755126953,107.26390838623047,.,.
49.45559310913086,70.17546081542969,identifier,println
-93.25112915039062,-49.55579376220703,(,(
-9.787532806396484,17.57389259338379,identifier,mySuperClass
51.44852828979492,139.40597534179688,.,.
7.582805633544922,61.885284423828125,identifier,getClass
-105.61780548095703,-103.16209411621094,(,(
17.209001541137695,-157.7725067138672,),)
-11.945637702941895,-89.5813217163086,),)
-110.57439422607422,58.43567657470703,;,;
16.40383529663086,52.485595703125,identifier,Type
-20.437055587768555,-29.978588104248047,identifier,types
129.75498962402344,-62.990413665771484,=,=
-117.8961181640625,-52.921783447265625,(,(
-121.18282318115234,-53.341278076171875,(,(
30.360694885253906,18.89398956298828,identifier,ParameterizedType
6.877935409545898,-119.16094970703125,),)
-9.803196907043457,17.56936264038086,identifier,mySuperClass
0.735099732875824,-113.52287292480469,),)
69.79537200927734,136.56484985351562,.,.
30.20720672607422,18.43487548828125,identifier,getActualTypeArguments
-104.07495880126953,-91.68412780761719,(,(
35.09088134765625,-148.26828002929688,),)
-110.08871459960938,48.26678466796875,;,;
171.37452697753906,29.210359573364258,for,for
-162.666259765625,-45.44302749633789,(,(
-64.9371109008789,1.1804453134536743,identifier,i
132.62001037597656,-48.63681411743164,=,=
-93.80518341064453,51.740150451660156,;,;
-62.455833435058594,1.8599389791488647,identifier,i
116.60428619384766,-31.33755874633789,<,<
-20.44005012512207,-29.98518943786621,identifier,types
39.120426177978516,130.53778076171875,.,.
14.703410148620605,81.3097152709961,identifier,length
-92.58375549316406,49.335853576660156,;,;
-61.439178466796875,3.2994236946105957,identifier,i
-41.946048736572266,116.12529754638672,),)
-109.61219024658203,137.56141662597656,{,{
16.36000633239746,52.39011001586914,identifier,Type
8.053263664245605,-34.821659088134766,identifier,type
126.7076187133789,-55.535179138183594,=,=
-20.438352584838867,-29.987546920776367,identifier,types
-58.60319137573242,-0.14210262894630432,identifier,i
-112.51870727539062,69.0550308227539,;,;
33.2982292175293,70.03334045410156,identifier,System
65.1953353881836,107.4253158569336,.,.
43.55226135253906,69.80341339111328,identifier,out
61.64104080200195,107.47835540771484,.,.
49.45558166503906,70.17288208007812,identifier,println
-102.29443359375,-44.57767868041992,(,(
8.304574966430664,-34.675933837890625,identifier,type
-7.124023914337158,-105.3259506225586,),)
-175.0775604248047,56.20639419555664,;,;
-22.121381759643555,179.2598114013672,},}
131.82435607910156,119.94466400146484,return,return
-20.459386825561523,-30.02535057067871,identifier,types
-181.60923767089844,43.71797180175781,;,;
-243.75291442871094,-9.188292503356934,},}
36.820072174072266,14.056703567504883,identifier,getLatitudeFromElasticSearchText
-62.977630615234375,-160.11671447753906,(,(
86.81855773925781,74.0801773071289,identifier,String
0.38424575328826904,10.513982772827148,identifier,textToCheckParam
-14.869564056396484,-224.5018310546875,),)
-150.5216064453125,2.0189952850341797,{,{
154.188232421875,24.18279457092285,if,if
-175.92071533203125,-49.8184700012207,(,(
0.11174927651882172,10.47851848602295,identifier,textToCheckParam
104.43344116210938,-11.671965599060059,==,==
-0.030560307204723358,10.424149513244629,identifier,textToCheckParam
44.40730285644531,129.97268676757812,.,.
83.45079803466797,-3.0838778018951416,identifier,isEmpty
-94.08821868896484,-99.88735961914062,(,(
22.767597198486328,-157.12200927734375,),)
-51.416236877441406,108.58414459228516,),)
-110.44923400878906,152.6466522216797,{,{
138.69357299804688,110.37793731689453,return,return
-161.7690887451172,53.22956848144531,;,;
-21.91364860534668,168.67425537109375,},}
84.91902160644531,69.33507537841797,identifier,String
-12.825255393981934,24.647539138793945,identifier,latitudeAndLongitude
134.19273376464844,-59.60185623168945,=,=
-0.12821444869041443,10.30061149597168,identifier,textToCheckParam
50.600067138671875,126.3305892944336,.,.
62.68838882446289,-11.547216415405273,identifier,split
-105.37811279296875,-63.385501861572266,(,(
20.007211685180664,13.197564125061035,identifier,REG_EX_COMMA
4.167994976043701,-103.69055938720703,),)
-114.62720489501953,45.23225402832031,;,;
154.52210998535156,31.50609016418457,if,if
-171.10983276367188,-52.16974639892578,(,(
-13.40390682220459,24.727266311645508,identifier,latitudeAndLongitude
106.69226837158203,-12.57905101776123,==,==
-13.608779907226562,24.988407135009766,identifier,latitudeAndLongitude
39.98678970336914,128.17916870117188,.,.
15.711565017700195,83.02266693115234,identifier,length
114.46927642822266,-26.721656799316406,<,<
-46.138458251953125,109.22888946533203,),)
-112.01675415039062,144.41807556152344,{,{
-13.165593147277832,24.967466354370117,identifier,latitudeAndLongitude
122.20365905761719,-61.24812698364258,=,=
-0.19813884794712067,10.242574691772461,identifier,textToCheckParam
50.59811019897461,126.3140640258789,.,.
62.67752456665039,-11.533637046813965,identifier,split
-105.3392562866211,-63.290138244628906,(,(
20.04000473022461,13.087117195129395,identifier,REG_EX_PIPE
3.8598012924194336,-104.08424377441406,),)
-170.5677032470703,61.81570053100586,;,;
-25.089555740356445,172.60665893554688,},}
149.85003662109375,35.46118927001953,if,if
-167.4163360595703,-55.84376525878906,(,(
-13.588300704956055,24.788549423217773,identifier,latitudeAndLongitude
107.09258270263672,-12.754508018493652,==,==
-13.747818946838379,25.03034019470215,identifier,latitudeAndLongitude
39.634342193603516,128.10069274902344,.,.
15.521234512329102,83.22428894042969,identifier,length
104.1807861328125,-16.299856185913086,==,==
-44.5048828125,110.64061737060547,),)
-107.460693359375,149.59510803222656,{,{
138.36204528808594,111.14192199707031,return,return
-164.7926483154297,52.172767639160156,;,;
-24.252826690673828,172.17196655273438,},}
149.8061981201172,36.22289276123047,if,if
-167.01829528808594,-56.541500091552734,(,(
-13.797863960266113,24.9915771484375,identifier,latitudeAndLongitude
39.476322174072266,128.1024932861328,.,.
15.273438453674316,83.52340698242188,identifier,length
116.1332015991211,-20.22602081298828,>,>
-43.92514419555664,111.27532196044922,),)
-106.7192153930664,147.96701049804688,{,{
138.82479858398438,115.8550796508789,return,return
40.51214599609375,7.411190032958984,identifier,toDoubleSafe
-104.1943588256836,-48.6398811340332,(,(
-14.033344268798828,25.13923454284668,identifier,latitudeAndLongitude
-10.209758758544922,-96.60697937011719,),)
-172.87060546875,54.350982666015625,;,;
-20.874521255493164,177.87828063964844,},}
132.92904663085938,116.74711608886719,return,return
-179.56846618652344,44.12419128417969,;,;
-242.41973876953125,-5.954354286193848,},}
47.52183532714844,-2.158520221710205,identifier,readCatalog
-61.341983795166016,-158.37501525878906,(,(
48.67104721069336,-3.012394666671753,identifier,Catalog
49.15831756591797,-3.440556287765503,identifier,catalog
90.16764831542969,-88.9466781616211,",",","
88.47245788574219,74.3774185180664,identifier,String
1.9643776416778564,-18.40323257446289,identifier,fileUrl
-9.440662384033203,-225.68496704101562,),)
47.493160247802734,32.34996032714844,identifier,MalformedURLException
82.21363830566406,-92.94978332519531,",",","
-18.147708892822266,55.278472900390625,identifier,IOException
-142.2961883544922,3.233369827270508,{,{
60.0096549987793,-1.8606364727020264,identifier,URL
6.164076328277588,-16.4543399810791,identifier,catURL
125.85623931884766,-47.43160629272461,=,=
-107.1584243774414,43.85851287841797,;,;
-104.36906433105469,127.06104278564453,{,{
6.19691276550293,-16.516077041625977,identifier,catURL
123.26070404052734,-63.99468994140625,=,=
109.96688842773438,42.959861755371094,new,new
60.405487060546875,-2.819333076477051,identifier,URL
-93.51349639892578,-60.33961868286133,(,(
1.910369873046875,-18.283430099487305,identifier,fileUrl
0.39624351263046265,-96.82547760009766,),)
-167.48631286621094,63.29024887084961,;,;
-37.799415588378906,170.4443359375,},}
-156.29869079589844,-51.34705352783203,(,(
47.50120162963867,32.34511184692383,identifier,MalformedURLException
23.114885330200195,-72.7455062866211,identifier,e
-37.411285400390625,108.48078155517578,),)
-113.0821304321289,142.5267791748047,{,{
6.213764190673828,-16.544105529785156,identifier,catURL
122.92070007324219,-63.4199104309082,=,=
109.99531555175781,42.63637161254883,new,new
60.41200256347656,-2.925508499145508,identifier,URL
-86.88349914550781,-58.58231735229492,(,(
22.47170066833496,8.055827140808105,"""","""file:///"""
52.454078674316406,-84.85259246826172,+,+
1.9055449962615967,-18.283733367919922,identifier,fileUrl
-1.3257226943969727,-95.76980590820312,),)
-167.6043701171875,62.36800003051758,;,;
-22.422958374023438,172.9371337890625,},}
58.72691345214844,-1.595786452293396,identifier,URLConnection
5.893512725830078,-19.674848556518555,identifier,urlCon
130.7962646484375,-61.05695724487305,=,=
6.320946216583252,-16.844711303710938,identifier,catURL
59.01344680786133,126.29953002929688,.,.
58.13604736328125,-1.4465463161468506,identifier,openConnection
-102.09164428710938,-88.21110534667969,(,(
36.51898193359375,-148.82516479492188,),)
-118.2644271850586,46.95376205444336,;,;
-104.21691131591797,128.38702392578125,{,{
47.522308349609375,-2.1669304370880127,identifier,readCatalog
-98.93986511230469,-53.876705169677734,(,(
49.22625732421875,-3.5022401809692383,identifier,catalog
58.278953552246094,-51.31480407714844,",",","
5.8557562828063965,-19.69873809814453,identifier,urlCon
55.48872756958008,142.50685119628906,.,.
48.219913482666016,37.01948165893555,identifier,getInputStream
-106.62794494628906,-99.470703125,(,(
16.49091339111328,-155.26087951660156,),)
-12.560508728027344,-92.46577453613281,),)
-168.90673828125,57.50169372558594,;,;
-36.43187713623047,170.46661376953125,},}
-154.55882263183594,-50.23091506958008,(,(
35.707645416259766,26.284902572631836,identifier,FileNotFoundException
24.330902099609375,-73.13188171386719,identifier,e
-37.0474739074707,110.32099914550781,),)
-103.23382568359375,142.5110626220703,{,{
49.26301956176758,-3.5331718921661377,identifier,catalog
60.46638488769531,141.080322265625,.,.
25.47624397277832,22.587614059448242,identifier,getCatalogManager
-107.12488555908203,-93.98294067382812,(,(
21.18509292602539,-140.5621337890625,),)
71.65666961669922,131.76751708984375,.,.
76.17150115966797,-13.676445007324219,identifier,debug
71.5482177734375,129.15679931640625,.,.
50.91411209106445,-28.245220184326172,identifier,message
-84.337890625,-49.04032516479492,(,(
52.73365783691406,-56.42899703979492,",",","
30.1209716796875,3.961927652359009,"""","""Failed to load catalog, file not found"""
67.0196533203125,-50.54837417602539,",",","
6.375535488128662,-16.929094314575195,identifier,catURL
47.066001892089844,136.43531799316406,.,.
76.50369262695312,41.72284698486328,identifier,toString
-112.43697357177734,-95.13813781738281,(,(
13.672760963439941,-152.85145568847656,),)
-13.79234504699707,-97.42877960205078,),)
-178.18385314941406,53.13709259033203,;,;
-20.859548568725586,189.50184631347656,},}
-244.179931640625,-0.45890989899635315,},}
54.772708892822266,-6.78592586517334,identifier,Test
32.011199951171875,16.406753540039062,identifier,submitWhenSubmitInputSubmitsRequest
-65.74462127685547,-155.4105682373047,(,(
-11.681883811950684,-218.74107360839844,),)
36.73452377319336,33.01040267944336,identifier,InterruptedException
-141.41891479492188,2.120168685913086,{,{
-8.377346992492676,51.77188491821289,identifier,server
-100.17552947998047,-84.34142303466797,(,(
17.480432510375977,-139.34097290039062,),)
74.92475891113281,135.20558166503906,.,.
61.64474868774414,9.220405578613281,identifier,enqueue
-90.72814178466797,-48.96990203857422,(,(
108.9737777709961,41.86717224121094,new,new
21.751842498779297,22.040340423583984,identifier,MockResponse
-97.16681671142578,-85.28777313232422,(,(
17.417482376098633,-139.5434112548828,),)
74.97547149658203,135.72994995117188,.,.
21.343320846557617,6.498868465423584,identifier,setBody
-87.72148895263672,-45.11123275756836,(,(
22.379085540771484,6.417983531951904,"""","""<html><body>"""
56.095130920410156,-86.1304931640625,+,+
23.070714950561523,6.6198811531066895,"""","""<form name='f' action='/x'>"""
56.15705490112305,-86.01129150390625,+,+
23.136743545532227,6.5443830490112305,"""","""<input type='submit'/>"""
56.31769943237305,-85.53471374511719,+,+
22.548612594604492,5.584721565246582,"""","""</form>"""
56.284767150878906,-85.50819396972656,+,+
22.52243995666504,5.5934929847717285,"""","""</body></html>"""
-12.792886734008789,-121.06824493408203,),)
-14.485003471374512,-89.06574249267578,),)
-105.92609405517578,66.3926773071289,;,;
-8.197314262390137,51.83769989013672,identifier,server
-100.2022476196289,-83.85417938232422,(,(
19.031368255615234,-138.599609375,),)
74.25625610351562,134.9892578125,.,.
61.64396667480469,9.21972942352295,identifier,enqueue
-90.91529846191406,-48.86252212524414,(,(
109.13084411621094,41.73193359375,new,new
21.75492286682129,22.03725242614746,identifier,MockResponse
-97.18761444091797,-85.21649932861328,(,(
18.927427291870117,-158.95689392089844,),)
-12.904887199401855,-89.26509857177734,),)
-106.42949676513672,66.16950225830078,;,;
104.92662811279297,39.443603515625,identifier,newBrowser
-98.04483032226562,-84.62250518798828,(,(
19.36102294921875,-138.73709106445312,),)
73.79015350341797,135.20849609375,.,.
61.162532806396484,20.78023338317871,identifier,get
-104.97525787353516,-60.432525634765625,(,(
4.661838531494141,-22.229536056518555,identifier,url
-109.2706527709961,-50.811012268066406,(,(
-7.922208309173584,52.03042221069336,identifier,server
-108.11006164550781,-106.33338928222656,(,(
15.710111618041992,-159.3255157470703,),)
-12.9219388961792,-115.33606719970703,),)
0.5838982462882996,-113.8773193359375,),)
69.7532730102539,136.11221313476562,.,.
17.69466781616211,35.82076644897461,identifier,getForm
-107.80078125,-67.3826904296875,(,(
24.300025939941406,0.41994720697402954,"""","""f"""
0.3097321689128876,-112.2146224975586,),)
73.681396484375,134.5705108642578,.,.
31.90105438232422,16.447540283203125,identifier,submit
-106.91197967529297,-88.60516357421875,(,(
35.37982940673828,-146.12225341796875,),)
-112.87393188476562,64.83777618408203,;,;
-8.104738235473633,51.87507247924805,identifier,server
-100.2276611328125,-83.74129486083984,(,(
19.660072326660156,-138.83253479003906,),)
73.58272552490234,134.77076721191406,.,.
30.265438079833984,-4.62395715713501,identifier,takeRequest
-106.77519226074219,-89.2901382446289,(,(
35.20886993408203,-145.96334838867188,),)
-113.32701110839844,64.95612335205078,;,;
32.038597106933594,12.867781639099121,identifier,assertThat
-86.75618743896484,-51.45425796508789,(,(
23.970205307006836,0.6949538588523865,"""","""request"""
65.50382995605469,-51.65925216674805,",",","
30.259864807128906,-4.647885322570801,identifier,takeRequest
-108.80767059326172,-50.38330078125,(,(
-7.862207412719727,52.03297805786133,identifier,server
-108.12995910644531,-106.32479858398438,(,(
15.549464225769043,-159.4210968017578,),)
-0.22557911276817322,-113.60724639892578,),)
69.18482971191406,136.277587890625,.,.
-1.4589802026748657,-22.696077346801758,identifier,getPath
-110.21754455566406,-99.181640625,(,(
12.065682411193848,-154.3668212890625,),)
66.91051483154297,-43.83993148803711,",",","
41.22477340698242,-35.40894317626953,identifier,is
-112.99382781982422,-63.08917999267578,(,(
25.104799270629883,-0.12803475558757782,"""","""/x"""
-10.502632141113281,-119.73812103271484,),)
-14.969640731811523,-98.3875961303711,),)
-181.44618225097656,50.777015686035156,;,;
-239.38140869140625,-4.8459343910217285,},}
84.90506744384766,75.61956024169922,identifier,String
33.93619918823242,18.243011474609375,identifier,encodeHex
-62.902000427246094,-161.61509704589844,(,(
7.3061747550964355,-27.952322006225586,identifier,bytes
-13.981461524963379,-225.50355529785156,),)
-148.21693420410156,-0.141611710190773,{,{
76.65171813964844,73.31422424316406,identifier,StringBuffer
-12.73473072052002,-56.227874755859375,identifier,buf
134.79251098632812,-66.59757232666016,=,=
110.54667663574219,46.015689849853516,new,new
76.63220977783203,73.31257629394531,identifier,StringBuffer
-92.65331268310547,-60.25670623779297,(,(
7.222866535186768,-28.086660385131836,identifier,bytes
39.77610397338867,131.7948455810547,.,.
15.56364917755127,82.44998931884766,identifier,length
8.808952331542969,-98.55569458007812,),)
-107.93684387207031,54.49170684814453,;,;
-63.61483383178711,-0.33810955286026,identifier,i
-105.7835693359375,46.95742416381836,;,;
169.83314514160156,29.441024780273438,for,for
-163.67501831054688,-44.1279411315918,(,(
-63.8330078125,1.5965192317962646,identifier,i
131.67852783203125,-49.24913787841797,=,=
-94.813720703125,51.9680061340332,;,;
-62.63312911987305,2.2354965209960938,identifier,i
116.7696762084961,-30.653226852416992,<,<
7.198040008544922,-28.134952545166016,identifier,bytes
39.51493835449219,130.9307098388672,.,.
15.084970474243164,81.92686462402344,identifier,length
-92.88267517089844,48.61605453491211,;,;
-62.032188415527344,3.16310715675354,identifier,i
-41.935951232910156,117.73194885253906,),)
-112.32852172851562,134.50088500976562,{,{
159.49232482910156,37.03157424926758,if,if
-171.9408721923828,-61.40278244018555,(,(
-119.81378173828125,-55.24751663208008,(,(
-121.68820190429688,-53.20699691772461,(,(
5.7298688888549805,-119.04419708251953,),)
7.122210502624512,-28.2907657623291,identifier,bytes
-59.191162109375,0.6310734748840332,identifier,i
-6.433826446533203,-116.79025268554688,),)
115.10331726074219,-26.96865463256836,<,<
-45.90679168701172,111.39044952392578,),)
-109.80240631103516,145.2302703857422,{,{
-12.742466926574707,-56.22587203979492,identifier,buf
55.35860824584961,110.73258972167969,.,.
60.1326904296875,85.24032592773438,identifier,append
-83.80059814453125,-50.899166107177734,(,(
24.825376510620117,0.8426965475082397,"""","""0"""
9.004447937011719,-106.85649871826172,),)
-168.75515747070312,61.59737777709961,;,;
-24.193418502807617,175.338623046875,},}
-12.742326736450195,-56.224937438964844,identifier,buf
55.13860321044922,110.73243713378906,.,.
60.50895690917969,85.51153564453125,identifier,append
-93.91586303710938,-45.099666595458984,(,(
76.41309356689453,66.70536041259766,identifier,Long
69.64874267578125,124.52165222167969,.,.
77.28055572509766,42.03059005737305,identifier,toString
-109.87409973144531,-48.28166198730469,(,(
-121.77651977539062,-53.014835357666016,(,(
5.700133323669434,-119.0208511352539,),)
7.115415573120117,-28.311981201171875,identifier,bytes
-58.98857498168945,0.034601446241140366,identifier,i
63.948612213134766,-48.418548583984375,",",","
-10.097603797912598,-117.24082946777344,),)
-14.703054428100586,-95.13848114013672,),)
-173.1879425048828,57.598392486572266,;,;
-23.72802734375,180.14857482910156,},}
133.82351684570312,118.99604034423828,return,return
-12.731733322143555,-56.223167419433594,identifier,buf
51.222412109375,119.77429962158203,.,.
77.1440658569336,42.16741943359375,identifier,toString
-112.24110412597656,-92.62405395507812,(,(
33.8398551940918,-140.69873046875,),)
-182.7580108642578,46.21614074707031,;,;
-243.71653747558594,-8.481800079345703,},}
26.287185668945312,5.5896077156066895,identifier,CheckReturnValue
93.61339569091797,2.447556495666504,identifier,NonNull
18.97173500061035,25.485820770263672,identifier,BackpressureSupport
-90.5108413696289,-70.1994857788086,(,(
18.98338508605957,25.45611572265625,identifier,BackpressureKind
34.169010162353516,157.68478393554688,.,.
22.775033950805664,17.6658935546875,identifier,NONE
15.042024612426758,-97.72472381591797,),)
18.194787979125977,27.109403610229492,identifier,SchedulerSupport
-90.5162353515625,-70.17176818847656,(,(
18.19172477722168,27.11909294128418,identifier,SchedulerSupport
34.16753387451172,157.6811981201172,.,.
22.775630950927734,17.664655685424805,identifier,NONE
15.040090560913086,-97.72592163085938,),)
27.85011863708496,15.411593437194824,identifier,Disposable
44.606807708740234,26.23438262939453,identifier,forEachWhile
-58.68929672241211,-163.2880859375,(,(
45.669124603271484,26.946622848510742,identifier,Predicate
180.2654571533203,-43.113773345947266,<,<
-6.312663555145264,67.55923461914062,identifier,T
185.67385864257812,-13.513279914855957,>,>
55.949405670166016,-12.07023811340332,identifier,onNext
86.28272247314453,-93.09527587890625,",",","
47.1970100402832,28.58962631225586,identifier,Consumer
180.380126953125,-42.94005584716797,<,<
28.404525756835938,-61.619544982910156,identifier,Throwable
185.38742065429688,-13.66419506072998,>,>
57.316551208496094,-14.947422981262207,identifier,onError
85.97404479980469,-92.87984466552734,",",","
15.582626342773438,-25.823713302612305,identifier,Action
54.00318908691406,-16.379615783691406,identifier,onComplete
-12.768279075622559,-230.4197998046875,),)
-145.34628295898438,-0.04875670745968819,{,{
27.402904510498047,38.28618621826172,identifier,ObjectHelper
69.24388122558594,115.01173400878906,.,.
93.98680114746094,8.410261154174805,identifier,requireNonNull
-94.92890930175781,-64.27859497070312,(,(
55.95009231567383,-12.074267387390137,identifier,onNext
55.73033142089844,-56.298484802246094,",",","
26.660043716430664,4.533059597015381,"""","""onNext is null"""
9.979802131652832,-103.83293914794922,),)
-109.49687957763672,62.21990966796875,;,;
27.40016746520996,38.2879524230957,identifier,ObjectHelper
69.25621795654297,115.15770721435547,.,.
93.99156188964844,8.397921562194824,identifier,requireNonNull
-94.74251556396484,-64.16970825195312,(,(
57.31319046020508,-14.950935363769531,identifier,onError
55.88212585449219,-56.3576545715332,",",","
26.578771591186523,4.439011573791504,"""","""onError is null"""
9.724376678466797,-103.9546127319336,),)
-109.63873291015625,62.269805908203125,;,;
27.39985466003418,38.28828430175781,identifier,ObjectHelper
69.25802612304688,115.1890640258789,.,.
93.99260711669922,8.394723892211914,identifier,requireNonNull
-94.67367553710938,-64.13091278076172,(,(
54.00745391845703,-16.37703514099121,identifier,onComplete
55.91423416137695,-56.461204528808594,",",","
26.632238388061523,4.293154716491699,"""","""onComplete is null"""
9.501470565795898,-104.00472259521484,),)
-110.6059799194336,61.91304397583008,;,;
45.107147216796875,26.201284408569336,identifier,ForEachWhileSubscriber
181.56158447265625,-41.243831634521484,<,<
-6.143049716949463,67.2743911743164,identifier,T
183.7418975830078,-14.745857238769531,>,>
-10.594573020935059,-41.26138687133789,identifier,s
126.82750701904297,-65.32917785644531,=,=
113.37568664550781,43.3142204284668,new,new
45.09808349609375,26.164276123046875,identifier,ForEachWhileSubscriber
181.77407836914062,-41.269290924072266,<,<
-6.122840881347656,67.18791198730469,identifier,T
184.8417510986328,-16.84087371826172,>,>
-91.66191864013672,-62.94667434692383,(,(
55.95109176635742,-12.076679229736328,identifier,onNext
57.94150161743164,-46.740047454833984,",",","
57.31597900390625,-14.959528923034668,identifier,onError
57.90547561645508,-44.534854888916016,",",","
54.00355911254883,-16.382335662841797,identifier,onComplete
-5.483266353607178,-101.46743774414062,),)
-115.24569702148438,68.51242065429688,;,;
45.45650863647461,25.391921997070312,identifier,subscribe
-102.7154769897461,-46.352821350097656,(,(
-10.340422630310059,-40.72449493408203,identifier,s
-5.903720855712891,-106.45915985107422,),)
-119.72701263427734,68.55467987060547,;,;
132.83567810058594,120.94052124023438,return,return
-10.546157836914062,-40.66257095336914,identifier,s
-183.1839141845703,44.520660400390625,;,;
-240.49038696289062,-9.547761917114258,},}
-34.622955322265625,-76.22689819335938,identifier,Override
34.609535217285156,15.263854026794434,identifier,renderView
-60.44415283203125,-157.12530517578125,(,(
15.491070747375488,-26.362152099609375,identifier,ActionRequest
15.383918762207031,-26.916025161743164,identifier,actionRequest
89.73973083496094,-91.06436157226562,",",","
88.69322967529297,75.28144836425781,identifier,String
-35.096858978271484,-34.30287170410156,identifier,target
-10.05329418182373,-226.26988220214844,),)
30.530406951904297,-64.80343627929688,identifier,Exception
-143.41339111328125,1.9021482467651367,{,{
36.790225982666016,47.375125885009766,identifier,HttpServletRequest
14.397563934326172,-31.058692932128906,identifier,request
137.3099365234375,-61.06452178955078,=,=
15.317436218261719,-27.162015914916992,identifier,actionRequest
60.107994079589844,135.46807861328125,.,.
37.20709228515625,44.49808883666992,identifier,getHttpServletRequest
-97.74491119384766,-91.73884582519531,(,(
37.99920654296875,-152.89505004882812,),)
-106.28966522216797,57.57347869873047,;,;
38.308021545410156,47.34503173828125,identifier,HttpServletResponse
11.997145652770996,-42.760780334472656,identifier,response
132.4373321533203,-59.75139236450195,=,=
15.2988920211792,-27.233274459838867,identifier,actionRequest
60.073551177978516,135.65121459960938,.,.
37.24032211303711,44.5128288269043,identifier,getHttpServletResponse
-97.72235870361328,-91.800048828125,(,(
37.74763870239258,-152.6705780029297,),)
-106.68324279785156,57.59723663330078,;,;
34.44477462768555,42.39004898071289,identifier,RequestDispatcher
22.447961807250977,-30.354398727416992,identifier,dispatcher
131.82138061523438,-60.09413528442383,=,=
14.819025039672852,-30.228116989135742,identifier,request
59.544883728027344,136.4835662841797,.,.
35.13045883178711,42.91082000732422,identifier,getRequestDispatcher
-103.31158447265625,-57.180572509765625,(,(
-35.25078201293945,-33.732887268066406,identifier,target
4.613470077514648,-97.93445587158203,),)
-114.94033813476562,43.7306022644043,;,;
155.51727294921875,31.731304168701172,if,if
-169.45770263671875,-51.96854019165039,(,(
22.783885955810547,-30.080785751342773,identifier,dispatcher
106.06827545166016,-13.336625099182129,==,==
-45.18994903564453,107.30609893798828,),)
-114.00240325927734,143.53627014160156,{,{
11.122380256652832,-41.9350471496582,identifier,response
59.39227294921875,110.60433197021484,.,.
51.15364074707031,-0.08399319648742676,identifier,sendError
-87.74018859863281,-47.423919677734375,(,(
21.590953826904297,13.44953441619873,identifier,SC_NOT_FOUND
53.95500946044922,-56.598114013671875,",",","
29.8842830657959,3.9905669689178467,"""","""Result not found: """
52.402774810791016,-85.63633728027344,+,+
-35.19600296020508,-33.46992492675781,identifier,target
-2.8441107273101807,-95.39520263671875,),)
-121.54094696044922,62.28335952758789,;,;
138.02960205078125,108.01563262939453,return,return
-163.32083129882812,50.18061065673828,;,;
-23.354307174682617,170.72096252441406,},}
149.85044860839844,36.766544342041016,if,if
-169.18772888183594,-58.12629699707031,(,(
26.42333221435547,29.086681365966797,identifier,DispatcherUtil
63.670833587646484,125.10225677490234,.,.
36.30979537963867,-0.11920756846666336,identifier,isPageIncluded
-105.95579528808594,-56.64034652709961,(,(
15.283304214477539,-30.883699417114258,identifier,request
58.228267669677734,-49.31848907470703,",",","
12.294361114501953,-41.567359924316406,identifier,response
-6.846983909606934,-119.38290405273438,),)
-48.05360794067383,114.40489959716797,),)
-108.80330657958984,142.72552490234375,{,{
22.936634063720703,-29.96240997314453,identifier,dispatcher
59.31475067138672,117.78759002685547,.,.
36.34052276611328,-0.10637211799621582,identifier,include
-101.23300170898438,-49.0297966003418,(,(
15.384883880615234,-30.90766716003418,identifier,request
59.289920806884766,-48.1388053894043,",",","
12.31553840637207,-41.426307678222656,identifier,response
-6.42877197265625,-99.86990356445312,),)
-170.5915985107422,57.426856994628906,;,;
-32.9197998046875,168.17794799804688,},}
-34.397159576416016,150.78305053710938,else,else
-102.89456939697266,137.838134765625,{,{
22.97679901123047,-29.928403854370117,identifier,dispatcher
59.58441925048828,117.75238037109375,.,.
32.357337951660156,-5.361636638641357,identifier,forward
-101.51721954345703,-48.79106903076172,(,(
15.448014259338379,-30.952144622802734,identifier,request
59.95499038696289,-46.94961166381836,",",","
12.358881950378418,-41.325721740722656,identifier,response
-9.221357345581055,-103.81465911865234,),)
-178.77781677246094,53.134761810302734,;,;
-19.696046829223633,190.52769470214844,},}
-243.84071350097656,-1.31503164768219,},}
69.5300521850586,3.7348105907440186,identifier,delete
-66.74268341064453,-154.88526916503906,(,(
-12.101885795593262,-218.21047973632812,),)
-18.0849609375,55.74602508544922,identifier,IOException
-145.00384521484375,2.8122811317443848,{,{
23.06498908996582,-16.19974708557129,identifier,attempts
128.54751586914062,-48.09725570678711,=,=
-106.52867126464844,44.737850189208984,;,;
164.50054931640625,28.014646530151367,while,while
-180.08460998535156,-55.133026123046875,(,(
-49.87410354614258,103.52960205078125,),)
-115.1240005493164,134.74932861328125,{,{
-106.97659301757812,127.75233459472656,{,{
41.667179107666016,3.052635431289673,identifier,acquireWriteLock
-102.0462875366211,-85.71363830566406,(,(
40.03132629394531,-149.19271850585938,),)
-119.46440887451172,44.950687408447266,;,;
-105.6934814453125,128.0782012939453,{,{
72.14507293701172,-30.757186889648438,identifier,close
-102.9341812133789,-85.40528869628906,(,(
40.13328552246094,-148.36734008789062,),)
-119.26959991455078,44.3955192565918,;,;
157.7090301513672,33.29549789428711,if,if
-170.2972412109375,-53.70305252075195,(,(
2.6526432037353516,-15.029162406921387,identifier,osFile
116.16964721679688,-10.936127662658691,!=,!=
-44.166969299316406,107.24346923828125,),)
-108.98580932617188,145.58116149902344,{,{
54.64656448364258,41.08964920043945,identifier,Files
63.960506439208984,123.54173278808594,.,.
35.59197235107422,8.537760734558105,identifier,deleteIfExists
-102.88614654541016,-53.941558837890625,(,(
2.6473634243011475,-15.03976821899414,identifier,osFile
-0.661918044090271,-96.95580291748047,),)
-167.94638061523438,61.60514450073242,;,;
-14.407637596130371,185.91067504882812,},}
-36.92066192626953,172.99464416503906,},}
-100.41460418701172,138.35189819335938,{,{
41.69355392456055,3.0581538677215576,identifier,releaseWriteLock
-103.1942138671875,-85.87557220458984,(,(
38.413330078125,-145.35121154785156,),)
-117.90523529052734,61.038604736328125,;,;
23.068754196166992,-16.19794464111328,identifier,attempts
-165.326416015625,56.340431213378906,;,;
-26.104650497436523,175.20657348632812,},}
-167.44692993164062,52.68512725830078,;,;
-35.74766159057617,172.46539306640625,},}
-155.6811065673828,-49.95818328857422,(,(
-17.383411407470703,55.6551628112793,identifier,IOException
19.255117416381836,-66.79389953613281,identifier,ioe
-37.54275894165039,110.27203369140625,),)
-103.34268951416016,142.45277404785156,{,{
24.739330291748047,31.372713088989258,identifier,OLogManager
65.45867156982422,123.09969329833984,.,.
59.449066162109375,12.07097053527832,identifier,instance
-108.97736358642578,-83.94595336914062,(,(
21.212926864624023,-140.00587463378906,),)
72.2922134399414,131.88461303710938,.,.
65.4852066040039,-18.546428680419922,identifier,error
-85.28211212158203,-48.86955261230469,(,(
52.388511657714844,-55.588558197021484,",",","
30.695720672607422,4.967282295227051,"""","""Error during deletion of file '"""
52.19704055786133,-87.71904754638672,+,+
-18.059307098388672,-21.234542846679688,identifier,getName
-109.02517700195312,-102.80071258544922,(,(
11.308695793151855,-157.5272674560547,),)
57.02683639526367,-82.16703796386719,+,+
29.98335075378418,-0.14456696808338165,"""","""' """
52.319496154785156,-86.72735595703125,+,+
23.074636459350586,-16.2021484375,identifier,attempts
55.84447479248047,-82.07366180419922,+,+
27.348411560058594,1.972354769706726,"""","""-th attempt"""
67.73643493652344,-50.6002197265625,",",","
19.252229690551758,-66.78826904296875,identifier,ioe
-8.553635597229004,-100.35655212402344,),)
-113.68938446044922,71.31136322021484,;,;
35.004268646240234,6.9123945236206055,identifier,reopenFile
-99.32865905761719,-50.9567985534668,(,(
23.07827377319336,-16.20955467224121,identifier,attempts
60.64317321777344,-46.793338775634766,",",","
19.251062393188477,-66.78559875488281,identifier,ioe
-9.834697723388672,-102.55210876464844,),)
-177.8253173828125,53.5672492980957,;,;
-20.254547119140625,188.05482482910156,},}
-24.693790435791016,187.81878662109375,},}
-245.9559326171875,0.6972450613975525,},}
66.37028503417969,53.60022735595703,identifier,List
182.3564453125,-46.4470329284668,<,<
21.562171936035156,-6.91810941696167,identifier,Task
183.59693908691406,-9.939412117004395,>,>
45.4464225769043,-5.480639457702637,identifier,executeTask
-61.34295654296875,-160.3986358642578,(,(
87.98534393310547,73.20953369140625,identifier,String
19.582923889160156,-8.254976272583008,identifier,taskId
88.92852783203125,-87.66595458984375,",",","
88.74361419677734,72.76197814941406,identifier,String
32.1165657043457,-12.072600364685059,identifier,operator
86.76097106933594,-91.76004028320312,",",","
63.05298614501953,58.37466049194336,identifier,Map
181.47637939453125,-43.73057556152344,<,<
90.9673080444336,67.25946044921875,identifier,String
70.28524017333984,-65.76121520996094,",",","
86.37541961669922,57.290531158447266,identifier,Object
184.84437561035156,-12.274601936340332,>,>
33.644527435302734,-54.2147331237793,identifier,args
-13.804546356201172,-227.83322143554688,),)
-146.65472412109375,0.6993264555931091,{,{
24.843284606933594,-22.149085998535156,identifier,Execution
24.32423973083496,-21.93255043029785,identifier,execution
136.51663208007812,-63.687652587890625,=,=
45.745361328125,-5.830859184265137,identifier,execute
-100.08934020996094,-62.13710403442383,(,(
19.583515167236328,-8.255584716796875,identifier,taskId
54.291893005371094,-49.88481521606445,",",","
32.11765670776367,-12.073724746704102,identifier,operator
53.34953689575195,-48.464324951171875,",",","
33.652305603027344,-54.209251403808594,identifier,args
3.610048532485962,-92.99555206298828,),)
-113.6332778930664,45.1939811706543,;,;
153.28964233398438,29.38027572631836,if,if
-172.26535034179688,-49.37791442871094,(,(
24.06708526611328,-21.797534942626953,identifier,execution
105.33627319335938,-12.945096969604492,==,==
-57.067935943603516,102.00941467285156,),)
141.0821990966797,110.24856567382812,return,return
65.94862365722656,43.86756896972656,identifier,Collections
71.00072479248047,118.238525390625,.,.
80.54978942871094,-0.06491710245609283,identifier,emptyList
-94.21868896484375,-101.18339538574219,(,(
34.974945068359375,-153.44839477539062,),)
-110.1040267944336,57.004417419433594,;,;
47.1873893737793,-15.47565746307373,identifier,ProcessModel
45.18204879760742,-19.31198501586914,identifier,model
131.43716430664062,-59.750282287597656,=,=
23.840518951416016,-21.680511474609375,identifier,execution
58.3217658996582,136.713134765625,.,.
48.78455352783203,-13.857992172241211,identifier,getProcess
-99.73384857177734,-94.37115478515625,(,(
19.115341186523438,-141.5547332763672,),)
69.99979400634766,137.63031005859375,.,.
44.72236251831055,-18.985164642333984,identifier,getModel
-100.32877349853516,-93.96458435058594,(,(
35.55904769897461,-149.34051513671875,),)
-115.70355987548828,42.35322570800781,;,;
155.40994262695312,33.96918487548828,if,if
-166.9773406982422,-52.9106559753418,(,(
45.12678146362305,-19.292129516601562,identifier,model
117.00570678710938,-10.27603530883789,!=,!=
-43.633384704589844,109.67621612548828,),)
-110.24380493164062,139.50445556640625,{,{
47.18758010864258,-16.797664642333984,identifier,NodeModel
46.914947509765625,-17.519323348999023,identifier,nodeModel
124.79315948486328,-60.48948669433594,=,=
45.14107131958008,-19.29534339904785,identifier,model
57.930686950683594,137.10536193847656,.,.
47.96227264404297,-17.539833068847656,identifier,getNode
-100.38424682617188,-55.58538818359375,(,(
23.799072265625,-21.656600952148438,identifier,execution
55.628787994384766,140.54742431640625,.,.
21.036725997924805,-5.534733295440674,identifier,getTask
-107.28794860839844,-103.91255950927734,(,(
19.83974838256836,-143.4572296142578,),)
69.31017303466797,139.16761779785156,.,.
20.962385177612305,-5.370975017547607,identifier,getTaskName
-108.14507293701172,-100.26347351074219,(,(
15.345783233642578,-155.1002655029297,),)
-12.028679847717285,-93.61396789550781,),)
-111.25563049316406,70.68856811523438,;,;
46.95356750488281,-17.57692527770996,identifier,nodeModel
58.369632720947266,116.3077392578125,.,.
45.78575897216797,-5.875646114349365,identifier,execute
-101.1884765625,-47.67291259765625,(,(
23.91376304626465,-21.726747512817383,identifier,execution
-5.816747188568115,-104.02899169921875,),)
-173.8968505859375,56.76542282104492,;,;
-22.017898559570312,178.09942626953125,},}
134.41075134277344,118.74703979492188,return,return
23.740238189697266,-21.633684158325195,identifier,execution
59.89397430419922,142.65982055664062,.,.
22.059995651245117,-5.031213283538818,identifier,getTasks
-110.82707977294922,-92.07931518554688,(,(
34.50029373168945,-140.72889709472656,),)
-182.66087341308594,47.00154495239258,;,;
-242.25344848632812,-7.69784688949585,},}
22.618053436279297,28.364776611328125,identifier,IURLProtocolHandler
33.85527038574219,12.153249740600586,identifier,mapIO
-61.397979736328125,-160.08836364746094,(,(
87.4384994506836,73.96398162841797,identifier,String
3.1635072231292725,-22.139131546020508,identifier,url
90.84358978271484,-88.27693939208984,",",","
22.64643096923828,28.371963500976562,identifier,IURLProtocolHandler
35.928043365478516,-33.784915924072266,identifier,handler
91.3603286743164,-91.51277923583984,",",","
24.51727867126465,9.873339653015137,identifier,unmapUrlOnOpen
-12.009123802185059,-228.6083526611328,),)
-149.3804473876953,5.793933391571045,{,{
-116.92816162109375,135.6613311767578,{,{
154.03785705566406,25.118619918823242,if,if
-175.33334350585938,-50.064735412597656,(,(
3.333926200866699,-21.488027572631836,identifier,url
104.09262084960938,-12.156192779541016,==,==
3.515021562576294,-21.201786041259766,identifier,url
41.53190612792969,129.00819396972656,.,.
16.994216918945312,82.73455047607422,identifier,length
-97.2060546875,-101.67680358886719,(,(
24.31072235107422,-150.79598999023438,),)
-56.529701232910156,102.92747497558594,),)
119.5152816772461,43.05278778076172,new,new
42.715030670166016,35.585453033447266,identifier,IllegalArgumentException
-82.0789566040039,-56.291770935058594,(,(
28.38665199279785,5.893424987792969,"""","""must pass in non-zero url"""
11.787951469421387,-104.12275695800781,),)
-114.95427703857422,49.25307846069336,;,;
152.2428741455078,31.353212356567383,if,if
-169.8135528564453,-51.265655517578125,(,(
35.92500305175781,-33.71097183227539,identifier,handler
104.73915100097656,-13.870626449584961,==,==
-45.31473922729492,106.43230438232422,),)
-109.9231185913086,149.7562255859375,{,{
118.81532287597656,43.2767448425293,new,new
42.71512985229492,35.69843292236328,identifier,IllegalArgumentException
-82.44023895263672,-55.955162048339844,(,(
28.462862014770508,5.641369819641113,"""","""must pass in a non null handler"""
11.753768920898438,-105.53656005859375,),)
-162.66981506347656,59.65447235107422,;,;
-21.44412612915039,171.28773498535156,},}
82.59957885742188,71.46466827392578,identifier,String
-25.40238380432129,-12.702845573425293,identifier,streamName
130.15318298339844,-60.17576599121094,=,=
22.947111129760742,28.36745834350586,identifier,URLProtocolManager
61.65393829345703,131.37197875976562,.,.
29.47865867614746,12.18774700164795,identifier,getResourceFromURL
-102.1844711303711,-57.51551055908203,(,(
3.7963593006134033,-21.95224380493164,identifier,url
3.2341320514678955,-98.43402099609375,),)
-109.96421813964844,60.30747604370117,;,;
7.63724422454834,19.25864028930664,identifier,RegistrationInformation
31.23201560974121,-32.699092864990234,identifier,tuple
127.38250732421875,-63.585411071777344,=,=
111.59430694580078,42.65901184082031,new,new
7.630476474761963,19.254230499267578,identifier,RegistrationInformation
-94.6505355834961,-57.46699142456055,(,(
-25.40216827392578,-12.707018852233887,identifier,streamName
56.28927230834961,-48.0330924987793,",",","
35.932373046875,-33.65006637573242,identifier,handler
56.651573181152344,-43.92537307739258,",",","
24.537107467651367,9.89320182800293,identifier,unmapUrlOnOpen
-2.8531312942504883,-100.07945251464844,),)
-110.38308715820312,60.80922317504883,;,;
7.628753662109375,19.258451461791992,identifier,RegistrationInformation
-16.070661544799805,-3.318474531173706,identifier,oldTuple
126.09700012207031,-59.84604263305664,=,=
4.553324222564697,5.397144317626953,identifier,mURLs
52.53947448730469,124.22461700439453,.,.
67.04962158203125,19.958688735961914,identifier,putIfAbsent
-98.22480010986328,-41.990482330322266,(,(
-25.401487350463867,-12.707892417907715,identifier,streamName
59.910064697265625,-48.889102935791016,",",","
31.236000061035156,-32.70210647583008,identifier,tuple
-4.227923393249512,-101.16630554199219,),)
-117.73085021972656,66.80802154541016,;,;
136.70335388183594,118.24535369873047,return,return
-16.122272491455078,-3.2964706420898438,identifier,oldTuple
107.85954284667969,-12.781795501708984,==,==
-16.152799606323242,-3.290408134460449,identifier,oldTuple
58.758689880371094,142.95477294921875,.,.
35.920860290527344,-32.955078125,identifier,getHandler
-110.63797760009766,-92.27645111083984,(,(
34.274837493896484,-141.43788146972656,),)
-179.42459106445312,49.48476791381836,;,;
-23.134653091430664,189.71966552734375,},}
-246.26864624023438,-2.0927813053131104,},}
60.91758346557617,-1.5772799253463745,identifier,URL
35.805789947509766,15.914803504943848,identifier,fixPureQueryTargets
-64.13818359375,-161.17799377441406,(,(
60.4411735534668,-1.5474519729614258,identifier,URL
15.617654800415039,-21.029197692871094,identifier,base
90.2668228149414,-89.22333526611328,",",","
87.00003051757812,72.86560821533203,identifier,String
-34.65766143798828,-34.21165084838867,identifier,target
-10.193854331970215,-225.48944091796875,),)
47.4987678527832,32.345638275146484,identifier,MalformedURLException
-143.97817993164062,4.297031879425049,{,{
152.31478881835938,24.48467254638672,if,if
-178.20033264160156,-51.63998031616211,(,(
-33.99773406982422,-33.63652420043945,identifier,target
44.697139739990234,126.97503662109375,.,.
90.90682220458984,-12.146023750305176,identifier,startsWith
-110.337158203125,-64.0096435546875,(,(
26.225278854370117,-2.6798129081726074,"""","""?"""
-8.109918594360352,-125.22250366210938,),)
-56.78526306152344,103.28466796875,),)
141.61239624023438,110.52957916259766,return,return
111.85944366455078,40.226016998291016,new,new
60.73204803466797,-2.6899118423461914,identifier,URL
-93.49842071533203,-60.22328567504883,(,(
15.608479499816895,-21.04208755493164,identifier,base
55.339942932128906,-50.95507049560547,",",","
-34.459564208984375,-33.150733947753906,identifier,target
4.339240074157715,-93.28849029541016,),)
-109.96268463134766,56.02801513671875,;,;
83.44871520996094,70.67342376708984,identifier,String
-7.131714820861816,-23.774768829345703,identifier,basePath
133.60997009277344,-58.385799407958984,=,=
15.524626731872559,-21.08332633972168,identifier,base
57.98213195800781,135.8662567138672,.,.
-1.4218324422836304,-22.708389282226562,identifier,getPath
-98.98300170898438,-93.12869262695312,(,(
37.32970428466797,-151.78988647460938,),)
-107.80427551269531,55.740699768066406,;,;
83.45592498779297,70.05625915527344,identifier,String
-6.286623001098633,16.476581573486328,identifier,baseRightMost
126.27135467529297,-49.39139175415039,=,=
28.161104202270508,-6.529183387756348,"""",""""""
-106.97830200195312,52.653961181640625,;,;
-5.956353664398193,16.434032440185547,identifier,baseRightMostIdx
134.74911499023438,-56.321781158447266,=,=
-7.139719009399414,-23.770395278930664,identifier,basePath
47.645774841308594,127.21288299560547,.,.
67.95542907714844,-1.4294724464416504,identifier,lastIndexOf
-108.48130798339844,-64.08451843261719,(,(
25.702245712280273,-4.8882365226745605,"""","""/"""
8.209981918334961,-102.08130645751953,),)
-115.4259262084961,43.07608413696289,;,;
154.923095703125,32.98744201660156,if,if
-168.97323608398438,-52.635231018066406,(,(
-5.772119998931885,16.33320426940918,identifier,baseRightMostIdx
117.14038848876953,-12.880844116210938,!=,!=
-45.37442398071289,109.44322967529297,),)
-110.95556640625,143.73707580566406,{,{
-6.020163536071777,16.289180755615234,identifier,baseRightMost
122.2302474975586,-60.61420822143555,=,=
-7.140803337097168,-23.77022361755371,identifier,basePath
47.663307189941406,126.26920318603516,.,.
47.86114501953125,59.16990661621094,identifier,substring
-107.05699920654297,-47.94392013549805,(,(
-5.605738639831543,16.190898895263672,identifier,baseRightMostIdx
53.98993682861328,-79.12390899658203,+,+
-1.8110032081604004,-107.77761840820312,),)
-170.760498046875,61.454524993896484,;,;
-24.85828399658203,173.8069305419922,},}
150.40077209472656,36.869293212890625,if,if
-167.57830810546875,-57.50852966308594,(,(
-33.88080596923828,-33.42762756347656,identifier,target
44.16142272949219,126.03862762451172,.,.
90.89198303222656,-12.13187026977539,identifier,startsWith
-111.79344940185547,-63.53936767578125,(,(
26.224029541015625,-2.697826385498047,"""","""?"""
-8.860136985778809,-121.38249969482422,),)
-60.19646072387695,102.38678741455078,),)
-33.51300811767578,-32.88020324707031,identifier,target
122.85564422607422,-57.451141357421875,=,=
-5.691087245941162,16.017303466796875,identifier,baseRightMost
52.31856155395508,-82.28443908691406,+,+
-34.116390228271484,-32.55277633666992,identifier,target
-117.44508361816406,67.9704818725586,;,;
135.6092987060547,118.99822235107422,return,return
112.97594451904297,40.322654724121094,new,new
60.81837463378906,-2.8426501750946045,identifier,URL
-94.96832275390625,-53.51405334472656,(,(
15.612826347351074,-21.060359954833984,identifier,base
60.21902847290039,-46.267311096191406,",",","
-34.31245803833008,-32.62812805175781,identifier,target
-10.033673286437988,-104.58981323242188,),)
-181.8194580078125,47.52619552612305,;,;
-241.23068237304688,-7.689108371734619,},}
28.102441787719727,14.20445728302002,identifier,postMultiplyDiagonal
-63.91450881958008,-157.98666381835938,(,(
27.523393630981445,13.581060409545898,identifier,MAVector
0.9629712700843811,2.523203134536743,identifier,diag
-14.206789016723633,-222.94207763671875,),)
-151.07518005371094,2.8790524005889893,{,{
154.48114013671875,23.250646591186523,if,if
-176.35594177246094,-49.57504653930664,(,(
30.843883514404297,-27.804580688476562,identifier,ncols
114.79843139648438,-13.815231323242188,!=,!=
0.9550589323043823,2.5328800678253174,identifier,diag
61.46312713623047,138.63768005371094,.,.
12.282304763793945,26.748003005981445,identifier,getNelems
-96.59152221679688,-96.03202056884766,(,(
22.36705780029297,-156.25462341308594,),)
-56.39628601074219,103.32664489746094,),)
119.83805847167969,42.661476135253906,new,new
42.316246032714844,35.45627212524414,identifier,IllegalArgumentException
-81.31283569335938,-55.91265106201172,(,(
27.896207809448242,13.852736473083496,"""","""MAMatrix.postMultiplyDiagonal """
53.727474212646484,-86.8260498046875,+,+
30.85232162475586,-27.7998104095459,identifier,ncols
55.63817596435547,-83.33695983886719,+,+
29.811237335205078,0.7940366864204407,"""",""" != """
53.303749084472656,-85.0863037109375,+,+
0.9553290605545044,2.5336549282073975,identifier,diag
61.45334243774414,138.64768981933594,.,.
12.282296180725098,26.74709701538086,identifier,getNelems
-96.72826385498047,-96.10700225830078,(,(
18.882139205932617,-157.98806762695312,),)
-12.743343353271484,-88.1742172241211,),)
-112.29541778564453,49.82478332519531,;,;
170.1556854248047,28.839292526245117,for,for
-162.6740264892578,-44.39326858520508,(,(
-64.36476135253906,1.0060453414916992,identifier,i
131.9314727783203,-48.9305305480957,=,=
-94.72238159179688,51.517127990722656,;,;
-62.98246765136719,2.484919548034668,identifier,i
116.9872055053711,-31.24517059326172,<,<
31.347929000854492,-27.70967674255371,identifier,nrows
-93.34331512451172,49.15473937988281,;,;
-61.876888275146484,2.9155001640319824,identifier,i
-41.73656463623047,117.34734344482422,),)
-113.10562133789062,134.4975128173828,{,{
170.8195343017578,28.336597442626953,for,for
-162.44342041015625,-45.154319763183594,(,(
-61.48432540893555,8.789600372314453,identifier,j
132.45657348632812,-48.323612213134766,=,=
-94.3057632446289,51.47561264038086,;,;
-60.91281509399414,8.23924446105957,identifier,j
116.1570053100586,-30.95897102355957,<,<
30.907917022705078,-27.79395294189453,identifier,ncols
-93.31143951416016,49.47764587402344,;,;
-60.74357604980469,8.198185920715332,identifier,j
-41.941307067871094,116.54094696044922,),)
-110.31742858886719,136.81329345703125,{,{
15.168638229370117,-50.09701156616211,identifier,val
127.63201141357422,-55.2484130859375,=,=
-3.848500967025757,-44.98027038574219,identifier,a
53.414554595947266,131.7052459716797,.,.
53.364261627197266,20.819971084594727,identifier,getDouble
-100.3662338256836,-55.44961929321289,(,(
26.02740478515625,17.76533317565918,identifier,ima
51.10995864868164,122.07878112792969,.,.
62.99715042114258,14.900625228881836,identifier,set
-108.78321838378906,-54.859832763671875,(,(
-60.15959167480469,-0.7156872153282166,identifier,i
60.48532485961914,-50.427127838134766,",",","
-60.08308792114258,8.756464004516602,identifier,j
-3.4635915756225586,-119.78626251220703,),)
-16.84287452697754,-114.09329223632812,),)
0.955194890499115,2.5288589000701904,identifier,diag
52.693729400634766,131.58831787109375,.,.
53.362152099609375,20.820575714111328,identifier,getDouble
-105.969482421875,-54.41922378540039,(,(
-59.945648193359375,8.807579040527344,identifier,j
0.39048150181770325,-102.5420150756836,),)
-111.66838073730469,71.66899871826172,;,;
-4.0826263427734375,-44.94400405883789,identifier,a
58.635887145996094,114.01139831542969,.,.
41.0922966003418,7.570251941680908,identifier,setDouble
-99.46015167236328,-46.61745071411133,(,(
26.021221160888672,17.791101455688477,identifier,ima
61.272216796875,-46.86560821533203,",",","
15.182158470153809,-50.09865188598633,identifier,val
-9.207066535949707,-102.8058090209961,),)
-178.12440490722656,54.63676834106445,;,;
-19.669208526611328,187.572509765625,},}
-24.659984588623047,187.23463439941406,},}
-244.2040252685547,1.357183814048767,},}
93.51699829101562,1.6488088369369507,identifier,Nullable
-6.022584915161133,26.74001693725586,identifier,getBitmap
-64.30868530273438,-163.4635467529297,(,(
39.15929412841797,24.485647201538086,identifier,RandomAccessFile
-13.253386497497559,43.81242752075195,identifier,raf
-9.91559886932373,-223.2908172607422,),)
-18.59209632873535,56.03486633300781,identifier,IOException
-144.15252685546875,4.268132209777832,{,{
153.37399291992188,23.889911651611328,if,if
-175.1527862548828,-49.22962188720703,(,(
-5.656798839569092,25.881900787353516,identifier,bitMapIndicator
102.70252227783203,-14.697524070739746,==,==
-56.47641372680664,102.12667846679688,),)
141.0249481201172,109.8940200805664,return,return
-114.42182922363281,50.58980941772461,;,;
152.50799560546875,30.860485076904297,if,if
-171.42901611328125,-49.796714782714844,(,(
-5.625988006591797,25.784690856933594,identifier,bitMapIndicator
102.42733764648438,-14.975371360778809,==,==
-57.17549133300781,101.12648010253906,),)
82.15763092041016,27.308670043945312,identifier,logger
67.3732681274414,110.580810546875,.,.
75.55345916748047,-13.301748275756836,identifier,debug
-80.41039276123047,-52.037330627441406,(,(
28.80472183227539,9.9017972946167,"""","""HEY bitMapIndicator=254 previously defined bitmap"""
11.656362533569336,-103.72016143798828,),)
-114.88961791992188,48.064449310302734,;,;
153.52572631835938,31.788137435913086,if,if
-170.28977966308594,-51.80825424194336,(,(
-5.616032600402832,25.74971580505371,identifier,bitMapIndicator
116.51744079589844,-13.067327499389648,!=,!=
-44.72956085205078,106.33549499511719,),)
-109.90465545654297,149.37998962402344,{,{
118.87267303466797,42.11534118652344,new,new
41.132347106933594,36.054874420166016,identifier,UnsupportedOperationException
-82.11640930175781,-55.13491439819336,(,(
28.56592559814453,9.177030563354492,"""","""Grib2 Bit map section pre-defined (provided by center) = """
53.098480224609375,-85.5362319946289,+,+
-5.594595432281494,25.7043399810791,identifier,bitMapIndicator
-2.9603042602539062,-94.43374633789062,),)
-163.1574249267578,59.73789596557617,;,;
-21.57232093811035,172.19497680664062,},}
-13.237923622131348,43.798789978027344,identifier,raf
61.95459747314453,114.15779876708984,.,.
33.53464126586914,7.825916290283203,identifier,seek
-100.73592376708984,-57.94228744506836,(,(
32.698089599609375,6.828956127166748,identifier,startingPosition
3.3813180923461914,-99.4038314819336,),)
-113.5340805053711,61.294769287109375,;,;
13.723393440246582,84.06018829345703,identifier,length
126.82633209228516,-58.85863494873047,=,=
27.868661880493164,9.529291152954102,identifier,GribNumbers
58.794586181640625,127.3985366821289,.,.
24.840557098388672,7.255314350128174,identifier,int4
-102.54828643798828,-55.9412841796875,(,(
-13.248396873474121,43.806068420410156,identifier,raf
-0.6714251041412354,-102.29412078857422,),)
-112.08747100830078,66.42903900146484,;,;
-13.234330177307129,43.79543685913086,identifier,raf
61.550392150878906,114.32691955566406,.,.
33.19857406616211,8.084383964538574,identifier,skipBytes
-101.12096405029297,-68.49848175048828,(,(
-0.5686098337173462,-107.3299331665039,),)
-113.29320526123047,61.99760055541992,;,;
-2.2626047134399414,-55.12358093261719,identifier,data
126.32670593261719,-64.55490112304688,=,=
110.94662475585938,41.498355865478516,new,new
13.80723762512207,83.93486785888672,identifier,length
-112.6384048461914,68.12623596191406,;,;
-13.235547065734863,43.795921325683594,identifier,raf
61.480735778808594,114.59923553466797,.,.
44.06322479248047,-3.0137102603912354,identifier,readFully
-102.85456848144531,-47.84652328491211,(,(
-3.1316964626312256,-54.81557083129883,identifier,data
-6.0841264724731445,-105.9265365600586,),)
-119.35424041748047,67.9787368774414,;,;
133.4901123046875,119.60567474365234,return,return
-3.273682117462158,-54.588134765625,identifier,data
-181.316162109375,45.04987335205078,;,;
-241.29153442382812,-7.9980597496032715,},}
68.7332992553711,33.19955825805664,identifier,setProperty
-61.563453674316406,-156.79571533203125,(,(
87.78268432617188,73.39261627197266,identifier,String
-15.454301834106445,-18.178998947143555,identifier,name
90.73721313476562,-89.50714111328125,",",","
88.96842193603516,73.30047607421875,identifier,String
18.871267318725586,-53.36189270019531,identifier,value
-12.36190128326416,-225.5511932373047,),)
-149.99989318847656,2.7626829147338867,{,{
153.3168487548828,24.302913665771484,if,if
-174.4371795654297,-49.00273513793945,(,(
18.409196853637695,-52.78804397583008,identifier,value
103.9384994506836,-12.693499565124512,==,==
-47.065040588378906,104.4284896850586,),)
-109.96755981445312,153.15264892578125,{,{
139.45669555664062,108.10104370117188,return,return
-161.41146850585938,51.15378189086914,;,;
-20.78368377685547,168.41993713378906,},}
-15.09014892578125,-16.31680679321289,identifier,name
133.88320922851562,-61.48346710205078,=,=
25.40435028076172,19.707412719726562,identifier,Introspector
60.94579315185547,127.29351043701172,.,.
25.288074493408203,15.387459754943848,identifier,decapitalize
-100.43568420410156,-60.074981689453125,(,(
-14.055281639099121,-17.22535514831543,identifier,name
5.331470012664795,-96.9089584350586,),)
-107.31311798095703,56.79362487792969,;,;
33.04771041870117,23.390974044799805,identifier,PropertyDescriptor
-24.697269439697266,-26.21478843688965,identifier,prop
132.466552734375,-60.52469253540039,=,=
32.870994567871094,23.11078643798828,identifier,getPropertyDescriptor
-101.30728912353516,-60.78550338745117,(,(
-14.017746925354004,-17.43031883239746,identifier,name
4.966550827026367,-97.7410659790039,),)
-114.73361206054688,43.71399688720703,;,;
155.74307250976562,31.50472068786621,if,if
-169.21751403808594,-51.84688186645508,(,(
-24.695798873901367,-26.21224594116211,identifier,prop
106.17239379882812,-13.214142799377441,==,==
-45.3466682434082,107.26435852050781,),)
-114.45376586914062,143.42864990234375,{,{
68.64400482177734,-14.818171501159668,identifier,addWarn
-83.30148315429688,-53.0623893737793,(,(
31.408279418945312,4.1994781494140625,"""","""No such property ["""
53.03554916381836,-87.92676544189453,+,+
-13.242940902709961,-17.929428100585938,identifier,name
57.01201248168945,-82.9790267944336,+,+
30.718791961669922,0.8507048487663269,"""","""] in """
52.87226486206055,-86.50810241699219,+,+
34.5848274230957,-6.980895519256592,identifier,objClass
52.21230697631836,142.35498046875,.,.
-19.014253616333008,-20.93942642211914,identifier,getName
-107.7552490234375,-102.08330535888672,(,(
11.577085494995117,-157.65394592285156,),)
56.86778259277344,-81.87213134765625,+,+
28.11475372314453,-2.1351981163024902,"""","""."""
12.322583198547363,-106.90515899658203,),)
-168.47024536132812,59.01795196533203,;,;
-32.12385177612305,167.5994415283203,},}
-33.77796173095703,151.4056396484375,else,else
-106.12582397460938,134.9962158203125,{,{
-103.8156509399414,128.5514678955078,{,{
68.62186431884766,33.0798454284668,identifier,setProperty
-99.22429656982422,-53.677791595458984,(,(
-24.690635681152344,-26.21133804321289,identifier,prop
56.87737274169922,-48.08858871459961,",",","
-13.70123291015625,-17.999540328979492,identifier,name
57.00635528564453,-44.9146728515625,",",","
18.45467185974121,-52.17133712768555,identifier,value
-5.994045734405518,-99.55253601074219,),)
-169.18946838378906,57.356563568115234,;,;
-36.5670280456543,169.73153686523438,},}
-154.07861328125,-50.33671188354492,(,(
33.52516555786133,25.11187744140625,identifier,PropertySetterException
27.704025268554688,-75.5645980834961,identifier,ex
-36.528419494628906,110.963623046875,),)
-103.83919525146484,143.73635864257812,{,{
68.64192199707031,-14.85714054107666,identifier,addWarn
-83.6465835571289,-53.119869232177734,(,(
30.978622436523438,3.7278997898101807,"""","""Failed to set property ["""
52.40931701660156,-87.9236831665039,+,+
-13.302328109741211,-18.27420997619629,identifier,name
56.97636413574219,-82.67243957519531,+,+
31.040800094604492,0.6865790486335754,"""","""] to value \"""""
51.76796340942383,-87.4083480834961,+,+
18.107284545898438,-51.74323654174805,identifier,value
56.35515594482422,-82.12879943847656,+,+
30.435657501220703,0.16084112226963043,"""","""\"". """
67.70809936523438,-50.380558013916016,",",","
27.859088897705078,-76.52660369873047,identifier,ex
-10.21851921081543,-101.90924072265625,),)
-177.30276489257812,53.54106903076172,;,;
-18.939878463745117,188.6285400390625,},}
-23.935638427734375,187.36666870117188,},}
-245.02915954589844,0.022152239456772804,},}
66.42803192138672,53.62191390991211,identifier,List
182.7212677001953,-46.5919075012207,<,<
23.19088363647461,47.23088836669922,identifier,Field
182.68360900878906,-9.974934577941895,>,>
18.098541259765625,35.91731643676758,identifier,getFormFields
-61.882137298583984,-160.9048614501953,(,(
15.893433570861816,35.49806594848633,identifier,Form
3.3653805255889893,15.815773010253906,identifier,formToGetFieldsForParam
90.98971557617188,-91.45858001708984,",",","
2.8351376056671143,14.386971473693848,identifier,includeTableFieldsParam
-12.488283157348633,-227.73855590820312,),)
-149.36924743652344,3.5530436038970947,{,{
155.4337615966797,24.40548324584961,if,if
-175.50990295410156,-50.2850227355957,(,(
3.31134033203125,15.882370948791504,identifier,formToGetFieldsForParam
115.03157806396484,-10.87649154663086,!=,!=
39.47687911987305,109.60734558105469,.,.
17.290891647338867,42.79774856567383,identifier,serviceTicket
115.36524200439453,-10.109946250915527,!=,!=
-48.322418212890625,106.22284698486328,),)
-114.20845794677734,145.5194549560547,{,{
3.3403890132904053,15.917366981506348,identifier,formToGetFieldsForParam
56.94453048706055,122.90922546386719,.,.
17.344465255737305,42.80031204223633,identifier,setServiceTicket
-91.84900665283203,-50.96669006347656,(,(
39.13037109375,109.3929672241211,.,.
17.283193588256836,42.796993255615234,identifier,serviceTicket
-0.026391824707388878,-96.10176086425781,),)
-166.31495666503906,61.73116683959961,;,;
-25.469724655151367,169.9159393310547,},}
-105.40177917480469,127.43370056152344,{,{
5.616851806640625,17.13233184814453,identifier,FormFieldListing
5.217500686645508,16.888277053833008,identifier,formFieldListing
127.6644058227539,-63.97537612915039,=,=
112.0518798828125,43.0968132019043,new,new
5.506293773651123,17.054197311401367,identifier,FormFieldListing
-91.83016967773438,-57.65273666381836,(,(
41.197479248046875,110.48697662353516,.,.
33.82421875,-1.020764946937561,identifier,postJson
-96.63482666015625,-56.62908935546875,(,(
3.3154945373535156,15.838944435119629,identifier,formToGetFieldsForParam
59.85056686401367,-52.64223098754883,",",","
22.885528564453125,-9.7381591796875,identifier,WS
41.97501754760742,153.18106079101562,.,.
-2.3740382194519043,-22.197668075561523,identifier,Path
41.920127868652344,153.3151092529297,.,.
26.92632484436035,29.176128387451172,identifier,SQLUtil
42.23749923706055,153.15606689453125,.,.
26.343852996826172,9.063560485839844,identifier,Version1
53.885005950927734,144.7815704345703,.,.
18.11838150024414,35.934024810791016,identifier,getFormFields
-109.1872329711914,-52.960113525390625,(,(
2.8070411682128906,14.36276912689209,identifier,includeTableFieldsParam
-3.128917694091797,-120.93440246582031,),)
-12.834142684936523,-115.00572204589844,),)
-15.053954124450684,-90.69978332519531,),)
-119.5085220336914,64.76162719726562,;,;
137.4033660888672,117.54588317871094,return,return
5.18397331237793,16.830766677856445,identifier,formFieldListing
59.46199035644531,142.69224548339844,.,.
25.095901489257812,8.62189769744873,identifier,getListing
-107.10289764404297,-91.86524963378906,(,(
36.683380126953125,-145.53643798828125,),)
-168.5083770751953,55.41288375854492,;,;
-35.83877182006836,171.8062286376953,},}
-154.8220672607422,-50.08397674560547,(,(
43.53546142578125,45.441558837890625,identifier,JSONException
24.575035095214844,-72.69901275634766,identifier,e
-36.36320877075195,110.55354309082031,),)
-103.05006408691406,144.81224060058594,{,{
116.84490203857422,41.27236557006836,new,new
27.727481842041016,32.6978645324707,identifier,FluidClientException
-91.69380187988281,-55.02747344970703,(,(
22.736072540283203,-71.59054565429688,identifier,e
49.188453674316406,141.23565673828125,.,.
50.61249542236328,-26.214841842651367,identifier,getMessage
-110.50851440429688,-101.43421936035156,(,(
11.73140811920166,-155.97708129882812,),)
62.66368103027344,-41.97322463989258,",",","
23.965736389160156,-70.70101165771484,identifier,e
58.56245422363281,-42.70212936401367,",",","
27.721128463745117,32.699981689453125,identifier,FluidClientException
39.848655700683594,152.60780334472656,.,.
24.62540054321289,5.720067024230957,identifier,ErrorCode
39.071292877197266,155.74786376953125,.,.
20.081743240356445,14.105242729187012,identifier,JSON_PARSING
-12.817119598388672,-103.33361053466797,),)
-177.24923706054688,51.688560485839844,;,;
-21.35056495666504,189.51681518554688,},}
-245.68373107910156,-2.62320876121521,},}
84.86543273925781,75.03598022460938,identifier,String
37.26597595214844,6.227295398712158,identifier,normalize
-65.80215454101562,-160.156005859375,(,(
85.84878540039062,72.7911148071289,identifier,String
12.882073402404785,-4.451618671417236,identifier,publicId
-16.050559997558594,-225.1803741455078,),)
-148.3266143798828,-0.8069939017295837,{,{
84.07306671142578,71.01911163330078,identifier,String
-33.314491271972656,-4.335595607757568,identifier,normal
138.79859924316406,-60.302303314208984,=,=
12.880757331848145,-4.449592113494873,identifier,publicId
50.228981018066406,124.46565246582031,.,.
65.16752624511719,2.7301604747772217,identifier,replace
-105.46355438232422,-66.55699920654297,(,(
60.016780853271484,-55.90702438354492,",",","
9.863419532775879,-99.95416259765625,),)
-106.59849548339844,60.63083267211914,;,;
-33.32810974121094,-4.781313896179199,identifier,normal
124.85728454589844,-54.54544448852539,=,=
-32.418277740478516,-4.983734130859375,identifier,normal
49.56639862060547,123.91326904296875,.,.
65.16935729980469,2.7301759719848633,identifier,replace
-105.49263000488281,-66.58203125,(,(
59.99858093261719,-55.89851760864258,",",","
9.736187934875488,-100.04637908935547,),)
-106.73636627197266,60.545963287353516,;,;
-33.411685943603516,-4.91478967666626,identifier,normal
124.83208465576172,-54.618709564208984,=,=
-32.451663970947266,-5.076904296875,identifier,normal
49.5013542175293,123.94633483886719,.,.
65.16876983642578,2.7284255027770996,identifier,replace
-105.51362609863281,-66.58375549316406,(,(
59.97637939453125,-55.892974853515625,",",","
9.637450218200684,-100.138671875,),)
-106.86721801757812,60.4376220703125,;,;
-33.46145248413086,-5.038833141326904,identifier,normal
124.85883331298828,-54.798160552978516,=,=
-32.509727478027344,-5.249181747436523,identifier,normal
49.13728713989258,124.57384490966797,.,.
27.054393768310547,6.141927719116211,identifier,trim
-104.60324096679688,-89.92936706542969,(,(
33.78314208984375,-150.65414428710938,),)
-108.7872085571289,53.680965423583984,;,;
-41.800052642822266,-16.3461971282959,identifier,pos
-106.16124725341797,46.857120513916016,;,;
164.4988250732422,28.858091354370117,while,while
-176.4249725341797,-59.20280075073242,(,(
-120.1405258178711,-56.002296447753906,(,(
-41.79421615600586,-16.32819366455078,identifier,pos
130.03082275390625,-52.2540168762207,=,=
-32.63541030883789,-5.531582832336426,identifier,normal
46.819007873535156,125.26054382324219,.,.
70.0552978515625,-2.2792060375213623,identifier,indexOf
-112.49821472167969,-65.05518341064453,(,(
28.82085418701172,0.6407104134559631,"""","""  """
-9.972987174987793,-121.52623748779297,),)
-15.685050010681152,-114.46961212158203,),)
-45.62788772583008,112.10826873779297,),)
-108.95344543457031,139.86141967773438,{,{
-33.653560638427734,-5.195745944976807,identifier,normal
122.61105346679688,-59.492549896240234,=,=
-32.6089973449707,-5.5281877517700195,identifier,normal
47.760868072509766,125.19635009765625,.,.
47.967464447021484,59.45698928833008,identifier,substring
-104.13601684570312,-70.18510437011719,(,(
63.44805908203125,-56.23748016357422,",",","
-41.79418182373047,-16.317333221435547,identifier,pos
-2.2227349281311035,-111.66046142578125,),)
52.03181838989258,-82.04302215576172,+,+
-32.7149543762207,-5.733603477478027,identifier,normal
47.775386810302734,124.9317855834961,.,.
48.23561477661133,59.257503509521484,identifier,substring
-106.93838500976562,-47.87791061401367,(,(
-41.794437408447266,-16.299549102783203,identifier,pos
53.98557662963867,-79.0414047241211,+,+
-2.3902688026428223,-107.70285034179688,),)
-175.85104370117188,56.6252555847168,;,;
-21.91446876525879,179.5559844970703,},}
132.0623321533203,119.4258804321289,return,return
-33.344974517822266,-5.965792655944824,identifier,normal
-181.51112365722656,42.40546417236328,;,;
-244.5194549560547,-9.577649116516113,},}
83.9692611694336,22.41037368774414,identifier,log
-61.8726806640625,-156.38856506347656,(,(
37.186927795410156,-47.39574432373047,identifier,level
91.41248321533203,-89.36705017089844,",",","
88.53717803955078,74.62047576904297,identifier,String
51.40563201904297,-31.7496337890625,identifier,msg
-12.344526290893555,-225.47552490234375,),)
-150.0709686279297,3.336407423019409,{,{
155.6798095703125,23.322391510009766,if,if
-176.58949279785156,-47.57553482055664,(,(
32.845123291015625,10.424278259277344,identifier,inDebugMode
-47.375465393066406,102.2515869140625,),)
-115.09629821777344,146.4425048828125,{,{
83.11418151855469,28.292264938354492,identifier,logger
64.99703216552734,111.04893493652344,.,.
73.2823486328125,-17.794658660888672,identifier,info
-105.26505279541016,-44.01509094238281,(,(
51.625,-32.20772933959961,identifier,msg
0.3144388496875763,-98.1938705444336,),)
-165.65577697753906,61.99042510986328,;,;
-25.588388442993164,169.35122680664062,},}
-171.6260223388672,-46.85747146606445,(,(
37.187191009521484,-47.39704132080078,identifier,level
-45.32947540283203,100.93659210205078,),)
-117.15465545654297,133.59912109375,{,{
8.335806846618652,35.581748962402344,identifier,LogChute
35.40702438354492,151.1546630859375,.,.
15.878802299499512,11.080081939697266,identifier,DEBUG_ID
83.15508270263672,28.54913330078125,identifier,logger
64.23584747314453,111.25942993164062,.,.
75.71192169189453,-14.091388702392578,identifier,debug
-104.8969955444336,-44.16176223754883,(,(
51.712982177734375,-32.33824920654297,identifier,msg
-0.18408405780792236,-99.1451416015625,),)
-123.66466522216797,63.47767639160156,;,;
-132.83929443359375,56.67920684814453,;,;
8.303441047668457,35.562564849853516,identifier,LogChute
35.48223876953125,150.9923095703125,.,.
15.98265266418457,11.3005952835083,identifier,ERROR_ID
83.20084381103516,28.700044631958008,identifier,logger
64.02622985839844,111.33464050292969,.,.
65.18749237060547,-18.177448272705078,identifier,error
-104.62030029296875,-44.36833190917969,(,(
51.76182556152344,-32.39595031738281,identifier,msg
-0.3753971457481384,-99.53995513916016,),)
-123.61483764648438,63.63677978515625,;,;
-132.82423400878906,56.71958541870117,;,;
8.295401573181152,35.566375732421875,identifier,LogChute
35.665863037109375,150.8420867919922,.,.
16.004518508911133,11.11976432800293,identifier,INFO_ID
83.12601470947266,28.811391830444336,identifier,logger
63.88337326049805,111.34674835205078,.,.
73.2140884399414,-17.890270233154297,identifier,info
-104.32366180419922,-44.4230842590332,(,(
51.79600524902344,-32.44618225097656,identifier,msg
-0.5616083145141602,-99.91944885253906,),)
-123.5528564453125,63.847110748291016,;,;
-132.8340301513672,56.74905776977539,;,;
8.298613548278809,35.57190704345703,identifier,LogChute
35.668521881103516,150.62570190429688,.,.
16.01616668701172,11.074767112731934,identifier,TRACE_ID
83.1274185180664,28.871971130371094,identifier,logger
63.58730697631836,111.48310852050781,.,.
72.54444885253906,-10.608205795288086,identifier,trace
-104.0228042602539,-44.485355377197266,(,(
51.842491149902344,-32.51422119140625,identifier,msg
-0.7512019276618958,-100.26248168945312,),)
-123.44274139404297,64.14832305908203,;,;
-132.85768127441406,56.788963317871094,;,;
8.284221649169922,35.5745964050293,identifier,LogChute
35.739810943603516,150.32077026367188,.,.
15.768911361694336,10.869399070739746,identifier,WARN_ID
83.0894546508789,28.943532943725586,identifier,logger
63.372074127197266,111.59283447265625,.,.
68.59764862060547,-15.679927825927734,identifier,warn
-103.6189193725586,-44.55603790283203,(,(
51.898868560791016,-32.570556640625,identifier,msg
-7.253434181213379,-105.8416976928711,),)
-123.07959747314453,65.00563049316406,;,;
-178.679931640625,50.88148880004883,;,;
-22.97711181640625,190.53921508789062,},}
-244.29910278320312,0.8936867117881775,},}
38.5982551574707,62.2652702331543,identifier,Optional
181.32406616210938,-46.4074821472168,<,<
29.44223976135254,-19.560083389282227,identifier,CommandResource
183.26844787597656,-9.592525482177734,>,>
30.028947830200195,-19.2937068939209,identifier,createCommandResource
-61.471248626708984,-161.8807830810547,(,(
24.33672523498535,18.111743927001953,identifier,Identification
37.61810302734375,-8.963905334472656,identifier,provider
89.57157897949219,-88.33210754394531,",",","
89.01490020751953,74.13904571533203,identifier,String
30.003496170043945,-22.64488983154297,identifier,command
86.23928833007812,-89.47393035888672,",",","
35.112030029296875,-10.405656814575195,identifier,Capabilities
34.93218231201172,-10.774900436401367,identifier,capabilities
86.12992858886719,-90.07012939453125,",",","
40.819908142089844,-19.777074813842773,identifier,Context
38.762855529785156,-21.08841323852539,identifier,context
-13.279458045959473,-228.6172637939453,),)
-146.5554656982422,0.9387768507003784,{,{
29.396434783935547,-19.654720306396484,identifier,CommandResource
29.469839096069336,-20.25550651550293,identifier,commandResource
133.2608642578125,-66.25751495361328,=,=
111.8026351928711,44.20458984375,new,new
29.46733856201172,-19.7105655670166,identifier,CommandResource
-93.7360610961914,-59.228858947753906,(,(
37.6195068359375,-8.965636253356934,identifier,provider
54.58641052246094,-49.94235610961914,",",","
29.99526023864746,-22.58506965637207,identifier,command
53.43385696411133,-48.35981750488281,",",","
34.932762145996094,-10.77142333984375,identifier,capabilities
3.528381109237671,-93.21421813964844,),)
-114.24730682373047,44.990116119384766,;,;
155.04432678222656,30.079965591430664,if,if
-174.43475341796875,-56.53773498535156,(,(
34.85594940185547,-4.6991658210754395,identifier,verifyCommand
-106.58184814453125,-57.53607940673828,(,(
29.98670196533203,-22.550832748413086,identifier,command
-5.673375606536865,-122.6129379272461,),)
-50.39181900024414,111.63090515136719,),)
-113.68500518798828,143.72792053222656,{,{
38.3400764465332,-20.664249420166016,identifier,context
63.753517150878906,136.5723419189453,.,.
79.5151596069336,28.432701110839844,identifier,getLogger
-105.8441162109375,-93.3406753540039,(,(
20.270259857177734,-139.8593292236328,),)
73.02538299560547,131.5322265625,.,.
65.10812377929688,-18.84902572631836,identifier,error
-82.27133178710938,-51.79869079589844,(,(
28.18525505065918,4.336108207702637,"""","""IllegalCommand!"""
10.045957565307617,-105.209716796875,),)
-120.89745330810547,61.81404495239258,;,;
136.5169677734375,111.42252349853516,return,return
38.57154846191406,62.280029296875,identifier,Optional
68.50615692138672,118.30635833740234,.,.
80.91094207763672,-2.7312676906585693,identifier,empty
-105.4876708984375,-89.36553955078125,(,(
38.20828628540039,-146.43739318847656,),)
-166.05030822753906,59.22782516479492,;,;
-23.920469284057617,171.15623474121094,},}
150.64682006835938,35.66960906982422,if,if
-173.06727600097656,-58.456172943115234,(,(
34.86106491088867,-4.731861114501953,identifier,verifyCapabilities
-106.27227783203125,-57.11357879638672,(,(
29.984817504882812,-22.545862197875977,identifier,command
58.044246673583984,-49.62470245361328,",",","
34.912811279296875,-10.801018714904785,identifier,capabilities
-6.882448673248291,-119.39224243164062,),)
-48.0076904296875,114.79261016845703,),)
-109.48455047607422,142.00543212890625,{,{
38.372440338134766,-20.694416046142578,identifier,context
63.770633697509766,136.59507751464844,.,.
79.50565338134766,28.436513900756836,identifier,getLogger
-106.00224304199219,-93.38202667236328,(,(
20.702178955078125,-140.0874481201172,),)
72.92904663085938,131.47305297851562,.,.
65.1529769897461,-18.84067726135254,identifier,error
-82.38485717773438,-51.653404235839844,(,(
29.350404739379883,4.864737510681152,"""","""Player is not able to handle Command!"""
9.55656623840332,-105.61174011230469,),)
-120.4959945678711,62.536346435546875,;,;
136.41046142578125,111.59501647949219,return,return
38.571556091308594,62.28312301635742,identifier,Optional
68.45458221435547,118.36834716796875,.,.
80.91124725341797,-2.733876943588257,identifier,empty
-108.01878356933594,-88.97520446777344,(,(
36.21131134033203,-143.927490234375,),)
-171.3819122314453,55.01502990722656,;,;
-21.26123046875,177.09715270996094,},}
134.78936767578125,118.14766693115234,return,return
38.575679779052734,62.286277770996094,identifier,Optional
68.34556579589844,118.91295623779297,.,.
60.090965270996094,4.969020843505859,identifier,of
-103.41062927246094,-47.28097915649414,(,(
29.520292282104492,-20.510845184326172,identifier,commandResource
-9.825822830200195,-105.8559341430664,),)
-182.5353240966797,47.43768310546875,;,;
-242.11419677734375,-6.933259010314941,},}
-34.36650085449219,-76.84248352050781,identifier,Override
-5.24675178527832,42.280609130859375,identifier,Authentication
-6.903616428375244,43.11716079711914,identifier,authenticate
-62.36796951293945,-155.0310821533203,(,(
-5.263702392578125,42.274593353271484,identifier,Authentication
-7.031274795532227,42.30030059814453,identifier,authentication
-9.563925743103027,-222.93426513671875,),)
29.47627067565918,31.165958404541016,identifier,AuthenticationException
-142.86422729492188,1.712361216545105,{,{
13.841609954833984,19.424076080322266,identifier,BearerTokenAuthenticationToken
8.502864837646484,-0.7579089403152466,identifier,bearer
135.55490112304688,-64.59722900390625,=,=
-119.08995056152344,-52.191246032714844,(,(
13.83318042755127,19.42665672302246,identifier,BearerTokenAuthenticationToken
8.058401107788086,-118.36002349853516,),)
-7.137106418609619,42.009342193603516,identifier,authentication
-105.5382080078125,54.05154037475586,;,;
16.571903228759766,21.746784210205078,identifier,Jwt
15.521202087402344,22.520246505737305,identifier,jwt
-104.83011627197266,47.54827880859375,;,;
-104.80195617675781,127.22673797607422,{,{
15.501447677612305,22.53379249572754,identifier,jwt
130.9940643310547,-58.36905288696289,=,=
40.60601806640625,109.75824737548828,.,.
15.165546417236328,21.040498733520508,identifier,jwtDecoder
61.103431701660156,125.46563720703125,.,.
32.763031005859375,18.484630584716797,identifier,decode
-98.68722534179688,-57.63939666748047,(,(
8.514309883117676,-0.754088282585144,identifier,bearer
54.8887939453125,140.39723205566406,.,.
12.621988296508789,2.400622606277466,identifier,getToken
-105.70249938964844,-101.41536712646484,(,(
16.498859405517578,-157.46775817871094,),)
-10.390426635742188,-90.97753143310547,),)
-167.6717071533203,63.52736282348633,;,;
-37.34980010986328,171.18527221679688,},}
-156.02415466308594,-50.92974090576172,(,(
16.76856803894043,21.270532608032227,identifier,JwtException
26.325998306274414,-10.336536407470703,identifier,failed
-37.61940383911133,109.09559631347656,),)
-104.66487884521484,142.214599609375,{,{
16.546228408813477,20.00128746032715,identifier,OAuth2Error
8.127154350280762,2.5089569091796875,identifier,invalidToken
123.87679290771484,-61.385887145996094,=,=
8.155731201171875,2.565608263015747,identifier,invalidToken
-98.80596160888672,-56.016300201416016,(,(
26.32123565673828,-10.332029342651367,identifier,failed
49.89775085449219,140.90731811523438,.,.
50.62773895263672,-26.25153160095215,identifier,getMessage
-109.71898651123047,-101.69268035888672,(,(
15.711588859558105,-156.77496337890625,),)
-10.622973442077637,-91.57209014892578,),)
-120.61920166015625,61.098323822021484,;,;
117.03085327148438,42.21348190307617,new,new
16.444974899291992,20.079736709594727,identifier,OAuth2AuthenticationException
-92.35453796386719,-55.94352722167969,(,(
8.129572868347168,2.559129476547241,identifier,invalidToken
58.54000473022461,-50.916805267333984,",",","
8.118903160095215,2.59022855758667,identifier,invalidToken
54.43196105957031,142.24610900878906,.,.
26.171537399291992,7.491639614105225,identifier,getDescription
-109.05408477783203,-101.22303009033203,(,(
13.421119689941406,-156.55813598632812,),)
65.02208709716797,-41.70549774169922,",",","
26.32017707824707,-10.322813987731934,identifier,failed
-7.1660919189453125,-97.65945434570312,),)
-164.13038635253906,57.921531677246094,;,;
-21.105831146240234,174.12411499023438,},}
14.734580993652344,19.400850296020508,identifier,AbstractAuthenticationToken
-20.697397232055664,-50.199378967285156,identifier,token
127.12251281738281,-61.71319580078125,=,=
40.55226135253906,109.6677474975586,.,.
15.180047988891602,20.773292541503906,identifier,jwtAuthenticationConverter
61.4979248046875,125.24925994873047,.,.
47.518184661865234,1.4763938188552856,identifier,convert
-102.71394348144531,-48.777259826660156,(,(
15.489252090454102,22.545351028442383,identifier,jwt
-2.3257734775543213,-103.29895782470703,),)
-113.25064086914062,67.03956604003906,;,;
-20.700986862182617,-50.203834533691406,identifier,token
59.6470832824707,114.12477111816406,.,.
42.27492904663086,6.276910781860352,identifier,setDetails
-97.4531021118164,-47.0298957824707,(,(
8.51312255859375,-0.7509421706199646,identifier,bearer
57.32571792602539,142.30694580078125,.,.
23.481721878051758,15.364847183227539,identifier,getDetails
-109.692626953125,-95.69754028320312,(,(
15.037055969238281,-152.8397216796875,),)
-14.987236022949219,-96.66017150878906,),)
-119.80728912353516,67.93285369873047,;,;
132.91885375976562,120.16082763671875,return,return
-20.7039794921875,-50.21858596801758,identifier,token
-181.85171508789062,44.77690887451172,;,;
-241.57875061035156,-7.670080661773682,},}
44.96781539916992,-31.19267463684082,identifier,configure
-66.68009185791016,-154.4717254638672,(,(
-12.78628158569336,-218.54432678222656,),)
-151.1273193359375,-0.7916741967201233,{,{
-30.63564109802246,3.081756591796875,identifier,elapsed
139.34588623046875,-62.153350830078125,=,=
32.9322395324707,69.1744613647461,identifier,System
72.54736328125,115.50260925292969,.,.
38.92388153076172,-0.6176483035087585,identifier,currentTimeMillis
-95.84536743164062,-91.73799133300781,(,(
40.9431266784668,-153.48724365234375,),)
-104.697265625,56.92359924316406,;,;
9.943543434143066,56.485477447509766,identifier,ClassScanner
8.906381607055664,55.72575759887695,identifier,classScanner
132.99810791015625,-66.07003021240234,=,=
111.00137329101562,44.570709228515625,new,new
9.858352661132812,56.30754470825195,identifier,ClassScanner
-96.13286590576172,-85.64714813232422,(,(
39.85071563720703,-153.66122436523438,),)
-104.18303680419922,62.236366271972656,;,;
9.060903549194336,55.21663284301758,identifier,classScanner
57.808135986328125,124.1207275390625,.,.
33.77531433105469,10.90302848815918,identifier,detectEntriesMode
-100.20509338378906,-66.57475280761719,(,(
7.684728622436523,-99.44256591796875,),)
-104.17858123779297,62.997276306152344,;,;
9.098909378051758,55.18651580810547,identifier,classScanner
57.84516143798828,124.0445556640625,.,.
32.72185134887695,2.8580923080444336,identifier,scanDefaultClasspath
-100.34521484375,-87.85560607910156,(,(
39.55176544189453,-150.504150390625,),)
-104.04900360107422,63.14960861206055,;,;
8.934920310974121,54.48435592651367,identifier,classScannerConsumers
54.93435287475586,124.13813018798828,.,.
76.35673522949219,11.54957103729248,identifier,accept
-100.23210906982422,-58.58515930175781,(,(
9.34740924835205,55.35833740234375,identifier,classScanner
3.229147434234619,-96.33431243896484,),)
-103.68876647949219,63.40380859375,;,;
40.72114562988281,12.155637741088867,identifier,registerAsConsumer
-99.697998046875,-58.35859298706055,(,(
9.37308406829834,55.349853515625,identifier,classScanner
3.159860134124756,-96.3408432006836,),)
-117.79743194580078,47.863712310791016,;,;
-104.22892761230469,127.96207427978516,{,{
9.323568344116211,55.18268585205078,identifier,classScanner
57.248291015625,119.72310638427734,.,.
63.8565673828125,-29.158662796020508,identifier,start
-105.55072021484375,-87.7220230102539,(,(
37.197906494140625,-146.64508056640625,),)
-167.66847229003906,57.69843292236328,;,;
-37.20106506347656,170.52586364746094,},}
-155.36083984375,-51.22099685668945,(,(
28.872318267822266,-65.49417114257812,identifier,Exception
27.751842498779297,-75.55538940429688,identifier,ex
-36.81111526489258,109.40708923339844,),)
-104.31251525878906,145.5787811279297,{,{
117.35480499267578,42.102638244628906,new,new
24.598371505737305,16.665712356567383,identifier,PetiteException
-84.0453109741211,-55.13642501831055,(,(
32.19607162475586,3.1000919342041016,"""","""Scan classpath error"""
67.6884765625,-51.46331024169922,",",","
27.841262817382812,-76.50438690185547,identifier,ex
-7.269923686981201,-98.35613250732422,),)
-163.96640014648438,58.1468620300293,;,;
-21.425172805786133,173.9554443359375,},}
-30.639793395996094,3.0711424350738525,identifier,elapsed
126.57521057128906,-60.848548889160156,=,=
32.94060516357422,69.19388580322266,identifier,System
72.53514862060547,115.53709411621094,.,.
38.96248245239258,-0.6772884726524353,identifier,currentTimeMillis
-104.76718139648438,-94.19983673095703,(,(
26.920560836791992,-148.1866455078125,),)
-30.661535263061523,3.0287911891937256,identifier,elapsed
-114.17255401611328,66.4155044555664,;,;
82.80484008789062,23.106050491333008,identifier,log
66.22490692138672,112.29476928710938,.,.
73.31275177001953,-17.762842178344727,identifier,info
-82.29825592041016,-50.74186706542969,(,(
27.889667510986328,7.943993091583252,"""","""Petite configured in """
52.194549560546875,-86.89368438720703,+,+
-30.65707015991211,3.0317044258117676,identifier,elapsed
55.77717208862305,-82.58773803710938,+,+
31.17485237121582,2.3156442642211914,"""",""" ms. Total beans: """
51.717918395996094,-86.02589416503906,+,+
19.89937973022461,7.670085906982422,identifier,container
58.197715759277344,130.1016845703125,.,.
31.71718406677246,1.901567816734314,identifier,beansCount
-110.69351959228516,-95.88479614257812,(,(
14.461688995361328,-152.3325653076172,),)
-14.910015106201172,-97.65448760986328,),)
-181.7752227783203,51.244449615478516,;,;
-240.1206817626953,-4.3099212646484375,},}
85.41739654541016,75.98943328857422,identifier,String
32.12055969238281,-37.2284049987793,identifier,labelName
-59.23520278930664,-159.5269012451172,(,(
7.877730369567871,-9.051691055297852,identifier,typeId
-12.039401054382324,-222.62576293945312,),)
-152.09967041015625,3.1893045902252197,{,{
-172.052001953125,-46.807212829589844,(,(
7.880522727966309,-9.050867080688477,identifier,typeId
-45.40329360961914,100.89933776855469,),)
-117.2061538696289,133.61451721191406,{,{
-1.5689252614974976,38.80137634277344,identifier,PublisherLimit
33.64314651489258,151.27963256835938,.,.
17.993717193603516,14.412580490112305,identifier,PUBLISHER_LIMIT_TYPE_ID
143.42349243164062,113.82527923583984,return,return
-1.5368766784667969,38.76711654663086,identifier,PublisherLimit
33.751502990722656,147.4917755126953,.,.
-24.009281158447266,-19.158597946166992,identifier,NAME
-130.3905487060547,56.95624542236328,;,;
0.9625000953674316,35.900569915771484,identifier,SenderPos
33.71935272216797,150.59115600585938,.,.
18.00192642211914,13.713827133178711,identifier,SENDER_POSITION_TYPE_ID
143.383544921875,114.11720275878906,return,return
0.9199700951576233,35.90266799926758,identifier,SenderPos
33.9237060546875,147.39990234375,.,.
-23.92616081237793,-19.26869773864746,identifier,NAME
-130.4600830078125,57.123992919921875,;,;
5.213352680206299,29.763877868652344,identifier,ReceiverHwm
33.53150177001953,150.6537322998047,.,.
18.607376098632812,14.498143196105957,identifier,RECEIVER_HWM_TYPE_ID
143.2323760986328,114.20425415039062,return,return
5.217113971710205,29.75341033935547,identifier,ReceiverHwm
33.80380630493164,147.21861267089844,.,.
-23.74540901184082,-19.31831169128418,identifier,NAME
-130.49685668945312,57.27526092529297,;,;
1.0995253324508667,37.91804885864258,identifier,SubscriberPos
33.85137176513672,150.4398193359375,.,.
18.303510665893555,14.059669494628906,identifier,SUBSCRIBER_POSITION_TYPE_ID
143.17544555664062,114.44917297363281,return,return
1.0818983316421509,37.92228317260742,identifier,SubscriberPos
34.228271484375,147.2342529296875,.,.
-23.64715003967285,-19.45867919921875,identifier,NAME
-130.6280059814453,57.525367736816406,;,;
-0.5159508585929871,35.994972229003906,identifier,ReceiverPos
33.91770553588867,150.0423126220703,.,.
18.466503143310547,14.220206260681152,identifier,RECEIVER_POS_TYPE_ID
143.0023956298828,114.6564712524414,return,return
-0.5260037183761597,35.99934387207031,identifier,ReceiverPos
34.42188262939453,147.08287048339844,.,.
-23.658924102783203,-19.590129852294922,identifier,NAME
-130.6978302001953,57.7631721496582,;,;
1.8641964197158813,35.253318786621094,identifier,SenderLimit
34.2598762512207,149.87850952148438,.,.
18.13349723815918,13.467449188232422,identifier,SENDER_LIMIT_TYPE_ID
142.8108673095703,114.81399536132812,return,return
1.8661482334136963,35.24882125854492,identifier,SenderLimit
34.56789779663086,146.96775817871094,.,.
-23.787282943725586,-19.694347381591797,identifier,NAME
-130.73878479003906,58.015106201171875,;,;
-0.8168185353279114,38.087432861328125,identifier,PublisherPos
34.21840286254883,149.8302459716797,.,.
18.24026870727539,13.845695495605469,identifier,PUBLISHER_POS_TYPE_ID
142.69573974609375,114.99766540527344,return,return
-0.8103164434432983,38.07058334350586,identifier,PublisherPos
34.717796325683594,146.8670654296875,.,.
-23.876808166503906,-19.792984008789062,identifier,NAME
-130.76084899902344,58.25556945800781,;,;
2.702065944671631,33.810333251953125,identifier,SenderBpe
34.698184967041016,149.70701599121094,.,.
18.46053123474121,13.416312217712402,identifier,SENDER_BPE_TYPE_ID
142.41273498535156,115.16631317138672,return,return
2.7088990211486816,33.79895782470703,identifier,SenderBpe
34.958431243896484,146.60272216796875,.,.
-24.035625457763672,-19.905794143676758,identifier,NAME
-130.7158966064453,58.80241012573242,;,;
135.54713439941406,114.67762756347656,return,return
28.24838638305664,3.1641030311584473,"""","""<unknown>"""
-177.71939086914062,47.14752197265625,;,;
-23.252334594726562,191.1484832763672,},}
-246.717041015625,-3.134633779525757,},}
39.52346420288086,4.926294803619385,identifier,isDriverActive
-60.35399627685547,-160.81068420410156,(,(
55.47599411010742,42.05573272705078,identifier,File
24.73845672607422,-42.7783203125,identifier,directory
89.13378143310547,-89.36803436279297,",",","
40.73841094970703,-8.871597290039062,identifier,driverTimeoutMs
88.81842041015625,-92.37264251708984,",",","
47.209163665771484,28.601985931396484,identifier,Consumer
180.89022827148438,-42.53905487060547,<,<
91.82379150390625,69.91463470458984,identifier,String
184.57398986816406,-13.243142127990723,>,>
81.71672821044922,28.65806770324707,identifier,logger
-13.317482948303223,-228.88265991210938,),)
-147.34458923339844,1.5228499174118042,{,{
55.46207809448242,42.03944396972656,identifier,File
-15.0760498046875,11.597372055053711,identifier,cncFile
133.52699279785156,-66.1098403930664,=,=
111.40438842773438,45.091270446777344,new,new
55.37124252319336,41.93299865722656,identifier,File
-93.09355163574219,-59.47796630859375,(,(
24.739870071411133,-42.77916717529297,identifier,directory
55.49058151245117,-52.41875457763672,",",","
23.233047485351562,19.991411209106445,identifier,CncFileDescriptor
35.852237701416016,154.6958770751953,.,.
21.418725967407227,16.387990951538086,identifier,CNC_FILE
1.758988857269287,-93.27786254882812,),)
-113.89492797851562,45.6395378112793,;,;
157.1487579345703,29.107311248779297,if,if
-173.2386932373047,-54.08869171142578,(,(
-15.130834579467773,11.991934776306152,identifier,cncFile
45.25175094604492,128.6299591064453,.,.
36.28017807006836,8.060410499572754,identifier,exists
-95.85256958007812,-97.89695739746094,(,(
22.47928237915039,-153.11460876464844,),)
-15.156702041625977,12.066994667053223,identifier,cncFile
41.13728332519531,128.55374145507812,.,.
16.973299026489258,82.81002807617188,identifier,length
-97.40587615966797,-101.5396728515625,(,(
24.147430419921875,-150.40573120117188,),)
115.63721466064453,-20.023714065551758,>,>
-47.584381103515625,108.72090911865234,),)
-115.00627899169922,138.83619689941406,{,{
82.23039245605469,28.09113883972168,identifier,logger
66.1495361328125,111.01771545410156,.,.
76.29965209960938,11.57299518585205,identifier,accept
-82.35289764404297,-52.34587860107422,(,(
27.459089279174805,8.490076065063477,"""","""INFO: Aeron CnC file exists: """
52.58863830566406,-85.49322509765625,+,+
-15.254207611083984,12.13758659362793,identifier,cncFile
-0.40760645270347595,-94.47332763671875,),)
-112.80812072753906,57.58309555053711,;,;
30.466259002685547,14.934921264648438,identifier,MappedByteBuffer
-16.2637996673584,12.755043029785156,identifier,cncByteBuffer
128.98484802246094,-61.777008056640625,=,=
25.817180633544922,28.9058895111084,identifier,IoUtil
62.777679443359375,125.49803924560547,.,.
35.138126373291016,8.831351280212402,identifier,mapExistingFile
-97.37863159179688,-57.440460205078125,(,(
-15.2589693069458,12.183756828308105,identifier,cncFile
56.05402755737305,-55.27833938598633,",",","
26.961034774780273,8.025829315185547,"""","""CnC file"""
8.909207344055176,-104.20296478271484,),)
-119.16561889648438,46.44866180419922,;,;
-104.31266021728516,129.30288696289062,{,{
138.7891845703125,117.08455657958984,return,return
39.484458923339844,4.868478775024414,identifier,isDriverActive
-99.55255889892578,-52.92961120605469,(,(
40.72423553466797,-8.844481468200684,identifier,driverTimeoutMs
57.18240737915039,-47.57892990112305,",",","
81.86900329589844,28.829784393310547,identifier,logger
57.71009826660156,-43.68987274169922,",",","
-16.25775718688965,12.794403076171875,identifier,cncByteBuffer
-6.29163122177124,-100.93083190917969,),)
-169.74533081054688,56.07200622558594,;,;
-35.213050842285156,169.8801727294922,},}
-101.22745513916016,137.87269592285156,{,{
25.82361602783203,28.942392349243164,identifier,IoUtil
62.911075592041016,119.85842895507812,.,.
25.041051864624023,10.259477615356445,identifier,unmap
-102.45414733886719,-47.89449691772461,(,(
-16.28801155090332,12.822210311889648,identifier,cncByteBuffer
-6.967801570892334,-103.88119506835938,),)
-174.7801513671875,55.2223014831543,;,;
-17.904747009277344,188.08648681640625,},}
-24.09632682800293,182.7903289794922,},}
132.08749389648438,116.37666320800781,return,return
-180.35736083984375,42.32645797729492,;,;
-245.1337890625,-7.086594104766846,},}
41.9038200378418,9.893203735351562,identifier,setByte
-61.87009048461914,-157.09657287597656,(,(
-46.54127502441406,-0.9253649115562439,identifier,index
90.7732162475586,-89.56175231933594,",",","
19.083967208862305,-53.334842681884766,identifier,value
-11.69321060180664,-225.87355041503906,),)
-146.84373474121094,-2.368664264678955,{,{
93.34008026123047,10.07646369934082,identifier,checkArgument
-95.89381408691406,-65.38822174072266,(,(
-46.651588439941406,-0.6020563840866089,identifier,index
115.86843872070312,-27.891324996948242,<,<
7.755013942718506,-25.713409423828125,identifier,bytesUsed
54.455963134765625,-55.69352340698242,",",","
30.0394344329834,6.483399868011475,"""","""Index: """
54.06086349487305,-87.04629516601562,+,+
-46.70713806152344,-0.2835443913936615,identifier,index
55.94520950317383,-83.4437026977539,+,+
29.866254806518555,6.621805191040039,"""",""" is >= the current size of: """
53.716800689697266,-85.8163070678711,+,+
7.753031253814697,-25.714168548583984,identifier,bytesUsed
-1.9581646919250488,-92.14794921875,),)
-110.96469116210938,53.71893310546875,;,;
-26.192970275878906,-1.3235383033752441,identifier,seen
127.91447448730469,-48.53581237792969,=,=
-107.67121887207031,45.50400161743164,;,;
169.92333984375,29.25377655029297,for,for
-162.61581420898438,-43.986045837402344,(,(
-64.25727081298828,1.1153087615966797,identifier,i
131.62376403808594,-48.869693756103516,=,=
-94.91008758544922,51.702518463134766,;,;
-63.067893981933594,2.1712653636932373,identifier,i
117.03043365478516,-30.318790435791016,<,<
4.917060852050781,36.205020904541016,identifier,slabs
42.123714447021484,131.43516540527344,.,.
22.71635627746582,80.46990966796875,identifier,size
-97.2951431274414,-100.2977523803711,(,(
31.68836212158203,-151.45193481445312,),)
-93.477783203125,48.55332565307617,;,;
-62.04622268676758,2.959191083908081,identifier,i
-41.74531173706055,117.60106658935547,),)
-113.1219482421875,135.509033203125,{,{
30.56708526611328,15.08792495727539,identifier,ByteBuffer
-16.85728645324707,33.73699188232422,identifier,slab
130.34144592285156,-56.25493621826172,=,=
4.917630672454834,36.202476501464844,identifier,slabs
52.00826644897461,127.10358428955078,.,.
62.3674430847168,20.40384292602539,identifier,get
-104.69046020507812,-58.727779388427734,(,(
-60.28506088256836,-0.3645138740539551,identifier,i
3.2952024936676025,-100.53378295898438,),)
-117.41143798828125,42.884239196777344,;,;
156.13807678222656,35.40224075317383,if,if
-167.55894470214844,-53.117835998535156,(,(
-46.90224838256836,-0.033698201179504395,identifier,index
115.66914367675781,-28.09864616394043,<,<
-26.193721771240234,-1.3204978704452515,identifier,seen
53.04568099975586,-81.92637634277344,+,+
-16.85076141357422,33.737648010253906,identifier,slab
52.57748031616211,121.49915313720703,.,.
57.32102966308594,-29.316770553588867,identifier,limit
-104.59822082519531,-96.1776351928711,(,(
18.706470489501953,-153.58677673339844,),)
-48.583740234375,113.6241226196289,),)
-109.32933044433594,140.9751434326172,{,{
-16.853395462036133,33.73567581176758,identifier,slab
56.70585632324219,115.81784057617188,.,.
70.29430389404297,20.56463623046875,identifier,put
-94.8742446899414,-42.87489318847656,(,(
-121.67118835449219,-53.002254486083984,(,(
4.551841735839844,-117.93408203125,),)
-112.38866424560547,-52.74125671386719,(,(
-46.99135971069336,0.43438947200775146,identifier,index
-26.192712783813477,-1.3211915493011475,identifier,seen
-1.8971545696258545,-120.8887710571289,),)
65.57115173339844,-42.57240676879883,",",","
19.01516342163086,-52.22757339477539,identifier,value
-8.037764549255371,-99.7427749633789,),)
-121.70768737792969,63.95859146118164,;,;
-166.24209594726562,49.35431671142578,;,;
-20.07599639892578,176.0064697265625,},}
-26.19733238220215,-1.3210502862930298,identifier,seen
-16.8519287109375,33.73607635498047,identifier,slab
52.78815841674805,121.38719177246094,.,.
57.323699951171875,-29.324119567871094,identifier,limit
-110.00501251220703,-89.67748260498047,(,(
34.51700210571289,-141.78599548339844,),)
-180.4229278564453,53.269657135009766,;,;
-23.811277389526367,189.10787963867188,},}
-244.69178771972656,1.45332932472229,},}
35.46950149536133,6.176494121551514,identifier,open
-67.00022888183594,-154.59857177734375,(,(
-12.055343627929688,-218.29196166992188,),)
-18.678022384643555,55.782875061035156,identifier,IOException
-145.15306091308594,3.2005982398986816,{,{
-168.67201232910156,-45.67963790893555,(,(
41.76862335205078,2.102857828140259,identifier,lockObject
-47.975563049316406,101.91871643066406,),)
-116.63367462158203,136.55319213867188,{,{
13.9511079788208,-9.205208778381348,identifier,lastAccessTime
139.60585021972656,-62.10989761352539,=,=
32.94985580444336,69.20890808105469,identifier,System
72.54137420654297,115.50349426269531,.,.
38.69176483154297,-0.2891474962234497,identifier,nanoTime
-95.81412506103516,-91.73486328125,(,(
40.951744079589844,-153.3662109375,),)
-103.4500961303711,59.705894470214844,;,;
35.0267219543457,6.915200233459473,identifier,initFile
-100.94046020507812,-86.00423431396484,(,(
39.99468231201172,-150.59666442871094,),)
-108.74964141845703,55.334049224853516,;,;
-7.733564376831055,-5.222493648529053,identifier,pagesCount
134.74327087402344,-57.45057678222656,=,=
-6.005782604217529,30.43998146057129,identifier,segChannel
43.186302185058594,128.89015197753906,.,.
23.390562057495117,80.54049682617188,identifier,size
-98.08069610595703,-100.49402618408203,(,(
25.76922607421875,-149.43882751464844,),)
11.18659496307373,33.77530288696289,identifier,OWALPage
37.19936752319336,150.5910186767578,.,.
13.649245262145996,12.431203842163086,identifier,PAGE_SIZE
-113.41658782958984,41.54518127441406,;,;
157.09326171875,31.55415916442871,if,if
-172.35801696777344,-54.94353485107422,(,(
-6.007241725921631,30.43893814086914,identifier,segChannel
42.84639358520508,128.7827606201172,.,.
23.359249114990234,80.45207214355469,identifier,size
-98.2098617553711,-101.12348937988281,(,(
25.46575355529785,-149.450439453125,),)
11.174169540405273,33.77029800415039,identifier,OWALPage
37.2661018371582,150.61956787109375,.,.
13.634339332580566,12.426828384399414,identifier,PAGE_SIZE
115.61112976074219,-20.190584182739258,>,>
-47.097618103027344,108.88665008544922,),)
-114.70892333984375,142.54835510253906,{,{
24.74545669555664,31.364795684814453,identifier,OLogManager
65.47677612304688,123.1975326538086,.,.
59.446285247802734,12.070920944213867,identifier,instance
-108.95542907714844,-83.91451263427734,(,(
20.994253158569336,-139.5821990966797,),)
72.52750396728516,131.8318634033203,.,.
65.29405212402344,-18.642141342163086,identifier,error
-85.25507354736328,-48.830745697021484,(,(
52.431846618652344,-55.542816162109375,",",","
30.57834243774414,7.5369367599487305,"""","""Last WAL page was written partially, auto fix"""
67.80736541748047,-51.726219177246094,",",","
-5.8158392906188965,-94.65495300292969,),)
-108.13088989257812,68.76824951171875,;,;
-6.008779525756836,30.442338943481445,identifier,segChannel
57.94904327392578,117.28353881835938,.,.
31.801677703857422,7.688183784484863,identifier,truncate
-93.08931732177734,-46.21124267578125,(,(
11.170232772827148,33.77203369140625,identifier,OWALPage
37.41680145263672,151.39414978027344,.,.
13.624393463134766,12.418292999267578,identifier,PAGE_SIZE
-7.71968412399292,-5.2313127517700195,identifier,pagesCount
-4.224656581878662,-96.96617126464844,),)
-171.2607879638672,59.99501419067383,;,;
-23.36958122253418,175.20205688476562,},}
13.133914947509766,-10.627915382385254,identifier,firstCachedPage
122.14015197753906,-51.016536712646484,=,=
-115.29855346679688,65.45309448242188,;,;
13.067481994628906,-11.183917999267578,identifier,pageCache
60.74921798706055,117.6971206665039,.,.
75.40950012207031,3.175260543823242,identifier,clear
-108.59908294677734,-89.00489044189453,(,(
34.569915771484375,-144.0642852783203,),)
-115.65499114990234,64.9237060546875,;,;
13.279723167419434,-9.796634674072266,identifier,lastWrittenPage
123.21412658691406,-50.35074996948242,=,=
-115.61111450195312,65.1557846069336,;,;
13.302221298217773,-9.745071411132812,identifier,lastWrittenPageIndex
122.12828063964844,-51.029563903808594,=,=
-181.01446533203125,53.76055145263672,;,;
-24.259450912475586,189.48011779785156,},}
-244.8958740234375,0.8658968210220337,},}
28.090600967407227,10.560908317565918,identifier,Urlencoded
14.164777755737305,43.172115325927734,identifier,ServiceType
33.1822395324707,18.23868751525879,identifier,decodeLeadProtocol
-63.348941802978516,-162.25357055664062,(,(
87.49939727783203,74.84772491455078,identifier,String
-25.557313919067383,33.16620635986328,identifier,protocol
-10.482930183410645,-222.8114013671875,),)
-18.820350646972656,55.46379852294922,identifier,IOException
-143.8204345703125,4.108975887298584,{,{
153.83290100097656,25.738677978515625,if,if
-175.92849731445312,-51.14680480957031,(,(
-25.273216247558594,32.781524658203125,identifier,protocol
43.794246673583984,123.64146423339844,.,.
93.20755004882812,-14.537290573120117,identifier,equals
-111.08340454101562,-64.93269348144531,(,(
22.204240798950195,3.8054358959198,"""","""dods"""
-9.096297264099121,-124.79701232910156,),)
-57.595848083496094,103.41238403320312,),)
142.3618927001953,112.28209686279297,return,return
13.739511489868164,43.35090255737305,identifier,ServiceType
34.46932601928711,152.97256469726562,.,.
20.104124069213867,16.841703414916992,identifier,OPENDAP
-126.92693328857422,52.53142547607422,;,;
-32.226715087890625,154.31654357910156,else,else
150.91897583007812,41.57016372680664,if,if
-170.92445373535156,-56.7824592590332,(,(
-25.2069091796875,32.63451385498047,identifier,protocol
43.55229949951172,123.47319030761719,.,.
93.02832794189453,-14.636884689331055,identifier,equals
-111.2527847290039,-65.1275634765625,(,(
22.476154327392578,3.079132318496704,"""","""dap4"""
-9.314981460571289,-124.23650360107422,),)
-58.121986389160156,103.40413665771484,),)
142.35165405273438,112.70500946044922,return,return
13.636765480041504,43.40480041503906,identifier,ServiceType
34.33800506591797,152.88121032714844,.,.
20.376842498779297,17.068809509277344,identifier,DAP4
-127.11380004882812,52.552791595458984,;,;
-32.33647155761719,154.1138916015625,else,else
150.91270446777344,41.3480110168457,if,if
-170.6746826171875,-56.909698486328125,(,(
-25.22935676574707,32.54194259643555,identifier,protocol
43.335693359375,123.39105987548828,.,.
92.98538970947266,-14.692340850830078,identifier,equals
-111.4710693359375,-65.32302856445312,(,(
20.988943099975586,0.8463723659515381,"""","""httpserver"""
-9.908247947692871,-124.1344985961914,),)
-25.268634796142578,32.37745666503906,identifier,protocol
43.164981842041016,123.26001739501953,.,.
92.9339828491211,-14.760950088500977,identifier,equals
-111.54244995117188,-65.27476501464844,(,(
22.18536949157715,3.8996477127075195,"""","""nodods"""
-9.512112617492676,-123.53225708007812,),)
-58.560150146484375,103.3892593383789,),)
142.1625213623047,112.8487777709961,return,return
13.607933044433594,43.42959976196289,identifier,ServiceType
34.21108627319336,152.93255615234375,.,.
20.245220184326172,0.9516171813011169,identifier,HTTPServer
-127.25396728515625,52.631038665771484,;,;
-32.379127502441406,153.83563232421875,else,else
151.0180206298828,40.82265090942383,if,if
-167.3654022216797,-58.291343688964844,(,(
-25.19247055053711,32.42926025390625,identifier,protocol
42.84168243408203,123.45136260986328,.,.
92.88714599609375,-15.047877311706543,identifier,equals
-112.1578369140625,-60.68921661376953,(,(
3.50152850151062,31.194393157958984,identifier,CdmRemote
37.89268112182617,152.1640167236328,.,.
13.566157341003418,9.981315612792969,identifier,PROTOCOL
-7.6273722648620605,-120.67068481445312,),)
-59.05299377441406,103.49694061279297,),)
142.01617431640625,113.16779327392578,return,return
13.522841453552246,43.47243881225586,identifier,ServiceType
33.96685791015625,152.93492126464844,.,.
3.5047824382781982,31.190555572509766,identifier,CdmRemote
-127.39457702636719,52.6593132019043,;,;
-32.491268157958984,153.4137420654297,else,else
151.00990295410156,40.24007034301758,if,if
-166.9396514892578,-58.3612060546875,(,(
-25.218900680541992,32.31177520751953,identifier,protocol
42.59035110473633,123.5272216796875,.,.
92.8314208984375,-15.29703140258789,identifier,equals
-112.21258544921875,-60.76388168334961,(,(
27.532262802124023,25.588659286499023,identifier,DataFactory
38.261356353759766,152.32550048828125,.,.
13.563345909118652,9.98151969909668,identifier,PROTOCOL
-7.676102638244629,-120.56890106201172,),)
-59.61186218261719,103.48551177978516,),)
141.73191833496094,113.54638671875,return,return
13.48568058013916,43.52423095703125,identifier,ServiceType
33.881229400634766,153.45126342773438,.,.
17.98272705078125,15.920199394226074,identifier,THREDDS
-121.51012420654297,69.11471557617188,;,;
131.58033752441406,115.8966064453125,return,return
-180.2032470703125,44.7871208190918,;,;
-241.53793334960938,-9.059242248535156,},}
70.80435943603516,5.510848522186279,identifier,remove
-61.321651458740234,-156.05796813964844,(,(
76.88447570800781,75.76222229003906,identifier,StringBuilder
39.316978454589844,55.66344451904297,identifier,sb
89.95020294189453,-89.72586059570312,",",","
86.01070404052734,73.91726684570312,identifier,String
35.33955383300781,-14.260987281799316,identifier,out
-13.011421203613281,-225.85977172851562,),)
-148.39566040039062,1.578205943107605,{,{
-63.771846771240234,0.05784919857978821,identifier,i
128.69692993164062,-48.158660888671875,=,=
-106.6234130859375,44.89785385131836,;,;
164.5126190185547,28.150808334350586,while,while
-178.29653930664062,-55.15281677246094,(,(
-62.516441345214844,0.8783618211746216,identifier,i
116.65714263916016,-29.695026397705078,<,<
39.315677642822266,55.66889572143555,identifier,sb
41.41886520385742,130.8896942138672,.,.
16.630931854248047,81.57683563232422,identifier,length
-96.97282409667969,-100.36039733886719,(,(
21.176313400268555,-155.5190887451172,),)
-53.003726959228516,113.6440658569336,),)
-114.54834747314453,135.78431701660156,{,{
-14.819833755493164,-34.956878662109375,identifier,c
131.2308349609375,-56.72785186767578,=,=
39.31697082519531,55.67191696166992,identifier,sb
49.93424987792969,129.73171997070312,.,.
58.411399841308594,25.198671340942383,identifier,charAt
-105.54461669921875,-59.39057922363281,(,(
-60.74821090698242,-0.36663296818733215,identifier,i
5.101640701293945,-98.64464569091797,),)
-108.70807647705078,54.5930061340332,;,;
27.323444366455078,-31.574562072753906,identifier,ok
127.1898422241211,-49.500240325927734,=,=
-107.91975402832031,45.850341796875,;,;
170.69314575195312,29.047388076782227,for,for
-162.11407470703125,-44.69396209716797,(,(
-61.44277572631836,8.773449897766113,identifier,j
132.12847900390625,-48.31110763549805,=,=
-94.41253662109375,52.002593994140625,;,;
-60.889244079589844,8.238761901855469,identifier,j
116.46927642822266,-30.31410026550293,<,<
35.33003616333008,-14.251260757446289,identifier,out
41.1942138671875,130.8281707763672,.,.
16.428003311157227,81.56449890136719,identifier,length
-97.33224487304688,-100.3161392211914,(,(
31.707387924194336,-151.42286682128906,),)
-93.64461517333984,48.80461502075195,;,;
-60.7513542175293,8.195353507995605,identifier,j
-42.26243209838867,117.06372833251953,),)
-111.69804382324219,134.504150390625,{,{
159.11224365234375,36.95844268798828,if,if
-169.2896728515625,-60.585960388183594,(,(
35.32834243774414,-14.25092887878418,identifier,out
49.61480712890625,130.134521484375,.,.
58.41094970703125,25.20208740234375,identifier,charAt
-108.5501480102539,-55.95278549194336,(,(
-60.01559066772461,8.740909576416016,identifier,j
-4.995241641998291,-117.05976104736328,),)
100.57373046875,-15.432576179504395,==,==
-15.272019386291504,-34.28204345703125,identifier,c
-42.632164001464844,112.94408416748047,),)
-109.38484191894531,140.8899383544922,{,{
39.32060241699219,55.67700958251953,identifier,sb
57.357444763183594,116.05213165283203,.,.
69.49700164794922,3.704606771469116,identifier,delete
-101.0567398071289,-50.105491638183594,(,(
-61.053741455078125,-0.6744506359100342,identifier,i
61.22454833984375,-49.908653259277344,",",","
-60.41463088989258,1.7006940841674805,identifier,i
53.87071228027344,-78.53296661376953,+,+
-2.9016783237457275,-108.20015716552734,),)
-118.601318359375,62.12616729736328,;,;
27.324777603149414,-31.575145721435547,identifier,ok
123.63361358642578,-50.927833557128906,=,=
-121.73140716552734,64.14562225341797,;,;
-166.2686004638672,49.337928771972656,;,;
-15.107309341430664,188.45712280273438,},}
-25.167783737182617,180.80850219726562,},}
150.88479614257812,37.415184020996094,if,if
-164.9813232421875,-57.277687072753906,(,(
27.322635650634766,-31.581295013427734,identifier,ok
-61.124263763427734,102.28353881835938,),)
-62.12208557128906,-0.07526104152202606,identifier,i
-181.0343780517578,53.28688049316406,;,;
-24.560020446777344,189.0862579345703,},}
-245.48699951171875,1.5460090637207031,},}
11.998190879821777,48.7066535949707,identifier,Annotation
36.898895263671875,16.180788040161133,identifier,extractAllAnnotationsForProperty
-61.09844970703125,-163.53836059570312,(,(
10.45459270477295,61.82866287231445,identifier,Class
179.0564422607422,-44.23417282104492,<,<
186.22059631347656,-11.398231506347656,>,>
-31.217355728149414,43.62350082397461,identifier,clazz
88.00053405761719,-89.94634246826172,",",","
88.77629852294922,73.89488983154297,identifier,String
-9.323823928833008,-19.21274757385254,identifier,propertyName
85.79661560058594,-88.07524108886719,",",","
19.33810043334961,-11.572854995727539,identifier,useRead
-12.173308372497559,-229.4184112548828,),)
-148.8271026611328,5.126448631286621,{,{
-106.45258331298828,126.98526000976562,{,{
11.99622917175293,48.70661163330078,identifier,Annotation
-21.146955490112305,22.837839126586914,identifier,annotations
134.54507446289062,-62.612091064453125,=,=
38.57609939575195,18.24286460876465,identifier,findPropertyAnnotations
-100.22149658203125,-61.57860565185547,(,(
-31.106544494628906,42.75754928588867,identifier,clazz
54.56076431274414,-50.139400482177734,",",","
-9.324454307556152,-19.208574295043945,identifier,propertyName
53.260677337646484,-47.993896484375,",",","
19.323537826538086,-11.550858497619629,identifier,useRead
2.872511863708496,-93.54914855957031,),)
-115.62256622314453,45.01836395263672,;,;
155.8882598876953,32.4804573059082,if,if
-170.86436462402344,-53.110382080078125,(,(
-21.150001525878906,22.836118698120117,identifier,annotations
40.352783203125,129.07688903808594,.,.
16.165908813476562,83.33747863769531,identifier,length
104.7332534790039,-15.984990119934082,==,==
-45.872222900390625,108.36161041259766,),)
-111.37986755371094,144.44790649414062,{,{
-21.14940643310547,22.837509155273438,identifier,annotations
122.7950668334961,-61.489681243896484,=,=
38.589271545410156,18.269474029541016,identifier,findPropertyAnnotations
-98.67652130126953,-55.764766693115234,(,(
-30.85565948486328,42.32746505737305,identifier,clazz
53.901084899902344,140.70823669433594,.,.
30.36463737487793,20.587923049926758,identifier,getSuperclass
-105.01620483398438,-103.84074401855469,(,(
13.487616539001465,-158.4363555908203,),)
63.22842788696289,-40.78141403198242,",",","
-9.32400894165039,-19.208694458007812,identifier,propertyName
53.23201370239258,-47.49076461791992,",",","
19.319427490234375,-11.54367733001709,identifier,useRead
-5.882286548614502,-96.65769958496094,),)
-169.5878448486328,61.42784118652344,;,;
-25.52075958251953,174.92489624023438,},}
137.2223358154297,116.18689727783203,return,return
-21.15644073486328,22.83790397644043,identifier,annotations
-167.12326049804688,53.431060791015625,;,;
-35.81977081298828,172.46054077148438,},}
-155.34007263183594,-50.443965911865234,(,(
29.301647186279297,-65.7293472290039,identifier,Exception
27.749963760375977,-75.59219360351562,identifier,ex
-37.30588150024414,110.33248901367188,),)
-102.84068298339844,144.1175537109375,{,{
139.05142211914062,118.14191436767578,return,return
34.37301254272461,0.5104288458824158,identifier,Exceptions
66.54359436035156,122.64710998535156,.,.
44.924259185791016,-8.941706657409668,identifier,handle
-87.86837005615234,-48.96707534790039,(,(
11.992213249206543,48.701995849609375,identifier,Annotation
39.46837615966797,137.1418914794922,.,.
60.348419189453125,-41.45691680908203,",",","
28.181650161743164,8.762463569641113,identifier,sputs
-84.63137817382812,-52.859588623046875,(,(
30.60148048400879,4.072033405303955,"""","""Unable to extract annotation for property"""
69.43826293945312,-49.977386474609375,",",","
-9.323894500732422,-19.210445404052734,identifier,propertyName
54.28172302246094,-58.74867248535156,",",","
29.415163040161133,1.6346579790115356,"""",""" of class """
69.2772445678711,-49.93769454956055,",",","
-31.473649978637695,42.20652389526367,identifier,clazz
54.29496383666992,-58.77397537231445,",",","
28.92841339111328,1.3431427478790283,"""","""  useRead """
68.76680755615234,-49.89597702026367,",",","
19.30063247680664,-11.524309158325195,identifier,useRead
-9.551872253417969,-114.27340698242188,),)
66.98054504394531,-41.44667053222656,",",","
27.8676815032959,-76.58403015136719,identifier,ex
-11.648635864257812,-101.01827239990234,),)
-177.75660705566406,51.69792556762695,;,;
-22.1862850189209,189.69017028808594,},}
-245.8316192626953,-2.051736831665039,},}
34.873634338378906,15.199085235595703,identifier,copyTemplateForTieCommands
-62.91413497924805,-158.54881286621094,(,(
-22.935876846313477,17.932756423950195,identifier,Sheet
-23.766510009765625,16.532556533813477,identifier,sheet
-13.79788589477539,-223.50389099121094,),)
-150.70907592773438,2.553781747817993,{,{
153.39654541015625,23.356603622436523,if,if
-176.84298706054688,-50.37427520751953,(,(
39.96984100341797,-3.5163865089416504,identifier,parent
51.12788009643555,132.53976440429688,.,.
32.66118240356445,8.963624000549316,identifier,isSkipConfiguration
-94.91144561767578,-96.5755386352539,(,(
22.769424438476562,-156.32583618164062,),)
-52.0483512878418,108.55904388427734,),)
-109.5038833618164,153.26168823242188,{,{
139.44090270996094,108.01937103271484,return,return
-161.36041259765625,51.062782287597656,;,;
-20.97176170349121,168.09536743164062,},}
13.005916595458984,35.728240966796875,identifier,Workbook
-28.67844009399414,22.95911979675293,identifier,wb
134.62379455566406,-61.17646408081055,=,=
-23.778438568115234,16.48867416381836,identifier,sheet
58.71619415283203,134.23548889160156,.,.
15.265238761901855,4.647331714630127,identifier,getWorkbook
-98.89651489257812,-91.01144409179688,(,(
38.21014404296875,-152.04310607910156,),)
-107.39903259277344,55.99307632446289,;,;
82.59002685546875,72.30120849609375,identifier,String
-11.041385650634766,-11.79140853881836,identifier,copyName
134.3359832763672,-58.57469177246094,=,=
21.15966796875,20.35613250732422,identifier,TieConstants
35.10107421875,154.65121459960938,.,.
18.975915908813477,15.205108642578125,identifier,COPY_SHEET_PREFIX
52.31458282470703,-83.78092956542969,+,+
-23.760089874267578,16.459562301635742,identifier,sheet
55.69175720214844,135.46913146972656,.,.
14.578193664550781,4.922818183898926,identifier,getSheetName
-100.16411590576172,-92.50203704833984,(,(
37.11307907104492,-151.14378356933594,),)
-113.97698974609375,42.77059555053711,;,;
156.42120361328125,31.07419776916504,if,if
-172.9974365234375,-54.63066482543945,(,(
-28.241060256958008,22.96924591064453,identifier,wb
54.577186584472656,135.05545043945312,.,.
13.885945320129395,4.965132236480713,identifier,getSheet
-107.59013366699219,-56.727294921875,(,(
-11.023459434509277,-11.804372787475586,identifier,copyName
-5.389278888702393,-117.88578033447266,),)
106.67574310302734,-14.583658218383789,==,==
-46.61708068847656,108.03558349609375,),)
-113.90768432617188,138.39093017578125,{,{
-22.913856506347656,17.95562171936035,identifier,Sheet
-20.832448959350586,15.016350746154785,identifier,newSheet
125.12749481201172,-61.514652252197266,=,=
-28.10037612915039,22.949987411499023,identifier,wb
57.03408432006836,128.48805236816406,.,.
15.82431697845459,6.2056355476379395,identifier,cloneSheet
-98.52655029296875,-56.543392181396484,(,(
-28.037996292114258,22.955951690673828,identifier,wb
54.83614730834961,135.06552124023438,.,.
14.288549423217773,4.973970413208008,identifier,getSheetIndex
-109.52438354492188,-53.605384826660156,(,(
-23.70096778869629,16.348712921142578,identifier,sheet
-3.747682809829712,-121.75118255615234,),)
-11.268890380859375,-91.8398208618164,),)
-114.16055297851562,58.75001907348633,;,;
-22.57386589050293,14.702388763427734,identifier,sheetIndex
126.4257583618164,-57.59599685668945,=,=
-28.025365829467773,22.931753158569336,identifier,wb
54.985015869140625,134.80276489257812,.,.
14.257221221923828,4.98512077331543,identifier,getSheetIndex
-103.41533660888672,-56.00531005859375,(,(
-20.84581184387207,15.025861740112305,identifier,newSheet
0.4484550952911377,-101.12191009521484,),)
-111.03498840332031,69.0736083984375,;,;
-27.9119873046875,22.866743087768555,identifier,wb
58.947303771972656,112.71090698242188,.,.
15.95543098449707,5.754154682159424,identifier,setSheetName
-98.27564239501953,-48.763397216796875,(,(
-22.65935707092285,14.75587272644043,identifier,sheetIndex
60.179237365722656,-49.246212005615234,",",","
-11.010347366333008,-11.804520606994629,identifier,copyName
-3.521148681640625,-101.35594177246094,),)
-111.659423828125,69.28091430664062,;,;
-27.839120864868164,22.845048904418945,identifier,wb
59.08534240722656,112.79601287841797,.,.
16.04698371887207,5.724286079406738,identifier,setSheetHidden
-98.23125457763672,-48.67947006225586,(,(
-22.677837371826172,14.754609107971191,identifier,sheetIndex
61.0542106628418,-49.26869201660156,",",","
12.999616622924805,35.72957992553711,identifier,Workbook
38.58612060546875,153.4537353515625,.,.
19.4754638671875,14.67831802368164,identifier,SHEET_STATE_VERY_HIDDEN
-12.830166816711426,-103.34834289550781,),)
-179.6300048828125,54.07991409301758,;,;
-22.479482650756836,188.89279174804688,},}
-243.8964385986328,0.4680095613002777,},}
38.16859436035156,27.596372604370117,identifier,Term
25.620254516601562,56.513153076171875,identifier,variable
-67.09036254882812,-156.61473083496094,(,(
-12.307238578796387,-217.5036163330078,),)
30.509674072265625,28.795284271240234,identifier,SourceCodeException
-142.23892211914062,0.826129138469696,{,{
12.368342399597168,0.15482354164123535,identifier,Token
-15.376021385192871,-15.934491157531738,identifier,name
137.7085418701172,-63.949913024902344,=,=
12.38929271697998,0.08248550444841385,identifier,consumeToken
-100.81836700439453,-63.08735275268555,(,(
15.065035820007324,14.378952980041504,identifier,VAR
7.332057952880859,-95.6067123413086,),)
-106.54325103759766,55.16050720214844,;,;
-13.620055198669434,-14.312745094299316,identifier,nameId
135.43850708007812,-59.47520065307617,=,=
26.229530334472656,14.35429573059082,identifier,interner
60.76644515991211,127.48722076416016,.,.
26.272323608398438,14.30920124053955,identifier,internVariableName
-99.92250061035156,-60.024776458740234,(,(
-13.510478973388672,-16.651548385620117,identifier,name
43.362823486328125,143.88449096679688,.,.
39.66843795776367,-30.06623649597168,identifier,image
5.161157131195068,-96.61933898925781,),)
-106.84156799316406,55.43209457397461,;,;
23.770170211791992,56.68383026123047,identifier,Variable
-13.901747703552246,-48.6097526550293,identifier,var
125.4454345703125,-48.15270233154297,=,=
-108.84403228759766,44.156463623046875,;,;
155.71524047851562,30.018375396728516,if,if
-174.6482696533203,-56.48643112182617,(,(
27.87359046936035,-3.98673152923584,"""","""_"""
39.356693267822266,124.0750961303711,.,.
93.89360809326172,-15.386353492736816,identifier,equals
-111.93081665039062,-58.88584518432617,(,(
-13.469639778137207,-16.68226432800293,identifier,name
43.37546157836914,143.86306762695312,.,.
39.66785430908203,-30.064054489135742,identifier,image
-6.4779133796691895,-122.74248504638672,),)
-50.93866729736328,111.79447174072266,),)
-112.15557861328125,143.9243927001953,{,{
-13.923748970031738,-48.67813491821289,identifier,var
123.69449615478516,-60.19792175292969,=,=
37.388675689697266,-17.771530151367188,identifier,variableContext
53.17440414428711,127.63763427734375,.,.
61.44023895263672,19.48713493347168,identifier,get
-104.45896911621094,-58.76716613769531,(,(
-13.095701217651367,-14.531830787658691,identifier,nameId
0.5988991856575012,-97.57640838623047,),)
-168.89344787597656,63.6930046081543,;,;
-25.37691879272461,172.18934631347656,},}
151.3412628173828,35.43941116333008,if,if
-167.10321044921875,-53.82180404663086,(,(
-14.004300117492676,-49.065120697021484,identifier,var
116.69390106201172,-10.909931182861328,!=,!=
-43.44703674316406,108.781005859375,),)
-107.76412963867188,149.97738647460938,{,{
138.8146209716797,114.26844787597656,return,return
-14.066920280456543,-49.298431396484375,identifier,var
-165.4409637451172,52.70762252807617,;,;
-32.778053283691406,167.55433654785156,},}
-33.87594985961914,151.05563354492188,else,else
-104.27703857421875,136.4496307373047,{,{
-13.933189392089844,-48.686771392822266,identifier,var
125.03636169433594,-63.285377502441406,=,=
112.07981872558594,41.680049896240234,new,new
24.123336791992188,56.492191314697266,identifier,Variable
-93.83909606933594,-56.84404373168945,(,(
-13.042143821716309,-14.580486297607422,identifier,nameId
55.439212799072266,-48.45320510864258,",",","
57.269561767578125,-41.96879196166992,",",","
-13.291047096252441,-16.96403694152832,identifier,name
43.45248794555664,143.73582458496094,.,.
39.66965866088867,-30.063711166381836,identifier,image
41.42832946777344,125.3106460571289,.,.
93.10004425048828,-15.905745506286621,identifier,equals
-112.3597183227539,-63.41923522949219,(,(
27.862703323364258,-4.0243635177612305,"""","""_"""
-9.198885917663574,-121.23087310791016,),)
-13.938766479492188,-93.94784545898438,),)
-112.6335220336914,70.81011962890625,;,;
37.39543914794922,-17.754472732543945,identifier,variableContext
59.1810302734375,116.16495513916016,.,.
69.89022064208984,19.55927085876465,identifier,put
-98.94210052490234,-44.10309600830078,(,(
-12.98697280883789,-14.586182594299316,identifier,nameId
61.627994537353516,-47.917274475097656,",",","
-14.083819389343262,-49.39252471923828,identifier,var
-8.309453010559082,-102.58793640136719,),)
-121.18214416503906,66.81517028808594,;,;
135.1711883544922,116.8835220336914,return,return
-14.108522415161133,-49.446842193603516,identifier,var
-179.1625518798828,45.8157844543457,;,;
-22.1298770904541,190.21267700195312,},}
-245.54078674316406,-1.9950120449066162,},}
37.06165313720703,15.108443260192871,identifier,decrementSizeAndCount
-63.77019500732422,-158.4014129638672,(,(
45.05350875854492,2.623659610748291,identifier,E
-16.459108352661133,1.6428780555725098,identifier,record
-13.762956619262695,-223.0104522705078,),)
-151.22071838378906,2.1087119579315186,{,{
155.4990997314453,23.56290054321289,if,if
-176.5299530029297,-47.76775360107422,(,(
26.514604568481445,15.712178230285645,identifier,atomicallyCounted
-47.51327133178711,102.45185852050781,),)
-115.07388305664062,146.5651092529297,{,{
3.3787341117858887,-74.57624816894531,identifier,count
55.95042037963867,124.5118637084961,.,.
51.95320510864258,17.82514190673828,identifier,decrementAndGet
-100.36910247802734,-89.31387329101562,(,(
41.605712890625,-149.83885192871094,),)
-165.38719177246094,61.855716705322266,;,;
-25.20882797241211,169.2884979248047,},}
157.93389892578125,28.308773040771484,if,if
-173.9875946044922,-51.53010559082031,(,(
22.011737823486328,65.85279083251953,identifier,sizeable
-118.7335205078125,-56.1973991394043,(,(
-16.38174057006836,1.6357625722885132,identifier,record
21.956151962280273,65.19229125976562,identifier,Sizeable
-6.696098327636719,-123.71436309814453,),)
-52.270137786865234,111.95779418945312,),)
-115.0361557006836,138.1658477783203,{,{
-14.738066673278809,1.3756513595581055,identifier,recordSize
127.71512603759766,-53.57292938232422,=,=
-117.35663604736328,-52.9810791015625,(,(
-121.20722198486328,-53.121681213378906,(,(
21.9554386138916,65.18720245361328,identifier,Sizeable
7.079154968261719,-119.05699920654297,),)
-16.348628997802734,1.6305630207061768,identifier,record
0.8658221364021301,-113.72662353515625,),)
73.26644134521484,137.60032653808594,.,.
23.761266708374023,82.14131927490234,identifier,sizeof
-98.99750518798828,-99.17479705810547,(,(
34.634254455566406,-151.4318389892578,),)
-113.21398162841797,58.873783111572266,;,;
-14.012065887451172,-2.587658643722534,identifier,oldSize
127.99455261230469,-58.026832580566406,=,=
-2.9737353324890137,-27.252145767211914,identifier,dataSize
52.99276351928711,129.54638671875,.,.
52.490291595458984,17.580724716186523,identifier,getAndAdd
-102.29141998291016,-58.0503044128418,(,(
-14.768600463867188,1.3746527433395386,identifier,recordSize
1.875976800918579,-98.5823745727539,),)
-113.37004852294922,59.04774475097656,;,;
96.19297790527344,35.11244201660156,identifier,newSize
124.70454406738281,-56.891117095947266,=,=
-14.054703712463379,-1.927847146987915,identifier,oldSize
52.81239700317383,-82.06539154052734,+,+
-14.76651668548584,1.3778890371322632,identifier,recordSize
-108.61448669433594,71.64190673828125,;,;
14.113163948059082,16.29944610595703,identifier,signalOnSizeThresholdCrossing
-98.80862426757812,-52.58481216430664,(,(
-13.999155044555664,-1.9236714839935303,identifier,oldSize
59.30396270751953,-49.73398208618164,",",","
96.16751098632812,35.0997428894043,identifier,newSize
-5.415372371673584,-98.08740234375,),)
-170.45330810546875,59.328304290771484,;,;
-31.98676872253418,169.40415954589844,},}
-34.04658126831055,153.42828369140625,else,else
149.45506286621094,40.36691665649414,if,if
-166.66311645507812,-55.20558547973633,(,(
22.012130737304688,65.86097717285156,identifier,sizeable
-40.270782470703125,109.86779022216797,),)
-109.03861999511719,138.69720458984375,{,{
-14.018648147583008,-2.4064934253692627,identifier,oldSize
124.76393127441406,-57.78300094604492,=,=
-2.9745218753814697,-27.252260208129883,identifier,dataSize
52.97756576538086,129.66152954101562,.,.
52.34288787841797,17.629487991333008,identifier,getAndDecrement
-106.8357162475586,-91.3999252319336,(,(
34.6151237487793,-144.8856964111328,),)
-114.22106170654297,59.95426559448242,;,;
96.18578338623047,35.108524322509766,identifier,newSize
124.35396575927734,-57.15191650390625,=,=
-14.061262130737305,-1.8666294813156128,identifier,oldSize
-109.01419067382812,71.86164855957031,;,;
14.10302448272705,16.298254013061523,identifier,signalOnSizeThresholdCrossing
-99.03765106201172,-51.618961334228516,(,(
-13.991214752197266,-1.8725107908248901,identifier,oldSize
60.93486785888672,-46.83287048339844,",",","
96.16333770751953,35.09708023071289,identifier,newSize
-9.998370170593262,-103.49018096923828,),)
-179.52830505371094,53.77802276611328,;,;
-21.810260772705078,188.9853515625,},}
-243.40147399902344,0.5796363353729248,},}
50.596553802490234,-11.877945899963379,identifier,process
-59.476722717285156,-156.7799835205078,(,(
63.35515213012695,57.74454879760742,identifier,Map
181.21255493164062,-44.54253005981445,<,<
90.2992172241211,67.03642272949219,identifier,String
71.25959014892578,-65.40546417236328,",",","
86.59698486328125,56.92528533935547,identifier,Object
184.65733337402344,-11.883267402648926,>,>
45.247440338134766,-32.13522720336914,identifier,config
87.28155517578125,-92.42096710205078,",",","
62.619178771972656,57.901405334472656,identifier,Map
181.71844482421875,-43.85427474975586,<,<
90.2252197265625,67.11458587646484,identifier,String
70.71907043457031,-65.30492401123047,",",","
86.6313247680664,56.884803771972656,identifier,Object
184.47125244140625,-12.655847549438477,>,>
-2.9697265625,2.71463680267334,identifier,templateParams
86.27103424072266,-90.81990814208984,",",","
38.345314025878906,47.35567855834961,identifier,HttpServletResponse
12.398871421813965,-42.557411193847656,identifier,response
85.51787567138672,-90.51580047607422,",",","
11.092912673950195,-2.681962013244629,identifier,ProxyResponse
11.075715065002441,-2.7152674198150635,identifier,proxyResponse
-9.10200309753418,-227.5194091796875,),)
-18.44477081298828,54.84641647338867,identifier,IOException
-143.5778045654297,3.0955159664154053,{,{
80.85319519042969,24.531648635864258,identifier,LOG
68.05469512939453,111.13265228271484,.,.
75.1162338256836,-13.339861869812012,identifier,debug
-79.71550750732422,-51.645469665527344,(,(
28.331438064575195,11.034517288208008,"""","""process(Map<String, Object> {}, SlingHttpServletResponse response, ProxyResponse proxyResponse)"""
68.51484680175781,-52.517581939697266,",",","
-3.2349276542663574,2.8010149002075195,identifier,templateParams
3.3251445293426514,-92.27747344970703,),)
-114.7140884399414,46.82377624511719,;,;
154.6112518310547,30.905393600463867,if,if
-171.79910278320312,-53.9353141784668,(,(
-3.4555156230926514,2.8799214363098145,identifier,templateParams
106.19065856933594,-12.38164234161377,==,==
12.755348205566406,29.01997947692871,identifier,tltppp
44.80356216430664,118.50232696533203,.,.
20.775955200195312,-0.7178037762641907,identifier,hostname
41.126953125,125.12760162353516,.,.
93.87522888183594,-15.632366180419922,identifier,equals
-112.81739044189453,-58.609344482421875,(,(
-3.6613221168518066,2.931222438812256,identifier,templateParams
47.07318878173828,129.20458984375,.,.
60.56000518798828,19.33406639099121,identifier,get
-111.63125610351562,-66.8202133178711,(,(
21.465484619140625,-0.337138295173645,"""","""hostname"""
-10.02806282043457,-124.91761016845703,),)
-15.177840232849121,-115.96854400634766,),)
12.746458053588867,29.020771026611328,identifier,tltppp
44.827789306640625,118.49299621582031,.,.
16.938444137573242,-2.042710781097412,identifier,port
115.65769958496094,-13.752771377563477,!=,!=
-120.5465316772461,-52.13926315307617,(,(
78.81758117675781,64.9057388305664,identifier,Integer
6.574190616607666,-118.58912658691406,),)
-3.6558167934417725,2.9304091930389404,identifier,templateParams
47.12726593017578,129.18214416503906,.,.
60.55257034301758,19.457386016845703,identifier,get
-111.17276763916016,-66.87203216552734,(,(
22.171016693115234,-0.22386838495731354,"""","""port"""
-9.506916999816895,-122.80546569824219,),)
-47.8508415222168,115.93782806396484,),)
-110.22260284423828,142.09588623046875,{,{
11.083008766174316,-41.78559494018555,identifier,response
59.50764846801758,110.63495635986328,.,.
51.175445556640625,-0.09890726208686829,identifier,sendError
-88.05803680419922,-47.58496856689453,(,(
38.433013916015625,47.337615966796875,identifier,HttpServletResponse
38.906978607177734,154.42465209960938,.,.
21.40919303894043,13.473345756530762,identifier,SC_BAD_REQUEST
2.808833599090576,-105.66603088378906,),)
-121.37223815917969,62.678531646728516,;,;
137.83970642089844,108.04325866699219,return,return
-163.53759765625,50.058135986328125,;,;
-20.399797439575195,174.6824188232422,},}
13.058055877685547,29.131601333618164,identifier,dpppi
61.84078598022461,118.76209259033203,.,.
50.52582931518555,-12.000116348266602,identifier,process
-99.64659118652344,-49.963157653808594,(,(
45.273677825927734,-32.205039978027344,identifier,config
57.36044692993164,-46.74631881713867,",",","
-3.2451956272125244,2.8334708213806152,identifier,templateParams
57.44476318359375,-45.53818130493164,",",","
12.435952186584473,-41.68350601196289,identifier,response
58.12649917602539,-44.16115188598633,",",","
11.074959754943848,-2.7271077632904053,identifier,proxyResponse
-10.625425338745117,-103.46903228759766,),)
-120.27690124511719,68.73773956298828,;,;
130.432373046875,117.59390258789062,return,return
-184.25433349609375,43.60260009765625,;,;
-240.77528381347656,-5.382904529571533,},}
-34.74015808105469,-76.71720886230469,identifier,Override
21.525678634643555,34.431583404541016,identifier,ODocument
49.73759078979492,21.59583854675293,identifier,getRecord
-65.20454406738281,-154.48060607910156,(,(
-12.67178726196289,-219.22645568847656,),)
-152.1914520263672,1.9742844104766846,{,{
156.23997497558594,24.362375259399414,if,if
-176.32589721679688,-48.42998123168945,(,(
4.565864086151123,-8.605629920959473,identifier,rawElement
105.0232925415039,-11.440759658813477,==,==
-48.49623107910156,104.54097747802734,),)
-115.93842315673828,136.9398651123047,{,{
21.53373146057129,34.42739486694336,identifier,ODocument
-27.195209503173828,-45.77179718017578,identifier,tmp
134.2054443359375,-65.892578125,=,=
111.42313385009766,43.93220138549805,new,new
21.538246154785156,34.43693161010742,identifier,ODocument
-91.65510559082031,-59.04910659790039,(,(
19.298709869384766,-5.72860860824585,identifier,getClassName
-111.0844955444336,-51.52244186401367,(,(
32.600547790527344,-37.86217498779297,identifier,label
-3.4393444061279297,-123.00850677490234,),)
0.8512394428253174,-114.0782699584961,),)
72.45089721679688,136.03977966308594,.,.
32.43271255493164,11.431861877441406,identifier,setTrackingChanges
-99.72205352783203,-66.09950256347656,(,(
7.648087501525879,-99.4935531616211,),)
-106.25942993164062,64.79723358154297,;,;
-27.25129508972168,-45.97284698486328,identifier,tmp
56.15896987915039,108.5794448852539,.,.
58.9121208190918,36.14822769165039,identifier,field
-90.84020233154297,-44.520599365234375,(,(
24.14704132080078,33.82420349121094,identifier,OrientBaseGraph
36.23661422729492,153.23497009277344,.,.
17.756820678710938,9.384903907775879,identifier,CONNECTION_IN
62.6806640625,-51.863826751708984,",",","
31.148279190063477,-7.267063140869141,identifier,vIn
53.90442657470703,143.93177795410156,.,.
48.752662658691406,24.595069885253906,identifier,getIdentity
-106.79086303710938,-101.2356948852539,(,(
16.883298873901367,-156.91969299316406,),)
-12.43875789642334,-90.63131713867188,),)
-106.89070129394531,65.3056411743164,;,;
-27.25457000732422,-45.99816131591797,identifier,tmp
56.234432220458984,108.6303939819336,.,.
58.95205307006836,36.11878204345703,identifier,field
-90.99951171875,-44.42783737182617,(,(
24.120336532592773,33.81438064575195,identifier,OrientBaseGraph
36.45176315307617,153.13760375976562,.,.
17.757083892822266,9.3767671585083,identifier,CONNECTION_OUT
62.64122772216797,-51.607242584228516,",",","
31.13201332092285,-7.260242462158203,identifier,vOut
53.98126220703125,143.85568237304688,.,.
48.7530632019043,24.595170974731445,identifier,getIdentity
-107.19249725341797,-100.83072662353516,(,(
16.582141876220703,-156.1767578125,),)
-12.558221817016602,-91.18340301513672,),)
-116.7023696899414,45.800819396972656,;,;
155.04466247558594,35.56278610229492,if,if
-169.1919403076172,-54.65877151489258,(,(
32.620967864990234,-37.891693115234375,identifier,label
117.22770690917969,-11.567760467529297,!=,!=
38.067649841308594,-11.835220336914062,identifier,settings
118.44424438476562,-9.99832534790039,!=,!=
38.06523132324219,-11.83512020111084,identifier,settings
50.11089324951172,134.8601837158203,.,.
31.528793334960938,10.91683578491211,identifier,isUseClassForEdgeLabel
-106.2513427734375,-96.94876098632812,(,(
17.539302825927734,-153.92214965820312,),)
-60.0524787902832,101.74494171142578,),)
-27.255367279052734,-46.02077102661133,identifier,tmp
56.4304313659668,108.70777130126953,.,.
59.01041030883789,36.08102798461914,identifier,field
-91.34748077392578,-44.19478225708008,(,(
23.98354721069336,33.760765075683594,identifier,OrientEdge
37.300350189208984,152.42950439453125,.,.
17.356504440307617,12.443187713623047,identifier,LABEL_FIELD_NAME
63.25726318359375,-47.88473892211914,",",","
32.60702133178711,-37.870391845703125,identifier,label
-7.690952777862549,-100.87348175048828,),)
-120.22005462646484,65.83954620361328,;,;
136.5055694580078,115.98377990722656,return,return
-27.258546829223633,-46.201072692871094,identifier,tmp
-169.9473114013672,50.53500747680664,;,;
-23.83211326599121,179.8548583984375,},}
134.03102111816406,118.16300201416016,return,return
42.986385345458984,113.37787628173828,.,.
49.7430305480957,21.59731101989746,identifier,getRecord
-110.922607421875,-91.8948974609375,(,(
34.45574951171875,-140.3831787109375,),)
-182.93272399902344,46.46920394897461,;,;
-242.95054626464844,-8.545882225036621,},}
9.531696319580078,22.077152252197266,identifier,HollowHistoricalStateDataAccess
35.83237838745117,14.480816841125488,identifier,createBasedOnNewDelta
-62.502750396728516,-160.0362548828125,(,(
19.446857452392578,-37.8028564453125,identifier,version
91.99158477783203,-88.81218719482422,",",","
9.901442527770996,22.958019256591797,identifier,HollowReadStateEngine
7.274747371673584,9.3862886428833,identifier,stateEngine
-15.538369178771973,-227.01817321777344,),)
-147.74526977539062,-1.124041199684143,{,{
11.346392631530762,24.73357391357422,identifier,IntMapOrdinalRemapper
2.6142418384552,12.06799030303955,identifier,typeRemovedOrdinalMapping
132.1311798095703,-66.8623275756836,=,=
110.0419692993164,44.62769317626953,new,new
11.339251518249512,24.740991592407227,identifier,IntMapOrdinalRemapper
-96.00709533691406,-86.38273620605469,(,(
39.50111770629883,-153.73414611816406,),)
-105.56185913085938,56.67707443237305,;,;
66.6831283569336,52.57147216796875,identifier,List
184.64617919921875,-44.72075653076172,<,<
9.466259956359863,22.999723434448242,identifier,HollowTypeReadState
181.8363037109375,-13.161543846130371,>,>
5.289787292480469,11.879189491271973,identifier,historicalTypeStates
130.60252380371094,-66.22901153564453,=,=
108.32599639892578,44.944427490234375,new,new
64.6839370727539,50.27363967895508,identifier,ArrayList
185.29928588867188,-43.86993408203125,<,<
9.35600471496582,23.01483917236328,identifier,HollowTypeReadState
183.45343017578125,-16.962459564208984,>,>
-90.29590606689453,-61.007972717285156,(,(
7.299520492553711,9.482765197753906,identifier,stateEngine
55.812843322753906,139.14068603515625,.,.
10.452258110046387,4.932075023651123,identifier,getTypeStates
-103.3271484375,-100.4063491821289,(,(
18.323320388793945,-143.71771240234375,),)
73.58467102050781,139.89178466796875,.,.
22.472118377685547,81.31855773925781,identifier,size
-98.57884979248047,-102.4485092163086,(,(
20.32896614074707,-158.21543884277344,),)
-11.641539573669434,-88.14666748046875,),)
-111.69507598876953,48.264163970947266,;,;
170.07386779785156,31.154970169067383,for,for
-159.20755004882812,-44.416439056396484,(,(
9.352155685424805,23.00455665588379,identifier,HollowTypeReadState
5.183981418609619,9.769689559936523,identifier,typeState
7.293506622314453,9.481579780578613,identifier,stateEngine
56.01394271850586,139.1620330810547,.,.
10.461034774780273,4.917843818664551,identifier,getTypeStates
-102.37734985351562,-98.79173278808594,(,(
19.544424057006836,-155.42518615722656,),)
-51.102989196777344,114.8779296875,),)
-112.15986633300781,140.9097442626953,{,{
8.895235061645508,21.258163452148438,identifier,createDeltaHistoricalTypeState
-97.86185455322266,-53.62294006347656,(,(
2.64082670211792,12.055689811706543,identifier,typeRemovedOrdinalMapping
54.3310661315918,-46.98088836669922,",",","
5.307063102722168,11.835901260375977,identifier,historicalTypeStates
53.83201217651367,-46.595523834228516,",",","
5.197201251983643,9.774187088012695,identifier,typeState
-5.49261474609375,-96.25971984863281,),)
-169.48394775390625,60.73116683959961,;,;
-22.46050262451172,173.98928833007812,},}
8.966612815856934,21.932863235473633,identifier,HollowHistoricalStateDataAccess
-3.226274251937866,-52.10657501220703,identifier,dataAccess
127.23281860351562,-64.362060546875,=,=
112.81419372558594,42.667789459228516,new,new
8.89118766784668,21.91253089904785,identifier,HollowHistoricalStateDataAccess
-95.1577377319336,-56.50049591064453,(,(
-4.621436595916748,-2.061216354370117,identifier,totalHistory
55.50160217285156,-46.890655517578125,",",","
19.43589210510254,-37.75880432128906,identifier,version
54.25287628173828,-44.88066482543945,",",","
7.433772087097168,9.339665412902832,identifier,stateEngine
54.23020553588867,-43.9705924987793,",",","
5.31168270111084,11.830975532531738,identifier,historicalTypeStates
54.3903694152832,-43.673892974853516,",",","
2.6514933109283447,12.047662734985352,identifier,typeRemovedOrdinalMapping
54.74507522583008,-42.12627029418945,",",","
65.94967651367188,43.86445236206055,identifier,Collections
70.38054656982422,120.0719223022461,.,.
182.6961669921875,-39.81568145751953,<,<
88.41997528076172,65.36062622070312,identifier,String
69.12657928466797,-63.64237594604492,",",","
8.5974760055542,22.130067825317383,identifier,HollowHistoricalSchemaChange
181.8932647705078,-16.10829734802246,>,>
80.99730682373047,0.2342601716518402,identifier,emptyMap
-113.60765075683594,-96.33988952636719,(,(
13.115978240966797,-151.5789031982422,),)
-15.382328987121582,-93.62789154052734,),)
-114.83301544189453,67.51151275634766,;,;
-3.248589038848877,-52.154869079589844,identifier,dataAccess
59.75272750854492,114.8140640258789,.,.
17.193952560424805,7.3506975173950195,identifier,setNextState
-98.91030883789062,-46.755558013916016,(,(
7.457042217254639,9.314910888671875,identifier,stateEngine
-5.29677677154541,-105.61073303222656,),)
-119.96418762207031,68.25732421875,;,;
133.34347534179688,120.11708068847656,return,return
-3.258255958557129,-52.171043395996094,identifier,dataAccess
-182.58815002441406,44.68973159790039,;,;
-240.11727905273438,-8.945734977722168,},}
35.225929260253906,17.865398406982422,identifier,hashTableSize
-62.74396514892578,-161.0194549560547,(,(
-25.702838897705078,9.108955383300781,identifier,numElements
-10.703186988830566,-223.6612548828125,),)
42.98689651489258,35.02867126464844,identifier,IllegalArgumentException
-144.18264770507812,4.734851837158203,{,{
154.4329071044922,24.897974014282227,if,if
-174.91226196289062,-49.61061096191406,(,(
-26.151321411132812,9.055346488952637,identifier,numElements
114.54188537597656,-25.222980499267578,<,<
-45.9471321105957,104.11475372314453,),)
-111.37376403808594,150.4883575439453,{,{
119.21001434326172,43.286720275878906,new,new
42.8529167175293,35.618831634521484,identifier,IllegalArgumentException
-82.12150573730469,-56.113739013671875,(,(
28.89637565612793,6.838000297546387,"""","""cannot be negative; numElements="""
53.934776306152344,-85.58699035644531,+,+
-26.03567886352539,9.681013107299805,identifier,numElements
-2.432758331298828,-93.90235137939453,),)
-162.86734008789062,60.713783264160156,;,;
-30.989057540893555,167.1597900390625,},}
-33.721771240234375,154.07672119140625,else,else
150.05535888671875,41.57059097290039,if,if
-170.40614318847656,-49.6985969543457,(,(
-26.468320846557617,9.142171859741211,identifier,numElements
116.62421417236328,-21.17551040649414,>,>
16.801799774169922,13.703252792358398,identifier,HASH_TABLE_MAX_SIZE
-44.03755569458008,105.10063934326172,),)
-110.78656768798828,149.9290313720703,{,{
119.01364135742188,43.006065368652344,new,new
42.7928581237793,35.659645080566406,identifier,IllegalArgumentException
-82.22547912597656,-55.71271514892578,(,(
29.270227432250977,7.9287285804748535,"""","""exceeds maximum number of buckets; numElements="""
53.764122009277344,-85.4737777709961,+,+
-26.141498565673828,9.70556926727295,identifier,numElements
-2.5858232975006104,-94.00860595703125,),)
-162.892578125,60.41886901855469,;,;
-22.821537017822266,171.1751251220703,},}
151.03248596191406,34.07046127319336,if,if
-167.7112274169922,-50.28688430786133,(,(
-26.551862716674805,9.19837474822998,identifier,numElements
103.7194595336914,-15.142845153808594,==,==
-57.53520202636719,102.19003295898438,),)
141.3568115234375,111.37664794921875,return,return
-114.74028015136719,51.26597595214844,;,;
151.9462432861328,33.7446174621582,if,if
-167.5994110107422,-50.68229293823242,(,(
-26.689374923706055,9.22435474395752,identifier,numElements
115.0009765625,-26.899702072143555,<,<
-57.723541259765625,102.20564270019531,),)
141.41172790527344,112.36648559570312,return,return
-26.92479705810547,9.47192096710205,identifier,numElements
-114.58958435058594,52.41828918457031,;,;
2.717383861541748,9.4127197265625,identifier,sizeAfterLoadFactor
128.48895263671875,-62.64805221557617,=,=
-119.66790008544922,-52.85029602050781,(,(
4.370140552520752,-117.72467041015625,),)
-114.21207427978516,-52.02763366699219,(,(
-121.69803619384766,-53.04035186767578,(,(
5.889698505401611,-118.94281005859375,),)
-27.07358169555664,9.483104705810547,identifier,numElements
-0.9985055923461914,-106.59867095947266,),)
-113.71541595458984,61.86979293823242,;,;
5.226024627685547,-65.51148223876953,identifier,bits
124.9935073852539,-58.65331268310547,=,=
78.6937026977539,64.81293487548828,identifier,Integer
69.12481689453125,125.2143783569336,.,.
29.5011043548584,8.44284439086914,identifier,numberOfLeadingZeros
-104.60851287841797,-48.02387237548828,(,(
2.7086334228515625,9.4144287109375,identifier,sizeAfterLoadFactor
-1.385655403137207,-106.84268188476562,),)
-118.55831909179688,68.06846618652344,;,;
133.9477081298828,116.49332427978516,return,return
5.222606658935547,-65.52330017089844,identifier,bits
-180.85061645507812,45.80498504638672,;,;
-240.76023864746094,-7.356652736663818,},}
177.9287567138672,-41.21950149536133,<,<
-5.53141450881958,68.24177551269531,identifier,T
184.56593322753906,-9.197189331054688,>,>
8.316335678100586,16.40730094909668,identifier,QueryResults
179.7567901611328,-41.55863952636719,<,<
-5.35299015045166,67.76492309570312,identifier,T
184.3024444580078,-10.01177978515625,>,>
37.066837310791016,6.235253810882568,identifier,queryNormal
-61.01425552368164,-161.05621337890625,(,(
9.407317161560059,14.504265785217285,identifier,EntityQuery
33.78232192993164,-24.215848922729492,identifier,query
90.134765625,-91.04938507080078,",",","
44.88064193725586,-60.31550598144531,identifier,chunkSize
-11.50329875946045,-227.86422729492188,),)
-146.3152618408203,-0.9318838119506836,{,{
82.81930541992188,23.30385971069336,identifier,log
67.71865844726562,111.76305389404297,.,.
72.65372467041016,-10.815905570983887,identifier,trace
-79.58734893798828,-52.433956146240234,(,(
32.374271392822266,6.48950719833374,"""","""Starting normal query"""
12.469348907470703,-102.45587921142578,),)
-111.03544616699219,54.61736297607422,;,;
8.787195205688477,7.253412246704102,identifier,LoadEngine
8.810898780822754,7.444956302642822,identifier,loadEngine
132.40802001953125,-63.31742477416992,=,=
10.145166397094727,7.451636791229248,identifier,loader
60.498512268066406,129.01492309570312,.,.
9.165567398071289,7.586694717407227,identifier,createLoadEngine
-98.8415756225586,-88.34851837158203,(,(
38.51263427734375,-153.17591857910156,),)
-107.72950744628906,58.12592697143555,;,;
8.421985626220703,16.51521873474121,identifier,QueryResults
180.93995666503906,-40.82069778442383,<,<
9.433130264282227,14.425095558166504,identifier,Entity
182.96693420410156,-14.423657417297363,>,>
0.4983651638031006,-5.327294826507568,identifier,entityResults
131.98997497558594,-62.74440383911133,=,=
-4.20412540435791,-32.37779998779297,identifier,ds
60.10469436645508,128.90603637695312,.,.
50.807247161865234,-7.361295700073242,identifier,run
-101.12152099609375,-59.00222396850586,(,(
33.783447265625,-24.217016220092773,identifier,query
3.9044992923736572,-97.76078033447266,),)
-107.9770736694336,58.36598205566406,;,;
8.472840309143066,16.5526123046875,identifier,QueryResults
181.1931610107422,-40.03117752075195,<,<
22.944726943969727,11.080991744995117,identifier,com
45.280548095703125,153.04034423828125,.,.
22.921451568603516,11.315340042114258,identifier,google
45.00846481323242,153.0712890625,.,.
23.153034210205078,9.702728271484375,identifier,cloud
44.71907424926758,153.1012420654297,.,.
23.833301544189453,8.361932754516602,identifier,datastore
43.46418762207031,153.19857788085938,.,.
1.5436625480651855,-11.671806335449219,identifier,Key
182.10244750976562,-14.889097213745117,>,>
17.414363861083984,-5.027709484100342,identifier,stuffed
127.90583801269531,-65.78919219970703,=,=
112.29248809814453,43.5010871887207,new,new
10.16642951965332,17.101333618164062,identifier,StuffingQueryResults
-94.73291015625,-58.40520477294922,(,(
8.95128059387207,7.860110282897949,identifier,loadEngine
57.40707015991211,-49.42693328857422,",",","
0.49876561760902405,-5.33503532409668,identifier,entityResults
-2.282839775085449,-100.66175079345703,),)
-111.57416534423828,62.0413703918457,;,;
8.500043869018555,16.56244468688965,identifier,QueryResults
181.2574005126953,-40.14255905151367,<,<
1.558923363685608,-11.672951698303223,identifier,Key
180.03648376464844,-40.900779724121094,<,<
-5.332850933074951,66.91527557373047,identifier,T
186.426513671875,-14.876718521118164,>,>
181.65162658691406,-15.173789978027344,>,>
-0.006814645603299141,-6.818238258361816,identifier,keyResults
127.26679229736328,-65.5419921875,=,=
112.62702178955078,43.184322357177734,new,new
9.290718078613281,16.85636329650879,identifier,KeyQueryResults
182.5173797607422,-22.502248764038086,<,<>
-91.77613830566406,-63.032127380371094,(,(
17.41872215270996,-5.02803373336792,identifier,stuffed
-1.8470733165740967,-102.10643768310547,),)
-118.07498168945312,66.66304779052734,;,;
136.21722412109375,119.40509033203125,return,return
114.02538299560547,41.084720611572266,new,new
9.797028541564941,17.568315505981445,identifier,HybridQueryResults
182.47003173828125,-22.4514102935791,<,<>
-91.80828094482422,-63.084896087646484,(,(
8.93364429473877,7.973776340484619,identifier,loadEngine
58.1405029296875,-46.295448303222656,",",","
-0.008920770138502121,-6.831857204437256,identifier,keyResults
58.659542083740234,-44.728919982910156,",",","
44.88322830200195,-60.311283111572266,identifier,chunkSize
-11.25439453125,-104.30027770996094,),)
-182.58457946777344,48.27235794067383,;,;
-239.57980346679688,-8.764105796813965,},}
29.004451751708984,50.415496826171875,identifier,CalendarDate
60.249942779541016,4.776611328125,identifier,of
-58.34971237182617,-160.46722412109375,(,(
27.652029037475586,50.154170989990234,identifier,Calendar
-30.543567657470703,14.801067352294922,identifier,cal
89.24015045166016,-86.42803955078125,",",","
16.699020385742188,-9.70664119720459,identifier,year
87.56248474121094,-86.2818603515625,",",","
-10.263382911682129,31.15526008605957,identifier,monthOfYear
86.58226013183594,-86.1243667602539,",",","
-13.278294563293457,30.34200096130371,identifier,dayOfMonth
86.4537582397461,-86.20877838134766,",",","
-10.886977195739746,29.178503036499023,identifier,hourOfDay
86.03396606445312,-86.48755645751953,",",","
-10.077657699584961,28.5112361907959,identifier,minuteOfHour
85.66426086425781,-86.78995513916016,",",","
-9.676497459411621,28.11668586730957,identifier,secondOfMinute
-11.564874649047852,-230.02276611328125,),)
-145.9445037841797,0.47555139660835266,{,{
50.83879089355469,14.293766021728516,identifier,Chronology
16.373947143554688,-20.433536529541016,identifier,base
137.63401794433594,-60.377506256103516,=,=
27.57646942138672,50.13658142089844,identifier,Calendar
65.10807800292969,128.95932006835938,.,.
50.291690826416016,13.735387802124023,identifier,getChronology
-102.78072357177734,-61.533573150634766,(,(
-30.489171981811523,14.592570304870605,identifier,cal
6.046960353851318,-97.48548889160156,),)
-106.70519256591797,58.17555236816406,;,;
50.8781623840332,9.74340534210205,identifier,DateTime
-20.677974700927734,-38.43770980834961,identifier,dt
128.63787841796875,-64.5200424194336,=,=
110.85936737060547,43.20227813720703,new,new
50.84474182128906,9.769192695617676,identifier,DateTime
-93.5658950805664,-58.67402648925781,(,(
16.70250701904297,-9.706005096435547,identifier,year
53.502464294433594,-49.75434494018555,",",","
-10.263819694519043,31.16362762451172,identifier,monthOfYear
51.749244689941406,-45.52973556518555,",",","
-13.280949592590332,30.34154510498047,identifier,dayOfMonth
51.786590576171875,-45.44847106933594,",",","
-10.885350227355957,29.175554275512695,identifier,hourOfDay
52.080078125,-45.548885345458984,",",","
-10.056609153747559,28.490623474121094,identifier,minuteOfHour
52.3078498840332,-45.70072937011719,",",","
-9.668092727661133,28.109067916870117,identifier,secondOfMinute
52.85053253173828,-46.19968795776367,",",","
16.222997665405273,-20.558916091918945,identifier,base
2.522695779800415,-91.54754638671875,),)
-115.84465026855469,46.01320266723633,;,;
153.97215270996094,35.06230545043945,if,if
-174.11843872070312,-57.539588928222656,(,(
27.566205978393555,50.13411331176758,identifier,Calendar
65.5887222290039,128.99998474121094,.,.
49.59612274169922,13.544878959655762,identifier,isDefaultChronology
-107.88890838623047,-58.09297180175781,(,(
-30.48289680480957,14.566781997680664,identifier,cal
-5.581882953643799,-121.66786193847656,),)
-59.20489501953125,101.80314636230469,),)
-20.8218936920166,-38.42510986328125,identifier,dt
122.3859634399414,-58.20973587036133,=,=
-21.43022346496582,-38.3238410949707,identifier,dt
54.34050750732422,122.37576293945312,.,.
49.994140625,13.355649948120117,identifier,withChronology
-94.9516372680664,-48.38612747192383,(,(
27.560733795166016,50.133358001708984,identifier,Calendar
65.50373840332031,128.97012329101562,.,.
50.23929977416992,13.676959991455078,identifier,getChronology
-109.39627075195312,-53.906959533691406,(,(
-30.47753143310547,14.551347732543945,identifier,cal
-4.193327903747559,-121.2278060913086,),)
-11.575579643249512,-92.51570129394531,),)
-111.58380889892578,64.43566131591797,;,;
-20.87334442138672,-38.42081832885742,identifier,dt
122.41693115234375,-58.141029357910156,=,=
-21.432897567749023,-38.32814407348633,identifier,dt
54.364990234375,122.23991394042969,.,.
48.70436096191406,11.133552551269531,identifier,withZone
-95.10980987548828,-48.077030181884766,(,(
49.81321334838867,10.712103843688965,identifier,DateTimeZone
38.15673828125,156.28369140625,.,.
48.94245147705078,11.056901931762695,identifier,UTC
0.37143591046333313,-105.8566665649414,),)
-117.75677490234375,67.19055938720703,;,;
135.46656799316406,119.52608489990234,return,return
113.4699478149414,40.30918884277344,new,new
29.032564163208008,50.42220687866211,identifier,CalendarDate
-95.09803771972656,-53.42250442504883,(,(
-30.48175811767578,14.547390937805176,identifier,cal
60.083526611328125,-46.2894287109375,",",","
-21.310487747192383,-38.39813232421875,identifier,dt
-10.08051872253418,-104.7368392944336,),)
-181.45977783203125,47.64525604248047,;,;
-240.7114715576172,-8.650806427001953,},}
34.303070068359375,16.32805633544922,identifier,createRuleFlowSampleLauncher
-63.34931945800781,-158.69932556152344,(,(
29.251482009887695,28.01403045654297,identifier,IJavaProject
33.93746566772461,-20.915451049804688,identifier,project
-9.027490615844727,-223.79783630371094,),)
30.122943878173828,28.4853458404541,identifier,JavaModelException
82.1136703491211,-93.26160430908203,",",","
-18.928386688232422,55.14519119262695,identifier,IOException
-142.1388702392578,3.199434995651245,{,{
83.65965270996094,73.19878387451172,identifier,String
-9.448087692260742,-41.67518615722656,identifier,s
-104.32411193847656,50.09130096435547,;,;
20.01359748840332,-36.935646057128906,identifier,Version
18.648595809936523,-37.68046951293945,identifier,version
137.3372802734375,-61.49650573730469,=,=
36.67999267578125,-2.4700522422790527,identifier,startPage
61.26299285888672,134.57586669921875,.,.
29.27637481689453,22.39101791381836,identifier,getRuntime
-97.76644134521484,-92.79048156738281,(,(
17.554418563842773,-141.6382598876953,),)
70.06253814697266,138.1650390625,.,.
20.34360122680664,-35.88325500488281,identifier,getVersion
-99.39920043945312,-92.4631118774414,(,(
38.79832458496094,-151.09036254882812,),)
-112.94930267333984,43.47772979736328,;,;
156.43788146972656,29.286611557006836,if,if
-173.74815368652344,-53.99151611328125,(,(
18.789073944091797,-37.08966064453125,identifier,version
52.85848617553711,136.1091766357422,.,.
36.508453369140625,38.180091857910156,identifier,getMajor
-101.4841079711914,-104.9553451538086,(,(
23.239055633544922,-149.892822265625,),)
102.41481018066406,-16.667879104614258,==,==
-48.152915954589844,109.2916488647461,),)
-112.78414154052734,146.06625366210938,{,{
-9.972567558288574,-42.29781723022461,identifier,s
118.52596282958984,-62.34331512451172,=,=
21.797046661376953,9.839261054992676,"""","""org/drools/eclipse/wizard/project/RuleFlowLauncherSample_4.java.template"""
-170.98121643066406,65.496337890625,;,;
-31.059555053710938,167.56314086914062,},}
-33.447872161865234,154.00393676757812,else,else
149.8230438232422,41.29529571533203,if,if
-170.9750518798828,-55.81683349609375,(,(
18.738304138183594,-37.068206787109375,identifier,version
52.69670867919922,136.156005859375,.,.
36.482303619384766,38.16104507446289,identifier,getMajor
-101.50527954101562,-104.92874908447266,(,(
23.24500274658203,-149.48294067382812,),)
102.3690414428711,-16.75049591064453,==,==
18.70683479309082,-37.08067321777344,identifier,version
52.38805389404297,136.29798889160156,.,.
35.90569305419922,37.74854278564453,identifier,getMinor
-101.22269439697266,-104.51020812988281,(,(
23.410226821899414,-149.52297973632812,),)
103.42951965332031,-16.657150268554688,==,==
-47.4373893737793,109.85554504394531,),)
-112.56877136230469,146.4241180419922,{,{
-10.109055519104004,-42.330265045166016,identifier,s
118.50212860107422,-62.23152542114258,=,=
21.71523094177246,9.82777214050293,"""","""org/drools/eclipse/wizard/project/RuleFlowLauncherSample.java.template"""
-171.1862335205078,65.4560546875,;,;
-31.458843231201172,168.08319091796875,},}
-33.49304962158203,153.7476348876953,else,else
149.79298400878906,40.9357795715332,if,if
-169.09552001953125,-56.45787811279297,(,(
18.743772506713867,-37.08672332763672,identifier,version
52.614933013916016,136.1698455810547,.,.
36.507057189941406,38.17778778076172,identifier,getMajor
-101.5294189453125,-104.92242431640625,(,(
23.06348991394043,-149.22837829589844,),)
102.39025115966797,-16.694032669067383,==,==
-47.21574401855469,110.35687255859375,),)
-112.41831970214844,146.64405822753906,{,{
-10.202747344970703,-42.34541702270508,identifier,s
118.46345520019531,-62.12290954589844,=,=
21.733911514282227,9.80883502960205,"""","""org/drools/eclipse/wizard/project/ProcessLauncherSample_bpmn_5.java.template"""
-171.37918090820312,65.4373550415039,;,;
-32.01158142089844,168.28378295898438,},}
-34.02000045776367,150.27317810058594,else,else
-103.80299377441406,137.5923309326172,{,{
-10.316123008728027,-42.395259857177734,identifier,s
118.40135192871094,-61.99085998535156,=,=
21.69242286682129,9.783048629760742,"""","""org/drools/eclipse/wizard/project/ProcessLauncherSample_bpmn_6.java.template"""
-171.7418670654297,65.39913177490234,;,;
-23.004138946533203,176.57872009277344,},}
29.14676856994629,27.798145294189453,identifier,createProjectJavaFile
-98.81903839111328,-50.73762893676758,(,(
33.9387092590332,-20.916183471679688,identifier,project
57.504425048828125,-46.669193267822266,",",","
-9.782700538635254,-41.12312698364258,identifier,s
58.95404815673828,-43.253414154052734,",",","
24.367549896240234,4.225140571594238,"""","""ProcessTest.java"""
-12.613993644714355,-104.14234924316406,),)
-182.55514526367188,51.34638595581055,;,;
-240.42555236816406,-3.2509970664978027,},}
39.94681167602539,14.74062442779541,identifier,initializeControls
-66.28174591064453,-154.5582275390625,(,(
-13.060762405395508,-218.87075805664062,),)
-151.8992462158203,1.959071397781372,{,{
156.37286376953125,24.51368522644043,if,if
-176.2488555908203,-48.88773727416992,(,(
-11.046269416809082,-7.8330159187316895,identifier,originalFile
115.05461120605469,-10.231748580932617,!=,!=
-48.59305953979492,104.50294494628906,),)
-116.3712387084961,137.46815490722656,{,{
27.404672622680664,-16.00450325012207,identifier,resourceGroup
57.006954193115234,123.0217056274414,.,.
20.2418270111084,5.86667013168335,identifier,setContainerFullPath
-91.37042999267578,-51.116249084472656,(,(
-11.032607078552246,-7.804743766784668,identifier,originalFile
53.874717712402344,138.04124450683594,.,.
39.96796417236328,-3.3954954147338867,identifier,getParent
-103.70687866210938,-102.71003723144531,(,(
18.04153823852539,-142.6608123779297,),)
70.34568786621094,138.4324493408203,.,.
20.185565948486328,5.682483196258545,identifier,getFullPath
-103.89654541015625,-102.46878814697266,(,(
18.70995330810547,-157.82125854492188,),)
-11.598309516906738,-89.01839447021484,),)
-111.40328216552734,56.72113800048828,;,;
83.09613800048828,71.65093231201172,identifier,String
-19.95474624633789,-14.079191207885742,identifier,fileName
133.33958435058594,-57.3941535949707,=,=
-11.037245750427246,-7.825384140014648,identifier,originalFile
54.476707458496094,137.73812866210938,.,.
-18.505962371826172,-21.423023223876953,identifier,getName
-101.71111297607422,-95.11618041992188,(,(
36.243682861328125,-151.13375854492188,),)
-109.25959777832031,55.0820426940918,;,;
-47.494388580322266,-1.5402679443359375,identifier,index
134.68106079101562,-56.24087905883789,=,=
-20.095853805541992,-13.661260604858398,identifier,fileName
47.362430572509766,127.23095703125,.,.
67.9662094116211,-1.4330902099609375,identifier,lastIndexOf
-108.49138641357422,-64.12356567382812,(,(
28.090856552124023,-2.178419351577759,"""","""."""
8.273929595947266,-102.16645050048828,),)
-116.02593994140625,43.3227653503418,;,;
156.5523681640625,33.67357635498047,if,if
-168.26766967773438,-52.382293701171875,(,(
-47.687374114990234,-0.44092124700546265,identifier,index
117.1753921508789,-12.543485641479492,!=,!=
-45.473941802978516,109.02776336669922,),)
-111.0455551147461,144.78782653808594,{,{
-20.021909713745117,-13.960522651672363,identifier,fileName
121.86589050292969,-60.725372314453125,=,=
-20.12258529663086,-13.608022689819336,identifier,fileName
47.20280838012695,126.48287963867188,.,.
47.65937805175781,59.28761672973633,identifier,substring
-104.09909057617188,-70.11310577392578,(,(
63.36780548095703,-56.316558837890625,",",","
-47.69776153564453,0.5914536714553833,identifier,index
-5.100363731384277,-97.33631134033203,),)
-169.94483947753906,61.87827682495117,;,;
-24.958616256713867,175.3196258544922,},}
-20.086654663085938,-13.822733879089355,identifier,fileName
23.70640754699707,4.645760536193848,"""","""-image.png"""
-107.66277313232422,71.55474853515625,;,;
27.40841293334961,-16.007862091064453,identifier,resourceGroup
59.664005279541016,119.40523529052734,.,.
49.641212463378906,3.8046839237213135,identifier,setResource
-99.57649993896484,-47.96250534057617,(,(
-20.139225006103516,-13.549057006835938,identifier,fileName
-4.349801540374756,-103.30452728271484,),)
-170.75941467285156,58.80195999145508,;,;
-31.968387603759766,170.14366149902344,},}
-34.08734893798828,153.3713836669922,else,else
149.58074951171875,40.37339401245117,if,if
-166.71058654785156,-55.5069465637207,(,(
-11.528429985046387,-8.993691444396973,identifier,originalName
117.23993682861328,-9.788972854614258,!=,!=
-43.34092330932617,110.34500885009766,),)
-108.50506591796875,142.89193725585938,{,{
27.410987854003906,-16.018775939941406,identifier,resourceGroup
59.75056076049805,119.31034851074219,.,.
49.640724182128906,3.80483341217041,identifier,setResource
-99.59356689453125,-47.867698669433594,(,(
-11.544197082519531,-9.044219970703125,identifier,originalName
-4.767035961151123,-104.1246337890625,),)
-173.1753387451172,56.1983528137207,;,;
-22.709571838378906,176.8184051513672,},}
30.974987030029297,-2.0972707271575928,identifier,setDialogComplete
-97.64332580566406,-46.88044738769531,(,(
36.61219787597656,-2.1960079669952393,identifier,validatePage
-112.06555938720703,-90.18019104003906,(,(
14.9702730178833,-152.00570678710938,),)
-15.400569915771484,-97.51040649414062,),)
-182.42410278320312,51.219581604003906,;,;
-240.6831512451172,-3.850576639175415,},}
177.91270446777344,-41.22692108154297,<,<
-4.960467338562012,68.39402770996094,identifier,T
50.992916107177734,46.41630172729492,identifier,Entry
179.28343200683594,-42.40398406982422,<,<
-4.8684844970703125,67.8804702758789,identifier,T
71.37298583984375,-66.53327941894531,",",","
187.21534729003906,-12.828364372253418,>,>
185.47573852539062,-9.094465255737305,>,>
-4.089237213134766,68.2573471069336,identifier,T
39.33538055419922,17.05929183959961,identifier,findStructural
-59.9827766418457,-163.73941040039062,(,(
50.98755645751953,46.438636779785156,identifier,Entry
179.58541870117188,-42.62241744995117,<,<
-4.825586795806885,67.56548309326172,identifier,T
71.07029724121094,-66.51583862304688,",",","
186.16883850097656,-12.459240913391113,>,>
26.824071884155273,-37.37507629394531,identifier,entry
-14.677068710327148,-227.30569458007812,),)
-146.9275665283203,0.23864173889160156,{,{
37.2375602722168,-40.82191848754883,identifier,h
136.85897827148438,-59.8609504699707,=,=
26.647212982177734,-37.04756546020508,identifier,entry
55.22772979736328,129.98147583007812,.,.
53.98204803466797,11.006389617919922,identifier,structuralHashCode
-98.86710357666016,-89.18519592285156,(,(
38.63093948364258,-152.87301635742188,),)
-107.54698181152344,54.91865539550781,;,;
-64.48077392578125,-0.25502249598503113,identifier,i
136.4640655517578,-58.97856521606445,=,=
34.95321273803711,10.534577369689941,identifier,indexFor
-99.92228698730469,-61.23173522949219,(,(
37.24269104003906,-40.82597732543945,identifier,h
56.7149658203125,-52.257896423339844,",",","
16.298904418945312,-12.424741744995117,identifier,buckets
40.315452575683594,132.1156463623047,.,.
15.580272674560547,81.35790252685547,identifier,length
-0.4986172020435333,-90.48490905761719,),)
-108.20975494384766,56.45341110229492,;,;
-4.199753284454346,67.48050689697266,identifier,T
-33.12791442871094,-58.263362884521484,identifier,result
125.06676483154297,-48.26386642456055,=,=
-108.0070571899414,46.031578063964844,;,;
170.1277618408203,29.984493255615234,for,for
-161.32196044921875,-44.06901168823242,(,(
45.05249786376953,2.6221702098846436,identifier,E
-9.580540657043457,-35.25694274902344,identifier,r
131.86912536621094,-52.626548767089844,=,=
16.296802520751953,-12.425337791442871,identifier,buckets
-59.172298431396484,-0.8259387612342834,identifier,i
-96.20755767822266,50.091732025146484,;,;
-9.303861618041992,-35.52568054199219,identifier,r
118.24752044677734,-11.78476619720459,!=,!=
-94.88533020019531,49.42750930786133,;,;
-9.461959838867188,-35.3827018737793,identifier,r
131.08349609375,-52.93904113769531,=,=
-9.044130325317383,-35.716217041015625,identifier,r
56.640830993652344,137.65664672851562,.,.
52.38116455078125,6.629463195800781,identifier,getNext
-103.5524673461914,-95.14913177490234,(,(
19.452730178833008,-153.04629516601562,),)
-51.22268295288086,116.80326843261719,),)
-110.99676513671875,135.07305908203125,{,{
158.87515258789062,37.64607238769531,if,if
-169.13914489746094,-60.43023681640625,(,(
-8.967981338500977,-35.79007339477539,identifier,r
54.90741729736328,130.01780700683594,.,.
54.00254440307617,10.964881896972656,identifier,structuralHashCode
-105.32903289794922,-96.22698974609375,(,(
21.73809814453125,-148.98484802246094,),)
100.51729583740234,-15.399053573608398,==,==
37.245758056640625,-40.82542419433594,identifier,h
-118.17984771728516,-56.60298156738281,(,(
-31.909107208251953,-58.93275833129883,identifier,result
129.75286865234375,-52.30467987060547,=,=
26.635154724121094,-36.95649337768555,identifier,entry
54.875091552734375,130.080322265625,.,.
54.15232467651367,10.669169425964355,identifier,structuralEquals
-110.93714904785156,-55.40084457397461,(,(
-8.9932861328125,-35.924468994140625,identifier,r
-4.190699577331543,-120.36697387695312,),)
-15.962383270263672,-113.79322052001953,),)
117.70409393310547,-8.826628684997559,!=,!=
-60.256099700927734,103.57061767578125,),)
140.1951904296875,113.3512954711914,return,return
-30.916744232177734,-60.08806228637695,identifier,result
-169.91815185546875,50.71281051635742,;,;
-22.63324737548828,180.51393127441406,},}
131.76614379882812,116.80045318603516,return,return
-180.4208526611328,43.78131866455078,;,;
-244.37371826171875,-8.80229663848877,},}
6.471498012542725,22.49691390991211,identifier,activatedServiceWhichDefineEventAsInitial
-62.9522819519043,-158.8280029296875,(,(
12.25549602508545,40.909324645996094,identifier,ServiceComponent
11.107504844665527,40.673133850097656,identifier,serviceComponent
-15.644916534423828,-224.1912841796875,),)
-149.89088439941406,-0.5483133792877197,{,{
58.19816207885742,50.314300537109375,identifier,SortedSet
183.77560424804688,-44.24195098876953,<,<
12.211933135986328,40.92509078979492,identifier,ServiceComponent
181.9679718017578,-12.305095672607422,>,>
6.003566741943359,22.284399032592773,identifier,activeServicesWhichDefineEventAsInitial
131.99253845214844,-66.74152374267578,=,=
109.178955078125,45.042694091796875,new,new
58.2025146484375,50.316246032714844,identifier,TreeSet
184.60968017578125,-42.66556930541992,<,<
12.158594131469727,40.92091751098633,identifier,ServiceComponent
183.90945434570312,-16.985525131225586,>,>
-90.2226791381836,-60.6215934753418,(,(
108.36823272705078,42.24782180786133,new,new
6.4034857749938965,21.919578552246094,identifier,ActiveServicesWhichDefineEventAsInitialComparator
-96.38864135742188,-86.71997833251953,(,(
19.007902145385742,-159.36412048339844,),)
-11.060093879699707,-87.92771911621094,),)
-106.50562286376953,56.556697845458984,;,;
15.326944351196289,39.7501106262207,identifier,ServiceID
-13.723197937011719,-3.946640968322754,identifier,oldVersion
134.723388671875,-60.211334228515625,=,=
11.04405403137207,40.638187408447266,identifier,serviceComponent
59.32997512817383,134.1133575439453,.,.
19.246444702148438,4.918984889984131,identifier,getOldVersion
-99.59015655517578,-91.45873260498047,(,(
38.084815979003906,-150.84872436523438,),)
-113.54589080810547,43.38887405395508,;,;
155.79771423339844,30.891080856323242,if,if
-171.29153442382812,-51.31498336791992,(,(
-13.3573579788208,-4.000524997711182,identifier,oldVersion
105.61122131347656,-13.911784172058105,==,==
-46.50791549682617,106.81290435791016,),)
-113.54692077636719,144.82749938964844,{,{
5.683932304382324,22.249353408813477,identifier,activeServicesWhichDefineEventAsInitial
52.92476272583008,116.27494812011719,.,.
70.46776580810547,15.392335891723633,identifier,addAll
-92.66938781738281,-48.20292282104492,(,(
39.44727325439453,109.08256530761719,.,.
5.7598876953125,21.786291122436523,identifier,activeServicesWhichDefineEventAsInitial
0.24002695083618164,-95.72154998779297,),)
-166.65989685058594,62.52632522583008,;,;
-31.82496452331543,167.02520751953125,},}
-33.214107513427734,150.92564392089844,else,else
-106.13526153564453,135.260986328125,{,{
170.52618408203125,31.963306427001953,for,for
-159.62501525878906,-45.721675872802734,(,(
12.297246932983398,40.91431427001953,identifier,ServiceComponent
10.8436279296875,38.66191101074219,identifier,existentServiceComponent
39.59375,109.0113754272461,.,.
5.622868537902832,21.785985946655273,identifier,activeServicesWhichDefineEventAsInitial
-38.58330535888672,114.43718719482422,),)
-111.01725006103516,133.53610229492188,{,{
157.14291381835938,38.20541000366211,if,if
-171.314453125,-60.49958801269531,(,(
10.835816383361816,38.66328811645508,identifier,existentServiceComponent
56.75979995727539,141.0591583251953,.,.
15.255663871765137,40.38941955566406,identifier,getServiceID
-105.30707550048828,-99.21656799316406,(,(
19.758155822753906,-144.96334838867188,),)
73.2027359008789,140.367919921875,.,.
94.05237579345703,-15.799400329589844,identifier,equals
-111.28789520263672,-58.202972412109375,(,(
-13.28939151763916,-4.0201921463012695,identifier,oldVersion
-6.644172191619873,-121.05741119384766,),)
-47.55742263793945,112.765380859375,),)
-108.62910461425781,144.38656616210938,{,{
5.313284873962402,22.10037612915039,identifier,activeServicesWhichDefineEventAsInitial
53.55815887451172,116.22435760498047,.,.
70.1867446899414,13.532378196716309,identifier,add
-97.69103240966797,-45.017330169677734,(,(
10.834393501281738,38.680477142333984,identifier,existentServiceComponent
-5.285261154174805,-102.6184310913086,),)
-173.07774353027344,60.29171371459961,;,;
-15.743581771850586,187.32484436035156,},}
-18.979305267333984,183.85568237304688,},}
-26.14118003845215,180.8563690185547,},}
5.116489410400391,21.943822860717773,identifier,activeServicesWhichDefineEventAsInitial
53.59870529174805,116.4945297241211,.,.
70.06207275390625,13.373930931091309,identifier,add
-98.60125732421875,-45.400997161865234,(,(
11.004103660583496,40.5897216796875,identifier,serviceComponent
-2.874133348464966,-104.79267120361328,),)
-114.86378479003906,63.782798767089844,;,;
39.92856216430664,107.1092758178711,.,.
5.1014180183410645,21.890663146972656,identifier,activeServicesWhichDefineEventAsInitial
122.57453918457031,-56.080753326416016,=,=
4.819933891296387,21.775943756103516,identifier,activeServicesWhichDefineEventAsInitial
-183.78468322753906,51.64808654785156,;,;
-240.14047241210938,-3.0772204399108887,},}
67.3044662475586,-25.9732723236084,identifier,stop
-63.272159576416016,-156.36032104492188,(,(
41.29585647583008,-10.197033882141113,identifier,timeoutMS
-10.509978294372559,-224.3240966796875,),)
30.47913360595703,-64.83000946044922,identifier,Exception
-144.35977172851562,2.5763444900512695,{,{
82.87459564208984,23.20833396911621,identifier,log
67.43006896972656,111.84363555908203,.,.
73.3309555053711,-17.745643615722656,identifier,info
-79.49530792236328,-52.53853988647461,(,(
30.38108253479004,9.41456413269043,"""","""Robot Framework remote server stopping"""
12.158247947692871,-102.75769805908203,),)
-113.62721252441406,47.627464294433594,;,;
156.611328125,27.884113311767578,if,if
-173.15890502929688,-50.50430679321289,(,(
41.277164459228516,-10.2037935256958,identifier,timeoutMS
115.63894653320312,-20.26317596435547,>,>
-48.40660095214844,105.19741821289062,),)
-116.14920806884766,137.81130981445312,{,{
-8.130386352539062,51.09049987792969,identifier,server
57.96238327026367,122.84539794921875,.,.
26.633451461791992,12.649632453918457,identifier,setGracefulShutdown
-97.69729614257812,-61.672637939453125,(,(
41.28182601928711,-10.18637466430664,identifier,timeoutMS
3.564441680908203,-95.82002258300781,),)
-111.80354309082031,56.80446243286133,;,;
43.27659606933594,51.42910385131836,identifier,Thread
39.0142822265625,-14.342087745666504,identifier,stopper
128.5536651611328,-66.87764739990234,=,=
112.57389068603516,45.10030746459961,new,new
43.27558898925781,51.427677154541016,identifier,Thread
-93.90521240234375,-87.44403839111328,(,(
32.44780731201172,-157.48399353027344,),)
-114.23518371582031,131.54458618164062,{,{
-33.07665252685547,-75.75019073486328,identifier,Override
50.79995346069336,-7.368853569030762,identifier,run
-103.92599487304688,-82.74176025390625,(,(
33.49181365966797,-158.48422241210938,),)
-112.35875701904297,132.34507751464844,{,{
-103.51631927490234,127.93193817138672,{,{
-8.091963768005371,51.1632080078125,identifier,server
57.150760650634766,119.41105651855469,.,.
67.1493148803711,-26.515127182006836,identifier,stop
-105.61884307861328,-87.35320281982422,(,(
37.28373718261719,-146.902587890625,),)
-167.04470825195312,57.65366744995117,;,;
-37.1767463684082,169.5875701904297,},}
-155.3047637939453,-51.88300704956055,(,(
28.418657302856445,-61.746028900146484,identifier,Throwable
23.752151489257812,-73.16830444335938,identifier,e
-35.864540100097656,108.59603118896484,),)
-104.52730560302734,143.96450805664062,{,{
82.85502624511719,23.114057540893555,identifier,log
66.04898071289062,112.22633361816406,.,.
65.64775085449219,-18.440723419189453,identifier,error
-86.28487396240234,-48.259586334228516,(,(
84.79812622070312,66.34115600585938,identifier,String
70.04923248291016,124.18702697753906,.,.
30.44721221923828,2.530806303024292,identifier,format
-85.01481628417969,-52.5730094909668,(,(
30.329587936401367,3.335401773452759,"""","""Failed to stop the server: %s"""
68.75856018066406,-51.590187072753906,",",","
22.356975555419922,-71.31930541992188,identifier,e
49.307830810546875,141.53668212890625,.,.
50.65170669555664,-26.291807174682617,identifier,getMessage
-110.12283325195312,-101.62739562988281,(,(
14.336377143859863,-155.61631774902344,),)
-12.04915714263916,-114.27377319335938,),)
66.52613067626953,-41.11676788330078,",",","
23.32838249206543,-70.45944213867188,identifier,e
-8.418937683105469,-97.89260864257812,),)
-173.77769470214844,60.147396087646484,;,;
-16.39932632446289,186.59996032714844,},}
-18.355422973632812,183.51028442382812,},}
-15.645162582397461,179.95021057128906,},}
-117.2235336303711,70.81681823730469,;,;
39.017112731933594,-14.34211254119873,identifier,stopper
61.59603500366211,117.82221984863281,.,.
63.89402389526367,-29.166038513183594,identifier,start
-109.55619049072266,-88.91157531738281,(,(
35.573307037353516,-142.5221405029297,),)
-172.1895294189453,56.12474822998047,;,;
-31.96958351135254,170.48228454589844,},}
-34.912208557128906,151.46690368652344,else,else
-102.69672393798828,138.2368621826172,{,{
-8.134048461914062,51.086936950683594,identifier,server
61.385311126708984,116.63790130615234,.,.
67.12876892089844,-26.561431884765625,identifier,stop
-110.14100646972656,-89.04348754882812,(,(
35.10066604614258,-141.60458374023438,),)
-179.52525329589844,52.34780502319336,;,;
-21.52987289428711,191.17701721191406,},}
-245.3106231689453,-0.6121323704719543,},}
65.32595825195312,53.661231994628906,identifier,Collection
181.9207000732422,-45.90191650390625,<,<
91.80644226074219,68.90045166015625,identifier,String
183.6898193359375,-10.442793846130371,>,>
36.87787628173828,18.65349578857422,identifier,listHosts
-62.50959777832031,-162.09173583984375,(,(
-2.5170812606811523,32.597572326660156,identifier,JMX
-0.0589803047478199,30.448698043823242,identifier,jmx
-15.283747673034668,-223.72976684570312,),)
-149.11085510253906,-0.33745235204696655,{,{
62.88207244873047,53.21367263793945,identifier,Set
183.68661499023438,-44.89670944213867,<,<
27.438655853271484,35.327335357666016,identifier,ObjectName
182.48789978027344,-12.851155281066895,>,>
-15.261198997497559,-8.789226531982422,identifier,objectNames
135.9776153564453,-61.910614013671875,=,=
0.007934699766337872,30.65605926513672,identifier,jmx
60.33333969116211,127.63922882080078,.,.
37.02045440673828,11.720815658569336,identifier,searchObjectNames
-106.03573608398438,-64.55255126953125,(,(
26.586565017700195,10.551506042480469,"""","""GemFire:type=Member,member=*"""
10.91797161102295,-102.13733673095703,),)
-113.47077941894531,45.77971649169922,;,;
153.88607788085938,29.57777976989746,if,if
-172.8380889892578,-51.43727493286133,(,(
-15.306407928466797,-9.127034187316895,identifier,objectNames
105.23560333251953,-12.40717601776123,==,==
-15.340999603271484,-9.217484474182129,identifier,objectNames
44.341102600097656,130.07786560058594,.,.
83.48858642578125,-3.100174903869629,identifier,isEmpty
-94.22002410888672,-99.92308044433594,(,(
22.261537551879883,-157.02012634277344,),)
-51.2241096496582,109.24968719482422,),)
-109.45049285888672,151.8834686279297,{,{
139.46885681152344,110.01544189453125,return,return
-162.73216247558594,52.457279205322266,;,;
-21.574981689453125,169.44265747070312,},}
61.74785232543945,51.653160095214844,identifier,HashSet
183.94154357910156,-43.49513626098633,<,<
90.85774993896484,68.85887908935547,identifier,String
182.8460693359375,-14.183247566223145,>,>
-6.879827976226807,9.434606552124023,identifier,hostLists
129.652587890625,-65.45895385742188,=,=
108.69330596923828,44.859375,new,new
61.73799133300781,51.632022857666016,identifier,HashSet
184.24742126464844,-42.88058090209961,<,<
90.49169921875,68.85551452636719,identifier,String
183.97630310058594,-16.62669563293457,>,>
-90.38616180419922,-61.126407623291016,(,(
-15.339706420898438,-9.241595268249512,identifier,objectNames
43.4605827331543,130.8080291748047,.,.
22.4276123046875,81.06208801269531,identifier,size
-98.90409088134766,-101.79698181152344,(,(
18.066274642944336,-157.5217742919922,),)
-10.700845718383789,-89.65933227539062,),)
-109.24720764160156,57.9551887512207,;,;
-1.9266666173934937,28.23753547668457,identifier,MemberMXBean
-2.2286155223846436,28.10442352294922,identifier,memberMXBean
125.064208984375,-49.16030502319336,=,=
-108.30979919433594,46.5532341003418,;,;
171.32395935058594,30.559833526611328,for,for
-160.32504272460938,-46.356868743896484,(,(
27.43952178955078,35.32876968383789,identifier,ObjectName
-16.43889045715332,-11.9393310546875,identifier,objectName
-15.391545295715332,-9.395922660827637,identifier,objectNames
-39.444969177246094,113.99490356445312,),)
-110.7309799194336,137.14532470703125,{,{
-2.240614175796509,28.11167335510254,identifier,memberMXBean
124.64756774902344,-60.729469299316406,=,=
0.03125442937016487,30.79344367980957,identifier,jmx
57.28321838378906,128.1602020263672,.,.
107.57075500488281,37.46941375732422,identifier,newBean
-93.91853332519531,-55.7199592590332,(,(
-2.278329849243164,28.14628028869629,identifier,MemberMXBean
39.39718246459961,136.81228637695312,.,.
63.83110809326172,-46.883235931396484,",",","
-16.439645767211914,-11.932806968688965,identifier,objectName
-4.040987014770508,-100.83876037597656,),)
-111.6775131225586,70.68973541259766,;,;
-6.898262977600098,9.432353973388672,identifier,hostLists
55.65205764770508,114.77372741699219,.,.
70.64156341552734,13.10155963897705,identifier,add
-96.19807434082031,-44.566829681396484,(,(
-2.408615827560425,28.0948543548584,identifier,memberMXBean
57.32346725463867,143.09469604492188,.,.
18.720535278320312,-3.1570427417755127,identifier,getHost
-109.1764144897461,-99.57719421386719,(,(
14.914709091186523,-153.8297882080078,),)
-13.250422477722168,-95.80091857910156,),)
-174.45909118652344,56.467628479003906,;,;
-22.501405715942383,179.50088500976562,},}
132.8133087158203,118.92747497558594,return,return
-6.920271873474121,9.429441452026367,identifier,hostLists
-182.47894287109375,43.72679138183594,;,;
-243.1267852783203,-7.900698184967041,},}
85.32141876220703,75.91775512695312,identifier,String
35.701332092285156,17.71619415283203,identifier,getMetaDataForTableField
-64.08512115478516,-161.68284606933594,(,(
15.895352363586426,35.497352600097656,identifier,Form
4.80142879486084,14.529037475585938,identifier,formDefinitionParam
91.12654113769531,-91.15589904785156,",",","
7.245484352111816,5.1994099617004395,identifier,sumDecimalsParam
-12.497499465942383,-227.57814025878906,),)
-147.66986083984375,-1.5396413803100586,{,{
76.88587951660156,75.75694274902344,identifier,StringBuilder
-12.809488296508789,5.4690165519714355,identifier,returnBuffer
133.94715881347656,-66.9951400756836,=,=
110.77277374267578,45.988059997558594,new,new
76.86105346679688,75.7656021118164,identifier,StringBuilder
-95.28695678710938,-85.54063415527344,(,(
39.715457916259766,-155.0498809814453,),)
-105.48942565917969,56.0258903503418,;,;
76.45207214355469,66.72875213623047,identifier,Long
-13.572168350219727,-12.62934684753418,identifier,definitionId
133.8752899169922,-63.8838996887207,=,=
-118.93164825439453,-53.1265983581543,(,(
4.785727500915527,14.544313430786133,identifier,formDefinitionParam
106.1667709350586,-11.176220893859863,==,==
-15.221664428710938,-119.27721405029297,),)
4.787566661834717,14.548582077026367,identifier,formDefinitionParam
54.48240280151367,138.07334899902344,.,.
10.503694534301758,0.8434887528419495,identifier,getId
-101.62350463867188,-95.6537857055664,(,(
36.25050354003906,-151.92494201660156,),)
-107.4041976928711,63.93514633178711,;,;
-12.902382850646973,6.104771137237549,identifier,returnBuffer
53.31768798828125,111.30555725097656,.,.
60.41032028198242,84.78421783447266,identifier,append
-94.49586486816406,-49.751441955566406,(,(
-13.543113708496094,-12.63748836517334,identifier,definitionId
1.8344552516937256,-96.51576232910156,),)
-108.21271514892578,64.36029815673828,;,;
-12.767818450927734,6.288933753967285,identifier,returnBuffer
53.44856262207031,111.03988647460938,.,.
60.65351486206055,84.87109375,identifier,append
-93.43274688720703,-47.5289306640625,(,(
20.565940856933594,45.541011810302734,identifier,FieldMetaData
39.258018493652344,150.5382843017578,.,.
22.88276481628418,43.84767532348633,identifier,TableField
37.20116424560547,154.46759033203125,.,.
19.78832244873047,15.2699556350708,identifier,UNDERSCORE
2.541025400161743,-104.58865356445312,),)
-108.7726821899414,64.62999725341797,;,;
-12.727982521057129,6.321296215057373,identifier,returnBuffer
53.541656494140625,110.87541961669922,.,.
60.70652389526367,84.91944122314453,identifier,append
-93.6003646850586,-47.4075927734375,(,(
20.5651912689209,45.532352447509766,identifier,FieldMetaData
39.214820861816406,150.60433959960938,.,.
22.880903244018555,43.8476676940918,identifier,TableField
37.28318786621094,154.20950317382812,.,.
16.315521240234375,14.040854454040527,identifier,SUM_DECIMALS
2.1944921016693115,-104.68010711669922,),)
-109.42728424072266,64.8355941772461,;,;
-12.65514850616455,6.3691792488098145,identifier,returnBuffer
53.68560028076172,110.67184448242188,.,.
60.78352355957031,84.9761962890625,identifier,append
-93.919921875,-47.20649337768555,(,(
20.56454849243164,45.524925231933594,identifier,FieldMetaData
39.25862503051758,150.86834716796875,.,.
16.445430755615234,0.1854889690876007,identifier,Decimal
38.254295349121094,154.8843231201172,.,.
20.635616302490234,11.79951000213623,identifier,SQ_OPEN
1.9082682132720947,-104.91492462158203,),)
-110.06586456298828,65.04173278808594,;,;
-12.549705505371094,6.380107402801514,identifier,returnBuffer
53.83468246459961,110.58177947998047,.,.
60.81422805786133,85.05210876464844,identifier,append
-96.02667999267578,-46.8766975402832,(,(
7.250121116638184,5.192999839782715,identifier,sumDecimalsParam
-1.035644769668579,-103.85033416748047,),)
-113.08094024658203,65.88787078857422,;,;
-12.45490550994873,6.425148010253906,identifier,returnBuffer
53.90180587768555,110.41492462158203,.,.
60.90132141113281,85.18045806884766,identifier,append
-94.45783233642578,-46.829986572265625,(,(
20.561912536621094,45.51869583129883,identifier,FieldMetaData
39.28482437133789,151.08901977539062,.,.
16.444454193115234,0.18427959084510803,identifier,Decimal
38.42898178100586,154.96575927734375,.,.
20.62883758544922,11.811846733093262,identifier,SQ_CLOSE
0.8470894694328308,-105.22895050048828,),)
-119.1966781616211,66.94146728515625,;,;
135.77792358398438,117.22357940673828,return,return
-12.077069282531738,6.266193866729736,identifier,returnBuffer
51.20711898803711,119.78132629394531,.,.
76.9388198852539,42.09434127807617,identifier,toString
-112.37068939208984,-93.17207336425781,(,(
33.584651947021484,-140.84129333496094,),)
-181.3700714111328,46.991817474365234,;,;
-239.70233154296875,-7.426718711853027,},}
63.4439697265625,57.10908126831055,identifier,Map
181.50540161132812,-44.91606140136719,<,<
89.67330932617188,67.73507690429688,identifier,String
71.58131408691406,-65.24690246582031,",",","
89.73087310791016,70.00010681152344,identifier,String
184.08766174316406,-10.73959732055664,>,>
33.97117233276367,14.543848037719727,identifier,superclassArgs
-61.39048385620117,-162.94252014160156,(,(
62.898921966552734,57.52969741821289,identifier,Map
181.01251220703125,-44.14010238647461,<,<
89.542724609375,67.77323913574219,identifier,String
70.89342498779297,-65.72652435302734,",",","
89.56964874267578,69.9736099243164,identifier,String
184.32460021972656,-12.318796157836914,>,>
33.64327621459961,-54.2141227722168,identifier,args
-14.23641586303711,-227.044189453125,),)
-148.09202575683594,0.6394643187522888,{,{
62.427249908447266,57.03173065185547,identifier,Map
182.56234741210938,-43.49557113647461,<,<
88.94601440429688,67.32188415527344,identifier,String
70.3932876586914,-64.45557403564453,",",","
89.28107452392578,69.3032455444336,identifier,String
183.4822540283203,-13.79842472076416,>,>
-32.69660568237305,-57.8277473449707,identifier,result
133.61497497558594,-67.63758850097656,=,=
109.929443359375,45.3619270324707,new,new
61.0745849609375,55.1550178527832,identifier,HashMap
182.74790954589844,-22.78857421875,<,<>
-93.97933959960938,-84.53876495361328,(,(
38.23500061035156,-154.7405548095703,),)
-112.72376251220703,44.217323303222656,;,;
155.15821838378906,29.81048011779785,if,if
-174.63815307617188,-56.246456146240234,(,(
-30.126129150390625,-58.178077697753906,identifier,result
45.411155700683594,127.52091217041016,.,.
66.01958465576172,24.102792739868164,identifier,containsKey
-110.0428466796875,-65.1647720336914,(,(
22.60004234313965,1.8928284645080566,"""","""dictionary"""
-8.7247896194458,-124.15172576904297,),)
-50.99251174926758,111.49493408203125,),)
-113.25521087646484,144.29685974121094,{,{
-30.536828994750977,-57.45985412597656,identifier,result
55.92564010620117,111.58174133300781,.,.
71.20415496826172,19.469207763671875,identifier,put
-89.38690185546875,-44.371986389160156,(,(
22.656455993652344,1.8808199167251587,"""","""dictionary"""
63.98102951049805,-53.463966369628906,",",","
29.261524200439453,12.467926979064941,identifier,JdbcResourceLoader
36.766807556152344,156.1326904296875,.,.
16.68842124938965,9.302475929260254,identifier,DATABASE
3.821027994155884,-104.89490509033203,),)
-166.81114196777344,61.42808151245117,;,;
-25.581558227539062,170.7872314453125,},}
171.4100341796875,30.9893741607666,for,for
-160.64207458496094,-45.09080123901367,(,(
83.46118927001953,68.09429168701172,identifier,String
27.992111206054688,-50.784889221191406,identifier,arg
68.00277709960938,51.951114654541016,identifier,ImmutableList
69.26197814941406,120.7680435180664,.,.
60.06017303466797,4.998022556304932,identifier,of
-112.60350799560547,-65.61622619628906,(,(
22.714101791381836,1.8644171953201294,"""","""dictionary"""
58.28593444824219,-56.758365631103516,",",","
24.510602951049805,-2.1290345191955566,"""","""ignoreCase"""
-10.13694953918457,-122.2701644897461,),)
-50.86932373046875,116.1829833984375,),)
-111.91815948486328,136.042236328125,{,{
82.36837005615234,70.40286254882812,identifier,String
17.84371566772461,-53.27366638183594,identifier,value
127.99544525146484,-56.107460021972656,=,=
33.647544860839844,-54.19939041137695,identifier,args
51.502933502197266,127.85108184814453,.,.
61.25369644165039,19.98386001586914,identifier,get
-104.66262817382812,-58.1873664855957,(,(
27.998811721801758,-50.78984832763672,identifier,arg
1.8959271907806396,-101.34367370605469,),)
-118.16932678222656,42.016265869140625,;,;
156.7574462890625,35.61671829223633,if,if
-165.5522003173828,-53.385826110839844,(,(
17.77165412902832,-52.33567428588867,identifier,value
117.48401641845703,-10.375158309936523,!=,!=
-42.70097351074219,111.00617980957031,),)
-107.81273651123047,142.16844177246094,{,{
-30.988445281982422,-57.68146514892578,identifier,result
56.565040588378906,114.35398864746094,.,.
70.6723403930664,19.861080169677734,identifier,put
-98.44393157958984,-43.8551139831543,(,(
27.99774169921875,-50.7899169921875,identifier,arg
61.139869689941406,-48.074241638183594,",",","
18.129133224487305,-51.715484619140625,identifier,value
-8.664288520812988,-101.99649810791016,),)
-175.33035278320312,57.177345275878906,;,;
-16.97205924987793,188.2039794921875,},}
-23.97764015197754,181.62603759765625,},}
132.2494659423828,118.85311126708984,return,return
-30.477882385253906,-60.55739974975586,identifier,result
-181.7818603515625,43.30470657348633,;,;
-243.575927734375,-7.2884440422058105,},}
39.57115173339844,15.033835411071777,identifier,controlsToProperties
-66.17594909667969,-155.24574279785156,(,(
-12.99510383605957,-218.3462677001953,),)
-151.66925048828125,-1.0400227308273315,{,{
43.30216979980469,114.4975357055664,.,.
39.592628479003906,15.035968780517578,identifier,controlsToProperties
-98.93301391601562,-87.36300659179688,(,(
41.371177673339844,-152.38291931152344,),)
-104.69755554199219,55.54849624633789,;,;
81.2648696899414,69.60272216796875,identifier,String
3.546072244644165,-1.7627326250076294,identifier,strHost
136.0761260986328,-60.420997619628906,=,=
4.55399227142334,7.150643348693848,identifier,m_tfHost
56.74285125732422,133.1859130859375,.,.
55.07025909423828,2.3733720779418945,identifier,getText
-102.31441497802734,-92.56634521484375,(,(
36.438533782958984,-152.9414825439453,),)
-105.48204803466797,62.72863006591797,;,;
2.8162763118743896,5.669014930725098,identifier,m_properties
51.98750305175781,114.1663589477539,.,.
68.10630798339844,32.51274490356445,identifier,setProperty
-90.87242126464844,-42.499393463134766,(,(
15.491135597229004,8.352191925048828,identifier,FTP_HOST
61.5676383972168,-52.8715934753418,",",","
3.61920166015625,-1.6847721338272095,identifier,strHost
2.5182974338531494,-94.70787048339844,),)
-111.46665954589844,59.03449249267578,;,;
81.75894927978516,69.49495697021484,identifier,String
4.184543609619141,-1.616395354270935,identifier,strPort
133.2150115966797,-57.844295501708984,=,=
4.575713157653809,7.04793119430542,identifier,m_tfPort
56.46919250488281,133.07330322265625,.,.
55.019561767578125,2.4000346660614014,identifier,getText
-102.6667251586914,-92.80964660644531,(,(
35.76765060424805,-152.2832794189453,),)
-106.29582214355469,63.48602294921875,;,;
2.8569064140319824,5.619262218475342,identifier,m_properties
52.21879577636719,114.08970642089844,.,.
68.0982437133789,32.506935119628906,identifier,setProperty
-91.03752899169922,-42.40252685546875,(,(
15.493715286254883,8.350373268127441,identifier,FTP_PORT
61.553524017333984,-52.60704803466797,",",","
4.213093280792236,-1.6056077480316162,identifier,strPort
1.954647183418274,-95.02286529541016,),)
-111.65896606445312,59.53622817993164,;,;
82.01758575439453,69.40433502197266,identifier,String
3.3565590381622314,-0.8511752486228943,identifier,strUser
127.55186462402344,-58.230262756347656,=,=
4.541982650756836,6.967031955718994,identifier,m_tfUser
56.23739242553711,133.0,.,.
54.99699020385742,2.4104108810424805,identifier,getText
-103.10856628417969,-92.96941375732422,(,(
35.42219924926758,-151.81272888183594,),)
-106.69817352294922,63.747764587402344,;,;
2.894174098968506,5.570516586303711,identifier,m_properties
52.55862045288086,114.1044692993164,.,.
68.10719299316406,32.51806640625,identifier,setProperty
-91.36441802978516,-42.093971252441406,(,(
17.007036209106445,12.207361221313477,identifier,USER_NAME
61.435794830322266,-52.21331787109375,",",","
3.3608908653259277,-0.8600993752479553,identifier,strUser
-2.102759599685669,-100.09178924560547,),)
-112.13037872314453,60.570335388183594,;,;
82.06551361083984,69.19674682617188,identifier,String
4.3972554206848145,0.07725676149129868,identifier,strPassword
126.1032943725586,-58.024658203125,=,=
4.569881916046143,6.836710453033447,identifier,m_tfPassword
55.879554748535156,132.83737182617188,.,.
54.98149871826172,2.413583755493164,identifier,getText
-104.04158782958984,-93.05559539794922,(,(
33.12526321411133,-146.41519165039062,),)
-110.63406372070312,67.2155990600586,;,;
2.936627149581909,5.505281448364258,identifier,m_properties
53.07497024536133,114.19136810302734,.,.
68.10836029052734,32.51478958129883,identifier,setProperty
-91.69540405273438,-41.78696823120117,(,(
5.529642105102539,0.8915852904319763,identifier,PASSWORD
61.19673156738281,-51.59617233276367,",",","
4.4774699211120605,0.07694501429796219,identifier,strPassword
-2.821075439453125,-101.32430267333984,),)
-112.55828857421875,61.17642593383789,;,;
82.10059356689453,68.99571228027344,identifier,String
5.195742130279541,-1.412031650543213,identifier,strDir
125.7104721069336,-58.0076789855957,=,=
4.574621200561523,6.7584919929504395,identifier,m_tfDir
55.70136260986328,132.7548065185547,.,.
54.966068267822266,2.418617010116577,identifier,getText
-104.42123413085938,-93.06513977050781,(,(
33.09843826293945,-145.9036407470703,),)
-111.00064849853516,67.51363372802734,;,;
2.9884796142578125,5.420475482940674,identifier,m_properties
53.38298797607422,114.27721405029297,.,.
68.1087646484375,32.50919723510742,identifier,setProperty
-92.03596496582031,-41.607643127441406,(,(
18.603225708007812,18.498355865478516,identifier,ROOT_DIR
62.270416259765625,-47.760711669921875,",",","
5.218410491943359,-1.418561339378357,identifier,strDir
-10.479140281677246,-104.71969604492188,),)
-182.13621520996094,51.787620544433594,;,;
-239.36428833007812,-3.9235613346099854,},}
41.749324798583984,20.59718894958496,identifier,visitTypeDeclaration
-62.95997619628906,-157.64146423339844,(,(
19.468711853027344,50.441162109375,identifier,TypeDeclaration
-2.4967193603515625,-37.439537048339844,identifier,d
-14.8477783203125,-222.55471801757812,),)
-150.70089721679688,0.14303064346313477,{,{
-2.860909938812256,-37.841068267822266,identifier,d
50.367183685302734,114.52734375,.,.
77.29515075683594,11.280839920043945,identifier,accept
-95.12129974365234,-51.019371032714844,(,(
34.088069915771484,-1.6785073280334473,identifier,pre
6.981390953063965,-94.78748321533203,),)
-111.73137664794922,47.13815689086914,;,;
169.45538330078125,31.542285919189453,for,for
-159.1057891845703,-44.455787658691406,(,(
19.81824493408203,50.7584114074707,identifier,TypeParameterDeclaration
-14.347521781921387,16.78564453125,identifier,tpDecl
-3.2140419483184814,-37.677024841308594,identifier,d
58.968971252441406,139.2242889404297,.,.
27.93869400024414,19.15878677368164,identifier,getFormalTypeParameters
-101.13373565673828,-97.07556915283203,(,(
20.16837501525879,-155.45616149902344,),)
-50.6540412902832,114.52392578125,),)
-112.3817367553711,142.03286743164062,{,{
-14.373147964477539,16.816608428955078,identifier,tpDecl
55.201541900634766,117.42654418945312,.,.
77.20840454101562,11.230361938476562,identifier,accept
-95.81912994384766,-50.26043701171875,(,(
3.3634042739868164,-108.67401885986328,),)
-166.65850830078125,60.57875061035156,;,;
-26.144390106201172,170.72059631347656,},}
171.38345336914062,32.23855209350586,for,for
-158.7693328857422,-45.41276931762695,(,(
19.67618751525879,49.612125396728516,identifier,FieldDeclaration
-14.87389087677002,18.575313568115234,identifier,fieldDecl
-3.242490530014038,-37.669654846191406,identifier,d
58.42526626586914,139.33975219726562,.,.
18.973161697387695,36.28069305419922,identifier,getFields
-101.8516616821289,-97.4751205444336,(,(
19.62284278869629,-154.70327758789062,),)
-50.3602180480957,114.89037322998047,),)
-112.01825714111328,141.80833435058594,{,{
-14.855545043945312,18.549589157104492,identifier,fieldDecl
55.396751403808594,117.37073516845703,.,.
77.17504119873047,11.191904067993164,identifier,accept
-96.06995391845703,-50.07090759277344,(,(
3.2278225421905518,-108.6914291381836,),)
-167.2445831298828,59.99477767944336,;,;
-26.37247085571289,171.58432006835938,},}
171.79563903808594,32.01641845703125,for,for
-158.81008911132812,-46.03257369995117,(,(
19.4033203125,49.62632369995117,identifier,MethodDeclaration
-15.638562202453613,18.502132415771484,identifier,methodDecl
-3.2820210456848145,-37.70412063598633,identifier,d
58.433650970458984,139.5811767578125,.,.
32.532711029052734,20.923128128051758,identifier,getMethods
-102.09664154052734,-97.58338928222656,(,(
19.03984260559082,-153.99400329589844,),)
-49.92411804199219,115.498046875,),)
-111.41065216064453,141.48272705078125,{,{
-15.643068313598633,18.480453491210938,identifier,methodDecl
55.716861724853516,117.27066040039062,.,.
77.14754486083984,11.157740592956543,identifier,accept
-96.43984985351562,-49.83195877075195,(,(
2.972306489944458,-108.73231506347656,),)
-167.7071533203125,59.529685974121094,;,;
-26.454681396484375,172.4174041748047,},}
172.19204711914062,31.722623825073242,for,for
-158.8997344970703,-46.5629997253418,(,(
19.453556060791016,50.32242965698242,identifier,TypeDeclaration
-15.411783218383789,17.974740982055664,identifier,typeDecl
-3.386763095855713,-37.77995681762695,identifier,d
58.606964111328125,140.0105743408203,.,.
28.583927154541016,18.381681442260742,identifier,getNestedTypes
-108.27586364746094,-95.71346282958984,(,(
17.8770694732666,-152.9449920654297,),)
-49.46632385253906,116.1158676147461,),)
-107.35465240478516,140.5902099609375,{,{
-15.393719673156738,17.934011459350586,identifier,typeDecl
56.15050506591797,117.02565002441406,.,.
77.12551879882812,11.078554153442383,identifier,accept
-96.9107437133789,-49.59410095214844,(,(
2.516897678375244,-108.82821655273438,),)
-173.37319946289062,55.55469512939453,;,;
-22.411001205444336,177.21385192871094,},}
-3.4081294536590576,-38.093017578125,identifier,d
60.47492218017578,115.32243347167969,.,.
77.05841827392578,10.873372077941895,identifier,accept
-101.64253997802734,-46.094120025634766,(,(
33.97343826293945,-1.3954312801361084,identifier,post
-8.974007606506348,-105.69575500488281,),)
-182.66822814941406,51.07053756713867,;,;
-240.75880432128906,-3.97379469871521,},}
44.39654541015625,40.6492805480957,identifier,V
70.81777954101562,5.56072473526001,identifier,remove
-65.54961395263672,-159.31927490234375,(,(
85.6199722290039,57.88776397705078,identifier,Object
-1.0797951221466064,-11.61447811126709,identifier,key
-13.932836532592773,-224.1550750732422,),)
-149.2921600341797,-1.153185248374939,{,{
79.17742919921875,65.23854064941406,identifier,Integer
-46.963768005371094,-1.4300960302352905,identifier,index
137.66587829589844,-62.20830535888672,=,=
-3.520857334136963,-6.41387939453125,identifier,keyToIndex
52.95394515991211,126.76829528808594,.,.
61.93565368652344,19.172056198120117,identifier,get
-103.61709594726562,-60.6818733215332,(,(
-1.047080397605896,-11.459940910339355,identifier,key
6.2635722160339355,-96.26190185546875,),)
-112.45341491699219,45.206947326660156,;,;
153.06576538085938,29.020187377929688,if,if
-172.99041748046875,-49.33197021484375,(,(
-47.1125373840332,-0.3257618844509125,identifier,index
104.28899383544922,-13.156225204467773,==,==
-46.69704818725586,104.83110046386719,),)
-109.21260070800781,152.59750366210938,{,{
139.6743927001953,109.82152557373047,return,return
-162.2429962158203,52.37599563598633,;,;
-21.212047576904297,168.9038848876953,},}
-3.500812530517578,-6.457265377044678,identifier,keyToIndex
51.22140884399414,116.21540069580078,.,.
70.8042221069336,6.442681312561035,identifier,remove
-102.48262023925781,-60.008148193359375,(,(
-1.032584309577942,-11.424673080444336,identifier,key
4.978326797485352,-95.77511596679688,),)
-104.58098602294922,63.781734466552734,;,;
49.19584274291992,50.14312744140625,identifier,keySet
51.167755126953125,116.25032043457031,.,.
70.80223083496094,6.445779323577881,identifier,remove
-102.4849624633789,-59.94434356689453,(,(
-1.0224549770355225,-11.395593643188477,identifier,key
4.851013660430908,-95.84182739257812,),)
-110.02352142333984,57.953086853027344,;,;
44.389190673828125,40.598201751708984,identifier,V
20.126663208007812,-44.80487823486328,identifier,removedValue
130.6341552734375,-60.95925521850586,=,=
-2.7022626399993896,-56.76557922363281,identifier,data
51.821956634521484,125.47364807128906,.,.
70.79928588867188,6.425909996032715,identifier,remove
-99.64677429199219,-57.23609161376953,(,(
-46.593605041503906,0.18669211864471436,identifier,index
45.124202728271484,133.0328826904297,.,.
24.687883377075195,7.154413223266602,identifier,intValue
-99.86857604980469,-101.9647445678711,(,(
17.63132095336914,-157.600830078125,),)
-10.586352348327637,-89.72456359863281,),)
-110.44322967529297,48.20433807373047,;,;
170.97152709960938,30.214656829833984,for,for
-160.26747131347656,-45.44123458862305,(,(
44.352142333984375,40.325164794921875,identifier,K
-1.7333629131317139,-8.662540435791016,identifier,nextKey
-3.4988248348236084,-6.479891300201416,identifier,keyToIndex
45.827999114990234,131.9287567138672,.,.
49.221771240234375,50.099693298339844,identifier,keySet
-101.04476928710938,-98.66493225097656,(,(
19.275123596191406,-153.5449676513672,),)
-51.04082489013672,116.20227813720703,),)
-111.84748077392578,136.01683044433594,{,{
79.0475845336914,65.12537384033203,identifier,Integer
-40.445499420166016,1.3121033906936646,identifier,nextIndex
127.58973693847656,-56.49429702758789,=,=
-3.510181188583374,-6.478902816772461,identifier,keyToIndex
51.67253494262695,127.4543685913086,.,.
61.357086181640625,19.906545639038086,identifier,get
-104.65367889404297,-58.2772331237793,(,(
-1.7096797227859497,-8.672346115112305,identifier,nextKey
1.912541389465332,-101.50558471679688,),)
-118.27790832519531,42.00933074951172,;,;
156.6407470703125,35.9434814453125,if,if
-165.5543670654297,-53.59831237792969,(,(
-40.44959259033203,1.3186572790145874,identifier,nextIndex
116.5572509765625,-21.07155418395996,>,>
-47.2063102722168,0.6233183145523071,identifier,index
-42.09235763549805,111.95845794677734,),)
-107.93772888183594,141.8686065673828,{,{
-3.5087764263153076,-6.481563091278076,identifier,keyToIndex
56.20061492919922,115.60596466064453,.,.
70.17366027832031,19.882469177246094,identifier,put
-98.26656341552734,-43.865665435791016,(,(
-1.7119613885879517,-8.670926094055176,identifier,nextKey
62.02400207519531,-48.94805908203125,",",","
-40.44600296020508,1.3205938339233398,identifier,nextIndex
-2.931502103805542,-107.9766616821289,),)
-175.2219696044922,57.445335388183594,;,;
-16.870651245117188,188.03076171875,},}
-24.2408390045166,181.5061798095703,},}
132.5634765625,118.23419189453125,return,return
20.129175186157227,-44.805633544921875,identifier,removedValue
-182.11415100097656,42.940147399902344,;,;
-244.0530242919922,-7.898077011108398,},}
32.45228576660156,14.457231521606445,identifier,proofStep
-64.6270980834961,-159.09326171875,(,(
10.665346145629883,22.91802215576172,identifier,ResolutionState
1.7627785205841064,-27.491806030273438,identifier,state
-14.416936874389648,-224.06199645996094,),)
-148.73890686035156,-1.3109967708587646,{,{
20.52332305908203,23.92714500427246,identifier,Functor
31.373247146606445,-14.709442138671875,identifier,isOp
136.6516876220703,-61.873958587646484,=,=
1.748030424118042,-27.388965606689453,identifier,state
58.797576904296875,134.16209411621094,.,.
29.972854614257812,11.18001937866211,identifier,getGoalStack
-97.82626342773438,-90.72518920898438,(,(
17.314258575439453,-141.3262939453125,),)
72.21173095703125,137.0124053955078,.,.
32.063446044921875,9.773547172546387,identifier,poll
-97.17486572265625,-90.67025756835938,(,(
17.307767868041992,-141.06607055664062,),)
70.7123794555664,137.95501708984375,.,.
20.544893264770508,23.917245864868164,identifier,getFunctor
-99.65654754638672,-90.86026763916016,(,(
39.43806838989258,-151.57998657226562,),)
-107.0889892578125,56.9278564453125,;,;
38.166629791259766,27.600927352905273,identifier,Term
15.096010208129883,-53.126075744628906,identifier,expressionValue
133.42559814453125,-61.5897331237793,=,=
24.086862564086914,26.155698776245117,identifier,BuiltInUtils
62.490562438964844,126.47709655761719,.,.
30.829870223999023,11.786054611206055,identifier,evaluateAsNumeric
-98.53608703613281,-57.94896697998047,(,(
31.375015258789062,-14.693026542663574,identifier,isOp
52.95060729980469,138.66162109375,.,.
50.55057907104492,27.701745986938477,identifier,getArgument
-107.46835327148438,-72.7787857055664,(,(
-2.3752946853637695,-123.74188232421875,),)
-11.024547576904297,-89.22268676757812,),)
-108.48002624511719,57.39596939086914,;,;
66.98599243164062,52.569766998291016,identifier,List
184.19625854492188,-45.060890197753906,<,<
23.3853816986084,56.359493255615234,identifier,Variable
182.67596435546875,-13.937906265258789,>,>
-6.680474281311035,12.794087409973145,identifier,boundVariables
129.62216186523438,-65.47782135009766,=,=
109.55006408691406,44.350345611572266,new,new
61.89319610595703,48.223419189453125,identifier,LinkedList
184.5735321044922,-43.211265563964844,<,<
23.4805965423584,56.26552963256836,identifier,Variable
183.85540771484375,-15.986422538757324,>,>
-92.94200897216797,-85.54859161376953,(,(
38.17695999145508,-148.8165283203125,),)
-109.11174011230469,57.2667121887207,;,;
-12.934454917907715,-68.66429138183594,identifier,matched
129.31459045410156,-61.1865348815918,=,=
1.7468310594558716,-27.37729835510254,identifier,state
58.26519012451172,136.9855499267578,.,.
24.910844802856445,11.318408966064453,identifier,getUnifier
-100.9104232788086,-93.955322265625,(,(
19.401090621948242,-140.6738739013672,),)
71.67154693603516,135.18817138671875,.,.
25.054771423339844,11.189997673034668,identifier,unifyInternal
-96.94998931884766,-56.365074157714844,(,(
31.375682830810547,-14.690735816955566,identifier,isOp
52.91743087768555,138.72564697265625,.,.
50.54970932006836,27.70132827758789,identifier,getArgument
-107.4668960571289,-72.76612091064453,(,(
-1.7409582138061523,-123.58070373535156,),)
62.98067855834961,-41.194419860839844,",",","
15.11683464050293,-53.10419845581055,identifier,expressionValue
55.64640808105469,-44.91978073120117,",",","
-6.675018310546875,12.795823097229004,identifier,boundVariables
56.27340316772461,-44.367671966552734,",",","
-6.673222541809082,12.798996925354004,identifier,boundVariables
-4.294400215148926,-99.6072769165039,),)
-110.17870330810547,49.04309844970703,;,;
171.9102325439453,30.377628326416016,for,for
-160.32228088378906,-46.698875427246094,(,(
23.395490646362305,56.354042053222656,identifier,Variable
17.308488845825195,-7.36706018447876,identifier,binding
-6.668143272399902,12.798880577087402,identifier,boundVariables
-39.53900146484375,113.74649047851562,),)
-107.40801239013672,139.9822540283203,{,{
1.7465455532073975,-27.3685359954834,identifier,state
60.23408126831055,141.0694122314453,.,.
28.32195281982422,20.78415298461914,identifier,getVariableBindings
-107.92816925048828,-94.35812377929688,(,(
20.975149154663086,-141.6123809814453,),)
72.46774291992188,133.8948974609375,.,.
72.62217712402344,13.754480361938477,identifier,offer
-100.99168395996094,-45.927757263183594,(,(
17.31028175354004,-7.366436958312988,identifier,binding
-7.007408142089844,-104.59344482421875,),)
-174.69161987304688,56.14600372314453,;,;
-21.814502716064453,178.79934692382812,},}
131.51263427734375,118.64448547363281,return,return
-12.934597969055176,-68.67738342285156,identifier,matched
-182.02877807617188,43.773345947265625,;,;
-242.7798309326172,-8.163354873657227,},}
-34.267433166503906,-76.80308532714844,identifier,Override
20.931982040405273,28.191436767578125,identifier,DirContextOperations
37.04118728637695,13.220779418945312,identifier,searchForUser
-62.2762565612793,-159.1902618408203,(,(
87.61516571044922,74.30701446533203,identifier,String
-15.444475173950195,-25.960044860839844,identifier,username
-12.42651081085205,-223.85110473632812,),)
-150.37533569335938,3.903719663619995,{,{
154.05967712402344,22.40190315246582,if,if
-176.62152099609375,-51.244544982910156,(,(
81.95307922363281,27.65946388244629,identifier,logger
67.95450592041016,109.61471557617188,.,.
75.60147094726562,-12.05717658996582,identifier,isDebugEnabled
-94.55184936523438,-98.70358276367188,(,(
23.53700065612793,-156.30691528320312,),)
-50.51268005371094,109.1143798828125,),)
-114.90061950683594,145.29029846191406,{,{
82.62651062011719,27.492538452148438,identifier,logger
67.0293960571289,110.59375762939453,.,.
75.42778778076172,-13.00658893585205,identifier,debug
-80.31773376464844,-51.44623947143555,(,(
31.201873779296875,6.099575042724609,"""","""Searching for user '"""
53.650325775146484,-87.55988311767578,+,+
-15.19015121459961,-25.6163387298584,identifier,username
56.78789520263672,-83.53631591796875,+,+
30.888578414916992,6.115024089813232,"""","""', with user search """
54.212554931640625,-86.05445861816406,+,+
-3.016996383666992,-93.1865463256836,),)
-164.8517303466797,62.91550064086914,;,;
-20.46711540222168,170.38014221191406,},}
19.489023208618164,28.915401458740234,identifier,SpringSecurityLdapTemplate
-4.584836483001709,1.1733720302581787,identifier,template
132.38710021972656,-65.26016235351562,=,=
111.76425170898438,43.90713119506836,new,new
19.488969802856445,28.914392471313477,identifier,SpringSecurityLdapTemplate
-94.6513671875,-59.78712844848633,(,(
37.81526184082031,-20.099708557128906,identifier,contextSource
3.537299394607544,-96.83351135253906,),)
-103.72328186035156,61.72074890136719,;,;
-4.590571403503418,1.2122246026992798,identifier,template
58.32158279418945,123.07008361816406,.,.
38.65347671508789,10.896628379821777,identifier,setSearchControls
-97.67901611328125,-61.729339599609375,(,(
38.7904052734375,10.780054092407227,identifier,searchControls
3.5146234035491943,-96.14756774902344,),)
-117.80865478515625,47.73128128051758,;,;
-105.02497863769531,128.7275848388672,{,{
138.57833862304688,117.99823760986328,return,return
-4.594664573669434,1.2125486135482788,identifier,template
58.699317932128906,123.57952880859375,.,.
35.615482330322266,10.789737701416016,identifier,searchForSingleEntry
-96.53614044189453,-55.500972747802734,(,(
39.33249282836914,10.059087753295898,identifier,searchBase
55.91783905029297,-47.469505310058594,",",","
39.28567886352539,10.136449813842773,identifier,searchFilter
54.858829498291016,-41.94918441772461,",",","
109.5544662475586,39.9228515625,new,new
86.0710220336914,67.34320831298828,identifier,String
-98.69422912597656,143.20582580566406,{,{
-15.176782608032227,-25.59500503540039,identifier,username
-15.173884391784668,175.52410888671875,},}
-8.767121315002441,-95.81956481933594,),)
-168.99090576171875,56.464027404785156,;,;
-36.35219192504883,171.58270263671875,},}
-154.2598419189453,-49.4178581237793,(,(
29.350889205932617,16.622507095336914,identifier,IncorrectResultSizeDataAccessException
42.08193588256836,-5.77960205078125,identifier,notFound
-37.265525817871094,111.58940124511719,),)
-109.73194122314453,134.7181396484375,{,{
158.1371307373047,37.20244598388672,if,if
-168.69798278808594,-59.92814254760742,(,(
42.083736419677734,-5.781802177429199,identifier,notFound
56.76689529418945,142.02386474609375,.,.
30.1114501953125,18.01944351196289,identifier,getActualSize
-108.22769165039062,-96.47023010253906,(,(
21.606550216674805,-149.2997283935547,),)
104.29983520507812,-15.999105453491211,==,==
-43.89490509033203,111.86378479003906,),)
-107.6142578125,147.93511962890625,{,{
117.44207763671875,41.39973068237305,new,new
34.70183563232422,26.95059585571289,identifier,UsernameNotFoundException
-84.40200805664062,-54.57855224609375,(,(
29.403793334960938,2.615851879119873,"""","""User """
51.82341766357422,-86.86199188232422,+,+
-15.146705627441406,-25.553733825683594,identifier,username
56.142189025878906,-82.50656127929688,+,+
29.601551055908203,3.6699624061584473,"""",""" not found in directory."""
-13.862043380737305,-106.33848571777344,),)
-174.886474609375,52.553863525390625,;,;
-20.285261154174805,177.50540161132812,},}
42.08195114135742,-5.77941370010376,identifier,notFound
-178.20870971679688,45.41661834716797,;,;
-22.840312957763672,189.61216735839844,},}
-246.04347229003906,-1.798768162727356,},}
20.66225814819336,-2.7570629119873047,identifier,SuppressWarnings
-90.09912872314453,-69.69981384277344,(,(
20.864093780517578,-2.4331717491149902,"""","""deprecation"""
15.038708686828613,-97.8339614868164,),)
16.086679458618164,18.232332229614258,identifier,additionalAuthenticationChecks
-64.63764953613281,-158.06155395507812,(,(
-0.7965991497039795,-0.19633673131465912,identifier,UserDetails
-0.844759464263916,-0.356218546628952,identifier,userDetails
89.04390716552734,-90.78581237792969,",",","
13.860092163085938,19.059226989746094,identifier,UsernamePasswordAuthenticationToken
-7.085858345031738,42.16688537597656,identifier,authentication
-9.089354515075684,-226.74258422851562,),)
29.475618362426758,31.167213439941406,identifier,AuthenticationException
-143.2901153564453,4.905586242675781,{,{
155.3672637939453,25.133373260498047,if,if
-175.5441131591797,-51.76952362060547,(,(
-7.205726146697998,41.792999267578125,identifier,authentication
56.66817092895508,135.60585021972656,.,.
12.13780403137207,6.2896270751953125,identifier,getCredentials
-99.3366470336914,-96.56354522705078,(,(
22.724958419799805,-151.3660430908203,),)
105.87085723876953,-14.638285636901855,==,==
-47.85698318481445,107.18097686767578,),)
-114.55835723876953,144.48777770996094,{,{
82.38975524902344,27.527002334594727,identifier,logger
66.92831420898438,110.49795532226562,.,.
75.4653091430664,-13.399872779846191,identifier,debug
-80.57860565185547,-51.463905334472656,(,(
28.894184112548828,4.470372200012207,"""","""Authentication failed: no credentials provided"""
11.166675567626953,-104.4913330078125,),)
-121.15403747558594,60.948814392089844,;,;
117.5511474609375,42.96110916137695,new,new
34.96485900878906,28.136350631713867,identifier,BadCredentialsException
-90.51836395263672,-56.41791534423828,(,(
47.72309875488281,-23.943157196044922,identifier,messages
46.883758544921875,139.74420166015625,.,.
50.40218734741211,-25.620498657226562,identifier,getMessage
-111.88410186767578,-68.95503997802734,(,(
15.447454452514648,18.374237060546875,"""","""AbstractUserDetailsAuthenticationProvider.badCredentials"""
58.31439208984375,-56.89151382446289,",",","
26.83057975769043,0.7335224747657776,"""","""Bad credentials"""
-11.717613220214844,-121.32977294921875,),)
-14.00860595703125,-91.0072250366211,),)
-163.54026794433594,59.84170913696289,;,;
-21.70053482055664,171.49952697753906,},}
82.49122619628906,72.02098083496094,identifier,String
4.827994346618652,2.902069330215454,identifier,presentedPassword
130.26025390625,-60.42816925048828,=,=
-7.231586456298828,41.74895477294922,identifier,authentication
57.16426086425781,135.7423553466797,.,.
12.137086868286133,6.287924289703369,identifier,getCredentials
-100.35737609863281,-95.03455352783203,(,(
19.57906723022461,-142.0062255859375,),)
73.18099212646484,138.99769592285156,.,.
76.49507141113281,41.385841369628906,identifier,toString
-100.99075317382812,-101.06056213378906,(,(
34.23923873901367,-149.11322021484375,),)
-115.02571868896484,42.0866584777832,;,;
154.38710021972656,34.54461669921875,if,if
-173.0560760498047,-58.862548828125,(,(
4.131757736206055,0.9802714586257935,identifier,passwordEncoder
64.23587036132812,125.10806274414062,.,.
35.593021392822266,1.7975350618362427,identifier,matches
-106.18057250976562,-56.221683502197266,(,(
4.830338954925537,2.911379337310791,identifier,presentedPassword
58.92912292480469,-51.67369842529297,",",","
-0.8891699314117432,-0.44807934761047363,identifier,userDetails
55.846866607666016,143.01058959960938,.,.
5.3826189041137695,0.7703649401664734,identifier,getPassword
-107.39283752441406,-99.81072998046875,(,(
16.503646850585938,-154.68296813964844,),)
-13.537558555603027,-116.41053771972656,),)
-47.810794830322266,115.22389221191406,),)
-109.5280990600586,141.6507568359375,{,{
82.5908203125,27.55495262145996,identifier,logger
66.46383666992188,110.47647094726562,.,.
75.50492095947266,-13.694562911987305,identifier,debug
-81.5198745727539,-51.123538970947266,(,(
29.47934341430664,4.440208435058594,"""","""Authentication failed: password does not match stored value"""
9.394882202148438,-105.57952117919922,),)
-120.22457885742188,62.46370315551758,;,;
116.92105865478516,41.61848068237305,new,new
34.96847915649414,28.085378646850586,identifier,BadCredentialsException
-91.40416717529297,-54.862998962402344,(,(
47.72751998901367,-23.949432373046875,identifier,messages
46.910308837890625,139.75238037109375,.,.
50.430442810058594,-25.70335578918457,identifier,getMessage
-111.86550903320312,-69.00041961669922,(,(
15.406599044799805,18.392051696777344,"""","""AbstractUserDetailsAuthenticationProvider.badCredentials"""
58.32111358642578,-56.91614532470703,",",","
26.840038299560547,0.6947171092033386,"""","""Bad credentials"""
-10.563177108764648,-119.77389526367188,),)
-14.310545921325684,-97.05467987060547,),)
-177.04672241210938,52.08579635620117,;,;
-21.293743133544922,188.86366271972656,},}
-244.00942993164062,-1.6324803829193115,},}
38.182071685791016,15.56252384185791,identifier,injectAttributes
-60.95922088623047,-157.46224975585938,(,(
36.78783416748047,47.40282440185547,identifier,HttpServletRequest
17.2868709564209,-28.804916381835938,identifier,servletRequest
89.68827819824219,-91.35401153564453,",",","
-37.838478088378906,-35.0854606628418,identifier,Targets
-37.54872512817383,-34.915287017822266,identifier,targets
-13.414978981018066,-226.82345581054688,),)
-148.94956970214844,1.2023835182189941,{,{
54.63501739501953,28.980636596679688,identifier,Enumeration
183.31671142578125,-44.027042388916016,<,<
91.25970458984375,69.01504516601562,identifier,String
183.23484802246094,-13.46993350982666,>,>
-16.83647346496582,-7.839993476867676,identifier,attributeNames
135.66795349121094,-61.6245002746582,=,=
17.276342391967773,-28.80709457397461,identifier,servletRequest
59.9404411315918,134.79151916503906,.,.
-17.255638122558594,-7.394281387329102,identifier,getAttributeNames
-98.63688659667969,-91.35651397705078,(,(
38.068302154541016,-152.06410217285156,),)
-110.69282531738281,45.689781188964844,;,;
164.5193328857422,28.344589233398438,while,while
-178.25848388671875,-55.226112365722656,(,(
-16.9688777923584,-7.815925598144531,identifier,attributeNames
45.25529861450195,130.02561950683594,.,.
54.872413635253906,28.795799255371094,identifier,hasMoreElements
-95.66616821289062,-100.51512908935547,(,(
21.422292709350586,-154.63546752929688,),)
-52.767242431640625,113.65666961669922,),)
-114.5428695678711,135.69793701171875,{,{
81.38367462158203,70.9795150756836,identifier,String
-6.682090759277344,-16.53437614440918,identifier,attrName
132.13185119628906,-56.64179611206055,=,=
-16.996597290039062,-7.822595119476318,identifier,attributeNames
49.120113372802734,127.79279327392578,.,.
54.950923919677734,28.715269088745117,identifier,nextElement
-103.69142150878906,-89.30355834960938,(,(
34.267913818359375,-152.336669921875,),)
-101.30961608886719,59.65663528442383,;,;
-37.47377014160156,-34.85588073730469,identifier,targets
59.57319259643555,123.59368896484375,.,.
36.12169647216797,10.722901344299316,identifier,forEachTargetAndIn
-89.0186996459961,-54.408729553222656,(,(
51.527008056640625,-52.395416259765625,",",","
-121.43924713134766,-54.73760986328125,(,(
-35.57868957519531,-33.41875076293945,identifier,target
56.157535552978516,-49.84505844116211,",",","
32.45458221435547,-8.819207191467285,identifier,in
30.491357803344727,-157.86253356933594,),)
-112.26049041748047,130.5552520751953,{,{
81.3182373046875,70.930419921875,identifier,String
-15.629873275756836,-16.66587257385254,identifier,name
128.289794921875,-56.19845962524414,=,=
32.45063400268555,-8.816512107849121,identifier,in
56.6690673828125,130.1814727783203,.,.
35.490230560302734,1.9006010293960571,identifier,matchedName
-104.06504821777344,-55.49382400512695,(,(
-6.681727886199951,-16.53679847717285,identifier,attrName
2.0826094150543213,-101.22566986083984,),)
-118.09326934814453,42.57965087890625,;,;
156.6157684326172,35.048789978027344,if,if
-166.15916442871094,-53.00658416748047,(,(
-14.784200668334961,-17.488161087036133,identifier,name
117.30362701416016,-10.66036605834961,!=,!=
-42.81100082397461,110.37435913085938,),)
-109.94499969482422,139.15493774414062,{,{
84.8446044921875,57.10374069213867,identifier,Object
16.770845413208008,-46.65864181518555,identifier,attrValue
126.66649627685547,-56.272830963134766,=,=
17.2908878326416,-28.815683364868164,identifier,servletRequest
58.1921272277832,142.13043212890625,.,.
62.596431732177734,28.124011993408203,identifier,getAttribute
-104.95013427734375,-55.164093017578125,(,(
-6.67882776260376,-16.535879135131836,identifier,attrName
1.3764355182647705,-101.92500305175781,),)
-110.91214752197266,70.73563385009766,;,;
-35.70009231567383,-32.90707778930664,identifier,target
58.28983688354492,115.58536529541016,.,.
45.753028869628906,12.48081111907959,identifier,writeValue
-100.39361572265625,-49.142433166503906,(,(
-14.071468353271484,-18.550548553466797,identifier,name
59.09028625488281,-47.17149353027344,",",","
16.77158546447754,-46.6599006652832,identifier,attrValue
59.67914581298828,-44.12138366699219,",",","
-9.660154342651367,-99.62039184570312,),)
-175.03675842285156,58.195369720458984,;,;
-17.875486373901367,187.1387176513672,},}
-16.64627456665039,180.33885192871094,},}
-17.445138931274414,-101.52056884765625,),)
-180.37542724609375,52.06499481201172,;,;
-24.15060806274414,188.80654907226562,},}
-245.43701171875,0.8976953029632568,},}
67.88140106201172,-1.401210904121399,identifier,lastIndexOf
-58.99794006347656,-160.74594116210938,(,(
85.72076416015625,74.44001007080078,identifier,String
30.31671714782715,-44.3740348815918,identifier,src
88.97533416748047,-88.7890625,",",","
-15.123286247253418,-34.8857307434082,identifier,c
87.96322631835938,-88.38905334472656,",",","
-38.06016159057617,7.377830982208252,identifier,startIndex
86.54403686523438,-87.75724792480469,",",","
-35.06974411010742,8.23968505859375,identifier,endIndex
-11.527264595031738,-229.06307983398438,),)
-147.33447265625,1.8537179231643677,{,{
-6.1294660568237305,-2.5580625534057617,identifier,total
137.43885803222656,-59.143314361572266,=,=
30.23175048828125,-44.31348419189453,identifier,src
42.0319709777832,130.5309295654297,.,.
16.94664192199707,81.64814758300781,identifier,length
-97.36792755126953,-99.68130493164062,(,(
26.002918243408203,-151.0749969482422,),)
-111.59477996826172,42.72315979003906,;,;
152.83114624023438,29.89458656311035,if,if
-169.44708251953125,-49.6761589050293,(,(
-6.0281758308410645,-2.5063414573669434,identifier,total
114.52198028564453,-25.12666893005371,<,<
-45.53624725341797,104.8251953125,),)
-109.20853424072266,151.37216186523438,{,{
138.43695068359375,110.3324203491211,return,return
-163.35736083984375,53.147804260253906,;,;
-24.04752540588379,169.51742553710938,},}
150.3403778076172,33.506465911865234,if,if
-168.32855224609375,-49.68599319458008,(,(
-38.050559997558594,7.381114959716797,identifier,startIndex
-5.972228050231934,-2.487959861755371,identifier,total
-41.7014045715332,107.37012481689453,),)
-111.081298828125,146.37637329101562,{,{
-38.055198669433594,7.380473613739014,identifier,startIndex
123.48259735107422,-52.90525436401367,=,=
-5.909974575042725,-2.470691680908203,identifier,total
-165.15321350097656,54.47531509399414,;,;
-25.606182098388672,171.49850463867188,},}
150.30307006835938,33.90703201293945,if,if
-168.12498474121094,-49.87405776977539,(,(
-35.061588287353516,8.240850448608398,identifier,endIndex
114.7939682006836,-25.432947158813477,<,<
-42.37174987792969,107.92726135253906,),)
-110.9251708984375,146.46868896484375,{,{
-35.0659065246582,8.239502906799316,identifier,endIndex
123.6827392578125,-52.035850524902344,=,=
-165.34449768066406,54.383026123046875,;,;
-26.48465919494629,171.73635864257812,},}
171.71852111816406,29.744688034057617,for,for
-162.11151123046875,-45.58415603637695,(,(
-64.6009521484375,0.44868603348731995,identifier,i
132.2074737548828,-50.83096694946289,=,=
-38.05208969116211,7.381180286407471,identifier,startIndex
-94.70580291748047,50.62506103515625,;,;
-61.69602966308594,1.6813771724700928,identifier,i
-35.07445526123047,8.235176086425781,identifier,endIndex
-93.92032623291016,49.61909103393555,;,;
-61.42884063720703,2.370485782623291,identifier,i
-42.693817138671875,116.43833923339844,),)
-110.76870727539062,134.8042755126953,{,{
158.44830322265625,37.63215255737305,if,if
-168.84962463378906,-60.517303466796875,(,(
30.22032928466797,-44.30323028564453,identifier,src
49.56494140625,130.3187713623047,.,.
58.41204833984375,25.19916534423828,identifier,charAt
-108.58203887939453,-55.83340835571289,(,(
-60.6111946105957,0.38390055298805237,identifier,i
-4.849600791931152,-116.96744537353516,),)
100.4355239868164,-15.398656845092773,==,==
-15.321362495422363,-34.325042724609375,identifier,c
-42.56564712524414,112.9773178100586,),)
-105.86888122558594,149.40089416503906,{,{
138.35426330566406,113.44924926757812,return,return
-60.917442321777344,0.2668042480945587,identifier,i
-168.21484375,50.30118942260742,;,;
-16.03012466430664,188.8433380126953,},}
-23.713886260986328,181.35641479492188,},}
133.01376342773438,116.00113677978516,return,return
-179.5602264404297,43.64926528930664,;,;
-243.7065887451172,-6.308383941650391,},}
46.76327896118164,4.889569282531738,identifier,fireEvent
-61.01982879638672,-156.85806274414062,(,(
9.899148941040039,61.43829345703125,identifier,Class
10.872966766357422,-6.3791913986206055,identifier,listenerType
-14.690956115722656,-224.65127563476562,),)
-149.5497283935547,0.8517183065414429,{,{
62.87084197998047,53.21056365966797,identifier,Set
183.2958526611328,-44.78377914428711,<,<
91.69107818603516,69.57393646240234,identifier,String
183.3282470703125,-13.045587539672852,>,>
3.843672037124634,-31.448883056640625,identifier,existing
133.0433807373047,-67.58586883544922,=,=
109.21305847167969,45.972774505615234,new,new
61.75855255126953,51.66592025756836,identifier,HashSet
182.75804138183594,-22.817995071411133,<,<>
-94.00684356689453,-84.41580963134766,(,(
38.36470031738281,-154.9923858642578,),)
-110.54633331298828,45.72370147705078,;,;
164.5272979736328,28.109113693237305,while,while
-180.08853149414062,-55.14366912841797,(,(
-49.88460159301758,103.55391693115234,),)
-114.79537200927734,135.3024139404297,{,{
48.72661209106445,41.7268180847168,identifier,MutableInteger
-9.570508003234863,-3.667353868484497,identifier,newCount
132.4512176513672,-62.200233459472656,=,=
48.69242477416992,41.743492126464844,identifier,MutableInteger
55.230472564697266,127.5091781616211,.,.
60.05030822753906,4.922106742858887,identifier,of
-102.85050201416016,-68.70198059082031,(,(
8.057504653930664,-99.24517822265625,),)
-101.34180450439453,59.665550231933594,;,;
24.219728469848633,14.090399742126465,identifier,madpc
59.605628967285156,123.74510955810547,.,.
36.55217361450195,10.549798011779785,identifier,forEachBeanType
-89.03348541259766,-54.488582611083984,(,(
10.868218421936035,-6.437697410583496,identifier,listenerType
51.5623893737793,-52.22588348388672,",",","
-15.5713472366333,-17.557085037231445,identifier,name
-112.25678253173828,130.5811309814453,{,{
159.78909301757812,35.873016357421875,if,if
-172.43609619140625,-56.40477752685547,(,(
3.8449628353118896,-31.44927406311035,identifier,existing
51.13903045654297,121.94235229492188,.,.
70.71697235107422,13.535633087158203,identifier,add
-109.4736328125,-56.698307037353516,(,(
-14.490609169006348,-17.81322479248047,identifier,name
-5.306474208831787,-122.22698974609375,),)
-49.750370025634766,113.3672103881836,),)
-112.5727310180664,138.64434814453125,{,{
-9.569479942321777,-3.6406095027923584,identifier,newCount
46.99102783203125,117.3147964477539,.,.
20.004365921020508,-51.7820930480957,identifier,value
-114.16480255126953,56.79826736450195,;,;
84.82494354248047,57.24998474121094,identifier,Object
10.666546821594238,-7.859917640686035,identifier,listener
126.96350860595703,-56.512516021728516,=,=
49.26367950439453,6.954115390777588,identifier,lookupComponent
-103.6568374633789,-55.00723648071289,(,(
-14.365564346313477,-18.20692253112793,identifier,name
1.8924542665481567,-101.05738830566406,),)
-118.70610046386719,42.63529968261719,;,;
157.5452880859375,35.08705139160156,if,if
-165.33468627929688,-52.96442413330078,(,(
10.671174049377441,-7.838920593261719,identifier,listener
117.35600280761719,-11.221606254577637,!=,!=
-42.17554473876953,109.98165893554688,),)
-108.08096313476562,145.1036834716797,{,{
24.562355041503906,13.818676948547363,identifier,MadvocComponentLifecycle
63.520538330078125,121.47212982177734,.,.
58.15386199951172,15.96064281463623,identifier,invoke
-100.68448638916016,-49.60506820678711,(,(
10.674041748046875,-7.827231407165527,identifier,listener
59.74623107910156,-48.09600830078125,",",","
10.864891052246094,-6.453090190887451,identifier,listenerType
-7.377791404724121,-100.23792266845703,),)
-173.59701538085938,59.92598342895508,;,;
-15.791454315185547,187.25723266601562,},}
-18.564056396484375,183.82676696777344,},}
-16.46410369873047,180.135986328125,},}
-17.90732192993164,-101.314697265625,),)
-118.5501708984375,70.593017578125,;,;
151.84706115722656,37.36012268066406,if,if
-165.7941131591797,-57.011878967285156,(,(
-9.566805839538574,-3.634124517440796,identifier,newCount
46.89044189453125,117.37541961669922,.,.
19.897747039794922,-51.6873664855957,identifier,value
104.1211929321289,-15.482439994812012,==,==
-43.772064208984375,112.7066650390625,),)
-105.3448257446289,148.78733825683594,{,{
-174.5056915283203,48.66873550415039,;,;
-17.56599998474121,189.8441162109375,},}
-24.20965003967285,187.9114532470703,},}
-245.5247802734375,0.3235952854156494,},}
31.841856002807617,38.164024353027344,identifier,SecurityContext
43.398887634277344,16.89211654663086,identifier,createSecurityContext
-64.27758026123047,-160.1116943359375,(,(
88.0038070678711,75.65746307373047,identifier,String
47.76494598388672,-37.592288970947266,identifier,domain
-12.712068557739258,-223.94442749023438,),)
-150.60980224609375,3.4656357765197754,{,{
156.39918518066406,23.650413513183594,if,if
-177.57379150390625,-49.422950744628906,(,(
20.421085357666016,26.853530883789062,identifier,WildFlySecurityManager
57.02132034301758,126.19059753417969,.,.
36.558937072753906,4.016335487365723,identifier,isChecking
-94.89403533935547,-96.7472915649414,(,(
22.624835968017578,-155.95570373535156,),)
-52.50920867919922,111.27485656738281,),)
-117.050048828125,138.73947143554688,{,{
139.8312530517578,116.02324676513672,return,return
20.410888671875,26.85770034790039,identifier,WildFlySecurityManager
59.29729461669922,124.8384780883789,.,.
26.072134017944336,11.604833602905273,identifier,doUnchecked
-88.88204193115234,-53.662506103515625,(,(
107.69742584228516,41.20933532714844,new,new
39.37256622314453,30.562753677368164,identifier,PrivilegedAction
183.1903839111328,-41.03639221191406,<,<
31.837366104125977,38.15713882446289,identifier,SecurityContext
184.6478729248047,-15.869985580444336,>,>
-92.45452880859375,-87.34172058105469,(,(
32.51948165893555,-157.40467834472656,),)
-114.32977294921875,131.44436645507812,{,{
-33.0689811706543,-75.74656677246094,identifier,Override
31.834999084472656,38.15304946899414,identifier,SecurityContext
50.78586196899414,-7.365453243255615,identifier,run
-103.92607116699219,-82.74398803710938,(,(
33.486087799072266,-158.47265625,),)
-112.38639068603516,132.29830932617188,{,{
-103.07284545898438,128.41317749023438,{,{
140.04261779785156,117.2318115234375,return,return
31.099790573120117,36.797977447509766,identifier,SecurityContextFactory
62.329105377197266,123.65164947509766,.,.
43.31220626831055,16.75787353515625,identifier,createSecurityContext
-103.28282928466797,-53.12571334838867,(,(
47.776458740234375,-37.603641510009766,identifier,domain
-1.0951380729675293,-97.9953384399414,),)
-166.75169372558594,57.664154052734375,;,;
-37.50722885131836,169.4880828857422,},}
-155.45225524902344,-52.266326904296875,(,(
28.130998611450195,-65.57198333740234,identifier,Exception
23.174510955810547,-73.14594268798828,identifier,e
-35.75782012939453,108.23761749267578,),)
-104.95293426513672,146.10256958007812,{,{
16.50210189819336,32.60514831542969,identifier,UndertowLogger
41.56707000732422,150.9691619873047,.,.
18.985746383666992,19.262014389038086,identifier,ROOT_LOGGER
65.1076889038086,119.56075286865234,.,.
42.15980911254883,15.768064498901367,identifier,failToCreateSecurityContext
-104.00459289550781,-51.69747543334961,(,(
22.980146408081055,-70.69775390625,identifier,e
-2.8519320487976074,-97.43119812011719,),)
-162.7207794189453,62.35232925415039,;,;
-15.329157829284668,186.15455627441406,},}
-18.005380630493164,183.54063415527344,},}
-16.111900329589844,179.81861877441406,},}
-18.205421447753906,-101.15602111816406,),)
-171.61521911621094,57.85112762451172,;,;
-31.732444763183594,170.21630859375,},}
-34.29933547973633,151.6877899169922,else,else
-106.04955291748047,135.03648376464844,{,{
-103.50032043457031,129.40518188476562,{,{
139.3207244873047,117.39918518066406,return,return
31.097185134887695,36.794921875,identifier,SecurityContextFactory
62.286865234375,123.6047134399414,.,.
43.31758499145508,16.731271743774414,identifier,createSecurityContext
-102.97785186767578,-52.55923843383789,(,(
47.78062438964844,-37.60685348510742,identifier,domain
-3.870293617248535,-103.87747955322266,),)
-168.51348876953125,56.07017517089844,;,;
-36.34714126586914,170.01303100585938,},}
-154.4382781982422,-51.43129348754883,(,(
28.373687744140625,-65.93843841552734,identifier,Exception
24.004915237426758,-72.26948547363281,identifier,e
-35.812477111816406,110.56582641601562,),)
-103.37303161621094,145.32923889160156,{,{
16.50161361694336,32.60690689086914,identifier,UndertowLogger
41.536685943603516,150.99705505371094,.,.
18.95980453491211,19.200042724609375,identifier,ROOT_LOGGER
64.77793884277344,119.46810913085938,.,.
42.1679801940918,15.735246658325195,identifier,failToCreateSecurityContext
-103.80538177490234,-50.584251403808594,(,(
23.710134506225586,-71.02904510498047,identifier,e
-8.346792221069336,-106.86672973632812,),)
-176.13121032714844,52.47349548339844,;,;
-18.989559173583984,189.349853515625,},}
-23.376510620117188,187.46827697753906,},}
-246.05043029785156,-1.2437807321548462,},}
16.095203399658203,39.154964447021484,identifier,SessionID
45.32557678222656,17.585206985473633,identifier,createSessionRemote
-66.56344604492188,-155.86489868164062,(,(
-13.324261665344238,-218.49896240234375,),)
-150.11007690429688,-1.3849467039108276,{,{
-11.42908000946045,37.119998931884766,identifier,ControlPoint
-11.557306289672852,36.65718460083008,identifier,controlPoint
137.06130981445312,-63.66559600830078,=,=
-11.883979797363281,37.17880630493164,identifier,getControlPoint
-97.70093536376953,-89.76175689697266,(,(
40.1202392578125,-151.81056213378906,),)
-111.93536376953125,44.6330451965332,;,;
155.40086364746094,27.786996841430664,if,if
-173.56983947753906,-50.10399627685547,(,(
-11.721673965454102,36.5085563659668,identifier,controlPoint
104.93932342529297,-12.38499927520752,==,==
-47.616294860839844,105.02764129638672,),)
-111.58855438232422,151.92088317871094,{,{
139.63189697265625,115.20027160644531,return,return
45.41029739379883,17.46380615234375,identifier,createSession
-101.23240661621094,-86.52874755859375,(,(
40.791343688964844,-149.11016845703125,),)
-164.77098083496094,61.42692947387695,;,;
-31.875625610351562,166.59716796875,},}
-33.21962356567383,151.4569854736328,else,else
-106.34857940673828,134.6740264892578,{,{
-106.42623901367188,127.59951782226562,{,{
48.20587921142578,-8.292712211608887,identifier,RunResult
-33.079830169677734,-58.77427291870117,identifier,result
131.8976287841797,-58.25871276855469,=,=
-11.797758102416992,36.38383483886719,identifier,controlPoint
59.12477111816406,126.08612060546875,.,.
30.44569969177246,-2.9167256355285645,identifier,beginRequest
-102.45477294921875,-87.80692291259766,(,(
37.34366989135742,-149.4610137939453,),)
-117.00401306152344,43.58235168457031,;,;
155.97341918945312,33.047142028808594,if,if
-169.57530212402344,-53.08834457397461,(,(
-31.171966552734375,-59.28962707519531,identifier,result
101.59784698486328,-14.939544677734375,==,==
48.1652717590332,-8.301546096801758,identifier,RunResult
36.46708679199219,154.5770721435547,.,.
20.98214340209961,14.972800254821777,identifier,REJECTED
-43.55046844482422,106.25945281982422,),)
-110.20549011230469,148.4340362548828,{,{
19.590988159179688,21.906761169433594,identifier,EjbLogger
41.5500602722168,150.9354705810547,.,.
18.942874908447266,19.130125045776367,identifier,ROOT_LOGGER
65.09097290039062,120.68143463134766,.,.
20.46883201599121,8.003751754760742,identifier,containerSuspended
-103.57333374023438,-87.36506652832031,(,(
38.67253494262695,-146.1146697998047,),)
-165.14578247070312,59.028079986572266,;,;
-23.449865341186523,171.76454162597656,},}
-103.62568664550781,129.2230682373047,{,{
139.01756286621094,117.03443145751953,return,return
45.420936584472656,17.433910369873047,identifier,createSession
-101.70620727539062,-86.52153015136719,(,(
37.80170822143555,-145.63192749023438,),)
-167.4204559326172,56.48899459838867,;,;
-35.504398345947266,169.53562927246094,},}
-100.65867614746094,138.15548706054688,{,{
-11.812111854553223,36.31787872314453,identifier,controlPoint
60.66006088256836,122.39974975585938,.,.
30.78660774230957,-2.291193962097168,identifier,requestComplete
-104.66612243652344,-86.81954193115234,(,(
37.34286117553711,-145.2783203125,),)
-168.21722412109375,56.71946716308594,;,;
-15.856864929199219,185.83908081054688,},}
-35.77083206176758,173.04144287109375,},}
-153.72532653808594,-49.9632453918457,(,(
31.421356201171875,25.811622619628906,identifier,EJBComponentUnavailableException
31.63121223449707,25.055938720703125,identifier,ComponentIsStoppedException
24.673250198364258,-72.17317962646484,identifier,e
-35.49696350097656,110.31922912597656,),)
-103.42516326904297,146.11390686035156,{,{
24.667917251586914,-71.1625747680664,identifier,e
-168.84259033203125,53.21207809448242,;,;
-35.72770309448242,170.5636444091797,},}
-154.28244018554688,-51.41752624511719,(,(
28.8658447265625,-66.01066589355469,identifier,Exception
24.262062072753906,-72.02173614501953,identifier,e
-35.54017639160156,110.65029907226562,),)
-103.26898956298828,145.69602966308594,{,{
117.23947143554688,40.69535446166992,new,new
31.3907413482666,26.634660720825195,identifier,EJBException
-103.9786376953125,-50.198734283447266,(,(
23.91842269897461,-71.12474822998047,identifier,e
-8.432516098022461,-106.9520034790039,),)
-175.8621063232422,52.265586853027344,;,;
-19.057344436645508,189.3646697998047,},}
-23.57773208618164,187.67503356933594,},}
-245.84226989746094,-1.2658251523971558,},}
46.578460693359375,-11.946629524230957,identifier,DataResult
45.075157165527344,-0.5157156586647034,identifier,readData
-60.97632598876953,-159.7057647705078,(,(
48.26971435546875,37.05811309814453,identifier,InputStream
41.11482620239258,-36.392791748046875,identifier,is
90.808349609375,-86.97078704833984,",",","
23.069931030273438,19.757360458374023,identifier,NetcdfFile
17.797264099121094,1.7077866792678833,identifier,ncfile
87.64208221435547,-89.66551971435547,",",","
89.170166015625,74.98430633544922,identifier,String
39.53328323364258,-58.34750747680664,identifier,location
-9.938764572143555,-226.45819091796875,),)
-18.143901824951172,56.11868667602539,identifier,IOException
-143.00025939941406,3.0656731128692627,{,{
0.8677952885627747,-45.53947448730469,identifier,b
134.3913116455078,-67.7716064453125,=,=
111.3635482788086,46.123443603515625,new,new
-103.33990478515625,56.251033782958984,;,;
10.316259384155273,-27.101186752319336,identifier,bytesRead
135.27163696289062,-58.531585693359375,=,=
6.181307315826416,32.84804916381836,identifier,NcStream
58.65752410888672,126.01471710205078,.,.
44.06144714355469,-3.0106801986694336,identifier,readFully
-99.15203094482422,-59.5796012878418,(,(
41.133243560791016,-36.23384475708008,identifier,is
56.29446029663086,-50.59148406982422,",",","
1.2198508977890015,-45.443180084228516,identifier,b
3.4092209339141846,-94.08613586425781,),)
-115.15270233154297,44.981204986572266,;,;
153.1262969970703,32.336368560791016,if,if
-169.47012329101562,-50.4158821105957,(,(
10.312070846557617,-27.103256225585938,identifier,bytesRead
115.54984283447266,-27.833934783935547,<,<
1.1298108100891113,-45.43284225463867,identifier,b
40.270721435546875,130.13491821289062,.,.
15.743438720703125,81.97674560546875,identifier,length
-57.07901382446289,102.92548370361328,),)
119.60623931884766,41.72417449951172,new,new
35.147579193115234,30.13038444519043,identifier,EOFException
-96.91334533691406,-60.242374420166016,(,(
39.539127349853516,-58.33769226074219,identifier,location
2.202760934829712,-96.9881362915039,),)
-115.68643188476562,50.16922378540039,;,;
153.16162109375,36.517086029052734,if,if
-170.20199584960938,-58.04364776611328,(,(
6.050100326538086,32.86287307739258,identifier,NcStream
48.01236343383789,122.33607482910156,.,.
55.12266159057617,-6.970198631286621,identifier,test
-109.48446655273438,-58.1549186706543,(,(
1.344665765762329,-45.41542434692383,identifier,b
58.3994140625,-53.344276428222656,",",","
5.837740898132324,32.96258544921875,identifier,NcStream
37.704437255859375,153.25953674316406,.,.
19.239368438720703,11.247905731201172,identifier,MAGIC_DATA
-8.44982624053955,-119.87168884277344,),)
-58.684288024902344,103.08323669433594,),)
141.04525756835938,112.92027282714844,return,return
44.850341796875,-0.48048660159111023,identifier,readData1
-101.05957794189453,-53.241172790527344,(,(
41.144569396972656,-36.145057678222656,identifier,is
57.210567474365234,-49.96977233886719,",",","
17.80624008178711,1.703963041305542,identifier,ncfile
-2.9255192279815674,-99.3064193725586,),)
-115.93048858642578,50.364166259765625,;,;
153.07220458984375,36.698062896728516,if,if
-169.00680541992188,-58.573158264160156,(,(
5.929239749908447,32.9005126953125,identifier,NcStream
48.044925689697266,122.33672332763672,.,.
55.16620635986328,-6.994309425354004,identifier,test
-109.49412536621094,-58.10369873046875,(,(
1.424883484840393,-45.41606140136719,identifier,b
58.51759338378906,-53.33771896362305,",",","
5.730114936828613,33.008705139160156,identifier,NcStream
37.91774368286133,153.18331909179688,.,.
19.22862434387207,11.297683715820312,identifier,MAGIC_DATA2
-8.446784973144531,-119.66170501708984,),)
-59.456382751464844,103.27889251708984,),)
140.89944458007812,113.39501190185547,return,return
44.85114669799805,-0.4836961030960083,identifier,readData2
-101.19349670410156,-53.145015716552734,(,(
41.16067886352539,-36.04423522949219,identifier,is
-4.221659183502197,-106.02853393554688,),)
-118.34406280517578,65.39949035644531,;,;
118.54265594482422,40.91351318359375,new,new
-17.38127326965332,56.04690933227539,identifier,IOException
-84.29092407226562,-54.22029495239258,(,(
30.826488494873047,4.919839382171631,"""","""Data transfer corrupted on """
51.45738983154297,-85.94271850585938,+,+
39.5430793762207,-58.335445404052734,identifier,location
-10.78698444366455,-105.73120880126953,),)
-180.8386688232422,47.76754379272461,;,;
-240.15957641601562,-7.590030193328857,},}
23.637096405029297,57.164615631103516,identifier,Variable
42.42577362060547,9.876358985900879,identifier,addStringVariable
-61.452659606933594,-159.7837677001953,(,(
26.78469467163086,-14.24806022644043,identifier,Group
2.310180187225342,-40.45429229736328,identifier,g
90.04676055908203,-87.53865051269531,",",","
87.18232727050781,72.22274017333984,identifier,String
-11.655827522277832,-22.42372703552246,identifier,shortName
87.2103042602539,-88.74335479736328,",",","
87.19425201416016,72.0490493774414,identifier,String
-7.3955206871032715,-8.246793746948242,identifier,dims
86.22949981689453,-88.43205261230469,",",","
13.884476661682129,76.29776000976562,identifier,strlen
-11.137696266174316,-229.10035705566406,),)
-148.6619873046875,3.0527734756469727,{,{
152.8443145751953,22.80731964111328,if,if
-175.76979064941406,-47.10316467285156,(,(
26.3291072845459,16.759490966796875,identifier,immutable
-55.89572525024414,102.46886444091797,),)
119.58806610107422,42.28960037231445,new,new
40.072792053222656,35.260398864746094,identifier,IllegalStateException
-81.6693115234375,-56.577415466308594,(,(
28.14362335205078,6.913005828857422,"""","""Cant modify"""
11.992971420288086,-103.26404571533203,),)
-114.70960235595703,49.328330993652344,;,;
151.89930725097656,30.854677200317383,if,if
-172.0836181640625,-49.19928741455078,(,(
2.0099287033081055,-40.33079528808594,identifier,g
104.92106628417969,-12.99990463256836,==,==
-57.676944732666016,100.88945770263672,),)
1.9567046165466309,-40.182350158691406,identifier,g
132.78977966308594,-54.86793518066406,=,=
26.53927993774414,-13.651854515075684,identifier,rootGroup
-106.533935546875,53.8237419128418,;,;
83.3296127319336,70.44021606445312,identifier,String
-8.335906982421875,-12.410401344299316,identifier,dimName
133.26353454589844,-56.50474548339844,=,=
-11.657103538513184,-22.420366287231445,identifier,shortName
54.65938186645508,-82.41537475585938,+,+
26.098936080932617,-0.5151820778846741,"""","""_strlen"""
-103.35511779785156,65.10215759277344,;,;
43.03730392456055,7.1891326904296875,identifier,addDimension
-98.34603881835938,-54.567378997802734,(,(
2.0221996307373047,-40.455101013183594,identifier,g
57.16102981567383,-51.8328971862793,",",","
109.71917724609375,41.35828399658203,new,new
43.27546691894531,7.469459533691406,identifier,Dimension
-95.41226959228516,-59.03263854980469,(,(
-8.311210632324219,-12.428723335266113,identifier,dimName
59.8933219909668,-51.260982513427734,",",","
13.88484001159668,76.2991943359375,identifier,strlen
-2.868344783782959,-120.15278625488281,),)
-12.766079902648926,-90.19970703125,),)
-110.4952392578125,59.33478927612305,;,;
23.713674545288086,56.86915969848633,identifier,Variable
-15.32756233215332,-42.83396911621094,identifier,v
127.0075912475586,-63.5362548828125,=,=
111.3087158203125,42.327030181884766,new,new
24.057825088500977,56.62545394897461,identifier,Variable
-93.97352600097656,-57.572513580322266,(,(
53.238651275634766,-51.75718307495117,",",","
2.0079233646392822,-40.500728607177734,identifier,g
55.12550354003906,-48.50361633300781,",",","
57.0009765625,-43.031517028808594,",",","
-11.655871391296387,-22.422286987304688,identifier,shortName
-3.5557498931884766,-99.97196960449219,),)
-111.56179809570312,66.18285369873047,;,;
-15.526884078979492,-42.76887512207031,identifier,v
58.54297637939453,113.09356689453125,.,.
43.102359771728516,5.995452880859375,identifier,setDataType
-95.48661041259766,-47.613189697265625,(,(
43.42583084106445,5.484066963195801,identifier,DataType
37.73062515258789,155.9383087158203,.,.
19.1246395111084,9.807927131652832,identifier,CHAR
0.7549099922180176,-105.75626373291016,),)
-111.98345184326172,66.93638610839844,;,;
-15.55024242401123,-42.814964294433594,identifier,v
58.76777648925781,113.21830749511719,.,.
42.83601760864258,6.648726940155029,identifier,setDimensions
-97.2347412109375,-47.43267822265625,(,(
-7.392817497253418,-8.251517295837402,identifier,dims
55.153053283691406,-82.29821014404297,+,+
29.50956916809082,0.28701266646385193,"""",""" """
51.93859100341797,-85.35840606689453,+,+
-8.29942512512207,-12.430832862854004,identifier,dimName
-1.3304280042648315,-104.79432678222656,),)
-112.41908264160156,67.37181854248047,;,;
1.7080591917037964,-40.634605407714844,identifier,g
58.958221435546875,113.78811645507812,.,.
42.602264404296875,9.732659339904785,identifier,addVariable
-100.04354858398438,-46.05392074584961,(,(
-15.700944900512695,-43.220970153808594,identifier,v
-6.231485843658447,-105.79497528076172,),)
-120.09388732910156,67.58534240722656,;,;
133.01976013183594,119.86624145507812,return,return
-15.77202320098877,-43.32841873168945,identifier,v
-181.15362548828125,44.81828689575195,;,;
-241.61264038085938,-8.611061096191406,},}
60.89562225341797,-1.526479959487915,identifier,URL
36.06676483154297,15.392498016357422,identifier,removeTrailingSlash
-64.57559204101562,-160.98776245117188,(,(
60.39753341674805,-1.5102406740188599,identifier,URL
3.2871670722961426,-22.16046905517578,identifier,url
-13.606026649475098,-224.50128173828125,),)
-149.22447204589844,0.23506861925125122,{,{
83.75042724609375,71.97147369384766,identifier,String
-0.5008175373077393,-17.851673126220703,identifier,file
137.67532348632812,-62.134239196777344,=,=
3.9009017944335938,-21.37097930908203,identifier,url
58.122249603271484,135.43002319335938,.,.
1.0625298023223877,-17.000154495239258,identifier,getFile
-98.63314056396484,-92.55056762695312,(,(
39.01749038696289,-151.98570251464844,),)
-112.22943115234375,43.962738037109375,;,;
156.8006591796875,28.210092544555664,if,if
-174.3528289794922,-52.89317321777344,(,(
-0.2469795048236847,-17.31712532043457,identifier,file
44.74690246582031,127.01644134521484,.,.
91.33635711669922,-12.560495376586914,identifier,endsWith
-109.97821807861328,-63.9450798034668,(,(
25.700319290161133,-4.894428253173828,"""","""/"""
-7.826185703277588,-124.52740478515625,),)
-52.07680130004883,112.11304473876953,),)
-115.43621063232422,138.0796356201172,{,{
-0.5022383332252502,-17.69607162475586,identifier,file
123.15283203125,-60.69517517089844,=,=
-0.27197694778442383,-17.23556900024414,identifier,file
47.15604019165039,126.36603546142578,.,.
47.63567352294922,59.33794403076172,identifier,substring
-103.9820785522461,-69.91851043701172,(,(
62.81194305419922,-55.85929489135742,",",","
-0.09133852273225784,-17.255252838134766,identifier,file
41.16550827026367,129.4233856201172,.,.
17.251869201660156,82.21778869628906,identifier,length
-98.2479019165039,-101.51557922363281,(,(
25.604511260986328,-150.9491424560547,),)
-8.451854705810547,-89.98519134521484,),)
-119.05358123779297,46.21855163574219,;,;
-104.63091278076172,128.91494750976562,{,{
139.35829162597656,117.54042053222656,return,return
112.14664459228516,40.79277420043945,new,new
60.61489486694336,-2.736213445663452,identifier,URL
-93.24563598632812,-56.98656463623047,(,(
4.157146453857422,-21.24814796447754,identifier,url
55.065673828125,141.1816864013672,.,.
-23.847169876098633,33.017059326171875,identifier,getProtocol
-105.74816131591797,-100.51348876953125,(,(
12.932563781738281,-158.0117950439453,),)
63.30320739746094,-41.99185562133789,",",","
4.21096134185791,-21.103321075439453,identifier,url
54.948753356933594,141.5120391845703,.,.
18.714191436767578,-3.1500978469848633,identifier,getHost
-106.35443115234375,-100.54159545898438,(,(
13.108538627624512,-157.48876953125,),)
63.74778366088867,-42.02757263183594,",",","
4.224257469177246,-21.10410499572754,identifier,url
54.883941650390625,141.74110412597656,.,.
16.943716049194336,-2.064796209335327,identifier,getPort
-106.7544937133789,-100.28705596923828,(,(
13.430583000183105,-157.00291442871094,),)
64.90996551513672,-41.63523864746094,",",","
0.19555611908435822,-17.466629028320312,identifier,file
-6.601956367492676,-97.80591583251953,),)
-169.21775817871094,56.682193756103516,;,;
-36.44087600708008,170.87608337402344,},}
-154.45584106445312,-50.69769287109375,(,(
47.50080108642578,32.344139099121094,identifier,MalformedURLException
24.034263610839844,-72.953125,identifier,e
-36.0225830078125,109.72354888916016,),)
-104.3263168334961,143.86520385742188,{,{
90.48001861572266,15.20142936706543,identifier,Assert
67.46914672851562,116.87013244628906,.,.
32.40190505981445,12.752232551574707,identifier,isTrue
-86.14933013916016,-50.250099182128906,(,(
64.80758666992188,-49.72251510620117,",",","
22.485267639160156,-71.47769927978516,identifier,e
49.244258880615234,141.4365234375,.,.
50.660614013671875,-26.33949089050293,identifier,getMessage
-110.4498519897461,-101.0411148071289,(,(
14.08117961883545,-154.2508544921875,),)
-13.430386543273926,-95.42237854003906,),)
-173.7947998046875,58.15187454223633,;,;
-16.813201904296875,187.05093383789062,},}
-32.07084274291992,170.5637664794922,},}
-35.010459899902344,151.2344970703125,else,else
-102.78740692138672,139.11929321289062,{,{
137.50445556640625,114.8148193359375,return,return
3.989763021469116,-22.20243263244629,identifier,url
-170.3455352783203,50.017234802246094,;,;
-20.855533599853516,179.5021514892578,},}
131.65000915527344,116.39173126220703,return,return
-180.44615173339844,42.81621170043945,;,;
-244.75718688964844,-7.277415752410889,},}
64.81768798828125,50.47966003417969,identifier,ArrayList
182.31297302246094,-45.62803649902344,<,<
92.01912689208984,68.82003021240234,identifier,String
183.2800750732422,-10.410957336425781,>,>
37.48227310180664,19.81107521057129,identifier,getConsequenceChildrenList
-62.13941192626953,-160.50941467285156,(,(
87.22600555419922,73.49846649169922,identifier,String
44.9287223815918,-66.05209350585938,identifier,text
91.18331146240234,-90.22797393798828,",",","
64.90028381347656,7.695102214813232,identifier,addChildren
-13.15218734741211,-227.33424377441406,),)
-147.4103546142578,0.5519723892211914,{,{
47.791194915771484,-16.92621421813965,identifier,Node
-14.584403038024902,-35.027732849121094,identifier,c
135.8862762451172,-63.40582275390625,=,=
37.504310607910156,19.883163452148438,identifier,getConsequenceChildren
-101.3100814819336,-61.69491195678711,(,(
44.92927169799805,-66.04469299316406,identifier,text
5.990697383880615,-95.98478698730469,),)
-104.70083618164062,60.06319046020508,;,;
41.573448181152344,108.33065795898438,.,.
26.502580642700195,-26.299650192260742,identifier,suggestions
51.74179458618164,117.57795715332031,.,.
75.41105651855469,3.1763017177581787,identifier,clear
-104.55005645751953,-89.56161499023438,(,(
36.42371368408203,-153.96124267578125,),)
-110.95088195800781,47.36480712890625,;,;
170.40135192871094,29.487817764282227,for,for
-162.2574462890625,-44.30801773071289,(,(
-53.025455474853516,-0.6613578200340271,identifier,idx
131.7288818359375,-48.45296096801758,=,=
-94.5933837890625,52.27189636230469,;,;
-53.11431121826172,-0.4985804855823517,identifier,idx
117.02293395996094,-30.615209579467773,<,<
-14.291290283203125,-33.86841583251953,identifier,c
40.07820129394531,130.4520721435547,.,.
15.002409934997559,81.39598846435547,identifier,length
-92.80741119384766,48.619808197021484,;,;
-53.14927291870117,-0.44067302346229553,identifier,idx
-41.9274787902832,117.63733673095703,),)
-112.49474334716797,134.46702575683594,{,{
159.64707946777344,36.36406326293945,if,if
-166.228759765625,-50.5610466003418,(,(
64.90324401855469,7.700839519500732,identifier,addChildren
-41.03121566772461,108.95791625976562,),)
-110.4200210571289,140.76968383789062,{,{
42.16093444824219,109.45468139648438,.,.
65.74093627929688,10.320185661315918,identifier,addChildToList
-96.99495697021484,-54.611358642578125,(,(
-14.012202262878418,-33.52840042114258,identifier,c
-53.42436981201172,0.4617810845375061,identifier,idx
64.242919921875,-44.688377380371094,",",","
-13.936993598937988,-33.40666580200195,identifier,c
-53.44644546508789,0.5134367942810059,identifier,idx
56.00007629394531,146.4234161376953,.,.
12.83064079284668,2.3878586292266846,identifier,getToken
-108.41998291015625,-100.39462280273438,(,(
13.429473876953125,-157.2247772216797,),)
64.56803894042969,-42.2257194519043,",",","
38.689697265625,108.20919036865234,.,.
26.50140380859375,-26.296077728271484,identifier,suggestions
-6.842689514160156,-97.07472229003906,),)
-169.6419219970703,58.857112884521484,;,;
-32.83317947387695,167.8974151611328,},}
-34.13618850708008,150.46617126464844,else,else
-103.09530639648438,137.28250122070312,{,{
41.46484375,108.4209213256836,.,.
26.499963760375977,-26.29994010925293,identifier,suggestions
55.15632629394531,114.83097839355469,.,.
70.34174346923828,12.860247611999512,identifier,add
-95.74642944335938,-44.51839065551758,(,(
-14.00986385345459,-33.483943939208984,identifier,c
-53.45698928833008,0.5625817179679871,identifier,idx
56.01497268676758,146.408935546875,.,.
12.827342987060547,2.3897926807403564,identifier,getToken
-109.04364776611328,-99.77122497558594,(,(
14.676755905151367,-154.02548217773438,),)
-13.262728691101074,-95.66046905517578,),)
-174.30491638183594,57.51828384399414,;,;
-17.265697479248047,187.5559539794922,},}
-24.593029022216797,181.90298461914062,},}
133.30465698242188,118.52486419677734,return,return
39.42625427246094,106.8561782836914,.,.
26.500232696533203,-26.301605224609375,identifier,suggestions
-182.5470428466797,42.15779495239258,;,;
-244.03822326660156,-7.650869369506836,},}
35.53251266479492,13.72892951965332,identifier,isMoreSpecific
-60.02346420288086,-161.57608032226562,(,(
10.783644676208496,61.087764739990234,identifier,Class
-7.883277893066406,3.1260428428649902,identifier,classes1
88.7896957397461,-91.25228881835938,",",","
10.714725494384766,60.92844009399414,identifier,Class
-7.878321170806885,3.0559370517730713,identifier,classes2
-14.068252563476562,-228.01504516601562,),)
-147.65504455566406,3.166256904602051,{,{
169.00489807128906,29.170249938964844,for,for
-162.666259765625,-43.31788635253906,(,(
-47.513187408447266,-1.4254964590072632,identifier,index
131.00685119628906,-48.48521041870117,=,=
62.12395095825195,-54.92540740966797,",",","
2.777843713760376,-74.69705200195312,identifier,count
133.26177978515625,-52.12526321411133,=,=
-8.212261199951172,3.1584064960479736,identifier,classes1
40.02505874633789,131.0904541015625,.,.
15.318608283996582,81.17003631591797,identifier,length
-95.64598846435547,51.41561508178711,;,;
-47.89712905883789,-0.5691218376159668,identifier,index
117.32890319824219,-31.00165367126465,<,<
3.0055177211761475,-74.9948959350586,identifier,count
-93.24479675292969,48.08161544799805,;,;
-47.89263916015625,-0.33840811252593994,identifier,index
-41.02554702758789,118.08332824707031,),)
-113.66388702392578,135.7071990966797,{,{
10.433046340942383,60.65485763549805,identifier,Class
-10.6637544631958,0.37371087074279785,identifier,c1
130.80145263671875,-55.72423553466797,=,=
-8.30607795715332,3.1589202880859375,identifier,classes1
-48.31380081176758,0.34927812218666077,identifier,index
66.21662139892578,-46.860252380371094,",",","
-9.789840698242188,-0.17902079224586487,identifier,c2
130.75650024414062,-55.038307189941406,=,=
-8.294207572937012,3.109267234802246,identifier,classes2
-48.274810791015625,0.5441535115242004,identifier,index
-116.39414978027344,41.04610061645508,;,;
153.8787078857422,33.688140869140625,if,if
-167.0194549560547,-51.621917724609375,(,(
-10.395665168762207,0.913341760635376,identifier,c1
101.11739349365234,-14.538559913635254,==,==
-9.34619140625,0.13614468276500702,identifier,c2
-57.64398193359375,104.29035949707031,),)
-128.26963806152344,51.964111328125,;,;
-31.938817977905273,153.80023193359375,else,else
151.44459533691406,41.09605026245117,if,if
-167.6028289794922,-59.05673599243164,(,(
-10.20540714263916,1.0937687158584595,identifier,c1
48.4853515625,132.25985717773438,.,.
37.151405334472656,9.416206359863281,identifier,isPrimitive
-106.20313262939453,-97.30364227294922,(,(
18.008893966674805,-154.27423095703125,),)
-58.5683708190918,104.08203125,),)
140.28237915039062,111.92497253417969,return,return
-128.2264862060547,52.05245590209961,;,;
-32.19218826293945,153.57615661621094,else,else
151.36993408203125,40.77774429321289,if,if
-167.4352569580078,-59.038307189941406,(,(
-10.204388618469238,1.0652047395706177,identifier,c1
48.26579284667969,131.67300415039062,.,.
87.6770248413086,-16.07233238220215,identifier,isAssignableFrom
-111.11742401123047,-56.62495422363281,(,(
-9.351653099060059,0.19929566979408264,identifier,c2
-5.741751194000244,-120.47577667236328,),)
-59.12642288208008,104.05945587158203,),)
140.3603057861328,111.8782958984375,return,return
-128.25128173828125,52.07816696166992,;,;
-32.33267593383789,153.31558227539062,else,else
151.3721466064453,40.2829704284668,if,if
-167.00714111328125,-59.07175827026367,(,(
-9.311875343322754,0.31748953461647034,identifier,c2
48.240577697753906,131.62124633789062,.,.
87.67976379394531,-16.073225021362305,identifier,isAssignableFrom
-111.18375396728516,-56.56675720214844,(,(
-9.98547649383545,1.1557551622390747,identifier,c1
-5.66387414932251,-120.28196716308594,),)
-59.759483337402344,103.91706848144531,),)
139.86337280273438,112.4235610961914,return,return
-169.77635192871094,50.98703384399414,;,;
-22.968379974365234,180.6907958984375,},}
132.3811798095703,115.79693603515625,return,return
-179.8095703125,42.648963928222656,;,;
-245.51065063476562,-8.183525085449219,},}
-34.39060592651367,-76.44996643066406,identifier,Override
50.61012649536133,-11.863511085510254,identifier,process
-60.195003509521484,-156.70956420898438,(,(
27.652734756469727,-18.493154525756836,identifier,Resource
27.379438400268555,-18.35601234436035,identifier,resource
89.10873413085938,-89.62531280517578,",",","
56.62084197998047,-20.868654251098633,identifier,Reader
57.39088821411133,-22.816844940185547,identifier,reader
87.78028106689453,-91.02543640136719,",",","
56.47954559326172,-20.872602462768555,identifier,Writer
55.356475830078125,-22.070472717285156,identifier,writer
-9.57583999633789,-227.10101318359375,),)
-18.1547794342041,55.53334426879883,identifier,IOException
-143.742919921875,2.510265350341797,{,{
80.85710906982422,24.526145935058594,identifier,LOG
68.00016784667969,111.19043731689453,.,.
75.12271881103516,-13.317402839660645,identifier,debug
-79.77743530273438,-51.97536087036133,(,(
31.96517562866211,5.463593006134033,"""","""processing resource: {}"""
68.62742614746094,-52.66905975341797,",",","
27.32697296142578,-18.329345703125,identifier,resource
4.694674491882324,-92.97285461425781,),)
-110.99609375,54.78748321533203,;,;
82.97078704833984,72.32453918457031,identifier,String
42.9848518371582,-53.19475173950195,identifier,content
132.49478149414062,-61.40666198730469,=,=
25.168071746826172,27.603984832763672,identifier,IOUtils
68.68438720703125,122.52436065673828,.,.
76.73326873779297,41.32438659667969,identifier,toString
-101.89015197753906,-58.931697845458984,(,(
57.40673065185547,-22.868267059326172,identifier,reader
4.192245006561279,-97.1541976928711,),)
-107.93255615234375,57.51854705810547,;,;
19.788623809814453,51.67869186401367,identifier,TypeScriptCompiler
33.474430084228516,-17.30321502685547,identifier,compiler
131.71861267089844,-60.699546813964844,=,=
10.46362590789795,9.865774154663086,identifier,enginePool
61.002689361572266,132.639892578125,.,.
46.62022018432617,7.900409698486328,identifier,getObject
-101.13526916503906,-93.65493774414062,(,(
36.31162643432617,-149.74652099609375,),)
-118.20736694335938,46.73395919799805,;,;
-104.63616943359375,128.0433807373047,{,{
55.227054595947266,-22.158395767211914,identifier,writer
57.56047058105469,118.99298095703125,.,.
45.86540222167969,13.337063789367676,identifier,write
-92.08615112304688,-49.19036865234375,(,(
33.4747200012207,-17.299171447753906,identifier,compiler
56.53774642944336,121.04566192626953,.,.
25.739837646484375,6.351563930511475,identifier,compile
-107.65345764160156,-53.3158073425293,(,(
43.01517868041992,-53.18879318237305,identifier,content
-3.626837730407715,-121.39876556396484,),)
-12.334983825683594,-92.15984344482422,),)
-168.5557403564453,58.005859375,;,;
-36.909881591796875,170.61219787597656,},}
-156.01614379882812,-50.29852294921875,(,(
28.835786819458008,-65.21461486816406,identifier,Exception
23.708890914916992,-72.39791870117188,identifier,e
-36.73234558105469,109.52001953125,),)
-105.10203552246094,143.3722381591797,{,{
26.916263580322266,3.7271273136138916,identifier,onException
-100.95299530029297,-51.6700439453125,(,(
23.463972091674805,-71.12752532958984,identifier,e
58.60832977294922,-48.13441848754883,",",","
43.018104553222656,-53.18586349487305,identifier,content
-6.394411087036133,-99.58385467529297,),)
-169.78041076660156,57.5811653137207,;,;
-35.1315803527832,169.88833618164062,},}
-101.77545166015625,137.58340454101562,{,{
10.473922729492188,9.867072105407715,identifier,enginePool
62.18155288696289,119.85675048828125,.,.
46.02695083618164,8.109334945678711,identifier,returnObject
-102.27415466308594,-51.68151092529297,(,(
33.47773742675781,-17.303945541381836,identifier,compiler
-2.961780548095703,-103.59431457519531,),)
-113.50470733642578,70.14939880371094,;,;
57.39680480957031,-22.886903762817383,identifier,reader
60.25210952758789,116.52328491210938,.,.
71.91036987304688,-31.052797317504883,identifier,close
-109.14471435546875,-88.2713851928711,(,(
34.77750778198242,-143.47683715820312,),)
-113.55669403076172,70.12283325195312,;,;
55.21965026855469,-22.170377731323242,identifier,writer
60.37099838256836,116.43379974365234,.,.
71.9012222290039,-31.083744049072266,identifier,close
-109.47813415527344,-88.3956298828125,(,(
34.58757781982422,-142.33309936523438,),)
-179.1059112548828,52.7445068359375,;,;
-21.073957443237305,190.16329956054688,},}
-244.59596252441406,-0.7762615084648132,},}
46.76586151123047,4.889190673828125,identifier,fireEvent
-59.42946243286133,-155.52552795410156,(,(
15.094670295715332,38.492431640625,identifier,EventTypeID
7.502499103546143,-6.877872467041016,identifier,eventTypeId
88.57239532470703,-86.86388397216797,",",","
85.73026275634766,57.65060043334961,identifier,Object
44.013065338134766,-41.45869064331055,identifier,event
84.85375213623047,-88.78396606445312,",",","
20.578128814697266,-18.742122650146484,identifier,Address
20.548717498779297,-18.742097854614258,identifier,address
84.41114044189453,-88.73876953125,",",","
15.266026496887207,39.637779235839844,identifier,ServiceID
13.151068687438965,7.975284576416016,identifier,serviceID
84.01246643066406,-89.07530212402344,",",","
11.802607536315918,20.496381759643555,identifier,EventProcessingSucceedCallback
25.386533737182617,-7.697574138641357,identifier,succeedCallback
83.78143310546875,-89.89950561523438,",",","
11.743608474731445,20.43920135498047,identifier,EventProcessingFailedCallback
25.87166404724121,-8.75382137298584,identifier,failedCallback
83.76306915283203,-89.97518157958984,",",","
11.274471282958984,19.956510543823242,identifier,EventUnreferencedCallback
10.838418006896973,19.402080535888672,identifier,unreferencedCallback
-8.258537292480469,-227.7841339111328,),)
29.93370246887207,24.326982498168945,identifier,ActivityIsEndingException
82.47081756591797,-92.3452377319336,",",","
21.105796813964844,18.533323287963867,identifier,SLEEException
-142.3183135986328,5.078886032104492,{,{
154.9853057861328,25.67023468017578,if,if
-175.74676513671875,-54.16366958618164,(,(
36.159423828125,4.112164497375488,identifier,isEnding
-94.23263549804688,-96.77467346191406,(,(
22.800790786743164,-155.28192138671875,),)
-50.66035079956055,110.24736022949219,),)
-110.45903778076172,150.00650024414062,{,{
117.09060668945312,42.77730941772461,new,new
29.923494338989258,24.254634857177734,identifier,ActivityIsEndingException
-90.4447250366211,-56.54732131958008,(,(
29.533851623535156,23.531299591064453,identifier,getActivityContextHandle
-103.39920806884766,-101.0970230102539,(,(
18.57530975341797,-143.72622680664062,),)
73.16757202148438,139.6011962890625,.,.
76.26164245605469,41.28056335449219,identifier,toString
-101.08209991455078,-101.53787994384766,(,(
20.073579788208008,-158.15438842773438,),)
-13.910721778869629,-91.05611419677734,),)
-164.34390258789062,59.94367980957031,;,;
-23.91218376159668,170.75128173828125,},}
150.5991668701172,34.88444137573242,if,if
-168.27053833007812,-54.57465362548828,(,(
7.194613933563232,13.859453201293945,identifier,acReferencesHandler
116.3283920288086,-10.212924003601074,!=,!=
-44.514217376708984,108.5547103881836,),)
-109.72208404541016,144.01011657714844,{,{
7.186357498168945,13.860086441040039,identifier,acReferencesHandler
60.796165466308594,122.43608093261719,.,.
29.9773006439209,13.4281005859375,identifier,eventReferenceCreated
-104.09278106689453,-87.45140838623047,(,(
38.33065414428711,-146.3992156982422,),)
-166.9066925048828,59.303375244140625,;,;
-22.178152084350586,175.43614196777344,},}
46.7765998840332,4.8780341148376465,identifier,fireEvent
-88.49543762207031,-49.43531036376953,(,(
19.737594604492188,8.083060264587402,identifier,sleeContainer
58.65195846557617,144.0975341796875,.,.
27.6176815032959,23.43480682373047,identifier,getEventContextFactory
-106.90843963623047,-94.51313018798828,(,(
20.002229690551758,-140.89959716796875,),)
71.15474700927734,135.0896453857422,.,.
27.63182258605957,23.400907516479492,identifier,createEventContext
-95.53486633300781,-55.51100540161133,(,(
7.504086017608643,-6.878458023071289,identifier,eventTypeId
55.69623565673828,-46.84671401977539,",",","
44.03998947143555,-41.46931076049805,identifier,event
54.70171356201172,-45.26697540283203,",",","
53.380741119384766,-44.19423294067383,",",","
20.55271339416504,-18.741168975830078,identifier,address
54.398624420166016,-44.63164520263672,",",","
13.156415939331055,7.974381446838379,identifier,serviceID
54.7430419921875,-44.313011169433594,",",","
25.382761001586914,-7.678493499755859,identifier,succeedCallback
55.201560974121094,-44.00283432006836,",",","
25.88096046447754,-8.778289794921875,identifier,failedCallback
55.752803802490234,-43.67360305786133,",",","
10.80599594116211,19.334415435791016,identifier,unreferencedCallback
-9.389845848083496,-114.0999755859375,),)
67.09236145019531,-43.225074768066406,",",","
19.702119827270508,8.089176177978516,identifier,sleeContainer
58.38837432861328,143.97103881835938,.,.
25.248634338378906,23.830713272094727,identifier,getTransactionManager
-109.93009948730469,-94.48676300048828,(,(
21.062437057495117,-142.414794921875,),)
67.7204818725586,138.472900390625,.,.
25.171266555786133,23.923250198364258,identifier,getTransactionContext
-110.17650604248047,-94.40762329101562,(,(
14.08823013305664,-151.67587280273438,),)
-14.456448554992676,-98.6627197265625,),)
-181.8732452392578,50.73051834106445,;,;
-239.9795684814453,-3.5593016147613525,},}
35.24427795410156,12.537895202636719,identifier,insertDiscovery
-61.583133697509766,-157.84918212890625,(,(
67.0639419555664,53.4444694519043,identifier,List
183.13955688476562,-45.762664794921875,<,<
12.391599655151367,17.373441696166992,identifier,IMetric
183.47982788085938,-11.764732360839844,>,>
10.765645027160645,-18.616392135620117,identifier,batch
-10.064142227172852,-224.38035583496094,),)
-19.002552032470703,55.575889587402344,identifier,IOException
-144.21560668945312,2.55474853515625,{,{
11.304167747497559,-17.487565994262695,identifier,batchHistogram
55.98948287963867,124.08268737792969,.,.
31.482723236083984,8.562281608581543,identifier,update
-91.44073486328125,-51.91535186767578,(,(
10.872086524963379,-18.337472915649414,identifier,batch
42.88306427001953,129.80123901367188,.,.
23.07248878479004,81.01160430908203,identifier,size
-97.63768768310547,-102.24650573730469,(,(
17.865785598754883,-158.87965393066406,),)
-10.588255882263184,-88.30770111083984,),)
-113.43896484375,46.584049224853516,;,;
154.09202575683594,29.780517578125,if,if
-173.39724731445312,-52.903160095214844,(,(
10.843164443969727,-18.383350372314453,identifier,batch
42.686187744140625,129.3233184814453,.,.
23.348323822021484,80.81114959716797,identifier,size
-97.61866760253906,-101.75144958496094,(,(
23.94502830505371,-150.7003936767578,),)
104.61346435546875,-16.0148868560791,==,==
-48.49174118041992,107.77708435058594,),)
-114.65702819824219,144.72715759277344,{,{
82.78034973144531,23.226383209228516,identifier,log
66.85517120361328,111.50884246826172,.,.
75.3971176147461,-13.246650695800781,identifier,debug
-80.5026626586914,-51.67390060424805,(,(
30.84065055847168,9.01693058013916,"""","""ElasticIO: batch size for insertDiscovery is zero, so skip calling Elasticsearch ingest."""
12.59170150756836,-105.50920104980469,),)
-121.97943115234375,61.833656311035156,;,;
138.34828186035156,107.95451354980469,return,return
-162.420654296875,50.49159622192383,;,;
-20.637311935424805,169.5488739013672,},}
22.093149185180664,25.446874618530273,identifier,Timer
40.88304901123047,149.57916259765625,.,.
40.84221267700195,-19.7480411529541,identifier,Context
40.246604919433594,-17.541484832763672,identifier,ctx
131.18360900878906,-61.755916595458984,=,=
45.744319915771484,13.929484367370605,identifier,writeTimer
58.96576690673828,126.95428466796875,.,.
32.90318298339844,-3.2928757667541504,identifier,time
-98.01624298095703,-98.10096740722656,(,(
36.53548049926758,-149.1594696044922,),)
-118.11375427246094,47.29201126098633,;,;
-105.9015884399414,128.5989227294922,{,{
170.6583709716797,31.157054901123047,for,for
-160.6141357421875,-46.16407012939453,(,(
85.203369140625,57.19504928588867,identifier,Object
34.852848052978516,-7.415064811706543,identifier,obj
10.754575729370117,-18.640077590942383,identifier,batch
-39.03207015991211,113.9358139038086,),)
-111.20568084716797,133.93524169921875,{,{
157.4210968017578,37.815757751464844,if,if
-171.1752166748047,-60.545814514160156,(,(
-117.86359405517578,-55.60292434692383,(,(
34.84300994873047,-7.4021735191345215,identifier,obj
12.394608497619629,17.36227798461914,identifier,IMetric
-6.9111127853393555,-121.20172882080078,),)
-48.22370529174805,112.9841079711914,),)
-107.9074935913086,144.8939208984375,{,{
29.936777114868164,16.38947296142578,identifier,classCastExceptionMeter
63.49958038330078,121.42976379394531,.,.
29.99298095703125,7.8005900382995605,identifier,mark
-106.59192657470703,-86.56609344482422,(,(
37.50717544555664,-144.39083862304688,),)
-121.4955062866211,63.36356735229492,;,;
-165.43869018554688,49.88856887817383,;,;
-14.465252876281738,187.90892028808594,},}
-26.570688247680664,180.68316650390625,},}
31.176193237304688,9.48199462890625,identifier,elasticsearchRestHelper
63.99970626831055,122.2322769165039,.,.
33.7066535949707,9.732954025268555,identifier,indexMetrics
-102.2057876586914,-50.65435028076172,(,(
10.74409008026123,-18.671350479125977,identifier,batch
-5.328413486480713,-104.38368225097656,),)
-172.31094360351562,56.410400390625,;,;
-34.380836486816406,172.14869689941406,},}
-101.71018981933594,138.27674865722656,{,{
40.24281311035156,-17.531505584716797,identifier,ctx
61.508026123046875,116.66106414794922,.,.
67.0578842163086,-26.714954376220703,identifier,stop
-110.1518325805664,-88.78235626220703,(,(
35.08956527709961,-141.75559997558594,),)
-179.53282165527344,52.53987121582031,;,;
-21.195755004882812,190.7694091796875,},}
-244.20753479003906,-0.6971898674964905,},}
72.52943420410156,-10.718182563781738,identifier,trace
-58.96055221557617,-156.73330688476562,(,(
93.34065246582031,1.0011385679244995,identifier,Nullable
88.4739761352539,71.82112884521484,identifier,String
44.01871109008789,-41.469642639160156,identifier,event
87.59693908691406,-93.21565246582031,",",","
93.62486267089844,0.8564528822898865,identifier,Nullable
88.49142456054688,71.75210571289062,identifier,String
51.01245880126953,-28.912607192993164,identifier,message
87.32009887695312,-93.43353271484375,",",","
93.7262191772461,0.8852545619010925,identifier,Nullable
63.23107147216797,58.276527404785156,identifier,Map
181.88307189941406,-44.21577072143555,<,<
90.74942779541016,67.44149780273438,identifier,String
70.13041687011719,-65.53985595703125,",",","
86.3349380493164,57.195621490478516,identifier,Object
184.90110778808594,-12.921551704406738,>,>
-2.1952767372131348,-55.761627197265625,identifier,data
86.87074279785156,-93.74504089355469,",",","
93.85198974609375,0.9570462703704834,identifier,Nullable
28.408063888549805,-61.64242935180664,identifier,Throwable
27.844757080078125,-58.42081832885742,identifier,throwable
-12.875746726989746,-230.07125854492188,),)
-147.89508056640625,4.784215450286865,{,{
157.3605194091797,24.283098220825195,if,if
-175.5442352294922,-52.98216247558594,(,(
14.565496444702148,27.11785316467285,identifier,getSlf4jLogger
-95.21526336669922,-93.83036041259766,(,(
18.540878295898438,-142.0521697998047,),)
72.8006362915039,138.51722717285156,.,.
72.59046173095703,-9.951191902160645,identifier,isTraceEnabled
-94.7181625366211,-98.33800506591797,(,(
22.288644790649414,-154.800537109375,),)
-52.3238410949707,112.55184173583984,),)
-114.9161148071289,139.4360809326172,{,{
81.96256256103516,22.216400146484375,identifier,LogLevel
42.49959182739258,149.64842224121094,.,.
71.94001770019531,-9.828255653381348,identifier,TRACE
71.3291015625,128.7967529296875,.,.
83.80965423583984,22.519792556762695,identifier,log
-86.5976791381836,-47.133079528808594,(,(
14.559731483459473,27.12080192565918,identifier,getSlf4jLogger
-95.19686889648438,-93.81114959716797,(,(
12.554089546203613,-158.83753967285156,),)
61.552635192871094,-40.91808319091797,",",","
44.04518127441406,-41.478843688964844,identifier,event
59.88630676269531,-41.14188766479492,",",","
38.85404586791992,12.868727684020996,identifier,createKeysFromCollection
-92.8074722290039,-53.2384033203125,(,(
-2.85360050201416,-55.93068313598633,identifier,data
107.39640045166016,-11.510222434997559,==,==
65.94743347167969,43.84541320800781,identifier,Collections
71.16876220703125,118.38262939453125,.,.
80.52017974853516,-0.08029817044734955,identifier,emptyList
-113.9682388305664,-98.01412200927734,(,(
15.923539161682129,-149.04348754882812,),)
-3.5130796432495117,-56.154239654541016,identifier,data
46.6165771484375,134.26058959960938,.,.
49.230194091796875,50.08519744873047,identifier,keySet
-101.37580871582031,-99.8160171508789,(,(
12.701783180236816,-156.6549835205078,),)
64.95037078857422,-40.48472595214844,",",","
17.56472396850586,12.59536075592041,identifier,MESSAGE_DATA_KEY
-9.20294189453125,-113.83362579345703,),)
67.47368621826172,-43.008811950683594,",",","
38.903358459472656,12.80831241607666,identifier,createValuesFromCollection
-92.81584930419922,-53.21330261230469,(,(
-3.0972349643707275,-55.87529754638672,identifier,data
107.66152954101562,-11.750311851501465,==,==
65.94889831542969,43.840431213378906,identifier,Collections
71.19833374023438,118.38172149658203,.,.
80.53803253173828,-0.07133974879980087,identifier,emptyList
-113.92230987548828,-97.93949127197266,(,(
15.90565013885498,-149.06350708007812,),)
-3.7488977909088135,-56.202674865722656,identifier,data
46.61588668823242,134.32696533203125,.,.
58.51013946533203,-34.286800384521484,identifier,values
-111.99874877929688,-96.76482391357422,(,(
12.76237678527832,-155.18630981445312,),)
65.99945831298828,-41.23292541503906,",",","
51.00143814086914,-28.80841064453125,identifier,message
-9.613235473632812,-114.24073028564453,),)
67.0207290649414,-41.50560760498047,",",","
27.845426559448242,-58.420650482177734,identifier,throwable
-11.806020736694336,-100.87159729003906,),)
-180.2618408203125,55.32177734375,;,;
-22.332216262817383,188.7781524658203,},}
-243.55795288085938,1.1499196290969849,},}
-2.5148849487304688,32.59611511230469,identifier,JMX
0.7275032997131348,29.68919563293457,identifier,reconnectJMX
-61.80006790161133,-161.46421813964844,(,(
87.4328384399414,74.9968032836914,identifier,String
14.193570137023926,-1.8205121755599976,identifier,locatorHost
90.69720458984375,-90.47847747802734,",",","
14.625226974487305,-1.6201611757278442,identifier,locatorPort
-11.836329460144043,-227.50120544433594,),)
-149.33201599121094,4.688158988952637,{,{
-106.4941635131836,126.81816101074219,{,{
26.618160247802734,26.235553741455078,identifier,ClientCache
12.548977851867676,-13.6791410446167,identifier,cache
125.74413299560547,-47.240760803222656,=,=
-103.22264099121094,52.622657775878906,;,;
12.546320915222168,-13.606521606445312,identifier,cache
131.30506896972656,-59.09437942504883,=,=
26.719133377075195,26.161771774291992,identifier,ClientCacheFactory
61.50599670410156,130.79066467285156,.,.
38.35306930541992,8.054099082946777,identifier,getAnyInstance
-98.93132019042969,-90.49057006835938,(,(
38.52240753173828,-150.75994873046875,),)
-114.1349105834961,43.91065216064453,;,;
157.25750732421875,32.81927490234375,if,if
-170.7525634765625,-53.50342559814453,(,(
12.514120101928711,-13.434178352355957,identifier,cache
115.64682006835938,-11.401836395263672,!=,!=
12.511577606201172,-13.295888900756836,identifier,cache
50.47660446166992,133.752685546875,.,.
34.448211669921875,3.3643994331359863,identifier,isClosed
-93.69570922851562,-97.98236846923828,(,(
21.402244567871094,-156.3900909423828,),)
-50.056236267089844,110.77808380126953,),)
-110.21532440185547,145.60488891601562,{,{
12.526713371276855,-13.193853378295898,identifier,cache
57.2302131652832,118.34698486328125,.,.
72.10020446777344,-30.61416244506836,identifier,close
-105.4333267211914,-85.99512481689453,(,(
39.65684509277344,-145.9302978515625,),)
-167.73085021972656,61.492889404296875,;,;
-14.546488761901855,185.79653930664062,},}
-36.46854782104492,173.1160125732422,},}
-155.76983642578125,-51.07801055908203,(,(
29.168100357055664,-65.34451293945312,identifier,Exception
23.232812881469727,-72.56417083740234,identifier,e
-37.11534118652344,108.7818832397461,),)
-104.60995483398438,142.63754272460938,{,{
33.18241882324219,69.75096893310547,identifier,System
65.56197357177734,107.68746948242188,.,.
43.54167556762695,69.7944564819336,identifier,out
62.20185852050781,107.45489501953125,.,.
49.444480895996094,70.1600570678711,identifier,println
-81.52376556396484,-52.75035858154297,(,(
32.736778259277344,4.0569329261779785,"""","""Cache was closed"""
11.133626937866211,-105.4712142944336,),)
-167.42124938964844,60.74812698364258,;,;
-24.760087966918945,172.5456085205078,},}
150.74053955078125,35.31440734863281,if,if
-167.77767944335938,-54.50239944458008,(,(
-0.3798621594905853,30.760072708129883,identifier,jmx
116.60716247558594,-10.066882133483887,!=,!=
-43.929962158203125,109.0352783203125,),)
-109.76397705078125,143.200927734375,{,{
-0.2673087418079376,30.83734703063965,identifier,jmx
57.8023796081543,118.32112884521484,.,.
72.6676254272461,-29.765188217163086,identifier,dispose
-106.36687469482422,-86.46002960205078,(,(
36.970848083496094,-144.4978485107422,),)
-117.65086364746094,61.79879379272461,;,;
-0.2369936853647232,30.922950744628906,identifier,jmx
123.64212036132812,-50.350250244140625,=,=
-166.19366455078125,54.61099624633789,;,;
-22.21562957763672,175.04022216796875,},}
2.3734307289123535,29.072370529174805,identifier,SingletonGemFireJmx
60.639122009277344,120.3961181640625,.,.
18.306339263916016,6.6311140060424805,identifier,setLocatorJmxHost
-98.47532653808594,-47.69441604614258,(,(
14.238205909729004,-1.7965205907821655,identifier,locatorHost
-2.3556923866271973,-103.83537292480469,),)
-113.91487121582031,68.0992431640625,;,;
2.3781931400299072,29.072996139526367,identifier,SingletonGemFireJmx
60.658546447753906,120.26903533935547,.,.
18.265214920043945,6.425526142120361,identifier,setLocatorPort
-98.55980682373047,-47.434932708740234,(,(
14.636312484741211,-1.6010563373565674,identifier,locatorPort
-4.0443806648254395,-104.90240478515625,),)
-119.3992919921875,67.3673095703125,;,;
134.5863494873047,119.9760513305664,return,return
0.5623006820678711,31.351551055908203,identifier,getJmx
-111.40213012695312,-91.52836608886719,(,(
34.5815544128418,-140.23912048339844,),)
-182.1099395751953,46.86979293823242,;,;
-241.43496704101562,-6.66054105758667,},}
-34.76245880126953,-76.78086853027344,identifier,Override
44.365325927734375,46.110862731933594,identifier,JSONObject
42.656002044677734,23.746559143066406,identifier,toJsonObject
-65.47824096679688,-154.78585815429688,(,(
-11.88931941986084,-218.99635314941406,),)
43.60035705566406,45.49698257446289,identifier,JSONException
-143.4752197265625,1.34351646900177,{,{
44.359397888183594,46.10851287841797,identifier,JSONObject
7.0955376625061035,-49.895511627197266,identifier,returnVal
137.71885681152344,-63.059226989746094,=,=
43.280609130859375,114.42789459228516,.,.
42.65668487548828,23.749719619750977,identifier,toJsonObject
-97.94673919677734,-88.67471313476562,(,(
40.099849700927734,-152.3689727783203,),)
-112.13089752197266,44.07535934448242,;,;
155.44285583496094,29.038223266601562,if,if
-174.07408142089844,-53.29734420776367,(,(
38.84870147705078,111.81619262695312,.,.
14.471500396728516,1.184565782546997,identifier,getAccessToken
-99.30292510986328,-96.47929382324219,(,(
22.200180053710938,-151.26438903808594,),)
115.78653717041016,-9.180391311645508,!=,!=
-47.446781158447266,107.11515045166016,),)
-113.1953353881836,144.38275146484375,{,{
7.081538677215576,-49.98920822143555,identifier,returnVal
56.11292266845703,111.95388793945312,.,.
71.37818908691406,19.91731834411621,identifier,put
-91.73686981201172,-45.3330192565918,(,(
4.110383033752441,43.321533203125,identifier,JSONMapping
36.21467590332031,152.9191131591797,.,.
17.703405380249023,11.054449081420898,identifier,ACCESS_TOKEN
63.10428237915039,-51.8260498046875,",",","
37.857505798339844,111.78160095214844,.,.
14.468965530395508,1.187042474746704,identifier,getAccessToken
-106.0765151977539,-101.12654876708984,(,(
16.818344116210938,-156.9563751220703,),)
-13.208632469177246,-91.72905731201172,),)
-168.21609497070312,60.434776306152344,;,;
-24.99713706970215,171.3916015625,},}
149.88638305664062,34.949195861816406,if,if
-169.93174743652344,-56.33040237426758,(,(
38.63533401489258,111.98456573486328,.,.
10.88864517211914,1.2773451805114746,identifier,getIdToken
-104.68073272705078,-97.84799194335938,(,(
21.630123138427734,-150.53463745117188,),)
116.42312622070312,-9.109071731567383,!=,!=
-44.692203521728516,109.09166717529297,),)
-110.39288330078125,143.3592529296875,{,{
7.080345153808594,-50.007102966308594,identifier,returnVal
56.20908737182617,112.16478729248047,.,.
71.24409484863281,20.064075469970703,identifier,put
-92.23652648925781,-44.99750900268555,(,(
4.095205783843994,43.32661437988281,identifier,JSONMapping
36.74089431762695,152.5068817138672,.,.
17.488035202026367,11.247425079345703,identifier,ID_TOKEN
63.15167999267578,-51.34825897216797,",",","
37.79544448852539,112.01416778564453,.,.
10.876108169555664,1.2753629684448242,identifier,getIdToken
-107.67735290527344,-100.41397094726562,(,(
15.96863079071045,-155.7346649169922,),)
-13.170466423034668,-92.5595932006836,),)
-168.92552185058594,59.84858322143555,;,;
-25.013883590698242,173.06826782226562,},}
150.03761291503906,36.026039123535156,if,if
-168.42066955566406,-57.23967361450195,(,(
38.552467346191406,112.00599670410156,.,.
11.580872535705566,2.836798667907715,identifier,getTokenType
-104.9764633178711,-97.68778991699219,(,(
21.325864791870117,-150.22201538085938,),)
116.94584655761719,-9.043103218078613,!=,!=
-43.67700958251953,110.85626983642578,),)
-108.53704833984375,142.36288452148438,{,{
7.078402519226074,-50.022769927978516,identifier,returnVal
56.39308166503906,112.45195007324219,.,.
71.0675048828125,20.195541381835938,identifier,put
-92.88108825683594,-44.42972946166992,(,(
4.090612888336182,43.325294494628906,identifier,JSONMapping
37.15785598754883,152.43382263183594,.,.
17.67855453491211,11.178866386413574,identifier,TOKEN_TYPE
63.48422622680664,-50.50662612915039,",",","
37.6883544921875,112.11056518554688,.,.
11.572111129760742,2.8553898334503174,identifier,getTokenType
-109.24039459228516,-99.20983123779297,(,(
14.737332344055176,-153.59329223632812,),)
-13.499489784240723,-96.4223403930664,),)
-175.49864196777344,55.73416519165039,;,;
-21.15790367126465,178.4811248779297,},}
132.84585571289062,119.13539123535156,return,return
7.059742450714111,-50.12660598754883,identifier,returnVal
-183.1303253173828,43.19899368286133,;,;
-243.20233154296875,-7.45165491104126,},}
39.832149505615234,6.6821980476379395,identifier,isCacheSafe
-60.33186340332031,-161.71731567382812,(,(
10.695296287536621,61.71586990356445,identifier,Class
179.1065216064453,-43.9706916809082,<,<
185.91371154785156,-11.512702941894531,>,>
-30.796222686767578,43.71327590942383,identifier,clazz
88.61160278320312,-90.45518493652344,",",","
14.78569221496582,58.128944396972656,identifier,ClassLoader
16.395137786865234,59.43518829345703,identifier,classLoader
-12.364023208618164,-226.81057739257812,),)
-147.8426971435547,1.2003306150436401,{,{
93.31930541992188,10.239041328430176,identifier,Preconditions
69.15467834472656,113.05064392089844,.,.
93.43698120117188,9.784732818603516,identifier,checkNotNull
-95.97653198242188,-64.89894104003906,(,(
-30.696327209472656,43.07000732421875,identifier,clazz
55.006412506103516,-55.55959701538086,",",","
28.24169158935547,5.370742321014404,"""","""Class must not be null"""
12.579668045043945,-103.13060760498047,),)
-113.485107421875,48.34356689453125,;,;
-106.6657943725586,127.1106948852539,{,{
14.805521965026855,58.13713455200195,identifier,ClassLoader
-34.11302947998047,-34.35457229614258,identifier,target
132.06349182128906,-58.42191696166992,=,=
-30.35659408569336,42.569976806640625,identifier,clazz
58.75046920776367,135.67601013183594,.,.
15.416478157043457,58.563568115234375,identifier,getClassLoader
-98.47442626953125,-93.57450103759766,(,(
37.49291229248047,-150.63963317871094,),)
-114.46881866455078,43.21158218383789,;,;
154.1639862060547,32.285404205322266,if,if
-168.8973388671875,-51.02809524536133,(,(
-34.47581100463867,-33.490325927734375,identifier,target
104.6896743774414,-13.64773941040039,==,==
-45.59291076660156,105.85202026367188,),)
-108.56562805175781,150.9165496826172,{,{
138.92034912109375,111.53485107421875,return,return
-164.05718994140625,53.0570068359375,;,;
-22.650005340576172,169.3128662109375,},}
14.856404304504395,58.173484802246094,identifier,ClassLoader
-31.845603942871094,-18.068872451782227,identifier,cur
132.1179962158203,-55.08686828613281,=,=
16.379053115844727,59.41727828979492,identifier,classLoader
-109.62194061279297,43.059024810791016,;,;
154.1604461669922,32.94572067260742,if,if
-167.93492126464844,-51.542259216308594,(,(
-31.608612060546875,-17.62621307373047,identifier,cur
101.38292694091797,-14.134111404418945,==,==
-34.81807327270508,-33.06785583496094,identifier,target
-41.48884963989258,107.5839614868164,),)
-108.25960540771484,150.5653533935547,{,{
138.84942626953125,111.89881896972656,return,return
-164.61729431152344,53.07251739501953,;,;
-27.17195701599121,170.59324645996094,},}
164.4683837890625,29.138757705688477,while,while
-165.32174682617188,-51.640663146972656,(,(
-31.6165771484375,-17.6434268951416,identifier,cur
117.98340606689453,-11.332763671875,!=,!=
-42.736244201660156,109.64402770996094,),)
-111.07715606689453,137.89816284179688,{,{
-31.72379493713379,-17.837337493896484,identifier,cur
123.40315246582031,-59.41309356689453,=,=
-31.50208854675293,-17.437789916992188,identifier,cur
56.54150390625,137.5342254638672,.,.
39.97043228149414,-3.397614002227783,identifier,getParent
-103.48383331298828,-94.73751831054688,(,(
35.94943618774414,-147.66644287109375,),)
-118.82511901855469,42.10614013671875,;,;
157.38966369628906,35.87792205810547,if,if
-164.82740783691406,-53.34146499633789,(,(
-31.564250946044922,-17.538827896118164,identifier,cur
101.02769470214844,-14.27390193939209,==,==
-34.94703674316406,-32.852943420410156,identifier,target
-42.167545318603516,112.56160736083984,),)
-105.94979095458984,149.89495849609375,{,{
138.34176635742188,112.31665802001953,return,return
-167.35943603515625,50.99407196044922,;,;
-15.489808082580566,188.00909423828125,},}
-24.957637786865234,180.72610473632812,},}
133.96749877929688,114.66517639160156,return,return
-168.8002166748047,52.303531646728516,;,;
-35.19575500488281,172.49386596679688,},}
-153.57342529296875,-50.70465850830078,(,(
34.84257888793945,25.535152435302734,identifier,SecurityException
28.215608596801758,-75.74618530273438,identifier,ex
-35.606571197509766,111.59760284423828,),)
-102.5728530883789,145.82896423339844,{,{
136.4099578857422,113.56634521484375,return,return
-176.2017364501953,47.32527542114258,;,;
-20.900598526000977,191.1408233642578,},}
-245.09072875976562,-2.0086069107055664,},}
44.927452087402344,-8.94041633605957,identifier,handle
-60.25693130493164,-155.86618041992188,(,(
36.793487548828125,47.37894821166992,identifier,HttpServletRequest
14.685184478759766,-31.2437686920166,identifier,request
90.85340881347656,-87.86106872558594,",",","
38.300872802734375,47.35870361328125,identifier,HttpServletResponse
12.305442810058594,-42.516090393066406,identifier,response
85.06864929199219,-90.45893859863281,",",","
36.267738342285156,24.256317138671875,identifier,AccessDeniedException
36.34304428100586,23.619001388549805,identifier,accessDeniedException
-8.418478965759277,-227.0126190185547,),)
-18.22466278076172,54.65931701660156,identifier,IOException
82.27263641357422,-92.93751525878906,",",","
36.432106018066406,46.3641357421875,identifier,ServletException
-142.6676788330078,5.433294296264648,{,{
156.6175537109375,24.99090576171875,if,if
-178.09194946289062,-52.69192886352539,(,(
11.548721313476562,-42.23183059692383,identifier,response
50.64297866821289,133.16603088378906,.,.
35.82450485229492,4.160449981689453,identifier,isCommitted
-94.7626953125,-97.07879638671875,(,(
22.3085994720459,-155.52413940429688,),)
-52.98698043823242,112.33908081054688,),)
-115.64762878417969,135.6759796142578,{,{
156.97877502441406,26.219934463500977,if,if
-170.50967407226562,-50.87578201293945,(,(
36.7159423828125,-3.0331661701202393,identifier,errorPage
116.05844116210938,-10.446467399597168,!=,!=
-46.093570709228516,107.33544158935547,),)
-114.14421844482422,140.1509552001953,{,{
14.559489250183105,-30.536413192749023,identifier,request
58.037811279296875,110.64850616455078,.,.
63.769775390625,28.880859375,identifier,setAttribute
-90.51864624023438,-45.328487396240234,(,(
27.921144485473633,12.181687355041504,identifier,WebAttributes
35.70229721069336,154.220458984375,.,.
21.40195655822754,14.273665428161621,identifier,ACCESS_DENIED_403
62.4102668762207,-52.67872619628906,",",","
36.339385986328125,23.55052375793457,identifier,accessDeniedException
0.38563546538352966,-93.86178588867188,),)
-107.9732437133789,68.08953857421875,;,;
11.270207405090332,-41.93894958496094,identifier,response
58.34038162231445,110.68876647949219,.,.
49.977821350097656,0.7017189264297485,identifier,setStatus
-89.9853286743164,-46.802162170410156,(,(
40.055694580078125,41.54038619995117,identifier,HttpStatus
40.16518783569336,154.3015899658203,.,.
41.459877014160156,27.348739624023438,identifier,FORBIDDEN
43.47863006591797,137.0364990234375,.,.
20.536516189575195,-51.160118103027344,identifier,value
-107.73896789550781,-98.57689666748047,(,(
17.003662109375,-156.5275421142578,),)
-11.348052024841309,-91.15119171142578,),)
-113.36915588378906,57.93035888671875,;,;
34.43974304199219,42.3836669921875,identifier,RequestDispatcher
22.444358825683594,-30.36085319519043,identifier,dispatcher
125.76644897460938,-60.83901596069336,=,=
14.837182998657227,-30.281024932861328,identifier,request
59.56122970581055,136.8629913330078,.,.
35.11634826660156,42.898136138916016,identifier,getRequestDispatcher
-103.3182144165039,-56.3681640625,(,(
36.71278381347656,-3.027644395828247,identifier,errorPage
0.7638090252876282,-100.80794525146484,),)
-110.29975891113281,69.8997573852539,;,;
22.958166122436523,-29.946163177490234,identifier,dispatcher
58.98746871948242,118.19457244873047,.,.
32.35782241821289,-5.361015796661377,identifier,forward
-101.30445861816406,-49.399452209472656,(,(
15.349055290222168,-30.950788497924805,identifier,request
58.89420700073242,-48.74433517456055,",",","
12.201013565063477,-41.50084686279297,identifier,response
-6.095913887023926,-99.0687026977539,),)
-170.36183166503906,58.27019119262695,;,;
-32.45610046386719,168.9160614013672,},}
-34.65995788574219,150.4654998779297,else,else
-103.11415100097656,137.20326232910156,{,{
11.188965797424316,-41.66828155517578,identifier,response
59.56980514526367,110.69795989990234,.,.
51.169349670410156,-0.09685990959405899,identifier,sendError
-88.02287292480469,-48.157386779785156,(,(
40.0559196472168,41.54111099243164,identifier,HttpStatus
40.143035888671875,154.32571411132812,.,.
41.460693359375,27.34847640991211,identifier,FORBIDDEN
43.434566497802734,136.99668884277344,.,.
20.49615478515625,-51.15559768676758,identifier,value
-107.96806335449219,-98.50389099121094,(,(
12.14169692993164,-155.8891143798828,),)
66.06643676757812,-44.070552825927734,",",","
40.05497360229492,41.54239273071289,identifier,HttpStatus
40.04884719848633,154.33741760253906,.,.
41.45981216430664,27.348712921142578,identifier,FORBIDDEN
56.87655258178711,144.32911682128906,.,.
23.684062957763672,12.670049667358398,identifier,getReasonPhrase
-110.61172485351562,-98.51858520507812,(,(
14.42138957977295,-153.13059997558594,),)
-13.677733421325684,-96.8228988647461,),)
-177.84242248535156,53.79457092285156,;,;
-19.10319709777832,188.2367401123047,},}
-24.47223663330078,187.3366241455078,},}
-244.69786071777344,0.35210564732551575,},}
67.29010772705078,-25.93583869934082,identifier,stop
-63.1175537109375,-156.319091796875,(,(
42.36551284790039,-11.186352729797363,identifier,timeout
-10.63679313659668,-223.98760986328125,),)
36.73628234863281,33.01137924194336,identifier,InterruptedException
-144.74615478515625,4.821199893951416,{,{
152.5403594970703,24.342498779296875,if,if
-178.1782684326172,-51.66579055786133,(,(
34.25180435180664,3.524843692779541,identifier,isclosed
55.76311111450195,125.89614868164062,.,.
65.47313690185547,16.72368812561035,identifier,compareAndSet
-103.16930389404297,-66.29370880126953,(,(
63.54854202270508,-58.89663314819336,",",","
-5.961599826812744,-126.15336608886719,),)
-52.12001037597656,108.84577941894531,),)
-109.1944808959961,153.3865509033203,{,{
139.28453063964844,108.10477447509766,return,return
-161.57147216796875,50.990325927734375,;,;
-21.77847671508789,167.76058959960938,},}
66.87211608886719,52.67293930053711,identifier,List
184.35162353515625,-45.48953628540039,<,<
23.871185302734375,37.49601745605469,identifier,WebSocket
182.42234802246094,-12.61528205871582,>,>
-3.6695117950439453,11.545065879821777,identifier,socketsToClose
-104.5812759399414,47.33711242675781,;,;
-168.34716796875,-45.705413818359375,(,(
38.24551773071289,-25.432947158813477,identifier,connections
-39.49367141723633,106.94129180908203,),)
-113.43909454345703,142.2833709716797,{,{
-3.666287422180176,11.542704582214355,identifier,socketsToClose
123.00370788574219,-63.59157943725586,=,=
109.03929138183594,43.88053512573242,new,new
64.68943786621094,50.27320861816406,identifier,ArrayList
185.16342163085938,-43.459068298339844,<,<
23.873363494873047,37.49617004394531,identifier,WebSocket
183.6844024658203,-16.343469619750977,>,>
-90.95247650146484,-61.871883392333984,(,(
38.24488830566406,-25.434356689453125,identifier,connections
-0.1946992129087448,-97.10933685302734,),)
-167.27581787109375,62.023101806640625,;,;
-26.016319274902344,170.6915740966797,},}
171.11428833007812,31.503210067749023,for,for
-158.99630737304688,-45.50377655029297,(,(
23.870893478393555,37.495723724365234,identifier,WebSocket
22.149311065673828,-10.315038681030273,identifier,ws
-3.6680705547332764,11.534317970275879,identifier,socketsToClose
-38.99059295654297,114.33416748046875,),)
-112.11260223388672,141.51800537109375,{,{
22.276308059692383,-10.211570739746094,identifier,ws
57.09001922607422,117.99156951904297,.,.
71.82894134521484,-30.73722267150879,identifier,close
-92.94236755371094,-46.79703903198242,(,(
28.633169174194336,11.458352088928223,identifier,CloseFrame
36.60883712768555,155.0557403564453,.,.
19.86511993408203,15.504890441894531,identifier,GOING_AWAY
3.4358103275299072,-104.79835510253906,),)
-168.13539123535156,60.664794921875,;,;
-23.677167892456055,173.81085205078125,},}
22.500324249267578,-10.022049903869629,identifier,wsf
61.265716552734375,118.45793151855469,.,.
71.85454559326172,-30.792760848999023,identifier,close
-107.04551696777344,-88.09021759033203,(,(
35.39252853393555,-147.0026092529297,),)
-118.54315948486328,48.71778106689453,;,;
-168.05783081054688,-45.721649169921875,(,(
-38.592506408691406,111.93732452392578,),)
-109.66638946533203,134.4071502685547,{,{
158.4034423828125,36.79315185546875,if,if
-165.60801696777344,-54.890743255615234,(,(
37.60963821411133,-5.885079860687256,identifier,selectorthread
118.20404052734375,-10.575360298156738,!=,!=
38.518768310546875,-6.2956976890563965,identifier,selector
117.912841796875,-9.78021240234375,!=,!=
-42.81692123413086,111.0870132446289,),)
-108.39559173583984,141.3146514892578,{,{
38.52457046508789,-6.301633358001709,identifier,selector
58.86002731323242,117.36328887939453,.,.
30.77838706970215,8.007600784301758,identifier,wakeup
-107.00782012939453,-86.4731674194336,(,(
35.44483947753906,-144.299072265625,),)
-112.85408020019531,71.73535919189453,;,;
37.62723159790039,-5.896248817443848,identifier,selectorthread
58.635257720947266,116.82128143310547,.,.
33.43425750732422,4.9797749519348145,identifier,join
-101.52877807617188,-46.81698226928711,(,(
42.4019775390625,-11.223819732666016,identifier,timeout
-7.539617538452148,-104.74452209472656,),)
-177.3037567138672,54.84556198120117,;,;
-18.325037002563477,188.86962890625,},}
-23.512475967407227,187.04638671875,},}
-243.5963592529297,-0.4697359800338745,},}
47.079368591308594,-12.460065841674805,identifier,ProcessResult
50.9697265625,-7.324602127075195,identifier,run
-60.170101165771484,-159.20333862304688,(,(
48.333580017089844,-13.163909912109375,identifier,Process
49.58319854736328,-13.157028198242188,identifier,process
-9.567261695861816,-223.63095092773438,),)
36.73365020751953,33.0086784362793,identifier,InterruptedException
-141.7116241455078,2.203248977661133,{,{
34.17344665527344,34.9792594909668,identifier,ByteArrayOutputStream
11.110723495483398,-23.052921295166016,identifier,baos
134.97555541992188,-66.97286987304688,=,=
110.22358703613281,46.54698944091797,new,new
34.1754035949707,34.977333068847656,identifier,ByteArrayOutputStream
-95.56893157958984,-85.6873779296875,(,(
40.31284713745117,-154.41957092285156,),)
-104.67218017578125,57.1666145324707,;,;
7.198951721191406,26.81161880493164,identifier,StreamGobbler
6.419671535491943,26.33481788635254,identifier,outputGobbler
131.02088928222656,-65.70134735107422,=,=
110.29820251464844,43.77436447143555,new,new
7.023777961730957,27.076976776123047,identifier,StreamGobbler
-91.68842315673828,-58.308868408203125,(,(
49.8046875,-13.434804916381836,identifier,process
54.477664947509766,139.52005004882812,.,.
48.22332000732422,37.02157211303711,identifier,getInputStream
-104.77992248535156,-101.85958862304688,(,(
13.524084091186523,-159.43768310546875,),)
62.8036994934082,-40.23737335205078,",",","
11.119894027709961,-23.055768966674805,identifier,baos
51.419498443603516,-48.03373336791992,",",","
15.361701965332031,12.827558517456055,identifier,OUTPUT_PREFIX
0.9749066829681396,-92.43507385253906,),)
-108.61277770996094,58.84428024291992,;,;
7.048557758331299,26.93575096130371,identifier,StreamGobbler
6.258871555328369,26.435205459594727,identifier,errorGobbler
130.46592712402344,-65.48426818847656,=,=
110.595947265625,43.419281005859375,new,new
6.902895450592041,27.15662956237793,identifier,StreamGobbler
-91.77760314941406,-58.112674713134766,(,(
49.8184928894043,-13.452335357666016,identifier,process
54.56499481201172,139.5772247314453,.,.
25.668682098388672,4.821126461029053,identifier,getErrorStream
-104.85098266601562,-101.7941665649414,(,(
13.405302047729492,-159.1126251220703,),)
62.91845703125,-40.47454071044922,",",","
11.121745109558105,-23.055185317993164,identifier,baos
51.41947937011719,-48.0238151550293,",",","
15.420438766479492,12.694953918457031,identifier,ERROR_PREFIX
0.8007933497428894,-92.4294204711914,),)
-108.71282958984375,65.7878189086914,;,;
6.033843517303467,26.990571975708008,identifier,outputGobbler
53.609710693359375,118.39710998535156,.,.
63.817752838134766,-29.154125213623047,identifier,start
-106.02052307128906,-88.39328002929688,(,(
34.531158447265625,-146.72503662109375,),)
-109.44527435302734,66.1812515258789,;,;
5.883600234985352,27.06821632385254,identifier,errorGobbler
53.59187316894531,118.46925354003906,.,.
63.81149673461914,-29.155059814453125,identifier,start
-106.13740539550781,-88.39705657958984,(,(
34.59032440185547,-146.54766845703125,),)
-112.17694091796875,61.661685943603516,;,;
-32.847476959228516,-58.83670425415039,identifier,result
126.69187927246094,-57.561309814453125,=,=
49.80168914794922,-13.453089714050293,identifier,process
54.37839889526367,120.94003295898438,.,.
58.92012023925781,-8.30679988861084,identifier,waitFor
-106.96979522705078,-90.25112915039062,(,(
33.99581527709961,-146.1396026611328,),)
-110.2098159790039,67.0881576538086,;,;
5.86592435836792,27.117238998413086,identifier,outputGobbler
54.046875,118.91616821289062,.,.
58.91935729980469,-8.306275367736816,identifier,waitFor
-107.19013214111328,-90.10108184814453,(,(
34.22003173828125,-145.71142578125,),)
-110.08998107910156,66.86939239501953,;,;
5.719979286193848,27.17420196533203,identifier,errorGobbler
54.09342956542969,118.92938995361328,.,.
58.9185905456543,-8.305903434753418,identifier,waitFor
-107.35881042480469,-90.02249145507812,(,(
34.359886169433594,-145.34596252441406,),)
-118.75032043457031,66.58895111083984,;,;
135.8500213623047,119.44517517089844,return,return
113.6463851928711,40.80312728881836,new,new
47.14024353027344,-12.562772750854492,identifier,ProcessResult
-94.9500732421875,-53.91983413696289,(,(
-31.68303680419922,-60.054447174072266,identifier,result
60.13172912597656,-45.43510055541992,",",","
11.121221542358398,-23.0554141998291,identifier,baos
47.04193115234375,136.51736450195312,.,.
76.5046157836914,41.8736572265625,identifier,toString
-112.3979263305664,-95.04100799560547,(,(
13.485445022583008,-152.653564453125,),)
-14.297457695007324,-98.03347778320312,),)
-181.79827880859375,48.013885498046875,;,;
-239.75582885742188,-7.8881425857543945,},}
45.831058502197266,8.22143268585205,identifier,returnObject
-64.1159896850586,-157.07666015625,(,(
85.58245086669922,57.83090591430664,identifier,Object
9.328523635864258,-13.431396484375,identifier,cached
-13.267924308776855,-222.94354248046875,),)
-151.44313049316406,4.021019458770752,{,{
-107.48458099365234,126.73719024658203,{,{
164.10995483398438,28.331697463989258,while,while
-178.7256622314453,-53.57631301879883,(,(
41.13488006591797,1.17046320438385,identifier,cacheLock
55.782920837402344,125.93415832519531,.,.
65.47370910644531,16.72515869140625,identifier,compareAndSet
-103.16514587402344,-66.29875946044922,(,(
63.54124069213867,-58.894107818603516,",",","
-5.963310241699219,-126.12374877929688,),)
-53.03226089477539,110.75811767578125,),)
-108.46629333496094,154.36788940429688,{,{
-23.225095748901367,167.25851440429688,},}
66.81629943847656,52.59819793701172,identifier,List
184.70526123046875,-45.120086669921875,<,<
25.254465103149414,41.15517044067383,identifier,SoftReference
182.4295654296875,-13.711393356323242,>,>
-37.42680358886719,19.267236709594727,identifier,li
133.30845642089844,-60.103668212890625,=,=
9.444730758666992,-11.414399147033691,identifier,cachedObjects
52.495018005371094,126.39541625976562,.,.
61.897216796875,19.769306182861328,identifier,get
-103.83930969238281,-59.71285629272461,(,(
9.343290328979492,-13.329237937927246,identifier,cached
51.11538314819336,139.95761108398438,.,.
7.587670803070068,61.89054870605469,identifier,getClass
-105.80609893798828,-103.31095886230469,(,(
16.762073516845703,-158.1193389892578,),)
-10.323870658874512,-89.54518127441406,),)
-115.0859603881836,44.55935287475586,;,;
155.15402221679688,31.94883155822754,if,if
-168.71205139160156,-51.73894500732422,(,(
-37.097511291503906,19.250415802001953,identifier,li
105.71974182128906,-13.571823120117188,==,==
-45.142433166503906,107.99391174316406,),)
-111.67359924316406,143.4833984375,{,{
-37.094852447509766,19.25769805908203,identifier,li
123.08218383789062,-62.74052047729492,=,=
109.0068130493164,43.74257278442383,new,new
64.6941909790039,50.27336120605469,identifier,ArrayList
185.25076293945312,-43.32682418823242,<,<
25.257755279541016,41.15615463256836,identifier,SoftReference
183.4122772216797,-16.069547653198242,>,>
-92.79378509521484,-85.51830291748047,(,(
38.148712158203125,-148.3603515625,),)
-109.06376647949219,69.30583953857422,;,;
9.442795753479004,-11.41137409210205,identifier,cachedObjects
54.8607177734375,115.6878890991211,.,.
70.3830337524414,19.355928421020508,identifier,put
-95.14293670654297,-43.53499984741211,(,(
9.342475891113281,-13.322064399719238,identifier,cached
51.11207962036133,139.98487854003906,.,.
7.57808780670166,61.89057540893555,identifier,getClass
-106.07403564453125,-103.30369567871094,(,(
13.538043975830078,-157.66043090820312,),)
64.89793395996094,-43.186866760253906,",",","
-37.01921081542969,19.241687774658203,identifier,li
-5.877162456512451,-97.43611907958984,),)
-169.88980102539062,60.116172790527344,;,;
-25.05982780456543,173.7977294921875,},}
150.8314208984375,36.747642517089844,if,if
-167.1502685546875,-57.38636016845703,(,(
-36.91562271118164,19.24553108215332,identifier,li
42.36176300048828,128.14857482910156,.,.
22.38978385925293,80.7597885131836,identifier,size
-99.01713562011719,-101.00995635986328,(,(
24.763124465942383,-148.79530334472656,),)
114.70467376708984,-26.99530029296875,<,<
-60.48838806152344,101.74034118652344,),)
-36.84524154663086,19.252872467041016,identifier,li
56.13573455810547,113.47079467773438,.,.
70.422607421875,12.87780475616455,identifier,add
-94.87460327148438,-44.515254974365234,(,(
110.68980407714844,40.751609802246094,new,new
25.260150909423828,41.15658950805664,identifier,SoftReference
-106.87772369384766,-51.42341613769531,(,(
9.33573055267334,-13.3688325881958,identifier,cached
-4.351985931396484,-120.39680480957031,),)
-14.31828784942627,-95.12635803222656,),)
-172.35691833496094,56.94883728027344,;,;
-34.36225509643555,172.04722595214844,},}
-101.71431732177734,138.218017578125,{,{
41.10165786743164,1.1179070472717285,identifier,cacheLock
60.73432922363281,117.34080505371094,.,.
62.99954605102539,14.90909194946289,identifier,set
-100.45084381103516,-44.09881591796875,(,(
-7.230007648468018,-108.06150817871094,),)
-179.3809814453125,52.744510650634766,;,;
-21.11776351928711,190.90716552734375,},}
-245.77630615234375,-0.19002918899059296,},}
40.535240173339844,18.026880264282227,identifier,findServices
-60.708465576171875,-158.16122436523438,(,(
67.04678344726562,53.42546844482422,identifier,List
183.29249572753906,-46.083255767822266,<,<
19.74711036682129,39.605995178222656,identifier,InvService
183.42886352539062,-11.851481437683105,>,>
-32.90839767456055,-59.61385726928711,identifier,result
88.32349395751953,-90.78414916992188,",",","
21.128084182739258,40.335079193115234,identifier,InvDataset
-4.372283458709717,-32.6099853515625,identifier,ds
-13.316858291625977,-226.38070678710938,),)
-149.47348022460938,2.5546152591705322,{,{
153.65164184570312,23.263669967651367,if,if
-175.20938110351562,-48.58024978637695,(,(
-4.368875503540039,-32.598209381103516,identifier,ds
20.158851623535156,38.9101676940918,identifier,InvCatalogRef
-56.17988204956055,102.04672241210938,),)
140.35543823242188,108.14972686767578,return,return
-113.3572769165039,50.5490837097168,;,;
169.44979858398438,30.760404586791992,for,for
-159.71463012695312,-44.29988479614258,(,(
20.074180603027344,39.4805793762207,identifier,InvAccess
-4.8698835372924805,-45.663272857666016,identifier,a
-4.344357967376709,-32.56441879272461,identifier,ds
57.860198974609375,138.71339416503906,.,.
35.000240325927734,22.063709259033203,identifier,getAccess
-100.82770538330078,-97.00907897949219,(,(
20.44861602783203,-155.008056640625,),)
-52.12666320800781,114.94419860839844,),)
-113.74364471435547,136.44166564941406,{,{
19.83420181274414,39.57139205932617,identifier,InvService
-9.400589942932129,-41.899539947509766,identifier,s
130.78236389160156,-57.285404205322266,=,=
-4.095043182373047,-44.55192947387695,identifier,a
58.970802307128906,138.15487670898438,.,.
15.107649803161621,41.129032135009766,identifier,getService
-99.74778747558594,-93.91974639892578,(,(
36.109962463378906,-150.64117431640625,),)
-112.885986328125,55.96862030029297,;,;
21.116819381713867,40.32876968383789,identifier,InvDataset
-2.942340850830078,-36.821189880371094,identifier,d
130.5956268310547,-57.31172180175781,=,=
-4.0542168617248535,-44.46610641479492,identifier,a
59.0338020324707,138.18084716796875,.,.
22.966482162475586,15.817602157592773,identifier,getDataset
-100.24004364013672,-93.7894515991211,(,(
35.91954040527344,-150.21600341796875,),)
-116.85697937011719,42.713523864746094,;,;
155.37620544433594,35.33815383911133,if,if
-171.62088012695312,-59.0314826965332,(,(
101.78482055664062,-12.836210250854492,==,==
-3.5299813747406006,-37.14072036743164,identifier,d
56.321189880371094,129.054443359375,.,.
40.48937225341797,18.067245483398438,identifier,findService
-100.10196685791016,-56.18995666503906,(,(
-9.133013725280762,-40.58927917480469,identifier,s
52.81182098388672,140.9899139404297,.,.
-18.27523422241211,-20.791160583496094,identifier,getName
-107.68228912353516,-102.5085678100586,(,(
15.732937812805176,-157.32241821289062,),)
-15.314797401428223,-116.02972412109375,),)
-117.83119201660156,-55.68609619140625,(,(
-30.927927017211914,-58.447288513183594,identifier,result
43.21772766113281,126.78907012939453,.,.
58.51515197753906,31.542118072509766,identifier,contains
-110.29322814941406,-55.97216033935547,(,(
-9.273513793945312,-40.527652740478516,identifier,s
-3.7000107765197754,-121.24368286132812,),)
-13.466294288635254,-115.38678741455078,),)
-60.01411437988281,101.7214126586914,),)
-31.103065490722656,-57.80973434448242,identifier,result
56.00358581542969,113.63722229003906,.,.
70.60943603515625,12.943343162536621,identifier,add
-98.27232360839844,-45.243045806884766,(,(
-9.353614807128906,-40.56924819946289,identifier,s
-5.297056198120117,-103.30905151367188,),)
-171.67922973632812,59.024295806884766,;,;
-25.433612823486328,177.9906005859375,},}
172.38491821289062,31.04700469970703,for,for
-158.8810577392578,-46.80659103393555,(,(
21.132896423339844,40.34054183959961,identifier,InvDataset
29.24315071105957,-12.588754653930664,identifier,nested
-4.323580741882324,-32.53730392456055,identifier,ds
58.841392517089844,140.7726593017578,.,.
23.13707160949707,15.583831787109375,identifier,getDatasets
-108.55333709716797,-95.37051391601562,(,(
17.58879280090332,-152.55496215820312,),)
-49.464298248291016,116.6582260131836,),)
-106.54253387451172,139.87315368652344,{,{
40.55195999145508,18.072643280029297,identifier,findServices
-99.73882293701172,-51.364051818847656,(,(
-31.560619354248047,-59.846431732177734,identifier,result
60.53473663330078,-46.31460189819336,",",","
29.24479103088379,-12.593594551086426,identifier,nested
-9.41739273071289,-103.6091537475586,),)
-178.84896850585938,53.97252655029297,;,;
-20.48734474182129,190.3997802734375,},}
-243.39373779296875,-0.06627266854047775,},}
177.9154510498047,-41.23189926147461,<,<
-5.609044075012207,68.22892761230469,identifier,T
184.7955322265625,-9.170575141906738,>,>
-4.1902923583984375,68.29934692382812,identifier,T
35.67770767211914,20.32339096069336,identifier,accessMember
-61.05176544189453,-161.64501953125,(,(
27.605764389038086,17.081085205078125,identifier,AccessibleObject
-9.625686645507812,-28.07982635498047,identifier,member
88.26839447021484,-91.83305358886719,",",","
29.833044052124023,-9.741644859313965,identifier,Callable
180.35157775878906,-42.10136795043945,<,<
-5.431774616241455,67.52886962890625,identifier,T
185.57667541503906,-13.0040922164917,>,>
29.40608787536621,-9.610346794128418,identifier,callable
86.98078918457031,-90.76676940917969,",",","
89.5928726196289,74.42735290527344,identifier,String
60.782344818115234,-18.204513549804688,identifier,errorMessage
-12.569648742675781,-228.88693237304688,),)
-148.4868621826172,4.099578380584717,{,{
153.3136444091797,24.91240882873535,if,if
-174.02503967285156,-49.15895462036133,(,(
29.402536392211914,-9.607619285583496,identifier,callable
104.41606903076172,-12.820475578308105,==,==
-46.91521072387695,104.87033081054688,),)
-109.91667938232422,152.0668182373047,{,{
139.86618041992188,110.16838073730469,return,return
-162.47512817382812,52.78958511352539,;,;
-22.871509552001953,168.514892578125,},}
138.48875427246094,119.22383117675781,return,return
39.76700210571289,30.579421997070312,identifier,AccessController
63.362754821777344,126.64513397216797,.,.
39.73714828491211,30.571659088134766,identifier,doPrivileged
-88.63829803466797,-53.650733947753906,(,(
-121.44799041748047,-54.30192184448242,(,(
39.394676208496094,30.563241958618164,identifier,PrivilegedAction
180.93939208984375,-41.686458587646484,<,<
-5.433846473693848,67.16352844238281,identifier,T
185.48448181152344,-14.738566398620605,>,>
3.9769444465637207,-117.35202026367188,),)
-93.48992156982422,-93.00872039794922,(,(
30.880582809448242,-157.7238006591797,),)
-112.2654800415039,130.4805145263672,{,{
38.15055847167969,2.384335994720459,identifier,wasAccessible
128.95094299316406,-57.329368591308594,=,=
-9.691242218017578,-28.047731399536133,identifier,member
56.452117919921875,130.47915649414062,.,.
37.91522216796875,2.7133116722106934,identifier,isAccessible
-101.42652130126953,-92.61856079101562,(,(
36.032657623291016,-149.32708740234375,),)
-118.74993896484375,46.133968353271484,;,;
-104.22650909423828,128.02589416503906,{,{
-9.69472599029541,-28.04576301574707,identifier,member
55.7948112487793,119.4549331665039,.,.
49.29458999633789,18.52005958557129,identifier,setAccessible
-100.71076202392578,-67.12060546875,(,(
6.897662162780762,-100.59730529785156,),)
-120.27114868164062,61.5842399597168,;,;
138.09771728515625,117.15199279785156,return,return
29.376298904418945,-9.597616195678711,identifier,callable
56.35008239746094,120.11369323730469,.,.
28.06380271911621,2.201822280883789,identifier,call
-105.21265411376953,-87.25251007080078,(,(
37.14271926879883,-146.07235717773438,),)
-167.7919158935547,56.85395812988281,;,;
-36.649295806884766,170.68362426757812,},}
-155.06651306152344,-51.352333068847656,(,(
28.790477752685547,-65.3725357055664,identifier,Exception
27.248516082763672,-69.65096282958984,identifier,exception
-36.14423751831055,109.75579833984375,),)
-104.00762176513672,145.60232543945312,{,{
118.52386474609375,41.353424072265625,new,new
40.071659088134766,35.268310546875,identifier,IllegalStateException
-92.60633850097656,-55.19681930541992,(,(
60.780574798583984,-18.205533981323242,identifier,errorMessage
58.81882858276367,-47.915557861328125,",",","
27.238359451293945,-69.65384674072266,identifier,exception
-7.068417549133301,-99.16865539550781,),)
-170.07354736328125,55.74192810058594,;,;
-35.13722610473633,169.70668029785156,},}
-101.21277618408203,137.9950408935547,{,{
-9.696258544921875,-28.04494857788086,identifier,member
55.744483947753906,119.25685119628906,.,.
49.295494079589844,18.519214630126953,identifier,setAccessible
-100.67817687988281,-47.02696990966797,(,(
38.10874938964844,2.432889938354492,identifier,wasAccessible
-7.29724645614624,-103.95520782470703,),)
-174.6580047607422,55.03820037841797,;,;
-18.164052963256836,188.10243225097656,},}
-16.695022583007812,180.3549346923828,},}
-17.35856056213379,-101.56090545654297,),)
-183.8056640625,48.31222915649414,;,;
-244.92323303222656,-6.284268379211426,},}
47.300941467285156,16.44464111328125,identifier,create
-67.24485778808594,-155.1077880859375,(,(
-13.231640815734863,-218.05120849609375,),)
-150.48956298828125,-1.7018334865570068,{,{
58.352542877197266,54.17603302001953,identifier,ConcurrentHashMap
182.53480529785156,-42.685874938964844,<,<
90.22457122802734,65.96343231201172,identifier,String
71.07876586914062,-63.81196594238281,",",","
4.156617164611816,19.223337173461914,identifier,UsageParamSetLocalData
181.53024291992188,-12.543709754943848,>,>
1.148566722869873,17.87649917602539,identifier,notificationSourceUsageParamSets
135.91146850585938,-62.11136245727539,=,=
1.64198899269104,18.21206283569336,identifier,notificationSourceUsageParamSetsMap
53.47438430786133,126.17902374267578,.,.
62.25276184082031,19.191659927368164,identifier,get
-103.68409729003906,-60.74721145629883,(,(
-0.7906204462051392,20.115554809570312,identifier,notificationSource
6.72243070602417,-96.53881072998047,),)
-112.62647247314453,44.970458984375,;,;
155.7413330078125,28.267269134521484,if,if
-172.55142211914062,-50.91145706176758,(,(
1.0472698211669922,18.54526138305664,identifier,notificationSourceUsageParamSets
105.62274932861328,-12.211353302001953,==,==
-47.64044952392578,105.93439483642578,),)
-115.09078979492188,137.6702117919922,{,{
58.34783172607422,54.171470642089844,identifier,ConcurrentHashMap
183.1537628173828,-42.30198287963867,<,<
89.57029724121094,65.82051086425781,identifier,String
70.29523468017578,-63.489498138427734,",",","
4.041011810302734,19.247385025024414,identifier,UsageParamSetLocalData
181.01416015625,-13.616122245788574,>,>
1.7927370071411133,18.360031127929688,identifier,newNotificationSourceUsageParamSets
129.72122192382812,-66.36182403564453,=,=
108.23358154296875,44.18076705932617,new,new
58.349952697753906,54.16282272338867,identifier,ConcurrentHashMap
183.5590362548828,-42.059139251708984,<,<
89.38579559326172,65.59236145019531,identifier,String
69.75325775146484,-63.59855651855469,",",","
3.9465579986572266,19.2465763092041,identifier,UsageParamSetLocalData
182.89703369140625,-16.44147491455078,>,>
-92.68900299072266,-85.5815658569336,(,(
38.66737747192383,-148.9346466064453,),)
-108.21217346191406,61.457374572753906,;,;
0.8190675973892212,18.430633544921875,identifier,notificationSourceUsageParamSets
128.5089111328125,-58.86007308959961,=,=
1.487139105796814,18.707366943359375,identifier,notificationSourceUsageParamSetsMap
52.83014678955078,124.26201629638672,.,.
67.03718566894531,19.963977813720703,identifier,putIfAbsent
-98.10810089111328,-41.5988655090332,(,(
-0.7811577320098877,20.112533569335938,identifier,notificationSource
57.3338737487793,-51.08494567871094,",",","
1.8480027914047241,18.95607566833496,identifier,newNotificationSourceUsageParamSets
0.9479669332504272,-94.64134216308594,),)
-116.83899688720703,44.7847900390625,;,;
157.8942413330078,34.10574722290039,if,if
-168.77420043945312,-53.44157409667969,(,(
0.9257567524909973,19.01627540588379,identifier,notificationSourceUsageParamSets
106.97018432617188,-13.503405570983887,==,==
-43.78902816772461,107.63899993896484,),)
-110.54478454589844,144.96060180664062,{,{
0.6844091415405273,18.895973205566406,identifier,notificationSourceUsageParamSets
121.45994567871094,-61.838890075683594,=,=
1.7916259765625,19.150514602661133,identifier,newNotificationSourceUsageParamSets
-171.74118041992188,62.774803161621094,;,;
-14.800554275512695,186.53558349609375,},}
-26.404815673828125,179.24819946289062,},}
148.982421875,36.79106903076172,if,if
-173.12136840820312,-58.51456832885742,(,(
0.9551257491111755,19.324642181396484,identifier,notificationSourceUsageParamSets
47.183658599853516,130.68714904785156,.,.
66.02051544189453,24.098861694335938,identifier,containsKey
-110.30570220947266,-59.57062530517578,(,(
1.951881766319275,21.24018669128418,identifier,usageParameterSetName
-6.671409606933594,-120.44152069091797,),)
-47.97576141357422,114.58081817626953,),)
-106.67060852050781,147.47714233398438,{,{
138.5939483642578,116.40135192871094,return,return
1.0288196802139282,19.504642486572266,identifier,notificationSourceUsageParamSets
52.61268997192383,123.82203674316406,.,.
67.04723358154297,19.96437644958496,identifier,putIfAbsent
-97.78352355957031,-42.05028533935547,(,(
1.9260520935058594,21.21505355834961,identifier,usageParameterSetName
62.994537353515625,-50.034969329833984,",",","
110.37290954589844,40.481605529785156,new,new
3.8652477264404297,19.286924362182617,identifier,UsageParamSetLocalData
-107.0786361694336,-51.45387649536133,(,(
1.9158439636230469,21.221086502075195,identifier,usageParameterSetName
-4.452575206756592,-119.64968872070312,),)
-16.016788482666016,-113.4853515625,),)
107.92750549316406,-14.326414108276367,==,==
-171.98776245117188,53.60798645019531,;,;
-32.843597412109375,168.78150939941406,},}
-34.852439880371094,151.02708435058594,else,else
-102.8725814819336,139.24044799804688,{,{
134.95457458496094,114.05030822753906,return,return
-176.75509643554688,46.85600662231445,;,;
-20.062471389770508,191.40093994140625,},}
-244.37904357910156,-2.9098877906799316,},}
16.479896545410156,25.324636459350586,identifier,PlaneNormal3D_F64
47.51572036743164,1.4778271913528442,identifier,convert
-59.02128982543945,-162.01527404785156,(,(
16.65875816345215,25.444467544555664,identifier,Se3_F64
-6.666988849639893,34.658355712890625,identifier,planeToWorld
90.73942565917969,-92.77017211914062,",",","
16.47110939025879,25.33196258544922,identifier,PlaneNormal3D_F64
-20.74323272705078,-62.49601745605469,identifier,output
-15.028564453125,-228.11997985839844,),)
-148.7506561279297,2.8110413551330566,{,{
155.0691680908203,22.609397888183594,if,if
-174.07882690429688,-48.15453338623047,(,(
-20.89306640625,-62.16379928588867,identifier,output
105.27085876464844,-11.7022705078125,==,==
-57.60770034790039,100.75514221191406,),)
-20.874000549316406,-61.994285583496094,identifier,output
132.27334594726562,-68.8009033203125,=,=
112.35802459716797,44.50444412231445,new,new
16.463449478149414,25.30221176147461,identifier,PlaneNormal3D_F64
-95.67057800292969,-86.33931732177734,(,(
39.1538200378418,-153.99098205566406,),)
-107.49589538574219,62.46583938598633,;,;
-21.368452072143555,-61.69131851196289,identifier,output
49.51475143432617,106.95573425292969,.,.
34.875179290771484,-28.528640747070312,identifier,n
48.003089904785156,107.68793487548828,.,.
42.26329040527344,-26.665849685668945,identifier,x
121.06002807617188,-54.753360748291016,=,=
-6.3334503173828125,34.905460357666016,identifier,planeToWorld
39.02544021606445,147.98037719726562,.,.
34.1409912109375,52.37080764770508,identifier,R
47.47333908081055,111.45211791992188,.,.
55.78578567504883,18.069448471069336,identifier,unsafe_get
-102.13198852539062,-68.91981506347656,(,(
61.63557434082031,-58.063873291015625,",",","
5.575247764587402,-101.97938537597656,),)
-108.37703704833984,63.030555725097656,;,;
-21.42136001586914,-61.73794937133789,identifier,output
49.56684494018555,106.94599151611328,.,.
34.8876838684082,-28.49796485900879,identifier,n
48.02040481567383,107.68148803710938,.,.
43.69820785522461,-26.06680679321289,identifier,y
121.0925064086914,-54.86089324951172,=,=
-6.208099842071533,35.03439712524414,identifier,planeToWorld
38.93196487426758,147.9590606689453,.,.
34.140296936035156,52.37103271484375,identifier,R
47.47240447998047,111.45343780517578,.,.
55.786468505859375,18.066802978515625,identifier,unsafe_get
-101.86174011230469,-68.92859649658203,(,(
61.54015350341797,-58.101131439208984,",",","
5.438972473144531,-102.07591247558594,),)
-109.15589141845703,63.533504486083984,;,;
-21.459375381469727,-61.76864242553711,identifier,output
49.6648063659668,106.92047119140625,.,.
34.908782958984375,-28.453737258911133,identifier,n
48.00628662109375,107.68807220458984,.,.
42.738162994384766,-23.658037185668945,identifier,z
121.2358169555664,-55.05569076538086,=,=
-6.137286186218262,35.11688995361328,identifier,planeToWorld
38.80498504638672,147.93777465820312,.,.
34.140525817871094,52.37132263183594,identifier,R
47.46710968017578,111.47502899169922,.,.
55.788204193115234,18.06633758544922,identifier,unsafe_get
-101.7013931274414,-68.88056945800781,(,(
61.50486373901367,-58.05818176269531,",",","
5.271178245544434,-102.22930145263672,),)
-111.27161407470703,65.73210906982422,;,;
-21.52033805847168,-61.841514587402344,identifier,output
49.90507125854492,106.8692626953125,.,.
35.40299987792969,-27.29547691345215,identifier,p
60.45465087890625,112.5337142944336,.,.
62.99631881713867,14.897293090820312,identifier,set
-96.34597778320312,-45.58826446533203,(,(
-6.085418224334717,35.18772506713867,identifier,planeToWorld
38.006221771240234,147.6569061279297,.,.
-3.9499220848083496,65.95431518554688,identifier,T
37.491539001464844,144.3814239501953,.,.
42.2675666809082,-26.66910743713379,identifier,x
62.284122467041016,-44.235145568847656,",",","
-5.929448127746582,35.35808181762695,identifier,planeToWorld
37.76677703857422,147.4430694580078,.,.
-3.9418163299560547,65.96028137207031,identifier,T
37.47379684448242,144.39739990234375,.,.
43.70473098754883,-26.072086334228516,identifier,y
62.29142761230469,-44.22550964355469,",",","
-5.822750091552734,35.475589752197266,identifier,planeToWorld
37.64105224609375,147.33905029296875,.,.
-3.9587581157684326,65.9920654296875,identifier,T
37.46342086791992,144.4257354736328,.,.
42.7407112121582,-23.659320831298828,identifier,z
-12.226434707641602,-102.5107192993164,),)
-120.7282485961914,67.8296890258789,;,;
132.22579956054688,120.626953125,return,return
-21.509967803955078,-62.622318267822266,identifier,output
-181.21083068847656,44.26200485229492,;,;
-241.78927612304688,-9.988581657409668,},}
10.704276084899902,30.844057083129883,identifier,OpenImmoTransferDocument
103.6688461303711,43.71428680419922,identifier,newDocument
-63.135406494140625,-163.2233428955078,(,(
8.898460388183594,31.149826049804688,identifier,Openimmo
8.578716278076172,30.94904899597168,identifier,openimmo
-8.867501258850098,-224.3658905029297,),)
32.02804183959961,29.62238883972168,identifier,ParserConfigurationException
81.85319519042969,-93.20542907714844,",",","
31.725341796875,28.65308952331543,identifier,JAXBException
-142.1768341064453,4.727481842041016,{,{
155.10052490234375,24.63506317138672,if,if
-175.8984832763672,-51.116615295410156,(,(
8.371407508850098,30.57179069519043,identifier,openimmo
62.824424743652344,139.91390991210938,.,.
9.733956336975098,26.690120697021484,identifier,getUebertragung
-96.47964477539062,-95.0583724975586,(,(
22.917526245117188,-151.53990173339844,),)
106.2212905883789,-14.802166938781738,==,==
-58.069175720214844,100.90918731689453,),)
8.314023971557617,30.419574737548828,identifier,openimmo
57.86031723022461,122.35833740234375,.,.
9.738885879516602,26.575008392333984,identifier,setUebertragung
-91.01881408691406,-50.707157135009766,(,(
9.938627243041992,29.973228454589844,identifier,OpenImmoUtils
50.89702224731445,144.13665771484375,.,.
27.688880920410156,25.296585083007812,identifier,getFactory
-103.5157470703125,-101.81465148925781,(,(
17.813337326049805,-142.26759338378906,),)
71.646240234375,137.2129364013672,.,.
9.715530395507812,26.612016677856445,identifier,createUebertragung
-96.60569763183594,-94.6789779663086,(,(
19.1928768157959,-157.372314453125,),)
-12.655828475952148,-88.84675598144531,),)
-115.64203643798828,47.07270050048828,;,;
153.68783569335938,35.38096618652344,if,if
-171.44036865234375,-57.83282470703125,(,(
84.60585021972656,65.89962005615234,identifier,StringUtils
70.33596801757812,122.350341796875,.,.
84.22151947021484,-3.392960786819458,identifier,isBlank
-113.0330581665039,-58.64666748046875,(,(
8.398429870605469,30.385101318359375,identifier,openimmo
62.858760833740234,140.0208740234375,.,.
9.68419075012207,26.739364624023438,identifier,getUebertragung
-103.92489624023438,-100.2465591430664,(,(
18.75374412536621,-143.57382202148438,),)
70.30219268798828,139.2890167236328,.,.
20.32242774963379,-35.84697723388672,identifier,getVersion
-107.25872802734375,-101.67374420166016,(,(
18.652481079101562,-156.6522979736328,),)
-13.765877723693848,-115.54034423828125,),)
-59.3430061340332,101.50959777832031,),)
8.319046974182129,30.29103660583496,identifier,openimmo
62.94819259643555,140.08233642578125,.,.
9.666993141174316,26.774877548217773,identifier,getUebertragung
-102.6993637084961,-91.0156478881836,(,(
19.428556442260742,-139.5841064453125,),)
73.11748504638672,135.61578369140625,.,.
20.625822067260742,-35.597145080566406,identifier,setVersion
-90.07551574707031,-46.80120086669922,(,(
9.948060035705566,29.969093322753906,identifier,OpenImmoUtils
39.21357727050781,152.05288696289062,.,.
19.289979934692383,-35.869354248046875,identifier,VERSION
44.05246353149414,137.51751708984375,.,.
26.219472885131836,8.240723609924316,identifier,toReadableVersion
-106.70122528076172,-98.51236724853516,(,(
17.984718322753906,-156.51548767089844,),)
-12.021394729614258,-91.0111312866211,),)
-110.82738494873047,59.93986511230469,;,;
9.191929817199707,-57.725730895996094,identifier,Document
8.953786849975586,-58.17653274536133,identifier,document
127.27133178710938,-61.32868194580078,=,=
23.98874282836914,26.84061050415039,identifier,XmlUtils
61.99350357055664,124.7412338256836,.,.
103.67902374267578,43.71295166015625,identifier,newDocument
-105.18795776367188,-91.39161682128906,(,(
33.8138542175293,-147.0084991455078,),)
-111.34619140625,67.77911376953125,;,;
10.009109497070312,30.014896392822266,identifier,OpenImmoUtils
62.12416076660156,122.52249145507812,.,.
43.0040283203125,14.131637573242188,identifier,createMarshaller
-85.89376831054688,-54.03968811035156,(,(
25.199613571166992,1.6439175605773926,"""","""UTF-8"""
66.82062530517578,-52.3466796875,",",","
0.16364958882331848,-112.0703353881836,),)
72.83992004394531,133.90428161621094,.,.
43.080360412597656,13.951926231384277,identifier,marshal
-101.4265365600586,-48.38363265991211,(,(
8.565116882324219,30.307743072509766,identifier,openimmo
60.05043029785156,-47.57520294189453,",",","
8.979079246520996,-58.15406799316406,identifier,document
-7.142523288726807,-101.7923355102539,),)
-119.36246490478516,66.78533935546875,;,;
135.24612426757812,119.83113098144531,return,return
113.93250274658203,40.306182861328125,new,new
10.618977546691895,30.741500854492188,identifier,OpenImmoTransferDocument
-95.3292465209961,-53.14393615722656,(,(
8.959297180175781,-58.199462890625,identifier,document
-9.653626441955566,-105.81060028076172,),)
-181.7604522705078,46.849300384521484,;,;
-240.2823944091797,-8.344557762145996,},}
93.35858917236328,1.3083367347717285,identifier,Nullable
86.99276733398438,69.95930480957031,identifier,String
38.70738220214844,13.439289093017578,identifier,createKeysFromArray
-61.241851806640625,-164.27305603027344,(,(
93.47301483154297,0.9858980178833008,identifier,Nullable
87.4119873046875,70.34855651855469,identifier,String
-4.03641939163208,-66.02943420410156,identifier,array
87.8680648803711,-93.57853698730469,",",","
93.78382110595703,1.0617486238479614,identifier,Nullable
87.66382598876953,70.73531341552734,identifier,String
-3.0390450954437256,-13.301981925964355,identifier,keys
-14.170629501342773,-228.74502563476562,),)
-148.66285705566406,3.7974753379821777,{,{
153.7620391845703,24.71631622314453,if,if
-176.7007293701172,-53.144107818603516,(,(
101.80592346191406,-7.514747142791748,identifier,isNullOrEmpty
-108.04710388183594,-59.91160202026367,(,(
-3.251347780227661,-13.252814292907715,identifier,keys
-5.584362030029297,-123.675537109375,),)
-51.823143005371094,109.71680450439453,),)
-108.69300079345703,152.24293518066406,{,{
139.62557983398438,111.12811279296875,return,return
-4.0413360595703125,-65.90969848632812,identifier,array
-162.72544860839844,54.06678771972656,;,;
-23.808618545532227,169.25001525878906,},}
150.3451690673828,33.190467834472656,if,if
-176.64859008789062,-53.55581283569336,(,(
101.80573272705078,-7.515376091003418,identifier,isNullOrEmpty
-108.04093933105469,-59.8634147644043,(,(
-4.038780689239502,-65.79741668701172,identifier,array
-5.669215202331543,-123.4068832397461,),)
-51.721336364746094,109.95536041259766,),)
-108.23387145996094,151.75433349609375,{,{
139.2802276611328,112.89556121826172,return,return
-3.2818424701690674,-13.274861335754395,identifier,keys
-162.91358947753906,54.1552734375,;,;
-22.14106559753418,169.80984497070312,},}
85.35857391357422,68.95576477050781,identifier,String
-20.726829528808594,-1.584365725517273,identifier,combined
129.78594970703125,-62.135009765625,=,=
53.96722412109375,14.701533317565918,identifier,Arrays
69.25296020507812,121.46746063232422,.,.
58.71000289916992,5.099519729614258,identifier,copyOf
-97.14067840576172,-58.24200439453125,(,(
-3.3364675045013428,-13.232955932617188,identifier,keys
58.00020217895508,-52.187469482421875,",",","
-4.044895172119141,-65.45020294189453,identifier,array
37.94252014160156,130.40223693847656,.,.
14.168272972106934,82.55536651611328,identifier,length
53.093040466308594,-81.5070571899414,+,+
-3.6410646438598633,-13.209539413452148,identifier,keys
37.959930419921875,130.53472900390625,.,.
14.5169095993042,82.36454772949219,identifier,length
-0.6576620936393738,-90.5112533569336,),)
-110.18146514892578,48.708011627197266,;,;
171.59823608398438,29.18932342529297,for,for
-162.72694396972656,-45.61533737182617,(,(
-64.98269653320312,0.8799275159835815,identifier,i
132.5640411376953,-48.88435363769531,=,=
-93.78861236572266,51.67871856689453,;,;
-62.349185943603516,1.7111964225769043,identifier,i
116.3786849975586,-31.27618980407715,<,<
-4.046813488006592,-65.36770629882812,identifier,array
38.52632522583008,130.19566345214844,.,.
14.352631568908691,81.84700012207031,identifier,length
-92.35108184814453,49.30812072753906,;,;
-61.401554107666016,1.1999083757400513,identifier,i
-41.76020431518555,115.66619873046875,),)
-108.10831451416016,139.76686096191406,{,{
-20.73043441772461,-1.584181308746338,identifier,combined
-3.783414125442505,-13.208770751953125,identifier,keys
37.79460525512695,129.82374572753906,.,.
13.993890762329102,82.53073120117188,identifier,length
53.18498611450195,-81.06272888183594,+,+
-59.85639953613281,1.0746128559112549,identifier,i
119.23528289794922,-56.724727630615234,=,=
-4.050970077514648,-65.20012664794922,identifier,array
-58.632205963134766,0.231331005692482,identifier,i
-176.86949157714844,58.0042839050293,;,;
-21.706575393676758,178.68736267089844,},}
132.07177734375,118.09056091308594,return,return
-20.73909568786621,-1.588804006576538,identifier,combined
-181.336181640625,42.99276351928711,;,;
-244.10618591308594,-8.354043960571289,},}
-34.33847427368164,-76.54754638671875,identifier,Override
44.17787170410156,10.040794372558594,identifier,push
-61.41299819946289,-155.30035400390625,(,(
49.557682037353516,-7.642019271850586,identifier,Runnable
22.138980865478516,-6.984192848205566,identifier,task
-13.211588859558105,-222.1148223876953,),)
-151.6323699951172,0.2017248123884201,{,{
42.07973098754883,1.987627387046814,identifier,lock
-100.1319580078125,-85.66301727294922,(,(
41.89896774291992,-152.1667938232422,),)
-104.276611328125,54.97737121582031,;,;
16.26813507080078,-18.39283561706543,identifier,_base
-104.5733642578125,48.349403381347656,;,;
15.95250415802002,-16.37946891784668,identifier,_top
-104.78125762939453,47.890228271484375,;,;
-106.16017150878906,126.62714385986328,{,{
16.265422821044922,-18.389522552490234,identifier,_base
130.52684020996094,-58.95333480834961,=,=
13.739734649658203,32.374839782714844,identifier,UNSAFE
59.73179626464844,131.30776977539062,.,.
52.877967834472656,24.358915328979492,identifier,getLongVolatile
-98.49115753173828,-59.90653610229492,(,(
54.15903854370117,-53.0701789855957,",",","
16.749792098999023,15.498169898986816,identifier,OFFS_BASE
1.7902227640151978,-93.70874786376953,),)
-107.6796646118164,61.19607925415039,;,;
15.92764663696289,-16.347496032714844,identifier,_top
129.79693603515625,-58.85599899291992,=,=
13.73200511932373,32.37860107421875,identifier,UNSAFE
59.71326446533203,131.3192138671875,.,.
52.87631607055664,24.3243350982666,identifier,getLongVolatile
-98.47306823730469,-59.80283737182617,(,(
54.093502044677734,-53.035072326660156,",",","
16.694664001464844,15.567427635192871,identifier,OFFS_TOP
1.6809310913085938,-93.95832061767578,),)
-116.12339782714844,44.684364318847656,;,;
155.68394470214844,33.05870819091797,if,if
-169.93565368652344,-52.86912155151367,(,(
15.880722045898438,-16.144248962402344,identifier,_top
101.42172241210938,-14.787322998046875,==,==
16.26432991027832,-18.391277313232422,identifier,_base
53.00283432006836,-82.18855285644531,+,+
29.018245697021484,9.836346626281738,identifier,mask
-42.87528991699219,106.04707336425781,),)
-109.6364517211914,149.061767578125,{,{
117.94977569580078,42.84244918823242,new,new
28.852773666381836,16.025684356689453,identifier,RejectedExecutionExceptionWithoutStacktrace
-83.9466323852539,-55.730308532714844,(,(
31.07260513305664,7.168954372406006,"""","""Shared queue overflow"""
10.995871543884277,-106.02811431884766,),)
-163.38348388671875,59.17208480834961,;,;
-20.999887466430664,172.46202087402344,},}
13.73435115814209,32.38440704345703,identifier,UNSAFE
61.56610870361328,121.2171859741211,.,.
52.85385513305664,24.03312110900879,identifier,putObjectVolatile
-97.2957534790039,-52.4929313659668,(,(
22.575735092163086,-6.553577423095703,identifier,tasks
58.141326904296875,-50.90876007080078,",",","
23.129596710205078,-5.254223346710205,identifier,taskOffset
-110.41841125488281,-52.15363311767578,(,(
15.872365951538086,-16.005023956298828,identifier,_top
-2.2249622344970703,-121.85908508300781,),)
65.31338500976562,-41.87114334106445,",",","
22.225008010864258,-6.918605327606201,identifier,task
-4.457545280456543,-99.05266571044922,),)
-113.73811340332031,68.51773071289062,;,;
13.732295036315918,32.38702392578125,identifier,UNSAFE
61.62776184082031,121.12916564941406,.,.
52.86253356933594,24.08005714416504,identifier,putLongVolatile
-97.39405059814453,-51.9691047668457,(,(
53.50246047973633,-52.79082489013672,",",","
16.691143035888672,15.573859214782715,identifier,OFFS_TOP
62.59041213989258,-48.892738342285156,",",","
15.871341705322266,-15.971985816955566,identifier,_top
53.77688217163086,-78.59617614746094,+,+
-9.45745849609375,-99.1636734008789,),)
-171.65615844726562,57.06999588012695,;,;
-34.46404266357422,172.00848388671875,},}
-101.39348602294922,138.74343872070312,{,{
42.516944885253906,2.313779592514038,identifier,unlock
-110.2804183959961,-87.29878997802734,(,(
35.971900939941406,-142.26499938964844,),)
-174.0056610107422,54.21355056762695,;,;
-22.89228057861328,177.49874877929688,},}
11.144647598266602,9.95653247833252,identifier,pool
62.58024978637695,116.58070373535156,.,.
26.414308547973633,3.621821880340576,identifier,onAvailableTask
-111.03593444824219,-90.30648040771484,(,(
35.13465881347656,-140.94366455078125,),)
-182.84219360351562,50.6557502746582,;,;
-241.0367889404297,-3.822680711746216,},}
86.51375579833984,69.73334503173828,identifier,String
33.35676574707031,18.274234771728516,identifier,decodeLocaleCode
-62.822269439697266,-161.4872283935547,(,(
86.21920013427734,72.69195556640625,identifier,String
15.999272346496582,2.7084972858428955,identifier,localeCode
-15.399770736694336,-225.30625915527344,),)
-148.23585510253906,-0.31016454100608826,{,{
84.31946563720703,70.4000473022461,identifier,String
-32.20486068725586,-57.01622772216797,identifier,result
133.93084716796875,-68.87003326416016,=,=
111.53278350830078,45.749698638916016,new,new
86.19163513183594,67.81389617919922,identifier,String
-103.38465881347656,56.400691986083984,;,;
84.82156372070312,69.13140869140625,identifier,String
-2.0544114112854004,-55.339324951171875,identifier,data
133.6173553466797,-62.21515655517578,=,=
27.012916564941406,9.50066089630127,identifier,CharKit
61.99765396118164,127.04251861572266,.,.
27.057952880859375,6.880352973937988,identifier,splitc
-99.54113006591797,-60.645782470703125,(,(
15.994558334350586,2.7026453018188477,identifier,localeCode
55.88852310180664,-54.81672668457031,",",","
10.200493812561035,-99.9913558959961,),)
-106.30974578857422,60.28788375854492,;,;
-31.335371017456055,-56.592926025390625,identifier,result
119.50016784667969,-55.24103927612305,=,=
-3.946608781814575,-55.48468780517578,identifier,data
-106.14466094970703,59.99662780761719,;,;
-30.938007354736328,-56.401004791259766,identifier,result
119.45040893554688,-55.18003463745117,=,=
-30.530746459960938,-56.40560531616211,identifier,result
119.24730682373047,-54.76216125488281,=,=
10.982913970947266,9.929256439208984,identifier,StringPool
37.01558303833008,157.13821411132812,.,.
81.27543640136719,-2.9542431831359863,identifier,EMPTY
-114.45185089111328,41.02686309814453,;,;
156.5714111328125,32.090171813964844,if,if
-164.300537109375,-55.0298957824707,(,(
-3.3938138484954834,-55.52092742919922,identifier,data
39.18784713745117,129.26611328125,.,.
15.246480941772461,82.93169403076172,identifier,length
-41.39780807495117,110.68643188476562,),)
-111.86168670654297,138.49920654296875,{,{
-31.192546844482422,-56.892086029052734,identifier,result
119.45527648925781,-56.2093505859375,=,=
-3.9995012283325195,-55.568931579589844,identifier,data
-118.32621002197266,41.027320861816406,;,;
156.83651733398438,36.25607681274414,if,if
-164.35166931152344,-55.046836853027344,(,(
-3.611548900604248,-55.5660514831543,identifier,data
38.90508270263672,129.15652465820312,.,.
14.987191200256348,83.263671875,identifier,length
-41.531394958496094,111.2619400024414,),)
-107.67867279052734,142.12530517578125,{,{
-31.219839096069336,-56.922607421875,identifier,result
119.24966430664062,-56.62556838989258,=,=
-4.204788684844971,-55.66358184814453,identifier,data
-176.8798828125,58.05580139160156,;,;
-16.57074737548828,188.23623657226562,},}
-24.150827407836914,181.68377685546875,},}
131.44400024414062,119.25422668457031,return,return
-30.361549377441406,-60.61420822143555,identifier,result
-181.56504821777344,42.69164276123047,;,;
-244.94070434570312,-8.770384788513184,},}
85.16424560546875,58.215293884277344,identifier,Object
45.2789192199707,8.609474182128906,identifier,newObjectInstance
-63.74851608276367,-160.03497314453125,(,(
10.037993431091309,61.253257751464844,identifier,Class
-34.10515594482422,-27.876432418823242,identifier,targetType
-13.448210716247559,-224.1878204345703,),)
-150.1244659423828,2.385194778442383,{,{
154.44332885742188,24.14650535583496,if,if
-175.49691772460938,-49.36785888671875,(,(
-34.06786346435547,-27.82615852355957,identifier,targetType
104.09761810302734,-11.953742027282715,==,==
-34.060302734375,-27.813804626464844,identifier,targetType
102.1486587524414,-14.385318756103516,==,==
62.05818557739258,58.780250549316406,identifier,Map
39.13953399658203,135.55836486816406,.,.
-49.314998626708984,105.76417541503906,),)
-110.79779052734375,152.12576293945312,{,{
139.81680297851562,114.69407653808594,return,return
29.332473754882812,10.437501907348633,identifier,mapSupplier
54.331424713134766,126.61172485351562,.,.
61.657711029052734,18.68873405456543,identifier,get
-100.53091430664062,-90.43665313720703,(,(
41.488895416259766,-149.71939086914062,),)
-164.8365020751953,61.215789794921875,;,;
-21.825014114379883,169.38217163085938,},}
24.182214736938477,21.213972091674805,identifier,ClassDescriptor
-0.3550664484500885,-30.865331649780273,identifier,cd
133.3333740234375,-60.948482513427734,=,=
25.40549087524414,19.72179412841797,identifier,ClassIntrospector
54.26779556274414,126.8240737915039,.,.
61.40182113647461,18.790205001831055,identifier,get
-100.62382507324219,-90.82115173339844,(,(
18.624210357666016,-141.5109100341797,),)
72.06945037841797,136.68804931640625,.,.
49.27202224731445,6.956577301025391,identifier,lookup
-101.52056121826172,-58.966697692871094,(,(
-34.059810638427734,-27.81780242919922,identifier,targetType
4.1760125160217285,-97.31617736816406,),)
-108.33856964111328,57.473018646240234,;,;
23.83369255065918,20.7996768951416,identifier,CtorDescriptor
-11.826775550842285,20.430740356445312,identifier,ctorDescriptor
131.48806762695312,-60.64301681518555,=,=
-0.3554733991622925,-30.86857795715332,identifier,cd
58.865901947021484,136.4336395263672,.,.
32.0049934387207,22.562536239624023,identifier,getDefaultCtorDescriptor
-100.51907348632812,-66.88792419433594,(,(
6.929653167724609,-100.36628723144531,),)
-115.44368743896484,43.30348587036133,;,;
155.1137237548828,32.81629180908203,if,if
-168.44784545898438,-52.63069152832031,(,(
-11.821081161499023,20.44416618347168,identifier,ctorDescriptor
106.5113754272461,-13.47900104522705,==,==
-44.505313873291016,107.69800567626953,),)
-109.27046203613281,148.8892364501953,{,{
118.13285064697266,41.89667892456055,new,new
29.679462432861328,41.47727584838867,identifier,JsonException
-83.3261489868164,-54.67314910888672,(,(
29.96860694885254,4.17634916305542,"""","""Default ctor not found for: """
52.34402847290039,-86.07148742675781,+,+
-34.03622817993164,-27.779043197631836,identifier,targetType
52.76085662841797,141.97967529296875,.,.
-18.686243057250977,-20.834033966064453,identifier,getName
-108.24117279052734,-101.90320587158203,(,(
15.628839492797852,-155.755126953125,),)
-13.270950317382812,-93.04613494873047,),)
-164.41952514648438,58.65284729003906,;,;
-23.385700225830078,171.9186553955078,},}
-103.95024871826172,129.3863525390625,{,{
138.52581787109375,117.65155792236328,return,return
-11.826337814331055,20.448123931884766,identifier,ctorDescriptor
59.2315673828125,142.66360473632812,.,.
31.981250762939453,21.73419189453125,identifier,getConstructor
-107.13521575927734,-92.75723266601562,(,(
20.671545028686523,-141.7064208984375,),)
72.41231536865234,134.4886932373047,.,.
110.071533203125,37.07320022583008,identifier,newInstance
-108.16091918945312,-87.57066345214844,(,(
36.14719772338867,-144.9158935546875,),)
-168.60476684570312,55.55291748046875,;,;
-35.92562484741211,170.9230499267578,},}
-154.29454040527344,-51.196693420410156,(,(
28.916061401367188,-65.97660827636719,identifier,Exception
24.261194229125977,-72.39884185791016,identifier,e
-35.87055587768555,110.78619384765625,),)
-103.17509460449219,145.43072509765625,{,{
117.5324935913086,40.77674865722656,new,new
29.679847717285156,41.46889114379883,identifier,JsonException
-103.94873046875,-50.15268325805664,(,(
23.80814552307129,-71.19379425048828,identifier,e
-8.470635414123535,-106.87062072753906,),)
-176.18409729003906,52.00115966796875,;,;
-20.42007064819336,190.15963745117188,},}
-245.00306701660156,-2.2528812885284424,},}
45.15840148925781,-31.833450317382812,identifier,config
-59.97593307495117,-157.3031463623047,(,(
20.38550567626953,31.73184585571289,identifier,OServer
19.296489715576172,32.48219299316406,identifier,oServer
89.86508178710938,-92.23959350585938,",",","
20.678117752075195,31.119295120239258,identifier,OServerConfigurationManager
-5.760767459869385,48.71522903442383,identifier,serverCfg
89.36322784423828,-92.2489242553711,",",","
21.532865524291992,34.442230224609375,identifier,ODocument
1.236436367034912,45.370262145996094,identifier,jsonConfig
-12.964388847351074,-228.2509307861328,),)
-146.6605682373047,2.151108741760254,{,{
-7.476056098937988,50.96700668334961,identifier,server
138.6429901123047,-57.00764465332031,=,=
19.281356811523438,32.50237274169922,identifier,oServer
-104.23736572265625,52.541297912597656,;,;
-5.232509136199951,49.09236145019531,identifier,serverConfig
138.6141815185547,-56.95624923706055,=,=
-5.750618934631348,48.73176956176758,identifier,serverCfg
-109.62166595458984,43.303401947021484,;,;
156.11019897460938,28.936426162719727,if,if
-174.20338439941406,-53.81105422973633,(,(
1.0419119596481323,44.90669250488281,identifier,jsonConfig
45.873775482177734,122.57845306396484,.,.
58.29465866088867,32.373313903808594,identifier,containsField
-110.00959777832031,-65.71878051757812,(,(
22.347715377807617,0.46246179938316345,"""","""name"""
-8.768330574035645,-124.20347595214844,),)
-50.360084533691406,112.20218658447266,),)
-112.18403625488281,145.2749786376953,{,{
-16.281892776489258,-16.83099937438965,identifier,name
120.62505340576172,-60.65817642211914,=,=
0.558867335319519,44.779876708984375,identifier,jsonConfig
48.32780456542969,119.90017700195312,.,.
58.77061080932617,35.53395080566406,identifier,field
-108.85914611816406,-67.41490173339844,(,(
22.495790481567383,0.2594662010669708,"""","""name"""
7.56549072265625,-106.13917541503906,),)
-169.05030822753906,63.15447235107422,;,;
-25.32010841369629,171.42910766601562,},}
148.9454803466797,34.57962417602539,if,if
-169.88278198242188,-56.558956146240234,(,(
0.9175232648849487,44.55098342895508,identifier,jsonConfig
45.89441680908203,122.28773498535156,.,.
58.311649322509766,32.33115768432617,identifier,containsField
-110.11004638671875,-66.0764389038086,(,(
22.800193786621094,-0.5959012508392334,"""","""debug"""
-8.808064460754395,-123.46562194824219,),)
-49.89019012451172,112.555908203125,),)
-111.67697143554688,145.13192749023438,{,{
76.24750518798828,-14.474634170532227,identifier,debug
120.6172866821289,-60.40436553955078,=,=
0.4595635235309601,44.60414505004883,identifier,jsonConfig
48.43788528442383,119.83296203613281,.,.
58.840457916259766,35.538597106933594,identifier,field
-108.9029769897461,-67.53815460205078,(,(
22.812549591064453,-0.6085019707679749,"""","""debug"""
7.523116111755371,-106.12606048583984,),)
-169.4569091796875,63.052921295166016,;,;
-25.559478759765625,172.49485778808594,},}
149.0166015625,35.145538330078125,if,if
-168.95816040039062,-57.09434127807617,(,(
0.8592585921287537,44.3717155456543,identifier,jsonConfig
45.92177200317383,122.07501983642578,.,.
58.316131591796875,32.327308654785156,identifier,containsField
-110.21973419189453,-66.32884216308594,(,(
22.50037956237793,-1.4635313749313354,"""","""enabled"""
-8.788704872131348,-122.78376007080078,),)
-47.76938247680664,113.92173767089844,),)
-107.89603424072266,143.7025146484375,{,{
22.32133674621582,-2.3168070316314697,identifier,enabled
120.62254333496094,-59.884761810302734,=,=
0.3909188508987427,44.40550994873047,identifier,jsonConfig
48.6338005065918,119.69611358642578,.,.
58.900264739990234,35.50604248046875,identifier,field
-109.00456237792969,-67.82573699951172,(,(
22.50623321533203,-1.5129749774932861,"""","""enabled"""
7.367689609527588,-106.16661071777344,),)
-169.88804626464844,63.112064361572266,;,;
-25.780967712402344,173.34791564941406,},}
149.10581970214844,36.00983428955078,if,if
-168.17100524902344,-57.662227630615234,(,(
0.7551594972610474,44.183528900146484,identifier,jsonConfig
45.959716796875,121.88805389404297,.,.
58.3151741027832,32.34132385253906,identifier,containsField
-110.31997680664062,-66.525146484375,(,(
24.143522262573242,-2.611682653427124,"""","""caseSensitive"""
-8.683405876159668,-122.22625732421875,),)
-47.14012908935547,114.27384948730469,),)
-107.33397674560547,143.40708923339844,{,{
24.126802444458008,-3.240877628326416,identifier,caseSensitive
120.61518859863281,-59.43156051635742,=,=
0.30378174781799316,44.23244857788086,identifier,jsonConfig
48.84522247314453,119.52161407470703,.,.
59.02326202392578,35.44272994995117,identifier,field
-109.10504150390625,-68.30863952636719,(,(
24.132091522216797,-2.5717387199401855,"""","""caseSensitive"""
-5.961550235748291,-108.9437255859375,),)
-178.82342529296875,55.2727165222168,;,;
-20.017854690551758,189.8759002685547,},}
-242.6564483642578,-1.076670527458191,},}
31.138927459716797,58.3031120300293,identifier,Element
19.61423110961914,3.0291709899902344,identifier,writeCoordTransform
-64.658935546875,-161.8350372314453,(,(
19.40381622314453,3.0354161262512207,identifier,CoordinateTransform
-20.14603614807129,9.069426536560059,identifier,ct
-14.662769317626953,-223.6603546142578,),)
-148.72532653808594,-1.6349244117736816,{,{
31.065303802490234,58.28466033935547,identifier,Element
-18.012775421142578,8.022562980651855,identifier,ctElem
134.15792846679688,-66.62288665771484,=,=
111.03572845458984,44.8132438659668,new,new
31.44089698791504,57.96902847290039,identifier,Element
-87.83366394042969,-59.08766174316406,(,(
20.079025268554688,2.8849215507507324,"""","""coordTransform"""
11.223040580749512,-101.31159210205078,),)
-104.88513946533203,61.91855239868164,;,;
-18.124828338623047,7.920897483825684,identifier,ctElem
52.62996292114258,112.82463073730469,.,.
64.0678482055664,29.18984603881836,identifier,setAttribute
-88.79916381835938,-43.721221923828125,(,(
22.548532485961914,0.6362870931625366,"""","""name"""
64.43751525878906,-53.30253601074219,",",","
-20.018468856811523,9.040468215942383,identifier,ct
52.93708038330078,140.23085021972656,.,.
-18.551021575927734,-20.35896873474121,identifier,getName
-106.9801025390625,-102.52442932128906,(,(
17.29146957397461,-158.30072021484375,),)
-11.852604866027832,-89.4021224975586,),)
-105.7927474975586,64.43514251708984,;,;
-18.14896011352539,7.873814105987549,identifier,ctElem
52.7541389465332,112.79341125488281,.,.
64.07778930664062,29.201902389526367,identifier,setAttribute
-88.87914276123047,-43.68954086303711,(,(
20.88488006591797,2.8197948932647705,"""","""transformType"""
64.47350311279297,-53.23007583618164,",",","
-20.012222290039062,9.037369728088379,identifier,ct
53.222503662109375,139.75083923339844,.,.
20.644878387451172,3.6107563972473145,identifier,getTransformType
-104.05672454833984,-101.2783203125,(,(
18.52956199645996,-143.51858520507812,),)
73.18939971923828,139.41580200195312,.,.
76.43809509277344,41.32071304321289,identifier,toString
-101.02689361572266,-101.4758071899414,(,(
19.86013412475586,-157.99510192871094,),)
-12.450333595275879,-89.37010192871094,),)
-111.42333984375,48.46086883544922,;,;
170.83895874023438,30.496679306030273,for,for
-160.3241424560547,-45.20970916748047,(,(
21.08683967590332,51.08815383911133,identifier,Parameter
-20.153675079345703,2.417848587036133,identifier,param
-20.019128799438477,9.035017967224121,identifier,ct
57.59326171875,138.9889678955078,.,.
27.84819793701172,19.546361923217773,identifier,getParameters
-102.0405502319336,-97.81230926513672,(,(
19.724470138549805,-153.8134002685547,),)
-51.240108489990234,115.99146270751953,),)
-111.34154510498047,136.5331268310547,{,{
31.098102569580078,58.24825668334961,identifier,Element
-16.896957397460938,6.13944149017334,identifier,pElem
125.85273742675781,-63.140132904052734,=,=
111.07622528076172,42.3055305480957,new,new
31.46873664855957,57.941162109375,identifier,Element
-87.77520751953125,-59.01638412475586,(,(
23.271808624267578,1.047084927558899,"""","""parameter"""
7.473770618438721,-104.79413604736328,),)
-109.83859252929688,68.83634948730469,;,;
-16.960582733154297,6.173059463500977,identifier,pElem
54.07015609741211,113.06988525390625,.,.
64.0846939086914,29.204906463623047,identifier,setAttribute
-88.99823760986328,-42.70313262939453,(,(
23.08830451965332,0.5079424381256104,"""","""name"""
64.91361999511719,-52.452213287353516,",",","
-20.149887084960938,2.412142038345337,identifier,param
53.05561447143555,141.4235076904297,.,.
-18.5075740814209,-20.411304473876953,identifier,getName
-108.16494750976562,-101.64311218261719,(,(
15.347827911376953,-155.87557983398438,),)
-12.294258117675781,-93.71148681640625,),)
-110.40995025634766,68.99339294433594,;,;
-16.961421966552734,6.161630630493164,identifier,pElem
54.24633026123047,113.12677001953125,.,.
64.09346771240234,29.215442657470703,identifier,setAttribute
-89.0223159790039,-42.584293365478516,(,(
23.552396774291992,0.5183453559875488,"""","""value"""
64.99665832519531,-52.2578125,",",","
-20.1496639251709,2.411219835281372,identifier,param
53.87355422973633,142.21835327148438,.,.
52.629547119140625,3.548844814300537,identifier,getStringValue
-110.3849105834961,-99.7096939086914,(,(
14.707082748413086,-154.65419006347656,),)
-12.653854370117188,-94.24442291259766,),)
-111.54761505126953,69.6785659790039,;,;
-18.286985397338867,7.712139129638672,identifier,ctElem
57.74931716918945,114.6042251586914,.,.
70.67603302001953,11.609416961669922,identifier,addContent
-99.98199462890625,-45.63978576660156,(,(
-16.939725875854492,6.017972946166992,identifier,pElem
-6.35784912109375,-104.5575180053711,),)
-174.117431640625,55.968807220458984,;,;
-22.66989517211914,179.9121551513672,},}
131.51971435546875,119.86629486083984,return,return
-18.529380798339844,7.498868942260742,identifier,ctElem
-182.73214721679688,43.8543815612793,;,;
-243.21607971191406,-9.124176025390625,},}
41.65309524536133,20.392000198364258,identifier,visitRete
-62.1061897277832,-157.4004669189453,(,(
13.85269546508789,24.82610511779785,identifier,Rete
8.184110641479492,-3.8057868480682373,identifier,rete
-14.871383666992188,-223.06466674804688,),)
-150.38011169433594,0.2933097779750824,{,{
41.529319763183594,107.38780975341797,.,.
-19.372793197631836,28.190183639526367,identifier,rootVertex
134.8609619140625,-64.34368896484375,=,=
-119.17138671875,-52.251068115234375,(,(
13.834332466125488,24.816259384155273,identifier,ReteVertex
7.812910556793213,-118.25006866455078,),)
41.109745025634766,108.60568237304688,.,.
10.904553413391113,12.367903709411621,identifier,visitedNodes
53.27518844604492,125.58625030517578,.,.
62.14653015136719,19.74596405029297,identifier,get
-104.56080627441406,-60.47846984863281,(,(
15.335990905761719,-4.160996437072754,identifier,dotId
-110.61235809326172,-51.84456253051758,(,(
8.069205284118652,-3.845700740814209,identifier,rete
-3.1521732807159424,-123.04644012451172,),)
-11.028581619262695,-88.67491912841797,),)
-114.26246643066406,46.004337310791016,;,;
155.1945037841797,30.65751838684082,if,if
-172.5736083984375,-53.17551040649414,(,(
40.124603271484375,108.47212982177734,.,.
-19.260278701782227,27.917747497558594,identifier,rootVertex
105.99299621582031,-13.8593111038208,==,==
-46.33905792236328,107.3588638305664,),)
-112.6870346069336,143.500244140625,{,{
41.04373550415039,107.64176177978516,.,.
-19.124347686767578,28.025264739990234,identifier,rootVertex
122.68506622314453,-63.10496520996094,=,=
111.50077056884766,42.9781379699707,new,new
13.8353853225708,24.814695358276367,identifier,ReteVertex
-94.46426391601562,-59.62494659423828,(,(
8.042896270751953,-3.857355833053589,identifier,rete
1.4561870098114014,-98.84102630615234,),)
-108.88631439208984,69.2530288696289,;,;
41.06153106689453,108.4788818359375,.,.
10.906208992004395,12.366095542907715,identifier,visitedNodes
54.60016632080078,115.73946380615234,.,.
70.35005950927734,19.214008331298828,identifier,put
-95.01518249511719,-43.276390075683594,(,(
15.33403491973877,-4.161548137664795,identifier,dotId
-110.46340942382812,-52.06391525268555,(,(
8.027654647827148,-3.8621668815612793,identifier,rete
-2.181898355484009,-122.03437042236328,),)
64.77717590332031,-43.14162826538086,",",","
38.92860794067383,108.31683349609375,.,.
-19.170692443847656,27.681800842285156,identifier,rootVertex
-5.692506790161133,-96.72708129882812,),)
-169.99574279785156,60.243778228759766,;,;
-23.23691177368164,173.99661254882812,},}
40.80402755737305,108.1010971069336,.,.
24.741973876953125,34.26869201660156,identifier,graph
58.99855041503906,119.87348175048828,.,.
65.76365661621094,10.32185173034668,identifier,addChild
-96.38794708251953,-48.41305923461914,(,(
39.33112335205078,108.17046356201172,.,.
-19.126510620117188,27.691814422607422,identifier,rootVertex
-1.4189112186431885,-103.06472778320312,),)
-114.517822265625,63.524658203125,;,;
40.527259826660156,107.47012329101562,.,.
-18.397266387939453,28.3448429107666,identifier,parentVertex
122.25350952148438,-55.9310302734375,=,=
39.41324234008789,107.83146667480469,.,.
-19.043378829956055,27.583600997924805,identifier,rootVertex
-108.32764434814453,47.99457550048828,;,;
172.2869415283203,30.213489532470703,for,for
-159.99986267089844,-47.21901321411133,(,(
26.739261627197266,21.256000518798828,identifier,EntryPointNode
48.70979309082031,-19.187009811401367,identifier,node
7.847078323364258,-3.9363536834716797,identifier,rete
58.9189338684082,141.17486572265625,.,.
26.760526657104492,21.241853713989258,identifier,getEntryPointNodes
-108.2099838256836,-94.83827209472656,(,(
20.73111915588379,-142.85595703125,),)
74.47782897949219,138.9182586669922,.,.
58.513877868652344,-34.28886795043945,identifier,values
-112.10993957519531,-96.68416595458984,(,(
16.87629508972168,-151.8755645751953,),)
-49.404510498046875,116.87934112548828,),)
-106.48332977294922,139.80392456054688,{,{
42.02853012084961,20.58959197998047,identifier,visit
-102.54383087158203,-46.16591262817383,(,(
48.708404541015625,-19.175683975219727,identifier,node
-8.300796508789062,-105.13775634765625,),)
-178.88597106933594,54.41191864013672,;,;
-19.860586166381836,190.75425720214844,},}
-242.6393585205078,-0.36685407161712646,},}
63.56387710571289,57.14444351196289,identifier,Map
181.32180786132812,-45.08790588378906,<,<
90.65316009521484,66.37027740478516,identifier,String
71.69049072265625,-64.86299133300781,",",","
23.895917892456055,46.72867202758789,identifier,FieldAccess
182.55662536621094,-10.650191307067871,>,>
35.298553466796875,20.08164405822754,identifier,getPropertyFieldAccessMapFieldFirst
-61.81414031982422,-162.8641357421875,(,(
10.41286563873291,61.94142532348633,identifier,Class
179.4009246826172,-44.373714447021484,<,<
186.4008026123047,-11.73293685913086,>,>
-31.386329650878906,43.71951675415039,identifier,clazz
-15.035552024841309,-226.22897338867188,),)
-148.45689392089844,0.5975854396820068,{,{
62.40985107421875,57.164039611816406,identifier,Map
182.72714233398438,-43.51448059082031,<,<
89.57563781738281,66.41837310791016,identifier,String
70.62548065185547,-63.9900016784668,",",","
23.935428619384766,46.67552947998047,identifier,FieldAccess
181.66493225097656,-13.40418529510498,>,>
-0.08709841966629028,16.04283332824707,identifier,combinedFieldsFieldFirst
135.93873596191406,-62.82024383544922,=,=
1.138241171836853,15.47723388671875,identifier,getCombinedFieldsFieldFirst
-101.35005950927734,-61.64832305908203,(,(
-31.3482666015625,42.99699401855469,identifier,clazz
6.522396564483643,-96.72901153564453,),)
-112.82254791259766,44.92035675048828,;,;
154.766845703125,28.413631439208984,if,if
-172.19540405273438,-51.066123962402344,(,(
-0.21510683000087738,15.84232234954834,identifier,combinedFieldsFieldFirst
115.684814453125,-10.795180320739746,!=,!=
-46.5667610168457,105.80864715576172,),)
-110.28425598144531,151.3484649658203,{,{
139.28245544433594,114.08477020263672,return,return
-0.33999696373939514,15.643198013305664,identifier,combinedFieldsFieldFirst
-162.24490356445312,54.32733154296875,;,;
-32.074432373046875,166.7227783203125,},}
-33.269248962402344,151.1139373779297,else,else
-105.33226013183594,135.32769775390625,{,{
62.068603515625,57.18819046020508,identifier,Map
183.1200408935547,-43.09248352050781,<,<
89.035400390625,66.27857208251953,identifier,String
70.19019317626953,-63.761497497558594,",",","
23.966230392456055,46.64499282836914,identifier,FieldAccess
181.46517944335938,-14.120153427124023,>,>
-1.0595183372497559,13.116461753845215,identifier,fieldsFallbacks
125.24470520019531,-49.449371337890625,=,=
-102.4957275390625,53.454063415527344,;,;
62.02235794067383,57.358890533447266,identifier,Map
182.92620849609375,-42.98092269897461,<,<
88.93704223632812,66.09711456298828,identifier,String
69.86445617675781,-63.93143081665039,",",","
23.98928451538086,46.62752914428711,identifier,FieldAccess
181.6348114013672,-14.312605857849121,>,>
-2.6193292140960693,14.851900100708008,identifier,fieldsPrimary
125.29727935791016,-49.393245697021484,=,=
-102.5959243774414,53.30221176147461,;,;
-2.645003080368042,14.825190544128418,identifier,fieldsPrimary
127.74925231933594,-59.419918060302734,=,=
16.002851486206055,46.600894927978516,identifier,Reflection
63.37358474731445,132.00027465820312,.,.
34.493675231933594,21.420106887817383,identifier,getAllAccessorFields
-102.09214782714844,-56.84270095825195,(,(
-31.58527183532715,42.85883712768555,identifier,clazz
56.74346160888672,-53.39004898071289,",",","
6.2379374504089355,-100.6695785522461,),)
-110.59131622314453,63.41191864013672,;,;
-1.066462516784668,13.127185821533203,identifier,fieldsFallbacks
127.42115020751953,-59.49754333496094,=,=
15.999780654907227,46.600223541259766,identifier,Reflection
63.375518798828125,132.04244995117188,.,.
34.52568054199219,21.30948257446289,identifier,getPropertyFieldAccessors
-102.36190795898438,-56.64377975463867,(,(
-31.647287368774414,42.74399948120117,identifier,clazz
1.628001093864441,-100.11844635009766,),)
-109.54622650146484,70.659423828125,;,;
1.082445502281189,14.563441276550293,identifier,combineFieldMaps
-98.80339813232422,-52.60199737548828,(,(
-1.0676920413970947,13.110881805419922,identifier,fieldsFallbacks
59.3456916809082,-49.347923278808594,",",","
-2.691007375717163,14.711567878723145,identifier,fieldsPrimary
-3.2363994121551514,-100.59480285644531,),)
-111.03901672363281,63.5714111328125,;,;
-0.2089427411556244,15.529291152954102,identifier,combinedFieldsFieldFirst
122.956787109375,-56.371673583984375,=,=
-2.730412483215332,14.670280456542969,identifier,fieldsPrimary
-109.3407974243164,71.57128143310547,;,;
0.9318798780441284,15.166396141052246,identifier,putCombinedFieldsFieldFirst
-98.62327575683594,-51.27851867675781,(,(
-31.59674072265625,42.3668098449707,identifier,clazz
60.452491760253906,-48.35131072998047,",",","
-0.4602278769016266,15.400110244750977,identifier,combinedFieldsFieldFirst
-6.275966644287109,-102.4906234741211,),)
-120.3740463256836,66.68463134765625,;,;
135.04962158203125,117.17223358154297,return,return
-0.6021573543548584,15.2982759475708,identifier,combinedFieldsFieldFirst
-179.1129150390625,46.50944137573242,;,;
-23.37604331970215,189.84226989746094,},}
-246.85243225097656,-2.235673189163208,},}
33.261138916015625,15.836705207824707,identifier,systemJarInWebinf
-64.5899887084961,-160.60496520996094,(,(
86.99777221679688,74.26079559326172,identifier,String
-3.880960702896118,-22.137929916381836,identifier,path
-13.282655715942383,-223.86224365234375,),)
-150.5618896484375,2.4387094974517822,{,{
154.28933715820312,23.771310806274414,if,if
-176.65208435058594,-50.57748794555664,(,(
-3.620441198348999,-21.638519287109375,identifier,path
44.63253402709961,126.6995620727539,.,.
70.26947784423828,-2.3166003227233887,identifier,indexOf
-110.21232604980469,-64.47499084472656,(,(
22.326129913330078,8.589577674865723,"""","""/WEB-INF/"""
-8.89182186126709,-126.08161926269531,),)
113.97431182861328,-25.204345703125,<,<
-49.92418670654297,107.09797668457031,),)
-110.14921569824219,152.67578125,{,{
138.81045532226562,109.67422485351562,return,return
-161.88531494140625,52.77201843261719,;,;
-21.814544677734375,168.2876434326172,},}
76.82012176513672,62.65217208862305,identifier,Boolean
-7.681882381439209,19.761465072631836,identifier,useMyFaces
134.24688720703125,-63.88954162597656,=,=
-119.53032684326172,-52.379737854003906,(,(
76.80015563964844,62.62656021118164,identifier,Boolean
7.215483665466309,-118.38631439208984,),)
36.96889114379883,-19.575132369995117,identifier,ctxt
61.59895324707031,134.76934814453125,.,.
36.6634521484375,44.479530334472656,identifier,getServletContext
-97.7762680053711,-93.66761016845703,(,(
18.18407440185547,-140.9427947998047,),)
69.52544403076172,137.86834716796875,.,.
62.62090301513672,28.141035079956055,identifier,getAttribute
-107.73735046386719,-65.96839141845703,(,(
22.932777404785156,10.192655563354492,"""","""com.sun.faces.useMyFaces"""
10.912749290466309,-102.37413024902344,),)
-114.74048614501953,45.80495071411133,;,;
154.6305694580078,31.20288848876953,if,if
-171.4153594970703,-51.85702896118164,(,(
-7.676512718200684,19.788494110107422,identifier,useMyFaces
106.0230941772461,-12.556818008422852,==,==
-7.673078536987305,19.807140350341797,identifier,useMyFaces
-43.406532287597656,104.74494934082031,),)
-113.84632110595703,137.7920684814453,{,{
170.22007751464844,31.844139099121094,for,for
-160.16078186035156,-46.01906204223633,(,(
83.41771697998047,67.96745300292969,identifier,String
-32.61588668823242,28.990285873413086,identifier,jar
2.99894118309021,27.121246337890625,identifier,systemJsfJars
-38.63740921020508,114.29615783691406,),)
-111.05633544921875,133.4495391845703,{,{
157.87060546875,38.31452941894531,if,if
-168.0874481201172,-60.781883239746094,(,(
-3.6574060916900635,-21.521644592285156,identifier,path
43.50200271606445,125.810302734375,.,.
70.30266571044922,-2.3374085426330566,identifier,indexOf
-109.64344024658203,-55.94588851928711,(,(
-32.61854553222656,28.98953628540039,identifier,jar
-3.9751527309417725,-116.73777770996094,),)
115.71221923828125,-19.51457405090332,>,>
-44.56048583984375,113.0293960571289,),)
-106.14341735839844,150.4883575439453,{,{
138.3705291748047,112.0440673828125,return,return
-166.7897186279297,51.041404724121094,;,;
-14.771657943725586,187.56455993652344,},}
-18.427188873291016,184.01214599609375,},}
-26.031492233276367,179.36602783203125,},}
172.1500701904297,31.211021423339844,for,for
-159.32366943359375,-46.774288177490234,(,(
83.35731506347656,67.94115447998047,identifier,String
-32.616981506347656,28.990108489990234,identifier,jar
2.9964663982391357,27.103004455566406,identifier,systemJars
-38.92363357543945,113.46453857421875,),)
-110.36091613769531,134.79148864746094,{,{
158.08352661132812,37.81952667236328,if,if
-167.98855590820312,-60.19758987426758,(,(
-3.66144061088562,-21.43450164794922,identifier,path
43.494361877441406,125.6843032836914,.,.
70.321533203125,-2.3514010906219482,identifier,indexOf
-109.6757583618164,-55.90040588378906,(,(
-32.619503021240234,28.988393783569336,identifier,jar
-3.974982976913452,-116.69947052001953,),)
115.75404357910156,-19.519393920898438,>,>
-43.88837432861328,112.69937896728516,),)
-105.79397583007812,149.4020233154297,{,{
137.9265594482422,112.59677124023438,return,return
-168.14012145996094,50.84994888305664,;,;
-16.33370018005371,189.03431701660156,},}
-23.407329559326172,181.76376342773438,},}
132.5681610107422,115.7918701171875,return,return
-179.46963500976562,43.26640319824219,;,;
-243.2044677734375,-5.7821197509765625,},}
18.49687385559082,-0.5062887668609619,identifier,desDecrypt
-60.307334899902344,-162.38133239746094,(,(
4.240841388702393,-8.965120315551758,identifier,rawKeyData
89.24153137207031,-94.01063537597656,",",","
5.315905570983887,-10.855588912963867,identifier,encryptedData
-8.257386207580566,-225.73220825195312,),)
33.370182037353516,30.134981155395508,identifier,IllegalBlockSizeException
81.19837951660156,-91.55608367919922,",",","
33.584678649902344,30.205078125,identifier,BadPaddingException
81.271728515625,-91.29899597167969,",",","
33.30601119995117,31.142972946166992,identifier,InvalidKeyException
81.39161682128906,-91.0705795288086,",",","
33.33094024658203,31.46999740600586,identifier,NoSuchAlgorithmException
81.57691955566406,-91.05943298339844,",",","
33.47946548461914,30.247791290283203,identifier,NoSuchPaddingException
82.09265899658203,-91.60066223144531,",",","
32.808265686035156,30.007902145385742,identifier,InvalidKeySpecException
-141.1278076171875,3.642301321029663,{,{
39.25395202636719,23.282527923583984,identifier,SecureRandom
3.477206230163574,-35.523719787597656,identifier,sr
135.15330505371094,-67.60415649414062,=,=
110.61721801757812,44.642337799072266,new,new
39.293922424316406,23.176074981689453,identifier,SecureRandom
-95.63362884521484,-85.98600006103516,(,(
39.69117736816406,-154.4048309326172,),)
-105.38370513916016,58.5318717956543,;,;
18.061037063598633,23.565189361572266,identifier,DESKeySpec
-0.33404478430747986,-34.360233306884766,identifier,dks
130.634521484375,-67.0245361328125,=,=
110.89324188232422,43.76818084716797,new,new
18.07307243347168,23.555419921875,identifier,DESKeySpec
-94.6600112915039,-59.908180236816406,(,(
4.2474894523620605,-8.939986228942871,identifier,rawKeyData
2.8209869861602783,-97.6632080078125,),)
-108.3327865600586,59.601478576660156,;,;
30.927871704101562,33.944332122802734,identifier,SecretKeyFactory
1.2787054777145386,-8.88221549987793,identifier,keyFactory
128.68283081054688,-60.00143051147461,=,=
30.932241439819336,33.943241119384766,identifier,SecretKeyFactory
65.1416244506836,127.47698974609375,.,.
56.92345428466797,13.183237075805664,identifier,getInstance
-110.34449768066406,-68.23455047607422,(,(
19.23438835144043,-0.4595586359500885,"""","""DES"""
7.8024492263793945,-104.27544403076172,),)
-108.72735595703125,59.90070343017578,;,;
30.87870979309082,33.94633865356445,identifier,SecretKey
-0.3337715268135071,-10.655031204223633,identifier,key
128.52651977539062,-59.9755859375,=,=
1.3048679828643799,-8.872953414916992,identifier,keyFactory
60.0975456237793,125.67887878417969,.,.
29.501325607299805,9.169207572937012,identifier,generateSecret
-101.15708923339844,-58.239810943603516,(,(
-0.33585649728775024,-34.36031723022461,identifier,dks
2.6915993690490723,-98.79399871826172,),)
-109.2524642944336,60.01504135131836,;,;
-18.700347900390625,40.4971809387207,identifier,Cipher
-19.680875778198242,39.11178970336914,identifier,cipher
127.69064331054688,-60.75962829589844,=,=
-18.707576751708984,40.485939025878906,identifier,Cipher
65.20561981201172,127.48994445800781,.,.
56.927581787109375,13.182929992675781,identifier,getInstance
-110.36223602294922,-68.25894165039062,(,(
19.249998092651367,-0.4635104835033417,"""","""DES"""
7.649816513061523,-104.42477416992188,),)
-111.21212768554688,66.67195129394531,;,;
-19.654470443725586,39.147071838378906,identifier,cipher
60.91440963745117,113.8084716796875,.,.
63.47207260131836,-33.74074172973633,identifier,init
-95.11395263671875,-46.23964309692383,(,(
-18.700748443603516,40.493263244628906,identifier,Cipher
38.69443893432617,154.25189208984375,.,.
19.01612663269043,12.404439926147461,identifier,DECRYPT_MODE
63.241546630859375,-47.130714416503906,",",","
-0.40629488229751587,-10.786908149719238,identifier,key
57.30790328979492,-44.28252029418945,",",","
3.482564926147461,-35.52394485473633,identifier,sr
-4.8766655921936035,-101.01171112060547,),)
-113.0991439819336,62.47603988647461,;,;
5.3248677253723145,-12.247159004211426,identifier,decryptedData
120.15377044677734,-56.80894088745117,=,=
-19.652971267700195,39.14805221557617,identifier,cipher
54.79212951660156,121.24220275878906,.,.
33.63428497314453,1.7589625120162964,identifier,doFinal
-102.81777954101562,-47.94807434082031,(,(
5.319236755371094,-10.910177230834961,identifier,encryptedData
-5.728239059448242,-105.69708251953125,),)
-119.06513977050781,67.88264465332031,;,;
133.35638427734375,120.74163055419922,return,return
5.322246074676514,-12.247379302978516,identifier,decryptedData
-182.0341796875,45.073970794677734,;,;
-240.9728546142578,-9.04722785949707,},}
86.55371856689453,69.76177215576172,identifier,String
62.767730712890625,-11.71337604522705,identifier,split
-65.6475830078125,-160.19174194335938,(,(
86.13143920898438,72.08643341064453,identifier,String
-2.678278923034668,8.862204551696777,identifier,toSplit
89.5299072265625,-90.17388916015625,",",","
86.54928588867188,71.94972229003906,identifier,String
4.049096584320068,-5.484305381774902,identifier,delimiter
-12.14376449584961,-226.30897521972656,),)
-147.15501403808594,-1.060874342918396,{,{
90.48600769042969,15.200399398803711,identifier,Assert
69.64373016357422,112.7381591796875,.,.
52.40483856201172,31.320341110229492,identifier,hasLength
-96.87667846679688,-64.42252349853516,(,(
-2.7931275367736816,8.840309143066406,identifier,toSplit
54.83831787109375,-55.77404022216797,",",","
27.858247756958008,5.987131118774414,"""","""Cannot split a null or empty string"""
12.696453094482422,-103.50592803955078,),)
-102.23737335205078,62.05195236206055,;,;
90.48558044433594,15.201712608337402,identifier,Assert
69.6912841796875,112.75480651855469,.,.
52.404541015625,31.32219886779785,identifier,hasLength
-96.8761215209961,-64.38523864746094,(,(
4.049331188201904,-5.491779327392578,identifier,delimiter
54.99828338623047,-55.802528381347656,",",","
27.975351333618164,6.073139190673828,"""","""Cannot use a null or empty delimiter to split a string"""
12.636462211608887,-103.78816223144531,),)
-114.49622344970703,48.08179473876953,;,;
153.63441467285156,30.58163833618164,if,if
-172.9348602294922,-52.66729736328125,(,(
4.041495323181152,-5.490018367767334,identifier,delimiter
41.8084831237793,128.875,.,.
16.81269645690918,82.33232116699219,identifier,length
-97.2557373046875,-101.30107879638672,(,(
23.79298210144043,-150.75682067871094,),)
116.53662872314453,-13.67175579071045,!=,!=
-48.02609634399414,108.00699615478516,),)
-110.2282943725586,149.6751251220703,{,{
119.00698852539062,42.595672607421875,new,new
42.30608367919922,35.58763122558594,identifier,IllegalArgumentException
-82.18464660644531,-55.667335510253906,(,(
28.735706329345703,6.338724136352539,"""","""Delimiter can only be one character in length"""
11.933860778808594,-105.49378204345703,),)
-162.31863403320312,59.60983657836914,;,;
-21.899911880493164,170.98622131347656,},}
-41.00483703613281,-10.882736206054688,identifier,offset
135.49925231933594,-57.375389099121094,=,=
-3.0932931900024414,8.745258331298828,identifier,toSplit
49.11571502685547,126.51676940917969,.,.
70.0252685546875,-2.278599977493286,identifier,indexOf
-102.5276107788086,-58.579471588134766,(,(
4.049761772155762,-5.495582580566406,identifier,delimiter
3.957744598388672,-98.74268341064453,),)
-115.60144805908203,43.883846282958984,;,;
153.39244079589844,33.16789245605469,if,if
-167.63523864746094,-51.87491226196289,(,(
-41.00224685668945,-10.888128280639648,identifier,offset
114.68770599365234,-25.527090072631836,<,<
-42.97539520263672,108.3848648071289,),)
-107.54191589355469,150.27467346191406,{,{
139.31845092773438,110.61270904541016,return,return
-164.14405822753906,52.125,;,;
-21.685802459716797,170.3796844482422,},}
83.2589340209961,69.4153823852539,identifier,String
-4.831982135772705,6.219338893890381,identifier,beforeDelimiter
126.18755340576172,-59.2823600769043,=,=
-3.1707754135131836,8.724555969238281,identifier,toSplit
48.432037353515625,126.0079345703125,.,.
47.90037155151367,59.44777297973633,identifier,substring
-104.07398986816406,-70.10231018066406,(,(
63.365970611572266,-56.242774963378906,",",","
-40.999908447265625,-10.899739265441895,identifier,offset
-3.3624417781829834,-101.2682113647461,),)
-113.14698791503906,61.78310775756836,;,;
83.09954833984375,69.40248107910156,identifier,String
-4.823983192443848,6.240787506103516,identifier,afterDelimiter
125.84375762939453,-59.09672164916992,=,=
-3.2510600090026855,8.709482192993164,identifier,toSplit
48.370460510253906,125.85108184814453,.,.
48.15397262573242,59.28684616088867,identifier,substring
-106.97289276123047,-47.90375900268555,(,(
-41.00096893310547,-10.895998001098633,identifier,offset
53.96294021606445,-79.05557250976562,+,+
-1.2954050302505493,-107.23853302001953,),)
-117.89781188964844,67.17967224121094,;,;
135.93629455566406,118.8959732055664,return,return
112.63846588134766,39.73944854736328,new,new
86.01954650878906,67.60602569580078,identifier,String
-98.70291137695312,143.1811981201172,{,{
-4.834654808044434,6.213619232177734,identifier,beforeDelimiter
61.32887649536133,-45.51825714111328,",",","
-4.824640274047852,6.236398696899414,identifier,afterDelimiter
-14.969223976135254,175.83474731445312,},}
-184.65194702148438,45.008052825927734,;,;
-242.8200225830078,-6.887096881866455,},}
37.47301483154297,16.530136108398438,identifier,annotationEquals
-60.730934143066406,-162.96429443359375,(,(
10.255276679992676,61.910118103027344,identifier,Class
179.68667602539062,-44.14060974121094,<,<
11.996630668640137,48.713985443115234,identifier,Annotation
185.07630920410156,-11.249489784240723,>,>
9.355582237243652,-34.595985412597656,identifier,type
87.5000991821289,-92.19189453125,",",","
62.90558624267578,58.28839111328125,identifier,Map
181.44740295410156,-43.69154739379883,<,<
90.9525146484375,67.17518615722656,identifier,String
70.46183013916016,-65.38550567626953,",",","
86.2791748046875,56.763545989990234,identifier,Object
185.0340118408203,-12.628963470458984,>,>
-7.900160312652588,-28.590892791748047,identifier,members
86.72029113769531,-90.95558166503906,",",","
85.75369262695312,57.09315872192383,identifier,Object
19.397733688354492,-23.266719818115234,identifier,other
-9.880284309387207,-228.20664978027344,),)
30.50172996520996,-64.82414245605469,identifier,Exception
-143.2034912109375,4.698017120361328,{,{
152.8727569580078,25.239744186401367,if,if
-177.84674072265625,-52.38539505004883,(,(
8.966678619384766,-34.16149139404297,identifier,type
44.84843826293945,127.6406021118164,.,.
38.463321685791016,7.924705505371094,identifier,isInstance
-108.41700744628906,-59.39867401123047,(,(
19.39934730529785,-23.265962600708008,identifier,other
-5.333779811859131,-123.27481842041016,),)
-51.3241081237793,110.10889434814453,),)
-109.11994171142578,151.8715362548828,{,{
138.74607849121094,109.93315887451172,return,return
-163.0063018798828,52.84956359863281,;,;
-24.068950653076172,168.98545837402344,},}
170.6705322265625,30.83164405822754,for,for
-160.0131072998047,-44.977935791015625,(,(
18.694494247436523,48.7314453125,identifier,Method
-17.704618453979492,19.564205169677734,identifier,method
8.947465896606445,-34.12480545043945,identifier,type
57.62730026245117,138.15501403808594,.,.
32.47919464111328,20.98893165588379,identifier,getDeclaredMethods
-101.18307495117188,-97.71330261230469,(,(
19.947994232177734,-154.08810424804688,),)
-51.65306091308594,115.76142120361328,),)
-112.68435668945312,135.87432861328125,{,{
82.21442413330078,71.21163177490234,identifier,String
-15.717280387878418,-16.64514923095703,identifier,name
128.84788513183594,-56.06568145751953,=,=
-17.758346557617188,19.583768844604492,identifier,method
55.23173141479492,137.3416290283203,.,.
-18.84889793395996,-20.8411922454834,identifier,getName
-102.12735748291016,-94.80736541748047,(,(
35.082969665527344,-149.62742614746094,),)
-117.42240142822266,42.02468490600586,;,;
155.82643127441406,36.5484733581543,if,if
-172.28724670410156,-59.72726821899414,(,(
53.963706970214844,14.701332092285156,identifier,Arrays
69.37132263183594,121.33660888671875,.,.
54.48080825805664,10.046967506408691,identifier,deepEquals
-97.24360656738281,-55.316749572753906,(,(
109.56224060058594,40.233787536621094,new,new
85.34628295898438,56.009212493896484,identifier,Object
-98.71646118164062,143.2157440185547,{,{
-17.761165618896484,19.58562469482422,identifier,method
56.35988235473633,120.90953063964844,.,.
58.15207290649414,15.961057662963867,identifier,invoke
-107.47718048095703,-53.34561538696289,(,(
19.400575637817383,-23.26502799987793,identifier,other
-0.9458392858505249,-118.50473022460938,),)
-15.293085098266602,175.43641662597656,},}
65.16612243652344,-45.221927642822266,",",","
109.69535064697266,39.85397720336914,new,new
85.36909484863281,56.04304504394531,identifier,Object
-98.71465301513672,143.2077178955078,{,{
-7.9008469581604,-28.59004783630371,identifier,members
50.988075256347656,128.7955322265625,.,.
60.86134719848633,19.79255485534668,identifier,get
-108.01068878173828,-54.64540481567383,(,(
-14.464893341064453,-18.58943748474121,identifier,name
-0.9763322472572327,-118.5085678100586,),)
-15.24526309967041,175.50369262695312,},}
-10.806547164916992,-116.1234130859375,),)
-46.82890319824219,116.03239440917969,),)
-104.81153106689453,149.266357421875,{,{
137.59873962402344,111.91651153564453,return,return
-168.3277130126953,50.807979583740234,;,;
-16.869293212890625,188.79641723632812,},}
-23.75865936279297,182.091552734375,},}
132.5187530517578,116.84600067138672,return,return
-180.2288055419922,43.07020568847656,;,;
-244.07675170898438,-6.72385311126709,},}
-0.6362141966819763,23.704063415527344,identifier,continueTx
-62.259681701660156,-158.00791931152344,(,(
16.61222267150879,29.03057098388672,identifier,JtxTransaction
-1.111297845840454,23.13041114807129,identifier,sourceTx
89.73160552978516,-91.86333465576172,",",","
16.569093704223633,29.02239418029785,identifier,JtxTransactionMode
-4.454174995422363,22.145980834960938,identifier,destMode
-12.822412490844727,-227.4021759033203,),)
-149.47959899902344,3.0662078857421875,{,{
152.42922973632812,23.943239212036133,if,if
-178.43186950683594,-51.29119110107422,(,(
34.57915115356445,8.864635467529297,identifier,validateExistingTransaction
-47.38563537597656,103.07787322998047,),)
-109.88903045654297,153.45603942871094,{,{
139.48545837402344,108.07501220703125,return,return
-161.25643920898438,51.16521453857422,;,;
-20.959087371826172,167.956298828125,},}
16.487031936645508,29.05162239074707,identifier,JtxTransactionMode
-2.827895164489746,22.531646728515625,identifier,sourceMode
134.83140563964844,-60.74911880493164,=,=
-1.2096667289733887,23.040578842163086,identifier,sourceTx
60.68903350830078,135.755615234375,.,.
24.69635581970215,24.09212875366211,identifier,getTransactionMode
-99.22283172607422,-91.77481079101562,(,(
38.45603561401367,-151.73419189453125,),)
-106.50939178466797,56.791622161865234,;,;
15.736773490905762,29.176177978515625,identifier,JtxIsolationLevel
-4.192688465118408,19.811891555786133,identifier,destIsolationLevel
134.4949493408203,-60.164886474609375,=,=
-4.404160022735596,22.134553909301758,identifier,destMode
60.770320892333984,136.52415466308594,.,.
23.072917938232422,23.587488174438477,identifier,getIsolationLevel
-100.13574981689453,-92.20800018310547,(,(
37.87654495239258,-151.04031372070312,),)
-113.81063079833984,43.354148864746094,;,;
156.5033721923828,30.5922794342041,if,if
-171.31861877441406,-51.38434600830078,(,(
-4.161850929260254,19.872623443603516,identifier,destIsolationLevel
115.30644989013672,-13.273951530456543,!=,!=
18.81072998046875,15.882503509521484,identifier,ISOLATION_DEFAULT
-43.99970626831055,104.79913330078125,),)
-114.43894958496094,137.79917907714844,{,{
15.692370414733887,29.187257766723633,identifier,JtxIsolationLevel
-3.742600679397583,18.722532272338867,identifier,currentIsolationLevel
128.7499542236328,-58.372764587402344,=,=
-2.842158317565918,22.560182571411133,identifier,sourceMode
60.752567291259766,136.6564483642578,.,.
23.07835578918457,23.587738037109375,identifier,getIsolationLevel
-100.76573181152344,-92.54342651367188,(,(
36.89691162109375,-150.09002685546875,),)
-117.49063873291016,43.51472854614258,;,;
157.4220428466797,34.234222412109375,if,if
-169.1109161376953,-53.575260162353516,(,(
-3.737194776535034,18.733112335205078,identifier,currentIsolationLevel
115.11579132080078,-13.646345138549805,!=,!=
-4.14166259765625,19.869590759277344,identifier,destIsolationLevel
-42.81076431274414,106.52542877197266,),)
-109.0057373046875,148.56483459472656,{,{
117.8837661743164,42.187870025634766,new,new
17.43889045715332,30.302040100097656,identifier,JtxException
-83.33860778808594,-54.90849304199219,(,(
28.66727066040039,8.041197776794434,"""","""Participating TX specifies isolation level: """
53.11441421508789,-86.80368041992188,+,+
-4.1399664878845215,19.864805221557617,identifier,destIsolationLevel
56.107521057128906,-82.98628234863281,+,+
29.74970245361328,5.722661018371582,"""",""" which is incompatible with existing TX: """
53.012794494628906,-85.91045379638672,+,+
-3.699958086013794,18.647666931152344,identifier,currentIsolationLevel
-3.3278582096099854,-94.7705307006836,),)
-163.1586151123047,58.69114685058594,;,;
-15.086132049560547,186.6891326904297,},}
-26.33076286315918,179.26800537109375,},}
149.2639617919922,36.9461669921875,if,if
-170.31094360351562,-58.91695785522461,(,(
-119.90023803710938,-55.831817626953125,(,(
-4.383976936340332,22.16463279724121,identifier,destMode
48.45035934448242,134.09970092773438,.,.
41.944583892822266,-1.4227863550186157,identifier,isReadOnly
-108.73640441894531,-97.20389556884766,(,(
16.602067947387695,-153.74896240234375,),)
-15.057790756225586,-116.74200439453125,),)
-118.22920989990234,-56.114219665527344,(,(
-2.862860679626465,22.578332901000977,identifier,sourceMode
48.45166778564453,134.16233825683594,.,.
41.94386291503906,-1.422559142112732,identifier,isReadOnly
-108.7514877319336,-97.15789031982422,(,(
16.456584930419922,-153.6611328125,),)
-13.536590576171875,-116.54319763183594,),)
-47.2082405090332,115.27288055419922,),)
-106.65252685546875,147.14129638671875,{,{
117.74022674560547,41.30678176879883,new,new
17.45064926147461,30.31205177307129,identifier,JtxException
-84.01435089111328,-54.351318359375,(,(
29.148412704467773,7.444668292999268,"""","""Participating TX is not marked as read-only, but existing TX is"""
-13.838236808776855,-106.29531860351562,),)
-176.4759979248047,51.392330169677734,;,;
-20.547718048095703,189.27037048339844,},}
-243.30142211914062,-1.5127533674240112,},}
20.913373947143555,31.076147079467773,identifier,OServerUserConfiguration
0.5241422057151794,-1.951155424118042,identifier,getUser
-63.84027862548828,-160.03408813476562,(,(
88.00363159179688,75.54077911376953,identifier,String
-15.442091941833496,-25.952756881713867,identifier,username
-12.841484069824219,-224.31082153320312,),)
-149.26820373535156,0.15648655593395233,{,{
21.048839569091797,31.073482513427734,identifier,OServerUserConfiguration
-8.386605262756348,6.797560691833496,identifier,userCfg
125.86787414550781,-47.35471725463867,=,=
-107.15105438232422,43.81609344482422,;,;
-107.25122833251953,126.95933532714844,{,{
156.49546813964844,25.68194007873535,if,if
-175.3657989501953,-52.51621627807617,(,(
-6.294959545135498,53.2105712890625,identifier,getServer
-98.5401840209961,-95.8270263671875,(,(
22.382970809936523,-151.55743408203125,),)
115.66336059570312,-9.526153564453125,!=,!=
-47.88261413574219,106.51049041748047,),)
-115.02135467529297,137.373291015625,{,{
22.005300521850586,31.41527557373047,identifier,OUser
-1.2029194831848145,-2.488572359085083,identifier,user
130.97943115234375,-58.12190628051758,=,=
-6.299499988555908,53.2074089050293,identifier,getServer
-98.62646484375,-95.15901184082031,(,(
18.579553604125977,-141.2314910888672,),)
70.20915222167969,137.44883728027344,.,.
22.850984573364258,30.507423400878906,identifier,getSecurity
-99.12956237792969,-94.35667419433594,(,(
18.72849464416504,-140.8065948486328,),)
70.25013732910156,137.3978729248047,.,.
1.2442703247070312,-1.7339560985565186,identifier,getSystemUser
-103.16433715820312,-57.51974105834961,(,(
-15.20844841003418,-25.638713836669922,identifier,username
56.022640228271484,-51.55757141113281,",",","
6.108946323394775,-100.12716674804688,),)
-116.931884765625,44.237876892089844,;,;
156.95130920410156,34.27699279785156,if,if
-169.89195251464844,-54.092613220214844,(,(
-1.4526338577270508,-2.460681200027466,identifier,user
116.44758605957031,-11.662134170532227,!=,!=
-1.587664246559143,-2.4705698490142822,identifier,user
57.02667236328125,140.1066436767578,.,.
30.796125411987305,10.504962921142578,identifier,getAccountStatus
-105.05337524414062,-98.92041778564453,(,(
22.318946838378906,-149.21316528320312,),)
101.13302612304688,-15.663556098937988,==,==
22.284452438354492,30.974950790405273,identifier,OSecurityUser
36.597110748291016,153.96755981445312,.,.
17.533830642700195,16.4486083984375,identifier,STATUSES
35.99101638793945,155.8384552001953,.,.
38.76369857788086,4.659664630889893,identifier,ACTIVE
-46.241031646728516,111.19230651855469,),)
-110.78855895996094,144.04519653320312,{,{
-8.394505500793457,6.801325798034668,identifier,userCfg
122.94237518310547,-62.335365295410156,=,=
112.3316421508789,42.341148376464844,new,new
21.185890197753906,30.99798011779785,identifier,OServerUserConfiguration
-92.48440551757812,-56.57275390625,(,(
-1.5716615915298462,-2.4590375423431396,identifier,user
53.085567474365234,141.2530059814453,.,.
-18.25907325744629,-20.803592681884766,identifier,getName
-108.3007583618164,-102.16949462890625,(,(
12.55557632446289,-157.3131866455078,),)
63.6916389465332,-40.849525451660156,",",","
28.16128158569336,-6.517396450042725,"""",""""""
57.34843444824219,-60.794151306152344,",",","
28.160858154296875,-6.5177812576293945,"""",""""""
-9.110481262207031,-98.47280883789062,),)
-172.0272216796875,60.87263870239258,;,;
-15.834420204162598,186.6475372314453,},}
-19.054737091064453,183.59445190429688,},}
-35.718177795410156,173.44300842285156,},}
-154.947021484375,-50.501495361328125,(,(
29.23542594909668,-65.96096801757812,identifier,Exception
27.767406463623047,-75.53386688232422,identifier,ex
-36.95164108276367,110.69916534423828,),)
-103.45740509033203,142.6485137939453,{,{
24.737550735473633,31.37019157409668,identifier,OLogManager
65.46983337402344,123.05005645751953,.,.
59.44825744628906,12.070374488830566,identifier,instance
-108.9937744140625,-83.97461700439453,(,(
21.459644317626953,-140.33493041992188,),)
72.2864761352539,132.0430450439453,.,.
65.45994567871094,-18.522754669189453,identifier,error
-85.30994415283203,-49.02393341064453,(,(
52.27393341064453,-55.3867073059082,",",","
24.960975646972656,3.1217076778411865,"""","""getUser()"""
67.49908447265625,-50.640235900878906,",",","
27.85690689086914,-76.50555419921875,identifier,ex
-9.94527816772461,-101.9456558227539,),)
-175.4287567138672,55.11653518676758,;,;
-21.34602928161621,179.59786987304688,},}
132.34259033203125,119.46575164794922,return,return
-8.412307739257812,6.827903747558594,identifier,userCfg
-182.65574645996094,43.287166595458984,;,;
-244.21630859375,-7.290890693664551,},}
44.97751998901367,11.188892364501953,identifier,appendAttribute
-61.39176559448242,-158.165771484375,(,(
87.65003967285156,73.36222076416016,identifier,String
-9.720123291015625,-15.351481437683105,identifier,clearname
89.11703491210938,-88.1400375366211,",",","
9.327730178833008,-34.672767639160156,identifier,type
87.24014282226562,-88.8998794555664,",",","
88.8089370727539,73.13882446289062,identifier,String
18.856388092041016,-53.295467376708984,identifier,value
86.3047866821289,-88.6815414428711,",",","
43.194007873535156,-46.8120231628418,identifier,check
-9.399565696716309,-227.91879272460938,),)
21.304407119750977,18.738828659057617,identifier,DASException
-142.9127960205078,2.428037643432617,{,{
52.54777526855469,35.429256439208984,identifier,Attribute
-5.314824104309082,-45.38760757446289,identifier,a
135.36744689941406,-64.3924560546875,=,=
-119.31341552734375,-52.311073303222656,(,(
52.54605484008789,35.42989730834961,identifier,Attribute
7.715440273284912,-118.24395751953125,),)
18.858312606811523,-15.26055908203125,identifier,_attr
53.163902282714844,126.94310760498047,.,.
61.54899978637695,19.50670623779297,identifier,get
-103.75099182128906,-60.2371711730957,(,(
-9.89051342010498,-15.331220626831055,identifier,clearname
5.392695426940918,-97.23828125,),)
-113.61763000488281,44.54549026489258,;,;
156.14459228515625,29.932802200317383,if,if
-172.48233032226562,-53.66891098022461,(,(
-5.155389308929443,-44.5918083190918,identifier,a
115.91934204101562,-11.696526527404785,!=,!=
-118.65640258789062,-56.231666564941406,(,(
8.824990272521973,-34.25733184814453,identifier,type
115.0492935180664,-13.725671768188477,!=,!=
-4.514366149902344,-44.23278045654297,identifier,a
56.715511322021484,139.77639770507812,.,.
10.620758056640625,4.384163856506348,identifier,getType
-106.40918731689453,-102.33097839355469,(,(
18.01616668701172,-155.70765686035156,),)
-14.11001205444336,-115.98941802978516,),)
-49.87911605834961,111.47201538085938,),)
-110.3357925415039,149.21121215820312,{,{
118.04048156738281,42.404624938964844,new,new
33.76705551147461,26.13418960571289,identifier,AttributeExistsException
-83.18141174316406,-55.14814376831055,(,(
31.87318992614746,4.599630355834961,"""","""The Attribute `"""
53.0919189453125,-87.45426940917969,+,+
-9.914559364318848,-15.342527389526367,identifier,clearname
56.31827926635742,-83.05927276611328,+,+
29.711063385009766,5.723090171813965,"""","""' was previously defined with a different type."""
12.219267845153809,-106.16914367675781,),)
-162.478759765625,59.15471267700195,;,;
-31.441133499145508,167.68319702148438,},}
-33.511539459228516,153.35781860351562,else,else
149.63746643066406,40.54016876220703,if,if
-167.10903930664062,-54.142127990722656,(,(
-5.1575422286987305,-44.50425720214844,identifier,a
116.76154327392578,-11.350192070007324,!=,!=
-43.79145812988281,109.14656829833984,),)
-109.52667236328125,143.16871643066406,{,{
-4.628051280975342,-44.491703033447266,identifier,a
57.90031051635742,113.37238311767578,.,.
45.26390838623047,11.290700912475586,identifier,appendValue
-100.87566375732422,-51.534698486328125,(,(
18.600994110107422,-52.21638488769531,identifier,value
58.28017044067383,-48.763153076171875,",",","
43.20940399169922,-46.80904769897461,identifier,check
-5.742733478546143,-99.32684326171875,),)
-169.26962280273438,58.47725296020508,;,;
-32.59865951538086,167.98748779296875,},}
-34.05391311645508,150.9081573486328,else,else
-103.99869537353516,136.7573699951172,{,{
-5.312014579772949,-44.959312438964844,identifier,a
124.85526275634766,-63.276031494140625,=,=
112.08545684814453,41.66658020019531,new,new
52.555633544921875,35.42171859741211,identifier,Attribute
-94.17515563964844,-56.828800201416016,(,(
8.758676528930664,-34.50348663330078,identifier,type
56.637184143066406,-47.47039031982422,",",","
-9.948212623596191,-15.327957153320312,identifier,clearname
56.561763763427734,-45.50508499145508,",",","
18.562824249267578,-51.90082550048828,identifier,value
57.26103210449219,-44.416744232177734,",",","
43.21236801147461,-46.80900192260742,identifier,check
-5.302629470825195,-100.67981719970703,),)
-112.53030395507812,70.60853576660156,;,;
18.863122940063477,-15.26074504852295,identifier,_attr
59.18940353393555,115.99440002441406,.,.
70.01252746582031,19.694501876831055,identifier,put
-99.07809448242188,-44.18569564819336,(,(
-9.988592147827148,-15.310023307800293,identifier,clearname
61.55025863647461,-47.73130416870117,",",","
-5.296432971954346,-44.113739013671875,identifier,a
-9.143728256225586,-103.46366882324219,),)
-178.8690948486328,53.435211181640625,;,;
-21.331085205078125,189.90489196777344,},}
-244.82907104492188,-0.41586628556251526,},}
12.783267974853516,22.43497657775879,identifier,MetricTimeSeries
12.783844947814941,22.448284149169922,identifier,getMetricTimeSeries
-63.158058166503906,-160.22630310058594,(,(
86.67730712890625,73.52733612060547,identifier,String
0.38765087723731995,7.546176910400391,identifier,actualMetricPath
-15.24709701538086,-224.7725067138672,),)
-149.3719940185547,-0.7536978125572205,{,{
62.8249397277832,56.87186050415039,identifier,Map
182.5409393310547,-44.14225769042969,<,<
88.84176635742188,67.51756286621094,identifier,String
70.84223175048828,-64.47171020507812,",",","
89.23799133300781,69.44802856445312,identifier,String
183.54058837890625,-13.156494140625,>,>
-0.6774656772613525,5.786301612854004,identifier,actualDimensions
133.11268615722656,-67.35360717773438,=,=
109.60205078125,45.78361511230469,new,new
61.07393264770508,55.16067123413086,identifier,HashMap
182.77207946777344,-22.834659576416016,<,<>
-94.03999328613281,-84.44691467285156,(,(
38.67416763305664,-155.1246337890625,),)
-104.35790252685547,61.166709899902344,;,;
-0.6689717173576355,5.7719902992248535,identifier,actualDimensions
51.802574157714844,117.27214813232422,.,.
70.51495361328125,16.010276794433594,identifier,putAll
-97.95448303222656,-62.61053466796875,(,(
-6.417067527770996,-9.989392280578613,identifier,dimensions
4.6277642250061035,-95.12601470947266,),)
-109.01153564453125,56.206687927246094,;,;
84.66647338867188,69.27385711669922,identifier,String
-4.151900291442871,-22.044849395751953,identifier,path
133.63096618652344,-59.50382995605469,=,=
0.3704192638397217,7.538735866546631,identifier,actualMetricPath
50.13213348388672,126.4284896850586,.,.
62.685943603515625,-11.53521728515625,identifier,split
-106.74862670898438,-64.54865264892578,(,(
28.07649803161621,-0.4870745837688446,"""","""\\|"""
9.555219650268555,-101.98845672607422,),)
-110.6833267211914,47.38399124145508,;,;
170.606201171875,29.480363845825195,for,for
-162.5487823486328,-44.5184326171875,(,(
-64.70061492919922,1.3954576253890991,identifier,i
131.94168090820312,-48.3930549621582,=,=
-94.27288818359375,52.141109466552734,;,;
-62.88700485229492,2.0784831047058105,identifier,i
116.75233459472656,-30.800939559936523,<,<
-5.945918083190918,-10.293110847473145,identifier,dimensionsPath
39.62753677368164,130.34527587890625,.,.
14.960728645324707,81.89277648925781,identifier,length
-92.667724609375,48.81751251220703,;,;
-61.937129974365234,3.453719139099121,identifier,i
-42.127349853515625,117.43104553222656,),)
-111.89527893066406,134.3484649658203,{,{
159.51226806640625,37.69434356689453,if,if
-170.27801513671875,-61.12662124633789,(,(
28.025562286376953,-3.2172138690948486,"""","""-"""
39.34192657470703,124.06829071044922,.,.
93.9264144897461,-15.865152359008789,identifier,equals
-111.77558898925781,-58.67338562011719,(,(
-5.937480449676514,-10.307479858398438,identifier,dimensionsPath
-58.907264709472656,0.8459815979003906,identifier,i
-6.863874435424805,-122.0109634399414,),)
-48.48870086669922,112.63528442382812,),)
-106.62554168701172,150.96682739257812,{,{
-165.20611572265625,50.07514572143555,;,;
-19.657400131225586,172.50758361816406,},}
-0.6743256449699402,5.739364147186279,identifier,actualDimensions
55.28261184692383,115.61056518554688,.,.
70.50975036621094,19.4834041595459,identifier,put
-96.39752960205078,-43.60187530517578,(,(
-5.931004524230957,-10.312992095947266,identifier,dimensionsPath
-58.48351287841797,0.9637814164161682,identifier,i
64.35736846923828,-44.73185729980469,",",","
-4.141853332519531,-20.999858856201172,identifier,path
-58.31314468383789,0.40576136112213135,identifier,i
-9.592891693115234,-96.42572021484375,),)
-172.4616241455078,58.13597106933594,;,;
-24.057971954345703,179.6793670654297,},}
135.66159057617188,120.14950561523438,return,return
113.77062225341797,40.566551208496094,new,new
12.780399322509766,22.42676544189453,identifier,MetricTimeSeries
-94.29756927490234,-54.31266784667969,(,(
-4.210458755493164,-20.87154197692871,identifier,path
-4.102797985076904,-20.91436004638672,identifier,path
37.915611267089844,129.23406982421875,.,.
14.656835556030273,83.14260864257812,identifier,length
63.15348434448242,-45.25199508666992,",",","
-0.6958386898040771,5.692742347717285,identifier,actualDimensions
-11.011889457702637,-104.32952117919922,),)
-182.3848876953125,47.70972442626953,;,;
-242.13169860839844,-7.259429454803467,},}
54.24065017700195,-2.8248026371002197,identifier,Connection
38.68719482421875,21.162878036499023,identifier,randomGet
-65.47543334960938,-161.35125732421875,(,(
67.07095336914062,53.46489334106445,identifier,List
183.13558959960938,-46.15596389770508,<,<
54.24057388305664,-2.8263187408447266,identifier,Connection
183.34323120117188,-11.659823417663574,>,>
-24.53226661682129,3.850524425506592,identifier,conns
-13.971760749816895,-225.11300659179688,),)
-150.439697265625,1.9802663326263428,{,{
153.9222869873047,24.044340133666992,if,if
-177.80789184570312,-50.41527557373047,(,(
102.14907836914062,-12.63283920288086,==,==
-24.49135398864746,3.840660572052002,identifier,conns
-24.4591007232666,3.8229689598083496,identifier,conns
44.31207275390625,130.17160034179688,.,.
83.39593505859375,-3.0585415363311768,identifier,isEmpty
-94.12779998779297,-99.8833999633789,(,(
22.74192237854004,-157.12828063964844,),)
-51.558109283447266,108.6612777709961,),)
-109.6806411743164,152.57672119140625,{,{
139.5731658935547,109.75749969482422,return,return
-162.1209259033203,52.45375061035156,;,;
-21.849899291992188,168.77320861816406,},}
23.194896697998047,79.31017303466797,identifier,size
135.8428955078125,-58.47762680053711,=,=
-24.4382381439209,3.8039467334747314,identifier,conns
43.10957717895508,131.23216247558594,.,.
22.942880630493164,80.86979675292969,identifier,size
-97.73426055908203,-99.23963928222656,(,(
37.04944610595703,-152.3395233154297,),)
-107.96017456054688,55.03606033325195,;,;
21.549755096435547,-13.998847007751465,identifier,tries
128.04568481445312,-48.54704666137695,=,=
-106.55791473388672,52.46779251098633,;,;
54.24156188964844,-2.8229098320007324,identifier,Connection
-33.04035186767578,-57.90433883666992,identifier,result
125.13481903076172,-48.229217529296875,=,=
-107.95883178710938,46.02546691894531,;,;
164.44769287109375,28.77301597595215,while,while
-176.42703247070312,-59.19438934326172,(,(
-120.03190612792969,-55.815181732177734,(,(
-30.168249130249023,-58.86882781982422,identifier,result
106.40845489501953,-11.846245765686035,==,==
-29.388944625854492,-58.38423538208008,identifier,result
50.634342193603516,134.46890258789062,.,.
43.642215728759766,30.31072425842285,identifier,isFine
-106.3990249633789,-96.45602416992188,(,(
17.695383071899414,-155.39584350585938,),)
-15.179444313049316,-116.10537719726562,),)
21.549999237060547,-13.998761177062988,identifier,tries
115.73281860351562,-28.916160583496094,<,<
16.44520378112793,14.103480339050293,identifier,MAX_TIMES
-45.84073257446289,111.62012481689453,),)
-111.04191589355469,142.6646270751953,{,{
-31.825260162353516,-58.22947692871094,identifier,result
122.95149230957031,-60.04984664916992,=,=
-24.405717849731445,3.7826786041259766,identifier,conns
51.70677185058594,127.57111358642578,.,.
61.72450637817383,20.313934326171875,identifier,get
-100.56257629394531,-55.36545181274414,(,(
40.464908599853516,110.23409271240234,.,.
38.96843338012695,22.068084716796875,identifier,random
44.80186462402344,134.06964111328125,.,.
40.312538146972656,22.48805046081543,identifier,nextInt
-110.35079193115234,-54.63523864746094,(,(
23.002336502075195,79.50038146972656,identifier,size
-3.315581798553467,-120.42017364501953,),)
-13.176135063171387,-93.7900390625,),)
-170.93093872070312,61.31519317626953,;,;
-25.220142364501953,173.68524169921875,},}
150.69412231445312,36.30647277832031,if,if
-166.22227478027344,-56.11848449707031,(,(
-30.31173324584961,-58.957252502441406,identifier,result
117.90599822998047,-10.796197891235352,!=,!=
-29.459571838378906,-58.417335510253906,identifier,result
50.58870315551758,134.59071350097656,.,.
43.64384841918945,30.309682846069336,identifier,isFine
-106.59513092041016,-96.2913589477539,(,(
17.049665451049805,-152.7206573486328,),)
-46.61309051513672,114.52841186523438,),)
-107.02606964111328,143.04490661621094,{,{
-31.461158752441406,-58.54301452636719,identifier,result
123.54669952392578,-50.635135650634766,=,=
-171.08544921875,52.33652114868164,;,;
-21.221939086914062,178.62364196777344,},}
132.7279510498047,118.4396743774414,return,return
-30.277109146118164,-60.3541259765625,identifier,result
-181.03358459472656,43.779266357421875,;,;
-243.16893005371094,-6.529481410980225,},}
66.2365951538086,53.5252685546875,identifier,List
182.21826171875,-46.17116165161133,<,<
-10.557992935180664,13.630584716796875,identifier,EnvVar
183.1034698486328,-10.122963905334473,>,>
36.694252014160156,16.960744857788086,identifier,convertToEnvVarList
-61.28520965576172,-162.6266632080078,(,(
63.14484405517578,57.76483154296875,identifier,Map
180.9661102294922,-44.16676712036133,<,<
89.97996520996094,67.45248413085938,identifier,String
70.81108093261719,-65.66618347167969,",",","
89.78363800048828,69.74295806884766,identifier,String
184.26278686523438,-12.246685028076172,>,>
-10.1840238571167,11.73339557647705,identifier,envVars
-14.237692832946777,-226.8296356201172,),)
-148.15652465820312,0.5009652972221375,{,{
66.3402328491211,52.70419692993164,identifier,List
184.24343872070312,-44.505470275878906,<,<
-10.55421257019043,13.661478996276855,identifier,EnvVar
182.47793579101562,-13.318121910095215,>,>
-10.095924377441406,10.175966262817383,identifier,envList
133.19117736816406,-67.07421875,=,=
109.79752349853516,45.32388687133789,new,new
61.89088439941406,48.22435760498047,identifier,LinkedList
182.7637939453125,-22.820384979248047,<,<>
-93.99620056152344,-84.47128295898438,(,(
38.19850158691406,-154.73995971679688,),)
-110.80587005615234,46.630584716796875,;,;
169.79310607910156,30.391054153442383,for,for
-160.66819763183594,-43.87473678588867,(,(
61.902687072753906,58.06180953979492,identifier,Map
70.7017822265625,120.34600830078125,.,.
50.81230926513672,47.003684997558594,identifier,Entry
181.79481506347656,-42.81011962890625,<,<
89.19577026367188,67.01215362548828,identifier,String
69.87661743164062,-64.84354400634766,",",","
89.60472106933594,69.28777313232422,identifier,String
184.10980224609375,-14.017644882202148,>,>
26.67585563659668,-37.52034378051758,identifier,entry
-10.196151733398438,11.718893051147461,identifier,envVars
45.02566146850586,131.17578125,.,.
50.559471130371094,47.677093505859375,identifier,entrySet
-100.27208709716797,-98.88652801513672,(,(
20.671154022216797,-154.27560424804688,),)
-51.83649444580078,115.4297103881836,),)
-112.98590087890625,135.8796844482422,{,{
82.31673431396484,70.61479187011719,identifier,String
-15.648344039916992,-16.570871353149414,identifier,name
129.4589080810547,-56.26314926147461,=,=
26.4421443939209,-37.11494445800781,identifier,entry
55.214603424072266,136.76954650878906,.,.
21.979692459106445,-48.82020568847656,identifier,getKey
-102.23920440673828,-94.61084747314453,(,(
34.820220947265625,-150.12655639648438,),)
-112.8520278930664,56.026222229003906,;,;
82.34114837646484,70.30713653564453,identifier,String
17.87822151184082,-53.346527099609375,identifier,value
128.96315002441406,-56.366085052490234,=,=
26.4232177734375,-37.08134460449219,identifier,entry
55.21265411376953,136.75755310058594,.,.
21.485153198242188,-49.58094787597656,identifier,getValue
-102.28425598144531,-94.3482666015625,(,(
35.15376281738281,-149.7174835205078,),)
-116.85368347167969,42.36229705810547,;,;
156.18972778320312,34.60050964355469,if,if
-166.78602600097656,-52.76506805419922,(,(
-14.75673770904541,-17.398252487182617,identifier,name
116.97708129882812,-10.769287109375,!=,!=
-43.33023452758789,109.73823547363281,),)
-110.3269271850586,139.4465789794922,{,{
-10.560212135314941,13.722506523132324,identifier,EnvVar
-11.060603141784668,10.65958309173584,identifier,env
124.69678497314453,-62.35381317138672,=,=
111.90597534179688,42.227569580078125,new,new
-10.544485092163086,13.826839447021484,identifier,EnvVarBuilder
-97.08333587646484,-84.3163833618164,(,(
20.3186092376709,-140.70529174804688,),)
71.36026763916016,133.93785095214844,.,.
47.336326599121094,10.845600128173828,identifier,withName
-105.18895721435547,-53.1672248840332,(,(
-14.233687400817871,-18.2714900970459,identifier,name
-0.34791094064712524,-112.4911880493164,),)
71.51180267333984,133.86532592773438,.,.
47.25608444213867,10.864256858825684,identifier,withValue
-105.20672607421875,-53.067420959472656,(,(
18.39922523498535,-51.710227966308594,identifier,value
-0.30664002895355225,-112.41751098632812,),)
72.1579818725586,133.88992309570312,.,.
32.73993682861328,0.8150604367256165,identifier,build
-108.04228210449219,-87.15435028076172,(,(
36.09049606323242,-144.29820251464844,),)
-111.70721435546875,71.05377960205078,;,;
-10.087485313415527,10.116978645324707,identifier,envList
55.87361526489258,114.74124145507812,.,.
70.7281723022461,13.025750160217285,identifier,add
-99.23287963867188,-45.330867767333984,(,(
-10.972702026367188,10.717803001403809,identifier,env
-6.357079029083252,-104.24579620361328,),)
-174.57565307617188,57.17208480834961,;,;
-18.71917152404785,186.9338836669922,},}
-24.658706665039062,182.26571655273438,},}
131.90158081054688,118.98674774169922,return,return
-10.035477638244629,10.040201187133789,identifier,envList
-182.5259552001953,42.82822799682617,;,;
-244.65289306640625,-7.996973991394043,},}
28.773029327392578,14.051095962524414,identifier,coeff
-58.44054412841797,-158.1815643310547,(,(
49.300907135009766,96.73023986816406,identifier,block
88.4869384765625,-88.71656799316406,",",","
-47.13521194458008,7.356849670410156,identifier,ind
87.0804672241211,-87.8006591796875,",",","
36.59589385986328,-47.45360565185547,identifier,level
-14.475549697875977,-229.99114990234375,),)
-147.34169006347656,3.3727500438690186,{,{
169.3186798095703,28.82278823852539,for,for
-163.09088134765625,-43.290428161621094,(,(
-64.6309585571289,1.9621598720550537,identifier,i
131.1412353515625,-48.90147018432617,=,=
-95.34123992919922,52.18083953857422,;,;
-63.64667510986328,2.9996378421783447,identifier,i
115.90018463134766,-30.112260818481445,<,<
-94.24484252929688,48.37998962402344,;,;
-63.1058235168457,3.6771912574768066,identifier,i
-40.4993782043457,117.54047393798828,),)
-112.70868682861328,137.37049865722656,{,{
49.3857307434082,97.16996765136719,identifier,block
-58.91682434082031,1.8129035234451294,identifier,i
6.146073341369629,39.33681106567383,identifier,COEFF
-47.41808319091797,7.280165195465088,identifier,ind
-58.89615249633789,1.8081988096237183,identifier,i
36.02518081665039,-47.52142333984375,identifier,level
-104.61400604248047,70.69490051269531,;,;
49.402931213378906,97.25513458251953,identifier,block
-59.670814514160156,2.836355686187744,identifier,i
55.085357666015625,-77.4540786743164,+,+
6.145169734954834,39.331016540527344,identifier,COEFF
-47.448883056640625,7.270511627197266,identifier,ind
-59.51103210449219,2.628864288330078,identifier,i
55.17763900756836,-77.54806518554688,+,+
35.97917175292969,-47.52809143066406,identifier,level
-104.63504028320312,70.71310424804688,;,;
49.41071319580078,97.28965759277344,identifier,block
-59.41675567626953,2.943542718887329,identifier,i
55.42197036743164,-77.57258605957031,+,+
6.143479824066162,39.330074310302734,identifier,COEFF
-47.46392059326172,7.265496730804443,identifier,ind
-59.17654037475586,2.7564921379089355,identifier,i
55.48456573486328,-77.72066497802734,+,+
35.957340240478516,-47.53209686279297,identifier,level
-104.65648651123047,70.73505401611328,;,;
49.416343688964844,97.31310272216797,identifier,block
-59.10801315307617,3.0339856147766113,identifier,i
55.55548095703125,-77.70528411865234,+,+
6.140933513641357,39.32905578613281,identifier,COEFF
-47.48164749145508,7.2592902183532715,identifier,ind
-58.655826568603516,2.88362193107605,identifier,i
55.61581802368164,-77.87460327148438,+,+
35.92140197753906,-47.5433464050293,identifier,level
-181.5087432861328,54.68152618408203,;,;
-24.57123374938965,190.1538848876953,},}
-244.7275848388672,2.3962597846984863,},}
