x,y,role,token
-34.45151138305664,-166.9410858154297,def,def
-21.187416076660156,-24.06026268005371,identifier,calculate_pair_to_kern_mapping
-77.85826873779297,-185.87167358398438,(,(
2.173049211502075,-99.44583129882812,identifier,measurer
-189.53741455078125,-10.591835021972656,:,:
-9.115435600280762,-25.12220001220703,identifier,text_measurer
107.49144744873047,26.41549301147461,.,.
-10.363408088684082,-22.560779571533203,identifier,TextMeasurer
-141.09190368652344,33.476497650146484,",",","
0.6003867387771606,-90.57195281982422,identifier,char_to_length
-190.74871826171875,-11.468544006347656,:,:
-10.605525016784668,-18.8377742767334,identifier,Mapping
-18.656599044799805,-1.9324920177459717,identifier,str
-101.16226959228516,22.188335418701172,",",","
-15.39825439453125,-0.3992195129394531,identifier,float
-141.85740661621094,34.7214241027832,",",","
0.19256368279457092,-87.65762329101562,identifier,characters
-190.42123413085938,-12.045083999633789,:,:
-11.534770011901855,-15.797569274902344,identifier,Iterable
-19.499692916870117,-2.275547742843628,identifier,str
-138.69146728515625,95.96436309814453,),)
-10.551785469055176,-18.518672943115234,identifier,Mapping
-18.621353149414062,-2.1046104431152344,identifier,str
-101.36653137207031,22.061172485351562,",",","
-15.384538650512695,-0.39642131328582764,identifier,float
-195.5545654296875,-23.253074645996094,:,:
44.23186492919922,-86.16922760009766,identifier,pair_to_kerning
-71.69722747802734,-101.82659149169922,for,for
28.56509780883789,-44.2524299621582,identifier,a
-115.3077163696289,31.031742095947266,",",","
30.33003807067871,-43.02975845336914,identifier,b
10.338509559631348,5.455113410949707,identifier,itertools
89.45844268798828,40.701969146728516,.,.
18.479761123657227,-5.786667346954346,identifier,permutations
12.906639099121094,118.1505126953125,(,(
37.60186767578125,-68.51407623291016,identifier,characters
-86.7198257446289,22.34431266784668,",",","
-101.60299682617188,118.2253646850586,),)
-167.29446411132812,-36.43477249145508,:,:
50.738250732421875,-77.26181030273438,identifier,kerned_width
56.91535949707031,-55.27924346923828,identifier,measurer
91.93074798583984,44.40757369995117,.,.
24.691383361816406,-4.159940719604492,identifier,text_width
20.13483238220215,115.22857666015625,(,(
28.688417434692383,-44.611209869384766,identifier,a
-37.706485748291016,23.112886428833008,+,+
31.265592575073242,-43.085121154785156,identifier,b
-72.93724060058594,124.73221588134766,),)
51.911983489990234,-75.57283020019531,identifier,unkerned_width
60.23845291137695,-54.6475944519043,identifier,char_to_length
29.006877899169922,-45.21631622314453,identifier,a
-38.71097183227539,24.569854736328125,+,+
60.341224670410156,-54.562992095947266,identifier,char_to_length
31.5150203704834,-43.10741424560547,identifier,b
53.50238800048828,-72.60787200927734,identifier,kerning
63.88557434082031,-42.74586868286133,identifier,unkerned_width
-30.077510833740234,15.225675582885742,-,-
63.8762321472168,-42.59413528442383,identifier,kerned_width
-96.57324981689453,-88.45146942138672,if,if
45.91267013549805,-11.205849647521973,identifier,abs
11.103504180908203,135.7137451171875,(,(
65.51464080810547,-45.08137512207031,identifier,kerning
-112.19548797607422,125.47644805908203,),)
-52.38529968261719,-32.85022735595703,>,>
-154.1870880126953,-37.49789047241211,:,:
70.4373779296875,-46.53496551513672,identifier,pair_to_kerning
29.01784896850586,-45.11305236816406,identifier,a
-40.085777282714844,22.745256423950195,+,+
31.774232864379883,-43.058021545410156,identifier,b
49.202239990234375,-9.32059383392334,identifier,round
17.443201065063477,101.79879760742188,(,(
65.66145324707031,-44.87284851074219,identifier,kerning
-78.49419403076172,33.22398376464844,",",","
-78.46662902832031,141.08375549316406,),)
72.85924530029297,-39.616573333740234,identifier,pair_to_kerning
-31.014415740966797,-165.9925994873047,def,def
-27.941070556640625,-25.35917091369629,identifier,indent
-79.68364715576172,-188.23609924316406,(,(
15.4550142288208,-94.9707260131836,identifier,instr
-140.74081420898438,21.373327255249023,",",","
2.2716805934906006,-87.38778686523438,identifier,nspaces
-144.66824340820312,27.7228946685791,",",","
2.2025108337402344,-87.60521697998047,identifier,ntabs
-143.62049865722656,31.391706466674805,",",","
-3.947614908218384,-96.72727966308594,identifier,flatten
-135.5496368408203,98.6233901977539,),)
-203.72311401367188,-20.92798614501953,:,:
-90.7231216430664,-109.71467590332031,if,if
29.347993850708008,-70.26983642578125,identifier,instr
-177.69020080566406,-51.14287567138672,:,:
37.4113883972168,-84.78888702392578,identifier,ind
1.7054606676101685,-6.7005133628845215,"""",'\t'
21.264585494995117,-60.448543548583984,identifier,ntabs
-39.94615173339844,26.734149932861328,+,+
1.4454814195632935,-5.593456745147705,"""",' '
21.30307388305664,-60.45624923706055,identifier,nspaces
-88.63609313964844,-103.89095306396484,if,if
20.98628044128418,-65.89108276367188,identifier,flatten
-172.97000122070312,-47.29996871948242,:,:
51.65827178955078,-86.22408294677734,identifier,pat
17.634302139282227,25.839008331298828,identifier,re
86.2298812866211,35.15174102783203,.,.
14.36749267578125,0.24661292135715485,identifier,compile
19.78487777709961,125.65396881103516,(,(
9.005982398986816,-12.197972297668457,"""",r'^\s*'
-85.14057922363281,24.03327751159668,",",","
17.15984344482422,25.51895523071289,identifier,re
115.50619506835938,22.56902313232422,.,.
15.965131759643555,-28.377729415893555,identifier,MULTILINE
-72.04685974121094,113.09586334228516,),)
-105.01715087890625,-66.84339904785156,else,else
-150.56385803222656,-55.5086784362793,:,:
51.728057861328125,-86.2241439819336,identifier,pat
17.598037719726562,25.767526626586914,identifier,re
86.01685333251953,35.65694046020508,.,.
14.383030891418457,0.24537575244903564,identifier,compile
21.083036422729492,119.2063217163086,(,(
17.843063354492188,-10.647993087768555,"""",r'^'
-84.70651245117188,24.209440231323242,",",","
17.22429656982422,25.535367965698242,identifier,re
115.55963134765625,22.439699172973633,.,.
16.000354766845703,-28.381946563720703,identifier,MULTILINE
-73.92591857910156,121.43060302734375,),)
51.10060119628906,-79.53274536132812,identifier,outstr
17.736148834228516,25.7843017578125,identifier,re
90.68987274169922,37.66765213012695,.,.
24.234220504760742,2.1814074516296387,identifier,sub
19.043582916259766,114.92002868652344,(,(
47.53452682495117,-52.73845291137695,identifier,pat
-83.42679595947266,30.657276153564453,",",","
49.865943908691406,-55.361572265625,identifier,ind
-83.66565704345703,30.549724578857422,",",","
45.96888732910156,-53.71376419067383,identifier,instr
-76.86021423339844,127.56111145019531,),)
-94.7834701538086,-93.38143920898438,if,if
77.72834014892578,-47.298583984375,identifier,outstr
82.7820053100586,43.24213409423828,.,.
35.01000213623047,-7.5878424644470215,identifier,endswith
17.757173538208008,111.11992645263672,(,(
25.25043296813965,27.975419998168945,identifier,os
107.03294372558594,38.66255569458008,.,.
36.174659729003906,-8.374099731445312,identifier,linesep
-38.76749801635742,23.599496841430664,+,+
49.9986686706543,-55.3905029296875,identifier,ind
-101.67615509033203,115.3647232055664,),)
-156.96646118164062,-43.15217971801758,:,:
77.56207275390625,-46.809730529785156,identifier,outstr
-128.22842407226562,-40.288055419921875,:,:
-28.810144424438477,13.809142112731934,-,-
-4.620913982391357,54.40896987915039,identifier,len
13.783366203308105,106.88990020751953,(,(
50.07667922973633,-55.403831481933594,identifier,ind
-96.27427673339844,135.17526245117188,),)
-109.33340454101562,-66.51039123535156,else,else
-146.0099334716797,-51.183223724365234,:,:
77.36778259277344,-46.17945861816406,identifier,outstr
-29.081178665161133,-170.10276794433594,def,def
-23.572460174560547,-26.73566436767578,identifier,get_partitions
-82.63993072509766,-186.08697509765625,(,(
34.77110290527344,-198.9082794189453,identifier,self
-137.480712890625,19.453845977783203,",",","
6.388103485107422,-92.11293029785156,identifier,database_name
-134.6070556640625,25.82518768310547,",",","
5.659327507019043,-91.9032211303711,identifier,table_name
-140.15248107910156,27.63443374633789,",",","
-7.628692150115967,-94.33349609375,identifier,expression
-3.962094783782959,-6.248861789703369,"""",''
-146.0994415283203,31.12273597717285,",",","
-1.3064956665039062,-92.27071380615234,identifier,page_size
-145.63589477539062,33.542659759521484,",",","
-1.8937042951583862,-92.01150512695312,identifier,max_items
-135.87513732910156,96.92736053466797,),)
-200.88124084472656,-23.1522216796875,:,:
40.216373443603516,-108.81924438476562,identifier,config
8.734275817871094,-17.030258178710938,"""",'PageSize'
-101.52616119384766,-17.497421264648438,:,:
22.604034423828125,-61.18010711669922,identifier,page_size
-98.23274993896484,53.03422164916992,",",","
8.878872871398926,-16.97753143310547,"""",'MaxItems'
-101.80998992919922,-17.5369873046875,:,:
22.686342239379883,-61.177894592285156,identifier,max_items
-105.05908203125,46.5337028503418,",",","
43.243709564208984,-81.91153717041016,identifier,paginator
186.86280822753906,-35.86255645751953,identifier,self
99.86223602294922,53.98099899291992,.,.
9.4102144241333,-21.68642234802246,identifier,get_conn
38.75675582885742,147.36839294433594,(,(
-111.74723815917969,137.48782348632812,),)
94.56500244140625,50.54254150390625,.,.
12.757420539855957,-21.414783477783203,identifier,get_paginator
33.91103744506836,129.2758026123047,(,(
21.535564422607422,-17.41966438293457,"""",'get_partitions'
-77.41357421875,118.24620056152344,),)
50.210052490234375,-90.1409912109375,identifier,response
56.45296859741211,-62.04338073730469,identifier,paginator
93.62405395507812,45.88388442993164,.,.
20.3892822265625,-7.371000289916992,identifier,paginate
26.62395668029785,119.75237274169922,(,(
31.461933135986328,-23.170398712158203,identifier,DatabaseName
37.56190872192383,-51.50475311279297,identifier,database_name
-92.38133239746094,48.76116943359375,",",","
31.44487190246582,-23.2322998046875,identifier,TableName
37.41278076171875,-51.20036315917969,identifier,table_name
-92.1826400756836,48.789085388183594,",",","
32.902408599853516,-23.647174835205078,identifier,Expression
36.987552642822266,-43.01480484008789,identifier,expression
-91.89614868164062,48.616416931152344,",",","
33.490352630615234,-24.02999496459961,identifier,PaginationConfig
47.39555740356445,-47.76819610595703,identifier,config
-71.52175903320312,126.68014526367188,),)
54.477718353271484,-89.12163543701172,identifier,partitions
-3.393476724624634,8.673985481262207,identifier,set
35.33722686767578,138.77780151367188,(,(
-86.46659088134766,120.81440734863281,),)
-71.25652313232422,-100.01403045654297,for,for
46.32173538208008,-70.39193725585938,identifier,page
86.48445892333984,-51.45591354370117,identifier,response
-161.49337768554688,-35.84907150268555,:,:
-68.93748474121094,-100.17427062988281,for,for
45.54571533203125,-70.32898712158203,identifier,p
73.04718780517578,-58.58754348754883,identifier,page
41.07866668701172,-16.19110870361328,"""",'Partitions'
-159.8666534423828,-36.419612884521484,:,:
55.86391830444336,-89.82787322998047,identifier,partitions
79.1215591430664,64.23637390136719,.,.
64.48007202148438,58.76388168334961,identifier,add
30.409465789794922,103.00247192382812,(,(
-1.272368311882019,15.59044075012207,identifier,tuple
16.723478317260742,103.96062469482422,(,(
73.49468994140625,-58.98550796508789,identifier,p
41.59626770019531,-15.835501670837402,"""",'Values'
-92.86421966552734,134.97496032714844,),)
-69.77516174316406,140.7547149658203,),)
76.88606262207031,-41.48788833618164,identifier,partitions
-34.43047332763672,-167.65988159179688,def,def
-20.819181442260742,-24.715835571289062,identifier,apply_conversation_reference
-78.34884643554688,-184.7587890625,(,(
11.473155975341797,-98.92571258544922,identifier,activity
-190.72540283203125,-10.238970756530762,:,:
-13.868590354919434,-24.49457550048828,identifier,Activity
-139.72857666015625,33.12623977661133,",",","
3.539902448654175,-97.97945404052734,identifier,reference
-189.84506225585938,-11.032612800598145,:,:
-9.678614616394043,-21.912508010864258,identifier,ConversationReference
-141.8427734375,32.552467346191406,",",","
-3.448697328567505,-96.2959976196289,identifier,is_incoming
-190.00209045410156,-12.225276947021484,:,:
-14.101461410522461,-4.0603532791137695,identifier,bool
-138.060302734375,97.021240234375,),)
-13.896010398864746,-24.496313095092773,identifier,Activity
-196.08554077148438,-23.897083282470703,:,:
84.42182159423828,-74.48196411132812,identifier,activity
116.20571899414062,52.48134231567383,.,.
10.858226776123047,-36.735294342041016,identifier,channel_id
84.03738403320312,-85.37696838378906,identifier,reference
128.4822998046875,54.415828704833984,.,.
8.775270462036133,-34.88377380371094,identifier,channel_id
84.98200225830078,-74.78412628173828,identifier,activity
115.5799560546875,52.18640899658203,.,.
10.102235794067383,-36.38533401489258,identifier,service_url
84.1329116821289,-85.18115997314453,identifier,reference
128.69662475585938,54.038063049316406,.,.
8.655303001403809,-34.91225051879883,identifier,service_url
85.09932708740234,-74.68354034423828,identifier,activity
115.24378967285156,52.240543365478516,.,.
-3.5601911544799805,-43.79984664916992,identifier,conversation
84.25650787353516,-85.04827117919922,identifier,reference
128.11817932128906,53.26386642456055,.,.
-3.560800790786743,-43.799713134765625,identifier,conversation
-89.51126098632812,-99.50645446777344,if,if
20.22943687438965,-65.99922943115234,identifier,is_incoming
-168.26177978515625,-47.20637512207031,:,:
84.90579986572266,-73.48921966552734,identifier,activity
113.4580307006836,51.348758697509766,.,.
27.915372848510742,-25.642778396606445,identifier,from_property
84.4601821899414,-84.08267974853516,identifier,reference
126.01679229736328,48.80707931518555,.,.
30.274572372436523,-30.706993103027344,identifier,user
85.56562042236328,-74.05047607421875,identifier,activity
113.49462890625,51.11164474487305,.,.
28.776859283447266,-12.967537879943848,identifier,recipient
84.62147521972656,-84.39998626708984,identifier,reference
126.22334289550781,48.67112350463867,.,.
30.566560745239258,-29.08458137512207,identifier,bot
-88.8602066040039,-96.0848388671875,if,if
85.04466247558594,-83.07971954345703,identifier,reference
119.4846420288086,43.547637939453125,.,.
39.0872802734375,-34.19552993774414,identifier,activity_id
-162.029296875,-48.01905822753906,:,:
85.17399597167969,-72.9365463256836,identifier,activity
112.3379898071289,50.685874938964844,.,.
32.80537414550781,-27.511898040771484,identifier,id
84.97501373291016,-83.59977722167969,identifier,reference
124.40416717529297,44.404537200927734,.,.
38.990238189697266,-34.609764099121094,identifier,activity_id
-106.65483093261719,-65.74900817871094,else,else
-148.6173095703125,-55.24427795410156,:,:
85.28334045410156,-72.79486846923828,identifier,activity
111.4073715209961,49.86360549926758,.,.
28.018821716308594,-25.673521041870117,identifier,from_property
85.45066833496094,-83.9901351928711,identifier,reference
126.13352966308594,42.85319900512695,.,.
30.584129333496094,-29.085044860839844,identifier,bot
85.9320068359375,-73.3069839477539,identifier,activity
111.80451965332031,49.59767532348633,.,.
28.832460403442383,-12.9581298828125,identifier,recipient
85.47502899169922,-84.18315124511719,identifier,reference
126.25709533691406,42.8138313293457,.,.
30.340087890625,-30.750247955322266,identifier,user
-94.25165557861328,-89.56707000732422,if,if
85.6927261352539,-83.07009887695312,identifier,reference
119.55101013183594,43.27397537231445,.,.
39.48965835571289,-33.96794891357422,identifier,activity_id
-155.81423950195312,-41.12281799316406,:,:
85.16256713867188,-72.5443344116211,identifier,activity
110.7721176147461,49.55242156982422,.,.
43.432430267333984,-16.369001388549805,identifier,reply_to_id
85.976318359375,-83.712890625,identifier,reference
123.37952423095703,39.81210708618164,.,.
40.332210540771484,-34.330406188964844,identifier,activity_id
76.6976547241211,-43.705657958984375,identifier,activity
-31.233734130859375,-162.35287475585938,def,def
-20.284095764160156,-21.21846580505371,identifier,log_calls
-84.3720932006836,-179.27195739746094,(,(
19.046672821044922,-94.28005981445312,identifier,func
-142.6513214111328,106.74055480957031,),)
-202.5262908935547,-11.998761177062988,:,:
-36.95857620239258,-156.84254455566406,def,def
-26.76791000366211,-34.73756408691406,identifier,wrapper
-81.96337890625,-174.75999450683594,(,(
31.826282501220703,-96.49944305419922,identifier,args
-134.4682159423828,32.83552169799805,",",","
4.812466621398926,-101.7232666015625,identifier,kargs
-133.13124084472656,105.98155212402344,),)
-176.5231475830078,-34.68019485473633,:,:
35.0333137512207,-88.76777648925781,identifier,callStr
5.845250129699707,-14.808711051940918,"""","""%s(%s)"""
1.5750662088394165,118.33753204345703,(,(
19.692724227905273,-94.60401916503906,identifier,func
132.78273010253906,58.27515411376953,.,.
2.469914674758911,2.9198288917541504,identifier,__name__
-94.73816680908203,22.792274475097656,",",","
0.7173790335655212,-4.932290077209473,"""",""", """
41.344661712646484,44.872047424316406,.,.
40.50541687011719,39.988319396972656,identifier,join
19.105491638183594,124.05772399902344,(,(
-8.376852989196777,4.662361145019531,identifier,repr
15.362614631652832,129.64366149902344,(,(
-5.318358898162842,-58.80464553833008,identifier,p
-103.78060913085938,125.93012237548828,),)
-64.73815155029297,-91.63946533203125,for,for
-0.04854130744934082,-59.29848861694336,identifier,p
41.166259765625,-68.73958587646484,identifier,args
-40.54592514038086,25.431867599487305,+,+
14.616716384887695,-12.911258697509766,"""","""%s=%s"""
4.206284999847412,117.24147033691406,(,(
-4.20835542678833,-61.1819953918457,identifier,k
-90.67760467529297,26.254871368408203,",",","
-8.3776273727417,4.6784281730651855,identifier,repr
15.241350173950195,129.52740478515625,(,(
-3.8531811237335205,-55.83753967285156,identifier,v
-101.0413589477539,127.58834075927734,),)
-93.69624328613281,124.46022033691406,),)
-65.08506774902344,-93.64019012451172,for,for
4.915305137634277,116.06868743896484,(,(
-3.817089796066284,-62.038482666015625,identifier,k
-115.98174285888672,32.124141693115234,",",","
-1.5908807516098022,-54.857608795166016,identifier,v
-103.22328186035156,129.5775604248047,),)
-2.905492067337036,12.374306678771973,identifier,list
14.09975814819336,118.88827514648438,(,(
60.09870147705078,-64.98054504394531,identifier,kargs
86.14312744140625,46.3255615234375,.,.
10.111597061157227,9.215481758117676,identifier,items
44.14613342285156,145.40264892578125,(,(
-107.95809936523438,137.232666015625,),)
-95.76383209228516,126.89848327636719,),)
-92.32788848876953,127.26782989501953,),)
-65.99100494384766,121.59536743164062,),)
60.242069244384766,81.94695281982422,identifier,debug
44.60655212402344,102.32716369628906,(,(
31.250356674194336,-13.042381286621094,"""",""">> %s"""
-75.81604766845703,27.888961791992188,",",","
43.225059509277344,-49.119720458984375,identifier,callStr
-74.88440704345703,123.88995361328125,),)
52.0539436340332,-92.92667388916016,identifier,ret
68.5146484375,-22.721677780151367,identifier,func
25.411304473876953,111.01052856445312,(,(
42.585025787353516,-67.62875366210938,identifier,args
-86.82791137695312,42.47528839111328,",",","
49.02818298339844,-46.01323699951172,identifier,kargs
-72.35747528076172,127.98101043701172,),)
60.2290153503418,81.99534606933594,identifier,debug
44.13706588745117,101.7361068725586,(,(
36.29899215698242,-12.431940078735352,"""","""<< %s: %s"""
-75.65889739990234,28.952598571777344,",",","
43.234825134277344,-49.04127883911133,identifier,callStr
-83.35742950439453,36.00367736816406,",",","
-8.412449836730957,4.769555568695068,identifier,repr
14.248083114624023,107.48551940917969,(,(
83.78022766113281,-45.309715270996094,identifier,ret
-95.73202514648438,134.4735107421875,),)
-69.31222534179688,138.11880493164062,),)
83.54181671142578,-45.314327239990234,identifier,ret
81.4928207397461,-24.978469848632812,identifier,wrapper
-29.10185432434082,-173.96095275878906,def,def
-21.928163528442383,-22.07933807373047,identifier,_set_missing_to_none
-83.64191436767578,-182.00430297851562,(,(
37.10433578491211,-198.67694091796875,identifier,self
-131.86721801757812,19.034610748291016,",",","
0.5721707344055176,-78.22242736816406,identifier,currency
-136.88711547851562,104.9652099609375,),)
-199.42723083496094,-18.710309982299805,:,:
38.544593811035156,-91.8280258178711,identifier,rates
183.56036376953125,-41.62844467163086,identifier,self
120.00646209716797,62.94718551635742,.,.
-3.261561870574951,-31.717382431030273,identifier,_rates
0.5724542140960693,-77.70244598388672,identifier,currency
31.133014678955078,-86.21317291259766,identifier,first_date
-113.30326843261719,26.0434513092041,",",","
30.811025619506836,-86.16793823242188,identifier,last_date
185.70091247558594,-42.534454345703125,identifier,self
124.9949951171875,61.761680603027344,.,.
-6.11754035949707,-30.030532836914062,identifier,bounds
0.6625665426254272,-77.74607849121094,identifier,currency
-72.99002075195312,-102.5616226196289,for,for
24.504528045654297,-80.68343353271484,identifier,date
7.130191326141357,-24.040143966674805,identifier,list_dates_between
25.199928283691406,127.26747131347656,(,(
30.886577606201172,-60.02458953857422,identifier,first_date
-97.01101684570312,27.928630828857422,",",","
30.877403259277344,-59.8669319152832,identifier,last_date
-108.02301025390625,120.1419448852539,),)
-169.6490936279297,-36.08717727661133,:,:
-93.6644287109375,-103.32384490966797,if,if
23.959745407104492,-80.07177734375,identifier,date
60.63192367553711,-96.47944641113281,identifier,rates
-170.1758575439453,-47.437740325927734,:,:
60.586639404296875,-96.33395385742188,identifier,rates
23.80961799621582,-79.89600372314453,identifier,date
-89.44003295898438,-97.48760986328125,if,if
191.0972442626953,-36.30119323730469,identifier,self
122.57740783691406,54.54470443725586,.,.
9.482821464538574,-2.5428500175476074,identifier,verbose
-166.189453125,-45.65099334716797,:,:
49.15520477294922,-81.76444244384766,identifier,missing
-7.561223983764648,54.06671142578125,identifier,len
18.42787742614746,119.14755249023438,(,(
-5.1713786125183105,-57.20567321777344,identifier,r
-66.32344818115234,-92.45526123046875,for,for
0.7608219385147095,-56.304256439208984,identifier,r
10.294086456298828,5.514862060546875,identifier,itervalues
13.083211898803711,118.1847152709961,(,(
60.636810302734375,-96.49030303955078,identifier,rates
-99.56678009033203,130.48434448242188,),)
-84.7088394165039,-89.36282348632812,if,if
0.8323198556900024,-55.73426818847656,identifier,r
-67.65385437011719,121.59300231933594,),)
-90.55350494384766,-92.4103012084961,if,if
49.13249969482422,-64.54309844970703,identifier,missing
-160.90438842773438,-42.31210708618164,:,:
54.81476593017578,75.04395294189453,identifier,print
40.99001693725586,102.41895294189453,(,(
35.86338806152344,-12.052667617797852,"""",'{0}: {1} missing rates from {2} to {3} ({4} days)'
36.81110763549805,48.95903396606445,.,.
34.757659912109375,50.350521087646484,identifier,format
15.315226554870605,98.16608428955078,(,(
0.2769968807697296,-77.2689437866211,identifier,currency
-82.91337585449219,39.02035903930664,",",","
49.19422912597656,-64.53280639648438,identifier,missing
-82.81948852539062,38.911888122558594,",",","
58.72512435913086,-38.137821197509766,identifier,first_date
-82.80229949951172,38.50409698486328,",",","
58.806278228759766,-38.0156364440918,identifier,last_date
-83.12837982177734,37.53758239746094,",",","
-40.27131271362305,23.858501434326172,+,+
5.434831142425537,113.50038146972656,(,(
59.112770080566406,-37.17898178100586,identifier,last_date
-30.119653701782227,15.334457397460938,-,-
59.15842819213867,-37.12427520751953,identifier,first_date
-97.9974594116211,136.9077606201172,),)
121.30406951904297,34.85845947265625,.,.
47.10213851928711,-17.75798797607422,identifier,days
-90.8768310546875,133.27981567382812,),)
-69.15930938720703,144.54209899902344,),)
-32.99045944213867,-163.5872802734375,def,def
-21.74561882019043,-23.294597625732422,identifier,_sparse_block_diag
-81.57308959960938,-180.1962890625,(,(
8.039246559143066,-94.32421112060547,identifier,sp_a
-137.0214080810547,106.45431518554688,),)
-197.35569763183594,-19.21421241760254,:,:
33.60246276855469,-87.38346099853516,identifier,sp_a_shape
16.38910675048828,40.35304641723633,identifier,tf
95.98053741455078,55.397605895996094,.,.
3.872859001159668,-24.849538803100586,identifier,convert_to_tensor
30.188135147094727,127.81283569335938,(,(
-16.586156845092773,-53.3543815612793,identifier,value
4.572659492492676,-25.24469566345215,identifier,_get_shape
22.916982650756836,129.874267578125,(,(
29.993602752685547,-62.57573318481445,identifier,sp_a
-94.56940460205078,27.56093406677246,",",","
16.01757049560547,39.6793327331543,identifier,tf
113.71503448486328,21.71746063232422,.,.
-11.537278175354004,0.9042401909828186,identifier,int64
-100.21548461914062,124.34622955322266,),)
-68.9945297241211,107.72698974609375,),)
43.913307189941406,-84.32593536376953,identifier,ind_mat
16.661882400512695,39.61006164550781,identifier,tf
87.07718658447266,34.45748519897461,.,.
43.13720703125,35.82120895385742,identifier,concat
19.08329963684082,123.15106201171875,(,(
36.2138557434082,-61.33693313598633,identifier,sp_a_shape
-28.899044036865234,12.91651725769043,-,-
-129.97767639160156,-40.08015060424805,:,:
-89.24677276611328,27.06915855407715,",",","
17.04035186767578,39.24043273925781,identifier,tf
89.50214385986328,35.2913818359375,.,.
20.40758514404297,2.928941011428833,identifier,eye
15.481973648071289,120.81851959228516,(,(
-93.55585479736328,42.02465057373047,",",","
16.06715965270996,3.088366985321045,identifier,dtype
16.464309692382812,39.03287887573242,identifier,tf
114.34938049316406,21.371551513671875,.,.
-11.5243501663208,0.9066730737686157,identifier,int64
-97.25576782226562,128.1237335205078,),)
-95.28936767578125,45.53081512451172,",",","
17.284587860107422,3.338371753692627,identifier,axis
-68.44377136230469,122.4027328491211,),)
47.937255859375,-73.58819580078125,identifier,indices
17.394771575927734,39.73542022705078,identifier,tf
90.77637481689453,37.114402770996094,.,.
24.02454376220703,0.5850664377212524,identifier,matmul
18.768035888671875,114.62886047363281,(,(
62.75330352783203,-56.82064437866211,identifier,sp_a
121.71807098388672,43.72898864746094,.,.
47.8588981628418,-73.48178100585938,identifier,indices
-84.66747283935547,30.712268829345703,",",","
46.69116973876953,-51.91874694824219,identifier,ind_mat
-73.74565887451172,127.51860809326172,),)
52.365177154541016,-74.03150939941406,identifier,dense_shape
61.82973098754883,-54.94809341430664,identifier,sp_a_shape
61.87104797363281,-54.83900833129883,identifier,sp_a_shape
-129.8006134033203,-40.45541000366211,:,:
17.099313735961914,40.55155563354492,identifier,tf
101.31986999511719,29.236059188842773,.,.
47.941219329833984,-7.10050630569458,identifier,SparseTensor
20.017900466918945,95.26399230957031,(,(
58.76382827758789,-41.34797668457031,identifier,indices
58.88408279418945,-41.386573791503906,identifier,indices
-86.34251403808594,51.288299560546875,",",","
62.881263732910156,-7.328274250030518,identifier,values
67.25202941894531,-52.23527908325195,identifier,sp_a
122.10580444335938,35.489158630371094,.,.
62.838783264160156,-7.156524658203125,identifier,values
-84.62898254394531,51.43407440185547,",",","
60.87177658081055,-29.0841007232666,identifier,dense_shape
66.08184051513672,-37.69453048706055,identifier,dense_shape
-73.47627258300781,149.23947143554688,),)
-27.93631935119629,-170.15589904785156,def,def
-24.895767211914062,-24.26469612121582,identifier,find_function
-84.4846420288086,-186.01922607421875,(,(
34.879642486572266,-200.62245178222656,identifier,self
-135.3851318359375,17.90416145324707,",",","
12.007009506225586,-100.5484390258789,identifier,context
-132.9618377685547,22.438310623168945,",",","
5.964278697967529,-90.07921600341797,identifier,funname
-138.0852508544922,103.72347259521484,),)
-202.5767059326172,-17.558799743652344,:,:
-92.20744323730469,-110.72066497802734,if,if
25.881591796875,-64.14485931396484,identifier,funname
183.44505310058594,-43.78236389160156,identifier,self
124.66908264160156,59.475738525390625,.,.
-5.530086994171143,-32.08190155029297,identifier,builtins
-178.61781311035156,-51.95673370361328,:,:
184.41404724121094,-42.960044860839844,identifier,self
124.15204620361328,61.66009521484375,.,.
-5.536379814147949,-32.06460952758789,identifier,builtins
27.2091064453125,-54.977813720703125,identifier,funname
44.01428985595703,-89.0833740234375,identifier,func
-90.3625259399414,-105.65447235107422,if,if
-15.66085147857666,25.00170135498047,identifier,isinstance
9.289297103881836,131.47512817382812,(,(
50.96601867675781,-105.41007232666016,identifier,context
-91.17581176757812,10.335122108459473,",",","
-8.567412376403809,-2.0825302600860596,identifier,dict
-108.5601806640625,118.29862976074219,),)
-174.57147216796875,-44.16985321044922,:,:
-94.71448516845703,-104.40808868408203,if,if
25.828189849853516,-63.94712829589844,identifier,funname
51.55659866333008,-105.66214752197266,identifier,context
-173.3590087890625,-48.30165100097656,:,:
60.270240783691406,-80.8778305053711,identifier,func
52.06217956542969,-105.84341430664062,identifier,context
27.28020477294922,-54.73002243041992,identifier,funname
-89.86112213134766,-100.0573959350586,if,if
-15.318543434143066,25.877422332763672,identifier,isinstance
8.803525924682617,129.7993927001953,(,(
62.23405456542969,-80.23504638671875,identifier,func
-90.35530090332031,10.976646423339844,",",","
-19.345996856689453,-0.024018101394176483,identifier,str
-105.23653411865234,117.97412872314453,),)
-169.0934295654297,-46.91421890258789,:,:
60.411399841308594,-80.58180236816406,identifier,func
188.1864471435547,-34.25271987915039,identifier,self
110.60604858398438,65.3233413696289,.,.
20.974489212036133,-9.700439453125,identifier,_deferred_add
23.148405075073242,122.59577941894531,(,(
62.314605712890625,-78.79754638671875,identifier,func
-76.18264770507812,117.35633087158203,),)
52.80290603637695,-105.88593292236328,identifier,context
27.52928352355957,-53.69552993774414,identifier,funname
62.314762115478516,-78.75220489501953,identifier,func
-102.38534545898438,-72.34383392333984,elif,elif
-9.594084739685059,25.918432235717773,identifier,hasattr
7.868758678436279,128.27182006835938,(,(
53.45304870605469,-105.48896789550781,identifier,context
-86.91919708251953,13.599125862121582,",",","
34.88329315185547,-48.89995574951172,identifier,funname
-103.22278594970703,116.05760955810547,),)
-162.08091735839844,-44.4849739074707,:,:
60.48002243041992,-80.13442993164062,identifier,func
-7.324926376342773,25.372997283935547,identifier,getattr
9.28580093383789,122.87059020996094,(,(
53.53034210205078,-105.58382415771484,identifier,context
-87.24813079833984,14.406322479248047,",",","
34.87430953979492,-48.6727294921875,identifier,funname
-77.14625549316406,127.87190246582031,),)
-95.62694549560547,-91.94400024414062,if,if
60.9802360534668,-79.52159881591797,identifier,func
-156.87063598632812,-45.35712814331055,:,:
33.457096099853516,8.63233757019043,identifier,NotFoundError
38.31707763671875,104.84513854980469,(,(
38.99024963378906,-10.564416885375977,"""","""Function not found"""
-85.68059539794922,45.888572692871094,",",","
41.22323989868164,-12.318279266357422,identifier,function
34.80888366699219,-48.28727722167969,identifier,funname
-71.60716247558594,136.0985565185547,),)
75.66388702392578,-44.75841522216797,identifier,func
-28.620351791381836,-173.0098876953125,def,def
-24.50633430480957,-23.745620727539062,identifier,_check_symbol
-83.90213012695312,-184.13705444335938,(,(
35.89531326293945,-199.09368896484375,identifier,self
-135.72340393066406,19.57652473449707,",",","
7.2104339599609375,-91.22897338867188,identifier,msgid
-131.4697265625,24.42149543762207,",",","
6.772190093994141,-88.02750396728516,identifier,symbol
-136.51194763183594,103.6246566772461,),)
-198.7166748046875,-19.16415023803711,:,:
33.52861785888672,-87.61306762695312,identifier,other_message
183.97703552246094,-41.753177642822266,identifier,self
119.86314392089844,62.77811050415039,.,.
-3.269472122192383,-30.636320114135742,identifier,_messages_definitions
90.45848083496094,51.92087936401367,.,.
1.1391091346740723,31.513980865478516,identifier,get
26.041778564453125,131.7122039794922,(,(
18.789697647094727,-56.220985412597656,identifier,symbol
-76.83818817138672,106.03330993652344,),)
-88.7527847290039,-106.21865844726562,if,if
25.173498153686523,-69.52748107910156,identifier,other_message
-175.4277801513672,-49.99101638793945,:,:
182.95701599121094,-36.76075744628906,identifier,self
112.48236846923828,66.14533233642578,.,.
6.9652862548828125,-25.218957901000977,identifier,_raise_duplicate_msg_id
26.937238693237305,126.11106872558594,(,(
18.420366287231445,-56.530616760253906,identifier,symbol
-94.55291748046875,30.043106079101562,",",","
22.7408390045166,-49.14842224121094,identifier,msgid
-93.7518081665039,29.920434951782227,",",","
38.37913131713867,-61.5211181640625,identifier,other_message
126.43936920166016,53.87013626098633,.,.
22.2587833404541,-48.64132308959961,identifier,msgid
-72.2675552368164,110.27603149414062,),)
-104.1969985961914,-66.74871826171875,else,else
-151.52645874023438,-55.72844696044922,:,:
46.06584548950195,-83.32061004638672,identifier,alternative_msgid
47.26622772216797,-79.58419036865234,identifier,alternative_message
189.71377563476562,-33.498714447021484,identifier,self
114.46507263183594,62.87856674194336,.,.
22.48637580871582,-27.188364028930664,identifier,_alternative_names
89.70077514648438,48.25553512573242,.,.
0.9408243894577026,32.469459533691406,identifier,get
24.876007080078125,115.58258056640625,(,(
18.9013729095459,-55.5353889465332,identifier,symbol
-78.03491973876953,122.5390625,),)
-90.78427124023438,-94.04800415039062,if,if
47.002410888671875,-62.1173210144043,identifier,alternative_message
-165.1698455810547,-42.119354248046875,:,:
-96.42982482910156,-97.56172180175781,if,if
65.06279754638672,-57.73878479003906,identifier,alternative_message
120.21324157714844,45.5278205871582,.,.
18.25928497314453,-53.96188735961914,identifier,symbol
-60.700748443603516,-30.29495620727539,==,==
18.301197052001953,-54.37449645996094,identifier,symbol
-160.38858032226562,-46.94328689575195,:,:
53.27486801147461,-76.43916320800781,identifier,alternative_msgid
65.17481994628906,-57.3837776184082,identifier,alternative_message
123.46942138671875,42.51081848144531,.,.
39.601070404052734,-35.68787384033203,identifier,msgid
-107.27967834472656,-65.3295669555664,else,else
-146.55755615234375,-54.09297561645508,:,:
-68.80474853515625,-100.78254699707031,for,for
51.5660400390625,-70.80010223388672,identifier,old_msgid
-113.33625030517578,31.21920394897461,",",","
51.514854431152344,-70.37236785888672,identifier,old_symbol
65.50908660888672,-56.30529022216797,identifier,alternative_message
121.73664855957031,41.150794982910156,.,.
44.88663101196289,-18.193710327148438,identifier,old_names
-160.61175537109375,-36.10227966308594,:,:
-98.37249755859375,-92.43201446533203,if,if
63.62010192871094,-44.73988723754883,identifier,old_symbol
-60.98127365112305,-28.519577026367188,==,==
18.157913208007812,-54.78975296020508,identifier,symbol
-155.32933044433594,-39.04631805419922,:,:
68.67400360107422,-44.19190216064453,identifier,alternative_msgid
65.42771911621094,-40.51359176635742,identifier,old_msgid
-98.4390640258789,-88.3141098022461,if,if
64.9972152709961,-29.497764587402344,identifier,msgid
-58.10055923461914,-28.57154083251953,!=,!=
65.77025604248047,-35.03946304321289,identifier,alternative_msgid
-154.10154724121094,-36.66329574584961,:,:
189.20559692382812,-20.043628692626953,identifier,self
105.55183410644531,63.66651916503906,.,.
53.09591293334961,-5.464504718780518,identifier,_raise_duplicate_msg_id
24.809194564819336,99.02426147460938,(,(
18.085285186767578,-56.57585906982422,identifier,symbol
-76.65082550048828,40.3410758972168,",",","
65.0097427368164,-30.142873764038086,identifier,msgid
-76.67015075683594,40.280738830566406,",",","
66.17350769042969,-34.9969367980957,identifier,alternative_msgid
-75.41915130615234,150.50787353515625,),)
-26.050268173217773,-170.218505859375,def,def
-25.062822341918945,-18.429227828979492,identifier,pre_build
-85.84280395507812,-185.61083984375,(,(
33.979637145996094,-200.7406005859375,identifier,self
-134.63461303710938,18.2673397064209,",",","
9.78287410736084,-93.39957427978516,identifier,traj
-139.0674285888672,104.8621826171875,),)
-200.4009552001953,-17.374719619750977,:,:
179.8228759765625,-38.66249084472656,identifier,self
118.0694351196289,62.46364974975586,.,.
70.39325714111328,85.0138168334961,identifier,_logger
68.43122863769531,79.72339630126953,.,.
60.27959060668945,86.25384521484375,identifier,info
46.1341667175293,105.64930725097656,(,(
2.6591687202453613,-17.49594497680664,"""",'Pre-Building Components'
-77.34764862060547,103.13903045654297,),)
-71.86449432373047,-103.82937622070312,for,for
24.1925048828125,-85.29215240478516,identifier,component
185.64395141601562,-44.002471923828125,identifier,self
126.86034393310547,59.69847106933594,.,.
-6.727434158325195,-34.0974006652832,identifier,components
-172.64581298828125,-37.49497985839844,:,:
23.53448486328125,-85.48597717285156,identifier,component
91.08847045898438,57.59684753417969,.,.
27.56812858581543,4.18503475189209,identifier,pre_build
27.74114990234375,126.56773376464844,(,(
40.082332611083984,-43.854251861572266,identifier,traj
-93.90287780761719,29.044612884521484,",",","
192.61727905273438,-44.13714599609375,identifier,self
116.91809844970703,65.53018188476562,.,.
12.982325553894043,-29.583017349243164,identifier,_brian_list
-93.84015655517578,28.963369369506836,",",","
192.6105499267578,-44.09358215332031,identifier,self
116.88528442382812,65.48893737792969,.,.
13.135042190551758,-29.5788631439209,identifier,_network_dict
-72.62254333496094,109.79292297363281,),)
-92.38111114501953,-101.11693572998047,if,if
190.2450714111328,-37.550750732421875,identifier,self
121.9757308959961,53.433624267578125,.,.
23.61005973815918,-29.892763137817383,identifier,analysers
-167.50672912597656,-47.08774185180664,:,:
182.981689453125,-31.34030532836914,identifier,self
112.74317169189453,59.99463653564453,.,.
70.79591369628906,85.10354614257812,identifier,_logger
67.51891326904297,80.42942810058594,.,.
60.065093994140625,86.72814178466797,identifier,info
44.57985305786133,104.02848815917969,(,(
18.919889450073242,-15.832870483398438,"""",'Pre-Building Analysers'
-66.29872131347656,116.56238555908203,),)
-69.24057006835938,-101.76522064208984,for,for
45.655311584472656,-74.13789367675781,identifier,analyser
192.38168334960938,-30.701570510864258,identifier,self
124.13633728027344,51.249996185302734,.,.
23.632551193237305,-29.856843948364258,identifier,analysers
-164.8494110107422,-37.51696014404297,:,:
63.62920379638672,-67.10845947265625,identifier,analyser
87.3042221069336,57.29890823364258,.,.
27.686098098754883,4.106809139251709,identifier,pre_build
24.136154174804688,111.84131622314453,(,(
40.16153335571289,-43.83828353881836,identifier,traj
-86.9695053100586,33.02167892456055,",",","
196.59725952148438,-29.536592483520508,identifier,self
133.7752685546875,39.062198638916016,.,.
35.98934555053711,-34.4480094909668,identifier,_brian_list
-86.31790924072266,32.656490325927734,",",","
196.47857666015625,-29.29149627685547,identifier,self
133.63613891601562,38.95441436767578,.,.
35.81888198852539,-34.43340301513672,identifier,_network_dict
-73.09664916992188,128.93826293945312,),)
184.1796875,-24.618005752563477,identifier,self
110.10165405273438,59.43883514404297,.,.
70.99492645263672,85.22582244873047,identifier,_logger
66.25375366210938,77.705810546875,.,.
58.60866165161133,86.21917724609375,identifier,info
43.627410888671875,100.7353744506836,(,(
41.095890045166016,-10.547491073608398,"""",'Pre-Building NetworkRunner'
-70.49828338623047,132.27320861816406,),)
186.23953247070312,-22.121065139770508,identifier,self
107.92723083496094,57.74500274658203,.,.
48.84919738769531,-16.1832275390625,identifier,network_runner
81.81939697265625,54.627281188964844,.,.
27.813871383666992,4.115183353424072,identifier,pre_build
24.71004295349121,102.24923706054688,(,(
40.23105239868164,-43.75695037841797,identifier,traj
-78.71981048583984,41.222965240478516,",",","
193.73989868164062,-20.660350799560547,identifier,self
132.6883544921875,38.04115295410156,.,.
56.547306060791016,-29.56206703186035,identifier,_brian_list
-78.7961196899414,40.66545104980469,",",","
193.93325805664062,-20.60780143737793,identifier,self
132.5978240966797,38.07427978515625,.,.
56.647422790527344,-29.624296188354492,identifier,_network_dict
-76.11772918701172,140.0421905517578,),)
187.71340942382812,-19.03480339050293,identifier,self
106.65165710449219,53.348079681396484,.,.
57.9226188659668,-7.94692325592041,identifier,_pre_built
-27.81211280822754,-173.58253479003906,def,def
-23.928539276123047,-21.32181167602539,identifier,_flush_results
-84.86140441894531,-183.4368896484375,(,(
36.12908172607422,-199.93841552734375,identifier,self
-134.1626434326172,18.85921859741211,",",","
11.382198333740234,-107.43633270263672,identifier,sock
-139.29685974121094,105.50666046142578,),)
-199.62112426757812,-16.90912628173828,:,:
39.888023376464844,-85.5199203491211,identifier,idents
-114.12519073486328,27.686038970947266,",",","
31.312850952148438,-102.55091857910156,identifier,msg
183.1935272216797,-40.902565002441406,identifier,self
123.5830078125,65.46061706542969,.,.
83.58710479736328,-2.6741535663604736,identifier,session
92.47158813476562,52.970088958740234,.,.
42.219818115234375,23.14566421508789,identifier,recv
27.31889533996582,130.22592163085938,(,(
11.566140174865723,-108.38671112060547,identifier,sock
-96.72296905517578,41.27041244506836,",",","
74.15756225585938,-1.3386894464492798,identifier,mode
21.221426010131836,-37.42920684814453,identifier,zmq
114.15336608886719,27.236209869384766,.,.
12.93163776397705,-32.26425552368164,identifier,NOBLOCK
-74.69656372070312,105.58396911621094,),)
-79.60066986083984,-106.41377258300781,while,while
32.77135467529297,-103.34957885742188,identifier,msg
-170.66937255859375,-34.4763069152832,:,:
-95.38823699951172,-105.55393981933594,if,if
188.23660278320312,-39.69102478027344,identifier,self
122.55038452148438,55.3475341796875,.,.
8.887475967407227,-2.2777116298675537,identifier,debug
-173.37985229492188,-49.30033493041992,:,:
54.075199127197266,74.08501434326172,identifier,pprint
28.606552124023438,124.21251678466797,(,(
32.35406494140625,-104.31712341308594,identifier,msg
-79.17313385009766,111.8226089477539,),)
40.89951705932617,-83.1695785522461,identifier,msg_type
33.901885986328125,-104.93562316894531,identifier,msg
19.866165161132812,-19.036928176879883,"""",'header'
18.212480545043945,-19.914186477661133,"""",'msg_type'
50.853782653808594,-83.53650665283203,identifier,handler
189.04747009277344,-33.6261100769043,identifier,self
114.57205963134766,63.09342575073242,.,.
22.535354614257812,-27.558950424194336,identifier,_queue_handlers
89.8088607788086,48.17681121826172,.,.
1.0457044839859009,32.436031341552734,identifier,get
24.79191017150879,115.5435562133789,(,(
35.1064567565918,-51.352149963378906,identifier,msg_type
-83.02619171142578,22.27851104736328,",",","
-77.9908447265625,121.92143249511719,),)
-92.61274719238281,-95.62306213378906,if,if
52.48659133911133,-64.37886810302734,identifier,handler
-159.09317016601562,-47.54059600830078,:,:
34.09867477416992,14.1348295211792,identifier,Exception
39.73014450073242,105.5035400390625,(,(
32.61652374267578,-11.84627914428711,"""","""Unhandled message type: %s"""
32.268653869628906,-105.95632934570312,identifier,msg
123.54202270507812,45.62642288208008,.,.
35.240779876708984,-50.82645797729492,identifier,msg_type
-67.42146301269531,132.76034545898438,),)
-107.60541534423828,-66.60140991210938,else,else
-147.8291015625,-53.95427322387695,:,:
42.71778869628906,-38.43532943725586,identifier,handler
26.553245544433594,110.18441009521484,(,(
31.13376235961914,-105.24722290039062,identifier,msg
-74.0589599609375,130.97988891601562,),)
55.20180892944336,-45.34549331665039,identifier,idents
-111.22735595703125,31.475799560546875,",",","
31.095903396606445,-103.50787353515625,identifier,msg
190.16915893554688,-26.437522888183594,identifier,self
123.09162902832031,67.09061431884766,.,.
83.17914581298828,-3.1167874336242676,identifier,session
83.2109375,52.34357833862305,.,.
42.21695327758789,23.136327743530273,identifier,recv
23.58605194091797,103.66554260253906,(,(
11.58899974822998,-108.50532531738281,identifier,sock
-85.50422668457031,48.592918395996094,",",","
73.97755432128906,-1.4556061029434204,identifier,mode
21.27188491821289,-37.428001403808594,identifier,zmq
114.8100814819336,27.577739715576172,.,.
13.055331230163574,-32.316566467285156,identifier,NOBLOCK
-74.8209228515625,147.50352478027344,),)
-26.047121047973633,-169.2191162109375,def,def
-23.554454803466797,-17.798044204711914,identifier,update
-86.9901351928711,-185.680419921875,(,(
33.95029830932617,-202.43316650390625,identifier,self
-133.4552764892578,16.77022933959961,",",","
13.410918235778809,-96.07323455810547,identifier,alert
-139.9866485595703,106.72894287109375,),)
-200.09890747070312,-15.203868865966797,:,:
36.13747787475586,-98.12444305419922,identifier,data
7.496828556060791,-18.035320281982422,"""",'id'
-101.27645874023438,-16.807310104370117,:,:
78.06303405761719,-79.75719451904297,identifier,alert
7.040059566497803,-18.82239532470703,"""",'id'
-97.6630859375,53.76629638671875,",",","
8.100808143615723,-18.450695037841797,"""",'args'
-101.48997497558594,-16.38160514831543,:,:
77.85635375976562,-79.639404296875,identifier,alert
7.522395133972168,-19.098167419433594,"""",'args'
-97.4218978881836,53.564605712890625,",",","
9.553512573242188,-18.335098266601562,"""",'rate_count'
-101.29164123535156,-16.157262802124023,:,:
77.81708526611328,-79.38998413085938,identifier,alert
9.772051811218262,-18.846235275268555,"""",'rate_count'
-97.38884735107422,53.127906799316406,",",","
10.069636344909668,-17.810359954833984,"""",'rate_range'
-101.03024291992188,-15.779324531555176,:,:
77.51671600341797,-79.07081604003906,identifier,alert
19.808679580688477,-21.104429244995117,"""",'rate_range'
-96.44241333007812,52.78615951538086,",",","
20.370105743408203,-21.95831871032715,"""",'limit_count'
-100.11002349853516,-15.655559539794922,:,:
77.64619445800781,-78.52479553222656,identifier,alert
20.507736206054688,-21.53536033630371,"""",'limit_count'
-95.89425659179688,53.022071838378906,",",","
21.35471534729004,-21.890348434448242,"""",'limit_range'
-99.42108154296875,-15.516429901123047,:,:
77.60150146484375,-78.29248046875,identifier,alert
21.16584587097168,-21.492326736450195,"""",'limit_range'
-95.11366271972656,53.08786392211914,",",","
32.11976623535156,-19.66518211364746,"""",'schedule'
-98.68692779541016,-15.804082870483398,:,:
78.15447998046875,-78.03642272949219,identifier,alert
30.472761154174805,-19.469526290893555,"""",'schedule'
-94.40730285644531,53.68509292602539,",",","
34.32451248168945,-19.548715591430664,"""",'enabled'
-97.77082061767578,-16.38965606689453,:,:
78.46037292480469,-77.94585418701172,identifier,alert
36.80427551269531,-18.0708065032959,"""",'enabled'
-93.64356994628906,53.7786865234375,",",","
35.56555938720703,-19.79293441772461,"""",'type'
-97.04401397705078,-16.884992599487305,:,:
78.62629699707031,-77.93701171875,identifier,alert
37.47127151489258,-18.11643409729004,"""",'type'
-105.28250885009766,47.70231246948242,",",","
189.2876739501953,-26.316137313842773,identifier,self
107.50859069824219,63.68106460571289,.,.
33.56564712524414,2.1095480918884277,identifier,_post
20.001827239990234,94.38964080810547,(,(
42.1627197265625,-3.7120020389556885,identifier,request
68.9648666381836,-10.510584831237793,identifier,ApiActions
116.5611343383789,30.504592895507812,.,.
48.17477798461914,-12.39145565032959,identifier,UPDATE
117.041015625,31.348827362060547,.,.
65.58984375,-6.958596706390381,identifier,value
-83.75556182861328,51.01911544799805,",",","
68.3284683227539,-11.059764862060547,identifier,uri
68.80622863769531,-10.659676551818848,identifier,ApiUri
116.5491714477539,30.419631958007812,.,.
48.69496154785156,-12.016767501831055,identifier,ACTIONS
117.04129028320312,31.31066131591797,.,.
65.58438873291016,-6.964250564575195,identifier,value
-83.64476776123047,51.017112731933594,",",","
-14.418815612792969,-84.72782897949219,identifier,params
85.01441955566406,-38.37825012207031,identifier,data
-73.19107055664062,149.918212890625,),)
-28.03523826599121,-170.00094604492188,def,def
-24.728487014770508,-24.57671356201172,identifier,find_symbol
-83.49880981445312,-185.45518493652344,(,(
33.8013801574707,-199.28564453125,identifier,self
-139.02613830566406,21.473011016845703,",",","
-6.2377729415893555,-77.05467224121094,identifier,name
-143.63206481933594,28.04436492919922,",",","
-0.38811424374580383,-84.49115753173828,identifier,kind
-137.5498504638672,99.66133117675781,),)
-202.44400024414062,-19.65070152282715,:,:
-72.45082092285156,-104.8000717163086,for,for
30.121042251586914,-91.75172424316406,identifier,s
4.076292037963867,10.722206115722656,identifier,reversed
21.209121704101562,133.7149658203125,(,(
184.6848907470703,-43.714115142822266,identifier,self
127.6948471069336,59.298805236816406,.,.
-30.555269241333008,-28.599437713623047,identifier,stack
-109.64419555664062,119.86040496826172,),)
-171.36334228515625,-35.606868743896484,:,:
-71.43917083740234,-104.67937469482422,for,for
28.376834869384766,-85.01323699951172,identifier,symbol_name
-115.44666290283203,29.57000732421875,",",","
27.082090377807617,-83.55939483642578,identifier,handle
76.61669921875,-58.38431930541992,identifier,s
126.95453643798828,60.939090728759766,.,.
-6.672168731689453,-33.13164520263672,identifier,symbols
87.73273468017578,49.67341232299805,.,.
9.514762878417969,9.081033706665039,identifier,items
42.149391174316406,145.75840759277344,(,(
-110.36925506591797,132.58984375,),)
-171.35940551757812,-36.83540344238281,:,:
35.666358947753906,-83.66179656982422,identifier,symbol_kind
34.88407897949219,-40.96910095214844,identifier,handle
133.82789611816406,59.04142761230469,.,.
2.6509029865264893,4.448475360870361,identifier,__class__
133.71990966796875,59.85320281982422,.,.
2.7813475131988525,3.8677568435668945,identifier,__name__
-90.08357238769531,-100.89596557617188,if,if
-7.079250812530518,-71.70416259765625,identifier,name
-61.04581069946289,-32.27418899536133,==,==
32.995548248291016,-54.99329376220703,identifier,symbol_name
-76.00459289550781,-63.74053955078125,and,and
-20.78528594970703,-64.47931671142578,identifier,kind
-60.9362907409668,-31.838613510131836,==,==
33.28330612182617,-55.37495803833008,identifier,symbol_kind
-165.88258361816406,-51.8037109375,:,:
33.45088577270508,-39.57276916503906,identifier,handle
-101.43968200683594,-73.08424377441406,elif,elif
-6.476131916046143,-70.10334014892578,identifier,name
-77.03555297851562,-63.69976806640625,and,and
-21.069618225097656,-64.66444396972656,identifier,kind
-60.9576530456543,-31.051584243774414,==,==
34.9929313659668,-40.681312561035156,identifier,handle
114.15853118896484,38.330055236816406,.,.
3.3850929737091064,5.406082630157471,identifier,__class__
114.23176574707031,37.694969177246094,.,.
4.230792999267578,4.888871192932129,identifier,__name__
-163.98873901367188,-50.97303771972656,:,:
33.48518371582031,-39.5074348449707,identifier,handle
-102.53653717041016,-73.16068267822266,elif,elif
-6.7279253005981445,-70.03044128417969,identifier,name
-61.28071212768555,-30.292720794677734,==,==
37.365570068359375,-49.82072448730469,identifier,symbol_name
-77.50817108154297,-63.78547668457031,and,and
-21.269615173339844,-64.79896545410156,identifier,kind
-159.03143310546875,-45.930885314941406,:,:
33.887725830078125,-39.224971771240234,identifier,handle
-93.63291931152344,-91.38919830322266,if,if
-6.527017593383789,-69.75642395019531,identifier,name
-77.8557357788086,-63.92494583129883,and,and
-21.241687774658203,-64.77213287353516,identifier,kind
-61.0720100402832,-29.44520378112793,==,==
76.85205078125,-57.82917785644531,identifier,s
114.85202026367188,39.89690399169922,.,.
35.185997009277344,-40.11355209350586,identifier,handle
114.48103332519531,37.165985107421875,.,.
3.6942265033721924,5.5073161125183105,identifier,__class__
114.49475860595703,37.10495376586914,.,.
4.282556056976318,4.959707260131836,identifier,__name__
-154.29940795898438,-42.2993278503418,:,:
76.81047821044922,-57.878318786621094,identifier,s
124.30696105957031,40.52190399169922,.,.
34.30738067626953,-38.966060638427734,identifier,handle
-32.61992263793945,-165.34523010253906,def,def
-22.432296752929688,-22.330814361572266,identifier,fetch_val_for_key
-80.0753402709961,-181.61868286132812,(,(
4.563656330108643,-74.32879638671875,identifier,key
-142.55433654785156,26.174606323242188,",",","
-1.7543504238128662,-96.47146606445312,identifier,delete_key
-136.7328338623047,100.26453399658203,),)
-202.26808166503906,-19.29831314086914,:,:
-160.301025390625,-60.478919982910156,:,:
-90.79515075683594,-110.90150451660156,if,if
22.88137435913086,-66.93012237548828,identifier,delete_key
-177.17311096191406,-51.490074157714844,:,:
5.2617082595825195,-30.827932357788086,identifier,MSAF_FLAGS_DICT
90.11217498779297,52.6329460144043,.,.
6.710893154144287,24.437511444091797,identifier,pop
26.1084041595459,130.79483032226562,(,(
5.89224910736084,-70.92658233642578,identifier,key
-77.7090835571289,107.78771209716797,),)
5.2733306884765625,-30.77890968322754,identifier,MSAF_FLAGS_DICT
6.252564907073975,-70.85747528076172,identifier,key
30.856281280517578,16.199623107910156,identifier,KeyError
-170.8090362548828,-54.160682678222656,:,:
41.50798797607422,-83.41703033447266,identifier,key_tokens
6.982123374938965,-69.94670867919922,identifier,key
80.64749145507812,42.24838638305664,.,.
52.187255859375,28.270187377929688,identifier,rsplit
37.475772857666016,124.98663330078125,(,(
4.1090826988220215,-4.902976036071777,"""",'.'
-85.49054718017578,21.05571937561035,",",","
-73.9330825805664,113.96990203857422,),)
-91.73872375488281,-97.33697509765625,if,if
-7.190511703491211,56.07081985473633,identifier,len
12.418777465820312,133.867431640625,(,(
44.67477035522461,-59.068946838378906,identifier,key_tokens
-110.19371032714844,125.33824920654297,),)
-65.65335083007812,-31.294618606567383,==,==
-162.89756774902344,-48.49811553955078,:,:
38.81076431274414,-38.75360870361328,identifier,section
-110.04405212402344,29.568851470947266,",",","
46.844173431396484,-37.26940155029297,identifier,option
44.351348876953125,-56.860347747802734,identifier,key_tokens
-106.23319244384766,-65.6933364868164,else,else
-149.31997680664062,-55.3827018737793,:,:
38.830223083496094,-38.73054122924805,identifier,section
-109.91584777832031,29.806018829345703,",",","
46.856285095214844,-37.26427459716797,identifier,option
31.47162628173828,-11.059157371520996,"""",'global'
-98.41867065429688,31.567277908325195,",",","
4.3962931632995605,-68.45499420166016,identifier,key
-157.1871337890625,-57.45071029663086,:,:
-157.1845245361328,-57.30658721923828,:,:
47.99880599975586,-15.36496353149414,identifier,msaf_cfg
83.16767120361328,50.13922882080078,.,.
2.3448312282562256,32.66844177246094,identifier,get
22.35427474975586,109.44058990478516,(,(
39.41459655761719,-40.54896926879883,identifier,section
-82.54855346679688,33.95854187011719,",",","
48.42839050292969,-37.13008117675781,identifier,option
-78.32177734375,131.9458465576172,),)
36.907447814941406,9.117315292358398,identifier,InterpolationError
-152.89112854003906,-40.607139587402344,:,:
48.199241638183594,-15.322932243347168,identifier,msaf_raw_cfg
83.16056060791016,50.44131851196289,.,.
2.4113430976867676,32.60609817504883,identifier,get
22.80674934387207,103.57296752929688,(,(
39.40696334838867,-40.55868148803711,identifier,section
-81.16206359863281,34.42768859863281,",",","
48.52765655517578,-37.12950134277344,identifier,option
-78.91658782958984,138.77255249023438,),)
-1.5709468126296997,113.82269287109375,(,(
36.64722442626953,11.34823226928711,identifier,NoOptionError
-100.7229995727539,18.02898406982422,",",","
36.66407012939453,11.327897071838379,identifier,NoSectionError
-104.12493133544922,112.64939880371094,),)
-151.29075622558594,-39.320526123046875,:,:
34.46797561645508,11.472871780395508,identifier,KeyError
21.768129348754883,99.33313751220703,(,(
2.5856454372406006,-68.4232177734375,identifier,key
-76.80147552490234,148.8602294921875,),)
-25.861553192138672,-173.5836639404297,def,def
-25.136573791503906,-21.868261337280273,identifier,_profile_package
-86.38237762451172,-182.0618896484375,(,(
31.868040084838867,-199.00518798828125,identifier,self
-141.77114868164062,107.50064849853516,),)
-199.23477172851562,-15.510290145874023,:,:
41.38288116455078,-100.85598754882812,identifier,prof
-6.890296459197998,-20.99281883239746,identifier,cProfile
104.9459457397461,29.80721664428711,.,.
-7.540660381317139,-21.084583282470703,identifier,Profile
37.94830322265625,138.8336944580078,(,(
-84.01468658447266,107.23603820800781,),)
42.39693069458008,-101.5485610961914,identifier,prof
91.63876342773438,60.567047119140625,.,.
-5.243412971496582,-13.010774612426758,identifier,enable
40.809532165527344,138.3579864501953,(,(
-84.68724060058594,109.99009704589844,),)
-161.34144592285156,-59.45387268066406,:,:
-6.561030387878418,-26.32539939880371,identifier,runpy
92.70042419433594,56.107418060302734,.,.
0.3224809169769287,-24.16182518005371,identifier,run_path
28.230300903320312,129.03550720214844,(,(
186.99789428710938,-43.492225646972656,identifier,self
118.47259521484375,64.36102294921875,.,.
0.9677774906158447,-31.398666381835938,identifier,_run_object
-96.83209991455078,42.33335494995117,",",","
7.730373859405518,-44.36989974975586,identifier,run_name
6.34539270401001,-9.946252822875977,"""",'__main__'
-71.9905776977539,107.27698516845703,),)
27.63153076171875,18.19757843017578,identifier,SystemExit
-171.31089782714844,-54.07324981689453,:,:
42.728824615478516,-101.78023529052734,identifier,prof
89.10836029052734,60.55792999267578,.,.
-5.246528148651123,-12.994490623474121,identifier,disable
41.80952453613281,138.5284423828125,(,(
-82.26758575439453,113.68907165527344,),)
44.226890563964844,-81.50074005126953,identifier,prof_stats
13.291179656982422,-8.352472305297852,identifier,pstats
104.64327239990234,29.84813117980957,.,.
13.252923965454102,-8.400888442993164,identifier,Stats
23.1174373626709,121.79683685302734,(,(
43.49741744995117,-102.32337188720703,identifier,prof
-76.29613494873047,116.66463470458984,),)
62.48985290527344,-63.167720794677734,identifier,prof_stats
87.4537353515625,60.860313415527344,.,.
20.480117797851562,-16.60498046875,identifier,calc_callees
43.079681396484375,140.24684143066406,(,(
-83.64934539794922,116.89002990722656,),)
32.14461135864258,-21.287263870239258,"""",'objectName'
-99.23046112060547,-17.33824348449707,:,:
192.36911010742188,-31.991546630859375,identifier,self
127.33155059814453,45.890594482421875,.,.
28.278892517089844,-23.201631546020508,identifier,_object_name
-94.19761657714844,52.66963577270508,",",","
33.01906204223633,-19.836708068847656,"""",'callStats'
-98.57720947265625,-16.97299575805664,:,:
188.43809509277344,-30.040233612060547,identifier,self
108.5019302368164,65.25015258789062,.,.
27.321256637573242,-5.243912220001221,identifier,_transform_stats
22.251394271850586,113.8081283569336,(,(
48.390525817871094,-50.8271369934082,identifier,prof_stats
-98.25804138183594,132.3828887939453,),)
-93.98291015625,54.80805587768555,",",","
35.16968536376953,-19.055374145507812,"""",'totalTime'
-97.77821350097656,-17.599775314331055,:,:
67.2260971069336,-54.12591552734375,identifier,prof_stats
122.37525177001953,38.369956970214844,.,.
41.57144546508789,-18.68809700012207,identifier,total_tt
-92.93626403808594,54.7545166015625,",",","
44.51527404785156,-16.870174407958984,"""",'primitiveCalls'
-97.23722839355469,-18.244264602661133,:,:
67.38516235351562,-53.82418441772461,identifier,prof_stats
122.15876770019531,37.97263717651367,.,.
46.586036682128906,-19.110137939453125,identifier,prim_calls
-91.73513793945312,54.961326599121094,",",","
52.81826400756836,-16.10477638244629,"""",'totalCalls'
-97.21735382080078,-18.792680740356445,:,:
67.45672607421875,-53.41825485229492,identifier,prof_stats
122.17417907714844,37.81550979614258,.,.
46.991172790527344,-19.030994415283203,identifier,total_calls
-91.27137756347656,55.0147705078125,",",","
53.75727844238281,-13.892616271972656,"""",'timestamp'
-96.95576477050781,-19.580156326293945,:,:
-15.727355003356934,7.669439315795898,identifier,int
16.527297973632812,103.17279815673828,(,(
33.71674346923828,25.002859115600586,identifier,time
79.13308715820312,34.72523498535156,.,.
34.92652130126953,24.959308624267578,identifier,time
48.874874114990234,143.9930419921875,(,(
-104.646240234375,139.63430786132812,),)
-89.74287414550781,137.385009765625,),)
-32.950927734375,-164.19024658203125,def,def
-26.155397415161133,-23.309843063354492,identifier,_convert_types
-80.8282470703125,-183.42396545410156,(,(
11.624454498291016,-103.4986343383789,identifier,schema
-134.79808044433594,22.978525161743164,",",","
4.392443656921387,-94.22001647949219,identifier,col_type_dict
-131.0932159423828,26.06954574584961,",",","
5.959175109863281,-107.36923217773438,identifier,row
-135.604736328125,103.23637390136719,),)
-199.90728759765625,-19.561771392822266,:,:
42.408721923828125,-89.43684387207031,identifier,converted_row
-72.69586944580078,-103.618408203125,for,for
28.314762115478516,-84.98500061035156,identifier,col_name
-114.8378677368164,29.42583656311035,",",","
28.376323699951172,-85.83848571777344,identifier,col_val
15.643410682678223,17.512859344482422,identifier,zip
20.64571762084961,133.67332458496094,(,(
11.571370124816895,-103.58802032470703,identifier,schema
-97.70186614990234,27.69569969177246,",",","
5.98569393157959,-107.38211822509766,identifier,row
-108.87551879882812,119.91625213623047,),)
-170.1065216064453,-35.458038330078125,:,:
-92.89045715332031,-105.49671936035156,if,if
-13.796571731567383,19.006044387817383,identifier,type
12.92093276977539,132.35020446777344,(,(
30.89139175415039,-66.46613311767578,identifier,col_val
-108.80481719970703,124.06597900390625,),)
-1.5073835849761963,115.7578353881836,(,(
7.144571304321289,-4.546684265136719,identifier,datetime
-100.4604263305664,20.632545471191406,",",","
7.146154880523682,-4.532542705535889,identifier,date
-107.87943267822266,116.18643188476562,),)
-171.38916015625,-46.213016510009766,:,:
44.70772171020508,-78.38626861572266,identifier,col_val
33.05183410644531,24.564361572265625,identifier,time
88.10132598876953,36.50876998901367,.,.
14.294575691223145,-5.563297748565674,identifier,mktime
19.623016357421875,121.77606201171875,(,(
42.550811767578125,-58.697017669677734,identifier,col_val
85.0960922241211,45.51399612426758,.,.
14.275818824768066,-5.627832412719727,identifier,timetuple
43.105445861816406,144.43418884277344,(,(
-108.31915283203125,136.19418334960938,),)
-71.88397979736328,114.0765380859375,),)
-101.78704071044922,-72.32303619384766,elif,elif
-15.868313789367676,26.31104850769043,identifier,isinstance
8.698887825012207,128.16262817382812,(,(
43.6469841003418,-59.808067321777344,identifier,col_val
-89.57083129882812,10.65812873840332,",",","
23.051443099975586,-14.914871215820312,identifier,Decimal
-103.62313079833984,116.87836456298828,),)
-161.9188232421875,-48.81346893310547,:,:
45.07028579711914,-77.93533325195312,identifier,col_val
-15.74697208404541,4.793094635009766,identifier,float
15.35966968536377,115.44264221191406,(,(
42.826133728027344,-58.272220611572266,identifier,col_val
-79.64859771728516,124.95894622802734,),)
-103.26329040527344,-73.00990295410156,elif,elif
58.28911590576172,-57.34116744995117,identifier,col_type_dict
84.91703796386719,43.589656829833984,.,.
1.019824504852295,33.449310302734375,identifier,get
25.544631958007812,114.68061828613281,(,(
36.74150085449219,-48.85251235961914,identifier,col_name
-101.10822296142578,133.2685546875,),)
-64.64844512939453,-29.013904571533203,==,==
37.15897750854492,-11.120200157165527,"""","""BYTES"""
-155.82626342773438,-43.464420318603516,:,:
56.4338264465332,-74.49425506591797,identifier,col_val
43.68547058105469,3.1528589725494385,identifier,base64
94.81075286865234,37.20572280883789,.,.
44.97747039794922,1.7898863554000854,identifier,standard_b64encode
19.374448776245117,106.30256652832031,(,(
65.812744140625,-42.7667121887207,identifier,col_val
-99.3118896484375,136.12059020996094,),)
76.65839385986328,45.48322296142578,.,.
51.38444900512695,13.461958885192871,identifier,decode
41.97437286376953,125.1551513671875,(,(
46.49944305419922,6.4744133949279785,"""",'ascii'
-79.98491668701172,137.7238006591797,),)
-110.06688690185547,-67.03892517089844,else,else
-146.89859008789062,-50.4261589050293,:,:
67.48133087158203,-43.454246520996094,identifier,col_val
66.02346801757812,-41.80520248413086,identifier,col_val
70.58078002929688,-46.58081817626953,identifier,converted_row
78.77911376953125,62.167564392089844,.,.
61.041751861572266,59.001983642578125,identifier,append
28.274532318115234,104.26158142089844,(,(
66.09483337402344,-41.9304084777832,identifier,col_val
-78.5647201538086,145.01080322265625,),)
73.23724365234375,-40.13557052612305,identifier,converted_row
-28.14719581604004,-168.0845184326172,def,def
-31.198583602905273,-21.873348236083984,identifier,read
-84.62334442138672,-188.38345336914062,(,(
35.34959411621094,-202.28591918945312,identifier,self
-136.69187927246094,16.351646423339844,",",","
9.00355339050293,-95.1534652709961,identifier,input_buffer
-141.1419677734375,24.382713317871094,",",","
2.3151607513427734,-95.38351440429688,identifier,kmip_version
23.560237884521484,-39.43378448486328,identifier,enums
110.42589569091797,26.392541885375977,.,.
-7.1300201416015625,-23.497867584228516,identifier,KMIPVersion
112.28960418701172,26.069189071655273,.,.
-2.3011014461517334,-17.398757934570312,identifier,KMIP_1_0
-133.60528564453125,97.59385681152344,),)
-199.1153106689453,-23.110218048095703,:,:
67.12303924560547,14.293095588684082,identifier,super
6.36977481842041,104.58755493164062,(,(
-5.4686431884765625,-20.182510375976562,identifier,GetAttributeListRequestPayload
-76.13738250732422,23.270973205566406,",",","
187.22491455078125,-48.55720901489258,identifier,self
-106.24269104003906,128.61825561523438,),)
91.06217193603516,55.74771499633789,.,.
46.38231658935547,21.624839782714844,identifier,read
27.616920471191406,127.28549194335938,(,(
31.129676818847656,-61.6423225402832,identifier,input_buffer
-95.98175048828125,41.610260009765625,",",","
25.21078872680664,-44.379615783691406,identifier,kmip_version
31.678556442260742,-56.931251525878906,identifier,kmip_version
-77.0362777709961,110.88945770263672,),)
45.14116668701172,-80.34074401855469,identifier,local_buffer
25.865354537963867,9.02474594116211,identifier,utils
103.68466186523438,30.522214889526367,.,.
9.049674987792969,3.735471725463867,identifier,BytearrayStream
20.20989418029785,120.75064086914062,(,(
57.47227096557617,-60.54135513305664,identifier,input_buffer
86.97418975830078,45.28770065307617,.,.
45.60017395019531,21.976564407348633,identifier,read
16.216325759887695,121.75177001953125,(,(
194.257568359375,-35.19226837158203,identifier,self
128.4317626953125,48.78350067138672,.,.
60.36911392211914,2.9027137756347656,identifier,length
-97.45265197753906,127.14137268066406,),)
-68.9903793334961,120.03351593017578,),)
-94.06970977783203,-95.64392852783203,if,if
188.75106811523438,-31.888444900512695,identifier,self
102.05850982666016,58.99053955078125,.,.
26.847911834716797,-9.023687362670898,identifier,is_tag_next
19.597454071044922,113.32054901123047,(,(
24.054319381713867,-39.08356857299805,identifier,enums
111.73523712158203,29.076622009277344,.,.
41.191951751708984,-23.230796813964844,identifier,Tags
115.8275146484375,25.699359893798828,.,.
41.80940246582031,-26.006498336791992,identifier,UNIQUE_IDENTIFIER
-85.32887268066406,30.123394012451172,",",","
46.50016784667969,-50.99251937866211,identifier,local_buffer
-101.38433074951172,115.91036224365234,),)
-162.35169982910156,-41.47323226928711,:,:
183.6149139404297,-26.02241325378418,identifier,self
109.32377624511719,54.55400085449219,.,.
50.71766662597656,-73.39520263671875,identifier,_unique_identifier
25.088340759277344,7.45470666885376,identifier,primitives
102.71964263916016,29.044300079345703,.,.
42.4860954284668,0.5036603808403015,identifier,TextString
18.575164794921875,96.22801971435547,(,(
42.32291793823242,-11.858068466186523,identifier,tag
24.002756118774414,-39.111995697021484,identifier,enums
111.74520874023438,29.086458206176758,.,.
41.21208572387695,-23.211627960205078,identifier,Tags
115.7897720336914,26.868070602416992,.,.
41.886680603027344,-25.955116271972656,identifier,UNIQUE_IDENTIFIER
-73.72726440429688,136.19146728515625,),)
187.348388671875,-21.199308395385742,identifier,self
108.60049438476562,59.34132385253906,.,.
51.87485885620117,-19.033044815063477,identifier,_unique_identifier
81.0763931274414,54.83207702636719,.,.
46.30904006958008,21.509477615356445,identifier,read
25.01006507873535,101.79850006103516,(,(
64.0036849975586,-38.72690963745117,identifier,local_buffer
-83.36920928955078,47.93295669555664,",",","
58.05758285522461,-32.34743118286133,identifier,kmip_version
59.53994369506836,-33.768272399902344,identifier,kmip_version
-77.53014373779297,140.3654022216797,),)
-110.50770568847656,-67.91252136230469,else,else
-147.8350067138672,-49.7711296081543,:,:
188.4869842529297,-19.40037727355957,identifier,self
107.38594055175781,53.70143127441406,.,.
58.49327087402344,-16.0434627532959,identifier,_unique_identifier
188.47137451171875,-17.540761947631836,identifier,self
104.27996063232422,55.519256591796875,.,.
55.70851135253906,-7.243110656738281,identifier,is_oversized
26.318838119506836,98.1444091796875,(,(
70.37089538574219,-36.050941467285156,identifier,local_buffer
-76.53848266601562,150.76564025878906,),)
-28.298397064208984,-172.247802734375,def,def
-25.268115997314453,-22.87928581237793,identifier,_fetch_file
-83.51544952392578,-183.95404052734375,(,(
35.44172286987305,-198.7091522216797,identifier,self
-135.69073486328125,19.94371223449707,",",","
13.170487403869629,-83.26236724853516,identifier,remote
-131.60064697265625,23.93694496154785,",",","
12.462042808532715,-85.15702056884766,identifier,local
-137.2589569091797,104.1545639038086,),)
-198.2620086669922,-18.647300720214844,:,:
34.30181121826172,-87.46251678466797,identifier,full_remote
5.8260602951049805,-14.850648880004883,"""","""%s:%s"""
1.782086968421936,118.03227233886719,(,(
187.0057373046875,-44.897098541259766,identifier,self
131.91905212402344,55.476375579833984,.,.
18.14183235168457,-43.22327423095703,identifier,location
-95.59056091308594,25.745136260986328,",",","
13.526893615722656,-82.86064147949219,identifier,remote
-78.35546112060547,105.90225982666016,),)
180.65567016601562,-37.486995697021484,identifier,self
121.09506225585938,69.0399398803711,.,.
68.8090591430664,87.5714340209961,identifier,log
69.15119171142578,79.86172485351562,.,.
60.501708984375,85.70792388916016,identifier,info
45.29384231567383,105.97530364990234,(,(
5.727056980133057,-15.867368698120117,"""","""fetching %s from %s"""
-73.87010955810547,27.937719345092773,",",","
12.72021484375,-85.16694641113281,identifier,local
-95.74015808105469,26.22329330444336,",",","
30.76035499572754,-59.070518493652344,identifier,full_remote
-74.28617095947266,109.0615234375,),)
-72.47203826904297,-101.8240737915039,for,for
4.494100093841553,-52.540740966796875,identifier,i
-11.097956657409668,11.234792709350586,identifier,range
16.61846351623535,124.80702209472656,(,(
-106.51786804199219,121.41227722167969,),)
-168.84634399414062,-37.08430862426758,:,:
48.80360794067383,-82.91889190673828,identifier,check
22.180522918701172,-4.099841594696045,identifier,check_output
26.149494171142578,117.8922119140625,(,(
191.7668914794922,-34.36363220214844,identifier,self
131.54364013671875,48.2164306640625,.,.
19.906005859375,-25.841259002685547,identifier,ssh_cmd
-37.68491744995117,26.26426124572754,+,+
192.34185791015625,-34.502105712890625,identifier,self
131.18081665039062,48.29643630981445,.,.
19.982831954956055,-25.777812957763672,identifier,ssh_args
-37.73273468017578,26.184900283813477,+,+
193.4282684326172,-33.177310943603516,identifier,self
130.34512329101562,47.75798034667969,.,.
18.489425659179688,-43.23897171020508,identifier,location
-87.79759216308594,26.2806396484375,",",","
25.436677932739258,-12.510890007019043,"""",'test -e'
-87.95231628417969,27.23888397216797,",",","
13.750551223754883,-82.63587951660156,identifier,remote
-87.87096405029297,26.516639709472656,",",","
30.749792098999023,-11.631246566772461,"""","""&& echo 'yes' || echo 'no'"""
-68.379638671875,123.90911865234375,),)
59.7244873046875,-72.60580444335938,identifier,check
59.95884704589844,-71.64029693603516,identifier,check
81.60397338867188,44.29075241088867,.,.
53.55863952636719,22.89273452758789,identifier,strip
45.41736602783203,142.98960876464844,(,(
-85.83885192871094,120.05987548828125,),)
-94.93279266357422,-92.29969024658203,if,if
60.1231575012207,-71.2616958618164,identifier,check
-63.54686737060547,-28.89647674560547,==,==
39.80726623535156,-14.26950740814209,"""",'no'
-156.7565460205078,-42.54634094238281,:,:
31.738025665283203,25.637975692749023,identifier,time
74.7563705444336,60.43235778808594,.,.
41.16569519042969,9.85909366607666,identifier,sleep
31.95444107055664,107.19818115234375,(,(
-79.9371109008789,133.5016326904297,),)
-104.79438018798828,-73.02914428710938,elif,elif
60.182716369628906,-71.15937805175781,identifier,check
-63.08915710449219,-28.299354553222656,==,==
39.97534942626953,-14.239826202392578,"""",'yes'
-151.87513732910156,-41.564849853515625,:,:
48.97570037841797,-1.2384521961212158,identifier,check_output
25.97039031982422,102.03117370605469,(,(
192.0411376953125,-21.920989990234375,identifier,self
129.7314453125,37.77223205566406,.,.
48.92634582519531,-14.373181343078613,identifier,scp_cmd
-41.29502487182617,23.628293991088867,+,+
63.00983810424805,-37.41848373413086,identifier,full_remote
-80.75709533691406,35.97663879394531,",",","
12.957731246948242,-85.32404327392578,identifier,local
-73.7638168334961,147.42430114746094,),)
-27.027812957763672,-172.444091796875,def,def
-27.412616729736328,-20.87388038635254,identifier,_load
-85.8047103881836,-186.2462615966797,(,(
33.44614791870117,-201.3365020751953,identifier,self
-134.45428466796875,17.50226593017578,",",","
9.360007286071777,-96.22319030761719,identifier,load_dict
-139.8048553466797,104.4139404296875,),)
-203.65383911132812,-16.91488265991211,:,:
-92.9224853515625,-111.923583984375,if,if
182.04592895507812,-45.229881286621094,identifier,self
122.28366088867188,57.57557678222656,.,.
-1.4335490465164185,-33.288307189941406,identifier,v_locked
-178.3302764892578,-51.714107513427734,:,:
-4.068821430206299,-21.573471069335938,identifier,pex
103.34599304199219,27.26143455505371,.,.
-4.209248065948486,-19.674840927124023,identifier,ParameterLockedException
41.02120590209961,108.43978118896484,(,(
4.909191608428955,-16.29655647277832,"""",'Parameter `%s` is locked!'
189.53970336914062,-43.64219284057617,identifier,self
130.50180053710938,55.00551986694336,.,.
6.347020149230957,-35.2302131652832,identifier,v_full_name
-72.7587890625,107.83643341064453,),)
-90.93618774414062,-103.15379333496094,if,if
10.742303848266602,-13.588440895080566,"""",'data'
33.58147048950195,-65.07073211669922,identifier,load_dict
-171.57371520996094,-47.011940002441406,:,:
180.5301513671875,-33.179691314697266,identifier,self
114.41041564941406,57.027671813964844,.,.
25.90592384338379,-31.366437911987305,identifier,_data
57.83937454223633,-60.1871452331543,identifier,load_dict
20.72329330444336,-19.171321868896484,"""",'data'
20.774757385253906,-19.140684127807617,"""",'data'
179.97142028808594,-28.925931930541992,identifier,self
113.145751953125,55.75917053222656,.,.
26.749135971069336,-30.076614379882812,identifier,_default
195.74594116210938,-33.97901153564453,identifier,self
127.52164459228516,47.11205291748047,.,.
25.855764389038086,-31.522241592407227,identifier,_data
-106.26363372802734,-68.90708923339844,else,else
-149.8035888671875,-53.745079040527344,:,:
184.62393188476562,-28.308589935302734,identifier,self
110.93711853027344,61.00957107543945,.,.
71.43501281738281,85.59477233886719,identifier,_logger
66.09408569335938,80.05020904541016,.,.
57.64280700683594,84.0235824584961,identifier,warning
42.10281753540039,103.35565185546875,(,(
33.22062301635742,-11.655587196350098,"""","'Your parameter `%s` is empty, '"
35.0755615234375,-9.884041786193848,"""",'I did not find any data on disk.'
194.10267639160156,-26.49640464782715,identifier,self
128.4071044921875,40.2974967956543,.,.
35.945411682128906,-36.60716247558594,identifier,v_full_name
-68.39032745361328,133.75198364257812,),)
-96.65544891357422,-89.61962890625,if,if
45.86343765258789,-15.973675727844238,"""",'explored_data'
65.51860809326172,-48.105194091796875,identifier,load_dict
-154.8579864501953,-38.0830078125,:,:
187.8675994873047,-20.447233200073242,identifier,self
108.05415344238281,54.39369583129883,.,.
50.282161712646484,-16.874670028686523,identifier,_explored_range
-7.546073913574219,-57.0721321105957,identifier,x
-67.06751251220703,-91.34526062011719,for,for
-8.422457695007324,-56.558929443359375,identifier,x
67.30911254882812,-49.34905242919922,identifier,load_dict
56.02389144897461,-18.026538848876953,"""",'explored_data'
54.943294525146484,-18.618770599365234,"""",'data'
78.3047866821289,49.42475891113281,.,.
47.778255462646484,-5.185605049133301,identifier,tolist
48.79800796508789,145.22421264648438,(,(
-104.18172454833984,140.24510192871094,),)
188.11376953125,-18.45185661315918,identifier,self
106.74103546142578,53.812992095947266,.,.
57.49787139892578,-8.098172187805176,identifier,_explored
187.99049377441406,-17.898487091064453,identifier,self
106.13777160644531,53.52668380737305,.,.
57.80788040161133,-8.012025833129883,identifier,_locked
-30.530969619750977,-171.4147186279297,def,def
-23.580530166625977,-24.53781509399414,identifier,common_logger_config
-81.96054077148438,-184.5383758544922,(,(
35.051082611083984,-197.14425659179688,identifier,self
-135.01763916015625,20.91942024230957,",",","
9.540669441223145,-98.89396667480469,identifier,logger
-131.6267852783203,25.134403228759766,",",","
9.004204750061035,-100.9317626953125,identifier,config
-142.03689575195312,27.90842628479004,",",","
-3.238504648208618,-97.65189361572266,identifier,incremental
-136.9728546142578,99.8022232055664,),)
-200.1609649658203,-20.24895668029785,:,:
25.312068939208984,-75.53543853759766,identifier,level
40.86029052734375,-109.67298889160156,identifier,config
90.94090270996094,50.48311233520508,.,.
-0.7635909914970398,31.929668426513672,identifier,get
38.142730712890625,119.48954010009766,(,(
1.9940701723098755,-19.03273582458496,"""",'level'
-81.27779388427734,19.755468368530273,",",","
-76.43993377685547,104.61172485351562,),)
-88.9131851196289,-106.84599304199219,if,if
25.469266891479492,-75.2132339477539,identifier,level
-175.98435974121094,-48.17757797241211,:,:
74.36693572998047,-86.37281036376953,identifier,logger
90.07138061523438,61.30449295043945,.,.
5.563061237335205,-20.740345001220703,identifier,setLevel
33.15373611450195,118.27872467041016,(,(
5.133756637573242,-22.775222778320312,identifier,_checkLevel
23.463821411132812,129.2308349609375,(,(
25.21687889099121,-75.20812225341797,identifier,level
-100.59576416015625,125.21147155761719,),)
-70.21719360351562,108.62731170654297,),)
-89.36522674560547,-102.7430648803711,if,if
21.113014221191406,-65.00086975097656,identifier,incremental
-173.29954528808594,-44.04623794555664,:,:
-69.96531677246094,-104.03694915771484,for,for
4.217316150665283,-59.329185485839844,identifier,h
74.36743927001953,-86.3441162109375,identifier,logger
125.31478118896484,52.72818374633789,.,.
21.628629684448242,-28.98066520690918,identifier,handlers
-127.89179229736328,-39.98053741455078,:,:
-170.1375274658203,-41.203819274902344,:,:
74.36062622070312,-86.41826629638672,identifier,logger
88.38677215576172,61.10795593261719,.,.
15.761082649230957,-16.903932571411133,identifier,removeHandler
30.992429733276367,119.27347564697266,(,(
4.330102920532227,-59.3264045715332,identifier,h
-76.71708679199219,116.1826400756836,),)
51.99773406982422,-66.98316955566406,identifier,handlers
40.99477005004883,-110.0403060913086,identifier,config
87.62166595458984,43.16473388671875,.,.
-0.9639273285865784,32.56560134887695,identifier,get
38.67422103881836,120.07673645019531,(,(
24.30794906616211,-18.612014770507812,"""",'handlers'
-81.96002960205078,20.345972061157227,",",","
-79.1209945678711,122.03607940673828,),)
-89.40363311767578,-94.88320922851562,if,if
52.1718635559082,-66.1629867553711,identifier,handlers
-163.1516571044922,-47.04250717163086,:,:
186.63319396972656,-29.651132583618164,identifier,self
104.66062927246094,59.58408737182617,.,.
29.772172927856445,-7.6790924072265625,identifier,add_handlers
24.41377830505371,113.00482940673828,(,(
74.39185333251953,-88.26468658447266,identifier,logger
-83.93556213378906,28.774898529052734,",",","
52.135955810546875,-66.29396057128906,identifier,handlers
-74.81472778320312,124.17406463623047,),)
53.65795135498047,-68.6211929321289,identifier,filters
41.08238983154297,-109.9660873413086,identifier,config
87.41915893554688,42.986114501953125,.,.
-1.1685701608657837,32.60318374633789,identifier,get
39.29866409301758,119.90835571289062,(,(
24.711668014526367,-18.639633178710938,"""",'filters'
-81.49501037597656,20.261266708374023,",",","
-77.82286834716797,128.4610137939453,),)
-92.47978973388672,-90.505126953125,if,if
54.03764724731445,-66.65570068359375,identifier,filters
-157.19090270996094,-41.08869171142578,:,:
187.51870727539062,-26.647674560546875,identifier,self
103.96961212158203,61.04819107055664,.,.
29.978639602661133,-7.611189842224121,identifier,add_filters
24.34522247314453,105.81013488769531,(,(
74.39425659179688,-88.2632064819336,identifier,logger
-82.01931762695312,33.75799560546875,",",","
54.1311149597168,-66.6554183959961,identifier,filters
-77.750244140625,147.51406860351562,),)
-35.87504577636719,-165.95553588867188,def,def
-18.987306594848633,-23.437768936157227,identifier,RegisterFreeformKey
-80.74081420898438,-186.20303344726562,(,(
37.03290557861328,-196.5537872314453,identifier,cls
-136.73333740234375,21.320194244384766,",",","
4.51894998550415,-74.12455749511719,identifier,key
-132.48593139648438,24.979106903076172,",",","
-7.524354934692383,-76.24339294433594,identifier,name
-141.8822479248047,28.12071418762207,",",","
-6.441165924072266,-101.37635803222656,identifier,mean
0.7625564336776733,-16.37259292602539,"""","b""com.apple.iTunes"""
-133.12152099609375,98.25874328613281,),)
-197.99099731445312,-21.842355728149414,:,:
34.4166374206543,-85.75672149658203,identifier,atomid
4.75271463394165,-13.50637149810791,"""","b""----:"""
-40.9842529296875,28.454591751098633,+,+
-6.543295383453369,-101.46424865722656,identifier,mean
-39.92661666870117,27.80335807800293,+,+
4.93366813659668,-13.506172180175781,"""","b"":"""
-41.030635833740234,28.17871856689453,+,+
-9.054102897644043,-73.98796844482422,identifier,name
-37.70407485961914,-155.71470642089844,def,def
-28.47987174987793,-39.53570556640625,identifier,getter
24.54083251953125,141.40557861328125,(,(
68.80354309082031,-95.53556823730469,identifier,tags
-101.0129623413086,27.84165382385254,",",","
4.379714488983154,-71.01803588867188,identifier,key
-132.11766052246094,106.75141143798828,),)
-176.55833435058594,-36.24929428100586,:,:
-5.002823829650879,-58.27322769165039,identifier,s
78.91897583007812,41.20326232910156,.,.
51.53207778930664,14.083237648010254,identifier,decode
39.17731857299805,125.05833435058594,(,(
6.508549690246582,-7.368603706359863,"""","""utf-8"""
-85.14653015136719,21.662830352783203,",",","
8.864973068237305,-8.923579216003418,"""","""replace"""
-103.91416931152344,122.6249008178711,),)
-65.04472351074219,-92.7024917602539,for,for
0.4892916679382324,-58.64430236816406,identifier,s
67.96035766601562,-92.76598358154297,identifier,tags
28.864933013916016,-50.7037353515625,identifier,atomid
-37.31565475463867,-155.1964569091797,def,def
-28.566478729248047,-39.74269485473633,identifier,setter
24.03132438659668,141.54861450195312,(,(
68.7841567993164,-95.22369384765625,identifier,tags
-89.0837173461914,34.44505310058594,",",","
3.528531551361084,-70.2874755859375,identifier,key
-89.2766342163086,34.34707260131836,",",","
-19.105369567871094,-55.89739227294922,identifier,value
-99.58612823486328,114.81798553466797,),)
-163.72767639160156,-38.96098327636719,:,:
67.96746063232422,-92.78388977050781,identifier,tags
28.876060485839844,-50.340877532958984,identifier,atomid
33.56097412109375,-2.4493279457092285,identifier,utf8
14.856355667114258,114.19330596923828,(,(
-3.911975622177124,-55.8641242980957,identifier,v
-99.57604217529297,131.8889617919922,),)
-66.81031799316406,-93.40433502197266,for,for
-1.4661357402801514,-55.10238265991211,identifier,v
-19.422042846679688,-54.37194061279297,identifier,value
-37.27354431152344,-155.0698699951172,def,def
-28.63405418395996,-39.90861511230469,identifier,deleter
23.883466720581055,141.5813446044922,(,(
68.78850555419922,-95.150634765625,identifier,tags
-88.34786224365234,34.638912200927734,",",","
3.6730239391326904,-69.90990447998047,identifier,key
-99.8484115600586,114.52641296386719,),)
-162.98886108398438,-38.53816223144531,:,:
18.568395614624023,110.1661376953125,(,(
68.01673889160156,-92.76570129394531,identifier,tags
28.929964065551758,-50.060401916503906,identifier,atomid
-71.69402313232422,133.63377380371094,),)
179.88905334472656,-17.877071380615234,identifier,cls
82.78392028808594,55.935585021972656,.,.
42.01433563232422,-6.90524959564209,identifier,RegisterKey
23.905696868896484,103.67572784423828,(,(
2.2300314903259277,-68.68013000488281,identifier,key
-80.55584716796875,39.47540283203125,",",","
73.02777862548828,-22.28618621826172,identifier,getter
-80.67718505859375,39.22756576538086,",",","
72.96603393554688,-22.410850524902344,identifier,setter
-80.8041763305664,38.818138122558594,",",","
72.79779052734375,-22.766878128051758,identifier,deleter
-75.35211181640625,147.5565185546875,),)
-31.407270431518555,-171.21240234375,def,def
-23.41934585571289,-24.132444381713867,identifier,prepare_user_module
-82.51791381835938,-185.47506713867188,(,(
32.84716796875,-197.1477508544922,identifier,self
-140.23992919921875,22.4332275390625,",",","
5.16433572769165,-94.67431640625,identifier,user_module
-143.49090576171875,29.679759979248047,",",","
-0.9338557124137878,-93.45443725585938,identifier,user_ns
-136.12173461914062,99.06904602050781,),)
-204.27212524414062,-20.007658004760742,:,:
-91.59380340576172,-108.97993469238281,if,if
27.671958923339844,-70.00076293945312,identifier,user_module
-76.08001708984375,-66.29911804199219,and,and
27.496633529663086,-70.57742309570312,identifier,user_ns
-176.6277313232422,-48.274200439453125,:,:
33.82368087768555,-80.47312927246094,identifier,user_ns
90.26245880126953,61.44308853149414,.,.
40.67020797729492,16.03507423400879,identifier,setdefault
36.998844146728516,118.07001495361328,(,(
7.155529499053955,-9.887096405029297,"""","""__name__"""
-86.45671844482422,20.035423278808594,",",","
6.746822357177734,-9.940291404724121,"""","""__main__"""
-73.4705810546875,108.52760314941406,),)
19.263946533203125,-33.0715217590332,identifier,DummyMod
27.46725082397461,140.84552001953125,(,(
-12.174907684326172,-47.630653381347656,identifier,object
-131.52235412597656,108.63703155517578,),)
-176.32534790039062,-37.570926666259766,:,:
17.280672073364258,-15.498733520507812,"""","""A dummy module used for IPython's interactive namespace."""
47.14023971557617,-79.0914077758789,identifier,user_module
19.269723892211914,-33.064849853515625,identifier,DummyMod
35.87016296386719,137.6338348388672,(,(
-81.86966705322266,118.58280944824219,),)
64.76558685302734,-61.729042053222656,identifier,user_module
112.28541564941406,51.98985290527344,.,.
5.210901260375977,5.761114597320557,identifier,__dict__
43.84910583496094,-53.24867248535156,identifier,user_ns
-92.86660766601562,-92.46581268310547,if,if
46.50851058959961,-61.7335090637207,identifier,user_module
-161.21575927734375,-43.48278045654297,:,:
54.31158447265625,-76.09113311767578,identifier,user_module
24.090524673461914,7.089770317077637,identifier,types
102.89921569824219,28.850162506103516,.,.
14.408906936645508,-34.98870086669922,identifier,ModuleType
21.234174728393555,105.65911102294922,(,(
31.6230411529541,-15.643383026123047,"""","""__main__"""
-86.24443054199219,45.78483581542969,",",","
39.60065841674805,-9.413446426391602,identifier,doc
40.94349670410156,-9.556290626525879,"""","""Automatically created module for IPython interactive environment"""
-72.46085357666016,135.44561767578125,),)
70.50689697265625,-51.491512298583984,identifier,user_module
105.72650146484375,48.63337326049805,.,.
61.39116668701172,-1.1844617128372192,identifier,__dict__
78.36299896240234,54.265289306640625,.,.
41.38402557373047,15.381176948547363,identifier,setdefault
31.926820755004883,97.54483795166016,(,(
55.174686431884766,-15.427878379821777,"""",'__builtin__'
-73.47763061523438,33.35683822631836,",",","
67.00980377197266,-31.416399002075195,identifier,builtin_mod
-74.3575439453125,139.06591796875,),)
70.6040267944336,-51.33586120605469,identifier,user_module
105.667724609375,48.59696960449219,.,.
61.310935974121094,-1.2289220094680786,identifier,__dict__
78.22634887695312,54.13982009887695,.,.
41.36375427246094,15.410112380981445,identifier,setdefault
31.905284881591797,97.54173278808594,(,(
55.44782257080078,-15.389442443847656,"""",'__builtins__'
-73.46580505371094,33.361698150634766,",",","
67.11447143554688,-31.636152267456055,identifier,builtin_mod
-78.27506256103516,141.95506286621094,),)
-99.77794647216797,-88.70531463623047,if,if
69.9969253540039,-28.60792350769043,identifier,user_ns
-153.060302734375,-35.27486038208008,:,:
71.81718444824219,-28.829090118408203,identifier,user_ns
74.9815902709961,-36.03883743286133,identifier,user_module
124.02306365966797,33.808841705322266,.,.
60.70738983154297,-1.4965559244155884,identifier,__dict__
72.79109954833984,-37.5235595703125,identifier,user_module
-104.03448486328125,35.5205192565918,",",","
72.26859283447266,-37.948734283447266,identifier,user_ns
-24.836729049682617,-172.2887420654297,def,def
-24.014446258544922,-23.54622459411621,identifier,f_dir_data
-87.60128784179688,-181.8776092529297,(,(
30.794429779052734,-199.29891967773438,identifier,self
-140.60572814941406,107.74307250976562,),)
-202.33380126953125,-16.292964935302734,:,:
-93.86544799804688,-109.18820190429688,if,if
2.259888172149658,116.44278717041016,(,(
181.93466186523438,-44.45330810546875,identifier,self
120.88768005371094,58.928565979003906,.,.
-0.9432962536811829,-34.19126892089844,identifier,_nn_interface
-76.43108367919922,-66.48892974853516,and,and
181.17303466796875,-43.68239974975586,identifier,self
119.89753723144531,60.22555923461914,.,.
-0.024630051106214523,-33.92000198364258,identifier,_nn_interface
124.14852905273438,56.48222351074219,.,.
0.39580631256103516,-32.8116455078125,identifier,_root_instance
-76.49173736572266,-66.6058578491211,and,and
189.16680908203125,-43.120723724365234,identifier,self
125.5734634399414,57.16869354248047,.,.
2.051647186279297,-33.46054458618164,identifier,v_root
124.82976531982422,55.88507080078125,.,.
8.160425186157227,-27.09282684326172,identifier,v_auto_load
-107.08838653564453,114.9776611328125,),)
-173.01539611816406,-42.797515869140625,:,:
-158.66322326660156,-59.422725677490234,:,:
-94.65925598144531,-101.2635498046875,if,if
189.9263916015625,-37.879188537597656,identifier,self
121.4946060180664,53.91431427001953,.,.
11.074520111083984,-24.878835678100586,identifier,v_is_root
-169.62319946289062,-44.992794036865234,:,:
183.9768524169922,-33.19337844848633,identifier,self
103.0071029663086,60.202423095703125,.,.
30.126195907592773,-1.8489443063735962,identifier,f_load
25.987926483154297,119.04421997070312,(,(
20.492603302001953,6.135931015014648,identifier,recursive
-91.61994171142578,44.88418197631836,",",","
36.933380126953125,-25.687314987182617,identifier,max_depth
-91.72265625,44.96919250488281,",",","
34.722496032714844,-26.358327865600586,identifier,load_data
23.12286949157715,-36.71901321411133,identifier,pypetconstants
116.04486846923828,25.141448974609375,.,.
42.88607406616211,-26.653100967407227,identifier,LOAD_SKELETON
-92.09883117675781,46.294273376464844,",",","
34.079647064208984,-25.164806365966797,identifier,with_meta_data
-91.9163818359375,46.403602600097656,",",","
34.0095329284668,-24.986793518066406,identifier,with_run_information
-77.02873229980469,124.91471099853516,),)
-107.15949249267578,-67.54795837402344,else,else
-148.20361328125,-53.268409729003906,:,:
187.04920959472656,-26.58498764038086,identifier,self
103.79368591308594,60.8740234375,.,.
30.652956008911133,-1.8378069400787354,identifier,f_load
18.239524841308594,97.7109375,(,(
20.507287979125977,6.1416473388671875,identifier,recursive
-87.87462615966797,47.79875564575195,",",","
37.001529693603516,-25.663917541503906,identifier,max_depth
-87.6412124633789,47.792171478271484,",",","
34.988380432128906,-26.525522232055664,identifier,load_data
23.099369049072266,-36.74333572387695,identifier,pypetconstants
115.56317901611328,27.26970672607422,.,.
43.29508972167969,-26.449485778808594,identifier,LOAD_SKELETON
-71.277587890625,139.38487243652344,),)
34.63652420043945,16.846691131591797,identifier,Exception
-33.12314987182617,-3.378216505050659,identifier,exc
-151.47354125976562,-39.375633239746094,:,:
-2.836602210998535,13.662005424499512,identifier,list
15.089456558227539,102.19793701171875,(,(
191.21893310546875,-20.400117874145508,identifier,self
130.5609588623047,35.22567367553711,.,.
49.40718460083008,-20.620359420776367,identifier,_children
78.76454162597656,49.70585250854492,.,.
60.29030227661133,-5.078670024871826,identifier,keys
48.42683029174805,145.49661254882812,(,(
-104.60269165039062,140.25048828125,),)
-72.9085693359375,147.2418975830078,),)
-29.541114807128906,-172.0957794189453,def,def
-23.668466567993164,-22.736003875732422,identifier,_on_edges
-82.72852325439453,-184.24884033203125,(,(
35.05967712402344,-198.23654174804688,identifier,self
-136.1441650390625,20.804737091064453,",",","
12.217480659484863,-97.91606903076172,identifier,object
-132.6605682373047,25.629053115844727,",",","
-7.449222087860107,-76.23307800292969,identifier,name
-132.2257843017578,27.863445281982422,",",","
8.62359619140625,-84.99919128417969,identifier,old
-132.3554229736328,28.58258056640625,",",","
8.93981647491455,-84.21868896484375,identifier,new
-135.3856964111328,102.64733123779297,),)
-202.77674865722656,-18.72358512878418,:,:
-91.96179962158203,-109.9524154663086,if,if
-7.16464376449585,-73.66954803466797,identifier,name
-63.351783752441406,-34.16782760620117,==,==
1.6937216520309448,-15.58782958984375,"""","""edges_items"""
-178.35023498535156,-49.004966735839844,:,:
38.31978225708008,-95.16915893554688,identifier,edges
9.546130180358887,-83.01942443847656,identifier,new
130.5629119873047,57.503902435302734,.,.
-14.719539642333984,-20.460025787353516,identifier,added
-99.76606750488281,-71.67874908447266,elif,elif
-7.1498637199401855,-73.5810775756836,identifier,name
-63.24236297607422,-33.74971389770508,==,==
1.7098326683044434,-15.287857055664062,"""","""edges"""
-175.04757690429688,-48.83853530883789,:,:
38.321800231933594,-95.32112121582031,identifier,edges
9.425817489624023,-83.2336654663086,identifier,new
-104.18575286865234,-64.81314086914062,else,else
-151.602783203125,-56.910369873046875,:,:
38.333683013916016,-95.36100769042969,identifier,edges
42.722530364990234,-85.338134765625,identifier,all_nodes
-5.274448394775391,-57.78330993652344,identifier,n
-66.03882598876953,-91.83329010009766,for,for
2.0332417488098145,-59.30800247192383,identifier,g
193.2974090576172,-38.1244010925293,identifier,self
125.44219207763672,50.89448928833008,.,.
12.196646690368652,-24.792600631713867,identifier,all_graphs
-64.45349884033203,-92.92786407470703,for,for
0.23259666562080383,-58.182132720947266,identifier,n
27.627639770507812,-41.14311981201172,identifier,g
124.87696838378906,49.64487075805664,.,.
26.034818649291992,-34.59004592895508,identifier,nodes
-70.93183898925781,-101.8288345336914,for,for
45.20177459716797,-75.76988220214844,identifier,each_edge
38.820709228515625,-66.39146423339844,identifier,edges
-167.3891143798828,-36.91884231567383,:,:
-95.59769439697266,-97.61121368408203,if,if
66.11331176757812,-58.28787612915039,identifier,each_edge
119.44759368896484,45.559383392333984,.,.
39.85397720336914,-31.892847061157227,identifier,tail_node
52.22920608520508,-52.02735900878906,identifier,all_nodes
-161.81210327148438,-46.318443298339844,:,:
90.12885284423828,-71.04961395263672,identifier,object
110.887451171875,46.27427673339844,.,.
26.61041831970215,-34.87552261352539,identifier,nodes
78.44900512695312,65.63990783691406,.,.
60.5801887512207,56.90528869628906,identifier,append
29.78424072265625,110.24615478515625,(,(
66.17362213134766,-57.7105598449707,identifier,each_edge
123.45098876953125,42.91022872924805,.,.
40.605491638183594,-32.153743743896484,identifier,tail_node
-75.74505615234375,128.1151885986328,),)
-96.5969467163086,-93.10611724853516,if,if
66.43134307861328,-57.734352111816406,identifier,each_edge
119.40559387207031,44.456398010253906,.,.
40.00162124633789,-31.94770622253418,identifier,head_node
52.459224700927734,-51.8088264465332,identifier,all_nodes
-156.11378479003906,-40.900272369384766,:,:
90.13084411621094,-71.04427337646484,identifier,object
110.7177963256836,46.4218864440918,.,.
26.766122817993164,-34.9612922668457,identifier,nodes
77.86407470703125,64.70832824707031,.,.
61.4945068359375,57.69685745239258,identifier,append
29.351268768310547,107.20621490478516,(,(
67.05311584472656,-56.74488067626953,identifier,each_edge
122.99435424804688,39.621543884277344,.,.
40.970211029052734,-32.33680725097656,identifier,head_node
-76.04833221435547,138.00621032714844,),)
70.11028289794922,-53.1175651550293,identifier,each_edge
107.55701446533203,50.15837860107422,.,.
51.79674530029297,-16.647794723510742,identifier,_nodes
66.3938217163086,-39.906951904296875,identifier,all_nodes
-33.50027847290039,-165.1962890625,def,def
-22.21895980834961,-24.441789627075195,identifier,get_clinvar_submission
-78.31543731689453,-183.4777069091797,(,(
21.173694610595703,-112.77145385742188,identifier,store
-135.5260009765625,24.5533504486084,",",","
4.715674877166748,-92.25389099121094,identifier,institute_id
-136.08982849121094,27.115564346313477,",",","
4.241621494293213,-90.91073608398438,identifier,case_name
-135.4161834716797,27.45328140258789,",",","
3.3072993755340576,-91.55644989013672,identifier,variant_id
-133.7491455078125,28.73459243774414,",",","
3.2510619163513184,-91.02372741699219,identifier,submission_id
-134.9745330810547,100.82481384277344,),)
-199.50723266601562,-21.925189971923828,:,:
33.254798889160156,-85.3003158569336,identifier,institute_obj
-113.42086029052734,28.02422523498535,",",","
32.774192810058594,-85.06835174560547,identifier,case_obj
4.436095714569092,-23.598173141479492,identifier,institute_and_case
26.588361740112305,127.96695709228516,(,(
21.261707305908203,-113.24066925048828,identifier,store
-95.64659881591797,29.625566482543945,",",","
28.509925842285156,-58.60841751098633,identifier,institute_id
-95.34585571289062,28.613866806030273,",",","
29.182540893554688,-59.18008804321289,identifier,case_name
-77.93438720703125,109.5787353515625,),)
45.03428268432617,-85.1068344116211,identifier,pinned
22.57487678527832,-113.86934661865234,identifier,store
97.88783264160156,49.78950881958008,.,.
25.057769775390625,-26.524717330932617,identifier,variant
22.63176155090332,125.80538940429688,(,(
31.946256637573242,-54.01072311401367,identifier,variant_id
-104.50511932373047,123.54533386230469,),)
-70.63784790039062,-60.224456787109375,or,or
31.778247833251953,-53.900238037109375,identifier,variant_id
-65.33466339111328,-93.14380645751953,for,for
31.211599349975586,-53.45778274536133,identifier,variant_id
59.26650619506836,-61.07062530517578,identifier,case_obj
86.52562713623047,44.61884307861328,.,.
-0.13784322142601013,33.03083038330078,identifier,get
38.9019889831543,120.93268585205078,(,(
23.738706588745117,-16.71512222290039,"""",'suspects'
-82.71640014648438,20.465993881225586,",",","
-95.75467681884766,127.35781860351562,),)
47.12514877319336,-77.83206176757812,identifier,variant_obj
22.968284606933594,-113.50989532470703,identifier,store
91.92428588867188,43.2060432434082,.,.
25.09532928466797,-26.512287139892578,identifier,variant
23.11159896850586,116.05644989013672,(,(
39.85124969482422,-50.42395782470703,identifier,variant_id
-73.94583892822266,125.11062622070312,),)
51.274967193603516,-74.79822540283203,identifier,clinvar_submission_objs
23.071714401245117,-113.44274139404297,identifier,store
92.00638580322266,43.100074768066406,.,.
31.338687896728516,-6.793245315551758,identifier,clinvars
17.580394744873047,96.74056243896484,(,(
56.40721893310547,-33.245243072509766,identifier,submission_id
39.85094451904297,-50.21996307373047,identifier,submission_id
-76.2458724975586,132.3162078857422,),)
0.1650243103504181,16.954254150390625,identifier,dict
18.97783851623535,94.22212219238281,(,(
37.307044982910156,22.16718101501465,identifier,today
-19.8128719329834,2.52687931060791,identifier,str
16.432621002197266,104.26477813720703,(,(
36.2786750793457,21.088146209716797,identifier,date
79.14814758300781,34.961326599121094,.,.
37.190574645996094,22.181764602661133,identifier,today
48.33686065673828,143.5323028564453,(,(
-105.26226806640625,138.6898956298828,),)
-91.87684631347656,135.6007537841797,),)
-86.82020568847656,53.15384292602539,",",","
66.61310577392578,-14.608936309814453,identifier,institute
64.05099487304688,-35.994205474853516,identifier,institute_obj
-86.23860931396484,52.144195556640625,",",","
64.14824676513672,-13.633013725280762,identifier,case
64.29558563232422,-35.7887077331543,identifier,case_obj
-85.51359558105469,52.367835998535156,",",","
63.857662200927734,-15.99596881866455,identifier,variant
64.61478424072266,-35.88172149658203,identifier,variant_obj
-85.18743133544922,52.816673278808594,",",","
61.06984329223633,-20.056489944458008,identifier,pinned_vars
66.97610473632812,-37.340904235839844,identifier,pinned
-84.2391128540039,52.9033203125,",",","
61.11589050292969,-19.979143142700195,identifier,clinvars
66.82257080078125,-35.30955123901367,identifier,clinvar_submission_objs
-72.40511322021484,149.61117553710938,),)
-23.797420501708984,-170.6349639892578,def,def
-31.20136260986328,-21.863689422607422,identifier,read
-88.27975463867188,-184.1833038330078,(,(
30.67474365234375,-201.44293212890625,identifier,self
-140.04263305664062,108.99633026123047,),)
-203.31939697265625,-14.950530052185059,:,:
-91.69145202636719,-112.18402862548828,if,if
180.88685607910156,-45.753658294677734,identifier,self
121.58612060546875,57.93584060668945,.,.
-2.02360200881958,-35.12555694580078,identifier,_cache
-180.1045684814453,-50.28455352783203,:,:
33.47456359863281,-91.66462707519531,identifier,img
182.95932006835938,-42.19343185424805,identifier,self
120.70361328125,62.76276779174805,.,.
-3.100433826446533,-36.34412384033203,identifier,_cache
91.50474548339844,52.230140686035156,.,.
1.805504322052002,31.09354591369629,identifier,get
26.441776275634766,132.0141143798828,(,(
186.22413635253906,-45.97575759887695,identifier,self
128.21270751953125,57.99278259277344,.,.
-0.6801312565803528,-38.672054290771484,identifier,_position
-75.81702423095703,105.60704803466797,),)
-87.7931137084961,-106.91925048828125,if,if
26.752798080444336,-72.43768310546875,identifier,img
-177.52684020996094,-49.29182052612305,:,:
47.07961654663086,-92.95188903808594,identifier,ret
-103.86726379394531,-65.0982894897461,else,else
-153.31585693359375,-56.38467025756836,:,:
-94.15620422363281,-105.2756576538086,if,if
190.4978790283203,-40.513423919677734,identifier,self
119.28553009033203,58.08024597167969,.,.
-0.5050163865089417,-38.74251937866211,identifier,_position
-57.43642044067383,-29.432037353515625,!=,!=
188.79371643066406,-42.11581802368164,identifier,self
115.16850280761719,66.34521484375,.,.
7.972813129425049,-26.21985626220703,identifier,_get_real_position
38.96126174926758,143.55535888671875,(,(
-110.36686706542969,131.1185760498047,),)
-171.7987823486328,-49.29963302612305,:,:
182.5303192138672,-34.15106201171875,identifier,self
112.70018768310547,65.0967025756836,.,.
10.959189414978027,-23.731775283813477,identifier,_set_real_position
31.928491592407227,118.47509765625,(,(
195.72216796875,-39.08374786376953,identifier,self
131.3062744140625,50.92461395263672,.,.
-0.8729810118675232,-39.25420379638672,identifier,_position
-76.66903686523438,115.5431137084961,),)
52.57394790649414,-93.34351348876953,identifier,ret
-111.34464263916016,29.13941764831543,",",","
56.77051544189453,-80.68598175048828,identifier,img
190.74879455566406,-33.631839752197266,identifier,self
113.99923706054688,62.17575454711914,.,.
32.7171745300293,-32.48713684082031,identifier,_vcap
85.52587890625,49.80037307739258,.,.
45.8432502746582,22.374074935913086,identifier,read
43.963653564453125,141.98089599609375,(,(
-84.5113754272461,116.81443786621094,),)
-89.7600326538086,-95.45386505126953,if,if
85.46198272705078,-45.194095611572266,identifier,ret
-163.08969116210938,-47.524478912353516,:,:
183.97596740722656,-29.545583724975586,identifier,self
111.87967681884766,60.10845947265625,.,.
-3.570648670196533,-37.97509002685547,identifier,_cache
86.36287689208984,58.290061950683594,.,.
26.49247932434082,1.3181926012039185,identifier,put
24.763423919677734,113.44469451904297,(,(
196.92892456054688,-31.914365768432617,identifier,self
131.9901885986328,49.99814224243164,.,.
-1.2573162317276,-39.63526916503906,identifier,_position
-83.32308197021484,28.863544464111328,",",","
47.90217208862305,-54.760257720947266,identifier,img
-78.60070037841797,125.07521057128906,),)
-106.57057189941406,-66.71672821044922,else,else
-148.92713928222656,-54.83871841430664,:,:
52.63457107543945,-93.3542709350586,identifier,ret
-111.05241394042969,30.265085220336914,",",","
56.80280685424805,-80.6568374633789,identifier,img
191.98870849609375,-28.87485122680664,identifier,self
112.99702453613281,61.89365768432617,.,.
32.795021057128906,-32.5452880859375,identifier,_vcap
85.39530181884766,49.885231018066406,.,.
45.86980056762695,22.298328399658203,identifier,read
45.199615478515625,141.75999450683594,(,(
-85.65441131591797,119.89302062988281,),)
-93.73482513427734,-90.43892669677734,if,if
85.36372375488281,-45.19960403442383,identifier,ret
-157.30752563476562,-41.022438049316406,:,:
185.3568878173828,-24.377742767333984,identifier,self
109.0206069946289,56.535804748535156,.,.
-2.574796438217163,-39.91070556640625,identifier,_position
75.28596496582031,-44.32405471801758,identifier,img
-30.948894500732422,-163.97789001464844,def,def
-19.545894622802734,-26.49636459350586,identifier,topoSort
-80.97026062011719,-182.72996520996094,(,(
14.647626876831055,-91.97688293457031,identifier,roots
-132.00274658203125,20.576053619384766,",",","
9.046717643737793,-89.17713928222656,identifier,getParents
-140.48294067382812,103.71844482421875,),)
-197.92138671875,-16.264606475830078,:,:
44.457000732421875,-92.65459442138672,identifier,results
16.663990020751953,-77.56549835205078,identifier,visited
-3.417600631713867,8.622424125671387,identifier,set
35.785953521728516,139.2500457763672,(,(
-84.69972229003906,107.04763793945312,),)
36.03868865966797,-92.68396759033203,identifier,stack
1.6685744524002075,115.01335906982422,(,(
-6.097066402435303,-59.44472122192383,identifier,node
-91.07659912109375,21.551908493041992,",",","
-103.76087188720703,126.93146514892578,),)
-65.2713623046875,-91.04706573486328,for,for
-1.3849021196365356,-59.83753204345703,identifier,node
14.893532752990723,-91.74658966064453,identifier,roots
-79.84494018554688,-106.60063934326172,while,while
24.4688663482666,-70.3989486694336,identifier,stack
-171.47097778320312,-34.15579605102539,:,:
30.133657455444336,-84.2619857788086,identifier,current
-112.55511474609375,27.258235931396484,",",","
-3.4110183715820312,-48.20635223388672,identifier,state
53.66210174560547,-98.98551177978516,identifier,stack
88.59162902832031,52.21647262573242,.,.
6.701414108276367,24.404722213745117,identifier,pop
39.48368835449219,141.69320678710938,(,(
-84.42540740966797,112.13157653808594,),)
-90.11052703857422,-104.30664825439453,if,if
-3.406416416168213,-48.205020904541016,identifier,state
-64.03643035888672,-33.21013259887695,==,==
-173.5785369873047,-44.21170425415039,:,:
-94.8182373046875,-103.8022689819336,if,if
9.878412246704102,-58.48896789550781,identifier,current
16.889209747314453,-76.6715316772461,identifier,visited
-171.5933837890625,-48.65438461303711,:,:
16.951873779296875,-76.45059967041016,identifier,visited
82.32444763183594,65.64337921142578,.,.
64.4458236694336,58.771759033203125,identifier,add
31.30764389038086,120.06342315673828,(,(
9.196279525756836,-58.199951171875,identifier,current
-77.77581787109375,114.99172973632812,),)
54.397377014160156,-98.9103012084961,identifier,stack
81.69220733642578,65.84983825683594,.,.
58.8497314453125,58.20056915283203,identifier,append
30.29642677307129,114.67760467529297,(,(
3.757528066635132,115.34931945800781,(,(
9.121941566467285,-57.993282318115234,identifier,current
-89.4397964477539,22.02977752685547,",",","
-97.81726837158203,126.05834197998047,),)
-71.12445831298828,117.47962951660156,),)
54.490386962890625,-98.89971923828125,identifier,stack
81.00834655761719,65.69647979736328,.,.
57.298824310302734,55.50029373168945,identifier,extend
29.769617080688477,114.85371398925781,(,(
3.89949631690979,115.25341796875,(,(
-3.45554256439209,-57.05195999145508,identifier,parent
-89.46115112304688,22.148168563842773,",",","
-102.7093505859375,128.46737670898438,),)
-66.02400970458984,-94.0950698852539,for,for
-1.5171293020248413,-57.157474517822266,identifier,parent
23.30862045288086,-8.994214057922363,identifier,getParents
20.347532272338867,116.73673248291016,(,(
8.966687202453613,-57.70095443725586,identifier,current
-98.24300384521484,129.53306579589844,),)
-68.60686492919922,120.70913696289062,),)
-106.18721771240234,-68.08926391601562,else,else
-147.95286560058594,-55.09663391113281,:,:
6.63346004486084,115.47216033935547,(,(
9.953372955322266,-57.79291915893555,identifier,current
16.793394088745117,-77.03926849365234,identifier,visited
-70.0064468383789,126.62312316894531,),)
56.762428283691406,-91.65667724609375,identifier,results
79.0105209350586,65.34913635253906,.,.
60.693843841552734,57.27609634399414,identifier,append
29.270771026611328,108.85689544677734,(,(
9.633371353149414,-57.45719528198242,identifier,current
-79.6202392578125,129.89427185058594,),)
79.22765350341797,-43.27096939086914,identifier,results
-33.266414642333984,-164.4111785888672,def,def
-22.015417098999023,-24.959251403808594,identifier,parse_hpo_disease
-81.34697723388672,-180.54298400878906,(,(
7.795047283172607,-94.510498046875,identifier,hpo_line
-136.55364990234375,105.82990264892578,),)
-197.98707580566406,-19.442737579345703,:,:
33.41423034667969,-87.13446044921875,identifier,hpo_line
30.552587509155273,-64.85202026367188,identifier,hpo_line
79.44828796386719,43.045738220214844,.,.
53.70743179321289,23.083742141723633,identifier,rstrip
40.341251373291016,142.96575927734375,(,(
-112.76803588867188,133.2739715576172,),)
78.84905242919922,43.11372756958008,.,.
51.97368621826172,30.06856918334961,identifier,split
36.674888610839844,126.89892578125,(,(
2.5311079025268555,-6.846558094024658,"""",'\t'
-80.61624908447266,106.33455657958984,),)
42.4713134765625,-88.8200454711914,identifier,hpo_info
39.410152435302734,-83.75778198242188,identifier,disease
31.13750648498535,-64.66533660888672,identifier,hpo_line
79.7386703491211,42.06538009643555,.,.
51.91049575805664,29.210771560668945,identifier,split
36.85024642944336,126.09514617919922,(,(
4.098466873168945,-4.9861578941345215,"""",':'
-77.42626190185547,113.49232482910156,),)
63.22224807739258,-62.62282943725586,identifier,hpo_info
19.053573608398438,-18.321840286254883,"""",'source'
78.55500793457031,-74.23799133300781,identifier,disease
63.38172149658203,-62.227386474609375,identifier,hpo_info
30.989152908325195,-21.102088928222656,"""",'disease_nr'
-15.595643043518066,6.391872406005859,identifier,int
15.212565422058105,115.9676742553711,(,(
78.5570068359375,-74.23353576660156,identifier,disease
-72.35255432128906,123.1163101196289,),)
63.54458999633789,-61.68244552612305,identifier,hpo_info
37.06595993041992,-21.811765670776367,"""",'hgnc_symbol'
63.800498962402344,-60.94181823730469,identifier,hpo_info
37.21788787841797,-21.58339500427246,"""",'hpo_term'
-96.023193359375,-89.11345672607422,if,if
-5.021808624267578,56.487464904785156,identifier,len
11.840922355651855,135.55450439453125,(,(
66.17610168457031,-47.2820930480957,identifier,hpo_line
-112.00983428955078,125.20842742919922,),)
-154.4111328125,-38.14696502685547,:,:
70.46327209472656,-49.46894454956055,identifier,hpo_info
54.397605895996094,-16.686948776245117,"""",'hgnc_symbol'
67.9217758178711,-48.37038803100586,identifier,hpo_line
-97.33805847167969,-87.77470397949219,if,if
-4.985385894775391,56.679019927978516,identifier,len
12.039902687072754,135.7968292236328,(,(
66.34440612792969,-47.20940399169922,identifier,hpo_line
-112.13861083984375,124.95614624023438,),)
-153.26336669921875,-36.48295593261719,:,:
70.50859069824219,-49.3427734375,identifier,hpo_info
57.179405212402344,-16.407045364379883,"""",'hpo_term'
68.18238067626953,-48.30333709716797,identifier,hpo_line
73.32777404785156,-39.20907974243164,identifier,hpo_info
-31.221744537353516,-163.1642608642578,def,def
-23.158451080322266,-20.535640716552734,identifier,remove_class
-85.11565399169922,-180.04754638671875,(,(
17.903480529785156,-97.48677062988281,identifier,text
-141.78353881835938,106.54931640625,),)
-198.85504150390625,-14.795038223266602,:,:
40.54197311401367,-92.97877502441406,identifier,lines
18.849767684936523,-97.91382598876953,identifier,text
79.3487777709961,43.60556411743164,.,.
52.14241027832031,30.000715255737305,identifier,split
36.51253890991211,127.24637603759766,(,(
2.6229171752929688,-6.871301174163818,"""","""\n"""
-81.30671691894531,105.84260559082031,),)
46.96354675292969,-92.91095733642578,identifier,ret
-73.30824279785156,-104.08352661132812,for,for
36.03408432006836,-73.40215301513672,identifier,line
37.262638092041016,-71.13745880126953,identifier,lines
-171.9557647705078,-35.33815002441406,:,:
38.17166519165039,-89.77967071533203,identifier,tokens
3.4461424350738525,-24.130817413330078,identifier,tokenize_line
26.047128677368164,129.35159301757812,(,(
36.25825500488281,-72.21479034423828,identifier,line
-80.42298126220703,108.03083038330078,),)
36.98154067993164,-87.11824798583984,identifier,tokens_upper
-5.281367301940918,-58.85413360595703,identifier,t
78.48575592041016,40.99893569946289,.,.
7.389565467834473,14.550701141357422,identifier,upper
40.552799224853516,144.2390899658203,(,(
-111.3302993774414,134.286376953125,),)
-64.9735107421875,-91.70445251464844,for,for
0.07336097955703735,-59.24808120727539,identifier,t
63.38887023925781,-93.18754577636719,identifier,tokens
-91.55075073242188,-102.47254180908203,if,if
11.313068389892578,-13.060193061828613,"""","""IN"""
46.26424789428711,-58.62190628051758,identifier,tokens_upper
-169.59300231933594,-49.703739166259766,:,:
63.94895553588867,-91.2888412475586,identifier,tokens
82.47184753417969,68.2618408203125,.,.
11.041394233703613,22.005306243896484,identifier,remove
36.863197326660156,115.46170043945312,(,(
12.418791770935059,-12.59838581085205,"""","""IN"""
-82.43683624267578,125.17499542236328,),)
-101.30228424072266,-73.42842102050781,elif,elif
27.458574295043945,-15.345694541931152,"""","""CS"""
46.57048416137695,-58.29999923706055,identifier,tokens_upper
-161.04888916015625,-50.151283264160156,:,:
64.0938491821289,-91.01839447021484,identifier,tokens
82.1511459350586,68.66622924804688,.,.
11.16683292388916,22.09806251525879,identifier,remove
36.96664047241211,115.05477905273438,(,(
27.336698532104492,-16.64811134338379,"""","""CS"""
-81.965576171875,125.6330337524414,),)
-102.2920150756836,-73.76455688476562,elif,elif
27.962446212768555,-15.375274658203125,"""","""CH"""
46.86302185058594,-57.9615592956543,identifier,tokens_upper
-160.73890686035156,-49.96330261230469,:,:
64.23976135253906,-90.7793960571289,identifier,tokens
81.79460144042969,68.96810150146484,.,.
11.28458023071289,22.20061683654785,identifier,remove
37.049320220947266,114.65553283691406,(,(
27.735761642456055,-16.751230239868164,"""","""CH"""
-81.76162719726562,125.93159484863281,),)
-103.03153991699219,-74.037841796875,elif,elif
28.414045333862305,-15.39030647277832,"""","""HS"""
47.14505386352539,-57.79403305053711,identifier,tokens_upper
-155.04141235351562,-44.434547424316406,:,:
64.33645629882812,-90.67431640625,identifier,tokens
81.56548309326172,69.11839294433594,.,.
11.380607604980469,22.308950424194336,identifier,remove
37.13172912597656,114.24215698242188,(,(
28.463462829589844,-16.683595657348633,"""","""HS"""
-71.56336975097656,131.99278259277344,),)
54.651329040527344,-92.5791244506836,identifier,ret
78.45122528076172,63.283992767333984,.,.
60.52296829223633,58.21577453613281,identifier,append
30.456106185913086,103.27079010009766,(,(
47.179901123046875,0.8767269849777222,identifier,serialize
15.159285545349121,106.87702178955078,(,(
57.05091094970703,-49.88535690307617,identifier,tokens
-95.25542449951172,134.58863830566406,),)
-69.87700653076172,138.18771362304688,),)
0.7208251953125,-2.572951555252075,"""","""\n"""
40.12858963012695,45.361289978027344,.,.
40.283958435058594,40.77763366699219,identifier,join
13.465676307678223,104.25260162353516,(,(
83.53564453125,-45.38129425048828,identifier,ret
-77.8210220336914,150.06103515625,),)
-23.899126052856445,-170.81402587890625,def,def
-23.17133331298828,-15.287665367126465,identifier,copy
-88.12881469726562,-184.3905029296875,(,(
31.143924713134766,-201.24639892578125,identifier,self
-139.62847900390625,109.03656768798828,),)
-203.39173889160156,-15.309645652770996,:,:
-92.80099487304688,-110.16497039794922,if,if
181.0901336669922,-45.160091400146484,identifier,self
120.96951293945312,58.75984573364258,.,.
-1.0701658725738525,-34.6714973449707,identifier,_page_control
-76.48226928710938,-66.2801742553711,and,and
181.0163116455078,-43.842105865478516,identifier,self
119.68940734863281,60.4783821105957,.,.
0.08567383885383606,-35.596092224121094,identifier,_page_control
95.26608276367188,62.819149017333984,.,.
-4.204015731811523,-15.536195755004883,identifier,hasFocus
38.1646728515625,143.2622528076172,(,(
-111.17898559570312,131.01376342773438,),)
-176.73809814453125,-49.86246871948242,:,:
178.2621307373047,-35.678836822509766,identifier,self
117.44536590576172,60.14514923095703,.,.
0.39940860867500305,-35.934410095214844,identifier,_page_control
91.41490173339844,58.28562927246094,.,.
-23.035200119018555,-15.00434398651123,identifier,copy
40.57536315917969,138.92959594726562,(,(
-85.52710723876953,111.5399169921875,),)
-99.96452331542969,-71.48131561279297,elif,elif
190.08648681640625,-41.376529693603516,identifier,self
118.76206970214844,59.15508270263672,.,.
1.0127302408218384,-37.47611618041992,identifier,_control
95.31454467773438,62.85749053955078,.,.
-4.205136775970459,-15.529128074645996,identifier,hasFocus
38.5533561706543,143.54222106933594,(,(
-110.5009994506836,130.92027282714844,),)
-173.07131958007812,-45.508235931396484,:,:
47.351051330566406,-85.56561279296875,identifier,text
188.47438049316406,-37.51986312866211,identifier,self
115.59518432617188,60.67169952392578,.,.
1.231183648109436,-37.68022918701172,identifier,_control
96.2074203491211,49.40283966064453,.,.
15.053128242492676,-18.319555282592773,identifier,textCursor
39.81047439575195,146.6441650390625,(,(
-111.88871002197266,137.0316162109375,),)
95.16604614257812,49.1935920715332,.,.
15.180301666259766,-18.57671546936035,identifier,selection
39.97399139404297,146.47096252441406,(,(
-111.78749084472656,136.6457061767578,),)
94.729248046875,49.29705810546875,.,.
14.012632369995117,-20.383195877075195,identifier,toPlainText
42.20338821411133,142.4571075439453,(,(
-84.67720031738281,115.71276092529297,),)
-89.58758544921875,-94.36785888671875,if,if
46.11062240600586,-64.6175765991211,identifier,text
-165.60946655273438,-46.13096237182617,:,:
41.191490173339844,-93.66681671142578,identifier,lines
14.968987464904785,12.115323066711426,identifier,map
16.4476318359375,117.75143432617188,(,(
190.48056030273438,-32.47684097290039,identifier,self
111.5362548828125,63.6812744140625,.,.
25.052461624145508,-9.309199333190918,identifier,_transform_prompt
-86.6227035522461,29.62673568725586,",",","
51.437896728515625,-58.33705139160156,identifier,text
84.12865447998047,45.41670227050781,.,.
50.81040573120117,27.913076400756836,identifier,splitlines
44.093753814697266,144.4757080078125,(,(
-107.65593719482422,136.74713134765625,),)
-71.29157257080078,123.67098236083984,),)
59.747047424316406,-73.31383514404297,identifier,text
1.2356623411178589,-2.3787622451782227,"""",'\n'
40.963661193847656,46.163673400878906,.,.
41.30918502807617,40.68352127075195,identifier,join
14.415480613708496,110.11316680908203,(,(
38.00985336303711,-70.31241607666016,identifier,lines
-73.34989929199219,126.96489715576172,),)
35.92662811279297,5.1031270027160645,identifier,QtGui
99.51361846923828,40.304752349853516,.,.
35.93584060668945,5.095148086547852,identifier,QApplication
99.24800872802734,40.356292724609375,.,.
38.342586517333984,-7.19102668762207,identifier,clipboard
47.146270751953125,139.7865447998047,(,(
-102.58621215820312,135.81117248535156,),)
84.8526840209961,54.912044525146484,.,.
38.72925567626953,-1.784930944442749,identifier,setText
28.50297737121582,106.41077423095703,(,(
51.50341796875,-58.25361633300781,identifier,text
-78.72171020507812,132.95989990234375,),)
-108.94152069091797,-68.22050476074219,else,else
-147.5366668701172,-51.799869537353516,:,:
183.89559936523438,-22.568891525268555,identifier,self
118.61157989501953,71.16801452636719,.,.
69.57310485839844,88.08616638183594,identifier,log
66.42154693603516,78.85997009277344,.,.
60.28416061401367,83.79527282714844,identifier,debug
42.00685119628906,101.05555725097656,(,(
43.06744384765625,-9.265896797180176,"""","""frontend widget : unknown copy target"""
-74.71963500976562,146.0729522705078,),)
-29.037641525268555,-168.4575653076172,def,def
-28.1329402923584,-27.21177101135254,identifier,aggregate
-83.69557189941406,-188.31642150878906,(,(
34.90224075317383,-201.9163360595703,identifier,self
-137.61349487304688,16.904579162597656,",",","
13.950998306274414,-88.94110107421875,identifier,distance
-139.4071502685547,24.05803871154785,",",","
0.5688449740409851,-84.69580078125,identifier,type
1.7147812843322754,-11.271368980407715,"""","""sum"""
-145.71107482910156,28.926212310791016,",",","
-3.311840772628784,-101.4553451538086,identifier,decay
1.8240821361541748,-11.372967720031738,"""","""linear"""
-145.44229125976562,31.56003189086914,",",","
1.4374139308929443,-91.80877685546875,identifier,imp_name
-145.1871337890625,33.894737243652344,",",","
-5.9039692878723145,-75.80030059814453,identifier,name
0.4931814968585968,-10.624943733215332,"""","""tmp"""
-135.1034698486328,96.61974334716797,),)
-201.3582000732422,-22.740009307861328,:,:
34.908573150634766,-84.29910278320312,identifier,imp_num
184.8827362060547,-39.171363830566406,identifier,self
112.64356994628906,67.26860809326172,.,.
5.107077598571777,-24.596450805664062,identifier,_imp_name_to_num
24.948179244995117,128.77464294433594,(,(
28.938737869262695,-59.23493957519531,identifier,imp_name
-78.43937683105469,109.4254150390625,),)
13.716968536376953,-66.94855499267578,identifier,type
13.832670211791992,-66.6849136352539,identifier,type
80.44402313232422,41.56877517700195,.,.
7.873682498931885,15.03427791595459,identifier,lower
41.32544708251953,143.90731811523438,(,(
-84.40388488769531,114.05829620361328,),)
-90.73199462890625,-101.15203857421875,if,if
13.827235221862793,-66.67276000976562,identifier,type
-63.91633605957031,-32.67207336425781,==,==
10.922545433044434,-9.84782600402832,"""","""ave"""
-169.1626434326172,-47.681522369384766,:,:
13.644309043884277,-67.13021850585938,identifier,type
11.24275016784668,-9.562663078308105,"""","""mean"""
-6.534407615661621,-70.88153076171875,identifier,name
192.27484130859375,-35.579830169677734,identifier,self
123.7101821899414,51.931724548339844,.,.
22.29728126525879,-26.348989486694336,identifier,variable_names
-66.2919921875,29.588197708129883,",",","
18.892837524414062,-13.434346199035645,"""","""A variable with that name """
19.067096710205078,-12.315942764282227,"""","""has not yet been initialized"""
49.595359802246094,-93.75789642333984,identifier,res
189.7598876953125,-29.4982967376709,identifier,self
121.83293914794922,66.15857696533203,.,.
33.280029296875,-29.966257095336914,identifier,net
92.27140808105469,46.58456802368164,.,.
30.61745834350586,-5.3093953132629395,identifier,get_all_aggregate_accessibility_variables
22.396709442138672,110.47984313964844,(,(
14.01446533203125,-88.8880615234375,identifier,distance
-85.74382781982422,36.69822311401367,",",","
-11.299973487854004,-68.0674057006836,identifier,name
79.32456970214844,46.28712463378906,.,.
50.59764862060547,11.561453819274902,identifier,encode
41.560970306396484,123.99918365478516,(,(
46.114192962646484,7.820722579956055,"""",'utf-8'
-97.17677307128906,139.5963134765625,),)
-85.39254760742188,38.42391586303711,",",","
-12.042977333068848,-66.96016693115234,identifier,type
79.27738952636719,46.52353286743164,.,.
50.642852783203125,11.429971694946289,identifier,encode
41.785133361816406,124.02569580078125,(,(
46.29899215698242,7.686410427093506,"""",'utf-8'
-96.8321762084961,139.69662475585938,),)
-85.11077880859375,38.750038146972656,",",","
-3.337639093399048,-101.59825134277344,identifier,decay
79.07949829101562,46.85207748413086,.,.
50.68187713623047,11.282605171203613,identifier,encode
41.868804931640625,124.5886459350586,(,(
46.52126693725586,7.483211517333984,"""",'utf-8'
-96.2986831665039,139.88294982910156,),)
-80.83084106445312,43.89434051513672,",",","
60.707279205322266,-34.74184036254883,identifier,imp_num
-72.2807846069336,139.04603576660156,),)
51.61857986450195,6.629546642303467,identifier,pd
101.30795288085938,29.21942138671875,.,.
48.420719146728516,-6.29621696472168,identifier,Series
22.488290786743164,99.8963851928711,(,(
83.59617614746094,-48.45475769042969,identifier,res
-83.34461975097656,50.42409133911133,",",","
53.17879104614258,-12.099084854125977,identifier,index
191.16773986816406,-20.50887107849121,identifier,self
127.68358612060547,36.41359329223633,.,.
54.58148956298828,-10.772315979003906,identifier,node_ids
-74.4742431640625,149.5334014892578,),)
-25.66522979736328,-170.90982055664062,def,def
-22.59874725341797,-19.431930541992188,identifier,search_all
-87.7472152709961,-183.0310821533203,(,(
32.070064544677734,-200.4199981689453,identifier,self
-141.55462646484375,108.71119689941406,),)
-199.41139221191406,-14.867276191711426,:,:
44.37968444824219,-92.50819396972656,identifier,results
-73.62104797363281,-103.28704071044922,for,for
25.86357879638672,-85.01445007324219,identifier,entry
182.69566345214844,-41.59499740600586,identifier,self
124.14088439941406,64.58907318115234,.,.
-3.8808329105377197,-27.968488693237305,identifier,dbx
95.61233520507812,52.209190368652344,.,.
2.5616605281829834,-27.773033142089844,identifier,files_list_folder
30.634565353393555,132.18431091308594,(,(
-4.233763217926025,-5.749276638031006,"""",''
-106.58245086669922,127.21510314941406,),)
131.21029663085938,62.46586990356445,.,.
-11.340764999389648,-38.23478698730469,identifier,entries
-171.62368774414062,-36.01002883911133,:,:
-70.82473754882812,-104.68412780761719,for,for
25.466354370117188,-84.10651397705078,identifier,item
185.9945068359375,-40.387855529785156,identifier,self
124.8042221069336,65.27273559570312,.,.
-3.8944928646087646,-27.96552848815918,identifier,dbx
95.76941680908203,52.07978057861328,.,.
2.6705870628356934,-27.7678165435791,identifier,files_list_folder
25.590879440307617,128.08395385742188,(,(
74.30726623535156,-72.6475830078125,identifier,entry
126.78858947753906,55.27752685546875,.,.
6.28166389465332,-27.898611068725586,identifier,path_lower
-106.29764556884766,127.053955078125,),)
131.21365356445312,62.535804748535156,.,.
-11.346306800842285,-38.247833251953125,identifier,entries
-170.68035888671875,-37.32376480102539,:,:
-3.9756879806518555,-71.75613403320312,identifier,name
24.84520721435547,-83.61874389648438,identifier,item
126.11091613769531,52.22893524169922,.,.
-11.290657997131348,-72.37247467041016,identifier,name
79.8699722290039,40.87648010253906,.,.
23.949167251586914,3.5425233840942383,identifier,replace
37.71833419799805,124.83362579345703,(,(
7.4852118492126465,-11.659055709838867,"""",'.simg'
-84.90704345703125,20.718868255615234,",",","
-4.033514976501465,-4.941283226013184,"""",''
-75.67938995361328,115.31912231445312,),)
57.01668167114258,-91.52467346191406,identifier,results
80.56928253173828,65.54130554199219,.,.
59.54070281982422,58.22121810913086,identifier,append
30.1269474029541,114.01275634765625,(,(
15.146695137023926,-12.726816177368164,"""","""%s/%s"""
4.360506057739258,117.12139129638672,(,(
74.40827178955078,-72.4427719116211,identifier,entry
123.70223236083984,47.028324127197266,.,.
-11.005016326904297,-71.63592529296875,identifier,name
-90.84625244140625,26.88246726989746,",",","
-9.997922897338867,-70.79255676269531,identifier,name
-98.07186889648438,128.4103240966797,),)
-67.85292053222656,120.12577056884766,),)
-93.53716278076172,-94.82487487792969,if,if
-7.216427803039551,56.39064407348633,identifier,len
11.910820960998535,133.97216796875,(,(
80.49136352539062,-43.4962043762207,identifier,results
-110.0501708984375,125.75187683105469,),)
-65.843994140625,-30.85727310180664,==,==
-160.6099853515625,-45.495731353759766,:,:
71.7755355834961,6.729485511779785,identifier,bot
67.88648986816406,77.73728942871094,.,.
58.80137252807617,85.10041046142578,identifier,info
43.49785614013672,103.08487701416016,(,(
33.680301666259766,-10.496556282043457,"""","""No container collections found."""
-68.75849151611328,130.06509399414062,),)
26.033157348632812,23.507410049438477,identifier,sys
71.16998291015625,74.09700775146484,.,.
22.6118106842041,18.761356353759766,identifier,exit
33.15910339355469,109.99291229248047,(,(
-71.48997497558594,130.95407104492188,),)
71.7462158203125,6.6909379959106445,identifier,bot
67.15326690673828,76.98497009277344,.,.
58.34308624267578,86.28082275390625,identifier,info
43.89406967163086,100.3467025756836,(,(
40.243473052978516,-11.063270568847656,"""","""Collections"""
-71.16596984863281,131.43734741210938,),)
71.72824096679688,6.673020362854004,identifier,bot
82.29248046875,57.07926559448242,.,.
42.08063507080078,-8.26606559753418,identifier,table
26.384201049804688,105.62643432617188,(,(
80.00043487548828,-43.33091354370117,identifier,results
-77.489501953125,135.8450927734375,),)
79.10211944580078,-43.17078399658203,identifier,results
-24.692890167236328,-170.23582458496094,def,def
-27.425256729125977,-15.625247955322266,identifier,start
-89.2425308227539,-183.99356079101562,(,(
31.679719924926758,-202.01345825195312,identifier,self
-140.44467163085938,109.2459945678711,),)
-200.68035888671875,-14.229401588439941,:,:
72.83275604248047,87.80390167236328,identifier,logger
68.17909240722656,78.97593688964844,.,.
60.0550651550293,85.59024047851562,identifier,info
45.84707260131836,105.09695434570312,(,(
2.1944973468780518,-17.38583755493164,"""",'Starting agent on localhost'
-81.32898712158203,105.1971664428711,),)
34.51480484008789,-94.70507049560547,identifier,args
184.0460662841797,-44.69941711425781,identifier,self
125.13121032714844,63.386234283447266,.,.
-6.44925594329834,-26.924406051635742,identifier,python
91.35600280761719,53.4261360168457,.,.
51.21521759033203,29.885194778442383,identifier,split
38.503395080566406,139.73622131347656,(,(
-112.45040893554688,132.9145965576172,),)
-40.455970764160156,25.64515495300293,+,+
24.740707397460938,28.71614646911621,identifier,os
105.04322814941406,39.81211853027344,.,.
-3.6994709968566895,1.6877342462539673,identifier,path
83.8859634399414,34.82617950439453,.,.
39.102664947509766,37.85623550415039,identifier,join
19.754196166992188,129.0918426513672,(,(
188.4353790283203,-44.13031005859375,identifier,self
132.27456665039062,55.131290435791016,.,.
15.61526870727539,-31.29909896850586,identifier,workdir
-93.17354583740234,26.476102828979492,",",","
191.0209503173828,-43.77797317504883,identifier,self
113.26553344726562,23.884347915649414,.,.
8.033320426940918,-29.62261962890625,identifier,AGENT_FILENAME
-101.81433868408203,123.8946533203125,),)
-98.4301986694336,51.36759948730469,",",","
8.621210098266602,-13.881954193115234,"""",'--telegraf'
-90.49600219726562,24.42099952697754,",",","
193.34185791015625,-40.65753173828125,identifier,self
132.79736328125,53.20088577270508,.,.
-4.792791843414307,0.8483403921127319,identifier,path
15.868162155151367,-25.716733932495117,"""",'TELEGRAF_LOCAL_PATH'
-98.2361068725586,51.10187911987305,",",","
17.348960876464844,-12.503582000732422,"""",'--host'
-90.4955825805664,24.388553619384766,",",","
195.2777557373047,-34.34122848510742,identifier,self
127.90623474121094,48.2780647277832,.,.
-7.819583415985107,-45.371639251708984,identifier,host
-91.59852600097656,-95.45491790771484,if,if
190.2899169921875,-35.3062629699707,identifier,self
120.99308776855469,53.37424087524414,.,.
26.049728393554688,-24.278459548950195,identifier,kill_old
-163.30282592773438,-45.81856155395508,:,:
59.820926666259766,-86.85060119628906,identifier,args
79.72108459472656,66.51776123046875,.,.
59.76206970214844,56.69895553588867,identifier,append
30.778907775878906,112.04217529296875,(,(
196.04156494140625,-31.387441635131836,identifier,self
128.8931884765625,45.06217956542969,.,.
26.04766845703125,-24.200057983398438,identifier,kill_old
-74.07984924316406,123.93280029296875,),)
182.41598510742188,-26.30777931213379,identifier,self
110.36127471923828,52.573490142822266,.,.
82.48564147949219,-3.1924314498901367,identifier,session
188.4288330078125,-28.804197311401367,identifier,self
91.22674560546875,46.85329055786133,.,.
27.160009384155273,-0.5579015016555786,identifier,popen
23.605409622192383,108.5229721069336,(,(
41.828094482421875,-68.3262939453125,identifier,args
-73.77552795410156,129.31671142578125,),)
183.0867919921875,-24.92660140991211,identifier,self
109.89347839355469,53.29114532470703,.,.
50.04680633544922,-18.585010528564453,identifier,reader_thread
42.15882110595703,5.837925434112549,identifier,threading
102.57212829589844,29.187219619750977,.,.
42.1423225402832,5.947181701660156,identifier,Thread
18.64089012145996,96.18660736083984,(,(
42.524539947509766,-10.891432762145996,identifier,target
193.7616424560547,-24.73357391357422,identifier,self
126.28690338134766,38.1107177734375,.,.
44.03299331665039,-14.876668930053711,identifier,read_buffer
-73.82393646240234,135.37319946289062,),)
186.17747497558594,-21.690916061401367,identifier,self
108.0235824584961,57.80677795410156,.,.
50.3793830871582,-18.609956741333008,identifier,reader_thread
79.69425201416016,55.3046875,.,.
45.998435974121094,-7.704321384429932,identifier,setDaemon
30.57721519470215,105.4001693725586,(,(
-77.66215515136719,138.3999481201172,),)
192.05909729003906,-19.755250930786133,identifier,self
128.57254028320312,35.412017822265625,.,.
82.95328521728516,-3.9691526889801025,identifier,session
-29.34330940246582,-171.6545867919922,def,def
-28.19561767578125,-20.79224967956543,identifier,__select
-83.8780517578125,-187.1937713623047,(,(
36.11817932128906,-201.492919921875,identifier,self
-137.58172607421875,18.075096130371094,",",","
6.790315628051758,-96.07721710205078,identifier,iwtd
-134.50473022460938,24.384166717529297,",",","
5.959721088409424,-96.74105834960938,identifier,owtd
-133.66513061523438,26.857295989990234,",",","
5.753073692321777,-96.70135498046875,identifier,ewtd
-142.1440887451172,29.937755584716797,",",","
-3.666666030883789,-86.03961181640625,identifier,timeout
-135.717041015625,99.5050277709961,),)
-203.77833557128906,-20.233869552612305,:,:
-90.5469741821289,-109.184326171875,if,if
15.808504104614258,-72.3208999633789,identifier,timeout
-179.28909301757812,-47.874107360839844,:,:
31.738693237304688,-86.0621566772461,identifier,end_time
33.44215774536133,24.83469009399414,identifier,time
79.1611099243164,33.76658248901367,.,.
35.00253677368164,25.008079528808594,identifier,time
37.243377685546875,145.22579956054688,(,(
-112.29932403564453,133.56964111328125,),)
-40.74329376220703,26.59147071838379,+,+
14.496055603027344,-71.92829132080078,identifier,timeout
-79.94344329833984,-106.2837142944336,while,while
-170.5653533935547,-33.91633224487305,:,:
-160.20166015625,-59.53654861450195,:,:
-7.318343162536621,-10.03872299194336,identifier,select
92.74320220947266,55.199668884277344,.,.
-7.445763111114502,-10.28658676147461,identifier,select
26.4442195892334,125.0756607055664,(,(
32.97958755493164,-58.718017578125,identifier,iwtd
-94.35799407958984,31.450008392333984,",",","
33.04991149902344,-58.70045471191406,identifier,owtd
-94.08808135986328,31.35479736328125,",",","
33.106449127197266,-58.71562957763672,identifier,ewtd
-93.11710357666016,30.706756591796875,",",","
14.504085540771484,-71.92190551757812,identifier,timeout
-73.19615936279297,110.6705322265625,),)
-7.229034900665283,-9.855778694152832,identifier,select
103.21066284179688,36.71823501586914,.,.
15.876317977905273,-14.231077194213867,identifier,error
-32.913204193115234,-5.227000713348389,identifier,e
-167.95384216308594,-39.83351135253906,:,:
-94.06942749023438,-99.17788696289062,if,if
27.860349655151367,-40.59280014038086,identifier,e
122.84270477294922,48.96867370605469,.,.
20.251853942871094,-27.086017608642578,identifier,args
-63.70988082885742,-30.943628311157227,==,==
21.48505210876465,-13.00444221496582,identifier,errno
116.86261749267578,24.1261043548584,.,.
23.59193229675293,-13.04368782043457,identifier,EINTR
-165.74436950683594,-43.13737869262695,:,:
-96.90643310546875,-98.23149108886719,if,if
16.49386978149414,-71.71001434326172,identifier,timeout
-163.71392822265625,-44.2858772277832,:,:
16.710140228271484,-71.52277374267578,identifier,timeout
43.34394836425781,-51.343040466308594,identifier,end_time
-30.155649185180664,14.883538246154785,-,-
33.16830825805664,25.305591583251953,identifier,time
80.14017486572266,33.83485794067383,.,.
35.087642669677734,25.03995132446289,identifier,time
46.5091438293457,143.7831268310547,(,(
-85.30648803710938,118.22900390625,),)
-95.29280853271484,-91.74604034423828,if,if
16.7363338470459,-71.4588851928711,identifier,timeout
-52.17164993286133,-27.113759994506836,<,<
-157.88912963867188,-44.4645881652832,:,:
2.26845645904541,112.4091567993164,(,(
-98.4684066772461,34.3373908996582,",",","
-98.45393371582031,34.331783294677734,",",","
-66.980224609375,137.3037872314453,),)
-108.80850219726562,-65.1246337890625,else,else
-145.74908447265625,-52.11416244506836,:,:
-28.135541915893555,-172.70098876953125,def,def
-24.185529708862305,-21.61332130432129,identifier,_include_misc
-83.86397552490234,-184.69578552246094,(,(
33.20122146606445,-198.37196350097656,identifier,self
-136.57568359375,18.809608459472656,",",","
-6.867988109588623,-76.73387908935547,identifier,name
-132.05467224121094,23.303071975708008,",",","
-18.720359802246094,-56.09377670288086,identifier,value
-138.00926208496094,103.32957458496094,),)
-203.2352294921875,-17.598600387573242,:,:
-94.58535766601562,-111.14952850341797,if,if
-16.530086517333984,25.17059898376465,identifier,isinstance
9.2122802734375,132.23757934570312,(,(
-16.736841201782227,-55.28776550292969,identifier,value
-91.30291748046875,9.754233360290527,",",","
-9.93810749053955,-6.865789890289307,identifier,sequence
-109.38404846191406,118.22775268554688,),)
-176.46682739257812,-52.649227142333984,:,:
29.88548469543457,8.632585525512695,identifier,DistutilsSetupError
41.01712417602539,108.31523132324219,(,(
5.077854156494141,-16.178842544555664,"""","""%s: setting must be a list (%r)"""
3.1048357486724854,117.84221649169922,(,(
-8.681458473205566,-73.13424682617188,identifier,name
-95.62985229492188,25.908851623535156,",",","
-18.147525787353516,-54.77680969238281,identifier,value
-99.18252563476562,124.53387451171875,),)
-69.3421630859375,109.34687805175781,),)
-160.14236450195312,-58.37810134887695,:,:
54.087074279785156,-85.57569122314453,identifier,old
-7.872131824493408,24.95900535583496,identifier,getattr
18.938640594482422,127.17671966552734,(,(
190.80682373046875,-47.93940353393555,identifier,self
-88.0948715209961,15.600953102111816,",",","
-8.715448379516602,-71.80773162841797,identifier,name
-73.34793853759766,111.51219177246094,),)
30.837360382080078,16.04017448425293,identifier,AttributeError
-169.40516662597656,-53.29673385620117,:,:
30.05485725402832,8.594978332519531,identifier,DistutilsSetupError
40.48152542114258,106.69080352783203,(,(
17.515165328979492,-14.423673629760742,"""","""%s: No such distribution setting"""
-8.934393882751465,-71.6021499633789,identifier,name
-66.93357849121094,117.20294189453125,),)
-92.25958251953125,-96.64424896240234,if,if
54.82925033569336,-85.48299407958984,identifier,old
-163.36947631835938,-47.898887634277344,:,:
-5.871824264526367,24.637908935546875,identifier,setattr
9.505505561828613,121.40809631347656,(,(
199.41371154785156,-27.39023780822754,identifier,self
-81.64476013183594,27.727724075317383,",",","
-8.915757179260254,-70.48251342773438,identifier,name
-83.06437683105469,28.589635848999023,",",","
-19.04762077331543,-54.68822479248047,identifier,value
-78.96113586425781,125.14546966552734,),)
-103.3853759765625,-72.36880493164062,elif,elif
-16.436113357543945,26.80759048461914,identifier,isinstance
7.620288372039795,127.31510925292969,(,(
55.053768157958984,-85.45648193359375,identifier,old
-88.85367584228516,9.954079627990723,",",","
-9.829222679138184,-6.76536750793457,identifier,sequence
-102.57746124267578,115.60478973388672,),)
-157.67361450195312,-45.963287353515625,:,:
30.4832763671875,8.48671817779541,identifier,DistutilsSetupError
37.46929931640625,105.16034698486328,(,(
-8.957488059997559,-69.88411712646484,identifier,name
-35.44176483154297,28.275684356689453,+,+
37.96881103515625,-9.50028133392334,"""",""": this setting cannot be changed via include/exclude"""
-67.73196411132812,134.32052612304688,),)
-108.68130493164062,-67.47549438476562,else,else
-148.19107055664062,-51.468231201171875,:,:
-5.764335632324219,24.575286865234375,identifier,setattr
24.238388061523438,102.83428192138672,(,(
198.7040252685547,-26.042888641357422,identifier,self
-76.53907012939453,35.12905502319336,",",","
-9.171024322509766,-69.37767028808594,identifier,name
-77.09056091308594,35.56047439575195,",",","
81.7979965209961,-35.769412994384766,identifier,old
-40.66624069213867,24.08440589904785,+,+
-7.8287763595581055,-58.47722625732422,identifier,item
-67.4605712890625,-90.81501007080078,for,for
-10.020322799682617,-58.73402786254883,identifier,item
-19.281871795654297,-53.50615310668945,identifier,value
-84.12237548828125,-89.11072540283203,if,if
-10.219975471496582,-58.570945739746094,identifier,item
81.79459381103516,-35.77324676513672,identifier,old
-69.2081069946289,145.0705108642578,),)
-33.55855178833008,-163.62744140625,def,def
-23.251359939575195,-22.912813186645508,identifier,_validate_input_state
-81.58880615234375,-180.1771240234375,(,(
8.116921424865723,-93.64859008789062,identifier,quantum_state
-137.1804656982422,106.04457092285156,),)
-198.0869903564453,-18.277421951293945,:,:
31.506206512451172,-82.23117065429688,identifier,rho
18.607120513916016,35.845211029052734,identifier,np
89.65608978271484,32.96455383300781,.,.
10.107282638549805,0.9989994764328003,identifier,asarray
24.027320861816406,132.0290069580078,(,(
28.9320011138916,-64.21453094482422,identifier,quantum_state
-76.20942687988281,106.06681823730469,),)
-90.15261840820312,-107.07183837890625,if,if
31.799360275268555,-69.33635711669922,identifier,rho
120.82130432128906,49.92979049682617,.,.
15.53896427154541,4.193774223327637,identifier,ndim
-65.3378677368164,-33.4252815246582,==,==
-176.57174682617188,-47.488399505615234,:,:
31.524572372436523,-81.71683502197266,identifier,rho
18.51616668701172,35.30400848388672,identifier,np
88.36981964111328,33.3930778503418,.,.
22.320419311523438,0.6290040016174316,identifier,outer
21.19631576538086,129.24142456054688,(,(
32.77032470703125,-69.33006286621094,identifier,rho
-93.77085876464844,25.072582244873047,",",","
18.218313217163086,34.565799713134766,identifier,np
88.25252532958984,32.6917839050293,.,.
9.405404090881348,-6.932576656341553,identifier,conj
17.578622817993164,130.56626892089844,(,(
32.77082824707031,-69.07893371582031,identifier,rho
-101.37250518798828,125.61235809326172,),)
-69.47174072265625,107.61530303955078,),)
11.397829055786133,-63.6994514465332,identifier,shape
18.58073616027832,34.4053840637207,identifier,np
87.76690673828125,32.31856918334961,.,.
10.847956657409668,-63.569908142089844,identifier,shape
21.875892639160156,125.61876678466797,(,(
33.09893035888672,-68.68832397460938,identifier,rho
-74.91739654541016,111.66455841064453,),)
-90.96871185302734,-99.07625579833984,if,if
-7.127495765686035,55.67568588256836,identifier,len
12.67302417755127,133.37127685546875,(,(
11.966465950012207,-62.94061279296875,identifier,shape
-109.32686614990234,124.80111694335938,),)
-57.782257080078125,-30.768218994140625,!=,!=
-73.16092681884766,-62.287906646728516,or,or
12.124654769897461,-62.63459014892578,identifier,shape
-57.8415641784668,-29.82999610900879,!=,!=
12.136185646057129,-62.553443908691406,identifier,shape
-166.25656127929688,-50.176151275634766,:,:
31.11998176574707,10.311962127685547,identifier,VisualizationError
40.81170654296875,105.90601348876953,(,(
19.9960994720459,-13.946981430053711,"""","""Input is not a valid quantum state."""
-65.22039794921875,117.78739166259766,),)
36.99864196777344,-80.11815643310547,identifier,num
-16.110822677612305,6.803254127502441,identifier,int
17.349048614501953,114.40929412841797,(,(
19.66494369506836,35.397579193115234,identifier,np
90.53255462646484,35.599754333496094,.,.
21.209104537963867,-0.4470243453979492,identifier,log2
16.69049072265625,114.14176940917969,(,(
63.433921813964844,-56.274864196777344,identifier,rho
132.2164764404297,42.42192840576172,.,.
47.059566497802734,-29.003376007080078,identifier,shape
-94.73530578613281,129.8046112060547,),)
-68.45701599121094,126.56603240966797,),)
-96.12394714355469,-92.40522003173828,if,if
40.563682556152344,-60.18416213989258,identifier,num
-58.153316497802734,-28.125913619995117,!=,!=
63.57172775268555,-56.06955337524414,identifier,rho
132.05516052246094,42.176368713378906,.,.
47.06217575073242,-28.99097442626953,identifier,shape
-153.731689453125,-41.89806365966797,:,:
31.511598587036133,9.796603202819824,identifier,VisualizationError
38.4787483215332,102.7408447265625,(,(
43.78557205200195,-9.724163055419922,"""","""Input is not a multi-qubit quantum state."""
-72.73602294921875,141.44346618652344,),)
74.99214935302734,-42.81412887573242,identifier,rho
-24.75963592529297,-168.54718017578125,def,def
-27.714603424072266,-27.108980178833008,identifier,group
-87.64601135253906,-185.656982421875,(,(
33.426490783691406,-202.3614501953125,identifier,self
-134.1520233154297,16.320398330688477,",",","
-7.398778438568115,-76.89580535888672,identifier,name
-141.34783935546875,105.88558959960938,),)
-198.6962127685547,-14.367238998413086,:,:
34.458885192871094,-94.78449249267578,identifier,args
-9.419828414916992,-74.58901977539062,identifier,name
24.302082061767578,-96.9784927368164,identifier,code
-114.14202880859375,27.289051055908203,",",","
30.879806518554688,-101.57234954833984,identifier,message
183.20059204101562,-39.509124755859375,identifier,self
95.06071472167969,56.440574645996094,.,.
-1.6600613594055176,-21.757686614990234,identifier,command
31.24485969543457,130.56570434570312,(,(
0.2712343633174896,-14.276838302612305,"""","""GROUP"""
-95.09799194335938,23.998754501342773,",",","
41.45060729980469,-68.59591674804688,identifier,args
-75.67848205566406,105.72069549560547,),)
-87.97984313964844,-107.33638000488281,if,if
23.873708724975586,-97.42790222167969,identifier,code
-56.72108459472656,-29.57091522216797,!=,!=
-176.5755615234375,-51.801780700683594,:,:
-4.067770957946777,-20.47804832458496,identifier,NNTPReplyError
28.776071548461914,125.67494201660156,(,(
23.8449649810791,-97.4754638671875,identifier,code
-95.70327758789062,27.247495651245117,",",","
29.180946350097656,-101.7119140625,identifier,message
-79.07194519042969,108.27092742919922,),)
39.07079315185547,-87.00062561035156,identifier,parts
29.802465438842773,-101.05376434326172,identifier,message
80.26763153076172,42.70121383666992,.,.
51.75453186035156,29.362445831298828,identifier,split
34.443599700927734,125.4276123046875,(,(
-87.61769104003906,21.3702392578125,",",","
-75.23799133300781,109.03886413574219,),)
-159.77371215820312,-58.468971252441406,:,:
38.835384368896484,-76.97278594970703,identifier,total
-14.518062591552734,7.0846428871154785,identifier,int
14.363789558410645,122.66082763671875,(,(
88.19635009765625,-64.27403259277344,identifier,parts
-73.21830749511719,116.12895965576172,),)
38.947044372558594,-76.12675476074219,identifier,first
-14.654548645019531,6.635373115539551,identifier,int
13.952108383178711,122.04306030273438,(,(
88.03396606445312,-64.23938751220703,identifier,parts
-73.00775909423828,116.46707153320312,),)
38.986656188964844,-76.04999542236328,identifier,last
-14.711163520812988,6.493910789489746,identifier,int
13.824832916259766,121.78760528564453,(,(
87.81831359863281,-64.15380096435547,identifier,parts
-72.83795166015625,116.93541717529297,),)
51.75410079956055,-81.2152099609375,identifier,group
87.60372161865234,-63.99505615234375,identifier,parts
-1.8158962726593018,113.34711456298828,(,(
30.48080825805664,14.855896949768066,identifier,IndexError
-100.83074951171875,17.792131423950195,",",","
30.794445037841797,15.00117301940918,identifier,ValueError
-104.37741088867188,113.37516021728516,),)
-157.58433532714844,-47.155914306640625,:,:
30.95954704284668,8.193014144897461,identifier,NNTPDataError
39.28987503051758,105.32456970214844,(,(
33.61935806274414,-11.581062316894531,"""","""Invalid GROUP status '%s'"""
28.8579044342041,-102.45637512207031,identifier,message
-68.05503845214844,132.9150390625,),)
55.60356903076172,-42.59779739379883,identifier,total
-105.71315002441406,36.663352966308594,",",","
55.88728332519531,-41.76317596435547,identifier,first
-105.65025329589844,36.79042053222656,",",","
55.927425384521484,-41.70963668823242,identifier,last
-105.07354736328125,36.86917495727539,",",","
74.28650665283203,-45.67127990722656,identifier,group
-25.854610443115234,-167.37045288085938,def,def
-30.949155807495117,-18.423572540283203,identifier,login
-85.89569091796875,-187.94496154785156,(,(
33.952392578125,-203.9445343017578,identifier,self
-137.62181091308594,15.503870964050293,",",","
5.565907955169678,-99.29828643798828,identifier,login_args
-136.06773376464844,31.964256286621094,",",","
5.101201057434082,-100.06483459472656,identifier,login_kwargs
-134.45277404785156,101.99516296386719,),)
-202.89132690429688,-11.703938484191895,:,:
-37.18157196044922,-156.99249267578125,def,def
-26.89926528930664,-34.71260070800781,identifier,decorator
-82.86221313476562,-175.24163818359375,(,(
12.42269229888916,-75.2747802734375,identifier,f
-133.51678466796875,107.41255187988281,),)
-177.63653564453125,-34.506500244140625,:,:
-26.028648376464844,-35.14054489135742,identifier,wraps
24.29833984375,134.17172241210938,(,(
12.438835144042969,-75.2536849975586,identifier,f
-75.70045471191406,103.72132110595703,),)
-37.62336730957031,-156.9163055419922,def,def
-26.95592498779297,-34.6668701171875,identifier,decorated
-81.88518524169922,-174.70228576660156,(,(
31.81486701965332,-96.51032257080078,identifier,args
-134.43482971191406,32.86045837402344,",",","
4.725783348083496,-102.10077667236328,identifier,kwargs
-132.5548553466797,106.33901977539062,),)
-176.53103637695312,-35.42838668823242,:,:
179.48638916015625,-35.79387664794922,identifier,self
115.85681915283203,53.84286880493164,.,.
22.444387435913086,-33.780517578125,identifier,response
6.2838544845581055,-23.366981506347656,identifier,make_response
37.90664291381836,140.80172729492188,(,(
-82.89772033691406,111.35928344726562,),)
42.70947265625,-82.13565063476562,identifier,adapter
15.196022987365723,-8.492225646972656,identifier,WerkzeugAdapter
25.53882598876953,122.82329559326172,(,(
11.052209854125977,-5.225215435028076,identifier,request
-91.71924591064453,29.685062408447266,",",","
194.5579833984375,-38.293418884277344,identifier,self
128.12184143066406,50.60342788696289,.,.
22.695898056030273,-33.64815139770508,identifier,response
-75.064697265625,116.64546203613281,),)
60.96697235107422,-65.66793823242188,identifier,login_kwargs
86.94866180419922,64.08739471435547,.,.
40.32529067993164,16.248321533203125,identifier,setdefault
37.638389587402344,117.34597778320312,(,(
23.953378677368164,-19.895185470581055,"""",'session'
-82.34008026123047,24.668312072753906,",",","
24.830829620361328,-22.301532745361328,identifier,session
-73.5392074584961,118.72187042236328,),)
61.042274475097656,-65.45014953613281,identifier,login_kwargs
86.9171371459961,63.954715728759766,.,.
40.217185974121094,16.29242515563965,identifier,setdefault
37.8299446105957,117.19659423828125,(,(
24.484533309936523,-20.34967803955078,"""",'session_saver'
-82.42027282714844,24.694400787353516,",",","
195.1543731689453,-32.10801315307617,identifier,self
128.80677795410156,45.59552764892578,.,.
25.310407638549805,-22.357980728149414,identifier,session_saver
-73.09974670410156,122.10530090332031,),)
182.4825439453125,-26.360998153686523,identifier,self
110.54364013671875,52.22609329223633,.,.
47.534751892089844,-31.46039390563965,identifier,result
67.1125717163086,14.287571907043457,identifier,super
6.5207037925720215,104.62196350097656,(,(
38.47876739501953,-5.5596208572387695,identifier,FlaskAuthomatic
-76.17092895507812,23.33484649658203,",",","
200.3437957763672,-24.642486572265625,identifier,self
-101.4531021118164,135.87161254882812,),)
84.68898010253906,54.19780731201172,.,.
-31.084516525268555,-18.338354110717773,identifier,login
23.509313583374023,109.87232971191406,(,(
54.644859313964844,-47.43898391723633,identifier,adapter
-85.87955474853516,42.06161117553711,",",","
49.69147491455078,-47.03081130981445,identifier,login_args
-85.42906188964844,42.2010498046875,",",","
49.51710510253906,-46.71450424194336,identifier,login_kwargs
-75.47534942626953,134.20819091796875,),)
68.57225036621094,-22.265836715698242,identifier,f
21.36191177368164,101.47190856933594,(,(
42.62659454345703,-67.60105895996094,identifier,args
-84.92356872558594,42.29792022705078,",",","
49.3366584777832,-45.64799118041992,identifier,kwargs
-78.45526123046875,136.71820068359375,),)
81.47010803222656,-24.925067901611328,identifier,decorated
81.48262786865234,-24.957887649536133,identifier,decorator
-32.0304069519043,-164.46139526367188,def,def
-19.963836669921875,-22.174373626708984,identifier,list_subcommand
-79.90728759765625,-182.863037109375,(,(
7.958083152770996,-95.84532928466797,identifier,vcard_list
-131.09255981445312,22.944501876831055,",",","
2.2425038814544678,-97.15534210205078,identifier,parsable
-136.77294921875,104.39334106445312,),)
-202.46160888671875,-18.10518455505371,:,:
-94.18199157714844,-110.46350860595703,if,if
27.914749145507812,-68.37479400634766,identifier,vcard_list
-179.54684448242188,-51.268531799316406,:,:
-94.4537124633789,-112.40872955322266,if,if
22.520334243774414,-69.02581787109375,identifier,parsable
-177.38978576660156,-51.936500549316406,:,:
54.63978576660156,74.57452392578125,identifier,print
44.37916946411133,105.92012786865234,(,(
4.106398105621338,-17.082199096679688,"""","""Found no contacts"""
-79.97083282470703,103.09554290771484,),)
25.881481170654297,23.591053009033203,identifier,sys
71.96778869628906,73.85934448242188,.,.
22.598588943481445,18.77235984802246,identifier,exit
33.925968170166016,110.70015716552734,(,(
-74.69268035888672,107.49354553222656,),)
-99.74263000488281,-71.2509994506836,elif,elif
22.483400344848633,-68.98591613769531,identifier,parsable
-173.5029754638672,-45.25288009643555,:,:
43.78621292114258,-85.80926513671875,identifier,contact_line_list
-71.32535552978516,-102.92011260986328,for,for
44.252864837646484,-75.5946273803711,identifier,vcard
35.019264221191406,-64.56365966796875,identifier,vcard_list
-168.63458251953125,-36.26057052612305,:,:
-94.7811508178711,-99.56346130371094,if,if
40.68721389770508,-110.43122100830078,identifier,config
101.14192199707031,46.6939697265625,.,.
14.36810302734375,-21.5802059173584,identifier,display_by_name
41.32994079589844,147.15618896484375,(,(
-106.86161804199219,133.9298095703125,),)
-64.439697265625,-30.872480392456055,==,==
22.300790786743164,-16.607154846191406,"""","""first_name"""
-162.94223022460938,-49.12754821777344,:,:
-4.138815402984619,-71.20384979248047,identifier,name
67.56864166259766,-59.70258712768555,identifier,vcard
89.66578674316406,44.23513412475586,.,.
26.652040481567383,-20.82374382019043,identifier,get_first_name_last_name
43.39645767211914,142.4099884033203,(,(
-85.59246063232422,117.16793823242188,),)
-106.27706146240234,-66.2502212524414,else,else
-149.09622192382812,-55.560001373291016,:,:
-4.23103141784668,-70.84823608398438,identifier,name
67.56778717041016,-59.6170768737793,identifier,vcard
89.68882751464844,44.03232955932617,.,.
26.721323013305664,-20.88279151916504,identifier,get_last_name_first_name
45.0549201965332,141.68692016601562,(,(
-83.7419204711914,121.06934356689453,),)
63.86008071899414,-53.09933853149414,identifier,contact_line_list
78.49789428710938,63.79869079589844,.,.
60.81163024902344,58.13201141357422,identifier,append
31.344614028930664,102.84662628173828,(,(
0.9607684016227722,-2.45805287361145,"""",'\t'
40.03953552246094,46.19916915893555,.,.
40.65104675292969,41.234500885009766,identifier,join
17.172300338745117,105.27201843261719,(,(
69.06597900390625,-56.06877899169922,identifier,vcard
120.09230041503906,37.12428283691406,.,.
44.62935256958008,-3.5717594623565674,identifier,get_uid
48.624122619628906,142.85147094726562,(,(
-104.96432495117188,137.9126434326172,),)
-81.6754150390625,36.560943603515625,",",","
-10.736202239990234,-68.66505432128906,identifier,name
-82.0678482055664,36.866703033447266,",",","
69.1247787475586,-55.99485397338867,identifier,vcard
122.09075164794922,36.87700653076172,.,.
46.883277893066406,-14.092491149902344,identifier,address_book
121.45796966552734,34.99182891845703,.,.
-12.543107032775879,-71.109130859375,identifier,name
-90.96997833251953,133.5851287841797,),)
-68.92105865478516,140.3319854736328,),)
54.87728500366211,75.2336196899414,identifier,print
38.72487258911133,99.5734634399414,(,(
0.730926513671875,-2.192685604095459,"""",'\n'
39.63419723510742,45.437931060791016,.,.
39.88004684448242,40.97481918334961,identifier,join
13.843520164489746,103.81929016113281,(,(
68.42868041992188,-37.983428955078125,identifier,contact_line_list
-93.83048248291016,136.38304138183594,),)
-69.2053451538086,142.27359008789062,),)
-110.88240814208984,-68.35076904296875,else,else
-148.46469116210938,-48.95781326293945,:,:
53.831138610839844,-4.789660930633545,identifier,list_contacts
26.243303298950195,98.16883850097656,(,(
70.25782775878906,-36.22149658203125,identifier,vcard_list
-76.66588592529297,150.9173583984375,),)
-30.0394287109375,-170.39244079589844,def,def
-23.08461570739746,-23.930503845214844,identifier,explicit_rel_links
-83.02677154541016,-185.01516723632812,(,(
33.5899772644043,-198.0009765625,identifier,self
-141.21116638183594,23.1468563079834,",",","
3.6751670837402344,-88.55347442626953,identifier,rels
-0.3407309055328369,115.43988037109375,(,(
1.2502813339233398,-12.830131530761719,"""",'homepage'
-98.91849517822266,20.76418685913086,",",","
1.1824779510498047,-12.68735122680664,"""",'download'
-98.79438018798828,121.32012176513672,),)
-133.77357482910156,99.2029037475586,),)
-198.71543884277344,-21.16451072692871,:,:
32.031612396240234,-79.4858169555664,identifier,rels
-3.41814923286438,8.730067253112793,identifier,set
25.655717849731445,133.4886932373047,(,(
31.899940490722656,-79.24398040771484,identifier,rels
-76.92452239990234,106.4566650390625,),)
-72.74797058105469,-103.07671356201172,for,for
26.37466049194336,-84.30197143554688,identifier,anchor
186.2345733642578,-41.08074188232422,identifier,self
125.2306900024414,62.6860466003418,.,.
1.6754480600357056,-22.512718200683594,identifier,parsed
89.07353210449219,50.6173210144043,.,.
55.96574783325195,18.079545974731445,identifier,findall
34.41654968261719,128.2566680908203,(,(
6.228989124298096,-11.766343116760254,"""",""".//a"""
-107.69159698486328,119.38541412353516,),)
-169.96713256835938,-35.99335479736328,:,:
-93.197509765625,-103.7270278930664,if,if
74.41051483154297,-76.43865203857422,identifier,anchor
85.32764434814453,40.868003845214844,.,.
-2.0154144763946533,34.00986099243164,identifier,get
36.37812805175781,120.86874389648438,(,(
11.18765926361084,-11.820597648620605,"""","""rel"""
-105.3158950805664,120.10661315917969,),)
-75.94769287109375,-65.00337219238281,and,and
74.46422576904297,-76.41837310791016,identifier,anchor
85.32422637939453,40.90839767456055,.,.
-2.0364949703216553,34.09437561035156,identifier,get
36.364501953125,120.88288879394531,(,(
11.236369132995605,-11.625930786132812,"""","""href"""
-105.33920288085938,119.6199722290039,),)
-168.1991424560547,-44.85726547241211,:,:
47.006954193115234,-81.17678833007812,identifier,found_rels
-3.3571622371673584,8.97264289855957,identifier,set
17.705963134765625,120.10542297363281,(,(
74.94832611083984,-75.82948303222656,identifier,anchor
86.84488677978516,44.0635986328125,.,.
-1.0813568830490112,33.98529815673828,identifier,get
40.32145309448242,120.1749267578125,(,(
25.631425857543945,-17.26235008239746,"""","""rel"""
-101.9346694946289,130.5264129638672,),)
84.05937957763672,46.02688217163086,.,.
51.20384216308594,28.80529022216797,identifier,split
44.02788162231445,144.36175537109375,(,(
-107.96320343017578,136.87937927246094,),)
-69.13623809814453,120.30760955810547,),)
-92.15863037109375,-95.05976867675781,if,if
45.62981414794922,-55.829586029052734,identifier,found_rels
45.74580383300781,-55.52952575683594,identifier,rels
-162.63819885253906,-43.80025863647461,:,:
49.405391693115234,-71.66969299316406,identifier,href
75.12732696533203,-75.66590881347656,identifier,anchor
86.80284118652344,43.447994232177734,.,.
-0.4987708330154419,34.122737884521484,identifier,get
40.277252197265625,119.97019958496094,(,(
26.333173751831055,-17.24932861328125,"""","""href"""
-74.43119049072266,125.66221618652344,),)
49.369754791259766,-71.67760467529297,identifier,url
188.7584228515625,-28.333812713623047,identifier,self
102.31527709960938,57.777183532714844,.,.
32.65644073486328,-4.443389892578125,identifier,clean_link
19.927566528320312,109.6989517211914,(,(
42.600852966308594,4.008346080780029,identifier,urllib_parse
94.4021224975586,38.098838806152344,.,.
39.82487487792969,-3.6808371543884277,identifier,urljoin
16.778352737426758,108.8472671508789,(,(
193.09359741210938,-24.96561622619629,identifier,self
127.47491455078125,38.095428466796875,.,.
42.419071197509766,-17.553050994873047,identifier,base_url
-79.86631774902344,34.68210983276367,",",","
52.4461555480957,-57.16823959350586,identifier,href
-94.54078674316406,133.87831115722656,),)
-69.99803924560547,136.8768310546875,),)
41.920841217041016,-5.193546295166016,identifier,Link
22.210493087768555,100.89091491699219,(,(
57.82954406738281,-46.76752471923828,identifier,url
-77.80470275878906,36.807090759277344,",",","
199.18911743164062,-24.197832107543945,identifier,self
-84.84754180908203,49.36970901489258,",",","
43.35041046142578,-7.878829002380371,identifier,trusted
-74.43269348144531,148.4013671875,),)
-28.144248962402344,-167.8828582763672,def,def
-30.3463191986084,-22.170696258544922,identifier,write
-84.63816833496094,-188.5464324951172,(,(
35.25444412231445,-202.6884307861328,identifier,self
-136.77061462402344,16.5753173828125,",",","
8.962395668029785,-95.14677429199219,identifier,output_stream
-141.12657165527344,24.374679565429688,",",","
2.3245294094085693,-95.370849609375,identifier,kmip_version
23.49485206604004,-39.48575210571289,identifier,enums
110.40738677978516,26.387786865234375,.,.
-7.130491733551025,-23.49431037902832,identifier,KMIPVersion
112.2830810546875,26.059268951416016,.,.
-2.308347702026367,-17.403532028198242,identifier,KMIP_1_0
-133.7030029296875,97.84454345703125,),)
-199.22987365722656,-22.273174285888672,:,:
35.4421272277832,-86.25223541259766,identifier,local_stream
25.833898544311523,9.049372673034668,identifier,utils
103.66047668457031,30.51639747619629,.,.
8.994751930236816,3.6874523162841797,identifier,BytearrayStream
36.99488830566406,139.7654571533203,(,(
-84.33668518066406,111.59271240234375,),)
-90.79486083984375,-103.492431640625,if,if
189.24896240234375,-39.55742263793945,identifier,self
120.79594421386719,55.95955276489258,.,.
10.249191284179688,-26.89072608947754,identifier,_unique_identifier
-171.75559997558594,-47.30221939086914,:,:
182.1566162109375,-33.602962493896484,identifier,self
114.36305236816406,60.02269744873047,.,.
10.77385139465332,-26.69252586364746,identifier,_unique_identifier
88.44322967529297,58.06610870361328,.,.
46.59608459472656,18.830841064453125,identifier,write
26.457469940185547,123.90177154541016,(,(
34.92194747924805,-59.96185302734375,identifier,local_stream
-94.82769012451172,41.611480712890625,",",","
25.229928970336914,-44.36592102050781,identifier,kmip_version
31.845521926879883,-56.79384231567383,identifier,kmip_version
-72.0207748413086,113.14212036132812,),)
-104.73929595947266,-67.55706787109375,else,else
-151.302001953125,-53.71742630004883,:,:
32.276615142822266,12.72028636932373,identifier,ValueError
40.90435791015625,105.87250518798828,(,(
20.076990127563477,-14.02396297454834,"""","""invalid payload missing the unique identifier attribute"""
-65.80613708496094,117.35334777832031,),)
-92.71648406982422,-94.0811538696289,if,if
190.97628784179688,-30.837448120117188,identifier,self
119.74141693115234,55.97408676147461,.,.
35.36927032470703,-31.486040115356445,identifier,_signature_data
-160.07159423828125,-43.5174446105957,:,:
184.34239196777344,-26.570533752441406,identifier,self
110.80838012695312,59.704490661621094,.,.
34.9918098449707,-31.318531036376953,identifier,_signature_data
85.9359130859375,56.626949310302734,.,.
46.624534606933594,18.800710678100586,identifier,write
24.037792205810547,110.72711944580078,(,(
46.24705123901367,-50.32841110229492,identifier,local_stream
-87.48113250732422,45.54505157470703,",",","
56.935523986816406,-33.02638626098633,identifier,kmip_version
58.57570266723633,-34.08000946044922,identifier,kmip_version
-77.27928924560547,132.37623596191406,),)
-108.62955474853516,-66.16864776611328,else,else
-145.48489379882812,-52.58686447143555,:,:
32.890567779541016,12.123991966247559,identifier,ValueError
38.41646957397461,102.72285461425781,(,(
43.7010383605957,-10.342143058776855,"""","""invalid payload missing the signature attribute"""
-72.66480255126953,141.37765502929688,),)
187.46337890625,-20.503877639770508,identifier,self
107.78192138671875,51.1009407043457,.,.
60.18203353881836,2.681039810180664,identifier,length
67.49784088134766,-51.61421203613281,identifier,local_stream
80.12570190429688,51.43717956542969,.,.
60.02744674682617,2.537813901901245,identifier,length
48.808109283447266,140.64346313476562,(,(
-82.82838439941406,144.22021484375,),)
67.12152099609375,14.284565925598145,identifier,super
6.412278652191162,104.5655288696289,(,(
49.999176025390625,-7.01861047744751,identifier,SignResponsePayload
-76.0947265625,23.315685272216797,",",","
199.29808044433594,-23.790376663208008,identifier,self
-100.58201599121094,137.5446319580078,),)
83.46168518066406,54.04024124145508,.,.
47.153480529785156,18.489234924316406,identifier,write
25.284481048583984,100.2482681274414,(,(
68.8657455444336,-34.69468307495117,identifier,output_stream
-82.14473724365234,49.64910888671875,",",","
58.22782516479492,-32.22160720825195,identifier,kmip_version
59.88827133178711,-33.515357971191406,identifier,kmip_version
-79.67637634277344,142.31614685058594,),)
73.99659729003906,-36.33383560180664,identifier,output_stream
78.27947998046875,55.94097137451172,.,.
47.158050537109375,18.473203659057617,identifier,write
28.332622528076172,99.53390502929688,(,(
74.6653060913086,-36.44264221191406,identifier,local_stream
123.50540924072266,33.28495407104492,.,.
44.039798736572266,-14.744736671447754,identifier,buffer
-75.83223724365234,151.38250732421875,),)
-28.016216278076172,-171.857177734375,def,def
-22.056724548339844,-25.540340423583984,identifier,dispatch_monitor_traffic
-83.6376724243164,-183.29981994628906,(,(
36.19640350341797,-198.2179718017578,identifier,self
-133.6406707763672,20.133127212524414,",",","
29.026918411254883,-104.83528900146484,identifier,msg
-137.99020385742188,104.99117279052734,),)
-200.2252655029297,-17.865955352783203,:,:
180.09327697753906,-38.36860656738281,identifier,self
120.79983520507812,69.29165649414062,.,.
69.2347183227539,87.07430267333984,identifier,log
68.54003143310547,79.60052490234375,.,.
60.83964920043945,84.16091918945312,identifier,debug
45.85711669921875,105.8209228515625,(,(
4.299345970153809,-16.09052848815918,"""","""monitor traffic: %r"""
-73.93226623535156,28.026655197143555,",",","
33.94701385498047,-104.40563201904297,identifier,msg
-79.80740356445312,104.12118530273438,),)
35.18571853637695,-85.49673461914062,identifier,switch
34.041446685791016,-104.48359680175781,identifier,msg
-160.3192901611328,-58.817317962646484,:,:
39.925010681152344,-85.49382781982422,identifier,idents
-112.78955078125,28.056690216064453,",",","
31.545597076416016,-102.94702911376953,identifier,msg
186.1759796142578,-38.80739212036133,identifier,self
124.19412231445312,65.80852508544922,.,.
83.9074935913086,-2.629770040512085,identifier,session
92.9094009399414,54.668514251708984,.,.
8.104890823364258,-23.54823875427246,identifier,feed_identities
25.332969665527344,126.30604553222656,(,(
33.86658477783203,-104.6324462890625,identifier,msg
-129.98609924316406,-40.0921745300293,:,:
-72.0281753540039,111.10337829589844,),)
30.931028366088867,15.764019966125488,identifier,ValueError
-169.26171875,-53.30647277832031,:,:
42.610198974609375,-78.93233489990234,identifier,idents
-90.26287841796875,-97.29826354980469,if,if
45.38419723510742,-63.29808044433594,identifier,idents
-165.54823303222656,-47.68486022949219,:,:
183.4857635498047,-30.78378677368164,identifier,self
119.35814666748047,69.70289611816406,.,.
69.72371673583984,86.35126495361328,identifier,log
67.19438171386719,80.4332275390625,.,.
56.69380187988281,83.1055908203125,identifier,error
43.289005279541016,104.46178436279297,(,(
19.542884826660156,-14.224798202514648,"""","""Monitor message without topic: %r"""
-75.66120147705078,27.908296585083008,",",","
31.107135772705078,-105.25473022460938,identifier,msg
-65.66566467285156,118.96846771240234,),)
50.95009231567383,-83.52629089355469,identifier,handler
190.08314514160156,-30.098865509033203,identifier,self
115.59358215332031,62.61643600463867,.,.
22.652711868286133,-27.725154876708984,identifier,monitor_handlers
89.6505355834961,48.134300231933594,.,.
1.3623197078704834,32.57090377807617,identifier,get
24.659761428833008,114.88003540039062,(,(
49.414154052734375,-40.95909881591797,identifier,switch
-82.89765167236328,22.43916130065918,",",","
-76.9167251586914,128.54225158691406,),)
-94.68228149414062,-92.22035217285156,if,if
52.5157356262207,-64.33601379394531,identifier,handler
-158.3988800048828,-41.32027053833008,:,:
42.719730377197266,-38.428340911865234,identifier,handler
26.39382553100586,110.30146026611328,(,(
55.08340835571289,-45.48162078857422,identifier,idents
-82.61430358886719,33.36286544799805,",",","
31.045969009399414,-105.12196350097656,identifier,msg
-79.04100799560547,132.5198974609375,),)
-109.01050567626953,-65.5750503540039,else,else
-147.34934997558594,-51.807533264160156,:,:
183.91880798339844,-22.40100860595703,identifier,self
119.68751525878906,71.26789855957031,.,.
70.05554962158203,87.62481689453125,identifier,log
65.73857879638672,78.30760192871094,.,.
56.59705352783203,83.09942626953125,identifier,error
41.677677154541016,100.9020004272461,(,(
44.16626739501953,-10.081501007080078,"""","""Unrecognized monitor topic: %r"""
-74.85905456542969,29.407758712768555,",",","
49.43526077270508,-40.92373275756836,identifier,switch
-74.5468978881836,146.4811248779297,),)
-24.799219131469727,-170.80291748046875,def,def
-26.880859375,-19.864917755126953,identifier,reload
-88.48250579833984,-183.57327270507812,(,(
31.875167846679688,-201.33926391601562,identifier,self
-141.08949279785156,109.4406967163086,),)
-200.3099365234375,-13.364889144897461,:,:
178.54391479492188,-41.45309066772461,identifier,self
95.78439331054688,59.81241226196289,.,.
-17.45779037475586,-17.800289154052734,identifier,fload
39.885833740234375,138.2003936767578,(,(
-84.83380126953125,107.97979736328125,),)
40.36878204345703,-92.84370422363281,identifier,lines
182.48721313476562,-42.266685485839844,identifier,self
123.302978515625,63.45518112182617,.,.
-0.8997050523757935,-30.27014923095703,identifier,fobj
92.99140930175781,53.554603576660156,.,.
46.59918212890625,23.12200164794922,identifier,readlines
39.74687576293945,139.97903442382812,(,(
-83.93965911865234,108.33170318603516,),)
35.263092041015625,-87.51378631591797,identifier,src_b
-5.985944747924805,-58.06877517700195,identifier,l
-66.08654022216797,-91.01573944091797,for,for
0.18054939806461334,-60.40424728393555,identifier,l
37.22452926635742,-71.30522155761719,identifier,lines
-83.9939193725586,-89.19731903076172,if,if
0.055645525455474854,-61.56181335449219,identifier,l
78.21826171875,41.83006286621094,.,.
53.452369689941406,22.843042373657227,identifier,strip
40.54618453979492,143.37249755859375,(,(
-110.03340148925781,134.3719024658203,),)
37.062835693359375,-82.73452758789062,identifier,nblocks
-6.441806316375732,54.40568542480469,identifier,len
15.674168586730957,133.0139617919922,(,(
31.32407569885254,-62.862728118896484,identifier,src_b
-78.88433074951172,110.52159118652344,),)
180.12623596191406,-34.093955993652344,identifier,self
115.66215515136719,54.03972625732422,.,.
11.614116668701172,-19.16383171081543,identifier,src
-2.6874938011169434,-4.18965482711792,"""",''
42.16798400878906,45.31502914428711,.,.
40.98002243041992,39.71868896484375,identifier,join
17.46771240234375,128.7012481689453,(,(
37.49665069580078,-70.45228576660156,identifier,lines
-77.67914581298828,112.4502944946289,),)
180.81051635742188,-32.3595085144043,identifier,self
113.43966674804688,56.545387268066406,.,.
26.061508178710938,-28.81568717956543,identifier,_silent
41.382598876953125,-54.73288345336914,identifier,nblocks
179.0885467529297,-28.509666442871094,identifier,self
112.9891128540039,56.22992706298828,.,.
26.530797958374023,-29.08148765563965,identifier,_auto
41.43010711669922,-54.69523239135742,identifier,nblocks
179.13925170898438,-27.741546630859375,identifier,self
112.41338348388672,54.15104675292969,.,.
27.008647918701172,-28.5040225982666,identifier,auto_all
179.55494689941406,-27.104562759399414,identifier,self
111.80757904052734,53.76948928833008,.,.
35.83129119873047,-28.55167007446289,identifier,nblocks
41.676124572753906,-54.47830581665039,identifier,nblocks
179.7533721923828,-26.478870391845703,identifier,self
111.26399230957031,54.038299560546875,.,.
36.110374450683594,-28.727746963500977,identifier,src_blocks
44.473697662353516,-52.37482833862305,identifier,src_b
180.06869506835938,-25.648996353149414,identifier,self
110.48216247558594,53.776634216308594,.,.
49.63411331176758,-17.410625457763672,identifier,src_blocks_colored
15.024300575256348,12.110506057739258,identifier,map
16.345849990844727,110.75440979003906,(,(
192.744140625,-25.686613082885742,identifier,self
126.09317779541016,38.17594909667969,.,.
39.76626968383789,-6.940231800079346,identifier,ip_colorize
-83.74942016601562,32.55501937866211,",",","
193.8616485595703,-25.12408447265625,identifier,self
126.73994445800781,38.8443603515625,.,.
46.210365295410156,-21.378358840942383,identifier,src_blocks
-75.10562133789062,134.396240234375,),)
187.0646514892578,-22.409820556640625,identifier,self
81.40971374511719,58.251773834228516,.,.
35.8327751159668,2.0885190963745117,identifier,reset
46.84772491455078,137.05508422851562,(,(
-80.6839370727539,148.9882049560547,),)
-32.73125457763672,-167.53526306152344,def,def
-21.200519561767578,-27.932823181152344,identifier,disassemble
-79.92662811279297,-187.27442932128906,(,(
28.97957420349121,-105.21634674072266,identifier,msg
-138.72686767578125,19.433626174926758,",",","
6.230587005615234,-95.50017547607422,identifier,msg_nocr
-132.48272705078125,26.577423095703125,",",","
38.569427490234375,-39.716739654541016,identifier,section
-131.6829071044922,27.247943878173828,",",","
17.597211837768555,-92.50447082519531,identifier,co
-139.43348693847656,27.116291046142578,",",","
1.2981570959091187,-93.25675201416016,identifier,lasti
-3.176677703857422,-10.195173263549805,-,-
-147.34962463378906,30.996875762939453,",",","
-3.141775369644165,-89.21041870117188,identifier,start_line
-3.1740524768829346,-10.196781158447266,-,-
-147.5780792236328,31.926441192626953,",",","
-3.1867988109588623,-89.20345306396484,identifier,end_line
-147.44175720214844,33.00156021118164,",",","
-3.962913990020752,-90.37391662597656,identifier,relative_pos
-148.21218872070312,33.06093215942383,",",","
-11.124442100524902,-93.03926086425781,identifier,highlight
2.7093265056610107,-11.391496658325195,"""",'light'
-147.36367797851562,34.40042495727539,",",","
-4.37921142578125,-89.07980346679688,identifier,start_offset
-146.63421630859375,35.167877197265625,",",","
-4.385387897491455,-89.05535888671875,identifier,end_offset
-135.4225616455078,95.44813537597656,),)
-204.22755432128906,-23.563922882080078,:,:
20.932880401611328,-5.426357269287109,identifier,disassemble_bytes
25.940855026245117,121.22328186035156,(,(
29.456960678100586,-105.58738708496094,identifier,msg
-90.8056640625,36.412479400634766,",",","
36.124298095703125,-57.00557327270508,identifier,msg_nocr
-90.24169158935547,36.95505905151367,",",","
82.30926513671875,-60.74799346923828,identifier,co
117.5702896118164,41.93972396850586,.,.
25.017793655395508,-14.798666954040527,identifier,co_code
-90.32141876220703,37.79039001464844,",",","
38.86485290527344,-53.86977767944336,identifier,lasti
-89.66203308105469,37.346885681152344,",",","
82.19632720947266,-60.561561584472656,identifier,co
117.67959594726562,41.81683349609375,.,.
25.048290252685547,-14.719841957092285,identifier,co_firstlineno
-89.98338317871094,38.46497344970703,",",","
41.084407806396484,-47.45711898803711,identifier,start_line
-89.95614624023438,38.882789611816406,",",","
41.12042236328125,-47.42570877075195,identifier,end_line
-89.87291717529297,38.870941162109375,",",","
41.60673904418945,-46.8553466796875,identifier,relative_pos
-88.66438293457031,38.23857879638672,",",","
81.89918518066406,-60.17499923706055,identifier,co
117.97731018066406,40.748836517333984,.,.
44.29167938232422,-20.659900665283203,identifier,co_varnames
-87.73357391357422,38.44810485839844,",",","
81.67498779296875,-59.66374969482422,identifier,co
118.17815399169922,40.29092788696289,.,.
44.022911071777344,-20.35625648498535,identifier,co_names
-87.52144622802734,38.641597747802734,",",","
81.52359008789062,-59.80399703979492,identifier,co
118.36418151855469,40.061885833740234,.,.
44.26272201538086,-20.007640838623047,identifier,co_consts
-87.02729034423828,38.733890533447266,",",","
81.4662857055664,-59.5699348449707,identifier,co
118.78170776367188,39.727901458740234,.,.
44.86153030395508,-20.083171844482422,identifier,co_cellvars
-86.43107604980469,38.91188430786133,",",","
81.49787139892578,-59.195804595947266,identifier,co
119.0989761352539,39.41506576538086,.,.
45.22451400756836,-19.984338760375977,identifier,co_freevars
-85.20470428466797,39.826194763183594,",",","
-0.012062625028192997,17.567644119262695,identifier,dict
16.088722229003906,104.03423309326172,(,(
46.03330993652344,-6.02046537399292,identifier,findlinestarts
15.399497032165527,105.68696594238281,(,(
81.5307846069336,-58.417728424072266,identifier,co
-95.45635223388672,136.17738342285156,),)
-91.44833374023438,135.37228393554688,),)
-80.75387573242188,44.41700744628906,",",","
-11.193967819213867,-93.03018951416016,identifier,highlight
-85.53064727783203,51.101646423339844,",",","
61.430843353271484,-30.193431854248047,identifier,start_offset
62.04987335205078,-31.190170288085938,identifier,start_offset
-84.33939361572266,52.379058837890625,",",","
61.460697174072266,-30.05156135559082,identifier,end_offset
62.20051193237305,-31.26083755493164,identifier,end_offset
-72.48574829101562,150.5808868408203,),)
-29.45169448852539,-169.45599365234375,def,def
-27.13590431213379,-22.276206970214844,identifier,load_bytes
-82.73857879638672,-186.86451721191406,(,(
35.43850326538086,-200.79034423828125,identifier,self
-137.42410278320312,18.8619327545166,",",","
10.157379150390625,-95.27374267578125,identifier,bytes_data
-133.4267578125,24.90375518798828,",",","
4.557807922363281,-74.3886489868164,identifier,key
-140.95794677734375,27.95039176940918,",",","
2.024725914001465,-92.50796508789062,identifier,bucket_name
-145.2939453125,30.840028762817383,",",","
-5.798752307891846,-97.77474975585938,identifier,replace
-145.38821411132812,32.8289794921875,",",","
-4.012876510620117,-95.125,identifier,encrypt
-135.713134765625,97.74654388427734,),)
-203.1803741455078,-21.74410057067871,:,:
-94.35367584228516,-108.2979507446289,if,if
26.505874633789062,-68.81810760498047,identifier,bucket_name
-176.7185821533203,-45.455780029296875,:,:
0.19826477766036987,117.17118835449219,(,(
32.36418533325195,-83.85758209228516,identifier,bucket_name
-111.97901153564453,26.820104598999023,",",","
5.441695213317871,-71.69798278808594,identifier,key
-105.7560043334961,129.27969360351562,),)
184.55667114257812,-38.07744598388672,identifier,self
97.35759735107422,56.603248596191406,.,.
5.9236063957214355,-25.343257904052734,identifier,parse_s3_url
24.6724853515625,128.6629638671875,(,(
6.459631443023682,-70.50005340576172,identifier,key
-75.67514038085938,109.30596923828125,),)
-89.11003112792969,-100.7731704711914,if,if
20.400999069213867,-64.84635925292969,identifier,replace
-75.75241088867188,-65.06464385986328,and,and
185.7548828125,-34.604225158691406,identifier,self
101.01028442382812,59.21805953979492,.,.
11.754596710205078,-22.814882278442383,identifier,check_for_key
23.82474708557129,122.89485931396484,(,(
6.40731954574585,-69.68118286132812,identifier,key
-90.92650604248047,30.538366317749023,",",","
34.57084655761719,-54.179019927978516,identifier,bucket_name
-104.01725006103516,118.85502624511719,),)
-167.1192626953125,-50.22030258178711,:,:
32.235496520996094,12.735392570495605,identifier,ValueError
40.11616134643555,106.39203643798828,(,(
18.476024627685547,-13.679204940795898,"""","""The key {key} already exists."""
38.301002502441406,50.9852294921875,.,.
34.685035705566406,52.18783950805664,identifier,format
12.749414443969727,125.54943084716797,(,(
5.857950210571289,-68.52802276611328,identifier,key
5.488003730773926,-68.66085815429688,identifier,key
-98.3296890258789,128.12623596191406,),)
-67.33279418945312,119.20128631591797,),)
49.91447067260742,-80.386474609375,identifier,extra_args
-91.26907348632812,-92.26789093017578,if,if
18.36299705505371,-66.6934814453125,identifier,encrypt
-160.3022918701172,-43.105499267578125,:,:
61.99424743652344,-65.01036071777344,identifier,extra_args
35.17152404785156,-15.060946464538574,"""",'ServerSideEncryption'
37.90684127807617,-11.142669677734375,"""","""AES256"""
52.71029281616211,-72.28093719482422,identifier,filelike_buffer
38.88033676147461,6.25789737701416,identifier,BytesIO
20.639503479003906,106.84439849853516,(,(
61.045616149902344,-36.8186149597168,identifier,bytes_data
-74.48695373535156,134.14627075195312,),)
89.87106323242188,-28.810293197631836,identifier,client
190.70034790039062,-25.491764068603516,identifier,self
100.68843841552734,54.422080993652344,.,.
43.91671371459961,-2.920153856277466,identifier,get_conn
48.6743278503418,138.94595336914062,(,(
-83.04132080078125,143.88916015625,),)
88.64813232421875,-29.288610458374023,identifier,client
81.53040313720703,54.91828918457031,.,.
50.463401794433594,-4.030454635620117,identifier,upload_fileobj
24.798362731933594,101.25595092773438,(,(
64.5018539428711,-38.3984375,identifier,filelike_buffer
-78.8161849975586,38.966331481933594,",",","
62.85169219970703,-34.748355865478516,identifier,bucket_name
-79.06352233886719,38.65410614013672,",",","
2.50114369392395,-68.44511413574219,identifier,key
-82.966796875,52.6424674987793,",",","
60.40799331665039,-21.17119026184082,identifier,ExtraArgs
67.01494598388672,-35.987422943115234,identifier,extra_args
-74.40733337402344,149.26516723632812,),)
-30.56654167175293,-169.5167999267578,def,def
-22.892351150512695,-25.871152877807617,identifier,delete_reference_image
-81.96004486083984,-186.3194122314453,(,(
35.616214752197266,-197.77806091308594,identifier,self
-137.29139709472656,20.246841430664062,",",","
8.713265419006348,-87.2394790649414,identifier,location
-135.09207153320312,25.827878952026367,",",","
4.304044246673584,-92.05288696289062,identifier,product_id
-137.04930114746094,27.712696075439453,",",","
3.116154432296753,-92.06617736816406,identifier,reference_image_id
-140.10708618164062,29.130395889282227,",",","
2.3301100730895996,-91.96493530273438,identifier,project_id
-147.0552520751953,32.320228576660156,",",","
-6.245270729064941,-85.51155090332031,identifier,retry
-148.04403686523438,32.1473274230957,",",","
-3.899364709854126,-85.92781066894531,identifier,timeout
-147.19515991210938,33.40510177612305,",",","
-7.785855293273926,-88.57379150390625,identifier,metadata
-142.2239532470703,38.527320861816406,",",","
-136.8178253173828,94.99838256835938,),)
-201.98565673828125,-23.50189781188965,:,:
89.97100830078125,-28.79557991027832,identifier,client
183.49269104003906,-38.516395568847656,identifier,self
99.69670104980469,54.13085174560547,.,.
9.026681900024414,-21.862415313720703,identifier,get_conn
37.596092224121094,141.7662811279297,(,(
-82.91064453125,111.06886291503906,),)
180.89012145996094,-36.81151580810547,identifier,self
121.1781005859375,69.79141235351562,.,.
68.63945007324219,86.76931762695312,identifier,log
68.71144104003906,80.54624938964844,.,.
60.7941780090332,86.50822448730469,identifier,info
45.43342208862305,104.64093780517578,(,(
13.90200138092041,-16.083072662353516,"""",'Deleting ReferenceImage'
-78.92918395996094,115.7879638671875,),)
-4.25174617767334,-71.87037658691406,identifier,name
18.211410522460938,-16.479360580444336,identifier,ProductSearchClient
96.13119506835938,45.244598388671875,.,.
14.478156089782715,-22.523380279541016,identifier,reference_image_path
25.82863998413086,119.85916900634766,(,(
21.929811477661133,-42.341552734375,identifier,project
38.014366149902344,-51.906246185302734,identifier,project_id
-93.24036407470703,46.883567810058594,",",","
19.55896759033203,-43.29928970336914,identifier,location
19.3929500579834,-43.33795166015625,identifier,location
-93.01695251464844,47.632015228271484,",",","
31.029159545898438,-26.50225067138672,identifier,product
38.45856857299805,-51.4774169921875,identifier,product_id
-92.28323364257812,47.28939437866211,",",","
31.48833656311035,-25.43393325805664,identifier,reference_image
39.2895622253418,-50.9608039855957,identifier,reference_image_id
-72.95315551757812,123.57898712158203,),)
50.39841842651367,-90.3226318359375,identifier,response
88.03827667236328,-28.608821868896484,identifier,client
92.60661315917969,46.894264221191406,.,.
31.571184158325195,-4.768856525421143,identifier,delete_reference_image
18.04257583618164,97.23054504394531,(,(
-11.95197582244873,-69.45311737060547,identifier,name
-11.207451820373535,-69.05278778076172,identifier,name
-88.99406433105469,48.67987823486328,",",","
51.835357666015625,-28.58356285095215,identifier,retry
51.839237213134766,-28.641029357910156,identifier,retry
-88.64842224121094,48.789127349853516,",",","
50.32964324951172,-30.313867568969727,identifier,timeout
50.31785202026367,-30.34259796142578,identifier,timeout
-88.73841857910156,49.177452087402344,",",","
47.29296875,-33.91865158081055,identifier,metadata
47.30111312866211,-33.957725524902344,identifier,metadata
-74.64576721191406,135.174560546875,),)
184.658447265625,-21.86675262451172,identifier,self
119.64019012451172,71.27893829345703,.,.
70.1337890625,87.64228057861328,identifier,log
65.71597290039062,78.35755157470703,.,.
59.18730545043945,86.13890838623047,identifier,info
42.25831985473633,100.53553771972656,(,(
45.66660690307617,-9.982168197631836,"""",'ReferenceImage with the name [%s] deleted.'
-74.8232192993164,29.40948486328125,",",","
-10.499980926513672,-68.86637878417969,identifier,name
-74.5118408203125,141.0480499267578,),)
48.64130783081055,-5.589335918426514,identifier,MessageToDict
22.233518600463867,99.818115234375,(,(
85.85394287109375,-51.23518371582031,identifier,response
-76.64874267578125,148.9535675048828,),)
-29.093698501586914,-172.62020874023438,def,def
-26.834583282470703,-23.36726951599121,identifier,_repr_pretty_
-82.7512435913086,-183.3511962890625,(,(
34.30140686035156,-197.41696166992188,identifier,self
-134.76803588867188,20.629318237304688,",",","
8.204183578491211,-98.74700927734375,identifier,p
-130.5991973876953,24.506155014038086,",",","
-1.1850570440292358,-99.18463134765625,identifier,cycle
-136.2708740234375,103.9560775756836,),)
-198.85763549804688,-19.182861328125,:,:
32.24940490722656,-87.91901397705078,identifier,class_name
-13.77187728881836,18.95441246032715,identifier,type
22.585468292236328,133.81011962890625,(,(
186.90928649902344,-48.2449951171875,identifier,self
-106.51556396484375,127.68936157226562,),)
132.49330139160156,60.28693389892578,.,.
2.064307689666748,3.2850801944732666,identifier,__name__
-87.87112426757812,-105.78364562988281,if,if
22.575632095336914,-65.74404907226562,identifier,cycle
-176.1182098388672,-49.92902755737305,:,:
70.99552917480469,-68.65309143066406,identifier,p
91.78858947753906,62.242897033691406,.,.
57.69866180419922,12.495168685913086,identifier,text
43.90277099609375,108.47045135498047,(,(
4.971297740936279,-15.09516429901123,"""",'{cls}(...)'
37.70818328857422,49.805152893066406,.,.
34.98054885864258,51.30323028564453,identifier,format
19.66937828063965,130.9287567138672,(,(
9.702195167541504,-46.66152572631836,identifier,cls
29.70368003845215,-57.76448440551758,identifier,class_name
-105.15738677978516,45.785430908203125,",",","
-96.56504821777344,123.31085205078125,),)
-70.06118774414062,109.31735229492188,),)
-104.09293365478516,-66.3311538696289,else,else
-153.15838623046875,-56.09642791748047,:,:
70.92689514160156,-68.8926010131836,identifier,p
87.05046844482422,37.83232879638672,.,.
-21.340927124023438,-10.762276649475098,identifier,group
20.266944885253906,121.57640075683594,(,(
-6.572175979614258,53.622196197509766,identifier,len
14.122641563415527,131.97274780273438,(,(
34.10544204711914,-53.641265869140625,identifier,class_name
-107.0274887084961,124.46556854248047,),)
-36.38103485107422,24.766489028930664,+,+
-88.81141662597656,26.281299591064453,",",","
16.48395347595215,-13.119987487792969,"""",'{cls}('
38.94748306274414,50.209228515625,.,.
34.23324203491211,52.24958801269531,identifier,format
12.7249174118042,125.46751403808594,(,(
9.72580623626709,-46.679927825927734,identifier,cls
34.25151443481445,-53.26632308959961,identifier,class_name
-100.87174224853516,129.90054321289062,),)
-86.42951202392578,27.02161979675293,",",","
15.116171836853027,-10.55594539642334,"""",')'
-106.16703033447266,47.08925247192383,",",","
-98.78156280517578,117.58998107910156,),)
-165.8147735595703,-34.83546447753906,:,:
52.41196823120117,-78.59034729003906,identifier,prepared
189.5713653564453,-31.03050994873047,identifier,self
90.99302673339844,45.757362365722656,.,.
28.379667282104492,-4.276806831359863,identifier,as_json_compatible
43.8729248046875,140.72976684570312,(,(
-84.729736328125,118.67276000976562,),)
-94.2750015258789,-93.05615997314453,if,if
-16.657428741455078,26.55126953125,identifier,isinstance
7.050599575042725,127.47615051269531,(,(
60.65651321411133,-47.29302978515625,identifier,prepared
-89.29822540283203,9.745645523071289,",",","
36.31143569946289,-5.78328800201416,identifier,Mapping
-102.43216705322266,114.75839233398438,),)
-157.6663360595703,-42.89755630493164,:,:
71.19229125976562,-68.00890350341797,identifier,p
76.54964447021484,58.176761627197266,.,.
57.67543411254883,12.373132705688477,identifier,text
36.90730285644531,110.73797607421875,(,(
38.91510772705078,-12.371374130249023,"""",'**'
-80.45516204833984,132.4250030517578,),)
-104.3592529296875,-73.05374908447266,elif,elif
-16.98275375366211,26.168790817260742,identifier,isinstance
6.389685153961182,127.76093292236328,(,(
60.67985534667969,-47.24690246582031,identifier,prepared
-89.59842681884766,9.417950630187988,",",","
40.29296875,-5.684067249298096,identifier,Iterable
-102.74705505371094,113.9377212524414,),)
-155.2654266357422,-40.26908493041992,:,:
71.3042984008789,-67.81514739990234,identifier,p
76.84130859375,58.12410354614258,.,.
57.67682647705078,12.321765899658203,identifier,text
36.89702224731445,110.68280029296875,(,(
39.347557067871094,-12.548604011535645,"""",'*'
-75.16079711914062,137.69369506835938,),)
71.36073303222656,-67.73599243164062,identifier,p
77.54043579101562,57.39273452758789,.,.
44.38031768798828,-8.383962631225586,identifier,pretty
26.625659942626953,104.1138916015625,(,(
60.857940673828125,-46.089630126953125,identifier,prepared
-77.76751708984375,149.29212951660156,),)
-24.49629020690918,-169.19456481933594,def,def
-24.567468643188477,-28.57204818725586,identifier,requests
-88.915771484375,-182.8025360107422,(,(
31.884740829467773,-202.775390625,identifier,self
-140.22763061523438,110.00535583496094,),)
-199.85301208496094,-14.394713401794434,:,:
44.332698822021484,-91.54720306396484,identifier,requests
-73.86323547363281,-102.81172943115234,for,for
27.67020034790039,-88.60652923583984,identifier,json
182.03610229492188,-41.80961608886719,identifier,self
123.86312103271484,63.752716064453125,.,.
-7.225495338439941,-40.78331756591797,identifier,skype
94.44541931152344,53.62662124633789,.,.
-13.894633293151855,-28.990293502807617,identifier,conn
31.421470642089844,130.60447692871094,(,(
-0.15534351766109467,-14.04582405090332,"""","""GET"""
-94.90162658691406,22.227407455444336,",",","
4.060698509216309,-14.993598937988281,"""","""{0}/users/{1}/invites"""
37.37132263183594,49.80632400512695,.,.
35.23775863647461,51.03520584106445,identifier,format
19.737571716308594,129.6891632080078,(,(
15.705927848815918,-38.15580368041992,identifier,SkypeConnection
113.2553482055664,24.04448699951172,.,.
7.995594024658203,-29.501516342163086,identifier,API_CONTACTS
-94.41666412353516,26.004390716552734,",",","
190.24073791503906,-43.32021713256836,identifier,self
131.2174835205078,53.50999069213867,.,.
-7.238761901855469,-40.87842559814453,identifier,skype
126.74226379394531,54.22945022583008,.,.
21.874584197998047,-48.36682891845703,identifier,userId
-101.32842254638672,123.73869323730469,),)
-96.4329605102539,46.03960418701172,",",","
12.8422212600708,-2.7205586433410645,identifier,auth
15.743551254272461,-38.14942169189453,identifier,SkypeConnection
110.128662109375,23.096519470214844,.,.
12.477364540100098,-2.6456997394561768,identifier,Auth
110.1325454711914,23.089750289916992,.,.
15.92120361328125,-20.09501838684082,identifier,SkypeToken
-95.20911407470703,119.91012573242188,),)
93.7437744140625,48.965797424316406,.,.
19.687923431396484,13.781949996948242,identifier,json
40.31562423706055,147.35630798339844,(,(
-112.45354461669922,137.68292236328125,),)
93.48651123046875,48.585540771484375,.,.
-0.4404507279396057,32.9785270690918,identifier,get
38.504180908203125,120.81320190429688,(,(
22.345861434936523,-17.387971878051758,"""","""invite_list"""
-82.59364318847656,20.496397018432617,",",","
-100.67242431640625,117.82815551757812,),)
-166.72215270996094,-34.92494201660156,:,:
-69.21444702148438,-102.1409912109375,for,for
46.471412658691406,-75.40266418457031,identifier,invite
57.26136779785156,-64.732177734375,identifier,json
85.88888549804688,43.76294708251953,.,.
-0.3286406993865967,33.75684356689453,identifier,get
39.33544158935547,121.1762466430664,(,(
26.230424880981445,-18.693958282470703,"""","""invites"""
-82.52266693115234,19.774951934814453,",",","
-101.53848266601562,116.7747573852539,),)
-163.91586303710938,-37.236820220947266,:,:
66.53011322021484,-61.022178649902344,identifier,invite
34.5080451965332,-21.713790893554688,"""","""userId"""
27.60526466369629,8.150456428527832,identifier,SkypeUtils
95.56364440917969,38.012901306152344,.,.
32.85685348510742,-7.740318298339844,identifier,noPrefix
19.473966598510742,109.2752914428711,(,(
57.260101318359375,-64.74144744873047,identifier,json
81.59668731689453,46.59707260131836,.,.
-0.07418597489595413,34.53447723388672,identifier,get
41.5128173828125,122.17285919189453,(,(
39.02265930175781,-17.30703353881836,"""","""mri"""
-96.65906524658203,138.12220764160156,),)
-71.86031341552734,134.2760467529297,),)
55.968109130859375,-90.12159729003906,identifier,requests
79.22754669189453,63.77097702026367,.,.
60.49858093261719,58.64470291137695,identifier,append
30.429004669189453,102.69239044189453,(,(
42.09903335571289,-5.326170444488525,identifier,SkypeRequest
96.66323852539062,38.51914978027344,.,.
45.24021911621094,-4.98103666305542,identifier,fromRaw
19.36656379699707,103.6824951171875,(,(
192.366455078125,-22.67781639099121,identifier,self
128.29049682617188,37.41695785522461,.,.
-7.267665386199951,-40.89698028564453,identifier,skype
-79.62496948242188,36.730224609375,",",","
62.72700119018555,-41.295570373535156,identifier,invite
-93.29692077636719,134.31678771972656,),)
-69.69747924804688,140.84352111816406,),)
77.04519653320312,-41.25501251220703,identifier,requests
-31.945999145507812,-161.79815673828125,def,def
-22.599502563476562,-24.806154251098633,identifier,add_userrnd_shot
-82.0743408203125,-179.44471740722656,(,(
14.486008644104004,-102.12161254882812,identifier,project
-138.58050537109375,106.15333557128906,),)
-197.34844970703125,-17.36373519897461,:,:
33.6888313293457,-89.5118637084961,identifier,rndseq
20.19322395324707,-103.0107650756836,identifier,project
126.99531555175781,62.395484924316406,.,.
-2.2976129055023193,-29.774417877197266,identifier,sequence_set
90.57996368408203,51.84577941894531,.,.
1.1194056272506714,31.27724266052246,identifier,get
30.642135620117188,127.8924331665039,(,(
-5.9483561515808105,-74.8510971069336,identifier,name
6.988531112670898,-30.637651443481445,identifier,RNDSEQ_NAME
-79.4103012084961,106.11534118652344,),)
39.436805725097656,-88.54044342041016,identifier,users
-6.033905982971191,-57.99607849121094,identifier,u
-65.72818756103516,-91.13495635986328,for,for
-0.35552000999450684,-59.80173873901367,identifier,u
20.1976318359375,-102.98809814453125,identifier,project
127.58487701416016,61.65495681762695,.,.
19.85018539428711,-46.846527099609375,identifier,users
88.02664947509766,50.570037841796875,.,.
6.192842960357666,0.3126773536205292,identifier,all
41.141754150390625,145.0117950439453,(,(
-109.9884033203125,134.48056030273438,),)
-72.11431884765625,-102.89566040039062,for,for
25.331050872802734,-81.20364379882812,identifier,user
37.902549743652344,-66.45330047607422,identifier,users
-169.8870086669922,-37.095951080322266,:,:
42.255916595458984,-80.67802429199219,identifier,shot
-112.36371612548828,28.87691307067871,",",","
13.848949432373047,-14.21855354309082,identifier,created
18.751699447631836,-34.97524642944336,identifier,Shot
97.30905151367188,46.126670837402344,.,.
11.21311092376709,-20.87174415588379,identifier,objects
96.06429290771484,46.379669189453125,.,.
11.267416000366211,-21.654373168945312,identifier,get_or_create
25.93792724609375,120.1326675415039,(,(
-6.065725326538086,-72.3837890625,identifier,name
34.09892654418945,-44.952884674072266,identifier,user
124.69561004638672,48.31449890136719,.,.
17.539621353149414,-49.43785858154297,identifier,username
-93.711181640625,46.219547271728516,",",","
21.89504051208496,-42.57466125488281,identifier,project
21.87380599975586,-42.83015823364258,identifier,project
-93.2025375366211,44.954994201660156,",",","
-9.276952743530273,-6.362692832946777,identifier,sequence
39.21938705444336,-53.93464279174805,identifier,rndseq
-93.8813705444336,45.662593841552734,",",","
27.290325164794922,-30.27640724182129,identifier,defaults
33.07891845703125,-21.287538528442383,"""",'description'
-97.11299133300781,-15.387704849243164,:,:
31.803970336914062,-12.228184700012207,"""",'rnd shot for user %s'
34.20698165893555,-44.87249755859375,identifier,user
124.05014038085938,45.896575927734375,.,.
17.71782875061035,-49.505279541015625,identifier,username
-66.79100799560547,122.92256164550781,),)
-70.46630096435547,-100.50173950195312,for,for
45.584110260009766,-71.33919525146484,identifier,t
68.57846069335938,-57.95643997192383,identifier,shot
114.62214660644531,42.61922073364258,.,.
28.167009353637695,-7.786989688873291,identifier,tasks
87.97179412841797,47.42397689819336,.,.
6.256402969360352,0.4502241611480713,identifier,all
45.63877487182617,144.89686584472656,(,(
-107.61506652832031,131.80050659179688,),)
-163.10435485839844,-36.8869743347168,:,:
72.78575897216797,-61.2991943359375,identifier,t
110.65605163574219,46.28875732421875,.,.
35.61186218261719,-23.065038681030273,identifier,users
77.62557220458984,64.70247650146484,.,.
64.52425384521484,58.7658805847168,identifier,add
28.324161529541016,106.78356170654297,(,(
34.682029724121094,-44.43798065185547,identifier,user
-73.00413513183594,132.54661560058594,),)
72.83145141601562,-61.228336334228516,identifier,t
82.17777252197266,57.86842346191406,.,.
36.54221725463867,0.7953072786331177,identifier,full_clean
45.958255767822266,137.0902862548828,(,(
-84.0334243774414,143.17977905273438,),)
72.87545013427734,-61.15391159057617,identifier,t
81.0853271484375,58.34475326538086,.,.
51.889137268066406,3.385295867919922,identifier,save
46.86690139770508,136.5543975830078,(,(
-80.69025421142578,148.671875,),)
-26.798717498779297,-171.46412658691406,def,def
-20.829200744628906,-21.342409133911133,identifier,get_callbacks
-85.13858795166016,-184.00674438476562,(,(
34.91677474975586,-199.48617553710938,identifier,self
-134.01358032226562,18.766483306884766,",",","
17.58252716064453,-100.72681427001953,identifier,node
-139.53074645996094,104.98086547851562,),)
-198.49362182617188,-17.13197898864746,:,:
31.837303161621094,-88.00215911865234,identifier,klass
17.698373794555664,-100.76155853271484,identifier,node
132.30174255371094,60.070308685302734,.,.
1.6745936870574951,3.3466482162475586,identifier,__class__
37.847347259521484,-91.67494201660156,identifier,methods
184.09283447265625,-41.991695404052734,identifier,self
120.3282470703125,62.692604064941406,.,.
-3.158719778060913,-36.35242462158203,identifier,_cache
91.47715759277344,52.220951080322266,.,.
1.6910641193389893,31.19900131225586,identifier,get
26.069257736206055,131.89353942871094,(,(
27.53712272644043,-61.264827728271484,identifier,klass
-76.5701904296875,106.38358306884766,),)
-89.63192749023438,-106.59815979003906,if,if
27.585304260253906,-71.99125671386719,identifier,methods
-176.46458435058594,-46.77892303466797,:,:
34.618408203125,-81.83706665039062,identifier,handler
187.3374481201172,-42.236629486083984,identifier,self
129.6382598876953,56.809959411621094,.,.
2.019681692123413,-29.62641716003418,identifier,handler
38.440513610839844,-83.31673431396484,identifier,kid
27.55436897277832,-61.978736877441406,identifier,klass
133.7093505859375,58.976234436035156,.,.
2.526637077331543,3.424797534942627,identifier,__name__
80.39556121826172,41.212318420410156,.,.
7.819958686828613,14.949259757995605,identifier,lower
41.26873779296875,144.00628662109375,(,(
-82.37320709228516,111.70758819580078,),)
45.282894134521484,-82.47695922851562,identifier,e_method
-7.954570770263672,25.551374435424805,identifier,getattr
11.222434997558594,122.62413024902344,(,(
69.72483825683594,-74.16739654541016,identifier,handler
-84.5091781616211,14.334625244140625,",",","
17.218564987182617,-17.510469436645508,"""","""visit_%s"""
25.532161712646484,-48.271812438964844,identifier,kid
-85.2852554321289,25.656417846679688,",",","
-7.437076568603516,26.333913803100586,identifier,getattr
10.367345809936523,123.53134155273438,(,(
69.87987518310547,-73.76026153564453,identifier,handler
-84.77098083496094,14.919779777526855,",",","
23.924135208129883,-17.658994674682617,"""","""visit_default"""
-81.9569091796875,21.083955764770508,",",","
-96.66500091552734,127.761474609375,),)
-69.90090942382812,119.15190124511719,),)
48.93524932861328,-76.80108642578125,identifier,l_method
-7.317349910736084,26.020551681518555,identifier,getattr
9.920071601867676,122.72539520263672,(,(
69.82928466796875,-73.88883972167969,identifier,handler
-84.45527648925781,14.808619499206543,",",","
30.91727638244629,-14.116024017333984,"""","""leave_%s"""
25.543113708496094,-48.249393463134766,identifier,kid
-85.0987319946289,25.832191467285156,",",","
-7.205183982849121,26.40753746032715,identifier,getattr
10.143757820129395,123.44832611083984,(,(
69.93980407714844,-73.60760498046875,identifier,handler
-84.79906463623047,15.069513320922852,",",","
29.305185317993164,-17.93389320373535,"""","""leave_default"""
-81.49861907958984,21.078218460083008,",",","
-95.53138732910156,130.5097198486328,),)
-67.6539306640625,125.4354248046875,),)
185.76856994628906,-24.408998489379883,identifier,self
109.1661605834961,57.384620666503906,.,.
-3.571004629135132,-37.93236541748047,identifier,_cache
31.43956184387207,-48.006378173828125,identifier,klass
1.9615029096603394,112.79365539550781,(,(
68.1551513671875,-41.69661331176758,identifier,e_method
-80.99467468261719,37.54010772705078,",",","
67.77493286132812,-41.30580139160156,identifier,l_method
-79.88091278076172,136.26571655273438,),)
-109.60736083984375,-68.15563201904297,else,else
-147.69805908203125,-50.67898941040039,:,:
69.17689514160156,-42.3651237487793,identifier,e_method
-110.93785858154297,31.86747932434082,",",","
68.78741455078125,-40.50212478637695,identifier,l_method
76.85557556152344,-39.386966705322266,identifier,methods
69.43313598632812,-41.90272903442383,identifier,e_method
-104.63128662109375,35.25104522705078,",",","
69.10983276367188,-40.00901412963867,identifier,l_method
-34.43085861206055,-165.74879455566406,def,def
-21.151012420654297,-25.265661239624023,identifier,canonicalize_observed_time_series_with_mask
-78.76314544677734,-181.0966339111328,(,(
3.012299060821533,-93.51140594482422,identifier,maybe_masked_observed_time_series
-134.31935119628906,103.75929260253906,),)
-205.89305114746094,-17.94077491760254,:,:
15.916581153869629,40.890987396240234,identifier,tf
104.50099182128906,41.864261627197266,.,.
23.650348663330078,11.464600563049316,identifier,compat
104.47200012207031,41.927947998046875,.,.
5.061955451965332,-18.924854278564453,identifier,v1
97.48497009277344,53.422542572021484,.,.
1.9703854322433472,-24.643606185913086,identifier,name_scope
33.736915588378906,128.9499969482422,(,(
8.860159873962402,-25.49433135986328,"""",'canonicalize_observed_time_series_with_mask'
-107.02788543701172,119.36742401123047,),)
-170.44203186035156,-38.61058044433594,:,:
-93.96540832519531,-100.82157897949219,if,if
-9.89041519165039,25.268890380859375,identifier,hasattr
9.903121948242188,129.7114715576172,(,(
42.73142623901367,-61.26470947265625,identifier,maybe_masked_observed_time_series
-86.25960540771484,12.380043029785156,",",","
22.029102325439453,-16.733793258666992,"""",'is_missing'
-104.93231201171875,117.1998062133789,),)
-165.8253631591797,-44.59001922607422,:,:
48.61455535888672,-77.82548522949219,identifier,observed_time_series
3.603947639465332,113.8285140991211,(,(
61.07621765136719,-57.23855209350586,identifier,maybe_masked_observed_time_series
122.55792999267578,43.89527130126953,.,.
29.1004695892334,-21.750690460205078,identifier,time_series
-71.8537368774414,125.43460083007812,),)
52.60176467895508,-75.46387481689453,identifier,is_missing
61.213111877441406,-57.04130172729492,identifier,maybe_masked_observed_time_series
123.2228775024414,41.95280838012695,.,.
41.58554458618164,-20.119691848754883,identifier,is_missing
-108.32232666015625,-69.13273620605469,else,else
-148.3810272216797,-52.32195281982422,:,:
61.88471221923828,-44.16685485839844,identifier,observed_time_series
62.15070343017578,-42.80964279174805,identifier,maybe_masked_observed_time_series
58.2631721496582,-22.995424270629883,identifier,is_missing
73.32392883300781,-28.721094131469727,identifier,observed_time_series
17.299026489257812,41.031558990478516,identifier,tf
97.23108673095703,35.199806213378906,.,.
54.379676818847656,-0.9536842703819275,identifier,convert_to_tensor
21.203510284423828,95.94733428955078,(,(
63.70993423461914,-9.446551322937012,identifier,value
69.57032775878906,-33.59993362426758,identifier,observed_time_series
-82.11973571777344,50.326717376708984,",",","
-14.68450927734375,-69.6053695678711,identifier,name
57.957271575927734,-18.360639572143555,"""",'observed_time_series'
-79.2417221069336,142.4774169921875,),)
72.65556335449219,-28.930007934570312,identifier,observed_time_series
54.69859313964844,-7.007250785827637,identifier,_maybe_expand_trailing_dim
25.732637405395508,96.48728942871094,(,(
70.60421752929688,-33.35329818725586,identifier,observed_time_series
-77.73479461669922,143.23587036132812,),)
-100.29186248779297,-89.01554870605469,if,if
70.15621185302734,-27.39266014099121,identifier,is_missing
-152.57264709472656,-34.613739013671875,:,:
70.21562957763672,-27.02947998046875,identifier,is_missing
17.984363555908203,41.151710510253906,identifier,tf
96.98506164550781,34.2327995300293,.,.
54.91230392456055,-1.2960577011108398,identifier,convert_to_tensor
21.7039852142334,95.17063903808594,(,(
63.53158950805664,-9.655911445617676,identifier,value
69.58930206298828,-26.656099319458008,identifier,is_missing
-80.28998565673828,51.76304626464844,",",","
-14.6821870803833,-69.60311889648438,identifier,name
58.576751708984375,-18.790281295776367,"""",'is_missing'
-80.22818756103516,52.189605712890625,",",","
58.73276901245117,-11.14736270904541,identifier,dtype_hint
18.282865524291992,40.695716857910156,identifier,tf
120.5738296508789,32.08717346191406,.,.
-13.596029281616211,-4.082643508911133,identifier,bool
-76.30821990966797,143.1482391357422,),)
51.0275764465332,-8.67491626739502,identifier,missing_values_util
100.7313461303711,29.472841262817383,.,.
50.26335525512695,-8.322285652160645,identifier,MaskedTimeSeries
23.124725341796875,98.47972869873047,(,(
69.82953643798828,-33.18437576293945,identifier,observed_time_series
-80.993896484375,50.98870086669922,",",","
66.79753112792969,-26.257997512817383,identifier,is_missing
66.84336853027344,-26.312671661376953,identifier,is_missing
-74.0716323852539,151.27964782714844,),)
-30.689868927001953,-164.92698669433594,def,def
-27.12005043029785,-24.47575569152832,identifier,from_b64
-80.42493438720703,-183.84266662597656,(,(
7.626714706420898,-78.989990234375,identifier,path
-134.50196838378906,22.43590545654297,",",","
9.91132640838623,-94.90702819824219,identifier,bcontent
-131.19496154785156,23.824338912963867,",",","
-0.6531992554664612,-82.8669204711914,identifier,format
-137.27944946289062,103.16058349609375,),)
-196.9674530029297,-18.4741268157959,:,:
35.570404052734375,-90.49317932128906,identifier,decoders
7.619080543518066,-17.198209762573242,"""",'base64'
-101.44579315185547,-18.624404907226562,:,:
7.072885513305664,-78.22459411621094,identifier,path
-100.89960479736328,26.354393005371094,",",","
19.93462371826172,-74.67157745361328,identifier,bcontent
-166.4013671875,-28.0322208404541,:,:
1.5747591257095337,116.71115112304688,(,(
19.96082305908203,-74.60608673095703,identifier,bcontent
78.33586883544922,41.57703399658203,.,.
51.534759521484375,14.07876968383789,identifier,decode
39.668514251708984,125.1688461303711,(,(
5.747129440307617,-7.632442951202393,"""",'ascii'
-102.80126953125,124.25283813476562,),)
-93.1146011352539,21.280029296875,",",","
5.110755443572998,-8.732251167297363,"""",'base64'
-100.3315658569336,122.84649658203125,),)
-98.1236343383789,52.21916198730469,",",","
9.997725486755371,-15.627979278564453,"""",'text'
-102.24627685546875,-17.945768356323242,:,:
15.468047142028809,-24.328092575073242,identifier,_decode_text_from_base64
-96.98920440673828,51.52745819091797,",",","
-102.8193588256836,-18.1224308013916,:,:
15.670485496520996,-24.450613021850586,identifier,_decode_unknown_from_base64
-105.25023651123047,46.794097900390625,",",","
-158.76846313476562,-57.611907958984375,:,:
81.4458236694336,-31.839818954467773,identifier,content
-111.9314193725586,29.46829605102539,",",","
47.979087829589844,-77.07500457763672,identifier,real_format
43.541927337646484,-42.69513702392578,identifier,decoders
-0.7391073703765869,-82.58794403076172,identifier,format
26.071762084960938,112.24501037597656,(,(
8.057819366455078,-77.36444854736328,identifier,path
-87.85601806640625,31.59313201904297,",",","
42.19451141357422,-52.47793197631836,identifier,bcontent
-78.60430145263672,124.21430969238281,),)
30.191909790039062,14.513690948486328,identifier,HTTPError
-158.1840362548828,-47.71302795410156,:,:
34.575138092041016,16.797136306762695,identifier,Exception
-33.56371307373047,-4.815127849578857,identifier,e
-156.51853942871094,-46.62737274169922,:,:
33.37101364135742,8.558173179626465,identifier,CorruptedFile
36.79496765136719,105.45587921142578,(,(
28.43170166015625,-39.31272888183594,identifier,e
-74.1353759765625,130.98861694335938,),)
51.524024963378906,-73.13912963867188,identifier,default_mimes
37.77828598022461,-19.926795959472656,"""",'text'
-95.50631713867188,-17.55728530883789,:,:
46.09078598022461,4.859409809112549,"""",'text/plain'
-91.6751708984375,53.725975036621094,",",","
37.864078521728516,-19.937105178833008,"""",'base64'
-95.5973892211914,-17.71227264404297,:,:
46.11821365356445,4.935587406158447,"""",'application/octet-stream'
-104.90255737304688,47.95590591430664,",",","
75.40975952148438,-25.66127586364746,identifier,mimetype
75.48990631103516,-25.468040466308594,identifier,mimetypes
95.47431945800781,36.18793487548828,.,.
50.31890869140625,-2.337608575820923,identifier,guess_type
18.94100570678711,102.09285736083984,(,(
71.8326644897461,-17.35497283935547,identifier,path
-99.52159881591797,137.18663024902344,),)
-70.56059265136719,-60.15819549560547,or,or
67.06951141357422,-34.081016540527344,identifier,default_mimes
65.6701889038086,-33.34764862060547,identifier,real_format
81.40888977050781,-31.853612899780273,identifier,content
-104.23128509521484,35.65727615356445,",",","
71.53634643554688,-37.96217346191406,identifier,real_format
-104.16891479492188,36.05270767211914,",",","
70.96296691894531,-38.37797164916992,identifier,mimetype
-24.525318145751953,-172.01527404785156,def,def
-25.34728240966797,-26.318134307861328,identifier,coef_norm
-87.22920227050781,-182.53158569335938,(,(
31.784555435180664,-199.9292755126953,identifier,self
-140.5517578125,108.09730529785156,),)
-203.05062866210938,-16.06614112854004,:,:
-93.10031127929688,-109.57742309570312,if,if
182.126953125,-43.375267028808594,identifier,self
119.3324966430664,61.50640869140625,.,.
1.1753230094909668,-34.9150505065918,identifier,_model_json
0.8832337856292725,-20.096263885498047,"""","""output"""
0.8155407309532166,-19.201669692993164,"""","""model_category"""
-64.92984008789062,-33.77229690551758,==,==
1.8449745178222656,-14.268377304077148,"""","""Multinomial"""
-176.98648071289062,-47.386207580566406,:,:
37.59897232055664,-86.11557006835938,identifier,tbl
186.0231170654297,-39.68605041503906,identifier,self
118.90117645263672,61.63507843017578,.,.
1.3532323837280273,-35.02200698852539,identifier,_model_json
0.8243399262428284,-20.372116088867188,"""","""output"""
9.668874740600586,-25.055465698242188,"""","""standardized_coefficient_magnitudes"""
-87.80259704589844,-99.34422302246094,if,if
47.76349639892578,-67.47893524169922,identifier,tbl
-166.47244262695312,-52.30029296875,:,:
-8.860013008117676,-66.0426254272461,identifier,name
-99.98068237304688,-20.557567596435547,:,:
-6.523510456085205,-55.42560577392578,identifier,coef
-65.82077026367188,-93.11913299560547,for,for
-7.083209991455078,-67.81015014648438,identifier,name
-114.80864715576172,31.955215454101562,",",","
51.322959899902344,-37.272830963134766,identifier,coef
15.6387300491333,17.29107666015625,identifier,zip
14.89082145690918,118.17227935791016,(,(
69.8110580444336,-60.11570358276367,identifier,tbl
27.29098892211914,-18.79425048828125,"""","""names"""
-88.00273895263672,29.713830947875977,",",","
69.76779174804688,-60.173954010009766,identifier,tbl
26.760616302490234,-18.94617462158203,"""","""coefficients"""
-95.4742202758789,129.04562377929688,),)
-107.15721130371094,-68.55685424804688,else,else
-148.7452392578125,-54.270442962646484,:,:
48.263916015625,-68.54603576660156,identifier,tbl
191.2760772705078,-28.73640251159668,identifier,self
112.66885375976562,61.8244743347168,.,.
34.12873458862305,-33.97212600708008,identifier,_model_json
34.80318069458008,-16.80233383178711,"""","""output"""
39.73996353149414,-16.444303512573242,"""","""coefficients_table"""
-96.29032897949219,-90.99214172363281,if,if
47.962181091308594,-67.6851806640625,identifier,tbl
-152.7486114501953,-42.369571685791016,:,:
-8.932074546813965,-66.13347625732422,identifier,name
-99.52892303466797,-20.606225967407227,:,:
-6.64087438583374,-55.378074645996094,identifier,coef
-67.75131225585938,-91.00479125976562,for,for
-7.236235618591309,-67.68695068359375,identifier,name
-113.77369689941406,32.12245559692383,",",","
51.35841751098633,-37.24520492553711,identifier,coef
15.705561637878418,17.610124588012695,identifier,zip
15.804400444030762,100.7354736328125,(,(
71.09455871582031,-55.20759201049805,identifier,tbl
54.637821197509766,-19.33315658569336,"""","""names"""
-80.06361389160156,37.669925689697266,",",","
71.09843444824219,-55.192684173583984,identifier,tbl
55.997901916503906,-18.760812759399414,"""","""standardized_coefficients"""
-89.70706939697266,137.38304138183594,),)
-31.954696655273438,-167.46646118164062,def,def
-29.330663681030273,-22.8314208984375,identifier,dump
-80.18034362792969,-188.11451721191406,(,(
19.873685836791992,-82.86961364746094,identifier,filename
-139.17372131347656,18.376026153564453,",",","
8.163044929504395,-91.24726867675781,identifier,dbname
-139.4130096435547,24.295040130615234,",",","
-5.2027130126953125,-78.80369567871094,identifier,username
-146.60670471191406,28.240114212036133,",",","
-2.0805554389953613,-105.83515167236328,identifier,password
-146.91445922851562,29.8984317779541,",",","
-7.155858516693115,-91.47795104980469,identifier,host
-146.6598358154297,31.443069458007812,",",","
-7.140703201293945,-91.47673797607422,identifier,port
-146.29734802246094,33.65237808227539,",",","
1.6035982370376587,-89.39093780517578,identifier,tempdir
0.28546273708343506,-10.351592063903809,"""",'/tmp'
-144.59461975097656,35.07398223876953,",",","
-1.158962368965149,-89.92985534667969,identifier,mysqldump_path
3.7866179943084717,-10.438097953796387,"""",'mysqldump'
-136.53900146484375,95.87592315673828,),)
-202.39503479003906,-23.550334930419922,:,:
30.052013397216797,-89.48383331298828,identifier,filepath
24.432025909423828,28.853961944580078,identifier,os
104.98381042480469,39.745304107666016,.,.
-3.747627019882202,1.715362548828125,identifier,path
83.9550552368164,34.987606048583984,.,.
39.065059661865234,37.60355758666992,identifier,join
19.350069046020508,127.79693603515625,(,(
16.217164993286133,-32.3751106262207,identifier,tempdir
-92.35985565185547,26.664791107177734,",",","
22.60687828063965,-54.396827697753906,identifier,filename
-77.24276733398438,112.14020538330078,),)
62.469947814941406,-85.63494873046875,identifier,cmd
35.540863037109375,-57.61921310424805,identifier,mysqldump_path
63.15965270996094,-85.64798736572266,identifier,cmd
17.209875106811523,-12.280763626098633,"""",' --result-file='
-38.789222717285156,29.28822135925293,+,+
24.339492797851562,28.59419059753418,identifier,os
104.62814331054688,38.49082946777344,.,.
-3.962325096130371,1.9992104768753052,identifier,path
84.08318328857422,35.39678192138672,.,.
39.05696487426758,37.45590591430664,identifier,join
13.02869701385498,123.8089370727539,(,(
16.288244247436523,-32.424686431884766,identifier,tempdir
-91.33454132080078,27.02431297302246,",",","
22.8303165435791,-54.1291618347168,identifier,filename
-77.49227905273438,122.47811889648438,),)
-90.55323028564453,-94.58226776123047,if,if
18.699758529663086,-50.041526794433594,identifier,username
-162.78662109375,-45.85280227661133,:,:
63.72063446044922,-85.67121124267578,identifier,cmd
31.507530212402344,-13.35367202758789,"""",' --user=%s'
18.42947769165039,-49.86738967895508,identifier,username
-92.37223815917969,-88.98157501220703,if,if
46.57535171508789,-25.078386306762695,identifier,host
-158.99862670898438,-43.34926986694336,:,:
64.23765563964844,-85.63884735107422,identifier,cmd
36.22818374633789,-13.626371383666992,"""",' --host=%s'
46.535675048828125,-25.076152801513672,identifier,host
-93.13184356689453,-88.75397491455078,if,if
47.36138153076172,-24.520811080932617,identifier,port
-155.54905700683594,-41.91694641113281,:,:
64.60153198242188,-85.53316497802734,identifier,cmd
37.05341339111328,-13.601643562316895,"""",' --port=%s'
47.37529373168945,-24.480159759521484,identifier,port
-93.7161865234375,-88.45811462402344,if,if
61.42350769042969,-24.941865921020508,identifier,password
-154.95004272460938,-40.9633674621582,:,:
64.91951751708984,-85.43655395507812,identifier,cmd
44.271751403808594,-11.493550300598145,"""",' --password=%s'
61.60723876953125,-25.02828598022461,identifier,password
65.24715423583984,-85.31306457519531,identifier,cmd
2.052154541015625,-4.356435298919678,"""",' '
-42.06970977783203,28.009258270263672,+,+
61.64121627807617,-34.38112258911133,identifier,dbname
48.51172637939453,-10.370312690734863,identifier,sh
21.73431968688965,100.10205078125,(,(
72.52146911621094,-43.97459411621094,identifier,cmd
-76.73043060302734,149.7501220703125,),)
-28.994340896606445,-163.2600860595703,def,def
-25.195741653442383,-28.961694717407227,identifier,batches
-87.1553955078125,-179.85206604003906,(,(
13.935407638549805,-102.0263442993164,identifier,dataset
-138.89453125,108.5255355834961,),)
-196.91806030273438,-14.216949462890625,:,:
33.24391555786133,-88.62801361083984,identifier,seq_lengths
21.697721481323242,-104.1595230102539,identifier,dataset
127.53734588623047,62.25265121459961,.,.
31.738740921020508,-35.874446868896484,identifier,variables
2.0549793243408203,-19.221120834350586,"""",'seqLengths'
131.51712036132812,61.4008903503418,.,.
96.77094268798828,-33.770355224609375,identifier,data
35.502044677734375,-87.73003387451172,identifier,seq_begins
18.421432495117188,36.045223236083984,identifier,np
87.41427612304688,34.01254653930664,.,.
43.12486267089844,35.852447509765625,identifier,concatenate
18.970945358276367,123.99928283691406,(,(
0.8989145159721375,116.63507843017578,(,(
-93.74882507324219,24.99583625793457,",",","
18.0931339263916,35.069210052490234,identifier,np
88.68390655517578,33.24842071533203,.,.
8.685715675354004,-6.508936882019043,identifier,cumsum
17.522769927978516,130.70391845703125,(,(
34.93364334106445,-62.624168395996094,identifier,seq_lengths
-105.43880462646484,126.30073547363281,),)
-127.84075927734375,-40.07902526855469,:,:
-28.805389404296875,12.720206260681152,-,-
-98.06045532226562,123.54572296142578,),)
-68.73739624023438,108.7613296508789,),)
-37.38133239746094,-156.04029846191406,def,def
-19.248228073120117,-14.044018745422363,identifier,sample
28.447425842285156,141.39657592773438,(,(
-131.89944458007812,108.6608657836914,),)
-175.9617156982422,-36.55067443847656,:,:
47.68532943725586,-83.6647720336914,identifier,chosen
19.27814483642578,34.681697845458984,identifier,np
103.70292663574219,37.73360061645508,.,.
16.769807815551758,-5.831488609313965,identifier,random
88.69380187988281,39.3248176574707,.,.
16.85199546813965,-5.818970203399658,identifier,choice
19.758983612060547,120.66363525390625,(,(
-3.219461441040039,12.388608932495117,identifier,list
16.873641967773438,120.69843292236328,(,(
-10.779607772827148,11.55298900604248,identifier,range
16.329166412353516,120.93866729736328,(,(
-5.954999923706055,53.593990325927734,identifier,len
14.818784713745117,131.40635681152344,(,(
35.12968063354492,-62.57874298095703,identifier,seq_lengths
-100.39078521728516,128.77586364746094,),)
-94.43376159667969,126.50752258300781,),)
-93.98123931884766,126.11163330078125,),)
-86.1477279663086,27.828983306884766,",",","
22.58974838256836,-12.194562911987305,identifier,BATCH_SIZE
-94.6524429321289,45.27338409423828,",",","
-6.142003536224365,-97.990478515625,identifier,replace
-69.10530090332031,121.93122100830078,),)
29.956361770629883,-4.295356273651123,identifier,batch_at
20.58806800842285,111.94258880615234,(,(
22.156843185424805,-104.40005493164062,identifier,dataset
114.76367950439453,41.77471160888672,.,.
31.81529426574707,-35.816871643066406,identifier,variables
35.52028274536133,-16.79142189025879,"""",'inputs'
118.22429656982422,35.697471618652344,.,.
96.81513214111328,-33.05136489868164,identifier,data
-86.00897216796875,37.28211975097656,",",","
22.146678924560547,-104.40119171142578,identifier,dataset
114.81776428222656,41.53430938720703,.,.
31.826303482055664,-35.81538772583008,identifier,variables
35.907772064208984,-16.667150497436523,"""",'targetClasses'
118.29069519042969,35.67831802368164,.,.
96.81451416015625,-33.01930236816406,identifier,data
-85.56499481201172,37.770263671875,",",","
59.69294738769531,-53.27554702758789,identifier,seq_begins
51.99557113647461,-40.1632194519043,identifier,chosen
-84.43253326416016,37.967437744140625,",",","
59.8087043762207,-53.353668212890625,identifier,seq_lengths
52.011077880859375,-40.150203704833984,identifier,chosen
-70.76736450195312,138.88739013671875,),)
47.20428466796875,-11.292441368103027,identifier,sample
-28.469554901123047,-170.5997772216797,def,def
-23.22364616394043,-27.28514289855957,identifier,getPhysicalInterface
-84.09390258789062,-186.01043701171875,(,(
33.754669189453125,-200.0868682861328,identifier,self
-136.04031372070312,18.620546340942383,",",","
7.670499801635742,-92.28711700439453,identifier,physicalInterfaceId
-142.86781311035156,26.157995223999023,",",","
-2.307365894317627,-97.96124267578125,identifier,draft
-136.67796325683594,100.80916595458984,),)
-203.28245544433594,-18.856611251831055,:,:
-90.19164276123047,-111.15241241455078,if,if
23.010976791381836,-66.45519256591797,identifier,draft
-178.94442749023438,-49.8042106628418,:,:
46.9070930480957,-97.51464080810547,identifier,req
13.46295166015625,-39.48820877075195,identifier,ApiClient
100.5975341796875,50.09185791015625,.,.
4.2745466232299805,-29.055418014526367,identifier,onePhysicalInterfaceUrl
2.056692361831665,118.15780639648438,(,(
187.6993408203125,-44.67341995239258,identifier,self
131.94139099121094,55.19459533691406,.,.
-8.109110832214355,-45.07605743408203,identifier,host
-92.5897445678711,21.360254287719727,",",","
3.436913013458252,-13.91231918334961,"""","""/draft"""
-93.2453842163086,23.73101043701172,",",","
26.342905044555664,-58.419166564941406,identifier,physicalInterfaceId
-72.73762512207031,105.65923309326172,),)
-103.7618179321289,-65.89893341064453,else,else
-151.8966064453125,-56.811744689941406,:,:
46.965797424316406,-97.60403442382812,identifier,req
13.468733787536621,-39.48577117919922,identifier,ApiClient
100.57110595703125,50.0341796875,.,.
4.3351616859436035,-29.077213287353516,identifier,onePhysicalInterfaceUrl
2.8387956619262695,118.39248657226562,(,(
193.29977416992188,-41.14878845214844,identifier,self
132.10159301757812,54.374820709228516,.,.
-8.035897254943848,-45.154014587402344,identifier,host
-91.94819641113281,22.718313217163086,",",","
-4.934496879577637,-5.023435115814209,"""",""""""
-92.24455261230469,23.72472381591797,",",","
26.32037353515625,-58.28892135620117,identifier,physicalInterfaceId
-76.1717758178711,114.203857421875,),)
50.284996032714844,-89.0508804321289,identifier,resp
12.090189933776855,-6.596287727355957,identifier,requests
94.78560638427734,46.111915588378906,.,.
2.522031784057617,30.223417282104492,identifier,get
24.232803344726562,120.57892608642578,(,(
47.336669921875,-98.26754760742188,identifier,req
-93.8470458984375,43.727535247802734,",",","
12.90475082397461,-2.7334275245666504,identifier,auth
193.4107208251953,-34.99699401855469,identifier,self
129.2633056640625,48.608707427978516,.,.
19.801660537719727,-24.84800910949707,identifier,credentials
-93.45249938964844,45.43434524536133,",",","
23.57938003540039,-24.06761932373047,identifier,verify
194.44920349121094,-33.5693359375,identifier,self
128.9769744873047,47.31198501586914,.,.
23.588239669799805,-24.05937957763672,identifier,verify
-76.69483184814453,121.5968246459961,),)
-93.57972717285156,-95.14125061035156,if,if
82.69703674316406,-54.89024353027344,identifier,resp
120.74053192138672,47.59401321411133,.,.
38.59663772583008,-23.93423080444336,identifier,status_code
-65.17920684814453,-30.369409561157227,==,==
-160.88002014160156,-46.19779586791992,:,:
184.998291015625,-27.79010009765625,identifier,self
118.39695739746094,70.04650115966797,.,.
72.16069030761719,86.5240478515625,identifier,logger
66.46820068359375,79.91179656982422,.,.
59.80118179321289,83.68596649169922,identifier,debug
44.056270599365234,103.1014175415039,(,(
33.18019104003906,-10.704445838928223,"""","""physical interface retrieved"""
-79.48568725585938,127.65281677246094,),)
-107.977783203125,-65.45795440673828,else,else
-146.524169921875,-53.20042419433594,:,:
37.57490921020508,-4.446288585662842,identifier,ibmiotf
103.15773010253906,27.544504165649414,.,.
34.38453674316406,7.90641975402832,identifier,APIException
36.149269104003906,104.88572692871094,(,(
82.92225646972656,-54.6304931640625,identifier,resp
126.34825897216797,40.384559631347656,.,.
38.6418342590332,-23.921781539916992,identifier,status_code
-83.73712921142578,35.60368728637695,",",","
41.6717529296875,-10.052336692810059,"""","""HTTP error getting a physical interface"""
-77.01566314697266,31.948936462402344,",",","
83.41064453125,-54.06298065185547,identifier,resp
-72.30290985107422,136.9266357421875,),)
83.3228759765625,-54.127010345458984,identifier,resp
80.07856750488281,51.99375915527344,.,.
20.185834884643555,14.114324569702148,identifier,json
48.60610580444336,140.02703857421875,(,(
-81.77681732177734,149.9265594482422,),)
-32.000457763671875,-163.3153533935547,def,def
-27.895143508911133,-23.450159072875977,identifier,_dumps
-81.60945892333984,-182.95411682128906,(,(
14.791831970214844,-98.45794677734375,identifier,obj
-133.2249298095703,19.23617172241211,",",","
3.6677143573760986,-84.16354370117188,identifier,level
-140.64308166503906,105.16935729980469,),)
-198.35757446289062,-15.914796829223633,:,:
42.23197555541992,-92.32099151611328,identifier,lines
14.217172622680664,-116.24211120605469,identifier,indent
1.5407592058181763,-6.785129547119141,"""",'\t'
19.026859283447266,-62.02124786376953,identifier,level
-73.38273620605469,-103.7984390258789,for,for
3.356905460357666,-72.5058822631836,identifier,key
-115.18077087402344,29.776823043823242,",",","
-18.290328979492188,-56.41040802001953,identifier,value
14.926446914672852,-98.52267456054688,identifier,obj
87.73280334472656,49.54221725463867,.,.
9.426843643188477,9.196145057678223,identifier,items
42.111751556396484,145.87074279785156,(,(
-110.61827087402344,132.4412384033203,),)
-170.679443359375,-35.67229080200195,:,:
-92.73387145996094,-106.31155395507812,if,if
-15.491000175476074,24.969783782958984,identifier,isinstance
9.49428653717041,131.58644104003906,(,(
-16.7716007232666,-55.284793853759766,identifier,value
-91.18148040771484,10.26459789276123,",",","
-8.5598726272583,-2.086047410964966,identifier,dict
-108.69341278076172,118.26365661621094,),)
-174.70263671875,-46.1580810546875,:,:
35.94528579711914,-73.5593490600586,identifier,line
14.3455228805542,-116.89226531982422,identifier,indent
-38.59421920776367,27.63530158996582,+,+
8.54951286315918,-12.510083198547363,"""","'""{}""\n'"
38.43720626831055,49.574798583984375,.,.
33.910701751708984,52.48462677001953,identifier,format
17.244853973388672,128.20608520507812,(,(
5.03189754486084,-70.26058959960938,identifier,key
-104.06604766845703,124.7371826171875,),)
-39.465972900390625,26.95047378540039,+,+
14.42473030090332,-117.26396179199219,identifier,indent
-38.29249954223633,27.626745223999023,+,+
13.645381927490234,-11.352361679077148,"""",'{'
59.08444595336914,-91.51117706298828,identifier,lines
81.52177429199219,66.37407684326172,.,.
58.69265365600586,58.07606506347656,identifier,append
32.23908233642578,114.26456451416016,(,(
35.66447448730469,-72.20075225830078,identifier,line
-77.03469848632812,116.17129516601562,),)
59.171016693115234,-91.33368682861328,identifier,lines
80.82814025878906,66.02535247802734,.,.
57.32689666748047,55.52893829345703,identifier,extend
29.983627319335938,114.10189056396484,(,(
21.73626136779785,-5.527528762817383,identifier,_dumps
21.35675811767578,116.30677795410156,(,(
-18.665050506591797,-54.1534423828125,identifier,value
-89.69924926757812,31.270360946655273,",",","
18.882905960083008,-62.02039337158203,identifier,level
-36.30420684814453,23.933473587036133,+,+
-96.91193389892578,127.39704895019531,),)
-71.61125946044922,119.06742858886719,),)
59.484657287597656,-91.14562225341797,identifier,lines
80.50222778320312,66.93646240234375,.,.
59.353782653808594,57.30259704589844,identifier,append
31.25290870666504,112.65109252929688,(,(
14.571762084960938,-117.84844207763672,identifier,indent
-36.05841064453125,26.81492042541504,+,+
14.569670677185059,-10.825090408325195,"""",'}'
-80.0790786743164,126.10193634033203,),)
-106.81394958496094,-68.41165924072266,else,else
-149.0663299560547,-54.260292053222656,:,:
59.560848236083984,-90.994873046875,identifier,lines
79.01871490478516,66.03858947753906,.,.
60.27809524536133,57.35750198364258,identifier,append
29.799699783325195,111.73188781738281,(,(
14.589634895324707,-117.9141616821289,identifier,indent
-36.13307571411133,27.412614822387695,+,+
35.46208953857422,-13.013136863708496,"""","'""{}""'"
39.064449310302734,48.51152420043945,.,.
33.227787017822266,51.62586212158203,identifier,format
13.001423835754395,109.19740295410156,(,(
4.32856559753418,-69.27481079101562,identifier,key
-99.90239715576172,133.34950256347656,),)
-36.724239349365234,28.535816192626953,+,+
36.596431732177734,-14.281634330749512,"""",'\t\t'
-36.998504638671875,29.170734405517578,+,+
36.949798583984375,-12.960551261901855,"""","'""{}""'"
38.55006790161133,48.029991149902344,.,.
33.184810638427734,50.8754997253418,identifier,format
13.126805305480957,108.23241424560547,(,(
-18.988744735717773,-54.23456954956055,identifier,value
-95.21090698242188,134.22889709472656,),)
-69.53091430664062,138.6428680419922,),)
77.48235321044922,-42.32524871826172,identifier,lines
-34.65620040893555,-167.32870483398438,def,def
-22.115760803222656,-21.336090087890625,identifier,__get_or_create
-78.14448547363281,-185.13650512695312,(,(
8.078835487365723,-96.97032928466797,identifier,ns_cache
-190.6335906982422,-10.505716323852539,:,:
-9.998462677001953,-21.145803451538086,identifier,NamespaceMap
-140.0666961669922,33.25292205810547,",",","
-6.213192939758301,-76.68038940429688,identifier,name
-189.22805786132812,-10.921804428100586,:,:
-14.828722953796387,-34.69547653198242,identifier,sym
107.20085144042969,26.325878143310547,.,.
-14.230692863464355,-33.24625778198242,identifier,Symbol
-140.72097778320312,34.25431823730469,",",","
0.641993522644043,-99.40748596191406,identifier,module
-189.51370239257812,-11.927387237548828,:,:
24.007022857666016,7.080014228820801,identifier,types
106.93035125732422,26.23236846923828,.,.
14.33771800994873,-34.98187255859375,identifier,ModuleType
-143.50013732910156,35.034671783447266,",",","
-0.9316775798797607,-90.05547332763672,identifier,core_ns_name
7.167572975158691,-30.718645095825195,identifier,CORE_NS
-142.21353149414062,38.533512115478516,",",","
-138.26173400878906,95.40933990478516,),)
-1.988315224647522,-19.85040283203125,identifier,lmap
106.36797332763672,26.16262435913086,.,.
-9.832966804504395,-18.35368537902832,identifier,Map
-195.11082458496094,-23.884048461914062,:,:
48.81013870239258,-86.48736572265625,identifier,ns
56.95499038696289,-58.26824951171875,identifier,ns_cache
92.0215072631836,50.859310150146484,.,.
17.043201446533203,8.435735702514648,identifier,entry
24.519180297851562,125.34741973876953,(,(
-8.33163833618164,-71.93091583251953,identifier,name
-88.6224365234375,21.861347198486328,",",","
-73.68095397949219,111.02323150634766,),)
-88.56587219238281,-99.5040512084961,if,if
49.006385803222656,-86.54285430908203,identifier,ns
-166.72286987304688,-52.229469299316406,:,:
36.58012008666992,-58.740234375,identifier,ns_cache
47.91689682006836,-80.44220733642578,identifier,new_ns
18.65081787109375,-8.648568153381348,identifier,Namespace
23.56525230407715,118.23692321777344,(,(
-8.517602920532227,-71.32197570800781,identifier,name
-92.8212661743164,43.905216217041016,",",","
22.417848587036133,-44.96118927001953,identifier,module
22.42007064819336,-44.9973258972168,identifier,module
-77.2129898071289,121.62942504882812,),)
-93.21357727050781,-95.78247833251953,if,if
-5.838155269622803,-69.57437133789062,identifier,name
120.42467498779297,46.6213264465332,.,.
-10.997629165649414,-71.88518524169922,identifier,name
-58.54758071899414,-29.43710708618164,!=,!=
38.09730529785156,-49.543643951416016,identifier,core_ns_name
-162.3306427001953,-43.92715072631836,:,:
52.84512710571289,-76.55841064453125,identifier,core_ns
57.552024841308594,-57.65911102294922,identifier,ns_cache
91.30684661865234,43.280426025390625,.,.
17.062768936157227,8.437088966369629,identifier,entry
20.053977966308594,110.66815185546875,(,(
-14.798771858215332,-34.62556076049805,identifier,sym
92.21114349365234,41.2573127746582,.,.
-14.29627799987793,-33.455562591552734,identifier,symbol
19.030467987060547,111.9738540649414,(,(
38.27811813354492,-49.04344940185547,identifier,core_ns_name
-98.82847595214844,132.76797485351562,),)
-80.24154663085938,30.818872451782227,",",","
-75.62901306152344,129.85231018066406,),)
63.60963439941406,-46.173797607421875,identifier,core_ns
-66.29965209960938,29.596481323242188,",",","
41.68811798095703,-9.311870574951172,"""","""Core namespace not loaded yet!"""
69.71097564697266,-51.74628448486328,identifier,new_ns
80.17279815673828,55.27350616455078,.,.
47.61363220214844,-3.029956340789795,identifier,refer_all
28.075117111206055,105.01937866210938,(,(
63.703914642333984,-40.94729232788086,identifier,core_ns
-77.64950561523438,138.6478271484375,),)
66.52049255371094,-50.44806671142578,identifier,ns_cache
81.17818450927734,52.45846939086914,.,.
48.81930923461914,-3.2141995429992676,identifier,assoc
23.75035858154297,100.78116607666016,(,(
-9.660317420959473,-68.6424560546875,identifier,name
-79.12564849853516,37.271488189697266,",",","
66.17798614501953,-38.41258239746094,identifier,new_ns
-76.11885070800781,149.04965209960938,),)
-28.37767219543457,-173.48233032226562,def,def
-23.372535705566406,-21.464275360107422,identifier,_unregister_engine
-84.26287841796875,-183.38327026367188,(,(
34.233482360839844,-198.91317749023438,identifier,self
-134.30128479003906,19.545961380004883,",",","
7.080453395843506,-90.40875244140625,identifier,uid
-138.2794647216797,104.62214660644531,),)
-202.82797241210938,-17.419559478759766,:,:
-93.23882293701172,-110.17365264892578,if,if
-6.042588710784912,56.149574279785156,identifier,len
13.413799285888672,134.90345764160156,(,(
182.65985107421875,-44.89313507080078,identifier,self
125.06623077392578,59.415565490722656,.,.
-8.752272605895996,-32.51008605957031,identifier,targets
-110.78633880615234,123.92793273925781,),)
-65.983642578125,-33.09519577026367,==,==
-178.22152709960938,-52.5655632019043,:,:
180.84535217285156,-39.87929153442383,identifier,self
122.95486450195312,62.439022064208984,.,.
-2.046874761581421,-29.933311462402344,identifier,engine_stream
91.90691375732422,59.16924285888672,.,.
-16.983638763427734,-17.560232162475586,identifier,flush
40.6300163269043,138.11505126953125,(,(
-84.88662719726562,108.99803924560547,),)
36.436729431152344,-84.63436889648438,identifier,idx
187.21449279785156,-41.58919143676758,identifier,self
125.61408233642578,60.8082389831543,.,.
-8.857860565185547,-32.36089324951172,identifier,targets
89.50106811523438,51.675453186035156,.,.
7.1018290519714355,-21.238462448120117,identifier,index
25.659818649291992,130.4432373046875,(,(
30.880386352539062,-51.10322570800781,identifier,uid
-80.46845245361328,109.54182434082031,),)
180.8084716796875,-34.69179916381836,identifier,self
123.09673309326172,60.567161560058594,.,.
-9.021900177001953,-32.164119720458984,identifier,targets
84.09774017333984,64.6983871459961,.,.
7.290047645568848,24.329608917236328,identifier,pop
31.32547378540039,120.89618682861328,(,(
23.452239990234375,-57.75383758544922,identifier,idx
-79.48072052001953,112.79145050048828,),)
181.28355407714844,-34.51984405517578,identifier,self
122.93842315673828,60.5173225402832,.,.
-9.765915870666504,-31.009523391723633,identifier,loads
84.25546264648438,64.64239501953125,.,.
7.412769317626953,24.33814239501953,identifier,pop
31.335124969482422,120.72715759277344,(,(
23.452512741088867,-57.74415969848633,identifier,idx
-75.08751678466797,111.80641174316406,),)
-92.50403594970703,-99.80572509765625,if,if
190.5049591064453,-36.73554229736328,identifier,self
122.8606948852539,53.11678695678711,.,.
20.340129852294922,-9.91026496887207,identifier,pending
30.70234489440918,-50.866432189941406,identifier,uid
-166.49830627441406,-45.22743606567383,:,:
54.11927795410156,-80.55430603027344,identifier,dc
16.739946365356445,-8.14597225189209,identifier,ioloop
103.74320220947266,29.252227783203125,.,.
21.33354949951172,-9.786426544189453,identifier,DelayedCallback
22.006465911865234,120.03315734863281,(,(
-165.22483825683594,-27.781240463256836,:,:
187.62600708007812,-31.160778045654297,identifier,self
101.25424194335938,59.87160110473633,.,.
26.90294075012207,-6.915338516235352,identifier,handle_stranded_tasks
22.211332321166992,114.56301879882812,(,(
31.32647705078125,-50.48750305175781,identifier,uid
-99.32144927978516,131.6825714111328,),)
-85.88395690917969,28.28390884399414,",",","
-86.4430923461914,30.989717483520508,",",","
194.91615295410156,-31.02393913269043,identifier,self
128.82107543945312,46.36604690551758,.,.
29.1324405670166,-10.963489532470703,identifier,loop
-70.5300064086914,125.04483032226562,),)
67.06536102294922,-67.25328063964844,identifier,dc
84.10395812988281,58.44548797607422,.,.
-27.667625427246094,-14.696006774902344,identifier,start
45.18765640258789,138.78817749023438,(,(
-85.08335876464844,119.31043243408203,),)
-107.67542266845703,-67.79743957519531,else,else
-147.81028747558594,-53.313987731933594,:,:
187.07073974609375,-24.70652198791504,identifier,self
108.94792938232422,48.041542053222656,.,.
41.318599700927734,-1.440199375152588,identifier,completed
75.40668487548828,63.90654373168945,.,.
8.129379272460938,24.50311851501465,identifier,pop
27.90769386291504,108.16075134277344,(,(
31.661087036132812,-50.02672576904297,identifier,uid
-72.6782455444336,132.32057189941406,),)
186.6947021484375,-23.838550567626953,identifier,self
108.91085052490234,48.03057098388672,.,.
41.66767883300781,-1.5076403617858887,identifier,failed
75.4200668334961,63.87987518310547,.,.
8.139582633972168,24.506118774414062,identifier,pop
28.13713836669922,108.10811614990234,(,(
31.706193923950195,-49.96343994140625,identifier,uid
-77.9438705444336,148.02862548828125,),)
-33.84416961669922,-163.70404052734375,def,def
-23.019882202148438,-23.593050003051758,identifier,_add_lambda_context_data
-82.3735122680664,-180.20265197753906,(,(
11.156844139099121,-96.01639556884766,identifier,data
-137.89073181152344,105.72842407226562,),)
-201.36907958984375,-17.85234832763672,:,:
5.991591453552246,-32.03671646118164,identifier,_CURRENT_LAMBDA_CONTEXT
49.67849349975586,-104.94898986816406,identifier,context
6.040616035461426,-31.6733341217041,identifier,_CURRENT_LAMBDA_CONTEXT
-87.13764953613281,-105.5929946899414,if,if
50.5292854309082,-105.26190948486328,identifier,context
-174.75381469726562,-53.290714263916016,:,:
-159.3252716064453,-59.26335525512695,:,:
44.35942840576172,-84.21863555908203,identifier,lambda_data
10.078032493591309,-15.148445129394531,"""",'lambda'
-101.20259857177734,-18.906606674194336,:,:
18.992055892944336,-22.409215927124023,"""",'remaining_time_in_millis'
-99.88777923583984,-17.20259666442871,:,:
54.05275344848633,-106.94291687011719,identifier,context
89.38431549072266,45.25896453857422,.,.
18.800079345703125,-22.544349670410156,identifier,get_remaining_time_in_millis
43.11607360839844,143.20718383789062,(,(
-108.7420654296875,136.51657104492188,),)
-95.3753662109375,53.71348190307617,",",","
31.988344192504883,-20.913923263549805,"""",'function_name'
-98.92170715332031,-16.316307067871094,:,:
54.49077606201172,-106.82768249511719,identifier,context
124.9314193725586,44.567569732666016,.,.
28.442699432373047,-22.804845809936523,identifier,function_name
-94.36024475097656,53.196556091308594,",",","
32.590126037597656,-20.17634391784668,"""",'function_version'
-98.33821868896484,-16.27009391784668,:,:
54.7548828125,-106.7395248413086,identifier,context
124.97486877441406,43.97146224975586,.,.
28.73172378540039,-22.414857864379883,identifier,function_version
-93.84300231933594,53.92570114135742,",",","
34.52484130859375,-19.703474044799805,"""",'arn'
-97.732666015625,-16.807607650756836,:,:
54.88902282714844,-106.75556182861328,identifier,context
124.89479064941406,43.11368179321289,.,.
42.378517150878906,-18.550941467285156,identifier,invoked_function_arn
-93.09000396728516,54.009613037109375,",",","
36.054317474365234,-19.74810028076172,"""",'request_id'
-96.86486053466797,-17.505023956298828,:,:
55.06485366821289,-106.68846893310547,identifier,context
123.59410858154297,40.66209411621094,.,.
42.930999755859375,-17.973773956298828,identifier,aws_request_id
-105.12979888916016,47.791297912597656,",",","
-97.14743041992188,-89.29939270019531,if,if
45.94268798828125,-15.932760238647461,"""",'custom'
86.28390502929688,-38.59495162963867,identifier,data
-154.3717803955078,-38.35484313964844,:,:
87.43354797363281,-38.83124542236328,identifier,data
55.94632339477539,-16.792150497436523,"""",'custom'
48.94607162475586,-4.710577964782715,identifier,dict_merge
18.329809188842773,101.41643524169922,(,(
87.19355773925781,-38.770050048828125,identifier,data
55.86731719970703,-17.266956329345703,"""",'custom'
-79.44027709960938,36.534423828125,",",","
68.31306457519531,-35.77738952636719,identifier,lambda_data
-78.07954406738281,140.55699157714844,),)
-111.0181655883789,-66.5838623046875,else,else
-147.7603302001953,-49.117923736572266,:,:
87.51334381103516,-38.84209060668945,identifier,data
56.49577331542969,-16.434814453125,"""",'custom'
68.46161651611328,-35.88288497924805,identifier,lambda_data
34.66162872314453,16.887794494628906,identifier,Exception
-32.80439376831055,-4.68055534362793,identifier,e
-153.85194396972656,-34.634239196777344,:,:
69.76103210449219,88.8750228881836,identifier,log
64.78645324707031,79.4867935180664,.,.
55.575687408447266,83.0617446899414,identifier,exception
41.06706619262695,99.88666534423828,(,(
52.80512237548828,-9.138509750366211,"""","""Exception while adding lambda context data: %r"""
-74.73029327392578,29.88496208190918,",",","
28.571386337280273,-39.42921447753906,identifier,e
-77.25155639648438,143.73471069335938,),)
-149.4952392578125,-49.384376525878906,:,:
54.59894943237305,-5.786033630371094,identifier,_CURRENT_LAMBDA_CONTEXT
-30.126497268676758,-162.49183654785156,def,def
-21.17841148376465,-18.7667293548584,identifier,control_loop
-90.17420196533203,-181.1814727783203,(,(
-142.65269470214844,110.04789733886719,),)
-198.9588165283203,-12.760571479797363,:,:
-3.0539181232452393,-24.98917007446289,identifier,set_service_status
28.981456756591797,132.11209106445312,(,(
73.93984985351562,-9.193964004516602,identifier,Service
113.91751861572266,25.674779891967773,.,.
69.45027160644531,-5.480639457702637,identifier,CAPTURE
-96.68353271484375,23.46717643737793,",",","
72.68660736083984,-9.178072929382324,identifier,ServiceStatus
113.8074722290039,25.963680267333984,.,.
-1.3943830728530884,-16.328693389892578,identifier,IDLE
-79.78502655029297,105.16006469726562,),)
-21.94755744934082,-44.34275817871094,identifier,notify
91.38096618652344,64.1728744506836,.,.
-21.409969329833984,-42.31630325317383,identifier,notify
45.89043045043945,107.89727020263672,(,(
3.688964605331421,-16.618988037109375,"""",'READY=1'
-80.22686767578125,103.3228530883789,),)
-21.942607879638672,-44.33957290649414,identifier,notify
91.22443389892578,64.30001068115234,.,.
-21.39360809326172,-42.302982330322266,identifier,notify
45.82590866088867,108.49234008789062,(,(
5.717928886413574,-17.18219566345215,"""",'STATUS=Waiting'
-73.80921173095703,107.39066314697266,),)
-79.1894760131836,-105.88452911376953,while,while
12.110441207885742,-17.557905197143555,identifier,terminate
36.725345611572266,142.90359497070312,(,(
-110.04329681396484,130.7007598876953,),)
-169.74952697753906,-37.78094482421875,:,:
-21.942344665527344,-44.341957092285156,identifier,notify
90.95673370361328,64.36590576171875,.,.
-21.39768409729004,-42.318077087402344,identifier,notify
45.722679138183594,108.6645736694336,(,(
13.188764572143555,-15.343317031860352,"""",'WATCHDOG=1'
-78.82038116455078,115.79609680175781,),)
49.24403381347656,-83.41636657714844,identifier,event
9.82071304321289,-21.453432083129883,identifier,get_session
38.7917366027832,147.495361328125,(,(
-111.8848648071289,137.73300170898438,),)
94.21784973144531,47.101287841796875,.,.
16.56955337524414,-2.0477702617645264,identifier,query
27.8156681060791,118.4456558227539,(,(
29.211332321166992,-33.42726516723633,identifier,UpcomingEvent
-101.2338638305664,119.7547607421875,),)
73.85437774658203,45.73179244995117,.,.
17.64818572998047,-0.36497732996940613,identifier,filter
28.334320068359375,116.87220001220703,(,(
29.342552185058594,-33.50376510620117,identifier,UpcomingEvent
117.5220947265625,45.325233459472656,.,.
26.61661148071289,-13.50433349609375,identifier,start
20.529382705688477,9.510722160339355,identifier,timestamp
46.077632904052734,147.41343688964844,(,(
-107.70515441894531,138.5095977783203,),)
-88.96949768066406,126.9072494506836,),)
73.84150695800781,45.616607666015625,.,.
17.663280487060547,-0.3441324234008789,identifier,filter
28.372211456298828,116.7533950805664,(,(
29.427980422973633,-33.54230499267578,identifier,UpcomingEvent
117.4024887084961,45.28453063964844,.,.
26.791677474975586,-13.496557235717773,identifier,end
-52.23443603515625,-29.029714584350586,>,>
20.532337188720703,9.511945724487305,identifier,timestamp
46.102821350097656,147.34463500976562,(,(
-107.62323760986328,138.51370239257812,),)
-88.9539794921875,127.00489044189453,),)
73.82876586914062,44.89466094970703,.,.
73.04150390625,44.20138931274414,identifier,first
45.2662239074707,139.9883575439453,(,(
-85.93667602539062,119.19112396240234,),)
-91.65113067626953,-91.10646057128906,if,if
51.332523345947266,-61.08915328979492,identifier,event
-158.46633911132812,-40.72796630859375,:,:
31.872745513916016,-3.627329111099243,identifier,safe_start_capture
25.205698013305664,107.1784896850586,(,(
51.382728576660156,-60.97312545776367,identifier,event
-73.20174407958984,132.51290893554688,),)
31.7362117767334,25.642187118530273,identifier,time
74.75872802734375,60.45090103149414,.,.
41.16811752319336,9.857147216796875,identifier,sleep
31.860637664794922,107.06481170654297,(,(
-76.23975372314453,136.19454956054688,),)
72.73146057128906,87.41905975341797,identifier,logger
66.82328033447266,78.46680450439453,.,.
59.31287384033203,85.73280334472656,identifier,info
42.81879806518555,100.53473663330078,(,(
45.50088119506836,-8.992904663085938,"""",'Shutting down capture service'
-73.6534652709961,141.9155731201172,),)
52.42390060424805,-4.350453853607178,identifier,set_service_status
26.641942977905273,101.16316986083984,(,(
73.91370391845703,-9.197890281677246,identifier,Service
116.95038604736328,27.944826126098633,.,.
69.43229675292969,-5.4962382316589355,identifier,CAPTURE
-76.8170394897461,38.135990142822266,",",","
72.66734313964844,-9.183886528015137,identifier,ServiceStatus
116.53978729248047,28.04082489013672,.,.
50.233890533447266,-11.749488830566406,identifier,STOPPED
-75.77490234375,148.06275939941406,),)
-29.870128631591797,-173.71397399902344,def,def
-21.534833908081055,-22.38157081604004,identifier,_enforce_no_overlap
-83.95518493652344,-181.9491729736328,(,(
37.71706771850586,-198.5588836669922,identifier,self
-142.48301696777344,25.37179183959961,",",","
-0.7821975350379944,-96.67074584960938,identifier,start_at
-137.58653259277344,100.3319320678711,),)
-200.4842987060547,-19.498197555541992,:,:
4.835073947906494,-51.397377014160156,identifier,i
23.1959285736084,-63.38654708862305,identifier,start_at
-79.27745056152344,-106.57518768310547,while,while
5.242814540863037,-51.459129333496094,identifier,i
-36.30537414550781,20.995018005371094,+,+
-50.383689880371094,-26.886219024658203,<,<
-5.357972621917725,55.245540618896484,identifier,len
14.760937690734863,134.74615478515625,(,(
185.70938110351562,-44.4267578125,identifier,self
126.01441192626953,59.29199981689453,.,.
96.81647491455078,-35.53912353515625,identifier,data
-109.57144165039062,120.17326354980469,),)
-170.6578826904297,-34.95379638671875,:,:
-94.08258819580078,-105.8939437866211,if,if
191.11122131347656,-40.64929962158203,identifier,self
136.5885009765625,52.273170471191406,.,.
96.9561996459961,-36.288543701171875,identifier,data
8.835405349731445,-52.300804138183594,identifier,i
191.65213012695312,-41.84888458251953,identifier,self
136.2142791748047,51.98738479614258,.,.
97.19296264648438,-36.40266418457031,identifier,data
8.071396827697754,-51.41546630859375,identifier,i
-35.591949462890625,21.45563507080078,+,+
-171.1519775390625,-43.4483528137207,:,:
-95.25386047363281,-100.46797943115234,if,if
191.78350830078125,-39.6380500793457,identifier,self
136.82423400878906,51.25885772705078,.,.
97.10392761230469,-36.99128723144531,identifier,data
8.490463256835938,-52.444366455078125,identifier,i
-51.67292022705078,-27.459251403808594,<,<
196.48851013183594,-35.885169982910156,identifier,self
136.31173706054688,50.8886604309082,.,.
97.57685852050781,-36.95061111450195,identifier,data
7.694052219390869,-51.55205535888672,identifier,i
-35.406654357910156,21.815113067626953,+,+
-164.6342010498047,-45.387611389160156,:,:
183.38836669921875,-29.435794830322266,identifier,self
137.18887329101562,50.165950775146484,.,.
97.29293060302734,-37.611236572265625,identifier,data
8.198558807373047,-52.5806884765625,identifier,i
193.97308349609375,-30.03249168395996,identifier,self
136.59776306152344,50.146968841552734,.,.
97.7211685180664,-37.37083435058594,identifier,data
7.431769847869873,-51.69587707519531,identifier,i
-35.15384292602539,22.065006256103516,+,+
193.8286590576172,-29.622636795043945,identifier,self
136.9748992919922,49.68853759765625,.,.
97.81282806396484,-37.62774658203125,identifier,data
6.989253044128418,-51.58572006225586,identifier,i
-34.90388107299805,22.18661117553711,+,+
6.13134765625,-50.596099853515625,identifier,i
-23.782087326049805,-169.86495971679688,def,def
-26.856761932373047,-16.924468994140625,identifier,finish
-88.77024841308594,-184.54373168945312,(,(
30.968116760253906,-202.0836944580078,identifier,self
-139.6388397216797,109.59803009033203,),)
-203.82427978515625,-14.876832008361816,:,:
-92.02064514160156,-112.23930358886719,if,if
180.92201232910156,-45.9415283203125,identifier,self
121.83307647705078,57.65495300292969,.,.
-8.0668363571167,-29.022729873657227,identifier,finished
-179.378173828125,-52.170806884765625,:,:
183.41502380371094,-46.77146530151367,identifier,self
130.214599609375,59.149749755859375,.,.
8.071322441101074,-38.58169937133789,identifier,exit_code
-3.0037589073181152,-25.479095458984375,identifier,checkpoint_status
184.54019165039062,-45.30706787109375,identifier,self
95.27983856201172,56.829193115234375,.,.
-2.223483085632324,-26.072546005249023,identifier,checkpoint
38.845481872558594,139.4315948486328,(,(
-83.56318664550781,108.77554321289062,),)
178.09735107421875,-33.98610305786133,identifier,self
116.69635772705078,55.075740814208984,.,.
8.789200782775879,-38.71440505981445,identifier,exit_code
188.58929443359375,-45.64143753051758,identifier,self
114.3125228881836,67.56645202636719,.,.
8.307168006896973,-38.182071685791016,identifier,_exit_code
39.95891189575195,140.79551696777344,(,(
-84.9241943359375,111.48516845703125,),)
-87.97784423828125,-102.6033706665039,if,if
190.48826599121094,-39.92264938354492,identifier,self
119.4354019165039,57.48249053955078,.,.
9.913352012634277,-39.65082931518555,identifier,exit_code
-56.575931549072266,-29.32404327392578,!=,!=
-172.7528839111328,-51.676055908203125,:,:
29.838306427001953,9.612608909606934,identifier,TeradataPTError
41.3380012512207,107.26873779296875,(,(
15.153374671936035,-15.97687816619873,"""","""BulkLoad job finished with return code '{}'"""
38.03535842895508,50.35371398925781,.,.
35.22096252441406,51.88874435424805,identifier,format
14.471392631530762,126.36988067626953,(,(
196.54360961914062,-37.45621109008789,identifier,self
131.36065673828125,51.172767639160156,.,.
10.17336654663086,-39.84690475463867,identifier,exit_code
-98.71908569335938,126.47037506103516,),)
-67.93936920166016,117.65179443359375,),)
-92.83354187011719,-96.83061981201172,if,if
190.24801635742188,-35.431640625,identifier,self
120.61273956298828,52.931495666503906,.,.
26.742856979370117,-11.039196968078613,identifier,applied_count
-51.93939971923828,-32.16196823120117,>,>
-163.1939239501953,-46.66620635986328,:,:
184.76055908203125,-29.51640510559082,identifier,self
106.1641845703125,60.03353500366211,.,.
27.11357307434082,-3.346418857574463,identifier,_end_acquisition
43.66145706176758,137.89849853515625,(,(
-81.51463317871094,120.00015258789062,),)
182.7128448486328,-28.012027740478516,identifier,self
106.34466552734375,60.08304977416992,.,.
27.377944946289062,-3.5274641513824463,identifier,_apply_rows
43.95759963989258,137.96481323242188,(,(
-81.91857147216797,120.17478942871094,),)
181.47735595703125,-25.81565284729004,identifier,self
110.6556167602539,53.38380432128906,.,.
38.453487396240234,-29.26432228088379,identifier,exit_code
193.25672912597656,-28.070011138916016,identifier,self
108.95728302001953,62.77372741699219,.,.
38.33755874633789,-28.365821838378906,identifier,_exit_code
46.45835876464844,140.8243865966797,(,(
-85.3292465209961,120.44212341308594,),)
-96.64570617675781,-91.3836898803711,if,if
195.78941345214844,-23.04413604736328,identifier,self
130.18202209472656,39.673301696777344,.,.
39.04524230957031,-29.6978702545166,identifier,exit_code
-57.19437789916992,-28.117128372192383,!=,!=
-153.43624877929688,-41.4799919128418,:,:
31.20606231689453,8.995976448059082,identifier,TeradataPTError
38.45242691040039,102.52935028076172,(,(
44.787452697753906,-10.097982406616211,"""","""BulkLoad job finished with return code '{}'"""
37.352867126464844,48.329856872558594,.,.
34.016414642333984,50.25709533691406,identifier,format
12.05669116973877,107.39942169189453,(,(
194.5288848876953,-21.2293701171875,identifier,self
128.81246948242188,39.333621978759766,.,.
58.38520812988281,-27.447248458862305,identifier,exit_code
-94.18769073486328,135.19175720214844,),)
-71.45169830322266,140.81710815429688,),)
187.28208923339844,-19.035181045532227,identifier,self
106.58837890625,52.74427795410156,.,.
58.57965850830078,-7.6621994972229,identifier,finished
191.0828399658203,-19.265981674194336,identifier,self
128.4290771484375,35.35787582397461,.,.
58.49430847167969,-27.39101219177246,identifier,exit_code
-33.34762954711914,-166.0307159423828,def,def
-25.460670471191406,-25.05180549621582,identifier,uncompress_file
-79.55457305908203,-183.59861755371094,(,(
6.930585861206055,-92.6570053100586,identifier,input_file_name
-134.11822509765625,25.730224609375,",",","
4.697035789489746,-93.38177490234375,identifier,file_extension
-134.70831298828125,27.97214126586914,",",","
1.8473538160324097,-89.87152099609375,identifier,dest_dir
-136.92129516601562,101.9745864868164,),)
-204.98251342773438,-18.05988311767578,:,:
-92.47163391113281,-108.95347595214844,if,if
28.480777740478516,-66.3610610961914,identifier,file_extension
82.72334289550781,41.7167854309082,.,.
8.30517864227295,15.803144454956055,identifier,lower
43.13941955566406,148.65786743164062,(,(
-113.46479797363281,132.94203186035156,),)
-1.078563928604126,115.69508361816406,(,(
3.7881417274475098,-9.03607177734375,"""",'.gz'
-99.136962890625,20.586183547973633,",",","
3.9090213775634766,-9.086710929870605,"""",'.bz2'
-108.21028137207031,116.06068420410156,),)
-174.4259490966797,-51.976158142089844,:,:
30.902372360229492,12.153047561645508,identifier,NotImplementedError
40.680538177490234,107.40612030029297,(,(
14.711494445800781,-15.580164909362793,"""","""Received {} format. Only gz and bz2 """
16.791873931884766,-14.91880989074707,"""","""files can currently be uncompressed."""
37.95283508300781,51.0704231262207,.,.
35.08338928222656,52.48017883300781,identifier,format
14.138586044311523,126.39653015136719,(,(
35.768699645996094,-53.441673278808594,identifier,file_extension
-98.81697845458984,127.23825073242188,),)
-67.73802185058594,118.22991943359375,),)
-93.72408294677734,-96.32879638671875,if,if
48.80012130737305,-59.7686882019043,identifier,file_extension
83.23633575439453,42.28336715698242,.,.
8.6913480758667,15.917756080627441,identifier,lower
43.648834228515625,148.71340942382812,(,(
-106.40711975097656,133.9294891357422,),)
-64.61248016357422,-29.976587295532227,==,==
33.11787414550781,-14.965682983398438,"""",'.gz'
-161.263916015625,-46.98832702636719,:,:
55.18932342529297,-77.22044372558594,identifier,fmodule
40.29316711425781,4.106654167175293,identifier,gzip
107.24392700195312,30.215600967407227,.,.
39.45555114746094,3.6552131175994873,identifier,GzipFile
-103.49476623535156,-73.33760070800781,elif,elif
48.89390182495117,-59.72599792480469,identifier,file_extension
83.38697814941406,42.36648941040039,.,.
8.811087608337402,15.961668014526367,identifier,lower
43.83553695678711,148.75689697265625,(,(
-105.9656753540039,134.05357360839844,),)
-64.44037628173828,-28.89453125,==,==
33.28388214111328,-14.951491355895996,"""",'.bz2'
-155.194091796875,-43.24846267700195,:,:
55.66497039794922,-76.91881561279297,identifier,fmodule
40.35488510131836,4.014532566070557,identifier,bz2
107.7528305053711,30.432092666625977,.,.
39.5412712097168,3.582674980163574,identifier,BZ2File
65.19722747802734,-23.32501983642578,identifier,fmodule
20.88909149169922,102.78427124023438,(,(
62.100311279296875,-35.794471740722656,identifier,input_file_name
-83.3014144897461,49.116455078125,",",","
73.53972625732422,-1.7431691884994507,identifier,mode
48.79810333251953,5.559482097625732,"""",'rb'
-84.0646743774414,138.4775848388672,),)
75.89714050292969,-30.470521926879883,identifier,f_compressed
-79.6181640625,45.372066497802734,",",","
48.61092758178711,-7.51057243347168,identifier,NamedTemporaryFile
20.813819885253906,95.89836883544922,(,(
62.72299575805664,-22.002927780151367,identifier,dir
64.00666046142578,-32.35603332519531,identifier,dest_dir
-82.26779174804688,50.85892105102539,",",","
73.40152740478516,-1.8399571180343628,identifier,mode
48.83644104003906,5.54758358001709,"""",'wb'
-82.3810043334961,51.47893142700195,",",","
51.62141418457031,0.5948494672775269,identifier,delete
-83.14884185791016,139.12940979003906,),)
75.81804656982422,-30.553022384643555,identifier,f_uncompressed
-154.00283813476562,-34.54716873168945,:,:
55.902992248535156,-4.129777908325195,identifier,shutil
96.31452178955078,33.86610412597656,.,.
55.35820007324219,-4.098028659820557,identifier,copyfileobj
25.636180877685547,96.63094329833984,(,(
73.57913970947266,-32.53715896606445,identifier,f_compressed
-75.20279693603516,42.461917877197266,",",","
73.44963073730469,-32.48316192626953,identifier,f_uncompressed
-77.56584930419922,143.33038330078125,),)
74.21435546875,-32.96590042114258,identifier,f_uncompressed
122.71601104736328,32.820682525634766,.,.
-13.30024528503418,-71.38166809082031,identifier,name
-26.834339141845703,-169.75204467773438,def,def
-22.11299705505371,-20.336185455322266,identifier,resolves_for
-85.8326187133789,-184.3338623046875,(,(
33.30135726928711,-200.70814514160156,identifier,self
-133.44223022460938,18.06192398071289,",",","
12.745406150817871,-101.12894439697266,identifier,session
-140.02760314941406,105.58023834228516,),)
-202.58140563964844,-16.5633602142334,:,:
-91.79683685302734,-111.35004425048828,if,if
181.88058471679688,-46.013973236083984,identifier,self
122.40945434570312,57.4466438293457,.,.
-2.779015064239502,-33.687713623046875,identifier,url
-179.4319610595703,-49.95885467529297,:,:
178.43898010253906,-37.33648681640625,identifier,self
116.61682891845703,55.57941436767578,.,.
7.445798873901367,-41.23932647705078,identifier,actual_path
21.62657356262207,-107.54234313964844,identifier,session
128.32888793945312,56.76172637939453,.,.
2.866682767868042,-31.58224105834961,identifier,current_url
-104.76687622070312,-64.57215881347656,else,else
-152.25509643554688,-57.19013595581055,:,:
45.07284164428711,-93.95777130126953,identifier,result
2.7274515628814697,-23.56838607788086,identifier,urlparse
26.372390747070312,129.23605346679688,(,(
21.618419647216797,-107.5511474609375,identifier,session
127.78567504882812,56.11516571044922,.,.
2.8635098934173584,-31.614280700683594,identifier,current_url
-76.72388458251953,107.44853973388672,),)
-91.0441665649414,-104.12163543701172,if,if
188.3619384765625,-39.5275993347168,identifier,self
122.36811828613281,55.55953598022461,.,.
9.396488189697266,-27.66270637512207,identifier,only_path
-174.1383819580078,-49.40696334838867,:,:
180.0009765625,-34.84840393066406,identifier,self
116.14818572998047,55.4576530456543,.,.
7.4604644775390625,-41.22220230102539,identifier,actual_path
75.84514617919922,-70.77079010009766,identifier,result
127.26082611083984,52.093204498291016,.,.
0.9083065390586853,-47.33747863769531,identifier,path
-104.6651840209961,-65.53327941894531,else,else
-152.0626220703125,-56.097293853759766,:,:
44.60004806518555,-82.59622955322266,identifier,request_uri
75.81079864501953,-70.65120697021484,identifier,result
127.14274597167969,51.73579406738281,.,.
0.9066817164421082,-47.33799362182617,identifier,path
-89.44609069824219,-98.13048553466797,if,if
75.8527603149414,-70.2602310180664,identifier,result
122.08605194091797,51.943450927734375,.,.
16.110187530517578,-2.7993268966674805,identifier,query
-166.46505737304688,-46.407894134521484,:,:
57.90911102294922,-84.50505828857422,identifier,request_uri
16.039344787597656,-12.53394889831543,"""","""?{0}"""
39.03326416015625,49.81037521362305,.,.
34.18733596801758,51.74473571777344,identifier,format
14.230381965637207,124.71561431884766,(,(
75.64991760253906,-70.77924346923828,identifier,result
124.17935943603516,46.8530158996582,.,.
16.102052688598633,-2.8300468921661377,identifier,query
-75.3712387084961,121.40967559814453,),)
181.3911590576172,-28.0996150970459,identifier,self
111.85836029052734,53.18497848510742,.,.
36.70035934448242,-29.970626831054688,identifier,actual_path
44.07951354980469,-54.827537536621094,identifier,request_uri
-93.45171356201172,-92.90343475341797,if,if
27.412221908569336,-9.11864185333252,identifier,isregex
8.00230598449707,126.15045166015625,(,(
195.3315887451172,-29.80547523498535,identifier,self
128.9884490966797,42.78263473510742,.,.
36.46223449707031,-31.969694137573242,identifier,expected_path
-102.53829956054688,115.66352081298828,),)
-157.9716796875,-45.173091888427734,:,:
190.49847412109375,-27.65105438232422,identifier,self
129.78289794921875,41.716102600097656,.,.
37.0429801940918,-31.88568878173828,identifier,expected_path
83.00886535644531,48.676490783691406,.,.
54.43301010131836,7.376029968261719,identifier,search
20.801950454711914,109.10332489013672,(,(
194.52798461914062,-25.99821662902832,identifier,self
128.18997192382812,40.192588806152344,.,.
54.12281799316406,-30.812856674194336,identifier,actual_path
-78.8393783569336,132.8430633544922,),)
-108.3226547241211,-66.42024230957031,else,else
-146.6344451904297,-52.317440032958984,:,:
47.32859420776367,-0.061016976833343506,identifier,normalize_url
18.892963409423828,105.5119857788086,(,(
194.26321411132812,-23.084074020385742,identifier,self
128.70169067382812,38.67719650268555,.,.
54.34046173095703,-30.80888557434082,identifier,actual_path
-99.53075408935547,135.89215087890625,),)
-60.65644454956055,-27.19710922241211,==,==
47.42501449584961,-0.24097323417663574,identifier,normalize_url
18.864662170410156,105.1041488647461,(,(
193.96954345703125,-22.131153106689453,identifier,self
128.6499481201172,38.84873962402344,.,.
54.54615783691406,-30.640892028808594,identifier,expected_path
-78.26943969726562,149.18997192382812,),)
-24.92731475830078,-169.92164611816406,def,def
-28.397232055664062,-18.961341857910156,identifier,acquire
-88.89225006103516,-183.68019104003906,(,(
32.19915008544922,-201.7388458251953,identifier,self
-140.92759704589844,109.8338851928711,),)
-200.32249450683594,-13.131125450134277,:,:
178.5295867919922,-41.44193649291992,identifier,self
95.770263671875,59.8422737121582,.,.
-27.6055908203125,-14.908772468566895,identifier,start
31.114276885986328,127.45396423339844,(,(
-4.580376148223877,-23.846708297729492,identifier,test_connection
-74.85945892333984,104.89561462402344,),)
-79.20154571533203,-106.34194946289062,while,while
-171.7663116455078,-33.99609375,:,:
34.39035415649414,-88.5897216796875,identifier,str_response
-113.55337524414062,27.179929733276367,",",","
-6.3375020027160645,-85.42491149902344,identifier,retries
184.4984893798828,-39.68336868286133,identifier,self
112.40811157226562,67.51971435546875,.,.
4.228538990020752,-26.127857208251953,identifier,_req_rep_retry
27.147624969482422,128.82298278808594,(,(
17.862380981445312,-37.464111328125,identifier,LockerServer
113.95753479003906,24.068485260009766,.,.
11.670751571655273,-31.833797454833984,identifier,LOCK
-79.27674102783203,107.88787078857422,),)
49.35939025878906,-89.8623046875,identifier,response
31.38530731201172,-64.23556518554688,identifier,str_response
80.44285583496094,42.742427825927734,.,.
51.43111038208008,29.380229949951172,identifier,split
33.97768020629883,125.9526596069336,(,(
18.072011947631836,-37.81202697753906,identifier,LockerServer
114.34779357910156,23.962251663208008,.,.
13.244636535644531,-18.835346221923828,identifier,DELIMITER
-74.80537414550781,110.7111587524414,),)
-91.07188415527344,-100.07978057861328,if,if
81.02944946289062,-65.35384368896484,identifier,response
-62.47663497924805,-31.948671340942383,==,==
18.293685913085938,-38.027252197265625,identifier,LockerServer
116.776123046875,24.280288696289062,.,.
12.666953086853027,-14.81330394744873,identifier,GO
-165.6553497314453,-51.283355712890625,:,:
-101.9775161743164,-72.76976013183594,elif,elif
81.0819320678711,-65.20352935791016,identifier,response
-62.865203857421875,-30.631790161132812,==,==
18.53203010559082,-38.24326705932617,identifier,LockerServer
116.8105239868164,24.509309768676758,.,.
23.163665771484375,-13.253329277038574,identifier,LOCK_ERROR
-76.98200988769531,-64.41353607177734,and,and
18.049705505371094,-69.90776824951172,identifier,retries
-51.916259765625,-32.10102462768555,>,>
-161.20936584472656,-45.481021881103516,:,:
184.86753845214844,-27.84978485107422,identifier,self
110.98655700683594,61.093238830566406,.,.
71.47901153564453,85.72755432128906,identifier,_logger
66.20484924316406,80.17545318603516,.,.
56.74386978149414,83.18826293945312,identifier,error
42.18781661987305,103.9331283569336,(,(
44.58517074584961,-50.445552825927734,identifier,str_response
-35.314796447753906,28.4255313873291,+,+
34.88127899169922,-10.511242866516113,"""",'; Probably due to retry'
-68.17671966552734,132.02398681640625,),)
-103.93632507324219,-73.65923309326172,elif,elif
81.13629913330078,-65.01940155029297,identifier,response
-62.503360748291016,-29.226825714111328,==,==
18.801939010620117,-38.41754913330078,identifier,LockerServer
116.81453704833984,26.225200653076172,.,.
43.95878219604492,-12.939604759216309,identifier,WAIT
-154.4110107421875,-40.05718994140625,:,:
31.79317855834961,25.62473487854004,identifier,time
74.76728057861328,60.35386657714844,.,.
41.174461364746094,9.85023021697998,identifier,sleep
31.292524337768555,106.7598876953125,(,(
192.84812927246094,-23.29055404663086,identifier,self
125.77611541748047,36.27646255493164,.,.
45.127384185791016,-12.872944831848145,identifier,SLEEP
-79.1913070678711,138.3393096923828,),)
-110.27041625976562,-66.42269897460938,else,else
-145.77772521972656,-50.14253234863281,:,:
34.08344650268555,11.705653190612793,identifier,RuntimeError
38.936737060546875,103.91757202148438,(,(
46.64641571044922,-9.852684020996094,"""",'Response `%s` not understood'
85.65070343017578,-51.265602111816406,identifier,response
-75.48088073730469,148.62744140625,),)
-29.869977951049805,-165.06845092773438,def,def
-26.537294387817383,-18.423917770385742,identifier,down
-81.38066101074219,-188.97747802734375,(,(
8.692557334899902,-92.5516586303711,identifier,auth_token
-136.77474975585938,22.882604598999023,",",","
-15.680334091186523,-91.57720184326172,identifier,force
-133.0166473388672,23.22066879272461,",",","
5.568986415863037,-90.33899688720703,identifier,app_name
-138.09715270996094,102.56307983398438,),)
-203.83839416503906,-17.6247501373291,:,:
-94.56401824951172,-110.50379180908203,if,if
27.338375091552734,-68.65975952148438,identifier,app_name
-179.19607543945312,-50.90304183959961,:,:
78.2496566772461,8.320208549499512,identifier,click
69.51714324951172,77.65837860107422,.,.
58.290645599365234,75.15339660644531,identifier,echo
44.64923095703125,107.28460693359375,(,(
4.438198566436768,-17.451656341552734,"""",'WARNING: Inferring the app name when deleting is deprecated. '
5.369223594665527,-17.869943618774414,"""","'Starting with happy 2.0, the app_name parameter will be required.'"
-67.93317413330078,110.85746002197266,),)
44.2002067565918,-79.69013214111328,identifier,app_name
43.88945770263672,-63.05306625366211,identifier,app_name
-70.61138916015625,-60.203670501708984,or,or
13.09438705444336,-22.55316925048828,identifier,_read_app_name
41.786258697509766,141.7052001953125,(,(
-84.36125183105469,115.55926513671875,),)
-90.82917022705078,-97.2191162109375,if,if
44.39678955078125,-62.94010543823242,identifier,app_name
-165.27041625976562,-47.637699127197266,:,:
78.19120788574219,8.244482040405273,identifier,click
68.99137878417969,76.67168426513672,.,.
58.376251220703125,75.2070083618164,identifier,echo
43.592098236083984,104.24614715576172,(,(
18.970924377441406,-14.187596321105957,"""",'No app name given.'
-64.2630844116211,118.89116668701172,),)
26.005990982055664,23.512929916381836,identifier,sys
71.42425537109375,73.99602508544922,.,.
22.604751586914062,18.761306762695312,identifier,exit
33.058109283447266,110.531494140625,(,(
-79.30091094970703,126.2579345703125,),)
-92.46400451660156,-93.36151885986328,if,if
-15.709267616271973,-91.55872344970703,identifier,force
-160.67642211914062,-42.67182540893555,:,:
78.17340850830078,8.264470100402832,identifier,click
69.6635971069336,75.78105926513672,.,.
33.94671630859375,-8.60448169708252,identifier,confirm
41.67356491088867,103.1491470336914,(,(
34.313602447509766,-9.341691970825195,"""",'Are you sure you want to delete %s?'
37.25043869018555,-48.18832778930664,identifier,app_name
-85.7317886352539,46.480873107910156,",",","
38.448814392089844,-8.699762344360352,identifier,abort
-105.75823211669922,47.763206481933594,",",","
-70.53753662109375,135.00860595703125,),)
78.64092254638672,-20.131847381591797,identifier,happy
78.48690795898438,-19.63286018371582,identifier,Happy
18.985654830932617,95.76416778564453,(,(
56.93313980102539,-35.56060028076172,identifier,auth_token
56.99585723876953,-35.667823791503906,identifier,auth_token
-74.00047302246094,136.4259033203125,),)
78.2486801147461,7.754558086395264,identifier,click
67.00801086425781,76.26504516601562,.,.
58.58967590332031,75.36822509765625,identifier,echo
42.464942932128906,99.63691711425781,(,(
45.86293411254883,-9.974302291870117,"""",'Destroying app %s... '
62.674072265625,-34.524288177490234,identifier,app_name
-84.39965057373047,47.57862854003906,",",","
44.60813903808594,-6.93066930770874,identifier,nl
-74.3715591430664,139.51287841796875,),)
78.6688232421875,-20.261425018310547,identifier,happy
80.16957092285156,54.21396255493164,.,.
51.58238983154297,0.5095230937004089,identifier,delete
25.606426239013672,100.0340347290039,(,(
62.918399810791016,-33.28121566772461,identifier,app_name
63.620704650878906,-33.83951187133789,identifier,app_name
-79.57264709472656,141.58982849121094,),)
53.61894226074219,-5.287506580352783,identifier,_delete_app_name_file
46.29617691040039,134.428955078125,(,(
-81.55242156982422,142.87985229492188,),)
78.20792388916016,7.300356864929199,identifier,click
66.64234161376953,75.20418548583984,.,.
59.13868713378906,75.73190307617188,identifier,echo
41.45103454589844,98.15264892578125,(,(
52.4976806640625,-10.292234420776367,"""",'done'
-81.47002410888672,142.57684326171875,),)
78.20223236083984,7.22895622253418,identifier,click
66.61910247802734,75.17630767822266,.,.
59.134117126464844,75.73566436767578,identifier,echo
41.534629821777344,98.27571868896484,(,(
52.87958526611328,-9.357793807983398,"""","""It's down. :("""
-76.29230499267578,145.2808380126953,),)
-31.653587341308594,-165.1900177001953,def,def
-20.912044525146484,-26.51817512512207,identifier,imap_unordered
-79.55162811279297,-185.33993530273438,(,(
13.970974922180176,-93.09624481201172,identifier,requests
-139.1872100830078,22.838665008544922,",",","
12.070162773132324,-79.54783630371094,identifier,stream
-145.53765869140625,28.2058048248291,",",","
-0.20526021718978882,-95.19590759277344,identifier,pool
-144.21035766601562,30.941608428955078,",",","
2.317085027694702,-84.46751403808594,identifier,size
-144.95440673828125,32.53215408325195,",",","
-2.4329049587249756,-93.97882080078125,identifier,exception_handler
-134.6002960205078,97.22380828857422,),)
-205.42471313476562,-20.90794563293457,:,:
-37.18406295776367,-156.56085205078125,def,def
-16.509140014648438,-10.67743968963623,identifier,send
-82.91091918945312,-175.2035369873047,(,(
2.070699691772461,-62.49547576904297,identifier,r
-133.24908447265625,107.6067886352539,),)
-177.0835723876953,-35.54887008666992,:,:
1.0882140398025513,-62.46333312988281,identifier,r
92.1500473022461,56.837345123291016,.,.
-16.491107940673828,-10.664996147155762,identifier,send
29.962657928466797,127.21368408203125,(,(
12.399089813232422,-79.0124740600586,identifier,stream
12.43173885345459,-78.9590072631836,identifier,stream
-79.2895278930664,108.58138275146484,),)
32.50733947753906,-76.05126190185547,identifier,pool
32.192771911621094,-75.59323120117188,identifier,pool
-98.57565307617188,-105.88262939453125,if,if
32.0295295715332,-75.43617248535156,identifier,pool
-98.72425842285156,-57.59374237060547,else,else
-7.012351036071777,-16.736404418945312,identifier,Pool
21.873767852783203,127.41883850097656,(,(
15.601371765136719,-61.795074462890625,identifier,size
-75.66130065917969,109.67232513427734,),)
16.23086929321289,-8.601341247558594,identifier,contextlib
97.65355682373047,52.78483963012695,.,.
13.81732177734375,-17.30675506591797,identifier,closing
20.826292037963867,121.93014526367188,(,(
-7.016702651977539,-16.733657836914062,identifier,Pool
21.742013931274414,127.24722290039062,(,(
15.482501983642578,-61.724082946777344,identifier,size
-100.09446716308594,126.68701171875,),)
-94.5957260131836,118.41046905517578,),)
32.94874954223633,-75.66586303710938,identifier,pool
-168.3354949951172,-39.05018615722656,:,:
-70.02075958251953,-102.87408447265625,for,for
44.43250274658203,-74.0965347290039,identifier,request
55.400970458984375,-61.64149856567383,identifier,pool
92.71516418457031,45.464229583740234,.,.
20.210128784179688,-5.680633544921875,identifier,imap_unordered
23.63113021850586,119.91780090332031,(,(
-16.430919647216797,-9.938115119934082,identifier,send
-90.26577758789062,31.746437072753906,",",","
41.00452423095703,-65.39058685302734,identifier,requests
-101.57535552978516,118.42280578613281,),)
-167.13223266601562,-35.70161819458008,:,:
-95.30377197265625,-97.8105697631836,if,if
74.82862091064453,-64.98838806152344,identifier,request
119.87126159667969,46.01639175415039,.,.
23.28897476196289,-33.34908676147461,identifier,response
-160.53981018066406,-48.101158142089844,:,:
74.84741973876953,-65.0218276977539,identifier,request
123.9952163696289,44.19170379638672,.,.
23.155282974243164,-33.4169921875,identifier,response
-103.40811920166016,-72.1202621459961,elif,elif
42.472679138183594,-40.55348587036133,identifier,exception_handler
-160.17214965820312,-44.16164779663086,:,:
42.77560806274414,-40.573341369628906,identifier,exception_handler
26.01350212097168,110.73299407958984,(,(
75.22013854980469,-65.74698638916016,identifier,request
-84.9224624633789,32.8691520690918,",",","
75.13800811767578,-65.54724884033203,identifier,request
124.65426635742188,41.974021911621094,.,.
37.377662658691406,-9.780865669250488,identifier,exception
-76.1417236328125,129.07833862304688,),)
-94.75630187988281,-90.84706115722656,if,if
54.206687927246094,-61.087833404541016,identifier,pool
-157.58322143554688,-40.88296127319336,:,:
54.33979415893555,-61.129676818847656,identifier,pool
82.82926940917969,58.33102035522461,.,.
35.11239242553711,-0.5478197932243347,identifier,close
46.16178894042969,137.61770629882812,(,(
-81.5439453125,148.87521362304688,),)
-26.778099060058594,-170.36024475097656,def,def
-24.91093635559082,-18.55799674987793,identifier,pre_save
-84.94302368164062,-185.07362365722656,(,(
34.614200592041016,-200.12887573242188,identifier,self
-135.49659729003906,18.648666381835938,",",","
10.713115692138672,-97.47907257080078,identifier,model_instance
-130.16671752929688,23.769634246826172,",",","
-14.776822090148926,-20.472097396850586,identifier,add
-137.14114379882812,103.53353118896484,),)
-199.001708984375,-18.365066528320312,:,:
31.76772117614746,-89.65794372558594,identifier,file
-7.728166103363037,24.69407844543457,identifier,getattr
24.130313873291016,132.814208984375,(,(
28.65437889099121,-63.819087982177734,identifier,model_instance
-88.13903045654297,15.290884971618652,",",","
186.5452117919922,-45.524269104003906,identifier,self
128.2691192626953,57.934356689453125,.,.
6.556229114532471,-36.19077682495117,identifier,attname
-76.01658630371094,105.36846923828125,),)
-89.21428680419922,-106.6161117553711,if,if
24.631092071533203,-71.46964263916016,identifier,file
-75.53751373291016,-66.33992004394531,and,and
23.39885711669922,-72.92857360839844,identifier,file
124.18268585205078,56.341529846191406,.,.
-0.7577362656593323,-32.19221115112305,identifier,_committed
-177.3656463623047,-46.91409683227539,:,:
36.362937927246094,-86.09513854980469,identifier,image_file
22.799407958984375,-72.83659362792969,identifier,file
-89.79016876220703,-103.35881042480469,if,if
188.7986297607422,-39.89765167236328,identifier,self
121.40294647216797,55.3962516784668,.,.
9.754075050354004,-27.571033477783203,identifier,resize_source_to
-172.70523071289062,-48.28170394897461,:,:
23.09454917907715,-72.99562072753906,identifier,file
89.08637237548828,60.588226318359375,.,.
11.959343910217285,-16.159591674804688,identifier,seek
34.274845123291016,124.1109619140625,(,(
-78.40033721923828,113.49940490722656,),)
45.47650909423828,-79.34412384033203,identifier,image_file
22.256450653076172,-7.538181781768799,identifier,processors
94.8232192993164,43.93391799926758,.,.
19.16387176513672,-3.485579013824463,identifier,process
23.922706604003906,121.71405792236328,(,(
22.475248336791992,-72.84915161132812,identifier,file
-90.34100341796875,30.30620002746582,",",","
194.06390380859375,-36.29690933227539,identifier,self
130.6856231689453,45.59202575683594,.,.
17.776594161987305,-26.811038970947266,identifier,resize_source_to
-74.85362243652344,118.31330871582031,),)
45.938350677490234,-78.82125091552734,identifier,image_file
22.70536231994629,-7.593297958374023,identifier,post_processors
94.82965087890625,43.71503829956055,.,.
19.177806854248047,-3.482511043548584,identifier,process
22.271467208862305,118.47612762451172,(,(
42.87271499633789,-56.43962097167969,identifier,image_file
-89.1530990600586,30.391935348510742,",",","
195.2247314453125,-32.1624641418457,identifier,self
130.61192321777344,45.506072998046875,.,.
17.906333923339844,-26.925012588500977,identifier,resize_source_to
-74.01483917236328,122.43226623535156,),)
48.779930114746094,-71.31110382080078,identifier,filename
-19.813718795776367,2.604440927505493,identifier,str
16.914913177490234,113.43329620361328,(,(
35.33346176147461,-3.86954927444458,identifier,shortuuid
92.24591064453125,40.565101623535156,.,.
35.382591247558594,-3.9078774452209473,identifier,uuid
47.43271255493164,143.3779754638672,(,(
-106.35425567626953,138.16378784179688,),)
-90.33145141601562,129.55906677246094,),)
-39.06076431274414,25.034366607666016,+,+
25.135292053222656,28.07527732849121,identifier,os
106.6926040649414,38.721946716308594,.,.
-3.7245137691497803,2.34313702583313,identifier,path
93.29248046875,38.34886169433594,.,.
39.782325744628906,-3.6338047981262207,identifier,splitext
17.294891357421875,108.76502990722656,(,(
73.83251953125,-51.72568893432617,identifier,file
125.3472900390625,40.64323806762695,.,.
-12.432411193847656,-71.27442169189453,identifier,name
-99.01105499267578,136.65176391601562,),)
73.77255249023438,-51.70792770385742,identifier,file
81.70641326904297,56.930477142333984,.,.
51.886234283447266,3.348945140838623,identifier,save
24.89888572692871,103.5533676147461,(,(
22.381982803344727,-52.29237365722656,identifier,filename
-78.07225799560547,36.24198913574219,",",","
64.25550842285156,-39.99571228027344,identifier,image_file
-84.673583984375,49.16560745239258,",",","
51.89391326904297,2.940135955810547,identifier,save
-77.05426788330078,138.1849365234375,),)
75.75096130371094,-42.7630729675293,identifier,file
-27.448728561401367,-170.55274963378906,def,def
-25.290067672729492,-23.428977966308594,identifier,sync_folder
-85.06138610839844,-185.9121551513672,(,(
35.63802719116211,-200.43014526367188,identifier,self
-135.9484100341797,17.80224609375,",",","
7.656707286834717,-79.16763305664062,identifier,path
-132.4134521484375,22.666433334350586,",",","
17.086299896240234,-86.90909576416016,identifier,bucket
-138.72315979003906,103.82429504394531,),)
-198.35330200195312,-17.61527442932129,:,:
17.702608108520508,-86.77777862548828,identifier,bucket
182.62942504882812,-41.037193298339844,identifier,self
123.31007385253906,64.26851654052734,.,.
-13.876970291137695,-29.00063133239746,identifier,conn
93.51708984375,53.58231735229492,.,.
0.7056019306182861,-26.484310150146484,identifier,get_bucket
25.014192581176758,131.48272705078125,(,(
17.67066192626953,-86.14339447021484,identifier,bucket
-80.99224090576172,107.12195587158203,),)
37.400970458984375,-88.5434799194336,identifier,local_files
184.83384704589844,-39.88601303100586,identifier,self
113.39993286132812,67.30113220214844,.,.
5.319173812866211,-26.159931182861328,identifier,_get_local_files
25.037141799926758,129.9157257080078,(,(
8.600353240966797,-76.41967010498047,identifier,path
-79.78714752197266,107.97111511230469,),)
37.5118293762207,-88.1749267578125,identifier,s3_files
185.40673828125,-38.20355224609375,identifier,self
113.35832977294922,66.61033630371094,.,.
6.000516414642334,-26.084712982177734,identifier,_get_s3_files
23.842866897583008,128.00535583496094,(,(
17.781227111816406,-85.7342529296875,identifier,bucket
-74.99874114990234,109.91413116455078,),)
-72.12815856933594,-102.16207122802734,for,for
20.991168975830078,-82.31616973876953,identifier,filename
-115.77831268310547,30.70522117614746,",",","
41.7515983581543,-74.44851684570312,identifier,hash
36.382896423339844,-64.26416015625,identifier,local_files
86.69970703125,47.93804168701172,.,.
9.955796241760254,8.387435913085938,identifier,iteritems
43.2490348815918,145.94715881347656,(,(
-109.27120208740234,132.7744903564453,),)
-168.17849731445312,-36.93484878540039,:,:
47.817665100097656,-79.91279602050781,identifier,s3_key
56.386024475097656,-59.4830322265625,identifier,s3_files
24.1340389251709,-53.46616744995117,identifier,filename
-91.53131103515625,-95.73712158203125,if,if
46.624610900878906,-61.84267044067383,identifier,s3_key
-163.07508850097656,-44.662330627441406,:,:
49.68912887573242,-77.78575897216797,identifier,s3_key
18.853759765625,-8.328425407409668,identifier,Key
22.98261070251465,116.69093322753906,(,(
17.900400161743164,-85.21923065185547,identifier,bucket
-73.5687026977539,124.87078857421875,),)
64.99964904785156,-60.24163818359375,identifier,s3_key
113.84233856201172,47.75373458862305,.,.
4.614626884460449,-67.26531219482422,identifier,key
22.815176010131836,-53.533058166503906,identifier,filename
64.85635375976562,-60.0808219909668,identifier,s3_key
113.82771301269531,47.53062438964844,.,.
39.9514045715332,-21.225799560546875,identifier,etag
38.281829833984375,-11.90601634979248,"""","'""!""'"
-95.55572509765625,-89.53235626220703,if,if
65.96334075927734,-55.37306594848633,identifier,s3_key
121.40214538574219,41.28371047973633,.,.
40.06441116333008,-21.1844482421875,identifier,etag
-129.60723876953125,-40.833396911621094,:,:
-28.23087501525879,13.068403244018555,-,-
-58.368080139160156,-28.283611297607422,!=,!=
65.88037872314453,-19.75649642944336,identifier,hash
-155.26458740234375,-37.79378890991211,:,:
70.03041076660156,-52.835838317871094,identifier,s3_key
80.69709777832031,55.314292907714844,.,.
50.296470642089844,-4.035520553588867,identifier,set_contents_from_filename
28.50040054321289,101.41891479492188,(,(
39.210697174072266,38.83454895019531,identifier,join
17.196802139282227,101.13372802734375,(,(
71.9954605102539,-17.295373916625977,identifier,path
-79.6460952758789,35.18994140625,",",","
22.173620223999023,-52.42803192138672,identifier,filename
-94.75068664550781,136.85838317871094,),)
-83.87178039550781,50.17002868652344,",",","
64.85791778564453,-19.48534393310547,identifier,md5
65.64948272705078,-19.726655960083008,identifier,hash
-74.05284118652344,149.78660583496094,),)
-26.838838577270508,-171.04537963867188,def,def
-23.201265335083008,-18.794214248657227,identifier,insert_many
-85.46882629394531,-184.95835876464844,(,(
34.34185791015625,-200.09921264648438,identifier,self
-134.27438354492188,17.942934036254883,",",","
9.634567260742188,-96.22517395019531,identifier,data_dict
-139.3762969970703,103.92528533935547,),)
-199.17343139648438,-17.156618118286133,:,:
31.23147964477539,-92.97425079345703,identifier,c
182.26173400878906,-40.8733024597168,identifier,self
123.31468200683594,64.43196868896484,.,.
-2.6699917316436768,-28.72239112854004,identifier,database
93.6175537109375,53.43867111206055,.,.
-0.3259444236755371,-22.35873794555664,identifier,cursor
39.25804138183594,139.6105499267578,(,(
-83.8861312866211,107.64341735839844,),)
69.74836730957031,-65.86456298828125,identifier,c
92.0685043334961,61.300228118896484,.,.
45.18003463745117,13.171472549438477,identifier,execute
46.22734069824219,107.34247589111328,(,(
3.5053372383117676,-17.98436164855957,"""","""BEGIN TRANSACTION;"""
-77.56552124023438,103.25048828125,),)
-159.2346954345703,-60.150245666503906,:,:
-71.14110565185547,-104.13310241699219,for,for
27.893991470336914,-84.48597717285156,identifier,streamname
33.96274185180664,-64.85673522949219,identifier,data_dict
-170.80711364746094,-36.40597915649414,:,:
-94.2814712524414,-104.2967758178711,if,if
25.635154724121094,-63.72085952758789,identifier,streamname
188.48277282714844,-40.69770812988281,identifier,self
124.47726440429688,59.01167678833008,.,.
21.572019577026367,-30.605722427368164,identifier,streams
-173.27117919921875,-51.65202713012695,:,:
34.08172607421875,14.137330055236816,identifier,Exception
40.711708068847656,107.1259536743164,(,(
15.133424758911133,-14.859260559082031,"""","""The stream '%s' was not found"""
3.4654173851013184,117.74311828613281,(,(
28.914384841918945,-53.558780670166016,identifier,streamname
-105.22515869140625,45.31724166870117,",",","
-96.29850006103516,123.3239974975586,),)
-67.85327911376953,117.7043228149414,),)
-69.9649887084961,-101.93365478515625,for,for
45.01526641845703,-74.83424377441406,identifier,dp
58.00972366333008,-59.14443588256836,identifier,data_dict
28.238515853881836,-52.74586486816406,identifier,streamname
-165.40695190429688,-37.49891662597656,:,:
25.940372467041016,-7.691177845001221,identifier,validate
18.729341506958008,116.5111312866211,(,(
70.41950988769531,-59.028751373291016,identifier,dp
27.660194396972656,-18.59124183654785,"""","""d"""
-86.9332275390625,30.125896453857422,",",","
193.5240020751953,-31.50754737854004,identifier,self
132.88543701171875,46.52334976196289,.,.
21.609750747680664,-30.656204223632812,identifier,streams
28.370763778686523,-52.639007568359375,identifier,streamname
-71.96260833740234,124.18987274169922,),)
69.7442626953125,-65.68457794189453,identifier,c
84.25833892822266,58.059513092041016,.,.
45.1821403503418,13.151656150817871,identifier,execute
41.1405143737793,103.2256851196289,(,(
36.32219696044922,-9.682517051696777,"""","""INSERT INTO cache VALUES (?,?,?);"""
-78.1116943359375,29.36617660522461,",",","
2.069075107574463,113.159423828125,(,(
36.034942626953125,-47.1834831237793,identifier,streamname
-82.94815826416016,36.54338073730469,",",","
70.98017883300781,-57.74633026123047,identifier,dp
39.300270080566406,-18.264171600341797,"""","""t"""
-82.41967010498047,36.929161071777344,",",","
71.02489471435547,-57.74342346191406,identifier,dp
39.240318298339844,-18.276121139526367,"""","""d"""
-91.9388427734375,132.873291015625,),)
-67.8023910522461,139.87832641601562,),)
-146.22726440429688,-48.74150466918945,:,:
70.1988754272461,-65.0268783569336,identifier,c
78.29977416992188,58.30230712890625,.,.
45.208736419677734,13.126684188842773,identifier,execute
39.93407440185547,98.64639282226562,(,(
50.629859924316406,-10.817988395690918,"""","""ROLLBACK;"""
-74.43891143798828,141.99282836914062,),)
70.23958587646484,-64.82215118408203,identifier,c
78.8416976928711,57.68089294433594,.,.
50.9993782043457,-5.494976043701172,identifier,exectute
39.014610290527344,98.49464416503906,(,(
50.748531341552734,-10.785730361938477,"""","""COMMIT;"""
-76.3898696899414,147.09056091308594,),)
-29.815961837768555,-171.16751098632812,def,def
-21.755475997924805,-24.16156578063965,identifier,get_annotation_data_at_time
-82.81822967529297,-182.1145477294922,(,(
37.64523696899414,-199.77207946777344,identifier,self
-135.5484161376953,16.45267677307129,",",","
5.096481800079346,-92.59224700927734,identifier,id_tier
-132.68685913085938,23.879596710205078,",",","
5.699134349822998,-82.8482666015625,identifier,time
-136.55218505859375,102.49681091308594,),)
-204.23800659179688,-18.527143478393555,:,:
-92.87300872802734,-108.95708465576172,if,if
183.40037536621094,-43.022674560546875,identifier,self
124.3702163696289,61.09078598022461,.,.
-9.876011848449707,-34.63331985473633,identifier,tiers
27.928159713745117,-57.31025314331055,identifier,id_tier
-175.74221801757812,-51.305442810058594,:,:
184.6120147705078,-38.35789489746094,identifier,self
97.51722717285156,56.85986328125,.,.
6.582785129547119,-24.899982452392578,identifier,get_ref_annotation_at_time
26.149667739868164,127.05982971191406,(,(
28.365724563598633,-57.98699188232422,identifier,id_tier
-95.17314147949219,28.389814376831055,",",","
5.7819390296936035,-82.72090911865234,identifier,time
-77.52806854248047,110.34339904785156,),)
42.81867980957031,-83.65792846679688,identifier,anns
187.6570281982422,-37.55863952636719,identifier,self
125.719482421875,61.244510650634766,.,.
-9.890342712402344,-34.65011978149414,identifier,tiers
28.099550247192383,-56.85308074951172,identifier,id_tier
1.5966229438781738,10.7694673538208,identifier,sorted
18.82276153564453,119.7236328125,(,(
2.920193672180176,114.29326629638672,(,(
192.0743408203125,-33.78748321533203,identifier,self
133.930908203125,47.20777130126953,.,.
43.814453125,-31.422853469848633,identifier,timeslots
77.40569305419922,-62.482479095458984,identifier,m
-88.07992553710938,28.33011817932129,",",","
192.96360778808594,-32.156333923339844,identifier,self
134.1414337158203,47.046260833740234,.,.
43.93743133544922,-31.383769989013672,identifier,timeslots
77.16007995605469,-62.36162185668945,identifier,m
-87.7061996459961,28.816011428833008,",",","
76.92201232910156,-62.47597885131836,identifier,m
-91.05074310302734,124.9376449584961,),)
-66.67273712158203,-94.0049057006836,for,for
2.9709103107452393,-56.95862579345703,identifier,m
54.43818283081055,-53.51982879638672,identifier,anns
86.73506927490234,46.75386428833008,.,.
62.1724853515625,-4.808244705200195,identifier,values
45.52372360229492,145.1646270751953,(,(
-87.22102355957031,119.50043487548828,),)
-85.04959869384766,-89.21763610839844,if,if
190.1326141357422,-24.213315963745117,identifier,self
135.1768035888672,45.751800537109375,.,.
44.58089065551758,-31.08075714111328,identifier,timeslots
76.83138275146484,-61.73240280151367,identifier,m
56.060401916503906,-24.487274169921875,identifier,time
-78.0208969116211,-65.37200927734375,and,and
190.0589599609375,-23.90384292602539,identifier,self
135.2671356201172,45.71002197265625,.,.
44.72246551513672,-31.019804000854492,identifier,timeslots
76.76206970214844,-61.5660285949707,identifier,m
56.06312942504883,-24.484960556030273,identifier,time
-68.9490737915039,144.75119018554688,),)
-25.440044403076172,-168.27041625976562,def,def
-30.430686950683594,-28.477645874023438,identifier,stack
-87.58281707763672,-186.41905212402344,(,(
33.41481399536133,-203.03863525390625,identifier,self
-134.02294921875,16.125350952148438,",",","
2.633967399597168,-84.27701568603516,identifier,size
-142.20838928222656,105.727294921875,),)
-202.49276733398438,-12.117741584777832,:,:
-36.73587417602539,-156.74212646484375,def,def
-18.533863067626953,-25.173259735107422,identifier,tostacks
-82.90452575683594,-175.34698486328125,(,(
7.9269256591796875,-105.47130584716797,identifier,partition
-134.11326599121094,106.66607666015625,),)
-176.65731811523438,-34.308250427246094,:,:
41.64204788208008,-90.63575744628906,identifier,keys
35.38502502441406,-77.97858428955078,identifier,arrs
-72.59908294677734,-104.1334457397461,for,for
3.420954942703247,-72.47381591796875,identifier,key
-114.49663543701172,29.86590003967285,",",","
21.198902130126953,-77.92932891845703,identifier,arr
7.935839653015137,-105.53727722167969,identifier,partition
-172.7099151611328,-37.42134475708008,:,:
10.241622924804688,-71.34394836425781,identifier,keys
82.13878631591797,64.38541412353516,.,.
58.91756820678711,59.20867919921875,identifier,append
31.19510269165039,122.52921295166016,(,(
5.208911895751953,-70.66983032226562,identifier,key
-80.79730987548828,108.61302185058594,),)
35.264549255371094,-78.00286102294922,identifier,arrs
82.07696533203125,64.4155044555664,.,.
59.3587532043457,59.1387939453125,identifier,append
31.179101943969727,122.3160171508789,(,(
21.1811580657959,-77.87995147705078,identifier,arr
-75.59415435791016,108.083251953125,),)
-90.22394561767578,-104.28153228759766,if,if
16.326086044311523,-62.318603515625,identifier,size
-75.9990463256836,-65.51116180419922,and,and
15.970417976379395,-61.864192962646484,identifier,size
-5.718310832977295,54.87871170043945,identifier,len
14.531332015991211,133.45278930664062,(,(
9.23848819732666,-70.61454772949219,identifier,keys
-108.78684997558594,121.29386901855469,),)
-171.37684631347656,-49.79141616821289,:,:
7.315001964569092,116.9942626953125,(,(
9.859362602233887,-69.41947174072266,identifier,keys
-87.3342514038086,24.414962768554688,",",","
11.256014823913574,1.1623716354370117,identifier,asarray
15.061263084411621,128.4669952392578,(,(
40.588645935058594,-63.146339416503906,identifier,arrs
-100.62732696533203,127.46855926513672,),)
-70.92372131347656,117.08134460449219,),)
10.369471549987793,-69.31438446044922,identifier,keys
-110.24543762207031,28.471866607666016,",",","
35.86659622192383,-77.22643280029297,identifier,arrs
-98.18599700927734,31.999717712402344,",",","
-89.49791717529297,-93.55720520019531,if,if
46.009254455566406,-64.81201171875,identifier,keys
-164.52122497558594,-47.06237030029297,:,:
7.41368293762207,116.83948516845703,(,(
9.780804634094238,-69.28520965576172,identifier,keys
-87.14424133300781,24.498260498046875,",",","
11.339849472045898,1.1820484399795532,identifier,asarray
12.588285446166992,120.3280258178711,(,(
40.623878479003906,-63.13590621948242,identifier,arrs
-98.78693389892578,129.83534240722656,),)
-69.85002899169922,122.52301025390625,),)
50.99761962890625,-78.52208709716797,identifier,rdd
190.55357360839844,-30.10098648071289,identifier,self
113.76175689697266,62.09428024291992,.,.
33.45062255859375,-30.85671615600586,identifier,_rdd
91.89188385009766,45.90754699707031,.,.
28.905210494995117,-6.126510143280029,identifier,mapPartitions
22.67837142944336,113.29693603515625,(,(
46.02926254272461,-52.10523223876953,identifier,tostacks
-75.00955963134766,128.32550048828125,),)
189.2227020263672,-27.4317626953125,identifier,self
108.39794921875,63.887054443359375,.,.
30.19112205505371,0.9296036958694458,identifier,_constructor
22.85308074951172,107.68643951416016,(,(
54.69906997680664,-48.270992279052734,identifier,rdd
-101.48242950439453,135.8031768798828,),)
85.2237319946289,54.393836975097656,.,.
29.18448829650879,1.7642675638198853,identifier,__finalize__
22.601343154907227,106.81407928466797,(,(
199.67752075195312,-24.46552276611328,identifier,self
-78.28260803222656,147.9606170654297,),)
-33.76778793334961,-165.21788024902344,def,def
-22.358381271362305,-23.242698669433594,identifier,get_initial_state_args
-78.4888916015625,-182.74624633789062,(,(
3.5028693675994873,-94.12049102783203,identifier,value_and_gradients_function
-135.401123046875,27.053361892700195,",",","
2.460963249206543,-91.11174774169922,identifier,initial_position
-135.9231414794922,28.62855339050293,",",","
0.11647158861160278,-92.73823547363281,identifier,grad_tolerance
-143.12115478515625,32.91670227050781,",",","
-2.1971042156219482,-91.7813949584961,identifier,control_inputs
-136.49560546875,97.51797485351562,),)
-204.61659240722656,-21.436725616455078,:,:
-89.40467071533203,-110.94172668457031,if,if
25.2338924407959,-67.83861541748047,identifier,control_inputs
-175.3665771484375,-44.657474517822266,:,:
16.1126651763916,40.36803436279297,identifier,tf
97.56678771972656,54.07405471801758,.,.
8.011775016784668,-24.334115982055664,identifier,control_dependencies
24.504419326782227,127.54479217529297,(,(
26.070388793945312,-66.4014663696289,identifier,control_inputs
-107.697265625,120.33739471435547,),)
-171.40997314453125,-45.294677734375,:,:
40.56107711791992,-78.55162048339844,identifier,f0
-111.27726745605469,28.715848922729492,",",","
41.31198501586914,-77.16751098632812,identifier,df0
13.88464641571045,-25.25016975402832,identifier,value_and_gradients_function
22.826223373413086,124.22679138183594,(,(
39.24131774902344,-56.724464416503906,identifier,initial_position
-73.33541870117188,113.18693542480469,),)
-105.23358917236328,-67.12864685058594,else,else
-150.3356475830078,-55.29696273803711,:,:
40.64596939086914,-78.42874908447266,identifier,f0
-110.98092651367188,29.599994659423828,",",","
41.31848907470703,-77.13921356201172,identifier,df0
14.067766189575195,-25.553890228271484,identifier,value_and_gradients_function
21.32611846923828,117.7812728881836,(,(
39.38434982299805,-56.60391616821289,identifier,initial_position
-74.52208709716797,122.10209655761719,),)
52.1260986328125,-78.2499771118164,identifier,converged
23.297306060791016,-2.0586352348327637,identifier,norm
18.62906837463379,114.01170349121094,(,(
52.74070739746094,-55.01306915283203,identifier,df0
-90.07643127441406,43.817481994628906,",",","
16.83915901184082,3.7502694129943848,identifier,dims
-89.03190612792969,129.20993041992188,),)
-52.22449493408203,-26.998050689697266,<,<
43.45059585571289,-45.864322662353516,identifier,grad_tolerance
0.3526332974433899,16.984683990478516,identifier,dict
18.74765396118164,94.14756774902344,(,(
58.979915618896484,-44.11427307128906,identifier,converged
59.2581901550293,-44.19395446777344,identifier,converged
-87.6386489868164,52.11408996582031,",",","
41.862613677978516,-1.5568959712982178,identifier,failed
17.507490158081055,40.215240478515625,identifier,tf
93.35986328125,35.9513053894043,.,.
44.96513366699219,-1.7109458446502686,identifier,zeros_like
16.47081184387207,106.71783447265625,(,(
59.43185806274414,-44.22956085205078,identifier,converged
-96.56360626220703,136.2889862060547,),)
-86.82477569580078,53.64930725097656,",",","
55.27899169921875,-12.624398231506348,identifier,num_iterations
16.972196578979492,41.1873779296875,identifier,tf
97.68284606933594,35.43531036376953,.,.
54.220672607421875,-0.6919509172439575,identifier,convert_to_tensor
19.32724380493164,99.50079345703125,(,(
64.17443084716797,-9.071460723876953,identifier,value
-92.39485168457031,138.99888610839844,),)
-86.11357116699219,54.064186096191406,",",","
55.39868927001953,-12.61544418334961,identifier,num_objective_evaluations
16.9890079498291,41.195465087890625,identifier,tf
97.76799774169922,35.497989654541016,.,.
54.29780960083008,-0.689602255821228,identifier,convert_to_tensor
19.392757415771484,99.55988311767578,(,(
64.22044372558594,-9.083508491516113,identifier,value
-92.35078430175781,139.0467071533203,),)
-85.32354736328125,54.371726989746094,",",","
61.231319427490234,-14.159195899963379,identifier,position
64.55269622802734,-33.768882751464844,identifier,initial_position
-84.16983795166016,54.322994232177734,",",","
60.218299865722656,-12.838103294372559,identifier,objective_value
70.35124206542969,-30.905479431152344,identifier,f0
-83.79066467285156,54.21132278442383,",",","
60.2088623046875,-12.819831848144531,identifier,objective_gradient
70.35873413085938,-30.8978271484375,identifier,df0
-71.71206665039062,150.79180908203125,),)
-29.610654830932617,-172.9403533935547,def,def
-22.826322555541992,-22.884620666503906,identifier,_read_commits_from_pack
-83.10719299316406,-181.78456115722656,(,(
37.344444274902344,-199.4629669189453,identifier,self
-132.32337951660156,18.118406295776367,",",","
5.550826549530029,-91.37504577636719,identifier,packet_name
-135.8948516845703,104.83182525634766,),)
-198.89840698242188,-20.04368782043457,:,:
30.24858283996582,-89.44214630126953,identifier,filepath
3.2139530181884766,-14.939809799194336,"""",'objects/pack/pack-'
-41.342933654785156,27.93301010131836,+,+
26.226848602294922,-60.10673522949219,identifier,packet_name
36.25604248046875,-87.23413848876953,identifier,cmd_verify_pack
6.850355625152588,-13.024258613586426,"""",'git'
-96.81883239746094,20.471704483032227,",",","
7.509739398956299,-13.623088836669922,"""",'verify-pack'
-96.76531982421875,20.45631980895996,",",","
7.8631086349487305,-13.44775390625,"""",'-v'
-91.47600555419922,24.214975357055664,",",","
30.015565872192383,-55.72357940673828,identifier,filepath
47.02311325073242,-88.31914520263672,identifier,outs
186.63064575195312,-34.86320877075195,identifier,self
110.1465072631836,66.19783782958984,.,.
27.603290557861328,-1.0182937383651733,identifier,_exec
25.055410385131836,120.75846099853516,(,(
36.04643249511719,-57.13035202026367,identifier,cmd_verify_pack
-94.13829803466797,44.11079788208008,",",","
16.73890495300293,-30.458768844604492,identifier,cwd
193.35708618164062,-35.08610916137695,identifier,self
129.428466796875,48.725242614746094,.,.
16.202360153198242,-30.914798736572266,identifier,dirpath
-93.47773742675781,45.42692184448242,",",","
21.66938018798828,-24.26469612121582,identifier,env
194.28262329101562,-33.60447692871094,identifier,self
129.06202697753906,47.415252685546875,.,.
21.417316436767578,-24.334487915039062,identifier,gitenv
-74.99030303955078,120.29833221435547,),)
59.54706954956055,-76.43973541259766,identifier,outs
59.93946075439453,-76.25523376464844,identifier,outs
82.2777099609375,44.61719512939453,.,.
51.47214126586914,13.895193099975586,identifier,decode
39.5355224609375,122.40473175048828,(,(
45.099395751953125,8.100226402282715,"""",'utf-8'
-89.44412994384766,44.39279556274414,",",","
31.395593643188477,-9.577402114868164,identifier,errors
32.35702896118164,-8.956828117370605,"""",'surrogateescape'
-88.6894302368164,129.4105224609375,),)
76.05490112304688,45.15968704223633,.,.
53.78156661987305,23.11573600769043,identifier,rstrip
45.38004684448242,143.05618286132812,(,(
-83.8386459350586,120.83866119384766,),)
41.117706298828125,-93.57673645019531,identifier,lines
-7.595938682556152,-59.25968933105469,identifier,line
80.54570770263672,45.1852912902832,.,.
52.92096710205078,29.560049057006836,identifier,split
42.34937286376953,123.13823699951172,(,(
2.6664416790008545,-3.1001217365264893,"""",' '
-97.49312591552734,138.98265075683594,),)
-67.52218627929688,-92.82579803466797,for,for
-8.952655792236328,-60.563838958740234,identifier,line
60.292842864990234,-76.08341217041016,identifier,outs
80.51287078857422,46.1793098449707,.,.
52.91307830810547,29.618240356445312,identifier,split
42.301692962646484,123.25838470458984,(,(
2.54459285736084,-2.649007797241211,"""",'\n'
-96.48797607421875,138.22149658203125,),)
79.51138305664062,-39.65707015991211,identifier,commits
88.86680603027344,-62.03175735473633,identifier,parts
-67.6577377319336,-91.46155548095703,for,for
89.18939971923828,-61.62627029418945,identifier,parts
37.89677047729492,-71.26953887939453,identifier,lines
-84.07745361328125,-89.09606170654297,if,if
88.78841400146484,-62.15251922607422,identifier,parts
-63.32008361816406,-27.19371795654297,==,==
51.405364990234375,-12.925865173339844,"""",'commit'
79.30638122558594,-39.79554748535156,identifier,commits
78.78401947021484,61.490028381347656,.,.
4.1364827156066895,10.73205280303955,identifier,reverse
47.78676223754883,136.40292358398438,(,(
-82.24934387207031,146.41969299316406,),)
78.40900421142578,-40.46342849731445,identifier,commits
-28.867673873901367,-163.73765563964844,def,def
-22.09926414489746,-30.315837860107422,identifier,evaluation
-86.26606750488281,-178.91744995117188,(,(
8.004629135131836,-92.51052856445312,identifier,evaluation_id
-139.333984375,107.71902465820312,),)
-197.9626007080078,-14.79199504852295,:,:
33.0318489074707,-86.65044403076172,identifier,evaluation_obj
21.899463653564453,-112.89814758300781,identifier,store
94.7400131225586,54.803489685058594,.,.
0.5194197297096252,-26.44803237915039,identifier,get_evaluation
24.985671997070312,131.64154052734375,(,(
27.77476692199707,-59.87176513671875,identifier,evaluation_id
-81.82527923583984,107.03449249267578,),)
-4.1093292236328125,-30.21544647216797,identifier,controllers
93.34774780273438,56.54900360107422,.,.
-21.99994659423828,-30.458412170410156,identifier,evaluation
28.08881950378418,130.45863342285156,(,(
21.320730209350586,-113.30099487304688,identifier,store
-95.8484115600586,28.340147018432617,",",","
27.850114822387695,-60.54495620727539,identifier,evaluation_obj
-76.07401275634766,106.73733520507812,),)
-90.47492218017578,-106.29316711425781,if,if
11.043840408325195,-5.234950542449951,identifier,request
119.9394302368164,50.52587127685547,.,.
-2.104102373123169,-13.33275318145752,identifier,method
-64.05382537841797,-33.75077819824219,==,==
-0.5032839775085449,-13.67109203338623,"""",'POST'
-174.54429626464844,-45.59298324584961,:,:
46.16582107543945,-86.02130889892578,identifier,link
7.417294979095459,-22.68240737915039,identifier,url_for
27.60954475402832,122.19168090820312,(,(
9.332962036132812,-13.98559284210205,"""",'.variant'
-95.49412536621094,43.93520736694336,",",","
12.245087623596191,-37.43653106689453,identifier,institute_id
60.17648696899414,-60.4522705078125,identifier,evaluation_obj
21.464006423950195,-19.48737144470215,"""",'institute'
18.47679328918457,-19.826557159423828,"""",'_id'
-94.3138198852539,46.69847106933594,",",","
30.630130767822266,-24.467660903930664,identifier,case_name
60.34270095825195,-60.37372589111328,identifier,evaluation_obj
21.854766845703125,-19.459030151367188,"""",'case'
27.661436080932617,-20.53527069091797,"""",'display_name'
-94.4588851928711,47.514427185058594,",",","
31.24541664123535,-25.158153533935547,identifier,variant_id
60.708187103271484,-60.16393280029297,identifier,evaluation_obj
29.334392547607422,-19.696922302246094,"""",'variant_specific'
-67.49539947509766,124.52166748046875,),)
23.073352813720703,-113.29249572753906,identifier,store
85.54158020019531,58.356998443603516,.,.
31.57176399230957,-4.664019584655762,identifier,delete_evaluation
26.541095733642578,108.22747039794922,(,(
48.077484130859375,-50.313629150390625,identifier,evaluation_obj
-75.86714935302734,131.19464111328125,),)
37.032386779785156,-2.5872108936309814,identifier,redirect
23.9033260345459,106.95620727539062,(,(
57.23154830932617,-47.36341094970703,identifier,link
-77.76979064941406,134.3040313720703,),)
0.18060408532619476,16.950925827026367,identifier,dict
19.01753044128418,94.15625,(,(
50.502044677734375,-14.311271667480469,identifier,evaluation
63.88068389892578,-36.54921340942383,identifier,evaluation_obj
-87.17140197753906,52.27070236206055,",",","
66.61309814453125,-14.604421615600586,identifier,institute
68.34606170654297,-50.471309661865234,identifier,evaluation_obj
55.09008026123047,-20.362382888793945,"""",'institute'
-86.47886657714844,52.58705520629883,",",","
64.14512634277344,-13.642996788024902,identifier,case
68.20246124267578,-50.336185455322266,identifier,evaluation_obj
55.11088180541992,-19.719696044921875,"""",'case'
-85.86139678955078,52.954200744628906,",",","
63.8489990234375,-15.997325897216797,identifier,variant
68.24193572998047,-50.23393630981445,identifier,evaluation_obj
55.6774787902832,-19.410930633544922,"""",'variant'
-84.56661224365234,53.26285934448242,",",","
60.92376708984375,-18.039670944213867,identifier,CRITERIA
60.81957244873047,-17.984760284423828,identifier,ACMG_CRITERIA
-72.0448989868164,149.67042541503906,),)
-27.60942840576172,-170.85023498535156,def,def
-26.00614356994629,-24.48143196105957,identifier,encrypt_password
-84.78912353515625,-185.31857299804688,(,(
34.53908920288086,-200.9093017578125,identifier,self
-136.34689331054688,17.90519142150879,",",","
-19.728336334228516,-80.22522735595703,identifier,email
-132.39646911621094,22.672067642211914,",",","
-2.0746066570281982,-105.94454956054688,identifier,password
-138.9643096923828,103.17137908935547,),)
-199.04354858398438,-17.856159210205078,:,:
49.4324836730957,-93.83181762695312,identifier,res
181.74725341796875,-41.19357681274414,identifier,self
123.27013397216797,65.2006607055664,.,.
83.91075134277344,-2.459033489227295,identifier,session
94.88202667236328,53.187217712402344,.,.
-8.470416069030762,-13.682019233703613,identifier,http
93.00061798095703,52.273780822753906,.,.
2.2367963790893555,30.497947692871094,identifier,get
28.462509155273438,129.5407257080078,(,(
184.97669982910156,-41.76338577270508,identifier,self
118.81661987304688,64.81114959716797,.,.
4.824390411376953,-27.32588005065918,identifier,_get_rsa_key_url
-96.82252502441406,42.72467041015625,",",","
-14.308035850524902,-84.7818832397461,identifier,params
0.4052160680294037,17.84177017211914,identifier,dict
19.81699562072754,131.2579803466797,(,(
15.979965209960938,-49.60333251953125,identifier,username
-20.164812088012695,-79.44671630859375,identifier,email
-97.54924011230469,43.941253662109375,",",","
10.936633110046387,-29.466461181640625,identifier,donotcache
189.90249633789062,-42.937278747558594,identifier,self
129.90138244628906,53.25434112548828,.,.
10.912700653076172,-29.485300064086914,identifier,donotcache
-99.40507507324219,123.92229461669922,),)
-68.88214874267578,107.95561981201172,),)
42.930328369140625,-83.50582885742188,identifier,rsadata
187.319091796875,-37.24562454223633,identifier,self
124.6021499633789,66.41635131835938,.,.
84.14277648925781,-2.7831342220306396,identifier,session
97.38517761230469,47.67539596557617,.,.
-8.4730224609375,-13.671880722045898,identifier,http
97.0987548828125,47.63042068481445,.,.
19.7691650390625,13.840866088867188,identifier,json
24.100467681884766,121.22396850585938,(,(
83.61945343017578,-48.51633071899414,identifier,res
-94.22167205810547,43.62018585205078,",",","
18.061466217041016,-24.604393005371094,identifier,schema
193.41705322265625,-36.35437774658203,identifier,self
115.09937286376953,64.25337219238281,.,.
17.192224502563477,-25.231122970581055,identifier,_rsa_key_schema
-75.64569854736328,119.48401641845703,),)
50.023048400878906,-78.77313232421875,identifier,rsa
34.74407196044922,-6.047579288482666,identifier,RSA
94.36053466796875,44.19968795776367,.,.
24.836214065551758,-6.590703964233398,identifier,construct
18.674022674560547,118.06908416748047,(,(
3.084768772125244,114.01900482177734,(,(
62.490352630615234,-59.01292419433594,identifier,rsadata
28.71031379699707,-19.520055770874023,"""","""publickey_mod"""
-87.48416900634766,29.622594833374023,",",","
62.49660110473633,-59.00013732910156,identifier,rsadata
28.985515594482422,-19.58308982849121,"""","""publickey_exp"""
-94.1544418334961,128.90773010253906,),)
-69.62179565429688,124.47965240478516,),)
54.17137145996094,-74.11457061767578,identifier,cipher
36.84890365600586,-6.936107158660889,identifier,PKCS1_v1_5
94.53910827636719,38.967674255371094,.,.
39.51659393310547,-8.13665771484375,identifier,new
21.914827346801758,107.28802490234375,(,(
54.62422180175781,-48.55636215209961,identifier,rsa
-77.08757019042969,134.03817749023438,),)
43.75748062133789,3.106562376022339,identifier,base64
95.09017944335938,36.85462188720703,.,.
44.97517776489258,1.9099055528640747,identifier,b64encode
18.024356842041016,103.98838806152344,(,(
63.304134368896484,-48.14906692504883,identifier,cipher
79.52606201171875,52.6607551574707,.,.
50.527061462402344,9.641669273376465,identifier,encrypt
17.800186157226562,103.97869110107422,(,(
61.92975616455078,-25.192995071411133,identifier,password
79.42375946044922,47.16783905029297,.,.
50.68030548095703,10.930375099182129,identifier,encode
41.51895523071289,124.70226287841797,(,(
46.60316467285156,7.03248929977417,"""","""utf8"""
-95.95853424072266,138.6610565185547,),)
-90.9299545288086,134.29736328125,),)
-90.08103942871094,134.48138427734375,),)
-80.15972137451172,44.7675895690918,",",","
66.02237701416016,-51.38603210449219,identifier,rsadata
53.751976013183594,-13.80710220336914,"""","""timestamp"""
-31.604482650756836,-163.37277221679688,def,def
-26.129436492919922,-22.220731735229492,identifier,process_data
-84.90670776367188,-179.49954223632812,(,(
11.169410705566406,-92.72673797607422,identifier,rho
-140.67481994628906,106.6897201538086,),)
-198.7198486328125,-15.426390647888184,:,:
45.03219985961914,-93.67076110839844,identifier,result
0.9594904184341431,17.165353775024414,identifier,dict
35.763240814208984,139.08157348632812,(,(
-85.13384246826172,107.16093444824219,),)
36.90803146362305,-80.3240966796875,identifier,num
-16.24420928955078,7.15026330947876,identifier,int
22.208541870117188,131.85025024414062,(,(
17.893068313598633,35.7326774597168,identifier,np
89.52587890625,33.08677291870117,.,.
21.24795150756836,-0.3709510266780853,identifier,log2
22.18671226501465,131.83099365234375,(,(
-5.385142803192139,54.08102798461914,identifier,len
16.09248924255371,131.75656127929688,(,(
32.488380432128906,-68.08365631103516,identifier,rho
-101.8668212890625,125.88960266113281,),)
-98.15840911865234,123.07308197021484,),)
-69.18453216552734,106.3735580444336,),)
40.115699768066406,-88.00043487548828,identifier,labels
-3.9986495971679688,12.90172290802002,identifier,list
18.429887771606445,124.16957092285156,(,(
14.37745475769043,12.252793312072754,identifier,map
18.315107345581055,124.41573333740234,(,(
-9.545815467834473,-51.8986701965332,identifier,x
-166.1815185546875,-27.981143951416016,:,:
-7.242660999298096,-51.91244888305664,identifier,x
93.91670989990234,58.23186492919922,.,.
5.070337295532227,-24.19197654724121,identifier,to_label
39.7426643371582,144.51101684570312,(,(
-111.39366912841797,134.46170043945312,),)
-93.65055847167969,25.503719329833984,",",","
13.715587615966797,-27.440404891967773,identifier,pauli_group
22.513206481933594,128.4072265625,(,(
39.449790954589844,-59.55719757080078,identifier,num
-100.8505859375,125.77664947509766,),)
-97.90274810791016,123.42217254638672,),)
-68.29899597167969,108.08704376220703,),)
41.659034729003906,-86.5317611694336,identifier,values
-3.959878921508789,12.586933135986328,identifier,list
18.440092086791992,120.9010009765625,(,(
14.470600128173828,12.228737831115723,identifier,map
18.082157135009766,121.39228820800781,(,(
-9.562250137329102,-51.890926361083984,identifier,x
-165.754638671875,-27.897850036621094,:,:
19.30716323852539,34.07743453979492,identifier,np
89.19507598876953,36.15911102294922,.,.
22.10951805114746,-1.8454571962356567,identifier,real
16.716398239135742,119.9709701538086,(,(
19.894153594970703,34.470272064208984,identifier,np
89.45475006103516,35.88639831542969,.,.
21.055274963378906,-2.044522523880005,identifier,trace
16.297706604003906,119.97551727294922,(,(
19.923969268798828,34.039974212646484,identifier,np
89.46675872802734,36.29084014892578,.,.
23.49539566040039,0.4347963035106659,identifier,dot
15.260724067687988,119.43717193603516,(,(
-7.192063331604004,-51.8738899230957,identifier,x
88.42362976074219,45.311073303222656,.,.
25.679597854614258,-5.519637107849121,identifier,to_matrix
43.309696197509766,143.7267303466797,(,(
-109.10333251953125,137.2495574951172,),)
-88.9278335571289,29.201908111572266,",",","
33.199920654296875,-67.77934265136719,identifier,rho
-97.50665283203125,129.15452575683594,),)
-93.8985824584961,126.84623718261719,),)
-93.61982727050781,126.32128143310547,),)
-86.70806884765625,28.412504196166992,",",","
14.018707275390625,-27.1180362701416,identifier,pauli_group
20.762271881103516,117.35806274414062,(,(
39.54884338378906,-59.53276062011719,identifier,num
-97.6668701171875,130.04916381835938,),)
-92.88829803466797,127.51399993896484,),)
-66.80197143554688,122.66804504394531,),)
-70.79450988769531,-100.82128143310547,for,for
28.052270889282227,-47.722225189208984,identifier,position
-114.32547760009766,31.00693130493164,",",","
50.59746170043945,-69.36663818359375,identifier,label
11.174077987670898,116.03057861328125,identifier,enumerate
11.612337112426758,116.3048095703125,(,(
55.199031829833984,-52.27974319458008,identifier,labels
-101.02780151367188,114.27439880371094,),)
-163.2639617919922,-36.867435455322266,:,:
55.78244400024414,-92.74932861328125,identifier,result
30.417009353637695,-47.854251861572266,identifier,label
58.12732696533203,-52.60859680175781,identifier,values
28.20144271850586,-47.92784881591797,identifier,position
78.81999206542969,-44.12084197998047,identifier,result
-27.213106155395508,-167.2762451171875,def,def
-26.275028228759766,-27.382863998413086,identifier,var
-83.68211364746094,-188.88330078125,(,(
34.693111419677734,-203.17562866210938,identifier,self
-140.0538787841797,20.244409561157227,",",","
20.785911560058594,-89.57633209228516,identifier,y
-144.6852264404297,27.510997772216797,",",","
-2.321289300918579,-95.6628189086914,identifier,na_rm
-143.4561309814453,30.282407760620117,",",","
-5.516924858093262,-94.05380249023438,identifier,use
-137.0078887939453,98.56581115722656,),)
-201.2136993408203,-21.032732009887695,:,:
27.811643600463867,-94.74333190917969,identifier,symmetric
-89.01017761230469,-108.0701904296875,if,if
21.343841552734375,-89.1148910522461,identifier,y
-178.52052307128906,-47.48371124267578,:,:
21.50481414794922,-89.09738159179688,identifier,y
185.85606384277344,-48.20949172973633,identifier,self
27.81972885131836,-94.73501586914062,identifier,symmetric
-87.85307312011719,-104.78567504882812,if,if
28.616037368774414,-74.89804077148438,identifier,use
-174.5948028564453,-47.47726058959961,:,:
28.6866397857666,-75.06902313232422,identifier,use
4.762245178222656,-12.134666442871094,"""","""complete.obs"""
-98.58721160888672,-105.86945343017578,if,if
21.427656173706055,-66.3506088256836,identifier,na_rm
-98.72825622558594,-57.599117279052734,else,else
4.873498439788818,-11.62952709197998,"""","""everything"""
-91.20939636230469,-100.97130584716797,if,if
190.93438720703125,-38.35379409790039,identifier,self
121.43724822998047,52.58587646484375,.,.
14.445985794067383,5.142374515533447,identifier,nrow
-64.6085433959961,-32.2524528503418,==,==
-73.11637115478516,-62.253623962402344,or,or
2.8176236152648926,116.1444320678711,(,(
191.61752319335938,-38.085514068603516,identifier,self
121.66940307617188,51.54096603393555,.,.
14.179499626159668,5.416654586791992,identifier,ncol
-63.85032272338867,-31.867984771728516,==,==
-76.45822143554688,-64.30819702148438,and,and
58.88591766357422,-62.36085510253906,identifier,y
122.35298919677734,49.11861801147461,.,.
14.048325538635254,5.559320449829102,identifier,ncol
-63.68103790283203,-31.671520233154297,==,==
-106.58251953125,115.15873718261719,),)
-166.60813903808594,-49.44207000732422,:,:
31.141971588134766,4.500237941741943,identifier,ExprNode
24.783132553100586,117.88373565673828,(,(
30.078725814819336,-15.68775463104248,"""","""var"""
-92.90013122558594,35.84077072143555,",",","
199.47998046875,-27.446653366088867,identifier,self
-92.380126953125,35.452415466308594,",",","
38.20435333251953,-45.72401428222656,identifier,y
-91.96334838867188,35.0997314453125,",",","
47.34413146972656,-43.244930267333984,identifier,use
-91.6022720336914,34.68566131591797,",",","
54.53559112548828,-38.80582046508789,identifier,symmetric
-88.03120422363281,128.55104064941406,),)
86.48656463623047,53.82773971557617,.,.
28.399686813354492,-4.218831539154053,identifier,_eager_scalar
44.17283630371094,139.69595336914062,(,(
-84.3875732421875,119.3720932006836,),)
37.782615661621094,-5.146240711212158,identifier,H2OFrame
97.57547760009766,39.53634262084961,.,.
30.93381118774414,0.9008104205131531,identifier,_expr
18.40088653564453,95.20822143554688,(,(
31.123374938964844,2.1754324436187744,identifier,expr
31.180099487304688,4.446266174316406,identifier,ExprNode
21.227197647094727,105.45384979248047,(,(
30.48805809020996,-15.651455879211426,"""","""var"""
-82.67652130126953,41.59014892578125,",",","
198.7275390625,-24.943317413330078,identifier,self
-82.1988754272461,40.98875427246094,",",","
38.21929931640625,-45.70330047607422,identifier,y
-82.05625915527344,40.671424865722656,",",","
47.3738899230957,-43.23081970214844,identifier,use
-81.78860473632812,40.06795120239258,",",","
54.57381057739258,-38.80043029785156,identifier,symmetric
-93.40228271484375,133.33807373046875,),)
-88.04379272460938,134.26832580566406,),)
85.93353271484375,53.84378433227539,.,.
32.1739387512207,0.5907835960388184,identifier,_frame
48.36410140991211,139.64892578125,(,(
-81.81926727294922,149.93211364746094,),)
-28.148868560791016,-168.786865234375,def,def
-27.52944564819336,-17.79960823059082,identifier,pause
-84.50521850585938,-187.67025756835938,(,(
34.54070281982422,-201.97848510742188,identifier,self
-137.06076049804688,17.17223358154297,",",","
9.296490669250488,-91.52633666992188,identifier,signum
-138.72291564941406,23.21858024597168,",",","
3.2088723182678223,-80.85537719726562,identifier,seconds
-143.7684783935547,28.50426483154297,",",","
-1.289711356163025,-94.44453430175781,identifier,callback_function
-136.74923706054688,99.33063507080078,),)
-203.3386688232422,-19.922216415405273,:,:
-91.32573699951172,-109.39509582519531,if,if
27.833751678466797,-69.90499877929688,identifier,callback_function
-178.62554931640625,-48.02470397949219,:,:
33.517295837402344,-83.09719848632812,identifier,callback_function
186.04193115234375,-42.960777282714844,identifier,self
129.40567016601562,57.19041442871094,.,.
1.6673121452331543,-30.031410217285156,identifier,default_handler
-87.73258209228516,-104.5433578491211,if,if
3.260641574859619,-80.67169189453125,identifier,seconds
-52.1341552734375,-32.441471099853516,>,>
-174.01043701171875,-46.61775207519531,:,:
180.92005920410156,-37.366127014160156,identifier,self
120.8746566772461,69.47183990478516,.,.
68.926513671875,87.08395385742188,identifier,log
69.13494873046875,79.5974349975586,.,.
60.881649017333984,86.07135772705078,identifier,info
44.06883239746094,107.1999282836914,(,(
14.681346893310547,-16.36414337158203,"""","""Signal handler pausing for {0} seconds or until it receives SIGALRM or SIGCONT"""
37.64326477050781,50.576576232910156,.,.
35.379127502441406,51.929019927978516,identifier,format
14.393571853637695,126.4561996459961,(,(
13.984886169433594,-58.3909797668457,identifier,seconds
-99.13838958740234,126.77095031738281,),)
-69.14907836914062,116.87955474853516,),)
81.99880981445312,-12.81032943725586,identifier,signal
86.25942993164062,59.768310546875,.,.
80.6559066772461,-11.560602188110352,identifier,signal
26.13995361328125,117.48727416992188,(,(
81.9298324584961,-13.966976165771484,identifier,signal
118.10736846923828,25.603862762451172,.,.
43.4956169128418,-23.73088264465332,identifier,SIGALRM
-84.03839874267578,27.95358657836914,",",","
44.98616409301758,-48.20698165893555,identifier,callback_function
-72.38533020019531,119.64277648925781,),)
82.2685546875,-12.84689712524414,identifier,signal
86.05870819091797,59.205604553222656,.,.
26.046661376953125,-2.586681604385376,identifier,alarm
31.98725128173828,111.37132263183594,(,(
13.98289680480957,-58.3848876953125,identifier,seconds
-79.39066314697266,125.5862808227539,),)
-106.50179290771484,-68.09310150146484,else,else
-149.2662811279297,-53.851863861083984,:,:
184.7410125732422,-27.632171630859375,identifier,self
119.0622329711914,69.90834045410156,.,.
70.15863800048828,86.7028579711914,identifier,log
67.0158920288086,79.42642974853516,.,.
58.81755065917969,85.23306274414062,identifier,info
42.95008087158203,103.04270935058594,(,(
35.73360061645508,-10.882720947265625,"""",'Signal handler pausing until it receives SIGALRM or SIGCONT'
-69.81867218017578,131.66551208496094,),)
82.60736846923828,-12.947771072387695,identifier,signal
81.43099212646484,60.00636291503906,.,.
80.64483642578125,-11.543316841125488,identifier,signal
24.345823287963867,105.0302505493164,(,(
82.20800018310547,-14.314318656921387,identifier,signal
118.01420593261719,26.884754180908203,.,.
44.09038543701172,-23.285234451293945,identifier,SIGCONT
-81.45857238769531,32.993675231933594,",",","
45.14847183227539,-48.063472747802734,identifier,callback_function
-73.17235565185547,134.4608154296875,),)
82.85530090332031,-13.12015438079834,identifier,signal
80.90142059326172,59.13276290893555,.,.
40.53225326538086,0.8524491786956787,identifier,pause
45.533058166503906,136.58033752441406,(,(
-83.79361724853516,143.8734588623047,),)
184.49488830566406,-21.492900848388672,identifier,self
119.88310241699219,71.46316528320312,.,.
70.27654266357422,87.80925750732422,identifier,log
65.8474349975586,77.5309829711914,.,.
58.8841438293457,86.64507293701172,identifier,info
42.755924224853516,99.91107177734375,(,(
46.123226165771484,-9.220868110656738,"""",'Signal handler resuming from pause'
-74.3511734008789,141.5994110107422,),)
-98.4155044555664,-88.75686645507812,if,if
64.90545654296875,-28.814151763916016,identifier,signum
-61.47152328491211,-27.714942932128906,==,==
82.26053619384766,-14.54224967956543,identifier,signal
117.8680419921875,27.646221160888672,.,.
44.136756896972656,-23.389429092407227,identifier,SIGALRM
-152.34457397460938,-37.975345611572266,:,:
-110.74920654296875,-65.29220581054688,else,else
-145.2351531982422,-49.971378326416016,:,:
-31.9233341217041,-166.17376708984375,def,def
-22.225502014160156,-26.85889434814453,identifier,execute_pipeline
-79.88936614990234,-184.51380920410156,(,(
15.184523582458496,-104.28484344482422,identifier,pipeline
-140.2399444580078,22.96965789794922,",",","
4.763128757476807,-94.88585662841797,identifier,environment_dict
-143.6209716796875,29.861820220947266,",",","
-0.894679844379425,-93.46775817871094,identifier,run_config
-136.35171508789062,98.49325561523438,),)
-200.695556640625,-21.725780487060547,:,:
-10.851253509521484,-27.6345272064209,identifier,check
96.91910552978516,55.4371452331543,.,.
2.420738697052002,-25.91356658935547,identifier,inst_param
28.059555053710938,131.13180541992188,(,(
15.61278247833252,-104.962158203125,identifier,pipeline
-92.4989013671875,20.006771087646484,",",","
2.543449878692627,-15.890893936157227,"""",'pipeline'
-93.60071563720703,23.065515518188477,",",","
-6.1043701171875,-19.431774139404297,identifier,PipelineDefinition
-79.25532531738281,106.90449523925781,),)
34.72867965698242,-83.57015228271484,identifier,environment_dict
-10.84121036529541,-27.640493392944336,identifier,check
97.4079818725586,55.33296585083008,.,.
2.886429786682129,-25.824905395507812,identifier,opt_dict_param
23.975549697875977,126.95276641845703,(,(
32.88632583618164,-63.4822883605957,identifier,environment_dict
-92.3798828125,19.915985107421875,",",","
17.397144317626953,-19.897130966186523,"""",'environment_dict'
-77.01583099365234,112.92263793945312,),)
44.444618225097656,-80.50456237792969,identifier,run_config
13.249704360961914,-22.809419631958008,identifier,check_run_config_param
22.808269500732422,123.46080780029297,(,(
38.67876434326172,-57.481178283691406,identifier,run_config
-75.69790649414062,118.10382843017578,),)
46.6052360534668,-78.41363525390625,identifier,environment_config
24.46784210205078,-7.536139965057373,identifier,create_environment_config
22.60918617248535,117.78433990478516,(,(
16.165821075439453,-105.63743591308594,identifier,pipeline
-89.13204193115234,32.365230560302734,",",","
40.649314880371094,-52.131832122802734,identifier,environment_dict
-73.9760971069336,122.9202880859375,),)
51.098445892333984,-75.84403228759766,identifier,intermediates_manager
29.99361228942871,-5.917155742645264,identifier,construct_intermediates_manager
22.307056427001953,112.30094909667969,(,(
49.13361740112305,-49.855201721191406,identifier,run_config
-86.61337280273438,34.48040008544922,",",","
49.2672233581543,-49.43709182739258,identifier,environment_config
-86.2990951538086,34.288002014160156,",",","
16.567472457885742,-105.6934585571289,identifier,pipeline
-76.71702575683594,129.8603057861328,),)
52.36434555053711,-7.232655048370361,identifier,_pipeline_execution_context_manager
21.360668182373047,103.25763702392578,(,(
16.146114349365234,-106.38986206054688,identifier,pipeline
-80.7580795288086,41.26860809326172,",",","
60.32181930541992,-39.376888275146484,identifier,environment_config
-80.52667999267578,41.434959411621094,",",","
60.48198318481445,-39.39952850341797,identifier,run_config
-80.0135726928711,41.56321716308594,",",","
62.285667419433594,-39.944122314453125,identifier,intermediates_manager
-83.44140625,138.45303344726562,),)
76.48639678955078,-29.630535125732422,identifier,pipeline_context
-161.49061584472656,-34.465476989746094,:,:
75.47930145263672,-28.112306594848633,identifier,event_list
-2.8836934566497803,13.681761741638184,identifier,list
15.28824234008789,102.25524139404297,(,(
52.5345458984375,-6.952879905700684,identifier,_execute_pipeline_iterator
18.659793853759766,102.78362274169922,(,(
68.53356170654297,-34.410404205322266,identifier,pipeline_context
-94.142822265625,136.47988891601562,),)
-70.25322723388672,142.33457946777344,),)
50.47772216796875,-7.055847644805908,identifier,PipelineExecutionResult
23.170108795166016,97.44686889648438,(,(
16.2552490234375,-106.79881286621094,identifier,pipeline
-76.4565200805664,41.73915100097656,",",","
74.69171905517578,-34.93061065673828,identifier,run_config
123.94410705566406,32.746585845947266,.,.
55.38390350341797,-10.680160522460938,identifier,run_id
-76.29219055175781,42.48301696777344,",",","
69.35991668701172,-37.383705139160156,identifier,event_list
-76.44023895263672,43.04155731201172,",",","
-165.08958435058594,-27.74600601196289,:,:
53.618003845214844,-7.019450664520264,identifier,_pipeline_execution_context_manager
24.91754150390625,96.7157211303711,(,(
16.258113861083984,-106.69725036621094,identifier,pipeline
-74.67579650878906,41.164031982421875,",",","
72.4149169921875,-35.47199630737305,identifier,environment_config
-74.62279510498047,40.9527473449707,",",","
72.37002563476562,-35.48448944091797,identifier,run_config
-74.67266845703125,40.65924072265625,",",","
71.57136535644531,-34.54967498779297,identifier,intermediates_manager
-91.63180541992188,137.4620361328125,),)
-106.30601501464844,47.9814453125,",",","
-70.67481994628906,150.2590789794922,),)
-25.727142333984375,-171.62374877929688,def,def
-24.85396385192871,-20.07804298400879,identifier,redraw_label
-87.05606079101562,-183.02362060546875,(,(
30.987945556640625,-200.29791259765625,identifier,self
-141.855224609375,108.32483673095703,),)
-200.16259765625,-15.914695739746094,:,:
25.36615562438965,-91.34620666503906,identifier,sx
-114.20623779296875,26.30144691467285,",",","
22.714080810546875,-90.83451843261719,identifier,sy
184.19064331054688,-46.57301712036133,identifier,self
129.4696807861328,59.44841003417969,.,.
4.83706521987915,-46.263206481933594,identifier,size
25.38979148864746,-91.36045837402344,identifier,x
-113.92514038085938,26.100051879882812,",",","
22.485692977905273,-90.60139465332031,identifier,y
184.8153533935547,-46.223899841308594,identifier,self
129.13111877441406,59.27870559692383,.,.
-0.19492357969284058,-28.804073333740234,identifier,pos
177.53172302246094,-31.503271102905273,identifier,self
116.12140655517578,58.75038528442383,.,.
1.684411883354187,-40.81825256347656,identifier,_label
116.0820541381836,51.274147033691406,.,.
10.916698455810547,-36.226531982421875,identifier,font_name
189.33956909179688,-45.49531555175781,identifier,self
129.30789184570312,54.90508270263672,.,.
9.484006881713867,-34.754173278808594,identifier,font_name
177.647705078125,-31.10080909729004,identifier,self
116.1436538696289,59.081153869628906,.,.
1.2812237739562988,-41.222633361816406,identifier,_label
115.6716537475586,51.296443939208984,.,.
10.676219940185547,-35.39790725708008,identifier,font_size
190.25192260742188,-45.10805130004883,identifier,self
129.30140686035156,54.02191925048828,.,.
10.264554977416992,-34.702728271484375,identifier,font_size
178.07249450683594,-30.802915573120117,identifier,self
115.17862701416016,59.001930236816406,.,.
1.7125779390335083,-41.26459884643555,identifier,_label
115.38484954833984,50.652183532714844,.,.
11.328697204589844,-34.88351058959961,identifier,font_color
195.67724609375,-39.64788055419922,identifier,self
129.034912109375,51.84531021118164,.,.
10.708379745483398,-34.21894073486328,identifier,font_color
178.67257690429688,-29.44611358642578,identifier,self
113.41162109375,58.32586669921875,.,.
1.422547698020935,-41.785953521728516,identifier,_label
114.46695709228516,49.69452667236328,.,.
13.85882568359375,-46.232051849365234,identifier,x
-15.004695892333984,7.044928550720215,identifier,int
14.647224426269531,121.92460632324219,(,(
13.623685836791992,-46.79293441772461,identifier,x
-37.44746780395508,22.884807586669922,+,+
13.599925994873047,-47.031394958496094,identifier,sx
-72.53445434570312,118.57205200195312,),)
180.316650390625,-27.521862030029297,identifier,self
111.99654388427734,58.39809799194336,.,.
1.8080171346664429,-42.217323303222656,identifier,_label
113.66392517089844,49.41154861450195,.,.
15.383171081542969,-45.67124938964844,identifier,y
-15.27791976928711,6.250474452972412,identifier,int
14.662774085998535,116.19512939453125,(,(
15.591582298278809,-45.79644775390625,identifier,y
-37.36228942871094,23.208236694335938,+,+
16.010318756103516,-46.50617980957031,identifier,sy
-71.94233703613281,122.33698272705078,),)
180.84991455078125,-26.253000259399414,identifier,self
111.08934783935547,58.12613296508789,.,.
1.4772030115127563,-42.70953369140625,identifier,_label
113.53937530517578,48.357295989990234,.,.
37.639373779296875,-15.702425003051758,identifier,width
195.4647979736328,-27.047204971313477,identifier,self
131.06649780273438,41.9520378112793,.,.
45.42002868652344,-27.89543342590332,identifier,size
180.75796508789062,-25.049083709716797,identifier,self
110.71590423583984,58.261322021484375,.,.
1.5036488771438599,-42.88350296020508,identifier,_label
113.0782241821289,48.28935241699219,.,.
37.698936462402344,-15.705659866333008,identifier,height
195.35855102539062,-26.61716651916504,identifier,self
131.16558837890625,41.89777755737305,.,.
45.43006134033203,-27.895605087280273,identifier,size
185.69964599609375,-21.293201446533203,identifier,self
109.4731216430664,58.43882369995117,.,.
1.0676722526550293,-43.02387619018555,identifier,_label
81.35550689697266,58.04206466674805,.,.
35.146942138671875,1.6353914737701416,identifier,_update
46.87541961669922,136.99111938476562,(,(
-80.58292388916016,148.96775817871094,),)
-31.859712600708008,-165.52471923828125,def,def
-24.35371971130371,-25.681367874145508,identifier,snip_print
-79.8458023071289,-186.24586486816406,(,(
-23.010961532592773,-2.400968551635742,identifier,str
-138.96035766601562,22.294448852539062,",",","
2.359325647354126,-85.41542053222656,identifier,width
-144.59031677246094,28.324668884277344,",",","
-1.7855980396270752,-95.90911102294922,identifier,print_full
-143.74844360351562,31.641685485839844,",",","
-1.5935640335083008,-87.01297760009766,identifier,header
-3.940225124359131,-6.286370277404785,"""",''
-134.9167938232422,98.82272338867188,),)
-203.11143493652344,-20.885927200317383,:,:
-91.22885131835938,-109.95260620117188,if,if
21.262197494506836,-67.84590911865234,identifier,print_full
-64.2473373413086,-34.56242752075195,==,==
-177.2945556640625,-50.269351959228516,:,:
-19.47724723815918,-35.3059196472168,identifier,page
29.364187240600586,129.21221923828125,(,(
7.093003273010254,-63.529296875,identifier,header
-40.661678314208984,27.2032470703125,+,+
-22.89978790283203,-1.3803786039352417,identifier,str
-78.03025817871094,104.70152282714844,),)
7.173828601837158,-63.65336990356445,identifier,header
-109.67080688476562,24.591949462890625,",",","
-91.83000183105469,-104.78080749511719,if,if
-6.198762893676758,55.35966873168945,identifier,len
13.486464500427246,132.88963317871094,(,(
-23.12627601623535,-1.656187891960144,identifier,str
-109.27599334716797,124.17167663574219,),)
-51.02119827270508,-27.123165130615234,<,<
17.845335006713867,-60.3029899597168,identifier,width
-173.7085418701172,-50.49303436279297,:,:
-23.388078689575195,-0.9242523908615112,identifier,str
43.662662506103516,-87.15435791015625,identifier,snip
-104.54508209228516,-65.67940521240234,else,else
-152.1925048828125,-55.9755744934082,:,:
40.83269119262695,-81.83982849121094,identifier,whalf
-15.354241371154785,7.160926342010498,identifier,int
18.78662109375,121.96755981445312,(,(
5.276798725128174,113.94407653808594,(,(
17.821083068847656,-60.264076232910156,identifier,width
-30.037073135375977,14.138376235961914,-,-
-105.96859741210938,124.64398956298828,),)
-71.25340270996094,115.16958618164062,),)
-24.5645809173584,-1.394931674003601,identifier,str
-128.27267456054688,-39.62915802001953,:,:
25.9743709564209,-50.967838287353516,identifier,whalf
-37.694000244140625,27.654008865356445,+,+
16.636337280273438,-11.332319259643555,"""",' <...> '
-38.805782318115234,29.241270065307617,+,+
-24.60076904296875,-1.4217915534973145,identifier,str
-28.95183753967285,13.541717529296875,-,-
25.970720291137695,-50.95880889892578,identifier,whalf
-129.65762329101562,-39.6260871887207,:,:
54.073814392089844,-78.73209381103516,identifier,snip
-92.22999572753906,-92.59188842773438,if,if
47.15657424926758,-62.93807601928711,identifier,snip
-77.29743957519531,-64.95708465576172,and,and
20.169429779052734,-68.24250793457031,identifier,print_full
-63.81927490234375,-29.946670532226562,==,==
-161.76280212402344,-41.5576171875,:,:
-97.62330627441406,-95.06037902832031,if,if
33.085201263427734,-5.660861968994141,identifier,raw_input
20.973047256469727,110.60539245605469,(,(
6.749682426452637,-63.02403259277344,identifier,header
-35.71031188964844,27.980915069580078,+,+
38.80034255981445,-9.367325782775879,"""",' Snipped. View (y/n)? [N]'
-88.68132019042969,130.474609375,),)
76.54127502441406,45.45857620239258,.,.
8.591928482055664,15.167864799499512,identifier,lower
46.89699172973633,145.4969024658203,(,(
-105.4139404296875,134.5645294189453,),)
-63.778900146484375,-27.839235305786133,==,==
40.039485931396484,-14.169055938720703,"""",'y'
-156.54751586914062,-38.500179290771484,:,:
-19.479480743408203,-35.31568145751953,identifier,page
25.693408966064453,105.92303466796875,(,(
-22.676259994506836,-1.0792630910873413,identifier,str
-78.01876831054688,137.07354736328125,),)
73.46864318847656,-41.266998291015625,identifier,snip
-32.84026336669922,-166.82574462890625,def,def
-25.098691940307617,-26.842742919921875,identifier,ngramize
-78.79405212402344,-186.41290283203125,(,(
13.027871131896973,-93.80289459228516,identifier,items
-189.8091583251953,-10.042197227478027,:,:
-14.382707595825195,-14.644658088684082,identifier,List
-19.669496536254883,-1.5421500205993652,identifier,str
-140.3292999267578,32.21913528442383,",",","
1.411845088005066,-94.47110748291016,identifier,ngram_range
-0.05071282759308815,115.40167236328125,(,(
-98.56126403808594,21.489830017089844,",",","
-98.78961181640625,121.34245300292969,),)
-139.07424926757812,96.54766845703125,),)
-12.183055877685547,-16.844234466552734,identifier,Generator
-14.369869232177734,-14.64041519165039,identifier,List
-19.42631721496582,-1.6359590291976929,identifier,str
-102.65327453613281,21.542724609375,",",","
-17.3055419921875,-2.6241695880889893,identifier,Any
-102.63887786865234,21.552732467651367,",",","
-196.0839080810547,-23.088167190551758,:,:
42.73856735229492,-89.69893646240234,identifier,ngrams
39.521385192871094,-88.26862335205078,identifier,ranges
1.7897995710372925,114.99638366699219,(,(
-90.66014862060547,21.821584701538086,",",","
-4.297153949737549,-58.857872009277344,identifier,i
-103.67878723144531,126.75856018066406,),)
-65.37450408935547,-92.13652038574219,for,for
4.258779048919678,-52.6580696105957,identifier,i
-10.948511123657227,11.381569862365723,identifier,range
16.832141876220703,123.22118377685547,(,(
36.82672119140625,-61.44012451171875,identifier,ngram_range
-90.06706237792969,28.062053680419922,",",","
36.90597152709961,-61.417171478271484,identifier,ngram_range
-36.45845031738281,24.418289184570312,+,+
-96.67498016357422,125.81350708007812,),)
-70.77725982666016,-102.04048156738281,for,for
1.338798999786377,-56.38974380493164,identifier,r
38.68724060058594,-66.41613006591797,identifier,ranges
-166.43655395507812,-37.32001495361328,:,:
58.643577575683594,-88.61736297607422,identifier,ngrams
-3.524531602859497,12.424786567687988,identifier,list
17.90434455871582,118.63896942138672,(,(
15.609739303588867,17.09777069091797,identifier,zip
17.854900360107422,118.43302154541016,(,(
54.83198547363281,-56.70981979370117,identifier,items
-5.0390191078186035,-56.531864166259766,identifier,j
-129.6235809326172,-39.74232864379883,:,:
-66.75180053710938,-93.20995330810547,for,for
-0.3003791272640228,-56.937503814697266,identifier,j
-10.795995712280273,11.544275283813477,identifier,range
17.02848243713379,116.07818603515625,(,(
1.3540525436401367,-54.800899505615234,identifier,r
-97.53913879394531,130.76251220703125,),)
-93.50177764892578,127.85520935058594,),)
-68.90157318115234,124.01118469238281,),)
51.14552307128906,-74.13603973388672,identifier,formatted_ngrams
1.6035847663879395,-3.337775230407715,"""",' '
40.79798126220703,46.134300231933594,.,.
41.05023956298828,40.80350875854492,identifier,join
14.588031768798828,109.69709777832031,(,(
-7.963926315307617,-58.65958786010742,identifier,item
-99.13108825683594,134.04844665527344,),)
-67.5527572631836,-92.54100799560547,for,for
-10.038762092590332,-58.871734619140625,identifier,item
54.922542572021484,-51.46354675292969,identifier,ngrams
72.40125274658203,-41.145816802978516,identifier,formatted_ngrams
-32.17718505859375,-162.77171325683594,def,def
-24.718223571777344,-22.69097900390625,identifier,_iter_code
-84.5967025756836,-180.0244140625,(,(
17.767776489257812,-97.39898681640625,identifier,code
-141.0449676513672,106.74470520019531,),)
-202.13328552246094,-14.091843605041504,:,:
-11.856456756591797,-10.900713920593262,identifier,array
-11.84920883178711,-10.896849632263184,identifier,array
-0.041010916233062744,-16.815532684326172,identifier,dis
6.077827453613281,-33.037391662597656,identifier,HAVE_ARGUMENT
-112.70137023925781,24.355432510375977,",",","
6.120176792144775,-33.0656852722168,identifier,EXTENDED_ARG
37.57841873168945,-89.91403198242188,identifier,bytes
-11.797804832458496,-10.913744926452637,identifier,array
29.865245819091797,130.02882385253906,(,(
3.381047010421753,-12.413154602050781,"""",'b'
-94.45828247070312,24.092422485351562,",",","
21.97577667236328,-98.75685119628906,identifier,code
127.10647583007812,55.59384536743164,.,.
4.104816436767578,-34.67455291748047,identifier,co_code
-79.3000717163086,107.47503662109375,),)
37.483978271484375,-82.993896484375,identifier,eof
-6.470942497253418,54.46192932128906,identifier,len
15.802444458007812,133.09852600097656,(,(
21.992141723632812,-98.75950622558594,identifier,code
126.78470611572266,55.72692108154297,.,.
4.107794284820557,-34.68861770629883,identifier,co_code
-78.81070709228516,110.29579162597656,),)
39.07469177246094,-80.99369049072266,identifier,ptr
45.816864013671875,-83.83627319335938,identifier,extended_arg
-79.90261840820312,-105.72223663330078,while,while
13.636109352111816,-54.149967193603516,identifier,ptr
-50.39755630493164,-26.881797790527344,<,<
34.04098892211914,-56.22077178955078,identifier,eof
-168.42041015625,-37.8954963684082,:,:
52.752540588378906,-82.65438079833984,identifier,op
46.281620025634766,-40.35883331298828,identifier,bytes
13.62625789642334,-53.89282989501953,identifier,ptr
-91.43257904052734,-96.99075317382812,if,if
57.63105392456055,-69.20654296875,identifier,op
39.7783088684082,-26.40130615234375,identifier,HAVE_ARGUMENT
-165.01593017578125,-44.272254943847656,:,:
51.902488708496094,-81.041015625,identifier,arg
46.29354476928711,-40.35638427734375,identifier,bytes
13.536876678466797,-53.63455581665039,identifier,ptr
-35.25952911376953,22.815359115600586,+,+
-38.41189193725586,24.763362884521484,+,+
46.29389190673828,-40.34934616088867,identifier,bytes
13.511008262634277,-53.57957458496094,identifier,ptr
-35.46406173706055,22.708580017089844,+,+
-38.14084243774414,24.621047973632812,+,+
43.92503356933594,-51.90569305419922,identifier,extended_arg
12.798685073852539,-51.89415740966797,identifier,ptr
-94.29805755615234,-91.69347381591797,if,if
57.74889373779297,-68.96131134033203,identifier,op
-63.3161506652832,-29.052078247070312,==,==
39.797569274902344,-26.36850929260254,identifier,EXTENDED_ARG
-156.24905395507812,-43.65483856201172,:,:
56.139251708984375,-74.72360229492188,identifier,extended_arg
74.36107635498047,-47.3025016784668,identifier,arg
23.67142677307129,11.456018447875977,identifier,compat
94.26520538330078,36.92560958862305,.,.
44.79925537109375,-0.37394648790359497,identifier,long_type
19.796037673950195,107.20800018310547,(,(
-76.50406646728516,134.7996368408203,),)
-109.30948638916016,-66.98455047607422,else,else
-146.58433532714844,-51.08622741699219,:,:
74.3169937133789,-47.70389175415039,identifier,arg
12.780765533447266,-51.841224670410156,identifier,ptr
57.93709945678711,-68.5281753540039,identifier,op
-104.96968078613281,35.38473129272461,",",","
74.3808822631836,-46.83186340332031,identifier,arg
-28.412628173828125,-171.162109375,def,def
-25.425600051879883,-20.0097599029541,identifier,refactor_step
-83.31302642822266,-185.90296936035156,(,(
35.520442962646484,-199.4832000732422,identifier,self
-136.66964721679688,19.692174911499023,",",","
6.506697177886963,-93.83937072753906,identifier,old_text
-134.1407928466797,26.363744735717773,",",","
5.732041835784912,-93.60723114013672,identifier,new_text
-135.10101318359375,28.77705955505371,",",","
0.635641872882843,-92.49677276611328,identifier,move_param_from_idx
-135.16233825683594,100.23917388916016,),)
-200.060546875,-21.034006118774414,:,:
42.929290771484375,-90.19446563720703,identifier,diffs
27.19013786315918,-78.17066192626953,identifier,step
-113.20877838134766,27.385520935058594,",",","
19.338953018188477,-93.81626892089844,identifier,func
184.8605499267578,-39.046688079833984,identifier,self
112.78804779052734,67.13373565673828,.,.
5.297426700592041,-24.77699851989746,identifier,_find_step_node
24.986736297607422,128.7771453857422,(,(
30.525671005249023,-61.39130783081055,identifier,old_text
-76.35313415527344,108.38845825195312,),)
-89.29773712158203,-104.8750228881836,if,if
26.991348266601562,-77.71369171142578,identifier,step
-173.69015502929688,-53.184329986572266,:,:
38.48771667480469,-63.7501106262207,identifier,diffs
44.70284652709961,-81.55998229980469,identifier,step_diff
186.8179168701172,-34.68718338012695,identifier,self
110.75399780273438,66.31727600097656,.,.
13.907092094421387,-22.64055824279785,identifier,_refactor_step_text
24.27796173095703,121.73760223388672,(,(
26.893095016479492,-77.51972198486328,identifier,step
-92.66691589355469,32.521785736083984,",",","
37.07236862182617,-55.203697204589844,identifier,old_text
-91.74407196044922,32.173099517822266,",",","
37.153419494628906,-54.86113357543945,identifier,new_text
-75.15715789794922,118.88209533691406,),)
58.550960540771484,-89.18197631835938,identifier,diffs
80.3394546508789,66.3075942993164,.,.
59.09567642211914,57.515960693359375,identifier,append
32.08555603027344,113.53482818603516,(,(
43.97992706298828,-55.14784622192383,identifier,step_diff
-75.0617446899414,122.68865203857422,),)
51.157264709472656,-76.33538055419922,identifier,moved_params
188.9232635498047,-30.12032127380371,identifier,self
108.25997161865234,65.7706298828125,.,.
27.9365234375,-5.51386022567749,identifier,_move_params
20.5198917388916,113.57127380371094,(,(
74.59415435791016,-55.732276916503906,identifier,func
121.60954284667969,43.64640426635742,.,.
66.72322082519531,-0.10101774334907532,identifier,arguments
-85.14482116699219,31.100860595703125,",",","
43.75895690917969,-46.17833709716797,identifier,move_param_from_idx
-76.18724060058594,128.3480987548828,),)
-95.0988540649414,-93.11326599121094,if,if
75.03672790527344,-55.14832305908203,identifier,func
119.77818298339844,44.595062255859375,.,.
66.329345703125,-0.6036361455917358,identifier,arguments
52.890079498291016,-51.19765090942383,identifier,moved_params
-158.11488342285156,-38.98838424682617,:,:
52.774627685546875,-72.68653869628906,identifier,params_span
189.45225524902344,-25.363691329956055,identifier,self
106.4461898803711,63.94862747192383,.,.
45.58317947387695,-3.7994911670684814,identifier,_span_for_node
21.975210189819336,104.20185852050781,(,(
74.51859283447266,-55.225181579589844,identifier,func
121.28910064697266,39.89491271972656,.,.
66.7145004272461,-0.4341566562652588,identifier,arguments
-79.59901428222656,31.768695831298828,",",","
-74.00444030761719,137.24110412597656,),)
75.14886474609375,-54.65540313720703,identifier,func
107.62899017333984,50.21683883666992,.,.
66.13355255126953,-0.9700027108192444,identifier,arguments
65.80294036865234,-40.22806167602539,identifier,moved_params
71.12199401855469,-46.66461181640625,identifier,diffs
79.47404479980469,63.15057373046875,.,.
60.420982360839844,59.16946792602539,identifier,append
30.183042526245117,101.83003234863281,(,(
1.678929090499878,113.2913818359375,(,(
65.6554183959961,-38.21458053588867,identifier,params_span
-80.44796752929688,36.358253479003906,",",","
74.13533782958984,-54.98308181762695,identifier,func
121.16806030273438,39.49559783935547,.,.
67.050537109375,-0.577370285987854,identifier,arguments
78.5376205444336,49.412139892578125,.,.
48.85337448120117,2.063492774963379,identifier,dumps
48.48796463012695,145.03382873535156,(,(
-104.64810180664062,139.82818603515625,),)
-91.9784164428711,133.3815460205078,),)
-69.7537841796875,141.98907470703125,),)
75.475341796875,-41.073814392089844,identifier,diffs
-31.2370548248291,-170.12928771972656,def,def
-19.788305282592773,-24.142574310302734,identifier,serialzeValueToTCL
-81.64949798583984,-185.2452850341797,(,(
33.91006088256836,-196.65760803222656,identifier,self
-134.14430236816406,20.669095993041992,",",","
11.009803771972656,-91.08927154541016,identifier,val
-142.46939086914062,26.90973472595215,",",","
-2.752798318862915,-96.25411224365234,identifier,do_eval
-138.45738220214844,98.09260559082031,),)
-11.038239479064941,-17.996585845947266,identifier,Tuple
-18.48675537109375,-1.6616414785385132,identifier,str
-101.64102935791016,21.58941650390625,",",","
-18.820127487182617,-1.1896615028381348,identifier,str
-101.71946716308594,21.597944259643555,",",","
-14.067496299743652,-4.025956630706787,identifier,bool
-196.58908081054688,-23.636430740356445,:,:
-92.95315551757812,-107.6654052734375,if,if
-15.921736717224121,24.868324279785156,identifier,isinstance
8.916276931762695,131.6897735595703,(,(
66.80899810791016,-79.78536224365234,identifier,val
-91.30221557617188,10.694052696228027,",",","
-13.851410865783691,4.67949914932251,identifier,int
-108.71867370605469,117.81929779052734,),)
-176.22299194335938,-47.35834503173828,:,:
65.6553955078125,-80.55824279785156,identifier,val
4.636960506439209,-22.178409576416016,identifier,hInt
24.05154800415039,129.3611602783203,(,(
67.32022094726562,-79.76644897460938,identifier,val
-75.8851089477539,108.32577514648438,),)
-89.45032501220703,-103.55782318115234,if,if
20.90048599243164,-66.06375885009766,identifier,do_eval
-173.07447814941406,-47.79136657714844,:,:
65.63031768798828,-80.56008911132812,identifier,val
68.044921875,-79.48946380615234,identifier,val
96.8854751586914,50.166595458984375,.,.
12.339864730834961,-26.383665084838867,identifier,staticEval
40.9205207824707,141.30625915527344,(,(
-84.19574737548828,114.25769805908203,),)
-90.41771697998047,-99.56494903564453,if,if
-15.302239418029785,26.355443954467773,identifier,isinstance
8.784217834472656,129.49725341796875,(,(
66.73845672607422,-79.73517608642578,identifier,val
-89.53956604003906,11.083097457885742,",",","
21.577150344848633,-14.681675910949707,identifier,RtlSignalBase
-104.44743347167969,117.81483459472656,),)
-166.3282928466797,-44.88155746459961,:,:
49.09101867675781,-79.45926666259766,identifier,ctx
41.696590423583984,-28.89825439453125,identifier,VivadoTclExpressionSerializer
95.91537475585938,41.96566390991211,.,.
23.19867515563965,-10.489280700683594,identifier,getBaseContext
43.20521545410156,141.6383056640625,(,(
-82.08905029296875,118.58625030517578,),)
49.717708587646484,-76.36587524414062,identifier,tclVal
42.06377410888672,-28.925704956054688,identifier,VivadoTclExpressionSerializer
96.01838684082031,41.091796875,.,.
56.00639724731445,2.6494834423065186,identifier,asHdl
22.34628677368164,112.42295837402344,(,(
69.4497299194336,-79.0877914428711,identifier,val
-85.62899780273438,32.95531463623047,",",","
47.32416534423828,-48.78046798706055,identifier,ctx
-73.3289794921875,127.99297332763672,),)
49.681270599365234,-75.68453979492188,identifier,tclValVal
42.36458969116211,-28.900115966796875,identifier,VivadoTclExpressionSerializer
96.11116027832031,40.699588775634766,.,.
55.96685028076172,2.4274470806121826,identifier,asHdl
19.701383590698242,108.20932006835938,(,(
69.16626739501953,-79.10015869140625,identifier,val
124.2251205444336,38.59756851196289,.,.
42.26763916015625,-13.860154151916504,identifier,staticEval
47.910926818847656,142.52610778808594,(,(
-105.29021453857422,138.71116638183594,),)
-70.820556640625,137.4984893798828,),)
70.43238067626953,-41.42294692993164,identifier,tclVal
-104.47946166992188,34.6192626953125,",",","
70.36677551269531,-40.02970886230469,identifier,tclValVal
-102.25849914550781,36.19789505004883,",",","
-110.02445983886719,-68.64110565185547,else,else
-147.65313720703125,-50.08152770996094,:,:
73.7050552368164,-28.510435104370117,identifier,tclVal
54.16596984863281,-22.54137420654297,identifier,VivadoTclExpressionSerializer
97.83283233642578,37.075931549072266,.,.
55.917213439941406,2.0154266357421875,identifier,asHdl
24.12504005432129,99.72677612304688,(,(
69.7098617553711,-79.08158874511719,identifier,val
-78.66075134277344,33.192020416259766,",",","
-78.71212768554688,141.23800659179688,),)
70.61717987060547,-41.26877975463867,identifier,tclVal
-104.00542449951172,34.96825408935547,",",","
70.66462707519531,-39.697601318359375,identifier,tclVal
-102.68374633789062,36.14356231689453,",",","
-28.955184936523438,-169.34036254882812,def,def
-24.034927368164062,-20.39567756652832,identifier,with_debug
-83.18049621582031,-186.88291931152344,(,(
33.311561584472656,-199.82872009277344,identifier,self
-139.785400390625,21.56281852722168,",",","
4.439280033111572,-95.31558227539062,identifier,os_path
-144.86654663085938,29.03044319152832,",",","
-1.8818602561950684,-95.12720489501953,identifier,skip_sub_command
-144.93411254882812,32.375244140625,",",","
-2.2779290676116943,-93.88440704345703,identifier,disk_closed_callback
-135.4300079345703,97.21849060058594,),)
-200.9716339111328,-22.483699798583984,:,:
34.23536682128906,-84.23261260986328,identifier,sub_command
-98.55992889404297,-105.91962432861328,if,if
23.836217880249023,-67.41081237792969,identifier,skip_sub_command
-98.7193603515625,-57.59109115600586,else,else
188.54373168945312,-42.51762008666992,identifier,self
129.47589111328125,55.947601318359375,.,.
7.822352409362793,-27.845714569091797,identifier,debug_sub_command
46.9334716796875,-88.46746063232422,identifier,out
-112.26905822753906,28.2696590423584,",",","
8.951555252075195,-79.0035400390625,identifier,path
186.00050354003906,-35.63667678833008,identifier,self
111.2945785522461,66.77716064453125,.,.
11.42287826538086,-22.944520950317383,identifier,_get_out_and_path
25.099821090698242,122.01660919189453,(,(
193.5230255126953,-37.74626541137695,identifier,self
129.59242248535156,50.14933395385742,.,.
8.673102378845215,-2.1965208053588867,identifier,debug
-92.01393127441406,31.154224395751953,",",","
193.70794677734375,-36.8302116394043,identifier,self
129.6732940673828,49.49256896972656,.,.
16.587064743041992,-26.19921875,identifier,debug_root
-92.44007873535156,31.968875885009766,",",","
37.218528747558594,-55.90071105957031,identifier,sub_command
-91.80718994140625,32.01499557495117,",",","
37.072330474853516,-54.340641021728516,identifier,os_path
-76.50169372558594,119.90559387207031,),)
-158.12364196777344,-58.396080017089844,:,:
-95.75736999511719,-98.26062774658203,if,if
-9.993663787841797,26.139490127563477,identifier,hasattr
7.573923587799072,128.4417724609375,(,(
79.57259368896484,-52.28803253173828,identifier,out
-86.34413146972656,13.21401596069336,",",","
31.269304275512695,-17.32735252380371,"""",'stdin'
-104.03181457519531,115.57339477539062,),)
-160.4376678466797,-48.09259796142578,:,:
78.57537078857422,-51.1077995300293,identifier,out
123.429931640625,44.176151275634766,.,.
32.939186096191406,-17.207773208618164,identifier,stdin
-106.6452865600586,-64.93352508544922,else,else
-147.2085418701172,-55.564144134521484,:,:
78.24864959716797,-50.844215393066406,identifier,out
-146.23435974121094,-54.65662384033203,:,:
-97.53536987304688,-94.94828796386719,if,if
-10.134612083435059,26.46051788330078,identifier,hasattr
6.870438098907471,128.06980895996094,(,(
79.58586883544922,-52.24766540527344,identifier,out
-86.21237182617188,13.404568672180176,",",","
31.359350204467773,-17.24966049194336,"""",'stdin'
-103.38616180419922,114.74009704589844,),)
-156.80809020996094,-42.23308563232422,:,:
186.73655700683594,-25.402746200561523,identifier,self
105.99615478515625,61.79996109008789,.,.
34.2259635925293,0.01663999818265438,identifier,_close
26.71246337890625,106.85175323486328,(,(
78.96283721923828,-50.99748611450195,identifier,out
124.86076354980469,39.776283264160156,.,.
32.989402770996094,-17.196104049682617,identifier,stdin
-72.98027801513672,133.7022705078125,),)
187.73191833496094,-22.789094924926758,identifier,self
106.44412231445312,62.54774475097656,.,.
34.10028839111328,1.2660508155822754,identifier,_wait
25.529664993286133,104.2603530883789,(,(
79.54000091552734,-50.20573043823242,identifier,out
-78.02694702148438,36.09190368652344,",",","
70.62223052978516,-17.423810958862305,identifier,path
-74.93011474609375,137.33311462402344,),)
188.0067901611328,-22.32895278930664,identifier,self
106.56356048583984,62.44716262817383,.,.
34.19626998901367,0.0686795711517334,identifier,_close
26.452903747558594,103.94335174560547,(,(
79.62169647216797,-50.080562591552734,identifier,out
-77.97067260742188,138.83189392089844,),)
-98.02960205078125,-88.63868713378906,if,if
68.36064147949219,-29.044105529785156,identifier,disk_closed_callback
-77.6796646118164,-66.5184097290039,and,and
70.89066314697266,-17.949356079101562,identifier,path
-154.98484802246094,-36.80613327026367,:,:
52.25209426879883,-5.224050045013428,identifier,disk_closed_callback
27.096837997436523,103.11064147949219,(,(
70.84104919433594,-17.597888946533203,identifier,path
-76.87260437011719,148.10340881347656,),)
-25.668193817138672,-171.98626708984375,def,def
-20.945844650268555,-20.20523452758789,identifier,update_inspection
-87.16654968261719,-182.02120971679688,(,(
31.42298126220703,-199.63604736328125,identifier,self
-141.38516235351562,107.56594848632812,),)
-201.77072143554688,-15.396068572998047,:,:
-161.6837158203125,-60.17689895629883,:,:
179.99044799804688,-41.70944595336914,identifier,self
96.19203186035156,58.669464111328125,.,.
-0.37137600779533386,-25.773468017578125,identifier,log_parser
38.901947021484375,138.56268310546875,(,(
-86.19650268554688,111.16356658935547,),)
-1.8158023357391357,113.96250915527344,(,(
27.725648880004883,14.066485404968262,identifier,FileNotFoundError
-100.99212646484375,18.308401107788086,",",","
26.956144332885742,14.440630912780762,identifier,StopIteration
-110.16441345214844,116.52134704589844,),)
-33.20319747924805,-5.649762153625488,identifier,e
-177.37689208984375,-43.951026916503906,:,:
72.71955871582031,88.09904479980469,identifier,logger
69.45616912841797,78.6344223022461,.,.
61.2822265625,84.32381439208984,identifier,debug
44.090782165527344,107.4518051147461,(,(
6.746647834777832,-15.852245330810547,"""","""ERROR: """
-40.298099517822266,30.691925048828125,+,+
-20.030080795288086,3.2291183471679688,identifier,str
16.037906646728516,126.93890380859375,(,(
25.19252586364746,24.268943786621094,identifier,sys
79.00109100341797,27.95566749572754,.,.
77.85987091064453,26.54084014892578,identifier,exc_info
38.92341613769531,144.9587860107422,(,(
-114.01707458496094,135.71270751953125,),)
-98.2505874633789,124.75154113769531,),)
-68.51671600341797,110.28634643554688,),)
179.6396942138672,-32.911991119384766,identifier,self
114.67488098144531,55.19369888305664,.,.
19.073570251464844,-29.990337371826172,identifier,log_retry
-87.78755950927734,-98.30536651611328,if,if
191.5224151611328,-37.36489486694336,identifier,self
119.57412719726562,54.10993957519531,.,.
19.071046829223633,-29.89143180847168,identifier,log_retry
-61.94440841674805,-31.59939956665039,==,==
195.2261199951172,-36.67111587524414,identifier,self
117.75450134277344,24.224706649780273,.,.
18.9039363861084,-28.63414764404297,identifier,MAX_RETRIES
-165.07611083984375,-51.549049377441406,:,:
28.564172744750977,-37.83220291137695,identifier,e
-158.12440490722656,-56.54853820800781,:,:
185.66416931152344,-30.265281677246094,identifier,self
103.30128479003906,59.66455078125,.,.
23.626123428344727,-5.666030406951904,identifier,trace_parser
43.262229919433594,139.20655822753906,(,(
-84.06305694580078,117.70924377441406,),)
-1.8709019422531128,113.35619354248047,(,(
27.781587600708008,14.069659233093262,identifier,FileNotFoundError
-100.96217346191406,17.86503028869629,",",","
27.0028133392334,14.437346458435059,identifier,StopIteration
-104.7766342163086,113.5000228881836,),)
-33.537994384765625,-5.027543544769287,identifier,e
-161.00167846679688,-41.0938720703125,:,:
72.46540069580078,87.4724349975586,identifier,logger
67.38652038574219,78.02782440185547,.,.
59.94123077392578,83.48275756835938,identifier,debug
42.50014114379883,102.45460510253906,(,(
34.8817138671875,-11.940805435180664,"""","""ERROR: """
-40.141536712646484,30.743894577026367,+,+
-19.98607635498047,3.104308843612671,identifier,str
14.217659950256348,112.00712585449219,(,(
25.21779441833496,24.273283004760742,identifier,sys
78.93767547607422,27.885025024414062,.,.
77.90107727050781,26.589496612548828,identifier,exc_info
47.27908706665039,141.96890258789062,(,(
-114.16830444335938,135.82110595703125,),)
-94.2647476196289,131.18223571777344,),)
-69.62063598632812,134.9892578125,),)
185.6356964111328,-23.027536392211914,identifier,self
108.64276885986328,55.621559143066406,.,.
51.578887939453125,-23.537527084350586,identifier,trace_retry
-97.94415283203125,-89.9154052734375,if,if
195.24569702148438,-22.10517692565918,identifier,self
130.20838928222656,38.7734375,.,.
51.589237213134766,-23.407922744750977,identifier,trace_retry
-61.714447021484375,-28.24755859375,==,==
193.21412658691406,-21.588102340698242,identifier,self
118.25337982177734,27.976749420166016,.,.
51.28776168823242,-22.271411895751953,identifier,MAX_RETRIES
-152.6324920654297,-38.84919738769531,:,:
28.628637313842773,-37.91766357421875,identifier,e
-29.111146926879883,-170.77984619140625,def,def
-23.366243362426758,-25.630126953125,identifier,set_gtr
-83.92723846435547,-185.33328247070312,(,(
33.24394607543945,-199.01861572265625,identifier,self
-136.27316284179688,19.482730865478516,",",","
6.956711292266846,-94.81859588623047,identifier,in_gtr
-136.0625,31.913591384887695,",",","
4.64341402053833,-102.13971710205078,identifier,kwargs
-135.93064880371094,101.75691986083984,),)
-203.6202850341797,-18.97152328491211,:,:
-93.279052734375,-108.41812133789062,if,if
-16.253028869628906,24.8962345123291,identifier,isinstance
8.863581657409668,132.11749267578125,(,(
29.020732879638672,-68.83015441894531,identifier,in_gtr
-91.57154846191406,10.361091613769531,",",","
-19.33976173400879,-0.13444232940673828,identifier,str
-109.13275909423828,117.65402221679688,),)
-176.57730102539062,-48.905006408691406,:,:
178.77676391601562,-35.63022232055664,identifier,self
115.94537353515625,57.46805953979492,.,.
3.511035919189453,-40.23335266113281,identifier,_gtr
17.544004440307617,-35.71162033081055,identifier,GTR
93.57050323486328,55.59303283691406,.,.
3.3555877208709717,-22.264556884765625,identifier,standard
29.99443817138672,127.11504364013672,(,(
-0.0392133966088295,-18.824308395385742,identifier,model
30.41442108154297,-62.23249816894531,identifier,in_gtr
-98.05917358398438,42.00199508666992,",",","
4.508095741271973,-102.90196228027344,identifier,kwargs
-76.66876220703125,110.56684875488281,),)
179.75521850585938,-32.9423828125,identifier,self
114.72407531738281,58.38698196411133,.,.
3.4642207622528076,-41.074684143066406,identifier,_gtr
115.01719665527344,50.23357009887695,.,.
61.556068420410156,19.573572158813477,identifier,logger
195.18251037597656,-38.724918365478516,identifier,self
128.67010498046875,51.09614181518555,.,.
62.00666046142578,20.6845645904541,identifier,logger
-101.6275634765625,-71.89546966552734,elif,elif
-15.631331443786621,26.69782066345215,identifier,isinstance
9.092951774597168,128.78700256347656,(,(
43.33497619628906,-60.84199142456055,identifier,in_gtr
-89.42544555664062,10.86816120147705,",",","
17.274499893188477,-35.28230285644531,identifier,GTR
-103.80341339111328,117.62380981445312,),)
-73.11929321289062,-62.25231170654297,or,or
-15.399396896362305,26.953468322753906,identifier,isinstance
9.008111953735352,128.18141174316406,(,(
43.50069808959961,-60.76899719238281,identifier,in_gtr
-89.0376205444336,11.098130226135254,",",","
22.480920791625977,-14.4898099899292,identifier,GTR_site_specific
-103.66814422607422,116.40830993652344,),)
-161.71487426757812,-45.390132904052734,:,:
183.2375030517578,-27.204275131225586,identifier,self
111.14727020263672,55.45662307739258,.,.
4.677770137786865,-41.09397506713867,identifier,_gtr
44.28215789794922,-52.601139068603516,identifier,in_gtr
179.5924530029297,-25.719594955444336,identifier,self
110.85363006591797,58.75782012939453,.,.
3.7074594497680664,-41.487369537353516,identifier,_gtr
112.67090606689453,48.9172477722168,.,.
61.579185485839844,19.627365112304688,identifier,logger
194.13011169433594,-27.955181121826172,identifier,self
127.78570556640625,44.122989654541016,.,.
61.96922302246094,20.58907127380371,identifier,logger
-108.2762451171875,-68.28116607666016,else,else
-147.53240966796875,-52.33319091796875,:,:
184.2672576904297,-23.39596939086914,identifier,self
117.84638214111328,71.31941986083984,.,.
73.42787170410156,86.34723663330078,identifier,logger
40.41448974609375,101.87946319580078,(,(
42.619468688964844,-9.277228355407715,"""","""TreeAnc.gtr_setter: can't interpret GTR model"""
-78.29339599609375,31.07667350769043,",",","
-84.74293518066406,47.60183334350586,",",","
43.92129898071289,-6.6662702560424805,identifier,warn
-72.52940368652344,139.69464111328125,),)
34.05120849609375,11.747848510742188,identifier,TypeError
39.04225540161133,103.81439208984375,(,(
48.63745880126953,-8.814597129821777,"""","""Cannot set GTR model in TreeAnc class: GTR or """
47.62525939941406,-9.140361785888672,"""","""string expected"""
-72.18930053710938,142.9633026123047,),)
-99.71916198730469,-88.61592864990234,if,if
189.69940185546875,-18.621376037597656,identifier,self
128.5388641357422,32.074371337890625,.,.
76.84507751464844,-33.918033599853516,identifier,_gtr
124.32244110107422,32.20127487182617,.,.
55.7744140625,-8.607818603515625,identifier,ambiguous
-153.22486877441406,-35.096317291259766,:,:
188.92723083496094,-18.757736206054688,identifier,self
105.66094970703125,53.90702819824219,.,.
55.901824951171875,-7.66939640045166,identifier,fill_overhangs
-30.12208366394043,-163.18499755859375,def,def
-25.55546760559082,-20.8655948638916,identifier,interactive_login
-90.18229675292969,-181.1788330078125,(,(
-142.61891174316406,109.98487854003906,),)
-198.31201171875,-12.921360969543457,:,:
62.95182418823242,-50.5380859375,identifier,solvebio
117.46932983398438,52.38901901245117,.,.
-7.111776828765869,-37.19862365722656,identifier,access_token
63.05889129638672,-50.52848815917969,identifier,solvebio
117.54679107666016,52.39605712890625,.,.
-7.107708930969238,-37.21174240112305,identifier,api_key
89.50592803955078,-29.017658233642578,identifier,client
92.64265441894531,60.520816802978516,.,.
-2.100935697555542,-23.774364471435547,identifier,set_token
40.38754653930664,137.57801818847656,(,(
-85.3670883178711,108.5804214477539,),)
17.241954803466797,-81.15422058105469,identifier,domain
-112.75032806396484,26.519210815429688,",",","
-19.790964126586914,-80.13008117675781,identifier,email
-112.69281005859375,26.471542358398438,",",","
-2.26176381111145,-106.41685485839844,identifier,password
6.009348392486572,-23.995241165161133,identifier,_ask_for_credentials
38.38298416137695,140.85232543945312,(,(
-83.99979400634766,111.84527587890625,),)
-88.93696594238281,-101.62203979492188,if,if
5.827406406402588,-0.6191524863243103,identifier,all
18.009437561035156,122.97125244140625,(,(
17.068374633789062,-81.16243743896484,identifier,domain
-99.1341323852539,25.849620819091797,",",","
-19.86589241027832,-79.99897766113281,identifier,email
-99.13063049316406,25.799196243286133,",",","
-2.3357791900634766,-106.65818786621094,identifier,password
-106.33643341064453,116.82730102539062,),)
-167.90252685546875,-50.426212310791016,:,:
54.80323028564453,74.53829956054688,identifier,print
42.65800857543945,106.00079345703125,(,(
16.47467803955078,-15.407215118408203,"""","""Domain, email, and password are all required."""
-65.13536834716797,116.47161102294922,),)
-158.53363037109375,-57.680057525634766,:,:
50.255409240722656,-90.08848571777344,identifier,response
87.99114990234375,-28.517610549926758,identifier,client
94.01746368408203,46.18132781982422,.,.
33.29084014892578,2.852213144302368,identifier,post
27.900339126586914,120.13093566894531,(,(
24.767589569091797,-11.894410133361816,"""",'/v1/auth/token'
-78.52342987060547,29.011579513549805,",",","
33.61292266845703,-20.829763412475586,"""",'domain'
-99.03006744384766,-17.56639289855957,:,:
16.3511905670166,-81.30943298339844,identifier,domain
81.28570556640625,44.49856185913086,.,.
23.98236846923828,3.462218999862671,identifier,replace
39.09474563598633,122.73676300048828,(,(
33.16502380371094,-13.184253692626953,"""",'.solvebio.com'
-84.148681640625,20.4979190826416,",",","
-3.9955074787139893,-4.933706760406494,"""",''
-98.36106872558594,133.1079559326172,),)
-94.59986877441406,54.803245544433594,",",","
35.00715637207031,-20.19059944152832,"""",'email'
-98.19104766845703,-18.336074829101562,:,:
-20.137544631958008,-79.5167007446289,identifier,email
-92.57176971435547,53.55113983154297,",",","
36.081336975097656,-20.089017868041992,"""",'password'
-96.70492553710938,-17.940784454345703,:,:
61.17723083496094,-24.881248474121094,identifier,password
-67.17300415039062,139.26669311523438,),)
36.99684524536133,9.004914283752441,identifier,SolveError
-33.3151741027832,-4.642580032348633,identifier,e
-153.7726593017578,-39.87583923339844,:,:
54.87963104248047,75.11327362060547,identifier,print
40.63641357421875,101.06148529052734,(,(
45.464630126953125,-10.391678810119629,"""",'Login failed: {0}'
37.32490158081055,48.412452697753906,.,.
34.09720993041992,50.33183288574219,identifier,format
12.158859252929688,107.40276336669922,(,(
28.483274459838867,-39.261070251464844,identifier,e
-94.60400390625,135.3755645751953,),)
-68.55653381347656,141.2505645751953,),)
-110.75757598876953,-67.33856201171875,else,else
-147.36639404296875,-49.49918746948242,:,:
63.53950119018555,-50.45694351196289,identifier,solvebio
107.13087463378906,51.454429626464844,.,.
59.97682571411133,-15.761000633239746,identifier,api_key
85.86904907226562,-51.19331359863281,identifier,response
54.690921783447266,-18.189176559448242,"""",'token'
88.93990325927734,-29.34197425842285,identifier,client
79.60633850097656,58.63141632080078,.,.
52.80369567871094,-3.149897813796997,identifier,set_token
47.07109832763672,134.8178253173828,(,(
-81.11625671386719,147.34860229492188,),)
-31.27226448059082,-172.83815002441406,def,def
-20.64638900756836,-23.04051399230957,identifier,_do_autopaginating_api_call
-81.47106170654297,-187.4923095703125,(,(
37.5307731628418,-201.00704956054688,identifier,self
-138.94349670410156,16.92050552368164,",",","
7.613083839416504,-79.02460479736328,identifier,path
-136.98580932617188,25.87401580810547,",",","
-13.02696704864502,-85.43832397460938,identifier,params
-137.04623413085938,26.174976348876953,",",","
-3.7050700187683105,-82.06609344482422,identifier,method
-137.08946228027344,28.977048873901367,",",","
0.34430208802223206,-94.03665161132812,identifier,parser_func
-137.87139892578125,29.494476318359375,",",","
-0.014528083615005016,-90.90890502929688,identifier,next_marker_xpath
-138.20065307617188,29.725088119506836,",",","
-0.18444618582725525,-90.8951416015625,identifier,next_marker_param_name
-140.29725646972656,30.242876052856445,",",","
-0.6942573189735413,-91.1322021484375,identifier,next_type_xpath
-145.78817749023438,35.06230545043945,",",","
-2.451359987258911,-90.97366333007812,identifier,parser_kwargs
-135.18324279785156,95.54237365722656,),)
-204.38185119628906,-23.068769454956055,:,:
-95.36199188232422,-107.82896423339844,if,if
25.755849838256836,-67.75709533691406,identifier,parser_kwargs
-168.53236389160156,-48.30534744262695,:,:
60.53213119506836,-66.64573669433594,identifier,parser_kwargs
-79.56239318847656,-105.4550552368164,while,while
-168.0150146484375,-38.376747131347656,:,:
54.672386169433594,-82.49736785888672,identifier,root
187.18983459472656,-33.63145446777344,identifier,self
109.82401275634766,65.53013610839844,.,.
27.792247772216797,-1.5104058980941772,identifier,_send_request
24.281715393066406,119.55134582519531,(,(
8.03339958190918,-77.41778564453125,identifier,path
-90.51591491699219,33.07293701171875,",",","
-13.112504959106445,-85.37821197509766,identifier,params
-90.28752899169922,32.6802978515625,",",","
-3.7154455184936523,-82.00782012939453,identifier,method
-77.0834732055664,121.13856506347656,),)
-69.96753692626953,-101.1477279663086,for,for
44.52983856201172,-72.98295593261719,identifier,record
43.20484924316406,-41.27006149291992,identifier,parser_func
20.753982543945312,114.20794677734375,(,(
59.562191009521484,-50.512081146240234,identifier,root
-90.20823669433594,43.04769515991211,",",","
29.5577392578125,-9.602187156677246,identifier,connection
200.32977294921875,-24.71521759033203,identifier,self
-87.06954956054688,42.58208084106445,",",","
48.986053466796875,-46.525360107421875,identifier,parser_kwargs
-100.34667205810547,116.06838989257812,),)
-164.00357055664062,-36.194087982177734,:,:
50.29738235473633,-62.33584976196289,identifier,record
51.88779830932617,-72.30519104003906,identifier,next_marker
59.9342155456543,-50.36348342895508,identifier,root
82.32977294921875,49.39740753173828,.,.
55.52507019042969,6.640022277832031,identifier,find
21.343280792236328,108.52961730957031,(,(
44.743045806884766,-46.113948822021484,identifier,next_marker_xpath
-76.56595611572266,133.90374755859375,),)
-97.61553192138672,-91.71802520751953,if,if
63.82822799682617,-45.85727310180664,identifier,next_marker
-151.8263702392578,-41.5317497253418,:,:
89.66947174072266,-40.77447509765625,identifier,params
62.03056716918945,-35.97185516357422,identifier,next_marker_param_name
68.21888732910156,-47.234649658203125,identifier,next_marker
122.68869018554688,34.090370178222656,.,.
58.039527893066406,9.929194450378418,identifier,text
-97.46537017822266,-87.69837951660156,if,if
68.45410919189453,-29.15872573852539,identifier,next_type_xpath
-153.72952270507812,-36.48598098754883,:,:
73.9928970336914,-27.401206970214844,identifier,next_type
60.17888259887695,-50.22353744506836,identifier,root
80.83250427246094,50.42425537109375,.,.
55.591346740722656,6.58745813369751,identifier,find
26.94133949279785,99.56015014648438,(,(
67.78787231445312,-32.548458099365234,identifier,next_type_xpath
-80.08568572998047,142.5304718017578,),)
89.65540313720703,-40.75740051269531,identifier,params
56.969722747802734,-15.12929916381836,"""",'type'
75.55482482910156,-36.471534729003906,identifier,next_type
123.12135314941406,33.51969528198242,.,.
58.0455436706543,9.902570724487305,identifier,text
-33.15223693847656,-162.54510498046875,def,def
-24.25189208984375,-22.290925979614258,identifier,_error_handler
-84.22106170654297,-179.97695922851562,(,(
13.355372428894043,-96.10955047607422,identifier,error
-139.93849182128906,107.36970520019531,),)
-203.846435546875,-16.102853775024414,:,:
-92.94979095458984,-110.81832885742188,if,if
80.2029037475586,-70.08392333984375,identifier,error
118.7274398803711,49.44868850708008,.,.
-15.049306869506836,-42.32094192504883,identifier,condition
-62.469417572021484,-33.39603042602539,==,==
1.0554840564727783,-16.50596809387207,"""",b'com.microsoft:server-busy'
-177.06222534179688,-53.204524993896484,:,:
90.62244415283203,-16.705196380615234,identifier,errors
100.73197174072266,25.00813865661621,.,.
63.759437561035156,8.17574405670166,identifier,ErrorAction
30.836994171142578,125.18572998046875,(,(
51.89064407348633,-26.17459487915039,identifier,retry
-95.40314483642578,40.4009895324707,",",","
49.93286895751953,-26.85000991821289,identifier,backoff
-73.16876983642578,106.42203521728516,),)
-87.73004913330078,-102.54437255859375,if,if
79.88394927978516,-70.01847839355469,identifier,error
118.5615005493164,48.98420715332031,.,.
-14.796170234680176,-42.51339340209961,identifier,condition
-62.51524353027344,-32.67625427246094,==,==
8.40484619140625,-15.038141250610352,"""",b'com.microsoft:timeout'
-171.34963989257812,-51.599220275878906,:,:
90.59718322753906,-16.825040817260742,identifier,errors
100.53202056884766,25.073856353759766,.,.
63.65927505493164,8.091562271118164,identifier,ErrorAction
30.837522506713867,124.93051147460938,(,(
51.94188690185547,-26.349515914916992,identifier,retry
-95.09517669677734,40.47502899169922,",",","
49.96619415283203,-26.874801635742188,identifier,backoff
-70.64518737792969,113.24541473388672,),)
-92.9268569946289,-97.7516860961914,if,if
79.71686553955078,-69.71530151367188,identifier,error
118.4275894165039,48.3163948059082,.,.
-14.735445976257324,-42.8096923828125,identifier,condition
-62.52336120605469,-31.023433685302734,==,==
22.906145095825195,-13.929193496704102,"""",b'com.microsoft:operation-cancelled'
-162.91453552246094,-51.21854019165039,:,:
90.27767944335938,-17.349138259887695,identifier,errors
100.0670394897461,25.46564292907715,.,.
63.1507682800293,7.595601558685303,identifier,ErrorAction
27.46033477783203,114.16371154785156,(,(
52.23103713989258,-26.854450225830078,identifier,retry
-76.42735290527344,126.10353088378906,),)
-96.39552307128906,-93.66677856445312,if,if
79.76026153564453,-69.25869750976562,identifier,error
118.35441589355469,47.81474685668945,.,.
-14.93470287322998,-42.990665435791016,identifier,condition
-62.51859664916992,-30.086185455322266,==,==
33.84482955932617,-12.969746589660645,"""","b""com.microsoft:container-close"""
-154.2206268310547,-43.350555419921875,:,:
90.09321594238281,-17.267858505249023,identifier,errors
100.10164642333984,25.769012451171875,.,.
63.024566650390625,7.316002368927002,identifier,ErrorAction
19.570938110351562,97.50531005859375,(,(
52.48945999145508,-26.97298812866211,identifier,retry
-87.45980834960938,46.92888259887695,",",","
50.184913635253906,-26.99514389038086,identifier,backoff
-75.26961517333984,135.52320861816406,),)
-97.58229064941406,-90.23422241210938,if,if
79.86385345458984,-68.97724151611328,identifier,error
120.28694915771484,41.363887786865234,.,.
-15.311979293823242,-43.090003967285156,identifier,condition
46.0006103515625,-12.734824180603027,identifier,_NO_RETRY_ERRORS
-153.09429931640625,-38.825096130371094,:,:
89.64568328857422,-17.091739654541016,identifier,errors
100.0243148803711,26.37234878540039,.,.
62.90757751464844,6.766045570373535,identifier,ErrorAction
20.55682945251465,97.50064086914062,(,(
53.04685592651367,-26.5811710357666,identifier,retry
-74.78333282470703,139.72593688964844,),)
89.46343994140625,-17.07358169555664,identifier,errors
99.9556884765625,26.57021141052246,.,.
62.850563049316406,6.5568389892578125,identifier,ErrorAction
20.77676010131836,97.49564361572266,(,(
53.25031280517578,-26.456876754760742,identifier,retry
-75.41704559326172,149.79827880859375,),)
-26.625755310058594,-172.8898468017578,def,def
-26.44101333618164,-21.407094955444336,identifier,_loadDeclarations
-86.451416015625,-182.70693969726562,(,(
30.331405639648438,-200.0126953125,identifier,self
-141.06033325195312,108.17155456542969,),)
-202.63519287109375,-15.783774375915527,:,:
-94.51457214355469,-109.7387466430664,if,if
-10.985849380493164,25.28651237487793,identifier,hasattr
7.612064838409424,131.42210388183594,(,(
189.38079833984375,-49.09049606323242,identifier,self
-85.19520568847656,12.047831535339355,",",","
3.3846046924591064,-20.150611877441406,"""","""_interfaces"""
-107.73973083496094,117.72998046875,),)
-178.2406005859375,-50.2897834777832,:,:
178.3893585205078,-34.96333312988281,identifier,self
116.19657135009766,57.047183990478516,.,.
4.421431541442871,-37.81216812133789,identifier,_interfaces
-86.89730072021484,-102.19226837158203,if,if
-10.97579288482666,25.24465560913086,identifier,hasattr
7.788547992706299,131.14279174804688,(,(
189.79592895507812,-48.9650764465332,identifier,self
-85.3164291381836,12.081902503967285,",",","
3.5501792430877686,-20.2281436920166,"""","""_private_interfaces"""
-107.23773193359375,118.13558197021484,),)
-174.48207092285156,-48.46776580810547,:,:
179.2403106689453,-34.37335968017578,identifier,self
115.232421875,56.597965240478516,.,.
4.597833633422852,-37.90993881225586,identifier,_private_interfaces
-88.59576416015625,-100.70372772216797,if,if
-10.604219436645508,25.433815002441406,identifier,hasattr
7.977530479431152,130.2692413330078,(,(
190.14242553710938,-48.895015716552734,identifier,self
-85.576171875,12.41545581817627,",",","
10.11966323852539,-10.97537612915039,"""","""_units"""
-105.54439544677734,118.57766723632812,),)
-168.8738250732422,-46.416133880615234,:,:
180.76724243164062,-31.42959976196289,identifier,self
114.54988098144531,56.41307067871094,.,.
4.997740745544434,-38.733062744140625,identifier,_units
180.3576202392578,-28.90190887451172,identifier,self
111.98472595214844,56.28916549682617,.,.
28.63196563720703,-27.083337783813477,identifier,_setAttrListener
191.44436645507812,-32.49666976928711,identifier,self
111.85346221923828,63.391746520996094,.,.
24.672996520996094,-9.905135154724121,identifier,_declrCollector
178.5599365234375,-26.99297332763672,identifier,self
106.40788269042969,60.00888442993164,.,.
26.668821334838867,-3.8225114345550537,identifier,_declr
43.50926208496094,138.33670043945312,(,(
-81.62005615234375,119.56531524658203,),)
181.20635986328125,-27.039182662963867,identifier,self
111.520751953125,56.17953872680664,.,.
28.673463821411133,-27.029621124267578,identifier,_setAttrListener
-71.02596282958984,-100.44253540039062,for,for
5.099897861480713,-52.622802734375,identifier,i
192.503173828125,-29.51698112487793,identifier,self
131.50836181640625,36.201934814453125,.,.
48.07661056518555,-21.662744522094727,identifier,_interfaces
-162.0333251953125,-37.27309799194336,:,:
186.64524841308594,-26.335721969604492,identifier,self
104.5353012084961,61.13175582885742,.,.
31.365976333618164,-1.896683692932129,identifier,_loadInterface
24.42165756225586,109.13954162597656,(,(
6.038561820983887,-52.8508186340332,identifier,i
-80.25740051269531,31.971223831176758,",",","
-77.86389923095703,131.23558044433594,),)
-69.5643081665039,-99.78215789794922,for,for
44.84059524536133,-70.341552734375,identifier,u
194.44461059570312,-24.168861389160156,identifier,self
131.33421325683594,36.21061706542969,.,.
48.389888763427734,-21.204509735107422,identifier,_units
-159.4720001220703,-36.566505432128906,:,:
73.95301055908203,-59.77919006347656,identifier,u
80.40799713134766,56.4161262512207,.,.
43.79458236694336,-5.207579135894775,identifier,_loadDeclarations
45.434207916259766,135.99160766601562,(,(
-83.35053253173828,145.42416381835938,),)
-69.80606079101562,-99.35813903808594,for,for
45.48678970336914,-70.3145751953125,identifier,p
192.30503845214844,-20.643590927124023,identifier,self
130.98011779785156,35.8165283203125,.,.
49.1491584777832,-20.74614143371582,identifier,_params
-157.8984832763672,-36.34385299682617,:,:
73.70048522949219,-59.250484466552734,identifier,p
79.72930908203125,55.91661071777344,.,.
46.491451263427734,-7.636447429656982,identifier,setReadOnly
46.23458480834961,135.57957458496094,(,(
-81.68184661865234,148.4036865234375,),)
-25.711524963378906,-173.41424560546875,def,def
-25.114500045776367,-21.782197952270508,identifier,_profile_package
-86.520263671875,-181.71005249023438,(,(
31.632726669311523,-198.64080810546875,identifier,self
-142.27879333496094,107.83519744873047,),)
-202.47198486328125,-14.008805274963379,:,:
-6.498263835906982,-20.78773307800293,identifier,_CodeHeatmapCalculator
37.81955337524414,138.140625,(,(
-112.52648162841797,131.41761779785156,),)
41.26041793823242,-100.82416534423828,identifier,prof
-172.7747039794922,-34.94632339477539,:,:
-161.42359924316406,-59.5262336730957,:,:
-6.555530071258545,-26.337718963623047,identifier,runpy
92.6883316040039,56.11993408203125,.,.
0.3271269202232361,-24.16668701171875,identifier,run_path
28.261465072631836,129.01675415039062,(,(
187.0202178955078,-43.49919891357422,identifier,self
118.42678833007812,64.3410415649414,.,.
1.0721913576126099,-31.522537231445312,identifier,_run_object
-96.82393646240234,42.277801513671875,",",","
7.73298454284668,-44.36933135986328,identifier,run_name
6.366199493408203,-9.938337326049805,"""",'__main__'
-71.99417877197266,107.27857208251953,),)
27.62981414794922,18.19935417175293,identifier,SystemExit
-171.3031005859375,-54.11553192138672,:,:
42.968597412109375,-86.3161849975586,identifier,heatmaps
-71.61376953125,-102.50597381591797,for,for
21.00471305847168,-82.3077621459961,identifier,filename
-115.84705352783203,30.771038055419922,",",","
41.91389083862305,-73.84400939941406,identifier,heatmap
43.85310745239258,-102.77466583251953,identifier,prof
125.11901092529297,52.66429138183594,.,.
41.73508071899414,-73.32823944091797,identifier,heatmap
86.67005920410156,47.94595718383789,.,.
9.935808181762695,8.924134254455566,identifier,items
43.30284881591797,145.8650665283203,(,(
-109.21561431884766,132.71240234375,),)
-167.98109436035156,-36.28570556640625,:,:
-94.64459991455078,-98.23663330078125,if,if
24.56174659729004,28.21910285949707,identifier,os
104.34060668945312,38.15790557861328,.,.
-4.007853984832764,2.295116424560547,identifier,path
88.14242553710938,39.314144134521484,.,.
20.219818115234375,-11.81942081451416,identifier,isfile
8.83242130279541,126.31957244873047,(,(
23.709651947021484,-53.76592254638672,identifier,filename
-102.8701400756836,117.1920394897461,),)
-164.32156372070312,-45.32523727416992,:,:
58.69841384887695,-88.59612274169922,identifier,heatmaps
79.87383270263672,65.58885955810547,.,.
59.78384780883789,57.685882568359375,identifier,append
29.962203979492188,112.879150390625,(,(
188.17527770996094,-30.378246307373047,identifier,self
108.91425323486328,65.39260864257812,.,.
26.999223709106445,-5.379131317138672,identifier,_format_heatmap
21.36859130859375,115.34683227539062,(,(
23.45525550842285,-52.861568450927734,identifier,filename
-87.63996124267578,32.46699523925781,",",","
49.557289123535156,-52.61677932739258,identifier,heatmap
-86.82071685791016,31.433500289916992,",",","
44.02741622924805,-102.96206665039062,identifier,prof
126.12403869628906,44.30152130126953,.,.
27.293737411499023,-11.060406684875488,identifier,execution_count
24.18463134765625,-52.98941421508789,identifier,filename
-94.39998626708984,129.2196044921875,),)
-69.1299819946289,124.49068450927734,),)
52.26500701904297,-73.87653350830078,identifier,run_time
37.50868606567383,-8.304253578186035,identifier,sum
16.57572364807129,110.38484954833984,(,(
67.6520767211914,-55.44943618774414,identifier,heatmap
40.03275680541992,-16.931947708129883,"""",'runTime'
-67.98229217529297,-93.32215881347656,for,for
50.49382400512695,-52.89552688598633,identifier,heatmap
54.98664474487305,-51.090431213378906,identifier,heatmaps
-69.1738052368164,136.8411407470703,),)
52.297210693359375,-14.357954025268555,"""",'objectName'
-98.5826416015625,-19.737855911254883,:,:
191.99681091308594,-21.936281204223633,identifier,self
129.59535217285156,36.985694885253906,.,.
56.4811897277832,-28.18734359741211,identifier,_run_object
-90.20538330078125,54.80412292480469,",",","
53.23307418823242,-15.384048461914062,"""",'runTime'
-98.01300048828125,-19.7410831451416,:,:
65.69590759277344,-37.39800262451172,identifier,run_time
-90.22379302978516,54.91087341308594,",",","
53.48645782470703,-15.368300437927246,"""",'heatmaps'
-97.66170501708984,-19.982616424560547,:,:
67.37723541259766,-39.11848449707031,identifier,heatmaps
-31.011734008789062,-166.3374481201172,def,def
-26.517629623413086,-26.022462844848633,identifier,eventstr
-78.55276489257812,-187.97300720214844,(,(
7.623018264770508,-95.73489379882812,identifier,event_tuple
-145.79666137695312,27.202383041381836,",",","
5.197551250457764,-88.62028503417969,identifier,event
-144.2385711669922,29.55835723876953,",",","
-10.384608268737793,-97.6201171875,identifier,register
-144.31378173828125,31.97378158569336,",",","
-10.279272079467773,-87.41960906982422,identifier,parameters
-135.2797393798828,98.57046508789062,),)
-203.43130493164062,-21.12209129333496,:,:
-92.39361572265625,-108.10588073730469,if,if
-6.049941539764404,56.623374938964844,identifier,len
13.228787422180176,134.8887939453125,(,(
29.513500213623047,-67.7593765258789,identifier,event_tuple
-110.81794738769531,124.21561431884766,),)
-65.89334869384766,-33.14613723754883,==,==
-177.2875518798828,-48.16444396972656,:,:
28.898313522338867,-80.34456634521484,identifier,event
-110.85725402832031,26.579824447631836,",",","
-11.136507034301758,-97.95162200927734,identifier,register
-110.94807434082031,26.63874053955078,",",","
-10.345759391784668,-87.38377380371094,identifier,parameters
33.159934997558594,-61.38985824584961,identifier,event_tuple
-100.08744812011719,-71.57574462890625,elif,elif
-6.320820331573486,56.51747512817383,identifier,len
12.881821632385254,134.68597412109375,(,(
29.83711051940918,-67.44153594970703,identifier,event_tuple
-110.4663314819336,124.57249450683594,),)
-65.97026062011719,-32.34333419799805,==,==
-170.63970947265625,-48.40628433227539,:,:
28.877426147460938,-80.28324890136719,identifier,event
-110.80705261230469,27.815288543701172,",",","
-11.305459022521973,-98.02447509765625,identifier,register
33.32658004760742,-61.27594757080078,identifier,event_tuple
46.61373519897461,-82.09165954589844,identifier,event_dscr
28.627805709838867,-79.8536148071289,identifier,event
-97.75410461425781,31.08843421936035,",",","
-11.483193397521973,-98.0932846069336,identifier,register
-89.80075073242188,-93.6710433959961,if,if
18.453125,-65.36995697021484,identifier,parameters
-166.09678649902344,-41.46406555175781,:,:
-69.32706451416016,-102.73733520507812,for,for
-3.7287824153900146,-62.31324768066406,identifier,k
-115.39936828613281,31.397098541259766,",",","
-1.3800368309020996,-54.305763244628906,identifier,v
1.586164951324463,10.771450996398926,identifier,sorted
14.283023834228516,118.25911712646484,(,(
58.604347229003906,-59.3475341796875,identifier,event_tuple
85.94116973876953,46.914398193359375,.,.
10.203914642333984,9.07727336883545,identifier,items
44.4162483215332,145.61184692382812,(,(
-107.34143829345703,137.02792358398438,),)
-101.3138656616211,116.87427520751953,),)
-166.14695739746094,-36.046382904052734,:,:
-95.9276123046875,-96.37333679199219,if,if
-13.809053421020508,19.042287826538086,identifier,type
7.329427242279053,125.93492126464844,(,(
-2.5448789596557617,-54.00590896606445,identifier,v
-109.64680480957031,126.56306457519531,),)
-13.868435859680176,4.727760314941406,identifier,int
-158.3628387451172,-44.14350509643555,:,:
57.62968826293945,-73.73230743408203,identifier,k
35.04007339477539,-13.379898071289062,"""","""={}"""
39.19120407104492,48.09724426269531,.,.
33.501861572265625,51.202796936035156,identifier,format
18.786985397338867,109.4767074584961,(,(
34.47420883178711,-2.8931233882904053,identifier,hex
14.804609298706055,107.764404296875,(,(
-2.620455026626587,-53.86397933959961,identifier,v
-96.49419403076172,134.05813598632812,),)
-71.4453125,134.0245819091797,),)
63.857975006103516,-53.1127815246582,identifier,event_dscr
78.29216766357422,63.25935363769531,.,.
61.25922775268555,58.27511215209961,identifier,append
28.531373977661133,105.3593978881836,(,(
32.199317932128906,-47.440086364746094,identifier,k
-77.24771118164062,135.85438537597656,),)
0.5673240423202515,-3.624671220779419,"""",""":"""
40.15419006347656,45.36825180053711,.,.
40.306270599365234,40.677764892578125,identifier,join
13.4689302444458,104.18690490722656,(,(
68.5041732788086,-38.5162353515625,identifier,event_dscr
-78.02174377441406,149.85006713867188,),)
-29.537376403808594,-168.5251922607422,def,def
-29.43766212463379,-25.041217803955078,identifier,map
-83.07086181640625,-188.23707580566406,(,(
36.099056243896484,-202.1683807373047,identifier,self
-137.8834991455078,17.29817771911621,",",","
12.263932228088379,-93.94927978515625,identifier,mols
-139.63816833496094,23.304658889770508,",",","
4.150333404541016,-96.14366912841797,identifier,nproc
-145.98748779296875,28.1705379486084,",",","
0.9290227890014648,-95.49269104003906,identifier,nmols
-145.0358123779297,30.932504653930664,",",","
-5.45216703414917,-95.80623626708984,identifier,quiet
-145.85902404785156,32.49099349975586,",",","
-2.9882609844207764,-93.37555694580078,identifier,ipynb
-144.58837890625,33.783939361572266,",",","
5.219968318939209,-86.39534759521484,identifier,id
-3.1798954010009766,-10.174674987792969,-,-
-135.9405059814453,96.60836029052734,),)
-203.80184936523438,-22.05547523498535,:,:
-91.25831604003906,-108.21772003173828,if,if
28.626020431518555,-71.13375091552734,identifier,nproc
-175.6704559326172,-47.16986083984375,:,:
36.475650787353516,-82.2374038696289,identifier,nproc
5.98288106918335,-22.389646530151367,identifier,cpu_count
38.72355270385742,141.2325439453125,(,(
-84.14338684082031,112.34104919433594,),)
-90.22142791748047,-102.07538604736328,if,if
-10.05362606048584,25.01424789428711,identifier,hasattr
9.915797233581543,130.0230255126953,(,(
35.086421966552734,-67.0614013671875,identifier,mols
-85.97718048095703,12.02626895904541,",",","
9.037362098693848,-10.33158016204834,"""","""__len__"""
-106.23040771484375,118.10851287841797,),)
-169.74124145507812,-46.82004165649414,:,:
43.23418045043945,-78.97367095947266,identifier,nmols
-6.930500030517578,54.266944885253906,identifier,len
15.047637939453125,132.68484497070312,(,(
35.16722106933594,-67.01773834228516,identifier,mols
-74.68888854980469,112.92738342285156,),)
-90.90019989013672,-97.83050537109375,if,if
19.222087860107422,-69.20740509033203,identifier,nproc
-64.7385482788086,-31.34239387512207,==,==
-164.55274963378906,-48.63496398925781,:,:
187.57046508789062,-32.705177307128906,identifier,self
109.74576568603516,64.93734741210938,.,.
28.75708770751953,-0.9041270613670349,identifier,_serial
24.802780151367188,118.36442565917969,(,(
52.554893493652344,-45.489662170410156,identifier,mols
-91.9954605102539,42.540626525878906,",",","
52.53769302368164,-43.78578186035156,identifier,nmols
51.88060760498047,-43.44477081298828,identifier,nmols
-90.93024444580078,46.286216735839844,",",","
50.71392059326172,-32.96932601928711,identifier,quiet
50.64984893798828,-33.516563415527344,identifier,quiet
-90.998291015625,46.71033477783203,",",","
54.32582473754883,-34.28099060058594,identifier,ipynb
54.0843505859375,-35.464237213134766,identifier,ipynb
-91.20623779296875,47.00154113769531,",",","
44.220272064208984,-34.61954116821289,identifier,id
43.88545608520508,-35.686275482177734,identifier,id
-77.27525329589844,124.99894714355469,),)
-107.26718139648438,-67.02034759521484,else,else
-147.17588806152344,-53.849876403808594,:,:
189.10073852539062,-27.33523941040039,identifier,self
108.29778289794922,63.99248123168945,.,.
30.703969955444336,-0.18087594211101532,identifier,_parallel
23.19927215576172,104.82176971435547,(,(
52.6185417175293,-45.50525665283203,identifier,mols
-80.29518127441406,40.21302795410156,",",","
46.54826736450195,-45.930599212646484,identifier,nproc
-87.1312484741211,48.66375732421875,",",","
52.59307861328125,-43.414981842041016,identifier,nmols
51.9996452331543,-43.25975036621094,identifier,nmols
-87.9688720703125,49.41253662109375,",",","
50.75714111328125,-32.92700958251953,identifier,quiet
50.66248321533203,-33.59406280517578,identifier,quiet
-87.22114562988281,49.0627326965332,",",","
54.48403549194336,-34.1390266418457,identifier,ipynb
54.209529876708984,-35.598350524902344,identifier,ipynb
-87.57772064208984,50.08415222167969,",",","
44.2786865234375,-34.60375213623047,identifier,id
43.9166374206543,-35.72832489013672,identifier,id
-73.3093032836914,148.5545654296875,),)
-30.30670928955078,-172.49887084960938,def,def
-23.7227783203125,-21.806163787841797,identifier,_draw_mainlayer
-82.3545150756836,-184.58355712890625,(,(
34.226234436035156,-198.0948486328125,identifier,self
-135.364501953125,20.76360321044922,",",","
8.232709884643555,-98.05235290527344,identifier,gc
-141.43003845214844,26.658409118652344,",",","
0.46134695410728455,-96.94775390625,identifier,view_bounds
-145.86610412597656,30.37489128112793,",",","
74.38640594482422,-1.203608751296997,identifier,mode
0.8867733478546143,-11.2728271484375,"""","""default"""
-134.87789916992188,97.79584503173828,),)
-201.84095764160156,-21.71780776977539,:,:
67.90760803222656,-65.21394348144531,identifier,gc
92.59819030761719,60.540489196777344,.,.
-2.155080556869507,-23.756250381469727,identifier,save_state
40.46310806274414,137.6127471923828,(,(
-85.09370422363281,109.59503936767578,),)
-159.1366424560547,-60.057804107666016,:,:
-93.34803771972656,-105.94157409667969,if,if
-6.364104270935059,55.89931869506836,identifier,len
13.360788345336914,134.43502807617188,(,(
189.97129821777344,-40.72251510620117,identifier,self
125.37337493896484,58.772911071777344,.,.
15.164640426635742,-41.94000244140625,identifier,points
-110.32088470458984,124.07356262207031,),)
-172.29969787597656,-46.92567443847656,:,:
66.4627456665039,-65.15158081054688,identifier,gc
88.72806549072266,62.357933044433594,.,.
16.50611686706543,-22.043689727783203,identifier,set_fill_color
32.11764907836914,117.83330535888672,(,(
193.2189483642578,-39.813690185546875,identifier,self
133.05128479003906,52.31911087036133,.,.
11.40855884552002,-42.933345794677734,identifier,pen
125.83059692382812,46.856563568115234,.,.
16.628713607788086,-22.806690216064453,identifier,fill_color_
-73.96981811523438,117.2289810180664,),)
66.1379165649414,-64.70684051513672,identifier,gc
87.7767105102539,62.664939880371094,.,.
16.816722869873047,-21.830678939819336,identifier,set_stroke_color
31.836956024169922,117.15071105957031,(,(
195.70916748046875,-35.61539077758789,identifier,self
133.322998046875,51.4808349609375,.,.
11.422958374023438,-42.951297760009766,identifier,pen
125.76216888427734,46.62320327758789,.,.
17.021995544433594,-23.085342407226562,identifier,color_
-73.3265609741211,118.53766632080078,),)
66.23507690429688,-64.3154525756836,identifier,gc
87.50123596191406,62.889892578125,.,.
23.40155029296875,-21.483875274658203,identifier,set_line_width
31.74675750732422,116.79705810546875,(,(
196.11550903320312,-32.509822845458984,identifier,self
133.55569458007812,50.924171447753906,.,.
11.435163497924805,-42.96376419067383,identifier,pen
125.78112030029297,46.075496673583984,.,.
26.244733810424805,-22.320207595825195,identifier,line_width
-73.0448226928711,122.28130340576172,),)
67.02836608886719,-63.76979446411133,identifier,gc
84.2545394897461,59.5373649597168,.,.
37.44504165649414,-0.4379546642303467,identifier,begin_path
44.42851638793945,138.379150390625,(,(
-81.99847412109375,120.52660369873047,),)
67.30220031738281,-63.735286712646484,identifier,gc
83.86927032470703,59.739166259765625,.,.
38.441429138183594,0.9402094483375549,identifier,lines
25.074426651000977,108.72187805175781,(,(
195.42062377929688,-27.901535034179688,identifier,self
127.47339630126953,41.96791458129883,.,.
15.202049255371094,-41.961944580078125,identifier,points
-73.1376953125,129.4553680419922,),)
67.56790924072266,-63.566307067871094,identifier,gc
83.02213287353516,58.850135803222656,.,.
37.675140380859375,-0.4262993037700653,identifier,close_path
45.3982048034668,137.59124755859375,(,(
-85.47117614746094,120.79529571533203,),)
-95.58483123779297,-90.24092102050781,if,if
192.0475311279297,-24.17088508605957,identifier,self
124.76226043701172,37.14277648925781,.,.
40.91891860961914,-8.18021297454834,identifier,filled
-156.47320556640625,-39.73076629638672,:,:
68.29166412353516,-63.66203689575195,identifier,gc
81.08000183105469,57.225547790527344,.,.
38.46761703491211,-0.34303534030914307,identifier,draw_path
27.281808853149414,105.66205596923828,(,(
193.05459594726562,-23.434171676635742,identifier,self
125.84468078613281,37.01247024536133,.,.
45.80817413330078,-13.747291564941406,identifier,inside_rule_
-79.65470886230469,138.17140197753906,),)
-109.94129180908203,-65.76853942871094,else,else
-146.58853149414062,-49.80998229980469,:,:
68.83872985839844,-63.72690963745117,identifier,gc
79.88628387451172,57.35789489746094,.,.
38.627197265625,-0.36206310987472534,identifier,stroke_path
45.65216827392578,135.7849578857422,(,(
-82.98625946044922,145.82691955566406,),)
-146.91261291503906,-48.74364471435547,:,:
69.00701141357422,-63.851837158203125,identifier,gc
79.45157623291016,57.77204513549805,.,.
52.06541442871094,-3.0176243782043457,identifier,restore_state
47.147247314453125,135.38214111328125,(,(
-81.20940399169922,147.639404296875,),)
-33.88066101074219,-167.73313903808594,def,def
-28.14223861694336,-22.444974899291992,identifier,write_json
-78.885009765625,-186.8643341064453,(,(
11.353318214416504,-88.66065216064453,identifier,f
-190.01097106933594,-10.008593559265137,:,:
-12.098429679870605,-22.705360412597656,identifier,TextIO
-139.4496612548828,32.23204040527344,",",","
3.0026791095733643,-94.19730377197266,identifier,deja_vu_sans_path
-190.38560485839844,-11.236675262451172,:,:
-19.90647315979004,-0.9758835434913635,identifier,str
-140.59426879882812,34.20845413208008,",",","
2.047901153564453,-99.4291763305664,identifier,measurer
-189.32583618164062,-11.560779571533203,:,:
-9.114997863769531,-25.1343936920166,identifier,text_measurer
107.51887512207031,26.389028549194336,.,.
-10.394804954528809,-22.628202438354492,identifier,TextMeasurer
-142.09458923339844,34.69654846191406,",",","
-0.11068307608366013,-88.66230010986328,identifier,encodings
-190.64305114746094,-11.90860652923584,:,:
-11.506102561950684,-15.770669937133789,identifier,Iterable
-19.272388458251953,-2.2404003143310547,identifier,str
-138.3663330078125,95.89862060546875,),)
-195.3145751953125,-23.430625915527344,:,:
42.398231506347656,-84.8748550415039,identifier,supported_characters
-3.5593345165252686,12.818135261535645,identifier,list
17.811967849731445,122.5145492553711,(,(
13.313502311706543,-24.299835205078125,identifier,generate_supported_characters
23.031982421875,124.88854217529297,(,(
35.30228805541992,-57.70417785644531,identifier,deja_vu_sans_path
-100.00833892822266,126.3393783569336,),)
-70.39888000488281,117.9248046875,),)
48.62157440185547,-78.72837829589844,identifier,kerning_characters
-2.7041537761688232,-4.176692008972168,"""",''
41.726470947265625,45.818233489990234,.,.
41.417518615722656,40.25381851196289,identifier,join
17.111764907836914,118.34705352783203,(,(
24.472314834594727,-7.778007507324219,identifier,generate_encodeable_characters
21.459440231323242,115.76393127441406,(,(
51.28800582885742,-49.83341598510742,identifier,supported_characters
-88.27106475830078,31.49844741821289,",",","
43.521976470947266,-43.44786071777344,identifier,encodings
-96.79872131347656,129.4442901611328,),)
-70.27435302734375,123.55437469482422,),)
52.11726760864258,-74.48867797851562,identifier,char_to_length
31.265321731567383,-5.824853897094727,identifier,calculate_character_to_length_mapping
22.282875061035156,111.45230102539062,(,(
56.78693771362305,-54.74217987060547,identifier,measurer
-83.99110412597656,33.94082260131836,",",","
51.713348388671875,-49.62534713745117,identifier,supported_characters
-75.0667953491211,133.38148498535156,),)
53.08802032470703,-73.35310363769531,identifier,pair_to_kerning
46.82574462890625,-4.014490604400635,identifier,calculate_pair_to_kern_mapping
22.312541961669922,102.91204833984375,(,(
56.77948760986328,-54.503055572509766,identifier,measurer
-78.39093780517578,39.663719177246094,",",","
62.88512420654297,-38.43550491333008,identifier,char_to_length
-78.87073516845703,39.97074890136719,",",","
62.592899322509766,-38.90726852416992,identifier,kerning_characters
-76.0940933227539,140.6082000732422,),)
20.83823013305664,14.573952674865723,identifier,json
76.70182037353516,53.12284851074219,.,.
48.911624908447266,2.0897586345672607,identifier,dump
29.521255493164062,100.88359069824219,(,(
56.51262664794922,-13.629840850830078,"""",'mean-character-length'
-96.83084869384766,-20.388572692871094,:,:
57.973628997802734,-4.4576029777526855,identifier,statistics
95.10777282714844,34.69755172729492,.,.
57.837074279785156,-1.5715175867080688,identifier,mean
16.981651306152344,102.85612487792969,(,(
74.37520599365234,-34.766231536865234,identifier,char_to_length
79.1625747680664,49.56364440917969,.,.
62.12530517578125,-4.851377964019775,identifier,values
48.068145751953125,145.78927612304688,(,(
-105.32770538330078,140.11578369140625,),)
-91.75402069091797,137.04795837402344,),)
-91.27678680419922,57.23176956176758,",",","
57.62788772583008,-13.216217994689941,"""",'character-lengths'
-95.57146453857422,-20.091514587402344,:,:
71.79557800292969,-33.251747131347656,identifier,char_to_length
-91.30824279785156,57.013511657714844,",",","
57.90936279296875,-13.032187461853027,"""",'kerning-characters'
-95.43853759765625,-20.06127166748047,:,:
71.85110473632812,-33.86545181274414,identifier,kerning_characters
-91.30756378173828,56.9217529296875,",",","
58.01832962036133,-12.809069633483887,"""",'kerning-pairs'
-95.42767333984375,-19.87260627746582,:,:
71.84320831298828,-33.123043060302734,identifier,pair_to_kerning
-77.45254516601562,44.60369110107422,",",","
68.75979614257812,-21.60098648071289,identifier,f
-80.399658203125,53.153343200683594,",",","
58.75043869018555,-10.937482833862305,identifier,sort_keys
-80.34870147705078,52.9427375793457,",",","
60.18669128417969,-10.022833824157715,identifier,indent
-71.46797943115234,151.2449493408203,),)
-32.751346588134766,-165.8571319580078,def,def
-21.30782699584961,-23.415447235107422,identifier,is_identity_matrix
-79.00392150878906,-184.5028076171875,(,(
11.018133163452148,-94.05518341064453,identifier,mat
-141.9609832763672,26.149677276611328,",",","
-2.431539535522461,-95.82485961914062,identifier,ignore_phase
-144.75270080566406,30.49458885192871,",",","
-3.944908618927002,-92.42157745361328,identifier,rtol
8.491327285766602,-32.13148498535156,identifier,RTOL_DEFAULT
-143.88023376464844,33.55962371826172,",",","
-4.1730804443359375,-92.26342010498047,identifier,atol
8.490767478942871,-32.09295654296875,identifier,ATOL_DEFAULT
-136.58218383789062,96.96733856201172,),)
-204.16441345214844,-22.036020278930664,:,:
-91.2194595336914,-108.07616424560547,if,if
29.527910232543945,-72.70832824707031,identifier,atol
-175.2969512939453,-47.36741638183594,:,:
30.350440979003906,-73.33708190917969,identifier,atol
9.558269500732422,-31.451557159423828,identifier,ATOL_DEFAULT
-87.51432037353516,-100.92919158935547,if,if
29.624584197998047,-72.55880737304688,identifier,rtol
-170.29356384277344,-48.5015869140625,:,:
30.53277015686035,-73.34373474121094,identifier,rtol
9.769715309143066,-31.42369270324707,identifier,RTOL_DEFAULT
63.1614875793457,-73.87946319580078,identifier,mat
19.222322463989258,35.216163635253906,identifier,np
89.35051727294922,34.61271286010742,.,.
9.915853500366211,0.9404226541519165,identifier,array
21.539710998535156,123.91259765625,(,(
64.53467559814453,-73.02254486083984,identifier,mat
-74.51922607421875,113.4652099609375,),)
-91.7603988647461,-98.05592346191406,if,if
65.0189208984375,-73.24978637695312,identifier,mat
121.4552230834961,49.01334762573242,.,.
15.741153717041016,4.029178142547607,identifier,ndim
-57.904563903808594,-30.719236373901367,!=,!=
-164.95932006835938,-50.15903854370117,:,:
-91.10658264160156,-93.44660949707031,if,if
19.181856155395508,-66.04086303710938,identifier,ignore_phase
-163.32838439941406,-43.429805755615234,:,:
51.376060485839844,-77.06288146972656,identifier,theta
20.162212371826172,35.193115234375,identifier,np
90.83568572998047,36.54132080078125,.,.
24.19042205810547,-3.2801592350006104,identifier,angle
17.971628189086914,114.84120178222656,(,(
64.81901550292969,-72.95384979248047,identifier,mat
-89.2969970703125,20.442005157470703,",",","
-71.92378234863281,124.37538146972656,),)
62.85643768310547,-73.86107635498047,identifier,mat
20.196025848388672,35.7404899597168,identifier,np
91.41685485839844,35.83665084838867,.,.
20.638093948364258,0.07712765783071518,identifier,exp
17.528493881225586,112.13795471191406,(,(
-27.93076515197754,14.153834342956543,-,-
52.882720947265625,-48.46821975708008,identifier,theta
-89.48695373535156,129.20355224609375,),)
64.54669189453125,-71.8003158569336,identifier,mat
53.75588607788086,-72.00527954101562,identifier,iden
19.628559112548828,36.09730911254883,identifier,np
91.90171813964844,35.1383056640625,.,.
20.424402236938477,2.940943479537964,identifier,eye
18.442119598388672,108.00521087646484,(,(
-4.699785232543945,54.167110443115234,identifier,len
13.827254295349121,106.8272705078125,(,(
64.927978515625,-71.7127456665039,identifier,mat
-96.08631896972656,135.1125030517578,),)
-70.20823669433594,137.38731384277344,),)
19.239763259887695,36.38301086425781,identifier,np
92.24927520751953,34.69340896606445,.,.
46.66935729980469,-2.478844165802002,identifier,allclose
23.071657180786133,101.86491394042969,(,(
65.20795440673828,-71.34099578857422,identifier,mat
-78.09574890136719,38.28208923339844,",",","
60.2448844909668,-41.55043411254883,identifier,iden
-85.86282348632812,50.68654251098633,",",","
59.421653747558594,-30.732810974121094,identifier,rtol
60.16995620727539,-31.607057571411133,identifier,rtol
-84.74961853027344,51.52180099487305,",",","
59.73634338378906,-30.53946304321289,identifier,atol
60.24148941040039,-31.43891143798828,identifier,atol
-73.9571762084961,148.9803009033203,),)
