x,y,role,token
-5.937292098999023,-174.81988525390625,function,function
53.7325439453125,-16.290685653686523,identifier,findIndex
-54.68544006347656,-134.06370544433594,(,(
88.67678833007812,-46.676666259765625,identifier,predicate
-78.79426574707031,-15.435713768005371,",",","
64.3841552734375,-46.4720573425293,identifier,context
-125.67438507080078,93.44618225097656,),)
-184.04347229003906,-42.980960845947266,{,{
-125.94791412353516,-105.74817657470703,if,if
-100.47016906738281,-71.48808288574219,(,(
-124.40801239013672,24.772375106811523,),)
-169.34434509277344,6.335162162780762,{,{
41.921905517578125,-11.586468696594238,identifier,TypeError
-37.504920959472656,-65.19689178466797,(,(
-64.71614837646484,85.29174041748047,),)
-59.901466369628906,150.90640258789062,},}
-120.87551879882812,-108.3262710571289,if,if
-98.38639831542969,-76.63652801513672,(,(
102.9000473022461,-30.562793731689453,identifier,predicate
-123.45974731445312,28.17048454284668,),)
-167.3274383544922,4.850022315979004,{,{
42.31415939331055,-11.49880599975586,identifier,TypeError
-36.786006927490234,-64.74842834472656,(,(
-63.19709014892578,84.65025329589844,),)
-57.28309631347656,150.5303955078125,},}
95.55613708496094,12.10189151763916,identifier,list
34.36414337158203,-115.21830749511719,=,=
41.09823226928711,1.7757811546325684,identifier,Object
-39.11207580566406,-88.76502227783203,(,(
-72.33537292480469,79.54154205322266,),)
105.89421081542969,36.50798034667969,identifier,length
31.09937286376953,-116.55110168457031,=,=
114.85382080078125,-18.009605407714844,identifier,list
66.28417205810547,87.6938247680664,.,.
105.6854019165039,55.94007110595703,identifier,length
-112.82919311523438,-91.96343994140625,for,for
-104.95462036132812,-86.82151794433594,(,(
157.19117736816406,9.84390640258789,identifier,i
41.492374420166016,-105.31549072265625,=,=
159.69700622558594,14.23249626159668,identifier,i
26.484514236450195,-65.15823364257812,<,<
109.5623779296875,40.16624069213867,identifier,length
160.96112060546875,16.363574981689453,identifier,i
-132.26715087890625,34.70048141479492,),)
-164.18882751464844,-9.874279975891113,{,{
-115.1016845703125,-117.90602111816406,if,if
-88.78205871582031,-85.06246185302734,(,(
73.5169448852539,-38.658409118652344,identifier,predicate
25.912508010864258,73.48992156982422,.,.
22.70676612854004,12.51053237915039,identifier,call
-26.845552444458008,-82.16570281982422,(,(
63.00104522705078,-45.300025939941406,identifier,context
-44.58566665649414,1.5409464836120605,",",","
114.86593627929688,-17.92434310913086,identifier,list
151.3194580078125,17.128582000732422,identifier,i
-46.258544921875,4.175860404968262,",",","
152.96597290039062,13.916993141174316,identifier,i
-46.08540344238281,4.605801105499268,",",","
115.94706726074219,-2.7251205444335938,identifier,list
-87.43937683105469,77.61414337158203,),)
-129.5560760498047,40.84291458129883,),)
-157.49649047851562,1.9928230047225952,{,{
18.348451614379883,189.92794799804688,return,return
150.9485626220703,14.344965934753418,identifier,i
-47.75606918334961,147.8284149169922,},}
-47.66748809814453,139.9342498779297,},}
24.262752532958984,189.2375030517578,return,return
-25.72203826904297,136.92698669433594,},}
-4.075527191162109,-175.176025390625,function,function
56.42576599121094,-19.764785766601562,identifier,compileSass
-55.578975677490234,-137.0557098388672,(,(
89.68030548095703,-40.067161560058594,identifier,_path
-74.59976959228516,-13.396254539489746,",",","
86.1471176147461,-13.125295639038086,identifier,ext
-78.45331573486328,-10.936174392700195,",",","
75.69068145751953,-43.256404876708984,identifier,data
-81.509033203125,-10.732584953308105,",",","
77.20443725585938,-54.264747619628906,identifier,callback
-122.08113861083984,96.92484283447266,),)
-185.0811004638672,-37.969234466552734,{,{
81.78614807128906,-21.633344650268555,identifier,compiledCss
42.87520217895508,-123.09577178955078,=,=
63.38908004760742,-17.390535354614258,identifier,sass
41.14629364013672,74.2039566040039,.,.
55.00765609741211,-4.246028423309326,identifier,renderSync
-45.69841766357422,-75.94298553466797,(,(
-138.49717712402344,-20.514371871948242,{,{
75.3402099609375,-42.11946487426758,identifier,data
75.42613983154297,-42.512081146240234,identifier,data
-66.1972885131836,6.727733135223389,",",","
69.51763153076172,-16.135692596435547,identifier,outputStyle
-65.97126007080078,6.782386302947998,",",","
61.56368637084961,-18.074310302734375,identifier,importer
-16.706024169921875,-167.18885803222656,function,function
-47.42732238769531,-123.67269134521484,(,(
113.78314208984375,-10.748222351074219,identifier,url
-69.97877502441406,-9.99756145477295,",",","
72.3650894165039,-8.10743522644043,identifier,prev
-70.03166961669922,-9.84821605682373,",",","
79.65625762939453,-54.58094024658203,identifier,done
-116.94822692871094,88.08235168457031,),)
-165.32020568847656,-17.80162239074707,{,{
-121.72761535644531,-112.76233673095703,if,if
-94.93028259277344,-78.1041259765625,(,(
112.20378112792969,-10.860509872436523,identifier,url
32.00699996948242,63.247718811035156,.,.
46.045562744140625,24.011951446533203,identifier,startsWith
-24.414281845092773,-65.09054565429688,(,(
-80.83255767822266,86.99617004394531,),)
-126.46772003173828,32.47955322265625,),)
-164.8975372314453,-5.149199485778809,{,{
97.40779876708984,10.316845893859863,identifier,newUrl
32.342708587646484,-117.54450988769531,=,=
81.16677856445312,-0.38641032576560974,identifier,path
32.300811767578125,69.4044189453125,.,.
46.120059967041016,33.671226501464844,identifier,join
-31.740108489990234,-78.2431411743164,(,(
73.17993927001953,-0.21963663399219513,identifier,__dirname
-43.064796447753906,-2.752808094024658,",",","
-44.35224914550781,-3.077378749847412,",",","
112.090576171875,-10.694416046142578,identifier,url
27.882741928100586,66.94129943847656,.,.
34.99848556518555,29.232179641723633,identifier,substr
-23.236122131347656,-73.27851104736328,(,(
-83.46470642089844,78.88208770751953,),)
-66.54922485351562,75.19775390625,),)
17.976333618164062,186.7670135498047,return,return
-142.56214904785156,-21.33294677734375,{,{
89.98905944824219,18.467588424682617,identifier,file
108.35430145263672,0.36311015486717224,identifier,newUrl
-53.49225616455078,116.4208984375,},}
-62.403526306152344,142.38446044921875,},}
-74.43132019042969,138.73956298828125,else,else
-156.583984375,-5.487104892730713,{,{
18.52383804321289,187.0839080810547,return,return
-143.0906219482422,-21.250272750854492,{,{
89.99820709228516,18.462915420532227,identifier,file
111.85147094726562,-9.930612564086914,identifier,url
-53.09945297241211,116.48240661621094,},}
-49.52048110961914,145.72915649414062,},}
-48.525081634521484,138.47711181640625,},}
-48.13713455200195,127.77084350585938,},}
-58.37715530395508,67.71159362792969,),)
75.09806823730469,-57.085018157958984,identifier,callback
-22.09572410583496,-80.34320831298828,(,(
-42.51017379760742,6.32683801651001,",",","
103.66046905517578,-6.6572370529174805,identifier,compiledCss
45.992347717285156,104.99899291992188,.,.
80.83897399902344,4.728974342346191,identifier,css
-68.43779754638672,65.97911071777344,),)
-27.107288360595703,138.20108032226562,},}
-6.457148551940918,-180.22357177734375,function,function
57.26146697998047,-19.17201805114746,identifier,AlgoliaSearchHelper
-56.88209915161133,-136.84103393554688,(,(
94.19422912597656,-44.919219970703125,identifier,client
-76.37349700927734,-12.722345352172852,",",","
120.23300170898438,30.04933738708496,identifier,index
-81.14691162109375,-11.215343475341797,",",","
119.33507537841797,-59.23452377319336,identifier,options
-122.04560089111328,96.12420654296875,),)
-186.90484619140625,-41.76818084716797,{,{
-125.68511199951172,-107.82009887695312,if,if
-98.67963409423828,-73.50387573242188,(,(
116.61306762695312,-39.91254806518555,identifier,client
58.31966781616211,85.5330581665039,.,.
67.134033203125,-13.048690795898438,identifier,addAlgoliaAgent
-19.037303924560547,-25.567607879638672,&&,&&
64.95941925048828,-11.42041301727295,identifier,doesClientAgentContainsHelper
-45.46688461303711,-89.21209716796875,(,(
99.53446960449219,-31.653778076171875,identifier,client
-82.07443237304688,89.0024642944336,),)
-126.02156829833984,26.789140701293945,),)
-169.8010711669922,4.3607563972473145,{,{
116.61819458007812,-39.920440673828125,identifier,client
40.88648986816406,79.73960876464844,.,.
67.1549072265625,-12.92701244354248,identifier,addAlgoliaAgent
-37.43687057495117,-67.6331787109375,(,(
-18.818857192993164,32.8310661315918,+,+
102.69046020507812,-36.085174560546875,identifier,version
-29.94527244567871,34.91388702392578,+,+
-64.22021484375,84.17082214355469,),)
-57.45132064819336,151.18771362304688,},}
38.64922332763672,81.18299102783203,.,.
64.70226287841797,-1.8047804832458496,identifier,setClient
-38.81846237182617,-86.68328094482422,(,(
99.46232604980469,-31.693355560302734,identifier,client
-71.03272247314453,80.561279296875,),)
120.19922637939453,-54.499839782714844,identifier,opts
33.82868194580078,-116.2887954711914,=,=
123.5071792602539,-57.613685607910156,identifier,options
-6.556187152862549,-27.155418395996094,||,||
-140.6229705810547,-27.016258239746094,{,{
-60.12192153930664,115.22016143798828,},}
121.99968719482422,-51.87153625488281,identifier,opts
34.69134521484375,97.33928680419922,.,.
120.91790008544922,24.350120544433594,identifier,index
26.71183967590332,-129.30686950683594,=,=
121.62348175048828,25.148839950561523,identifier,index
31.597206115722656,96.73069763183594,.,.
81.87503051757812,14.706672668457031,identifier,state
27.355592727661133,-125.4219741821289,=,=
70.32579803466797,2.8070454597473145,identifier,SearchParameters
34.700679779052734,73.67195892333984,.,.
57.10615539550781,11.612784385681152,identifier,make
-31.882749557495117,-86.0853271484375,(,(
117.51766204833984,-53.72551345825195,identifier,opts
-71.2285385131836,74.16165924072266,),)
30.336261749267578,95.48760223388672,.,.
78.25135040283203,11.464938163757324,identifier,lastResults
22.6978702545166,-130.80125427246094,=,=
29.562162399291992,94.50259399414062,.,.
77.13226318359375,12.395486831665039,identifier,_queryId
22.511314392089844,-130.37252807617188,=,=
29.063262939453125,94.03361511230469,.,.
76.75653076171875,12.17726993560791,identifier,_lastQueryIdReceived
22.352081298828125,-129.95248413085938,=,=
28.097183227539062,95.10575866699219,.,.
74.1840591430664,9.118181228637695,identifier,derivedHelpers
23.03778076171875,-129.7943115234375,=,=
28.428787231445312,94.1373062133789,.,.
76.38789367675781,11.556938171386719,identifier,_currentNbQueries
22.76969337463379,-129.32009887695312,=,=
-21.181835174560547,134.41033935546875,},}
-3.9568216800689697,-176.42715454101562,function,function
55.30217742919922,-16.18016815185547,identifier,uniqGrant
-57.33196258544922,-132.85894775390625,(,(
91.36995697021484,-48.9627799987793,identifier,str
-127.92106628417969,92.16564178466797,),)
-182.129638671875,-41.29583740234375,{,{
93.9969711303711,-50.045074462890625,identifier,arr
47.21786880493164,-121.61088562011719,=,=
106.35712432861328,-36.21760940551758,identifier,str
34.312644958496094,61.78072738647461,.,.
38.00010299682617,36.400054931640625,identifier,split
-21.423770904541016,-65.5230484008789,(,(
-71.09345245361328,90.65016174316406,),)
99.81837463378906,-16.73447608947754,identifier,exist
49.548118591308594,-127.45137023925781,=,=
-139.7349395751953,-26.132923126220703,{,{
-61.22148132324219,114.25872039794922,},}
157.62974548339844,6.3120527267456055,identifier,i
-81.05046844482422,-37.3106803894043,",",","
146.95428466796875,-5.692925930023193,identifier,item
-111.43266296386719,-91.62810516357422,for,for
-107.14157104492188,-84.42596435546875,(,(
160.75851440429688,10.067864418029785,identifier,i
43.52272033691406,-107.0309066772461,=,=
163.03570556640625,12.715010643005371,identifier,i
28.138500213623047,-66.44489288330078,<,<
110.45063781738281,-35.67826843261719,identifier,arr
64.40730285644531,85.04084014892578,.,.
103.2303695678711,54.637420654296875,identifier,length
-134.1258544921875,29.954151153564453,),)
-168.04786682128906,-9.285253524780273,{,{
88.82823181152344,-17.28221893310547,identifier,item
37.94261932373047,-120.86385345458984,=,=
111.61620330810547,-35.69776153564453,identifier,arr
153.94757080078125,19.089778900146484,identifier,i
31.14604377746582,61.45117950439453,.,.
34.32916259765625,30.199098587036133,identifier,trim
-28.729049682617188,-99.48401641845703,(,(
-66.94400787353516,93.71250915527344,),)
-119.25126647949219,-112.82239532470703,if,if
-93.13593292236328,-77.64236450195312,(,(
100.07501983642578,-16.66537094116211,identifier,exist
119.09686279296875,-4.309825420379639,identifier,item
-124.32994842529297,33.04342269897461,),)
-164.70074462890625,0.22056372463703156,{,{
112.94155883789062,-35.69679260253906,identifier,arr
22.32965087890625,74.974853515625,.,.
34.961673736572266,23.91695213317871,identifier,splice
-25.385589599609375,-75.83059692382812,(,(
154.352294921875,16.447534561157227,identifier,i
-43.50646209716797,-6.893940448760986,",",","
-69.71662139892578,78.02703094482422,),)
-61.80508804321289,144.5936279296875,},}
-75.49920654296875,138.91786193847656,else,else
-158.29039001464844,-5.2254557609558105,{,{
100.08683776855469,-16.653751373291016,identifier,exist
118.99336242675781,-4.188782691955566,identifier,item
21.132104873657227,-127.34953308105469,=,=
113.32970428466797,-35.55609893798828,identifier,arr
151.9448699951172,16.28557586669922,identifier,i
22.911365509033203,-126.42842102050781,=,=
118.57793426513672,-3.6098573207855225,identifier,item
156.87989807128906,14.041419982910156,identifier,i
-50.957489013671875,147.2769317626953,},}
-50.4052848815918,139.92018127441406,},}
22.038379669189453,188.51133728027344,return,return
112.39167022705078,-34.23869705200195,identifier,arr
26.558330535888672,69.82709503173828,.,.
43.953941345214844,34.463138580322266,identifier,join
-20.662445068359375,-71.03274536132812,(,(
-73.25190734863281,67.78101348876953,),)
-27.79353904724121,138.7173309326172,},}
-2.210231304168701,-174.01844787597656,function,function
56.83567428588867,-16.653051376342773,identifier,isDeeplyNestedGeneric
-58.09922409057617,-136.76593017578125,(,(
91.92196655273438,-40.70292282104492,identifier,type
-77.3655776977539,-12.120344161987305,",",","
90.09553527832031,-34.99850845336914,identifier,stack
-81.86284637451172,-11.342037200927734,",",","
113.6578369140625,35.62800216674805,identifier,depth
-122.41520690917969,97.07538604736328,),)
-186.87242126464844,-40.978416442871094,{,{
-126.53331756591797,-108.2713394165039,if,if
-98.73104858398438,-72.84262084960938,(,(
103.43297576904297,-39.027008056640625,identifier,type
59.40560531616211,86.48587799072266,.,.
71.17376708984375,31.539966583251953,identifier,flags
-62.30371856689453,-80.46240997314453,(,(
-79.9341049194336,91.60611724853516,),)
-20.051176071166992,-26.57120704650879,&&,&&
112.83465576171875,35.97061538696289,identifier,depth
-128.35890197753906,27.587507247924805,),)
-168.7189483642578,-6.548201560974121,{,{
76.57105255126953,-23.017351150512695,identifier,symbol
42.32627487182617,-117.66661834716797,=,=
103.44477844238281,-39.023902893066406,identifier,type
54.045936584472656,86.68524932861328,.,.
76.48090362548828,-22.993743896484375,identifier,symbol
108.5718765258789,22.920583724975586,identifier,count
51.8443717956543,-126.33374786376953,=,=
-112.21218872070312,-90.76734161376953,for,for
-105.94888305664062,-85.69520568847656,(,(
159.28915405273438,9.700901985168457,identifier,i
42.550865173339844,-106.8448486328125,=,=
161.72674560546875,13.028900146484375,identifier,i
27.174880981445312,-66.51810455322266,<,<
112.56845092773438,36.099525451660156,identifier,depth
162.45828247070312,14.90710163116455,identifier,i
-132.13742065429688,32.19445037841797,),)
-165.8271484375,-9.589454650878906,{,{
91.44598388671875,-15.506979942321777,identifier,t
36.02327346801758,-115.72295379638672,=,=
88.79054260253906,-10.47041130065918,identifier,stack
153.82528686523438,17.430822372436523,identifier,i
-117.3253402709961,-115.17806243896484,if,if
-93.15609741210938,-81.47021484375,(,(
127.49091339111328,-21.15823745727539,identifier,t
56.798866271972656,99.34334564208984,.,.
71.17608642578125,31.532447814941406,identifier,flags
-62.11176300048828,-79.83344268798828,(,(
-81.22960662841797,79.65328216552734,),)
-20.927881240844727,-23.69253921508789,&&,&&
127.45738220214844,-21.09100914001465,identifier,t
55.48426055908203,100.78929901123047,.,.
99.1785659790039,20.80197525024414,identifier,symbol
20.9821834564209,-54.23786163330078,===,===
99.2121353149414,20.781898498535156,identifier,symbol
-129.33619689941406,37.93982696533203,),)
-160.20372009277344,0.10836493223905563,{,{
108.27716827392578,21.57848358154297,identifier,count
-114.73143768310547,-115.70600891113281,if,if
-91.38131713867188,-84.41627502441406,(,(
108.26326751708984,21.53677749633789,identifier,count
-119.56535339355469,40.03491973876953,),)
16.77841567993164,189.9994659423828,return,return
-50.02995681762695,146.32164001464844,},}
-48.89482498168945,141.21136474609375,},}
-49.34516143798828,140.04946899414062,},}
24.021005630493164,190.00372314453125,return,return
-22.030366897583008,138.8688507080078,},}
-6.575557231903076,-179.77732849121094,function,function
57.179134368896484,-18.85865020751953,identifier,PlaybackRateMenuItem
-57.31919860839844,-135.3788604736328,(,(
96.2329330444336,-42.26387023925781,identifier,player
-78.67631530761719,-13.464951515197754,",",","
118.84255981445312,-58.838741302490234,identifier,options
-123.7948226928711,94.6679916381836,),)
-184.69642639160156,-44.975460052490234,{,{
55.54426956176758,-10.877764701843262,identifier,classCallCheck
-47.53225326538086,-82.57356262207031,(,(
-54.509788513183594,-11.141879081726074,",",","
62.88170623779297,-15.549477577209473,identifier,PlaybackRateMenuItem
-68.83106231689453,88.0738296508789,),)
86.94695281982422,-21.51633644104004,identifier,label
43.636810302734375,-117.93201446533203,=,=
125.52891540527344,-51.941139221191406,identifier,options
54.21046829223633,85.98700714111328,.,.
100.25814819335938,27.6285343170166,identifier,rate
100.18115234375,27.724754333496094,identifier,rate
41.92508316040039,-119.94159698486328,=,=
54.28337097167969,1.3876028060913086,identifier,parseFloat
-44.0576171875,-84.90351104736328,(,(
122.5466079711914,18.914104461669922,identifier,label
-50.708213806152344,-8.535840034484863,",",","
-70.16862487792969,86.01111602783203,),)
124.17524719238281,-53.48143005371094,identifier,options
34.10309982299805,100.79273986816406,.,.
122.69215393066406,18.164636611938477,identifier,label
28.317216873168945,-130.4093017578125,=,=
122.60160827636719,18.69754409790039,identifier,label
124.47689056396484,-53.70180892944336,identifier,options
34.76673889160156,100.41104125976562,.,.
71.8343505859375,-3.361318588256836,identifier,selected
30.425432205200195,-126.86747741699219,=,=
100.17112731933594,27.634376525878906,identifier,rate
17.467411041259766,-53.792667388916016,===,===
124.95464324951172,-54.10405731201172,identifier,options
35.19624710083008,100.13224792480469,.,.
71.60304260253906,-3.417015790939331,identifier,selectable
24.06611442565918,-133.17092895507812,=,=
95.22602081298828,7.112176418304443,identifier,_this
33.08855438232422,-115.2776107788086,=,=
56.882877349853516,-9.127610206604004,identifier,possibleConstructorReturn
-33.38072204589844,-81.374755859375,(,(
-46.751808166503906,-3.196455478668213,",",","
69.93358612060547,2.6360342502593994,identifier,_MenuItem
24.623153686523438,72.28162384033203,.,.
22.57539176940918,12.198943138122559,identifier,call
-31.166196823120117,-82.81664276123047,(,(
-49.93577575683594,0.08058445155620575,",",","
97.1521224975586,-41.87662887573242,identifier,player
-50.422725677490234,1.0256891250610352,",",","
124.79582214355469,-58.71406936645508,identifier,options
-85.90780639648438,82.11032104492188,),)
-65.853515625,75.1192855834961,),)
124.96455383300781,-14.154791831970215,identifier,_this
30.941801071166992,97.33125305175781,.,.
122.82546997070312,17.55134391784668,identifier,label
26.181615829467773,-129.26187133789062,=,=
122.88495635986328,17.356985092163086,identifier,label
124.46452331542969,-13.765695571899414,identifier,_this
30.12691879272461,97.09571838378906,.,.
100.13404846191406,26.14811897277832,identifier,rate
25.919626235961914,-128.9967498779297,=,=
100.21424102783203,26.188024520874023,identifier,rate
123.4988784790039,-13.866049766540527,identifier,_this
29.085948944091797,82.35994720458984,.,.
66.3351058959961,17.62179183959961,identifier,on
-25.008377075195312,-80.92461395263672,(,(
97.22384643554688,-41.86665725708008,identifier,player
-38.92036819458008,5.561196804046631,",",","
-40.757545471191406,6.950541973114014,",",","
123.27384948730469,-13.800631523132324,identifier,_this
46.253475189208984,104.787353515625,.,.
78.23875427246094,8.847087860107422,identifier,update
-68.47212219238281,67.20982360839844,),)
22.064363479614258,192.7021942138672,return,return
117.37183380126953,0.5264080166816711,identifier,_this
-24.957731246948242,136.26673889160156,},}
-6.987878799438477,-180.3961944580078,function,function
57.60062789916992,-19.908693313598633,identifier,BufferingTracer
-56.328514099121094,-136.93971252441406,(,(
90.04356384277344,-37.72686004638672,identifier,tracer
-78.69532775878906,-13.761085510253906,",",","
118.61222839355469,-59.1480827331543,identifier,options
-123.90351867675781,94.47579193115234,),)
-185.79849243164062,-44.8115348815918,{,{
121.30328369140625,-56.938934326171875,identifier,options
43.579837799072266,-125.466552734375,=,=
122.20075225830078,-58.507144927978516,identifier,options
-6.611368179321289,-28.23055648803711,||,||
-139.36219787597656,-26.93538475036621,{,{
-61.122337341308594,114.8078384399414,},}
80.727294921875,-16.183671951293945,identifier,self
51.6812629699707,-120.43513488769531,=,=
30.98629379272461,101.25965881347656,.,.
75.50122833251953,-12.727672576904297,identifier,_tracer
28.583993911743164,-131.40403747558594,=,=
89.96488952636719,-36.984130859375,identifier,tracer
31.36799430847168,100.7012939453125,.,.
75.19636535644531,-12.231611251831055,identifier,_maxTraces
32.583152770996094,-127.14813232421875,=,=
126.12165832519531,-53.42245101928711,identifier,options
56.80036163330078,90.24726867675781,.,.
74.80632019042969,-12.073331832885742,identifier,maxTraces
-8.067867279052734,-27.299198150634766,||,||
31.660634994506836,99.79039001464844,.,.
75.83493041992188,-11.065032005310059,identifier,_sendInterval
32.045780181884766,-125.25531005859375,=,=
127.3210220336914,-52.5533447265625,identifier,options
58.60026168823242,93.4573974609375,.,.
75.97582244873047,-10.123759269714355,identifier,sendInterval
-60.75482177734375,-80.16773223876953,(,(
127.2026138305664,-53.52988815307617,identifier,options
54.75831604003906,93.98750305175781,.,.
76.01557159423828,-9.953512191772461,identifier,sendInterval
-77.70661163330078,81.76107788085938,),)
31.504915237426758,95.57498931884766,.,.
77.89692687988281,12.35804557800293,identifier,_lastSentTs
26.99126434326172,-125.88249206542969,=,=
52.11565399169922,4.21725606918335,identifier,Date
36.899471282958984,72.44259643554688,.,.
52.92397689819336,4.637472152709961,identifier,now
-26.921316146850586,-98.07921600341797,(,(
-77.378662109375,68.3196029663086,),)
31.153982162475586,94.90119171142578,.,.
78.29122924804688,13.338661193847656,identifier,_buffer
23.705698013305664,-130.51393127441406,=,=
30.529367446899414,94.67981719970703,.,.
77.09449768066406,15.998725891113281,identifier,_stopped
22.297460556030273,-131.20701599121094,=,=
29.065719604492188,94.47331237792969,.,.
76.87334442138672,11.897966384887695,identifier,_periodSendTimeoutId
25.066425323486328,-125.78207397460938,=,=
58.49594497680664,6.1738457679748535,identifier,setTimeout
-25.772659301757812,-83.33265686035156,(,(
35.32973861694336,89.37129211425781,.,.
76.33898162841797,9.675894737243652,identifier,_periodicSendFunction
25.066164016723633,72.6064224243164,.,.
25.036224365234375,12.26415729522705,identifier,bind
-27.103919982910156,-88.96392059326172,(,(
-86.28807067871094,74.6021499633789,),)
-43.354000091552734,8.299795150756836,",",","
42.92951583862305,103.13411712646484,.,.
76.83631896972656,9.877996444702148,identifier,_sendInterval
-68.31385803222656,65.21353912353516,),)
-24.892742156982422,134.3135528564453,},}
-7.5278778076171875,-173.6597900390625,function,function
54.80012130737305,-22.532936096191406,identifier,hela
-57.086585998535156,-131.44851684570312,(,(
115.97229766845703,-57.411624908447266,identifier,opts
-127.27156829833984,93.43299865722656,),)
-183.32763671875,-40.46918487548828,{,{
120.50572204589844,-57.138221740722656,identifier,options
44.76915740966797,-123.04552459716797,=,=
41.299102783203125,2.912890672683716,identifier,Object
40.6921501159668,69.74783325195312,.,.
46.92289733886719,8.489835739135742,identifier,assign
-46.26227569580078,-77.19004821777344,(,(
-138.62081909179688,-20.945144653320312,{,{
67.9217300415039,-15.779163360595703,identifier,argv
-138.65919494628906,-25.61500358581543,{,{
-62.14549255371094,114.29943084716797,},}
-67.39105224609375,6.973761558532715,",",","
69.94645690917969,-14.112765312194824,identifier,prefix
-69.16181182861328,8.52023983001709,",",","
67.66889190673828,-23.712289810180664,identifier,stdio
-56.78750991821289,116.41629028320312,},}
-53.01544952392578,-8.810853958129883,",",","
119.29713439941406,-52.86472702026367,identifier,opts
-54.0100212097168,81.81558227539062,),)
-125.08008575439453,-113.56805419921875,if,if
-95.69105529785156,-76.37362670898438,(,(
126.52957153320312,-52.19807815551758,identifier,options
57.915489196777344,92.16319274902344,.,.
68.10083770751953,-4.781121730804443,identifier,tasks
-10.892572402954102,-26.444904327392578,||,||
-60.13179397583008,-80.282958984375,(,(
126.7890853881836,-52.20350646972656,identifier,options
58.104278564453125,92.67253875732422,.,.
68.25231170654297,-4.804248809814453,identifier,presets
-10.51016616821289,-26.35001564025879,||,||
126.41655731201172,-52.869014739990234,identifier,options
57.8814811706543,93.19525146484375,.,.
70.93326568603516,-6.8190202713012695,identifier,extends
-81.41446685791016,83.6524887084961,),)
-126.15457153320312,30.91703224182129,),)
-164.822509765625,4.287112712860107,{,{
14.538436889648438,186.55279541015625,return,return
63.61656951904297,-27.28116226196289,identifier,presetResolver
-36.421993255615234,-87.14965057373047,(,(
124.82809448242188,-57.405738830566406,identifier,options
-55.628231048583984,80.40901184082031,),)
-55.72793960571289,137.4196014404297,},}
20.108943939208984,183.60621643066406,return,return
66.17459869384766,2.352015256881714,identifier,prettyConfig
-35.62379455566406,-78.12681579589844,(,(
-48.663230895996094,-2.0260725021362305,",",","
124.89520263671875,-57.870113372802734,identifier,options
-76.41571807861328,75.60164642333984,),)
24.61359977722168,60.806297302246094,.,.
25.037765502929688,-10.8248872756958,identifier,then
-45.71702194213867,-70.13701629638672,(,(
-46.546424865722656,-120.57127380371094,(,(
115.93119812011719,-9.634204864501953,identifier,config
-110.9176025390625,84.488525390625,),)
-162.80874633789062,-16.45362663269043,{,{
-113.994873046875,-115.51717376708984,if,if
-92.68854522705078,-84.81990051269531,(,(
128.6042022705078,-42.19955062866211,identifier,config
-124.9492416381836,39.80744171142578,),)
-159.7523651123047,3.635627508163452,{,{
40.061832427978516,-13.239066123962402,identifier,Error
-34.76763153076172,-64.85769653320312,(,(
-57.609169006347656,78.20256042480469,),)
-54.74635314941406,136.5535125732422,},}
20.616453170776367,186.4407196044922,return,return
63.7415657043457,-27.722755432128906,identifier,presetResolver
-22.47771644592285,-82.82292175292969,(,(
41.281394958496094,3.201547145843506,identifier,Object
33.471229553222656,70.9913330078125,.,.
46.92491912841797,8.504144668579102,identifier,assign
-26.59585952758789,-84.1471939086914,(,(
-140.841064453125,-24.11055564880371,{,{
-61.8876953125,117.06844329833984,},}
-42.0061149597168,8.89565658569336,",",","
127.2491455078125,-41.6063346862793,identifier,config
-42.21321105957031,8.74323844909668,",",","
124.92227172851562,-59.00226593017578,identifier,options
-87.20760345458984,75.4876480102539,),)
-55.70889663696289,72.26074981689453,),)
-50.440486907958984,126.98866271972656,},}
-55.636146545410156,69.87947082519531,),)
-32.08956527709961,132.98838806152344,},}
-4.943070411682129,-173.28189086914062,function,function
54.30183029174805,-19.086103439331055,identifier,setupDispatch
-54.61857223510742,-138.27972412109375,(,(
-137.47528076171875,-19.925424575805664,{,{
78.87382507324219,-30.9813232421875,identifier,actions
80.47782897949219,-31.07821273803711,identifier,actionHandlers
44.523529052734375,-130.2454071044922,=,=
-137.96664428710938,-26.717592239379883,{,{
-62.71238708496094,114.96232604980469,},}
-83.09439086914062,-8.187352180480957,",",","
82.37654876708984,-31.382097244262695,identifier,schemas
45.028526306152344,-130.80409240722656,=,=
-137.7776336669922,-26.460773468017578,{,{
-62.165443420410156,114.98657989501953,},}
-82.8574447631836,-8.074179649353027,",",","
93.17326354980469,-24.619537353515625,identifier,services
45.01837158203125,-130.8516387939453,=,=
-137.86334228515625,-26.176645278930664,{,{
-62.33768081665039,114.4320297241211,},}
-82.62784576416016,-7.783560276031494,",",","
80.95804595947266,-31.25985336303711,identifier,middlewares
45.170162200927734,-130.98983764648438,=,=
-82.43009948730469,-7.636727809906006,",",","
82.52931213378906,-37.338951110839844,identifier,identOptions
45.2646369934082,-130.9724578857422,=,=
-137.82444763183594,-27.241788864135742,{,{
-61.35236740112305,116.29163360595703,},}
-57.614585876464844,115.04541015625,},}
-121.74147033691406,99.12413787841797,),)
-187.32949829101562,-37.78810119628906,{,{
80.20668029785156,-18.189308166503906,identifier,getService
39.26551055908203,-118.11829376220703,=,=
63.922576904296875,-7.7725749015808105,identifier,setupGetService
-41.83941650390625,-83.5343246459961,(,(
94.58943939208984,-5.160804748535156,identifier,schemas
-53.19906997680664,-5.962553024291992,",",","
93.25419616699219,-24.237031936645508,identifier,services
-54.393821716308594,81.57867431640625,),)
101.94083404541016,14.921265602111816,identifier,dispatch
36.323116302490234,-118.50829315185547,=,=
-46.543792724609375,-124.98543548583984,(,(
118.43938446044922,-10.359676361083984,identifier,action
-111.1082763671875,85.24751281738281,),)
-163.7276611328125,-16.34697151184082,{,{
49.20113754272461,49.37651443481445,identifier,debug
-34.532135009765625,-67.3479232788086,(,(
-38.6068229675293,-1.7027324438095093,",",","
119.05083465576172,-10.529808044433594,identifier,action
-56.82191848754883,79.79878234863281,),)
18.065486907958984,184.02438354492188,return,return
66.3886947631836,3.8695409297943115,identifier,handleAction
-31.946807861328125,-81.12239837646484,(,(
119.0173568725586,-10.5162992477417,identifier,action
-47.308021545410156,-3.4968178272247314,",",","
-142.40614318847656,-22.099287033081055,{,{
94.74411010742188,-4.969220161437988,identifier,schemas
-54.48427200317383,3.315605878829956,",",","
93.44285583496094,-23.92035484313965,identifier,services
-54.30516815185547,3.365025520324707,",",","
74.31288146972656,-49.5500602722168,identifier,dispatch
-53.423072814941406,3.6803762912750244,",",","
96.02567291259766,-4.370314598083496,identifier,identOptions
-53.28636932373047,3.935927391052246,",",","
97.97984313964844,-3.5947749614715576,identifier,getService
-54.12051010131836,117.38568878173828,},}
-50.37565994262695,3.764356851577759,",",","
97.58506774902344,-5.142308712005615,identifier,actionHandlers
-55.86298370361328,77.24945068359375,),)
-53.03999328613281,135.09425354003906,},}
-117.76756286621094,-119.6035385131836,if,if
-88.9551010131836,-82.58572387695312,(,(
105.32844543457031,-6.099811553955078,identifier,middlewares
67.80801391601562,85.7557601928711,.,.
104.1037826538086,57.106571197509766,identifier,length
28.60318946838379,-54.039955139160156,>,>
-126.98567199707031,40.69231033325195,),)
-157.55557250976562,-0.5542669296264648,{,{
102.61286926269531,14.199250221252441,identifier,dispatch
24.59598159790039,-118.8182601928711,=,=
69.84654998779297,7.416127681732178,identifier,compose
-22.958576202392578,-83.0900650024414,(,(
104.97140502929688,-6.149231910705566,identifier,middlewares
-81.29170989990234,65.879150390625,),)
-22.375810623168945,-88.7557601928711,(,(
116.38603973388672,1.8154860734939575,identifier,dispatch
-54.88975524902344,74.43804168701172,),)
-51.079647064208984,135.57357788085938,},}
22.714580535888672,193.0106658935547,return,return
116.63662719726562,1.9065337181091309,identifier,dispatch
-32.21379852294922,133.82638549804688,},}
-14.73912239074707,-177.36109924316406,function,function
-52.70615768432617,-130.6005859375,(,(
117.86680603027344,-59.7187614440918,identifier,options
-127.57847595214844,88.27975463867188,),)
-177.51968383789062,-41.29703903198242,{,{
120.93753051757812,-56.83409881591797,identifier,options
44.043670654296875,-124.60299682617188,=,=
40.10034942626953,11.539671897888184,identifier,_
40.490299224853516,69.44123077392578,.,.
56.63826370239258,20.98195457458496,identifier,defaults
-46.38536071777344,-77.52962493896484,(,(
-139.1349639892578,-25.11569595336914,{,{
-62.75008010864258,115.41780853271484,},}
-53.73204803466797,-9.980179786682129,",",","
122.00227355957031,-58.76218795776367,identifier,options
-7.412776947021484,-28.6712589263916,||,||
-138.80499267578125,-26.541744232177734,{,{
-61.84720993041992,115.32205963134766,},}
-53.080726623535156,-10.483532905578613,",",","
-138.7154541015625,-21.314926147460938,{,{
84.5200424194336,-9.113250732421875,identifier,tags
-138.34873962402344,-25.6837158203125,{,{
-62.265403747558594,114.15332794189453,},}
-67.97634887695312,6.551368236541748,",",","
68.12042999267578,-28.46757698059082,identifier,drain
-56.75468826293945,115.51762390136719,},}
-66.83094787597656,86.65747833251953,),)
36.60077667236328,-27.44780921936035,identifier,assert
-54.51969528198242,-81.12276458740234,(,(
126.5643310546875,-51.25160598754883,identifier,options
55.88726043701172,91.34652709960938,.,.
68.15015411376953,-28.500032424926758,identifier,drain
-56.966365814208984,-14.399517059326172,",",","
68.99213409423828,-9.328133583068848,"""","""options.drain is required"""
-65.5090560913086,84.34029388427734,),)
36.3527946472168,-27.601303100585938,identifier,assert
-55.362640380859375,-79.82569885253906,(,(
127.01097869873047,-51.61443328857422,identifier,options
55.934593200683594,92.81803894042969,.,.
85.32587432861328,-8.752045631408691,identifier,tags
16.472328186035156,-54.74333572387695,===,===
-56.63472366333008,-15.178254127502441,",",","
69.47380828857422,-8.84007453918457,"""","""options.tags is required"""
-65.16983795166016,79.94762420654297,),)
36.08924865722656,-27.765275955200195,identifier,assert
-55.663333892822266,-79.41593933105469,(,(
38.981773376464844,11.838393211364746,identifier,_
37.8415641784668,68.18856811523438,.,.
47.91350173950195,29.246774673461914,identifier,intersection
-33.113731384277344,-78.31458282470703,(,(
39.14128112792969,11.847929954528809,identifier,_
37.636680603027344,68.37541198730469,.,.
50.76930236816406,1.1539939641952515,identifier,keys
-33.91053009033203,-87.94904327392578,(,(
129.02818298339844,-53.14177322387695,identifier,options
49.569217681884766,96.41283416748047,.,.
85.2805404663086,-8.73513126373291,identifier,tags
-82.93875122070312,77.35006713867188,),)
-44.942832946777344,-2.9302496910095215,",",","
66.82829284667969,30.869348526000977,identifier,series
39.381004333496094,90.05908203125,.,.
84.19474029541016,6.71750545501709,identifier,APIClientCalls
32.07978439331055,73.5829849243164,.,.
88.45044708251953,21.687395095825195,identifier,columns
-24.37042236328125,-97.54327392578125,(,(
-88.28770446777344,71.04448699951172,),)
-78.21267700195312,78.0229263305664,),)
23.707509994506836,66.23976135253906,.,.
105.15872955322266,56.89910888671875,identifier,length
17.8066463470459,-56.09938049316406,===,===
-56.43294143676758,-15.594297409057617,",",","
72.17410278320312,11.400611877441406,"""","""Can't used reserved tag names!"""
-64.93692016601562,70.29845428466797,),)
21.97821617126465,186.7798614501953,return,return
66.82732391357422,30.869924545288086,identifier,series
38.95844268798828,90.04972839355469,.,.
84.17672729492188,6.699080944061279,identifier,APIClientCalls
30.375455856323242,78.6559829711914,.,.
65.59046936035156,19.86410903930664,identifier,reporter
-23.677576065063477,-83.60171508789062,(,(
130.3528289794922,-54.928245544433594,identifier,options
47.364070892333984,106.64179992675781,.,.
68.15353393554688,-28.573453903198242,identifier,drain
-43.740760803222656,7.445859432220459,",",","
130.13624572753906,-54.782169342041016,identifier,options
45.6453971862793,103.656982421875,.,.
84.79249572753906,-8.913620948791504,identifier,tags
-69.48171997070312,65.23448181152344,),)
-22.425029754638672,136.0657501220703,},}
-4.641900062561035,-175.74996948242188,function,function
53.25787353515625,-19.280073165893555,identifier,replaceF
-54.770442962646484,-135.29388427734375,(,(
85.1299819946289,-49.270965576171875,identifier,matcher
-75.83141326904297,-14.82739543914795,",",","
91.257568359375,-48.83820724487305,identifier,str
-79.32071685791016,-11.205811500549316,",",","
79.13429260253906,-47.82487106323242,identifier,replace
-124.236328125,95.71587371826172,),)
-184.52513122558594,-39.31963348388672,{,{
86.16200256347656,-26.135351181030273,identifier,chunks
50.63999938964844,-127.80987548828125,=,=
117.57599639892578,29.700510025024414,identifier,index
52.39445877075195,-126.9747543334961,=,=
-110.52281188964844,-92.28421020507812,for,for
-107.56616973876953,-86.78461456298828,(,(
87.41571044921875,-20.242450714111328,identifier,match
84.92601776123047,-49.43696594238281,identifier,matcher
43.16770553588867,74.64833068847656,.,.
57.9094123840332,-11.904294967651367,identifier,execAll
-45.0641975402832,-87.70491790771484,(,(
107.10340118408203,-36.16590118408203,identifier,str
-82.63684844970703,89.17215728759766,),)
-133.1997528076172,29.032732009887695,),)
-168.97451782226562,-9.798060417175293,{,{
125.48351287841797,1.5755469799041748,identifier,chunks
20.05860137939453,77.02484893798828,.,.
15.44613265991211,26.62738800048828,identifier,push
-39.13292694091797,-74.16575622558594,(,(
107.12142181396484,-36.07670211791992,identifier,str
32.97201156616211,64.1466293334961,.,.
34.094642639160156,27.2392635345459,identifier,slice
-40.139259338378906,-77.62821960449219,(,(
119.0963363647461,25.726747512817383,identifier,index
-46.38064956665039,-8.14504623413086,",",","
126.58441162109375,-26.71208381652832,identifier,match
52.08986282348633,91.35611724853516,.,.
119.9914779663086,26.415359497070312,identifier,index
-83.75947570800781,85.39702606201172,),)
-57.389549255371094,82.30792999267578,),)
125.45945739746094,1.5605616569519043,identifier,chunks
20.56770133972168,77.37958526611328,.,.
15.135510444641113,27.0656795501709,identifier,push
-37.423744201660156,-74.16184997558594,(,(
48.32137680053711,4.154238700866699,identifier,String
-38.31675338745117,-79.03337860107422,(,(
51.13680648803711,-27.44338035583496,identifier,replace
-38.273101806640625,-78.98269653320312,(,(
127.35624694824219,-26.24348258972168,identifier,match
-50.810829162597656,-4.134922027587891,",",","
126.87394714355469,-26.439167022705078,identifier,match
50.65803909301758,94.4840316772461,.,.
120.16395568847656,25.698238372802734,identifier,index
-50.99129104614258,-3.68033766746521,",",","
126.59552001953125,-26.559032440185547,identifier,match
51.955562591552734,94.67927551269531,.,.
73.9335708618164,-1.6626911163330078,identifier,input
-84.17090606689453,83.09969329833984,),)
-83.54934692382812,82.9908676147461,),)
-57.51836013793945,82.05020141601562,),)
118.031982421875,23.755617141723633,identifier,index
29.25596809387207,-121.95751953125,=,=
126.12687683105469,-26.365095138549805,identifier,match
53.9907341003418,99.54105377197266,.,.
120.33756256103516,25.36580467224121,identifier,index
-24.24295425415039,29.25603485107422,+,+
125.878662109375,-26.39503288269043,identifier,match
53.12250518798828,98.37612915039062,.,.
106.63774871826172,55.42311096191406,identifier,length
-53.382591247558594,135.88050842285156,},}
125.09022521972656,0.9235643744468689,identifier,chunks
22.603458404541016,76.8893814086914,.,.
15.326150894165039,27.996063232421875,identifier,push
-35.04098892211914,-73.81851196289062,(,(
107.42176818847656,-35.94050598144531,identifier,str
28.403539657592773,69.00914764404297,.,.
34.98581314086914,26.597871780395508,identifier,slice
-22.62224578857422,-75.25096130371094,(,(
122.59519958496094,26.42149543762207,identifier,index
-85.24622344970703,79.59009552001953,),)
-56.67009353637695,77.00816345214844,),)
21.9801082611084,188.91856384277344,return,return
124.86027526855469,0.5931373238563538,identifier,chunks
26.606338500976562,69.96507263183594,.,.
43.91998291015625,34.30135726928711,identifier,join
-20.62067222595215,-71.20585632324219,(,(
67.63285827636719,23.881196975708008,"""",""""""
-54.89122772216797,76.05816650390625,),)
-32.83379364013672,134.17225646972656,},}
-4.021943092346191,-172.82215881347656,function,function
55.90072250366211,-19.534339904785156,identifier,upgradeDatabaseSchema
-57.108856201171875,-137.44131469726562,(,(
88.59101867675781,-40.25138854980469,identifier,databaseName
-75.11041259765625,-12.468668937683105,",",","
97.85175323486328,-49.43267059326172,identifier,event
-78.29138946533203,-8.729374885559082,",",","
80.286865234375,-34.731689453125,identifier,migrationPromise
-77.396240234375,-8.616374015808105,",",","
92.58415222167969,-35.764488220214844,identifier,database
-77.27416229248047,-8.87523365020752,",",","
77.04674530029297,-37.60245895385742,identifier,transaction
-78.782958984375,-7.947997093200684,",",","
82.4573745727539,-31.670400619506836,identifier,sortedSchemaDescriptors
-79.99275207519531,-7.5967698097229,",",","
80.17691802978516,-34.5045051574707,identifier,migrationPromiseResolver
-80.23258209228516,-7.628694534301758,",",","
80.14460754394531,-34.49054718017578,identifier,migrationPromiseRejector
-122.86418914794922,98.89301300048828,),)
-188.4808349609375,-42.354557037353516,{,{
65.34039306640625,-6.865497589111328,identifier,executeMigrationListeners
-41.66136932373047,-81.4925537109375,(,(
95.67227935791016,-19.785493850708008,identifier,databaseName
-54.964534759521484,-5.132933616638184,",",","
122.80804443359375,-38.6512336730957,identifier,event
51.1119384765625,92.37909698486328,.,.
77.11859893798828,-7.22329568862915,identifier,oldVersion
-54.83300018310547,-4.649041175842285,",",","
122.8420181274414,-38.61949920654297,identifier,event
51.676292419433594,92.80941009521484,.,.
77.14702606201172,-7.176403999328613,identifier,newVersion
-55.30166244506836,-2.6992685794830322,",",","
79.99908447265625,-34.420654296875,identifier,migrationPromise
-54.17726135253906,81.22278594970703,),)
95.23036193847656,8.679328918457031,identifier,migrator
34.41912841796875,-114.26897430419922,=,=
69.94373321533203,1.2533910274505615,identifier,DatabaseMigrator
-33.522640228271484,-81.36833953857422,(,(
92.72030639648438,-35.63850021362305,identifier,database
-52.7896728515625,1.877811074256897,",",","
76.88957214355469,-37.500282287597656,identifier,transaction
-52.730857849121094,2.009507894515991,",",","
95.22211456298828,-4.394336223602295,identifier,sortedSchemaDescriptors
-51.69243240356445,1.5226413011550903,",",","
122.86717224121094,-38.58305740356445,identifier,event
50.35441589355469,98.66012573242188,.,.
77.28732299804688,-7.089998245239258,identifier,oldVersion
-55.187747955322266,79.1932144165039,),)
21.336708068847656,183.94378662109375,return,return
44.98844909667969,-20.25918960571289,identifier,PromiseSync
32.69594955444336,72.1660385131836,.,.
45.39894485473633,-27.640119552612305,identifier,resolve
-23.127281188964844,-96.18775939941406,(,(
-77.37313079833984,71.0963363647461,),)
24.164920806884766,61.04328536987305,.,.
25.100994110107422,-10.285391807556152,identifier,then
-45.55467224121094,-69.79891967773438,(,(
-46.21879577636719,-118.7753677368164,(,(
-110.56912994384766,83.17223358154297,),)
-160.63046264648438,-17.20476722717285,{,{
18.5976505279541,185.81341552734375,return,return
120.81784057617188,-13.347440719604492,identifier,migrator
30.186229705810547,80.74454498291016,.,.
68.48766326904297,8.629323959350586,identifier,executeMigration
-24.48995018005371,-95.085693359375,(,(
-51.7670783996582,76.95516204833984,),)
-51.36384963989258,125.46939849853516,},}
-60.93796157836914,63.68245315551758,),)
23.59326934814453,60.923458099365234,.,.
24.69654083251953,-10.172767639160156,identifier,then
-45.61829376220703,-69.18281555175781,(,(
-46.41796875,-118.52149963378906,(,(
-110.05048370361328,83.2947006225586,),)
-159.394775390625,-16.529415130615234,{,{
64.0114517211914,-28.527828216552734,identifier,migrationPromiseResolver
-23.383808135986328,-93.09663391113281,(,(
-52.06109619140625,76.69061279296875,),)
-51.66867446899414,126.01214599609375,},}
-60.7325325012207,63.977169036865234,),)
22.95920753479004,61.22799301147461,.,.
27.44132423400879,-10.47830867767334,identifier,catch
-45.710105895996094,-68.75363159179688,(,(
-46.96757125854492,-119.71331787109375,(,(
66.1026611328125,-32.61539840698242,identifier,error
-110.07174682617188,84.3527603149414,),)
-159.13124084472656,-16.040864944458008,{,{
64.06460571289062,-28.67708396911621,identifier,migrationPromiseRejector
-21.459861755371094,-86.50300598144531,(,(
65.5250015258789,-32.50383377075195,identifier,error
-53.62522888183594,74.10350036621094,),)
65.41767883300781,-32.483028411865234,identifier,error
-51.807777404785156,126.92428588867188,},}
-55.861534118652344,69.88671875,),)
-32.09864807128906,132.68490600585938,},}
-14.89014720916748,-176.5555419921875,function,function
-50.40682601928711,-132.89125061035156,(,(
88.1365966796875,-39.062103271484375,identifier,identifier
-76.49317932128906,-17.69333267211914,",",","
81.1418685913086,-44.24114990234375,identifier,target
-80.61827850341797,-13.836371421813965,",",","
78.09152221679688,-55.720176696777344,identifier,cb
-123.73009490966797,93.07302856445312,),)
-183.30699157714844,-38.8193473815918,{,{
83.02213287353516,-22.958707809448242,identifier,systemId
45.348480224609375,-121.35999298095703,=,=
78.6806640625,-9.586750030517578,identifier,_sr
44.58021545410156,75.5205078125,.,.
61.661006927490234,-10.495830535888672,identifier,findSystem
-45.24890899658203,-85.77306365966797,(,(
88.28683471679688,-38.454288482666016,identifier,identifier
-70.7400894165039,88.6693344116211,),)
-123.97941589355469,-108.49333953857422,if,if
-101.68856811523438,-74.77249908447266,(,(
98.02436828613281,-23.4251708984375,identifier,systemId
-123.0545883178711,26.33059310913086,),)
-168.89334106445312,4.025134563446045,{,{
52.23368453979492,50.00929641723633,identifier,logger
48.57487869262695,53.942256927490234,.,.
37.925167083740234,-11.91112232208252,identifier,error
-38.82624816894531,-64.63238525390625,(,(
71.60376739501953,-10.014692306518555,identifier,ERR_NOSYSID
-63.95336151123047,86.45294189453125,),)
13.489616394042969,187.2073974609375,return,return
76.54671478271484,-58.70321273803711,identifier,cb
-38.21662902832031,-69.27173614501953,(,(
40.649208068847656,-13.9314546585083,identifier,Error
-36.353515625,-63.88486862182617,(,(
71.7114486694336,-10.033031463623047,identifier,ERR_NOSYSID
-85.79383850097656,86.32845306396484,),)
-64.41921997070312,82.74445343017578,),)
-56.6980094909668,151.28073120117188,},}
65.00755310058594,1.7569975852966309,identifier,fetchTarget
-35.344539642333984,-79.01194763183594,(,(
101.90455627441406,-9.050007820129395,identifier,systemId
-50.85585021972656,-1.9342105388641357,",",","
69.1843490600586,-38.99190139770508,identifier,target
-48.52602005004883,-11.594725608825684,",",","
-18.797496795654297,-167.38607788085938,function,function
-46.075870513916016,-122.94784545898438,(,(
143.4130859375,3.8212687969207764,identifier,err
-67.90644836425781,-10.52845573425293,",",","
69.03487396240234,-39.407379150390625,identifier,target
-115.48928833007812,86.12226867675781,),)
-164.1697235107422,-17.846324920654297,{,{
-115.24122619628906,-113.5038070678711,if,if
-90.10588836669922,-76.46583557128906,(,(
141.94204711914062,4.995905876159668,identifier,err
-123.71185302734375,36.90158462524414,),)
-161.9136199951172,3.8972437381744385,{,{
15.559494972229004,187.7070770263672,return,return
76.26109313964844,-58.59259796142578,identifier,cb
-39.08719253540039,-70.76392364501953,(,(
142.6532440185547,5.8408942222595215,identifier,err
-69.75106811523438,76.68903350830078,),)
-56.33368682861328,147.10154724121094,},}
52.13343811035156,49.909889221191406,identifier,logger
48.32631301879883,52.40622329711914,.,.
48.435707092285156,49.890869140625,identifier,info
-33.66666793823242,-68.49662780761719,(,(
-142.42274475097656,-20.309907913208008,{,{
101.76924896240234,-7.946014881134033,identifier,systemId
102.24877166748047,-8.302068710327148,identifier,systemId
-65.36322784423828,11.468483924865723,",",","
67.31338500976562,-40.281490325927734,identifier,target
67.80577850341797,-39.94113540649414,identifier,target
-53.536678314208984,117.58101654052734,},}
-39.763465881347656,4.225203037261963,",",","
-65.29042053222656,69.69755554199219,),)
78.77363586425781,-9.421844482421875,identifier,_sr
30.281566619873047,79.80595397949219,.,.
69.75516510009766,8.735169410705566,identifier,getDeployedRevision
-24.143686294555664,-82.98062896728516,(,(
102.38811492919922,-8.44925308227539,identifier,systemId
-44.69181823730469,7.015192985534668,",",","
67.87263488769531,-40.01731491088867,identifier,target
-46.46117401123047,7.069691181182861,",",","
77.2835693359375,-56.889957427978516,identifier,cb
-69.50553131103516,65.75694274902344,),)
-46.38499069213867,126.7216796875,},}
-57.9917106628418,65.83283996582031,),)
-23.44631004333496,136.21107482910156,},}
-14.006972312927246,-176.0151824951172,function,function
-50.40634536743164,-134.1285400390625,(,(
95.20414733886719,-43.60309982299805,identifier,user
-75.29826354980469,-18.11442756652832,",",","
87.23715209960938,-41.49846649169922,identifier,namespace
-74.17273712158203,-15.371793746948242,",",","
84.32733917236328,-43.90309143066406,identifier,name
-77.16157531738281,-10.17851734161377,",",","
84.74845123291016,-39.13756561279297,identifier,repoName
-78.81893157958984,-9.009500503540039,",",","
84.55584716796875,-38.88182067871094,identifier,repoPath
-79.08863830566406,-8.794510841369629,",",","
86.59046173095703,-39.36119079589844,identifier,systemId
-80.50621795654297,-9.426491737365723,",",","
78.16748809814453,-55.74095153808594,identifier,cb
-120.87567901611328,96.56826782226562,),)
-188.03021240234375,-40.18437194824219,{,{
-125.14732360839844,-109.17758178710938,if,if
-100.84298706054688,-74.15193939208984,(,(
77.1651611328125,-13.94629192352295,identifier,_systems
97.3677978515625,-21.694095611572266,identifier,systemId
-127.91232299804688,27.089176177978516,),)
-168.74819946289062,-4.413290977478027,{,{
77.11637115478516,-13.944741249084473,identifier,_systems
97.33979034423828,-21.243494033813477,identifier,systemId
31.38840675354004,-129.72210693359375,=,=
-139.7923126220703,-21.55823516845703,{,{
128.8041534423828,17.961565017700195,identifier,name
129.5548858642578,16.480087280273438,identifier,name
-66.8218994140625,8.928679466247559,",",","
92.92560577392578,-17.49350357055664,identifier,namespace
92.89573669433594,-17.536853790283203,identifier,namespace
-66.96894073486328,9.155523300170898,",",","
94.6327133178711,-17.388538360595703,identifier,repoName
95.05252075195312,-17.963655471801758,identifier,repoName
-66.96526336669922,9.69548511505127,",",","
94.71240234375,-17.33399772644043,identifier,repoPath
95.15951538085938,-17.75450325012207,identifier,repoPath
-55.3857536315918,116.20135498046875,},}
71.83922576904297,0.45663583278656006,identifier,fse
34.92770767211914,77.86383819580078,.,.
55.967445373535156,-1.9612512588500977,identifier,writeFileSync
-33.4676513671875,-79.87146759033203,(,(
94.37594604492188,-2.1681177616119385,identifier,systemsJsonPath
-46.68092346191406,-3.0149943828582764,",",","
44.170494079589844,5.260272026062012,identifier,JSON
36.02115249633789,72.40478515625,.,.
54.89733123779297,7.669988632202148,identifier,stringify
-33.24504852294922,-86.9060287475586,(,(
94.76974487304688,-3.255810499191284,identifier,_systems
-53.16250991821289,0.2846519649028778,",",","
-53.525970458984375,0.5595859289169312,",",","
-82.65100860595703,78.12813568115234,),)
-51.38493728637695,4.428997039794922,",",","
-65.53065490722656,74.33438873291016,),)
78.29340362548828,0.6254385709762573,identifier,git
28.738176345825195,78.72725677490234,.,.
68.24403381347656,9.848217964172363,identifier,commit
-26.493494033813477,-79.86841583251953,(,(
94.4721450805664,-2.0395777225494385,identifier,sysRepoPath
-38.58262252807617,4.418989658355713,",",","
-21.06624412536621,33.851219177246094,+,+
105.27279663085938,-4.131474494934082,identifier,repoPath
-43.070640563964844,3.871027708053589,",",","
100.34938049316406,-41.13992691040039,identifier,user
49.05215072631836,103.58576202392578,.,.
126.82968139648438,17.273958206176758,identifier,name
-43.28725051879883,4.255084991455078,",",","
100.39971160888672,-41.096073150634766,identifier,user
46.96678924560547,104.375,.,.
81.26144409179688,10.176263809204102,identifier,email
-46.94865798950195,7.010166168212891,",",","
77.30945587158203,-56.91291427612305,identifier,cb
-67.72514343261719,66.63845825195312,),)
-62.96049499511719,141.25933837890625,},}
-73.27447509765625,138.61729431152344,else,else
-155.42495727539062,-3.6710500717163086,{,{
76.47586059570312,-57.77932357788086,identifier,cb
-22.714040756225586,-90.81539916992188,(,(
-71.76951599121094,64.59427642822266,),)
-45.96281814575195,147.5924530029297,},}
-28.079345703125,134.1041259765625,},}
-14.350902557373047,-176.58761596679688,function,function
-50.12766647338867,-133.11962890625,(,(
87.71952056884766,-40.1008186340332,identifier,systemId
-75.05206298828125,-17.324878692626953,",",","
86.89069366455078,-40.146175384521484,identifier,revisionId
-76.78361511230469,-11.091978073120117,",",","
81.0802993774414,-44.21885299682617,identifier,target
-80.47737121582031,-10.61331558227539,",",","
78.06629943847656,-55.72152328491211,identifier,cb
-121.67144775390625,95.63028717041016,),)
-184.6422882080078,-38.13932418823242,{,{
80.3653793334961,-21.87171173095703,identifier,repoPath
45.15404510498047,-121.08417510986328,=,=
64.57601928710938,-13.417654991149902,identifier,_meta
46.26675033569336,75.14138793945312,.,.
79.45419311523438,-21.22246742248535,identifier,repoPath
-45.63102340698242,-86.24158477783203,(,(
97.0450439453125,-21.700048446655273,identifier,systemId
-71.07544708251953,88.4139633178711,),)
78.30146026611328,0.5802525281906128,identifier,git
40.93984603881836,74.82247924804688,.,.
60.6667594909668,-7.512432098388672,identifier,getFileRevision
-44.04568862915039,-79.13050842285156,(,(
97.41661071777344,-19.09979248046875,identifier,repoPath
-55.762691497802734,-7.424532890319824,",",","
97.18601989746094,-20.431926727294922,identifier,revisionId
-55.618408203125,-7.281131744384766,",",","
69.23575592041016,-37.46311569213867,identifier,target
-30.87678337097168,34.45375442504883,+,+
-49.76287841796875,-12.383719444274902,",",","
-17.41339683532715,-167.2283477783203,function,function
-47.18138122558594,-123.00458526611328,(,(
143.5760955810547,3.7032291889190674,identifier,err
-69.17092895507812,-10.760788917541504,",",","
114.68008422851562,-12.588834762573242,identifier,rev
-116.89264678955078,87.73921966552734,),)
-165.28343200683594,-17.95073127746582,{,{
-117.92241668701172,-110.73885345458984,if,if
-90.66632080078125,-75.78756713867188,(,(
141.8591766357422,4.979513168334961,identifier,err
-122.63465881347656,31.893217086791992,),)
-165.19061279296875,5.084836006164551,{,{
14.556267738342285,187.50331115722656,return,return
76.33163452148438,-58.73643493652344,identifier,cb
-39.06875991821289,-70.70681762695312,(,(
142.50013732910156,5.812349319458008,identifier,err
-70.16594696044922,78.81654357910156,),)
-57.73454666137695,149.45945739746094,},}
150.19369506835938,-5.755778789520264,identifier,s
-171.76759338378906,-2.183742046356201,{,{
99.33692932128906,14.258865356445312,identifier,s
29.821374893188477,-120.57312774658203,=,=
44.17422866821289,5.2603840827941895,identifier,JSON
36.01221466064453,72.52476501464844,.,.
55.25117111206055,0.8635978102684021,identifier,parse
-33.61372756958008,-86.14447021484375,(,(
114.6180648803711,-12.722345352172852,identifier,rev
-71.59087371826172,76.38624572753906,),)
-62.80740737915039,146.66529846191406,},}
-87.39994049072266,-76.50114440917969,(,(
138.48167419433594,0.7615933418273926,identifier,e
-125.57186889648438,36.185707092285156,),)
-161.126953125,2.7510993480682373,{,{
16.23248863220215,187.35353088378906,return,return
76.26127624511719,-58.426639556884766,identifier,cb
-36.0731315612793,-70.3929672241211,(,(
39.96153259277344,-13.434013366699219,identifier,Error
-34.59980773925781,-64.30613708496094,(,(
-20.488590240478516,33.717525482177734,+,+
138.21481323242188,0.38311493396759033,identifier,e
49.031856536865234,102.20574951171875,.,.
35.857887268066406,-5.238304615020752,identifier,message
-84.27525329589844,76.88379669189453,),)
-49.17450714111328,4.8832688331604,",",","
-66.011474609375,70.18675231933594,),)
-53.091487884521484,145.4005584716797,},}
76.28227996826172,-57.977203369140625,identifier,cb
-22.19832420349121,-80.23689270019531,(,(
143.4800262451172,6.045200347900391,identifier,err
-43.33226013183594,6.073328495025635,",",","
114.59426879882812,3.508791208267212,identifier,s
-70.58322143554688,66.75148010253906,),)
-46.38437271118164,126.8669662475586,},}
-57.951904296875,66.19115447998047,),)
-24.298093795776367,137.44717407226562,},}
-6.49919319152832,-175.18775939941406,function,function
51.0751953125,-21.35196304321289,identifier,contains
-53.4637336730957,-135.04098510742188,(,(
89.04806518554688,-44.16426086425781,identifier,fp
-75.2225341796875,-16.186458587646484,",",","
87.69978332519531,-48.4690055847168,identifier,pattern
-79.43653106689453,-12.914003372192383,",",","
116.64689636230469,-57.06861114501953,identifier,opts
-122.62849426269531,94.44649505615234,),)
-186.16539001464844,-41.936180114746094,{,{
-125.26806640625,-106.56867980957031,if,if
-100.0053482055664,-72.60692596435547,(,(
103.9373779296875,-29.967117309570312,identifier,fp
-124.67595672607422,25.888288497924805,),)
-169.0929718017578,5.684082508087158,{,{
42.02629089355469,-12.175250053405762,identifier,TypeError
-38.79605484008789,-66.03215026855469,(,(
39.6062126159668,-6.948497772216797,identifier,msg
-38.01832962036133,-62.096763610839844,(,(
-59.02307891845703,-7.564953327178955,",",","
-59.09640884399414,-7.141236305236816,",",","
-86.03746795654297,85.95450592041016,),)
-64.68743133544922,83.15168762207031,),)
-58.33723831176758,151.96243286132812,},}
120.40838623046875,-54.413543701171875,identifier,opts
35.75566864013672,-121.72216796875,=,=
120.16410064697266,-53.543067932128906,identifier,opts
-6.791830062866211,-27.382143020629883,||,||
-140.29954528808594,-26.93398094177246,{,{
-60.21937942504883,115.04707336425781,},}
122.01433563232422,-51.81392288208008,identifier,opts
35.800331115722656,98.45341491699219,.,.
48.517948150634766,-24.245267868041992,identifier,contains
30.01810073852539,-126.40815734863281,=,=
-59.59996795654297,-79.44441223144531,(,(
110.0270767211914,-14.009204864501953,identifier,pattern
-77.59171295166016,81.90110778808594,),)
100.4427719116211,10.382935523986816,identifier,fp
30.16952896118164,-118.84176635742188,=,=
51.688621520996094,22.060808181762695,identifier,utils
36.300743103027344,74.52833557128906,.,.
55.577091217041016,6.96130895614624,identifier,unixify
-33.198089599609375,-85.33829498291016,(,(
110.17864990234375,-7.6300368309021,identifier,fp
-49.135501861572266,0.08726593852043152,",",","
117.40524291992188,-53.77527618408203,identifier,opts
-70.41602325439453,75.32186889648438,),)
-117.15225982666016,-117.11546325683594,if,if
-90.24404907226562,-82.6318130493164,(,(
121.71192169189453,-51.15789031982422,identifier,opts
58.9891357421875,97.00997161865234,.,.
48.51168441772461,-24.24941062927246,identifier,contains
-20.706279754638672,-22.97222137451172,&&,&&
51.96011734008789,22.082630157470703,identifier,utils
33.74810028076172,75.23600769042969,.,.
61.54376220703125,9.545869827270508,identifier,isGlob
-29.591049194335938,-87.3307113647461,(,(
110.27262878417969,-13.36911678314209,identifier,pattern
-85.7582015991211,77.5538330078125,),)
-128.82943725585938,39.775760650634766,),)
-158.6800537109375,2.119234323501587,{,{
17.61602020263672,187.79766845703125,return,return
110.2671890258789,-8.151692390441895,identifier,fp
28.901193618774414,71.04285430908203,.,.
43.87193298339844,20.97080421447754,identifier,indexOf
-27.408710479736328,-87.94802856445312,(,(
110.33129119873047,-13.22333812713623,identifier,pattern
-82.47441864013672,74.83209991455078,),)
-52.37888717651367,144.81268310546875,},}
21.876903533935547,187.0945281982422,return,return
63.31995391845703,19.731115341186523,identifier,matcher
-23.452430725097656,-84.23896026611328,(,(
110.4039077758789,-13.02999210357666,identifier,pattern
-43.90418243408203,7.360288143157959,",",","
116.96214294433594,-53.490909576416016,identifier,opts
-81.29015350341797,65.86759948730469,),)
-22.334754943847656,-88.7872543334961,(,(
113.12525177001953,-2.3302695751190186,identifier,fp
-70.7353286743164,64.36731719970703,),)
-24.074499130249023,134.87045288085938,},}
-14.471275329589844,-177.7340087890625,function,function
-50.85736846923828,-130.6489715576172,(,(
89.15470123291016,-42.69019317626953,identifier,mainFiles
-125.77517700195312,89.37501525878906,),)
-180.2203826904297,-37.861289978027344,{,{
-110.34492492675781,-90.77555084228516,for,for
-107.95433807373047,-85.56759643554688,(,(
159.70285034179688,8.06298828125,identifier,i
43.408531188964844,-105.15283966064453,=,=
163.46580505371094,11.539942741394043,identifier,i
28.787504196166992,-66.96349334716797,<,<
110.02979278564453,-28.186309814453125,identifier,mainFiles
65.0110855102539,85.52339935302734,.,.
103.46625518798828,54.00811004638672,identifier,length
164.22169494628906,15.076714515686035,identifier,i
-131.9957275390625,30.13629913330078,),)
-167.06796264648438,-10.652365684509277,{,{
83.36053466796875,-28.342130661010742,identifier,parts
43.28864669799805,-119.66529083251953,=,=
110.0988540649414,-28.204730987548828,identifier,mainFiles
154.4210968017578,19.50676918029785,identifier,i
31.679880142211914,61.46820068359375,.,.
37.59223556518555,36.58820724487305,identifier,split
-22.12125587463379,-65.717529296875,(,(
-73.33700561523438,89.6065902709961,),)
-76.55327606201172,-36.726383209228516,",",","
86.16303253173828,-13.276866912841797,identifier,ext
40.6610221862793,-119.10446166992188,=,=
116.30770874023438,-33.849525451660156,identifier,parts
34.252017974853516,59.139930725097656,.,.
31.567480087280273,21.802444458007812,identifier,pop
-28.912357330322266,-100.17716979980469,(,(
-67.98858642578125,95.4927978515625,),)
-76.41317749023438,-37.19350051879883,",",","
106.89417266845703,12.547952651977539,identifier,min
39.89396286010742,-119.2563247680664,=,=
116.36557006835938,-33.761287689208984,identifier,parts
34.24750900268555,59.107791900634766,.,.
31.57060432434082,21.81288719177246,identifier,pop
-28.843791961669922,-100.21189880371094,(,(
-67.9963150024414,95.74862670898438,),)
-78.5970687866211,-39.065406799316406,",",","
149.03443908691406,-6.6879706382751465,identifier,fName
-120.6645736694336,-113.6883544921875,if,if
-93.61910247802734,-78.7831802368164,(,(
107.69725799560547,11.650690078735352,identifier,min
-125.79106140136719,33.83562088012695,),)
-164.58506774902344,-3.3926572799682617,{,{
116.68439483642578,-33.05175018310547,identifier,parts
21.76043128967285,75.25251770019531,.,.
16.614200592041016,27.280738830566406,identifier,push
-37.920509338378906,-85.79846954345703,(,(
86.35400390625,-12.701126098632812,identifier,ext
-71.17194366455078,78.13909149169922,),)
99.73403930664062,8.411968231201172,identifier,fName
29.231014251708984,-119.03858184814453,=,=
116.8907470703125,-32.514095306396484,identifier,parts
28.573226928710938,67.9720458984375,.,.
44.596527099609375,34.4710578918457,identifier,join
-21.423738479614258,-70.17998504638672,(,(
-72.64291381835938,74.90706634521484,),)
-116.03836822509766,-116.66539764404297,if,if
-89.74616241455078,-84.64679718017578,(,(
64.9302749633789,27.566240310668945,identifier,grunt
42.24726486206055,91.82223510742188,.,.
73.38931274414062,24.571128845214844,identifier,file
32.23604202270508,75.70487976074219,.,.
53.79983139038086,-1.7927666902542114,identifier,exists
-29.441749572753906,-86.53917694091797,(,(
109.54605865478516,-3.553598642349243,identifier,fName
-85.70011901855469,77.66712188720703,),)
-119.4224853515625,40.006343841552734,),)
112.39122009277344,-23.078659057617188,identifier,mainFiles
152.3655242919922,15.839823722839355,identifier,i
22.801631927490234,-125.58357238769531,=,=
109.84100341796875,-3.5989434719085693,identifier,fName
-49.02970504760742,143.9281005859375,},}
-49.08317947387695,139.42568969726562,},}
23.261415481567383,190.69166564941406,return,return
119.19322967529297,0.5956097841262817,identifier,mainFiles
-23.15908432006836,138.88775634765625,},}
-12.924956321716309,-178.9792022705078,function,function
-52.063812255859375,-132.02328491210938,(,(
92.49598693847656,-42.48139953613281,identifier,base
-78.37384033203125,-18.066932678222656,",",","
86.48421478271484,-46.982845306396484,identifier,after
-125.71988677978516,90.76486206054688,),)
-180.66741943359375,-45.010963439941406,{,{
21.61750030517578,181.89535522460938,return,return
60.89053726196289,-16.277015686035156,identifier,Advice
40.63408279418945,72.08959197998047,.,.
57.794918060302734,-14.181668281555176,identifier,around
-44.7164421081543,-77.592529296875,(,(
98.63341522216797,-36.05022430419922,identifier,base
-49.63833999633789,-13.154175758361816,",",","
-16.781219482421875,-168.28485107421875,function,function
-50.58525848388672,-123.20870971679688,(,(
-120.05108642578125,86.60167694091797,),)
-167.02157592773438,-18.95646858215332,{,{
84.96590423583984,-27.94320297241211,identifier,args
46.4512825012207,-125.54920959472656,=,=
45.696449279785156,81.50248718261719,.,.
33.44464874267578,26.6381778717041,identifier,slice
40.37785720825195,62.14243698120117,.,.
21.386768341064453,11.879484176635742,identifier,call
-47.960426330566406,-86.7477035522461,(,(
107.64318084716797,-63.88618850708008,identifier,arguments
-50.499534606933594,-8.889144897460938,",",","
-73.33023071289062,89.28990173339844,),)
-77.00074768066406,-36.484161376953125,",",","
90.11302185058594,-19.73965835571289,identifier,orig
42.7188720703125,-118.32462310791016,=,=
112.69153594970703,-42.8001708984375,identifier,args
34.46381759643555,59.668861389160156,.,.
32.640350341796875,20.971521377563477,identifier,shift
-29.407136917114258,-100.88650512695312,(,(
-68.25733947753906,95.59542083740234,),)
-78.8143310546875,-38.435142517089844,",",","
148.79319763183594,-7.793044090270996,identifier,afterFn
116.36824035644531,11.95228385925293,identifier,res
37.8753776550293,-118.91178894042969,=,=
-60.178985595703125,-80.41724395751953,(,(
90.75691223144531,-19.878463745117188,identifier,orig
57.26423645019531,91.74136352539062,.,.
69.81703186035156,-4.011277675628662,identifier,unbound
-8.787528991699219,-26.60359764099121,||,||
90.49803924560547,-19.813453674316406,identifier,orig
-77.12007141113281,84.47975158691406,),)
29.09051513671875,61.28724670410156,.,.
24.883056640625,10.557563781738281,identifier,apply
-39.58491897583008,-83.50547790527344,(,(
-51.21937942504883,-6.3799920082092285,",",","
112.27186584472656,-43.9787712097168,identifier,args
-70.10210418701172,80.7053451538086,),)
99.6627197265625,9.603493690490723,identifier,afterFn
31.713897705078125,-119.59437561035156,=,=
-59.90328598022461,-79.00020599365234,(,(
133.5583038330078,-20.979923248291016,identifier,after
-78.82942962646484,81.32615661621094,),)
133.23159790039062,-21.100351333618164,identifier,after
132.87998962402344,-21.280288696289062,identifier,after
47.04493713378906,95.39430236816406,.,.
87.15186309814453,16.47020149230957,identifier,obj
132.66763305664062,-21.399921417236328,identifier,after
49.21027374267578,100.85192108154297,.,.
80.42530822753906,6.950438499450684,identifier,fnName
120.14911651611328,10.56556224822998,identifier,result
27.79939842224121,-116.44994354248047,=,=
108.34356689453125,-6.278338432312012,identifier,afterFn
26.004638671875,73.24879455566406,.,.
24.927593231201172,11.069316864013672,identifier,apply
-27.311866760253906,-81.31159973144531,(,(
-46.91320037841797,2.703927755355835,",",","
112.1092529296875,-44.485984802246094,identifier,args
-71.1154556274414,70.8713150024414,),)
20.68852424621582,191.48452758789062,return,return
118.60379791259766,6.227978229522705,identifier,result
-46.27398681640625,126.23042297363281,},}
-57.89939880371094,66.34593963623047,),)
-23.32347297668457,139.30250549316406,},}
-12.836736679077148,-178.3044891357422,function,function
-51.418949127197266,-133.14865112304688,(,(
94.486328125,-46.3156623840332,identifier,config
-76.59441375732422,-18.39553451538086,",",","
76.99151611328125,-53.97846221923828,identifier,callback
-80.97505950927734,-14.037459373474121,",",","
64.51100158691406,-47.45206069946289,identifier,scope
-124.60430145263672,92.98088836669922,),)
-182.7650909423828,-38.57200241088867,{,{
93.9993667602539,-7.887877464294434,identifier,changed
51.87308883666992,-127.84581756591797,=,=
-126.86212921142578,-109.7145004272461,if,if
-93.66928100585938,-72.663818359375,(,(
125.71298217773438,-43.627235412597656,identifier,config
-130.32460021972656,27.41147804260254,),)
-169.646728515625,-5.160012722015381,{,{
126.00944519042969,-44.826419830322266,identifier,config
34.172176361083984,102.66280364990234,.,.
69.22936248779297,-14.7752685546875,identifier,config_id
31.088483810424805,-131.5663299560547,=,=
56.37608337402344,29.844696044921875,identifier,Ext
45.22808074951172,85.2508773803711,.,.
74.9028549194336,-42.199920654296875,identifier,data
44.948333740234375,84.95281982421875,.,.
63.41633224487305,-21.946855545043945,identifier,CSV
45.025230407714844,83.20281982421875,.,.
55.708072662353516,-8.118213653564453,identifier,superclass
45.021705627441406,83.10405731201172,.,.
56.049835205078125,-8.867324829101562,identifier,constructor
40.78205108642578,63.202301025390625,.,.
22.057811737060547,11.542204856872559,identifier,call
-44.84518814086914,-82.1475601196289,(,(
-52.371463775634766,-7.51931095123291,",",","
125.54082489013672,-43.212791442871094,identifier,config
-70.3182373046875,84.74729919433594,),)
-119.4322738647461,-110.67168426513672,if,if
-93.48072052001953,-75.91718292236328,(,(
126.95767211914062,-44.46199417114258,identifier,config
56.82371139526367,92.49713897705078,.,.
104.00453186035156,19.19740104675293,identifier,v
-123.59857177734375,31.10260581970215,),)
-166.39730834960938,0.8589892983436584,{,{
33.91044235229492,98.75177001953125,.,.
103.44316101074219,18.623271942138672,identifier,v
25.295839309692383,-131.16680908203125,=,=
37.28849411010742,81.75891876220703,.,.
65.44884490966797,0.2759229838848114,identifier,do_add
-37.16855239868164,-85.17688751220703,(,(
127.08763122558594,-43.887779235839844,identifier,config
51.512298583984375,95.71043395996094,.,.
103.99231719970703,19.111949920654297,identifier,v
-70.03768920898438,78.2635269165039,),)
-53.132694244384766,149.8349151611328,},}
-53.36849594116211,140.71055603027344,},}
-119.93556213378906,-117.69976806640625,if,if
-91.82684326171875,-81.65531158447266,(,(
56.08955001831055,97.41307067871094,.,.
103.95636749267578,18.742523193359375,identifier,v
18.46206283569336,-54.98677062988281,===,===
-125.18439483642578,37.435646057128906,),)
-161.61734008789062,1.0651730298995972,{,{
34.43671798706055,95.42005157470703,.,.
103.43959045410156,18.562881469726562,identifier,v
24.88713264465332,-130.93890380859375,=,=
94.03992462158203,-7.792046070098877,identifier,changed
19.981359481811523,-129.29058837890625,=,=
-54.24610900878906,146.39413452148438,},}
30.448471069335938,83.79608917236328,.,.
67.89451599121094,10.713194847106934,identifier,writeAndCallback
-26.311599731445312,-80.19780731201172,(,(
94.10577392578125,-7.711468696594238,identifier,changed
-45.96472930908203,2.323504686355591,",",","
75.51018524169922,-55.036407470703125,identifier,callback
-47.32985305786133,5.7599101066589355,",",","
64.47884368896484,-47.676109313964844,identifier,scope
-69.21573638916016,68.2699966430664,),)
-22.072824478149414,139.44573974609375,},}
-13.713553428649902,-176.83065795898438,function,function
-51.66887283325195,-132.5049591064453,(,(
93.31005859375,-43.859588623046875,identifier,tracker
-78.1369400024414,-17.27210235595703,",",","
85.56848907470703,-41.54753494262695,identifier,propList
-124.61444854736328,91.29378509521484,),)
-181.80816650390625,-38.933837890625,{,{
81.44998931884766,-22.916757583618164,identifier,trackingData
47.71211624145508,-121.83027648925781,=,=
100.92388153076172,-37.681068420410156,identifier,tracker
71.40675354003906,-14.621115684509277,identifier,trackingKeyName
106.68508911132812,-32.8075065612793,identifier,propList
36.75217056274414,64.1572494506836,.,.
21.878829956054688,-0.36389392614364624,identifier,forEach
-45.73153305053711,-72.6393814086914,(,(
-17.516040802001953,-168.03057861328125,function,function
-48.42495346069336,-123.05915832519531,(,(
84.11780548095703,-44.87671661376953,identifier,name
-118.40413665771484,88.35523986816406,),)
-166.29962158203125,-19.51222038269043,{,{
41.298519134521484,2.482973337173462,identifier,Object
41.76991653442383,72.21257019042969,.,.
58.162113189697266,-7.558041095733643,identifier,defineProperty
-44.163673400878906,-79.40864562988281,(,(
100.86041259765625,-37.683563232421875,identifier,tracker
-55.88523864746094,-7.8615288734436035,",",","
130.18435668945312,16.30740737915039,identifier,name
-51.08948516845703,-11.634881973266602,",",","
-139.2752227783203,-20.111600875854492,{,{
71.6084976196289,-4.720969200134277,identifier,enumerable
-66.3913803100586,7.923338413238525,",",","
71.64575958251953,-4.7829179763793945,identifier,configurable
-66.05873107910156,7.635338306427002,",",","
72.34326171875,-6.571363925933838,identifier,get
-16.586503982543945,-166.26011657714844,function,function
-51.24178695678711,-121.90335083007812,(,(
-119.04373168945312,85.1971435546875,),)
-162.72537231445312,-20.528121948242188,{,{
16.216670989990234,183.9944610595703,return,return
119.7842788696289,-21.49260902404785,identifier,trackingData
48.334415435791016,93.47069549560547,.,.
87.7579345703125,16.070629119873047,identifier,object
131.3363037109375,14.031108856201172,identifier,name
-45.06671905517578,122.9543685913086,},}
-63.6497802734375,8.066397666931152,",",","
92.06148529052734,16.667173385620117,identifier,set
-19.159282684326172,-167.66720581054688,function,function
-45.206111907958984,-123.70785522460938,(,(
130.5270233154297,-1.9815889596939087,identifier,x
-115.84867095947266,85.49354553222656,),)
-162.4751739501953,-18.469255447387695,{,{
120.21173095703125,-20.949337005615234,identifier,trackingData
36.27956008911133,94.0609130859375,.,.
78.54720306396484,-30.885175704956055,identifier,actions
24.65201187133789,76.30638122558594,.,.
16.5438175201416,27.8815860748291,identifier,push
-34.86891555786133,-72.32105255126953,(,(
-141.82403564453125,-20.556188583374023,{,{
87.00241088867188,4.1628241539001465,identifier,key
128.43382263183594,14.605751037597656,identifier,name
-65.82295227050781,11.028030395507812,",",","
92.10729217529297,16.698226928710938,identifier,set
131.2523651123047,-2.2039942741394043,identifier,x
-58.23358917236328,10.529281616210938,",",","
-54.970184326171875,118.44032287597656,},}
-64.7558822631836,74.26422882080078,),)
120.23290252685547,-20.7878360748291,identifier,trackingData
36.6651496887207,93.31969451904297,.,.
87.79730224609375,16.032543182373047,identifier,object
130.30264282226562,13.26370620727539,identifier,name
22.680999755859375,-125.8069839477539,=,=
131.1572265625,-1.8246592283248901,identifier,x
-45.017005920410156,125.55046844482422,},}
-55.3641357421875,11.424324989318848,",",","
-48.864471435546875,125.94300079345703,},}
-59.2567138671875,67.20780944824219,),)
-46.69194030761719,127.19412994384766,},}
-58.57828140258789,66.89248657226562,),)
-23.724605560302734,139.6228485107422,},}
-3.9659759998321533,-178.3977813720703,function,function
55.99529266357422,-16.761966705322266,identifier,ambiguousBlockValue
-56.34346389770508,-127.44112396240234,(,(
-130.50311279296875,89.02782440185547,),)
-181.142333984375,-41.09768295288086,{,{
82.39017486572266,-22.81841278076172,identifier,blockHelperMissing
48.35702896118164,-122.6703872680664,=,=
45.77837371826172,77.86734008789062,.,.
61.638328552246094,-12.688615798950195,identifier,aliasable
-48.77485275268555,-80.20118713378906,(,(
-72.68294525146484,89.99734497070312,),)
-76.48281860351562,-35.4317741394043,",",","
114.69842529296875,-47.61172866821289,identifier,params
46.26592254638672,-127.07907104492188,=,=
44.79392623901367,78.6325912475586,.,.
62.10696792602539,-7.595512390136719,identifier,contextName
-43.01740264892578,-87.57867431640625,(,(
-83.49207305908203,87.89313507080078,),)
40.0619010925293,81.2756118774414,.,.
65.16618347167969,-6.891212463378906,identifier,setupHelperArgs
-41.735347747802734,-80.81890869140625,(,(
-55.981468200683594,-5.41462516784668,",",","
-55.69939041137695,-5.325050354003906,",",","
115.95063018798828,-46.366233825683594,identifier,params
-54.705684661865234,-3.304678201675415,",",","
-68.78546905517578,82.95064544677734,),)
38.13431167602539,81.55979919433594,.,.
61.7569465637207,4.117091178894043,identifier,flushInline
-28.05629539489746,-95.46087646484375,(,(
-65.47107696533203,92.69735717773438,),)
95.9073257446289,10.961501121520996,identifier,current
34.54036331176758,-116.1587905883789,=,=
37.717140197753906,80.42727661132812,.,.
63.3891487121582,5.313167572021484,identifier,topStack
-27.608413696289062,-97.44176483154297,(,(
-66.11853790283203,92.0047378540039,),)
117.59823608398438,-44.25518035888672,identifier,params
22.489042282104492,74.94050598144531,.,.
34.93335723876953,23.925382614135742,identifier,splice
-25.126890182495117,-75.2471923828125,(,(
-44.102718353271484,-7.088510036468506,",",","
-44.22711944580078,-5.73302698135376,",",","
105.75733947753906,4.606738090515137,identifier,current
-69.99043273925781,75.60885620117188,),)
30.43294334411621,83.5287857055664,.,.
64.18697357177734,6.378207206726074,identifier,pushSource
-34.76764678955078,-71.20435333251953,(,(
-40.41831970214844,1.4829360246658325,",",","
46.9139289855957,98.39907836914062,.,.
78.51836395263672,10.930088996887207,identifier,lastHelper
-39.6317138671875,2.981593132019043,",",","
-40.43397521972656,1.7000259160995483,",",","
105.83495330810547,4.620861530303955,identifier,current
-39.84529495239258,2.919041872024536,",",","
-41.414146423339844,2.7556228637695312,",",","
36.609371185302734,90.43119812011719,.,.
78.91769409179688,-3.867865562438965,identifier,source
30.997739791870117,79.77798461914062,.,.
71.9868392944336,9.378887176513672,identifier,functionCall
-25.61075210571289,-84.21498107910156,(,(
103.74498748779297,-6.530322074890137,identifier,blockHelperMissing
-39.244728088378906,5.9620890617370605,",",","
-41.62355041503906,7.827666282653809,",",","
117.50540161132812,-46.27207946777344,identifier,params
-86.43656158447266,74.78836822509766,),)
-40.43729019165039,4.150874614715576,",",","
-63.153526306152344,67.46451568603516,),)
-24.81532096862793,134.6973876953125,},}
-5.164083003997803,-176.19198608398438,function,function
54.103797912597656,-14.997991561889648,identifier,binarySearch
-54.73816680908203,-136.1498260498047,(,(
93.34275817871094,-49.252349853515625,identifier,arr
-76.39166259765625,-15.307812690734863,",",","
86.968017578125,-45.1357421875,identifier,key
-79.37611389160156,-10.464571952819824,",",","
79.35684967041016,-48.8599739074707,identifier,compareFunc
-124.19538879394531,96.8099136352539,),)
-185.16354370117188,-39.51068115234375,{,{
112.18783569335938,20.602384567260742,identifier,low
51.194786071777344,-126.94959259033203,=,=
112.76852416992188,20.7007999420166,identifier,high
46.2523193359375,-118.87348175048828,=,=
110.7618179321289,-35.77112579345703,identifier,arr
64.8714370727539,84.37922668457031,.,.
103.55149841308594,53.57338333129883,identifier,length
-110.52943420410156,-94.30635833740234,while,while
-95.87294006347656,-72.55292510986328,(,(
112.96668243408203,19.128917694091797,identifier,low
113.51115417480469,20.492279052734375,identifier,high
-131.00341796875,28.993398666381836,),)
-167.304443359375,-10.75922966003418,{,{
86.06298828125,-19.101152420043945,identifier,mid
41.76732635498047,-118.49085235595703,=,=
-60.220802307128906,-80.97027587890625,(,(
112.96833801269531,19.12651824951172,identifier,low
-23.3797664642334,27.198917388916016,+,+
113.51070404052734,20.483654022216797,identifier,high
-77.47249603271484,86.11787414550781,),)
86.09554290771484,-18.713130950927734,identifier,midVal
39.02402877807617,-119.33688354492188,=,=
111.4678726196289,-35.44343566894531,identifier,arr
130.81639099121094,4.320591926574707,identifier,mid
97.89899444580078,12.256232261657715,identifier,cmp
35.28736877441406,-117.03880310058594,=,=
64.86471557617188,3.9905881881713867,identifier,compareFunc
-36.5180778503418,-82.08063507080078,(,(
86.73528289794922,-18.204132080078125,identifier,midVal
-51.999755859375,-2.532613754272461,",",","
137.20550537109375,10.549519538879395,identifier,key
-69.94278717041016,80.07493591308594,),)
-118.79730224609375,-114.92302703857422,if,if
-92.2633285522461,-80.3452377319336,(,(
111.1829833984375,9.615562438964844,identifier,cmp
27.069717407226562,-60.177818298339844,<,<
-124.18016052246094,35.69511795043945,),)
-162.80014038085938,0.38227328658103943,{,{
110.86491394042969,18.05811882019043,identifier,low
25.806066513061523,-122.24083709716797,=,=
130.32066345214844,3.893050193786621,identifier,mid
-25.403453826904297,29.044998168945312,+,+
-62.385738372802734,144.7032928466797,},}
-75.98978424072266,137.7300262451172,else,else
-121.33949279785156,-119.407958984375,if,if
-92.1715087890625,-83.17479705810547,(,(
111.16986083984375,9.621516227722168,identifier,cmp
28.049623489379883,-54.94782257080078,>,>
-124.86907958984375,38.52061462402344,),)
-160.86141967773438,1.0887186527252197,{,{
110.68354797363281,18.011859893798828,identifier,high
25.12594223022461,-122.35659790039062,=,=
130.2054443359375,3.799729347229004,identifier,mid
-62.85780715942383,144.4150848388672,},}
-74.75335693359375,138.0740966796875,else,else
-156.2885284423828,-5.651021957397461,{,{
17.75829315185547,189.3186492919922,return,return
130.1344451904297,3.7542550563812256,identifier,mid
-50.02351760864258,147.99005126953125,},}
-49.83515167236328,140.0220947265625,},}
23.242019653320312,189.04832458496094,return,return
111.46930694580078,18.302616119384766,identifier,low
-22.65782928466797,139.09466552734375,},}
-15.323023796081543,-178.2940673828125,function,function
-51.55523681640625,-130.77651977539062,(,(
135.615966796875,-8.521590232849121,identifier,width
-125.92394256591797,88.56006622314453,),)
-179.68101501464844,-40.25937271118164,{,{
84.93206787109375,-23.93266487121582,identifier,breakPointIndex
51.88297653198242,-128.50421142578125,=,=
-110.97775268554688,-90.25932312011719,for,for
-107.44847106933594,-86.19593811035156,(,(
158.981689453125,7.962405681610107,identifier,i
44.021175384521484,-105.67818450927734,=,=
162.5659942626953,11.207971572875977,identifier,i
29.351829528808594,-66.3197250366211,<,<
58.33137893676758,34.44456481933594,identifier,C
44.399417877197266,87.68816375732422,.,.
62.39106369018555,23.80738067626953,identifier,OTHER
45.27610778808594,88.61823272705078,.,.
86.21635437011719,1.6680961847305298,identifier,BREAKPOINTS
63.575923919677734,83.85433959960938,.,.
102.6306381225586,53.83302688598633,identifier,length
164.22763061523438,13.819171905517578,identifier,i
-132.97793579101562,30.031753540039062,),)
-167.81759643554688,-10.218172073364258,{,{
-120.2010498046875,-110.41322326660156,if,if
-97.8689193725586,-77.9441146850586,(,(
134.88629150390625,-8.231719017028809,identifier,width
58.331546783447266,34.44417953491211,identifier,C
44.423152923583984,87.70516967773438,.,.
62.391990661621094,23.808740615844727,identifier,OTHER
45.30005645751953,88.6540298461914,.,.
86.21831512451172,1.6700090169906616,identifier,BREAKPOINTS
155.09579467773438,18.61809730529785,identifier,i
-124.56379699707031,30.09452247619629,),)
-166.63328552246094,2.220191240310669,{,{
103.48724365234375,7.808495998382568,identifier,breakPointIndex
29.017839431762695,-128.58668518066406,=,=
155.58790588378906,16.962142944335938,identifier,i
-53.639774322509766,150.52731323242188,},}
-53.82591247558594,140.74960327148438,},}
84.60091400146484,-4.478617191314697,identifier,$
-30.01517677307129,-72.062744140625,(,(
69.91273498535156,15.425121307373047,"""","""body"""
-78.56776428222656,74.26146697998047,),)
30.560789108276367,76.12117767333984,.,.
63.39364242553711,12.9105224609375,identifier,removeClass
-31.778316497802734,-74.21847534179688,(,(
72.54778289794922,1.907797932624817,"""","""size768 size992 size1200"""
-67.2452621459961,76.5576400756836,),)
101.21484375,13.349462509155273,identifier,breakPoint
52.63523483276367,-128.8753204345703,=,=
-117.40599060058594,-117.4736328125,if,if
-90.54354858398438,-82.81636047363281,(,(
104.91536712646484,0.21064357459545135,identifier,breakPointIndex
-126.87138366699219,39.304954528808594,),)
-158.469482421875,-0.7954174280166626,{,{
101.98158264160156,13.335894584655762,identifier,breakPoint
25.233734130859375,-120.20960235595703,=,=
58.33977508544922,34.445133209228516,identifier,C
43.80900955200195,88.55962371826172,.,.
62.40796661376953,23.79674530029297,identifier,OTHER
44.26057434082031,89.39635467529297,.,.
86.22340393066406,1.8448184728622437,identifier,BREAKPOINTS
109.05255889892578,-1.3624294996261597,identifier,breakPointIndex
84.6465072631836,-4.192337989807129,identifier,$
-29.949338912963867,-72.04473876953125,(,(
70.02523040771484,15.290022850036621,"""","""body"""
-79.37832641601562,72.38380432128906,),)
25.972274780273438,80.58647918701172,.,.
63.50950622558594,13.095887184143066,identifier,addClass
-18.475496292114258,-81.30413818359375,(,(
71.74640655517578,13.815017700195312,"""","""size"""
-22.279075622558594,34.13899612426758,+,+
112.4123764038086,0.1208331510424614,identifier,breakPoint
-69.7483901977539,64.8138427734375,),)
-45.76475143432617,145.39346313476562,},}
23.609655380249023,192.43763732910156,return,return
112.68782806396484,0.26881831884384155,identifier,breakPoint
-21.97838020324707,133.96673583984375,},}
-5.657888889312744,-177.2338104248047,function,function
58.105224609375,-17.67581558227539,identifier,parentSetter
-56.52392578125,-131.86761474609375,(,(
92.3633804321289,-50.90666580200195,identifier,x
-127.29718780517578,92.1534652709961,),)
-181.90191650390625,-42.25456237792969,{,{
82.65558624267578,-23.492868423461914,identifier,previousValue
48.205039978027344,-120.75801086425781,=,=
65.00669860839844,-19.121299743652344,identifier,memoizedObject
136.537353515625,11.61755084991455,identifier,key
149.08364868164062,-9.24874210357666,identifier,returnValue
65.02381896972656,-19.128000259399414,identifier,memoizedObject
136.5133819580078,11.608696937561035,identifier,key
29.992103576660156,-130.82843017578125,=,=
133.12252807617188,-2.7834725379943848,identifier,x
-127.3316879272461,-113.71565246582031,if,if
-96.67568969726562,-73.259765625,(,(
133.35777282714844,-3.5126333236694336,identifier,x
19.31348991394043,-51.536102294921875,===,===
92.48925018310547,-21.383766174316406,identifier,previousValue
-117.75139617919922,38.23637008666992,),)
12.293760299682617,188.02464294433594,return,return
133.140869140625,-2.718146800994873,identifier,x
-127.00078582763672,-114.056640625,if,if
-95.76119995117188,-75.57320404052734,(,(
72.58417510986328,-28.266700744628906,identifier,definition
-19.474220275878906,-24.509687423706055,&&,&&
133.66482543945312,-3.9984750747680664,identifier,x
-21.028873443603516,-25.72815704345703,&&,&&
133.667724609375,-3.9970498085021973,identifier,x
-117.63794708251953,38.61730194091797,),)
64.66789245605469,-6.048585891723633,identifier,bindKeys
-40.854827880859375,-80.98665618896484,(,(
64.14971160888672,-48.2158088684082,identifier,scope
-53.454925537109375,-4.47499942779541,",",","
131.64854431152344,-2.9704084396362305,identifier,x
-53.733455657958984,-4.121417999267578,",",","
72.59210968017578,-28.286842346191406,identifier,definition
-54.64227294921875,-1.886137843132019,",",","
95.4474868774414,-9.904121398925781,identifier,parentNode
-54.67325973510742,-1.6040316820144653,",",","
90.68207550048828,-0.7210516333580017,identifier,keyPath
-56.16167449951172,79.73856353759766,),)
-76.9719009399414,137.9136505126953,else,else
-121.80509185791016,-118.16826629638672,if,if
-90.71928405761719,-78.18949127197266,(,(
63.010738372802734,8.046731948852539,identifier,change
-127.09745788574219,34.665802001953125,),)
-162.76844787597656,-5.086600303649902,{,{
100.98926544189453,8.699600219726562,identifier,returnValue
29.003583908081055,-120.22738647460938,=,=
63.232505798339844,8.083761215209961,identifier,change
-31.274686813354492,-80.96243286132812,(,(
96.37001037597656,-9.69433307647705,identifier,parentNode
-46.57372283935547,-0.3358617126941681,",",","
131.47413635253906,-2.9429666996002197,identifier,x
-46.15133285522461,-1.4769123792648315,",",","
105.8619155883789,1.3509448766708374,identifier,previousValue
18.783037185668945,-56.30921936035156,===,===
105.95213317871094,1.3321244716644287,identifier,previousValue
-50.05440139770508,3.9864726066589355,",",","
90.66017150878906,-0.7447783350944519,identifier,keyPath
-55.79523468017578,78.22679138183594,),)
-116.79820251464844,-119.47761535644531,if,if
-89.1421890258789,-83.06855010986328,(,(
105.4528579711914,-0.6537762880325317,identifier,returnValue
-118.95928192138672,40.3043327331543,),)
64.00659942626953,8.381125450134277,identifier,changeValue
-24.012306213378906,-80.30191040039062,(,(
96.47953796386719,-9.675975799560547,identifier,parentNode
-42.28721237182617,4.921562671661377,",",","
105.70354461669922,-1.3372135162353516,identifier,returnValue
-43.24437713623047,4.9581685066223145,",",","
77.84613800048828,7.249734878540039,identifier,branch
79.10702514648438,7.941471576690674,identifier,replaceAttributeKey
-55.23833465576172,74.40332794189453,),)
-50.746253967285156,135.25357055664062,},}
22.777637481689453,192.91944885253906,return,return
131.37501525878906,-1.2823158502578735,identifier,x
-32.14781188964844,133.90692138671875,},}
-3.3627676963806152,-173.72116088867188,function,function
55.16042709350586,-20.57472801208496,identifier,collectDependencies
-56.752811431884766,-136.1839141845703,(,(
89.8939437866211,-41.70832824707031,identifier,bowerJson
-78.3117446899414,-12.423221588134766,",",","
86.58052825927734,-30.793563842773438,identifier,dependencies
-122.8071517944336,96.42088317871094,),)
-186.81436157226562,-41.192359924316406,{,{
-126.5261001586914,-108.70484924316406,if,if
-98.80552673339844,-72.30522155761719,(,(
104.43206024169922,-29.385986328125,identifier,bowerJson
25.407560348510742,-46.67084503173828,!=,!=
-18.97840118408203,-26.35174560546875,&&,&&
104.48918151855469,-29.319190979003906,identifier,bowerJson
25.426828384399414,-46.661373138427734,!=,!=
-128.656005859375,27.37272834777832,),)
-168.74940490722656,-6.215382099151611,{,{
-121.86648559570312,-110.46076965332031,if,if
-97.76625061035156,-75.44983673095703,(,(
116.6237564086914,-24.736236572265625,identifier,bowerJson
45.65494918823242,72.02438354492188,.,.
51.2489013671875,-4.664011478424072,identifier,hasOwnProperty
-25.331289291381836,-64.5278091430664,(,(
68.3943099975586,-10.54428482055664,"""","""dependencies"""
-80.5099868774414,88.0077896118164,),)
-127.86759185791016,29.258831024169922,),)
-167.59548950195312,-6.890135288238525,{,{
83.92545318603516,-17.984407424926758,identifier,dependenciesJson
39.0660400390625,-116.02758026123047,=,=
116.7481460571289,-24.607173919677734,identifier,bowerJson
53.59436798095703,92.30084991455078,.,.
91.99596405029297,-27.478164672851562,identifier,dependencies
96.64771270751953,8.974514961242676,identifier,dependencisKeys
32.78695297241211,-117.59133911132812,=,=
41.08241653442383,2.170400381088257,identifier,Object
39.687984466552734,67.5274887084961,.,.
50.76958465576172,1.1431310176849365,identifier,keys
-34.432830810546875,-87.90560913085938,(,(
108.3791732788086,-11.0058012008667,identifier,dependenciesJson
-72.1099624633789,78.37739562988281,),)
149.70367431640625,-4.012210369110107,identifier,key
-113.1063461303711,-92.19776153564453,for,for
-102.94942474365234,-86.37816619873047,(,(
135.0183563232422,9.757376670837402,identifier,key
107.7232666015625,-8.692964553833008,identifier,dependencisKeys
-130.7074737548828,34.7302360534668,),)
-164.0992431640625,-9.476984977722168,{,{
96.89771270751953,8.214658737182617,identifier,dependecyJson
28.503896713256836,-115.62673950195312,=,=
108.41211700439453,-10.821450233459473,identifier,dependenciesJson
107.77349090576172,-8.533116340637207,identifier,dependencisKeys
134.93084716796875,11.387598037719727,identifier,key
115.73358154296875,-6.688204288482666,identifier,dependency
27.875411987304688,-114.24565887451172,=,=
68.95963287353516,7.9036335945129395,identifier,createDependency
-24.707080841064453,-85.6159439086914,(,(
104.48217010498047,-8.083895683288574,identifier,dependecyJson
-71.52315521240234,67.09756469726562,),)
-115.12584686279297,-119.73362731933594,if,if
-86.7459716796875,-83.4327392578125,(,(
116.34214782714844,-5.315206527709961,identifier,dependency
26.363365173339844,-46.00282669067383,!=,!=
-127.35693359375,42.056617736816406,),)
-156.44911193847656,-0.39230233430862427,{,{
94.48526000976562,-27.414592742919922,identifier,dependencies
24.31513214111328,77.94224548339844,.,.
17.226642608642578,28.154605865478516,identifier,push
-18.972551345825195,-84.54633331298828,(,(
116.17433166503906,-5.222559452056885,identifier,dependency
-72.35163116455078,63.35841751098633,),)
72.16874694824219,6.5124430656433105,identifier,collectDependencies
-21.783119201660156,-85.61872100830078,(,(
104.42338562011719,-8.232632637023926,identifier,dependecyJson
-43.893009185791016,9.980207443237305,",",","
94.02070617675781,-27.383628845214844,identifier,dependencies
-70.52693176269531,63.050697326660156,),)
-44.76145553588867,146.04150390625,},}
-45.3548469543457,141.25343322753906,},}
-45.390316009521484,141.04066467285156,},}
-45.37158203125,140.9744110107422,},}
-27.32221794128418,133.08311462402344,},}
-1.5657925605773926,-175.648193359375,function,function
56.6376838684082,-18.027381896972656,identifier,createPagesUtility
-57.227935791015625,-134.67984008789062,(,(
88.8755874633789,-48.8881721496582,identifier,pages
-77.4440689086914,-14.0608491897583,",",","
120.39800262451172,29.83479881286621,identifier,index
-126.64250946044922,95.8198471069336,),)
-181.24807739257812,-45.914031982421875,{,{
22.087587356567383,181.05812072753906,return,return
-14.268274307250977,-169.00978088378906,function,function
61.99107360839844,-11.355159759521484,identifier,getPages
-49.5791130065918,-126.37332916259766,(,(
107.47037506103516,28.1202392578125,identifier,number
-119.40019989013672,89.51541137695312,),)
-168.1311798095703,-18.465957641601562,{,{
115.47724151611328,29.747522354125977,identifier,offset
45.525901794433594,-119.20295715332031,=,=
36.49476623535156,6.9265313148498535,identifier,Math
38.05219650268555,70.55998992919922,.,.
53.46825408935547,0.8129516243934631,identifier,floor
-47.79920959472656,-86.83927917480469,(,(
107.78312683105469,28.126550674438477,identifier,number
-54.43461227416992,82.86572265625,),)
147.83836364746094,-6.161617279052734,identifier,start
-80.81432342529297,-37.54255294799805,",",","
147.94850158691406,-6.174544334411621,identifier,end
-127.78865051269531,-113.25405883789062,if,if
-96.56442260742188,-74.59657287597656,(,(
118.88014221191406,26.587575912475586,identifier,index
-23.33408546447754,27.1468563079834,+,+
114.85206604003906,28.222326278686523,identifier,offset
114.24405670166016,-30.08897590637207,identifier,pages
63.08823776245117,85.3595962524414,.,.
104.44383239746094,53.778690338134766,identifier,length
-127.00006866455078,29.259166717529297,),)
-167.903564453125,0.37006911635398865,{,{
108.53694152832031,15.282831192016602,identifier,start
34.23298645019531,-123.7542724609375,=,=
36.370121002197266,7.174074649810791,identifier,Math
37.64805603027344,70.54491424560547,.,.
48.97035217285156,27.87410545349121,identifier,max
-32.3089714050293,-76.54351043701172,(,(
-47.27705001831055,-7.036416053771973,",",","
114.40095520019531,-29.9605712890625,identifier,pages
65.47029113769531,89.29765319824219,.,.
106.22632598876953,53.98512649536133,identifier,length
108.45037078857422,28.155935287475586,identifier,number
-56.900943756103516,81.53860473632812,),)
106.57484436035156,15.281259536743164,identifier,end
30.07233428955078,-122.83052825927734,=,=
114.53441619873047,-29.810596466064453,identifier,pages
65.37474822998047,89.9872055053711,.,.
106.72660827636719,54.760223388671875,identifier,length
-59.794151306152344,143.04513549804688,},}
-75.59154510498047,139.61866760253906,else,else
-158.68359375,-5.494983673095703,{,{
108.5015869140625,15.251111030578613,identifier,start
28.165178298950195,-121.68159484863281,=,=
36.26204299926758,7.677068710327148,identifier,Math
36.289981842041016,69.89344787597656,.,.
48.97230911254883,27.89864730834961,identifier,max
-31.928333282470703,-76.74207305908203,(,(
-47.13041687011719,-6.87935733795166,",",","
121.45960235595703,25.591352462768555,identifier,index
114.7610855102539,28.10390281677246,identifier,offset
-56.9983024597168,80.97307586669922,),)
106.57213592529297,15.266189575195312,identifier,end
27.9986572265625,-121.77731323242188,=,=
36.0731086730957,7.898623466491699,identifier,Math
35.904518127441406,69.73273468017578,.,.
49.112945556640625,27.797571182250977,identifier,min
-30.881126403808594,-77.37156677246094,(,(
111.57816314697266,6.579874515533447,identifier,start
-24.878686904907227,28.45005989074707,+,+
108.5426254272461,28.161392211914062,identifier,number
-43.54425811767578,-4.465540409088135,",",","
114.73812103271484,-29.47891616821289,identifier,pages
50.922279357910156,102.4344253540039,.,.
106.8830795288086,55.42546844482422,identifier,length
-56.3231086730957,76.69540405273438,),)
-53.13457107543945,135.70758056640625,},}
21.777090072631836,188.1357421875,return,return
114.78711700439453,-28.760692596435547,identifier,pages
27.084632873535156,70.4468765258789,.,.
34.455570220947266,26.332765579223633,identifier,slice
-23.282485961914062,-76.31478881835938,(,(
111.61185455322266,6.373108386993408,identifier,start
-43.145320892333984,-5.324556827545166,",",","
111.65026092529297,5.623486042022705,identifier,end
-55.2261848449707,75.86710357666016,),)
-49.496910095214844,134.1770477294922,},}
-30.888837814331055,135.20297241210938,},}
-6.0028276443481445,-176.61746215820312,function,function
52.682682037353516,-20.284549713134766,identifier,cmin
-55.63337326049805,-132.3892059326172,(,(
93.29125213623047,-49.36378860473633,identifier,arr
-126.99653625488281,91.36627197265625,),)
-182.7902374267578,-43.063167572021484,{,{
-125.53427124023438,-105.57273864746094,if,if
-101.85464477539062,-72.57593536376953,(,(
43.67081832885742,1.0794029235839844,identifier,Array
44.62514114379883,69.10417175292969,.,.
49.167030334472656,-2.7334070205688477,identifier,isArray
-46.970829010009766,-90.41002655029297,(,(
109.5910415649414,-37.22300338745117,identifier,arr
-81.51850891113281,90.06752014160156,),)
-125.61420440673828,24.987497329711914,),)
-169.4036102294922,6.245585918426514,{,{
41.910484313964844,-11.97708511352539,identifier,TypeError
-37.56671142578125,-64.84202575683594,(,(
-64.529052734375,85.14691162109375,),)
-59.165771484375,152.28001403808594,},}
106.71005249023438,35.839263916015625,identifier,len
40.96778106689453,-117.0255126953125,=,=
110.96405792236328,-35.9754638671875,identifier,arr
64.3113784790039,87.2679214477539,.,.
105.35991668701172,54.26145553588867,identifier,length
-76.35285949707031,-36.09144973754883,",",","
117.88265228271484,13.838748931884766,identifier,v
41.10305404663086,-126.43608856201172,=,=
45.83246994018555,0.10221201181411743,identifier,Array
-39.690792083740234,-91.01457977294922,(,(
108.84228515625,36.69950866699219,identifier,len
-75.45165252685547,87.10787200927734,),)
-78.11260986328125,-39.04877471923828,",",","
149.55979919433594,-5.955708980560303,identifier,min
107.12995910644531,12.518965721130371,identifier,min
34.11813735961914,-119.1376953125,=,=
112.36795043945312,-35.60511016845703,identifier,arr
124.99427795410156,4.517824172973633,identifier,v
21.219736099243164,-125.40547943115234,=,=
108.44998168945312,12.023076057434082,identifier,min
-112.89300537109375,-91.67961120605469,for,for
-104.77957153320312,-86.6593246459961,(,(
157.52008056640625,10.191043853759766,identifier,i
41.20089340209961,-106.0889892578125,=,=
159.98695373535156,14.061782836914062,identifier,i
26.826339721679688,-64.8347396850586,<,<
109.60237121582031,38.848724365234375,identifier,len
160.78713989257812,15.920441627502441,identifier,i
-131.831787109375,34.50492477416992,),)
-164.21128845214844,-9.554055213928223,{,{
-115.24922943115234,-116.79298400878906,if,if
-90.48383331298828,-84.23279571533203,(,(
112.86620330810547,-35.0298957824707,identifier,arr
151.2938995361328,18.061735153198242,identifier,i
26.36068344116211,-60.75710678100586,<,<
108.62788391113281,12.075469017028809,identifier,min
-125.97256469726562,39.60643005371094,),)
-159.9966583251953,1.5414234399795532,{,{
107.88835906982422,12.957069396972656,identifier,min
24.36904525756836,-121.71619415283203,=,=
112.81253814697266,-34.754600524902344,identifier,arr
150.86146545410156,17.326507568359375,identifier,i
-54.35798263549805,146.06570434570312,},}
124.99754333496094,4.546858310699463,identifier,v
151.23419189453125,16.10211753845215,identifier,i
22.728546142578125,-126.60223388671875,=,=
108.81808471679688,12.014983177185059,identifier,min
-48.55219650268555,143.3306427001953,},}
22.272241592407227,191.45278930664062,return,return
119.59963989257812,2.907310724258423,identifier,v
-24.130746841430664,138.6913299560547,},}
-13.603230476379395,-179.10972595214844,function,function
-52.24966812133789,-130.97555541992188,(,(
94.7500228881836,-46.481998443603516,identifier,config
-127.25069427490234,88.23130798339844,),)
-178.97622680664062,-40.41805648803711,{,{
146.40719604492188,-6.739643096923828,identifier,element
32.541664123535156,102.58338165283203,.,.
66.9198989868164,-14.612789154052734,identifier,extraConstraint
32.34510040283203,-131.3336944580078,=,=
-139.27767944335938,-26.326887130737305,{,{
-61.10900115966797,114.63793182373047,},}
32.85154342651367,102.1418228149414,.,.
68.43704223632812,-14.869837760925293,identifier,initialConfig
29.095483779907227,-131.37576293945312,=,=
124.8668212890625,-43.44520568847656,identifier,config
32.60383605957031,101.24989318847656,.,.
115.2549819946289,29.918367385864258,identifier,offset
32.248687744140625,-130.3738555908203,=,=
-139.49520874023438,-22.23760223388672,{,{
52.4002799987793,-34.64540100097656,identifier,x
-68.0555419921875,8.120156288146973,",",","
52.47505187988281,-34.53568649291992,identifier,y
-56.16356658935547,115.8175277709961,},}
32.447654724121094,99.78782653808594,.,.
65.66426849365234,-6.228710651397705,identifier,listeners
32.00615310668945,-129.94688415527344,=,=
-139.8439483642578,-21.14293670654297,{,{
75.69148254394531,-0.1564992219209671,identifier,dragstart
-68.57331085205078,9.921823501586914,",",","
75.70311737060547,-0.21600286662578583,identifier,drag
-68.34612274169922,10.466017723083496,",",","
75.61415100097656,0.24562306702136993,identifier,dragend
-68.04239654541016,10.802600860595703,",",","
74.89059448242188,0.8166025876998901,identifier,resize
-67.98712921142578,10.978265762329102,",",","
75.65809631347656,0.829209566116333,identifier,touchstart
-67.65437316894531,11.3186674118042,",",","
75.9278793334961,1.2588398456573486,identifier,touchend
-67.38243865966797,11.604674339294434,",",","
64.24529266357422,-48.11564636230469,identifier,scope
-54.29011154174805,115.78588104248047,},}
-117.27252960205078,-118.48336791992188,if,if
-88.9324722290039,-81.70559692382812,(,(
128.42129516601562,-42.774349212646484,identifier,config
-20.45025062561035,-22.2329158782959,&&,&&
128.89373779296875,-44.069950103759766,identifier,config
51.37086868286133,107.02888488769531,.,.
90.99929809570312,13.816537857055664,identifier,element
-127.54322814941406,40.41347885131836,),)
-157.59629821777344,-0.7285608649253845,{,{
103.73697662353516,13.754888534545898,identifier,element
23.951526641845703,-120.9096450805664,=,=
129.2587127685547,-44.092308044433594,identifier,config
49.11320495605469,105.46852111816406,.,.
91.00853729248047,13.845919609069824,identifier,element
129.24392700195312,-44.088966369628906,identifier,config
48.59711837768555,105.42293548583984,.,.
91.01403045654297,13.84044075012207,identifier,element
27.240278244018555,82.70909118652344,.,.
66.4182357788086,13.016200065612793,identifier,setElement
-18.6895694732666,-83.9686508178711,(,(
115.30140686035156,-1.491409420967102,identifier,element
-70.99161529541016,65.38265991210938,),)
-46.183956146240234,145.32806396484375,},}
24.02117156982422,191.4382781982422,return,return
-21.738187789916992,136.4896697998047,},}
-1.8578062057495117,-176.8376007080078,function,function
56.37351608276367,-15.933204650878906,identifier,fixRequireIssue
-56.78781509399414,-127.62874603271484,(,(
-131.20962524414062,89.40662384033203,),)
-179.8769989013672,-44.995670318603516,{,{
22.287302017211914,181.19638061523438,return,return
-137.14646911621094,-21.990903854370117,{,{
61.2253532409668,-18.244382858276367,identifier,visitor
-136.62997436523438,-22.286767959594727,{,{
59.12541961669922,-16.026350021362305,identifier,AssignmentExpression
-49.41265106201172,-124.73529815673828,(,(
94.37523651123047,-40.78444290161133,identifier,path
-119.49296569824219,89.208984375,),)
-168.68505859375,-19.055519104003906,{,{
-125.77379608154297,-109.28721618652344,if,if
-97.88529968261719,-71.83516693115234,(,(
105.72587585449219,-38.59199142456055,identifier,path
57.692378997802734,88.15672302246094,.,.
92.64593505859375,-31.1691951751709,identifier,node
58.86144256591797,88.273193359375,.,.
70.54800415039062,-15.854002952575684,identifier,operator
17.954801559448242,-52.37954330444336,===,===
-127.91842651367188,26.603334426879883,),)
-169.3059844970703,-6.571141242980957,{,{
-134.9281768798828,-19.640920639038086,{,{
109.10228729248047,-32.47695541381836,identifier,left
-56.74304962158203,111.65223693847656,},}
44.872802734375,-115.64909362792969,=,=
105.75941467285156,-38.689456939697266,identifier,path
54.01483917236328,86.87781524658203,.,.
92.18230438232422,-31.504613876342773,identifier,node
-120.81024169921875,-109.5343246459961,if,if
-97.6966323852539,-76.8709945678711,(,(
109.35411071777344,-32.467864990234375,identifier,left
58.26683807373047,88.72716522216797,.,.
76.07115173339844,34.02045440673828,identifier,type
-123.59065246582031,28.902414321899414,),)
-166.09051513671875,5.791104793548584,{,{
13.582727432250977,191.24801635742188,return,return
-58.60612106323242,149.5491180419922,},}
-134.6663360595703,-19.572738647460938,{,{
91.89105987548828,-13.702120780944824,identifier,object
-56.591678619384766,111.42573547363281,},}
36.319740295410156,-114.2822494506836,=,=
109.08838653564453,-32.46247100830078,identifier,left
-117.8028335571289,-115.45501708984375,if,if
-94.11734771728516,-81.74821472167969,(,(
-60.26772689819336,-78.60588836669922,(,(
129.7200164794922,-22.45920753479004,identifier,object
56.999481201171875,99.82255554199219,.,.
76.13092041015625,34.42071533203125,identifier,type
19.67439079284668,-55.22817611694336,===,===
-21.92829704284668,-24.22534942626953,&&,&&
129.72633361816406,-22.460708618164062,identifier,object
56.60112762451172,100.27925872802734,.,.
127.08057403564453,16.605552673339844,identifier,name
19.829898834228516,-55.54357147216797,===,===
-79.86902618408203,80.8248291015625,),)
-11.484403610229492,-25.01716423034668,||,||
-60.9158821105957,-77.98101806640625,(,(
129.6988525390625,-22.458019256591797,identifier,object
56.524208068847656,100.67080688476562,.,.
76.10667419433594,34.74260330200195,identifier,type
19.957714080810547,-56.09159469604492,===,===
-22.297866821289062,-23.77019691467285,&&,&&
129.6788787841797,-22.463716506958008,identifier,object
53.0814208984375,102.37501525878906,.,.
77.51072692871094,5.153414249420166,identifier,expression
53.437137603759766,103.19175720214844,.,.
126.94285583496094,16.734575271606445,identifier,name
19.955568313598633,-55.87320327758789,===,===
-80.49992370605469,80.69847869873047,),)
-130.41310119628906,39.30502700805664,),)
-158.68887329101562,0.6386971473693848,{,{
106.14911651611328,-39.1937370300293,identifier,path
25.42692756652832,79.6032943725586,.,.
62.49159240722656,16.846866607666016,identifier,remove
-25.45181655883789,-93.9857177734375,(,(
-76.64130401611328,65.65815734863281,),)
-48.89048767089844,147.59144592285156,},}
-48.210018157958984,138.38851928710938,},}
-48.901329040527344,128.4873504638672,},}
-55.54404830932617,11.459207534790039,",",","
-50.20194625854492,122.82848358154297,},}
-55.63431930541992,11.452762603759766,",",","
-50.40916061401367,122.45448303222656,},}
-25.36545181274414,137.24325561523438,},}
-4.251800060272217,-173.53240966796875,function,function
54.6028938293457,-16.168535232543945,identifier,commitUnmount
-56.8044319152832,-133.4650421142578,(,(
89.8515625,-41.775108337402344,identifier,current$$1
-127.47135162353516,94.8896713256836,),)
-183.91407775878906,-45.345977783203125,{,{
62.24245834350586,-14.331089973449707,identifier,onCommitUnmount
-47.773193359375,-83.0215072631836,(,(
102.38544464111328,-13.968881607055664,identifier,current$$1
-69.10233306884766,89.03951263427734,),)
-98.42098999023438,-70.25196075439453,(,(
115.74225616455078,-25.39591407775879,identifier,current$$1
58.928924560546875,88.18634796142578,.,.
71.30519104003906,-17.23480796813965,identifier,tag
-130.82571411132812,26.646879196166992,),)
-171.74432373046875,-8.752581596374512,{,{
70.53812408447266,-12.217885971069336,identifier,ClassComponent
70.4570541381836,-12.270674705505371,identifier,ClassComponentLazy
-169.30447387695312,-2.5873172283172607,{,{
63.253746032714844,-4.767375946044922,identifier,safelyDetachRef
-42.2635612487793,-82.66024017333984,(,(
102.41934204101562,-13.90913200378418,identifier,current$$1
-70.06429290771484,83.88352966308594,),)
90.94416809082031,-14.019482612609863,identifier,instance
38.343074798583984,-115.69873046875,=,=
115.90601348876953,-25.241134643554688,identifier,current$$1
53.73973846435547,92.1332778930664,.,.
67.30004119873047,-3.680300712585449,identifier,stateNode
-118.14472961425781,-113.9461441040039,if,if
-94.47651672363281,-80.54560089111328,(,(
134.50877380371094,-31.814027786254883,identifier,instance
55.40751647949219,95.63361358642578,.,.
69.74176788330078,-0.43747594952583313,identifier,componentWillUnmount
16.738948822021484,-55.086219787597656,===,===
-122.90009307861328,36.2137565612793,),)
-162.81568908691406,-0.6124759912490845,{,{
67.56483459472656,3.9158120155334473,identifier,safelyCallComponentWillUnmount
-30.605365753173828,-80.15670013427734,(,(
103.31707000732422,-12.768444061279297,identifier,current$$1
-48.91109085083008,-0.6907209157943726,",",","
134.62847900390625,-31.67803382873535,identifier,instance
-68.88619995117188,75.24308013916016,),)
-52.961265563964844,147.96470642089844,},}
14.679845809936523,192.46766662597656,return,return
-55.63331985473633,143.14085388183594,},}
76.14373016357422,4.152669429779053,identifier,HostComponent
-159.15789794921875,-3.310826539993286,{,{
66.3860855102539,7.4065961837768555,identifier,safelyDetachRef
-21.183208465576172,-84.23046112060547,(,(
103.05033874511719,-12.83371353149414,identifier,current$$1
-71.76824188232422,69.86373901367188,),)
14.82542610168457,192.63796997070312,return,return
-55.70800018310547,143.1842803955078,},}
76.14306640625,4.204399585723877,identifier,HostPortal
-161.9005889892578,-7.210031986236572,{,{
-113.85549926757812,-119.04779052734375,if,if
-85.85282897949219,-82.31380462646484,(,(
75.3058853149414,8.037182807922363,identifier,supportsMutation
-127.09599304199219,42.57111740112305,),)
-155.8705596923828,0.6037938594818115,{,{
73.02206420898438,8.213380813598633,identifier,unmountHostComponents
-20.856346130371094,-85.00630187988281,(,(
102.61628723144531,-12.857953071594238,identifier,current$$1
-72.06047821044922,63.626304626464844,),)
-63.80758285522461,143.9622039794922,},}
-74.82706451416016,136.71859741210938,else,else
-114.65480041503906,-121.00296020507812,if,if
-85.47100830078125,-82.49237060546875,(,(
75.23930358886719,7.885201454162598,identifier,supportsPersistence
-127.17083740234375,43.676414489746094,),)
-155.1576690673828,0.0954955592751503,{,{
73.42613983154297,7.648720741271973,identifier,emptyPortalContainer
-20.772653579711914,-85.75611114501953,(,(
102.46843719482422,-12.82255744934082,identifier,current$$1
-71.22393035888672,62.632381439208984,),)
-44.121212005615234,146.63296508789062,},}
15.744449615478516,193.33534240722656,return,return
-45.04094696044922,144.06114196777344,},}
-45.09661865234375,142.00704956054688,},}
-27.622962951660156,132.69020080566406,},}
-3.2516162395477295,-173.08132934570312,function,function
56.150047302246094,-17.400680541992188,identifier,getPropertyNameForIndexedAccess
-58.96949005126953,-136.2888641357422,(,(
85.2987289428711,-36.943111419677734,identifier,indexArgumentExpression
-80.35211944580078,-15.680525779724121,",",","
85.22583770751953,-37.12564468383789,identifier,indexArgumentType
-124.53773498535156,98.10076141357422,),)
-187.61988830566406,-40.79092788696289,{,{
-125.07291412353516,-108.20770263671875,if,if
-98.14728546142578,-73.54230499267578,(,(
117.61602783203125,-26.556180953979492,identifier,indexArgumentExpression
60.66032409667969,89.1183090209961,.,.
74.62393951416016,38.084449768066406,identifier,kind
18.965858459472656,-52.390010833740234,===,===
-12.57982063293457,-26.74663734436035,||,||
117.8114013671875,-26.628936767578125,identifier,indexArgumentExpression
61.25437927246094,89.97993469238281,.,.
74.7559585571289,38.000091552734375,identifier,kind
19.228986740112305,-52.67251968383789,===,===
-125.36985778808594,28.041919708251953,),)
-167.22463989257812,4.331966876983643,{,{
13.624869346618652,186.57554626464844,return,return
117.72846984863281,-26.68688201904297,identifier,indexArgumentExpression
53.42715835571289,88.17875671386719,.,.
60.00852584838867,18.95862579345703,identifier,text
-58.76783752441406,150.0919647216797,},}
-122.78497314453125,-114.97431182861328,if,if
-95.19712829589844,-78.67759704589844,(,(
118.2215347290039,-26.45893669128418,identifier,indexArgumentExpression
61.64752197265625,91.17115783691406,.,.
74.81134796142578,37.962120056152344,identifier,kind
19.45319938659668,-53.30661392211914,===,===
-11.878302574157715,-25.752241134643555,||,||
118.39778900146484,-26.56659698486328,identifier,indexArgumentExpression
61.72435760498047,91.18632507324219,.,.
74.92115783691406,37.88736343383789,identifier,kind
19.649124145507812,-53.40155029296875,===,===
-128.99803161621094,34.144317626953125,),)
-163.91064453125,-5.454911708831787,{,{
104.80311584472656,10.511821746826172,identifier,value
31.546985626220703,-114.64591217041016,=,=
68.25105285644531,3.382253885269165,identifier,getConstantValue
-33.07294464111328,-84.32015991210938,(,(
106.17671203613281,-11.710444450378418,identifier,indexArgumentExpression
-71.2166748046875,74.74555206298828,),)
-115.33879852294922,-115.66777038574219,if,if
-91.515625,-84.01105499267578,(,(
107.84539794921875,6.164730072021484,identifier,value
-125.57783508300781,39.630271911621094,),)
-159.36277770996094,2.3754591941833496,{,{
17.522228240966797,188.36146545410156,return,return
107.8796615600586,6.155335903167725,identifier,value
28.72982406616211,72.29444885253906,.,.
56.93798065185547,16.457918167114258,identifier,toString
-25.62620735168457,-98.34187316894531,(,(
-77.41779327392578,66.57926940917969,),)
-50.17850875854492,148.6988067626953,},}
-51.74330139160156,140.78677368164062,},}
-117.900146484375,-120.63786315917969,if,if
-87.93450164794922,-84.46800231933594,(,(
71.41246795654297,8.41662883758545,identifier,checkThatExpressionIsProperSymbolReference
-24.7989444732666,-84.4802474975586,(,(
105.39147186279297,-11.864030838012695,identifier,indexArgumentExpression
-45.1752815246582,8.6005277633667,",",","
105.2215576171875,-11.618715286254883,identifier,indexArgumentType
-46.26350784301758,9.447321891784668,",",","
-87.87062072753906,76.82426452636719,),)
-129.23399353027344,41.99728775024414,),)
-161.25454711914062,-5.071257591247559,{,{
89.48998260498047,3.415233612060547,identifier,rightHandSideName
42.93021774291992,-115.54247283935547,=,=
105.4229507446289,-12.386982917785645,identifier,indexArgumentExpression
44.70416259765625,107.08741760253906,.,.
126.89388275146484,17.819135665893555,identifier,name
44.729042053222656,107.03243255615234,.,.
60.0234260559082,18.960235595703125,identifier,text
19.66535186767578,188.31068420410156,return,return
48.98776626586914,12.826504707336426,identifier,ts
32.4223518371582,78.84644317626953,.,.
73.34374237060547,6.5913872718811035,identifier,getPropertyNameForKnownSymbolName
-19.55947494506836,-87.01384735107422,(,(
89.91417694091797,3.5121428966522217,identifier,rightHandSideName
-71.01454162597656,61.66765594482422,),)
-43.950984954833984,144.15567016601562,},}
25.68004035949707,191.71536254882812,return,return
-21.383338928222656,132.50006103515625,},}
-2.4357852935791016,-175.76918029785156,function,function
58.10588455200195,-16.765235900878906,identifier,inspectModifierDeclaration
-58.971675872802734,-133.22576904296875,(,(
100.08415985107422,-50.52473449707031,identifier,emitted
-127.9526596069336,94.07597351074219,),)
-183.7748565673828,-41.23476791381836,{,{
90.17314147949219,-30.647541046142578,identifier,node
48.48485565185547,-121.3906478881836,=,=
108.92012023925781,-49.2778205871582,identifier,emitted
54.280887603759766,84.25385284423828,.,.
91.73295593261719,-31.540821075439453,identifier,node
-124.01576232910156,-106.6388931274414,if,if
-97.03057098388672,-71.0826644897461,(,(
109.18724060058594,-49.25130844116211,identifier,emitted
57.7982177734375,85.705810546875,.,.
59.23329162597656,-27.581811904907227,identifier,exit
-123.80341339111328,24.13368034362793,),)
-167.8850555419922,7.444419860839844,{,{
13.150580406188965,191.43325805664062,return,return
-60.594608306884766,151.3269805908203,},}
114.6171875,-47.68576431274414,identifier,params
43.790016174316406,-117.66190338134766,=,=
93.74697875976562,-31.484947204589844,identifier,node
54.1335334777832,86.19036102294922,.,.
116.12828063964844,-47.59381103515625,identifier,params
-123.9302749633789,-110.50921630859375,if,if
-95.71724700927734,-74.123291015625,(,(
115.69772338867188,-44.89899444580078,identifier,params
-19.065826416015625,-24.638656616210938,&&,&&
115.97274017333984,-44.84506607055664,identifier,params
65.56140899658203,84.19683074951172,.,.
103.08165740966797,56.00033187866211,identifier,length
28.709548950195312,-53.57815933227539,>,>
-128.72438049316406,29.119508743286133,),)
-168.00772094726562,-4.004435062408447,{,{
116.85725402832031,-43.95771026611328,identifier,params
31.91083335876465,65.03722381591797,.,.
33.9961051940918,27.20319366455078,identifier,slice
-24.809463500976562,-73.74494934082031,(,(
-45.55818176269531,-8.287036895751953,",",","
-75.90858459472656,76.98570251464844,),)
26.484207153320312,60.62887191772461,.,.
22.186298370361328,-0.007888251915574074,identifier,forEach
-44.43330764770508,-71.47200775146484,(,(
-18.203908920288086,-166.06275939941406,function,function
-45.67909240722656,-121.88288879394531,(,(
117.70989227294922,-8.985276222229004,identifier,arg
-116.43132019042969,85.95313262939453,),)
-163.0802764892578,-17.86403465270996,{,{
80.49553680419922,-4.157968521118164,identifier,sourceCode
35.32997512817383,77.32772064208984,.,.
66.9649887084961,0.8437695503234863,identifier,getNextChar
-32.42109298706055,-88.31884002685547,(,(
118.70503234863281,-8.139945983886719,identifier,arg
-80.34093475341797,78.577880859375,),)
61.22980499267578,-0.8465835452079773,"""",""","""
-18.941909790039062,-22.1471004486084,&&,&&
62.78018569946289,-45.12897491455078,identifier,context
28.97340202331543,77.82990264892578,.,.
66.19744873046875,20.79974937438965,identifier,report
-34.92363357543945,-71.22578430175781,(,(
-141.61398315429688,-19.74469566345215,{,{
97.81558227539062,-11.186162948608398,identifier,node
118.89057922363281,-7.917233943939209,identifier,arg
-65.21167755126953,9.911428451538086,",",","
80.71940612792969,12.704816818237305,identifier,location
-142.48863220214844,-20.7499942779541,{,{
89.12687683105469,21.871042251586914,identifier,column
80.34391021728516,-4.062685012817383,identifier,sourceCode
33.61386489868164,76.3000717163086,.,.
69.99720764160156,4.065187931060791,identifier,getEndingColumn
-31.098831176757812,-88.16078186035156,(,(
118.80083465576172,-7.986916542053223,identifier,arg
-83.77759552001953,75.3492660522461,),)
-26.14702606201172,29.41160011291504,+,+
-53.66946029663086,117.5578842163086,},}
-63.84455871582031,9.664689064025879,",",","
36.55066680908203,-5.259885311126709,identifier,message
71.75719451904297,12.025294303894043,"""","""All arguments (except the last one) must be immediately followed by a comma."""
-53.2275505065918,119.83545684814453,},}
-61.78780746459961,67.13343048095703,),)
-47.43630599975586,126.32424926757812,},}
-59.44166946411133,66.53667449951172,),)
-46.283931732177734,142.71707153320312,},}
-27.04901695251465,134.04608154296875,},}
-3.2829504013061523,-175.9596710205078,function,function
56.7550163269043,-17.159971237182617,identifier,getWrappingContentRange
-58.81932830810547,-133.95974731445312,(,(
104.28302001953125,-53.2448616027832,identifier,editor
-127.54791259765625,94.00654602050781,),)
-184.5703887939453,-42.541988372802734,{,{
-127.05963134765625,-108.49850463867188,if,if
-98.65923309326172,-71.56111907958984,(,(
106.73063659667969,-52.767913818359375,identifier,editor
47.68818283081055,76.95645141601562,.,.
62.530704498291016,-12.619468688964844,identifier,somethingSelected
-31.91307258605957,-98.3614730834961,(,(
-70.78134155273438,95.6624755859375,),)
-129.24545288085938,26.729007720947266,),)
-168.7047576904297,-7.145150184631348,{,{
83.08834838867188,-20.410627365112305,identifier,sel
43.12285232543945,-121.43275451660156,=,=
106.75450134277344,-52.731048583984375,identifier,editor
43.47636032104492,76.65199279785156,.,.
60.15519714355469,-11.16651725769043,identifier,listSelections
-31.85249900817871,-99.3455581665039,(,(
-72.07037353515625,93.86141967773438,),)
27.847259521484375,60.868446350097656,.,.
31.286977767944336,-0.3148280680179596,identifier,filter
-47.60879898071289,-73.9793701171875,(,(
101.5258560180664,-20.463109970092773,identifier,sel
124.85009765625,-29.66596031188965,identifier,sel
56.13990020751953,88.98500061035156,.,.
85.74443054199219,26.706893920898438,identifier,anchor
125.00391387939453,-29.694974899291992,identifier,sel
51.96262741088867,90.41561126708984,.,.
83.44538879394531,31.898941040039062,identifier,head
-76.06982421875,84.23048400878906,),)
-120.8918685913086,-113.06764221191406,if,if
-92.09327697753906,-75.30706787109375,(,(
99.94966888427734,-22.701114654541016,identifier,sel
-127.87901306152344,32.12858200073242,),)
-165.7991180419922,-3.1706926822662354,{,{
16.30672836303711,185.72207641601562,return,return
64.08425903320312,2.868741750717163,identifier,comparePos
-37.210609436035156,-82.69031524658203,(,(
125.47327423095703,-29.21770477294922,identifier,sel
50.86606979370117,94.53282928466797,.,.
85.8915786743164,26.52130699157715,identifier,anchor
-49.322242736816406,-4.404051303863525,",",","
125.7191162109375,-29.337505340576172,identifier,sel
51.109642028808594,97.08790588378906,.,.
83.48233032226562,31.79136085510254,identifier,head
-79.7791748046875,78.58177947998047,),)
26.942798614501953,-59.79376983642578,<,<
-141.5,-21.882081985473633,{,{
95.28023529052734,17.971487045288086,identifier,from
126.362060546875,-29.389934539794922,identifier,sel
51.476619720458984,99.50850677490234,.,.
86.169921875,26.149192810058594,identifier,anchor
-65.81101989746094,11.930737495422363,",",","
94.63914489746094,16.72917938232422,identifier,to
126.39077758789062,-29.419588088989258,identifier,sel
51.10942840576172,99.68663024902344,.,.
83.51714324951172,31.668804168701172,identifier,head
-53.967323303222656,116.83868408203125,},}
-143.1106719970703,-21.2139892578125,{,{
95.22742462158203,17.898502349853516,identifier,from
126.50708770751953,-29.49879264831543,identifier,sel
51.044925689697266,99.90337371826172,.,.
83.5094985961914,31.68524932861328,identifier,head
-65.1958999633789,11.94721794128418,",",","
94.66520690917969,16.709991455078125,identifier,to
126.68172454833984,-29.517375946044922,identifier,sel
51.32057189941406,100.66810607910156,.,.
86.2505111694336,26.016084671020508,identifier,anchor
-53.255767822265625,116.48314666748047,},}
-49.7924690246582,144.415771484375,},}
-50.89146423339844,140.60520935058594,},}
21.522541046142578,186.81106567382812,return,return
70.35155487060547,8.375544548034668,identifier,getTagRangeForPos
-24.32755470275879,-83.65589904785156,(,(
105.45140075683594,-53.98060989379883,identifier,editor
-44.35149002075195,8.130717277526855,",",","
106.41641235351562,-53.174232482910156,identifier,editor
28.744665145874023,74.62052917480469,.,.
68.76649475097656,13.883418083190918,identifier,getCursor
-24.210113525390625,-99.37481689453125,(,(
-87.39249420166016,70.47328186035156,),)
-68.012939453125,65.77980041503906,),)
-26.28531837463379,137.7737579345703,},}
-2.402510643005371,-177.7469482421875,function,function
53.73796463012695,-17.90315055847168,identifier,renderMap
-56.297119140625,-127.41972351074219,(,(
-130.72894287109375,88.80177307128906,),)
-180.205810546875,-41.90513610839844,{,{
79.98873901367188,-23.5231876373291,identifier,$map
47.508201599121094,-122.56170654296875,=,=
84.4594955444336,-4.626828193664551,identifier,$
-48.620277404785156,-79.59657287597656,(,(
-70.66288757324219,91.0067367553711,),)
79.7025146484375,-11.574121475219727,identifier,ymaps
37.560272216796875,64.96392059326172,.,.
60.6372184753418,-14.327873229980469,identifier,ready
-45.69001770019531,-73.87156677246094,(,(
-16.555076599121094,-167.88607788085938,function,function
-50.88512420654297,-123.0853271484375,(,(
-120.0998306274414,86.44595336914062,),)
-166.72157287597656,-18.554195404052734,{,{
82.56549835205078,-19.55549430847168,identifier,geolocation
42.96587371826172,-116.73078155517578,=,=
79.80014038085938,-11.513113021850586,identifier,ymaps
53.31161117553711,85.19821166992188,.,.
82.1644287109375,-19.1581974029541,identifier,geolocation
-75.9452896118164,-35.828895568847656,",",","
84.0428237915039,-19.420740127563477,identifier,coords
40.322471618652344,-121.16710662841797,=,=
125.09690856933594,-32.76319122314453,identifier,geolocation
51.94023513793945,89.30028533935547,.,.
69.01655578613281,-21.16405487060547,identifier,latitude
-61.27988815307617,-2.442898988723755,",",","
125.08452606201172,-32.77153015136719,identifier,geolocation
52.0937614440918,89.15473175048828,.,.
69.02078247070312,-21.164705276489258,identifier,longitude
-75.45475006103516,-36.53160095214844,",",","
95.26380920410156,7.019303321838379,identifier,myMap
34.51857376098633,-114.00269317626953,=,=
80.68195343017578,-10.748827934265137,identifier,ymaps
48.12923812866211,83.30872344970703,.,.
65.92593383789062,-2.7048959732055664,identifier,Map
-35.75808334350586,-80.8546371459961,(,(
87.98344421386719,-5.18709659576416,identifier,$map
-46.93894958496094,-4.384437084197998,",",","
-141.07553100585938,-20.568714141845703,{,{
85.93282318115234,19.442285537719727,identifier,center
100.45980834960938,-3.23026442527771,identifier,coords
-66.21946716308594,10.467207908630371,",",","
73.70072937011719,2.0863139629364014,identifier,zoom
-54.75542449951172,117.52261352539062,},}
-65.2593765258789,75.08197021484375,),)
125.19591522216797,-15.874519348144531,identifier,myMap
36.14266586303711,94.01425170898438,.,.
79.9471435546875,12.227598190307617,identifier,geoObjects
24.914831161499023,76.58363342285156,.,.
62.11238098144531,14.248472213745117,identifier,add
-34.44045639038086,-71.99829864501953,(,(
80.74066162109375,-10.700671195983887,identifier,ymaps
48.164878845214844,83.26255798339844,.,.
71.62723541259766,4.703932762145996,identifier,Placemark
-28.516071319580078,-82.66380310058594,(,(
100.55086517333984,-3.2078466415405273,identifier,coords
-44.21083068847656,-0.8469827175140381,",",","
-142.6104278564453,-19.450178146362305,{,{
77.58992004394531,19.00584602355957,identifier,balloonContentHeader
126.60743713378906,-32.52021789550781,identifier,geolocation
48.3551139831543,103.7460708618164,.,.
74.00514221191406,21.116044998168945,identifier,country
-64.14601135253906,11.148205757141113,",",","
77.7158432006836,19.02462387084961,identifier,balloonContent
126.5303955078125,-32.50576400756836,identifier,geolocation
47.708106994628906,103.88579559326172,.,.
74.02752685546875,21.158531188964844,identifier,city
-64.03057098388672,11.524325370788574,",",","
77.73530578613281,19.013059616088867,identifier,balloonContentFooter
126.4735336303711,-32.50216293334961,identifier,geolocation
47.486568450927734,103.93893432617188,.,.
73.8496322631836,20.797088623046875,identifier,region
-53.229217529296875,119.12840270996094,},}
-88.98751831054688,78.95818328857422,),)
-62.588722229003906,67.2861557006836,),)
-47.1806755065918,126.82560729980469,},}
-58.43459701538086,65.59957122802734,),)
-21.690900802612305,134.6411590576172,},}
-15.341073989868164,-176.9436798095703,function,function
-50.171783447265625,-131.31906127929688,(,(
88.54961395263672,-41.889495849609375,identifier,breakpoints
-79.4012680053711,-17.37372589111328,",",","
84.84172821044922,-41.15275573730469,identifier,spacingScale
-123.77024841308594,91.23373413085938,),)
-180.98800659179688,-45.38318634033203,{,{
21.35574722290039,181.82408142089844,return,return
39.88105010986328,11.286493301391602,identifier,_
40.154972076416016,69.05094146728516,.,.
27.551267623901367,-0.8308290243148804,identifier,map
-44.7974739074707,-77.49494934082031,(,(
87.9552993774414,-34.58091354370117,identifier,breakpoints
-49.517730712890625,-13.224624633789062,",",","
-17.60060691833496,-168.28944396972656,function,function
-48.26469421386719,-123.56735229492188,(,(
86.1800537109375,-33.554237365722656,identifier,breakpointValue
-69.65670013427734,-11.63583755493164,",",","
86.09554290771484,-33.60498809814453,identifier,breakpointKey
-118.10900115966797,88.94378662109375,),)
-166.93624877929688,-18.72677993774414,{,{
80.78812408447266,-20.244340896606445,identifier,mediaQuery
42.36838912963867,-121.8484115600586,=,=
63.504638671875,-17.320356369018555,identifier,postcss
41.81673812866211,74.59953308105469,.,.
60.435245513916016,-8.881569862365723,identifier,atRule
-46.110191345214844,-76.80379486083984,(,(
-139.37754821777344,-20.62834930419922,{,{
128.6466064453125,17.97940444946289,identifier,name
-67.40862274169922,8.650076866149902,",",","
114.9134521484375,-46.67536163330078,identifier,params
94.2084732055664,-20.661231994628906,identifier,breakpointValue
-57.777984619140625,10.238607406616211,",",","
-56.15960693359375,117.7096939086914,},}
-53.9567985534668,81.80535125732422,),)
89.79927062988281,-22.578269958496094,identifier,rules
35.86555480957031,-118.35587310791016,=,=
39.38618850708008,11.510772705078125,identifier,_
38.783302307128906,68.77509307861328,.,.
27.611419677734375,-1.3964985609054565,identifier,flatMap
-34.41067123413086,-78.5690689086914,(,(
92.82518768310547,-1.2551988363265991,identifier,spacingScale
-48.25621032714844,-12.530376434326172,",",","
-18.453283309936523,-167.02114868164062,function,function
-45.707923889160156,-123.12447357177734,(,(
92.32015991210938,0.09443692862987518,identifier,scaleValue
-67.80699920654297,-9.955479621887207,",",","
92.23255157470703,0.07640434801578522,identifier,scaleKey
-115.78826141357422,86.4137191772461,),)
-163.4672088623047,-18.855958938598633,{,{
18.86349868774414,183.74803161621094,return,return
39.05754852294922,11.689955711364746,identifier,_
38.09606170654297,68.37419891357422,.,.
27.39586067199707,-0.8633564114570618,identifier,map
-33.37239456176758,-78.51248931884766,(,(
79.82009887695312,2.3731119632720947,identifier,helpers
-47.62554168701172,-12.234466552734375,",",","
-19.53301429748535,-165.9385223388672,function,function
-44.748451232910156,-122.52040100097656,(,(
113.81593322753906,-8.449048042297363,identifier,helperValues
-67.20209503173828,-10.640105247497559,",",","
113.68907165527344,-8.119562149047852,identifier,helperKey
-114.877197265625,84.6016616821289,),)
-161.63768005371094,-18.751516342163086,{,{
18.075197219848633,184.9477081298828,return,return
69.31147766113281,6.090211391448975,identifier,makeFunctionalRule
-28.651477813720703,-81.84590911865234,(,(
107.06153106689453,-2.979470729827881,identifier,breakpointKey
-51.75736618041992,106.84480285644531,},}
107.06175231933594,-2.776782989501953,identifier,helperKey
-51.60285949707031,107.03614044189453,},}
106.95816040039062,-2.5959620475769043,identifier,scaleKey
-51.038551330566406,107.32454681396484,},}
-45.50462341308594,4.11827278137207,",",","
105.76567077636719,-2.819882392883301,identifier,helperValues
-45.72724533081055,5.34861421585083,",",","
106.17150115966797,-2.040764570236206,identifier,scaleValue
-56.438209533691406,73.6346206665039,),)
-50.721153259277344,126.0608901977539,},}
-54.98231506347656,70.41752624511719,),)
-50.301815032958984,126.36041259765625,},}
-54.42732620239258,70.18545532226562,),)
21.089807510375977,187.81942749023438,return,return
83.54124450683594,3.980895519256592,identifier,mediaQuery
25.557090759277344,77.6121826171875,.,.
17.453327178955078,29.26038360595703,identifier,append
-18.61280059814453,-83.36768341064453,(,(
98.10507202148438,-1.2266507148742676,identifier,rules
-54.06929016113281,75.50992584228516,),)
-50.409454345703125,127.53180694580078,},}
-55.33210372924805,69.10533905029297,),)
-31.748891830444336,132.97962951660156,},}
-3.1252081394195557,-176.81890869140625,function,function
54.822242736816406,-17.917137145996094,identifier,getFileList
-56.46772384643555,-127.46121215820312,(,(
-130.6875457763672,89.05526733398438,),)
-181.11692810058594,-42.08853530883789,{,{
120.07870483398438,12.115464210510254,identifier,result
50.86825942993164,-128.53741455078125,=,=
-77.99236297607422,-36.01198196411133,",",","
83.31385803222656,-24.173120498657227,identifier,fileNameList
47.26081466674805,-127.10209655761719,=,=
-61.41758346557617,-2.418151378631592,",",","
-78.06365203857422,-37.8564338684082,",",","
147.7322998046875,-7.435675621032715,identifier,cwd
-79.99040222167969,-37.84184646606445,",",","
148.6935577392578,-6.84166955947876,identifier,fileName
-111.33677673339844,-91.57673645019531,for,for
-106.40470886230469,-85.31815338134766,(,(
159.462158203125,9.352039337158203,identifier,i
42.919376373291016,-106.5413589477539,=,=
162.02133178710938,12.592187881469727,identifier,i
27.90642738342285,-66.12847900390625,<,<
110.5455093383789,-21.7694034576416,identifier,dirList
65.05204010009766,85.77201080322266,.,.
103.86087036132812,55.06733322143555,identifier,length
162.91380310058594,14.472095489501953,identifier,i
-132.05923461914062,31.453638076782227,),)
-166.49313354492188,-8.732565879821777,{,{
101.99996948242188,10.925259590148926,identifier,cwd
34.65919494628906,-120.04183197021484,=,=
79.56748962402344,-1.0003997087478638,identifier,paths
47.08888244628906,92.82222747802734,.,.
72.3202133178711,-1.4302833080291748,identifier,temp_dist
-23.6529541015625,29.109527587890625,+,+
110.57942962646484,-21.71876335144043,identifier,dirList
154.09228515625,17.33994483947754,identifier,i
-113.44020080566406,-91.55696105957031,for,for
-104.20106506347656,-86.71401977539062,(,(
134.43197631835938,6.87929105758667,identifier,f
107.46276092529297,-9.591145515441895,identifier,fileNameList
-131.0697784423828,34.35905075073242,),)
-164.34307861328125,-8.749095916748047,{,{
99.72451782226562,8.247429847717285,identifier,fileName
29.266603469848633,-117.84353637695312,=,=
107.51673889160156,-9.602617263793945,identifier,fileNameList
134.44776916503906,6.983567714691162,identifier,f
-115.88948059082031,-117.27641296386719,if,if
-89.44298553466797,-84.38338470458984,(,(
64.93240356445312,27.563825607299805,identifier,grunt
42.23525619506836,91.82467651367188,.,.
73.39042663574219,24.56874656677246,identifier,file
32.39603805541992,75.70903778076172,.,.
61.23938751220703,10.006119728088379,identifier,isFile
-29.27803611755371,-85.8705825805664,(,(
102.12805938720703,-5.347721576690674,identifier,cwd
-28.988061904907227,31.64234733581543,+,+
-21.93299102783203,33.236637115478516,+,+
109.5899429321289,-3.6129677295684814,identifier,fileName
-86.14714050292969,77.53324127197266,),)
-119.3622817993164,40.194908142089844,),)
121.15074920654297,8.584484100341797,identifier,result
24.170743942260742,78.52677154541016,.,.
16.244827270507812,28.53985023498535,identifier,push
-33.73108673095703,-71.35924530029297,(,(
-142.88319396972656,-20.1528377532959,{,{
101.81941223144531,-5.755661487579346,identifier,cwd
102.09996032714844,-5.48798131942749,identifier,cwd
-64.90074157714844,11.113914489746094,",",","
87.52246856689453,-54.34581756591797,identifier,src
110.54955291748047,-2.717790365219116,identifier,fileName
-53.48576354980469,118.6607437133789,},}
-64.32070922851562,67.41707611083984,),)
-47.41962432861328,143.7071075439453,},}
-47.11174392700195,139.58372497558594,},}
23.841609954833984,191.03057861328125,return,return
119.28286743164062,5.491361618041992,identifier,result
-21.649253845214844,136.5362548828125,},}
-14.30102825164795,-178.45620727539062,function,function
-51.64955520629883,-130.29600524902344,(,(
99.48165130615234,-43.85215759277344,identifier,side
-126.70336151123047,88.5929183959961,),)
-179.4993896484375,-39.97936248779297,{,{
88.33255767822266,-28.687986373901367,identifier,me
51.32106399536133,-121.89373016357422,=,=
-77.54314422607422,-34.83757400512695,",",","
79.59711456298828,-24.097110748291016,identifier,hash
47.38150405883789,-126.9167709350586,=,=
-138.4558563232422,-21.94214630126953,{,{
55.71044158935547,-32.670291900634766,identifier,t
60.971988677978516,-4.046552658081055,"""","""top"""
-68.4428482055664,8.67456340789795,",",","
54.938472747802734,-33.07111740112305,identifier,l
60.85403060913086,-3.956775665283203,"""","""left"""
-68.61402130126953,8.513877868652344,",",","
54.32095718383789,-33.43606948852539,identifier,r
60.824668884277344,-3.8941612243652344,"""","""right"""
-69.31636810302734,8.234339714050293,",",","
53.9415283203125,-33.682247161865234,identifier,b
60.83420181274414,-3.8772122859954834,"""","""bottom"""
-56.81550979614258,116.0391845703125,},}
-77.12400817871094,-37.26394271850586,",",","
83.74749755859375,-14.822565078735352,identifier,o
48.528202056884766,-127.76140594482422,=,=
-139.84237670898438,-26.01920509338379,{,{
-61.08602523803711,113.86859893798828,},}
-79.5157470703125,-38.49574279785156,",",","
149.59860229492188,-4.094635486602783,identifier,key
-124.2325439453125,-111.72434997558594,if,if
-101.09107971191406,-76.6290512084961,(,(
99.83052825927734,-43.78105926513672,identifier,side
-129.06967163085938,30.38028335571289,),)
-166.87673950195312,-5.806392669677734,{,{
-113.47791290283203,-89.93623352050781,for,for
-102.94181823730469,-84.8681411743164,(,(
134.93479919433594,9.760527610778809,identifier,key
130.36077880859375,-16.624156951904297,identifier,me
53.658287048339844,93.16139221191406,.,.
87.75336456298828,12.952632904052734,identifier,margins
-125.46635437011719,32.30314636230469,),)
-165.040771484375,-0.7942867875099182,{,{
123.02703094482422,5.278730869293213,identifier,o
88.30355072021484,-5.964887619018555,identifier,hash
134.69740295410156,11.187296867370605,identifier,key
26.1237850189209,-123.94274139404297,=,=
54.473960876464844,1.4597992897033691,identifier,parseFloat
-35.04423904418945,-83.08543395996094,(,(
130.1375732421875,-15.851449012756348,identifier,me
33.80718231201172,76.9379653930664,.,.
67.54986572265625,2.1839780807495117,identifier,getStyle
-34.281700134277344,-83.9161605834961,(,(
130.6686553955078,-16.089296340942383,identifier,me
49.089420318603516,96.1920394897461,.,.
87.75205993652344,12.95745849609375,identifier,margins
134.85064697265625,11.36887264251709,identifier,key
-84.79708862304688,80.9787368774414,),)
-75.80306243896484,79.75676727294922,),)
-7.402889251708984,-25.327816009521484,||,||
-53.49650192260742,148.0970458984375,},}
20.02716064453125,190.37725830078125,return,return
122.0911636352539,4.5428595542907715,identifier,o
-62.5147819519043,141.30555725097656,},}
-73.73304748535156,139.65623474121094,else,else
-156.9798126220703,-5.478775501251221,{,{
19.44784927368164,186.656982421875,return,return
130.20559692382812,-15.160421371459961,identifier,me
32.099037170410156,85.45568084716797,.,.
70.75956726074219,6.61922025680542,identifier,addStyles
24.58772087097168,72.84233856201172,.,.
22.81782341003418,12.029437065124512,identifier,call
-26.79975128173828,-81.46700286865234,(,(
131.04547119140625,-14.394939422607422,identifier,me
-45.193668365478516,2.184373617172241,",",","
99.68473815917969,-43.671749114990234,identifier,side
-44.657588958740234,4.307826995849609,",",","
131.0857696533203,-15.913458824157715,identifier,me
45.88578796386719,103.44755554199219,.,.
87.7417221069336,12.960465431213379,identifier,margins
-69.23240661621094,68.09819030761719,),)
-47.74726486206055,146.08734130859375,},}
-29.53465461730957,135.15122985839844,},}
-14.856034278869629,-179.71392822265625,function,function
-54.832000732421875,-127.19255828857422,(,(
-129.94442749023438,87.67790985107422,),)
-178.7030029296875,-38.25874710083008,{,{
-124.61412048339844,-105.0282211303711,if,if
-100.93544006347656,-70.8148422241211,(,(
58.473846435546875,84.04714965820312,.,.
73.73743438720703,-5.231380939483643,identifier,isDestroyed
-124.43688201904297,23.788074493408203,),)
-168.75917053222656,7.542834758758545,{,{
12.563735961914062,189.52085876464844,return,return
-60.86536407470703,151.81040954589844,},}
84.97360229492188,-27.967798233032227,identifier,args
44.80058288574219,-120.35741424560547,=,=
40.262481689453125,11.725894927978516,identifier,_
41.09983825683594,69.48465728759766,.,.
48.33216094970703,-1.9698535203933716,identifier,toArray
-47.44070053100586,-86.60546875,(,(
107.64554595947266,-63.80791091918945,identifier,arguments
-70.36264038085938,87.9463119506836,),)
40.83416748046875,83.61266326904297,.,.
73.4810562133789,-18.56214714050293,identifier,triggerMethod
40.078914642333984,63.49599838256836,.,.
24.48233985900879,10.489253997802734,identifier,apply
-44.045166015625,-81.34452056884766,(,(
-51.76094055175781,-10.416128158569336,",",","
28.517230987548828,63.96112823486328,.,.
42.759544372558594,29.126815795898438,identifier,concat
-36.53276443481445,-90.70829772949219,(,(
112.3586196899414,-43.740169525146484,identifier,args
-83.96395874023438,85.53308868408203,),)
-65.71238708496094,82.22191619873047,),)
33.8838996887207,99.11736297607422,.,.
73.71482849121094,-5.077301979064941,identifier,isDestroyed
23.68115997314453,-133.0819091796875,=,=
40.38606262207031,84.27542877197266,.,.
73.48738098144531,-18.560083389282227,identifier,triggerMethod
39.50749588012695,63.320167541503906,.,.
24.626060485839844,10.496315002441406,identifier,apply
-37.026851654052734,-80.09434509277344,(,(
-47.73801803588867,-5.236741065979004,",",","
28.385908126831055,64.19783020019531,.,.
42.76409149169922,29.132518768310547,identifier,concat
-36.36681365966797,-90.70118713378906,(,(
112.21906280517578,-44.04704666137695,identifier,args
-84.82194519042969,81.90530395507812,),)
-65.81733703613281,76.04511260986328,),)
30.396894454956055,84.88739776611328,.,.
66.76473999023438,8.728429794311523,identifier,unbindUIElements
-26.765605926513672,-95.10582733154297,(,(
-76.68592834472656,68.07515716552734,),)
31.24156951904297,94.1622543334961,.,.
76.2533187866211,15.53167724609375,identifier,isRendered
22.1924991607666,-131.53509521484375,=,=
28.905651092529297,84.5247802734375,.,.
62.496524810791016,16.841012954711914,identifier,remove
-25.61952018737793,-94.66722869873047,(,(
-76.48204040527344,67.0335464477539,),)
40.01749038696289,12.579727172851562,identifier,_
28.835737228393555,81.93753814697266,.,.
66.84793853759766,10.557613372802734,identifier,invoke
-25.593767166137695,-82.48104095458984,(,(
35.70064926147461,89.69386291503906,.,.
78.98890686035156,3.474061965942383,identifier,_behaviors
-39.05929183959961,5.745657920837402,",",","
-41.717308044433594,7.582444190979004,",",","
112.0712890625,-44.625221252441406,identifier,args
-68.96734619140625,66.53043365478516,),)
22.056028366088867,193.26473999023438,return,return
-24.516836166381836,135.9495086669922,},}
-5.431711196899414,-175.7089385986328,function,function
55.25922775268555,-20.69268798828125,identifier,htmlDependencies
-56.57585906982422,-135.6844940185547,(,(
90.17112731933594,-45.098358154296875,identifier,file
-75.70648193359375,-13.316550254821777,",",","
98.16600799560547,-47.66690444946289,identifier,instance
-80.24313354492188,-11.856518745422363,",",","
119.27496337890625,-59.159820556640625,identifier,options
-122.67243957519531,95.45056915283203,),)
-185.11900329589844,-38.8846435546875,{,{
86.62140655517578,-30.594310760498047,identifier,dependencies
44.591651916503906,-122.31212615966797,=,=
64.82432556152344,-9.190117835998535,identifier,walkDependencies
-45.26570510864258,-84.5550537109375,(,(
106.26981353759766,-20.917526245117188,identifier,file
-54.4503059387207,-8.8816499710083,",",","
134.3329315185547,-33.44297409057617,identifier,instance
54.05026626586914,89.44046020507812,.,.
65.96040344238281,-11.770089149475098,identifier,htmlRules
-70.07575988769531,87.53316497802734,),)
65.26934051513672,-8.806441307067871,identifier,correctDependencies
-42.774635314941406,-81.74712371826172,(,(
106.63479614257812,-20.657936096191406,identifier,file
-54.40864181518555,-6.789727210998535,",",","
92.77567291259766,-27.575498580932617,identifier,dependencies
-54.66822052001953,-6.021285533905029,",",","
134.30918884277344,-33.32991409301758,identifier,instance
53.8290901184082,90.28704071044922,.,.
73.67774200439453,-9.917756080627441,identifier,correctDependency
-69.44100952148438,84.82482147216797,),)
65.20085144042969,-8.668049812316895,identifier,filterDependencies
-42.354942321777344,-81.63069152832031,(,(
106.79024505615234,-20.64336585998535,identifier,file
-53.93361282348633,-6.4515700340271,",",","
92.79304504394531,-27.467525482177734,identifier,dependencies
-54.26279067993164,-5.473413467407227,",",","
134.36660766601562,-33.22142028808594,identifier,instance
53.7359504699707,90.65773010253906,.,.
73.75822448730469,-9.866437911987305,identifier,filterDependency
-68.78631591796875,81.8515853881836,),)
-120.02690887451172,-114.44326782226562,if,if
-92.46220397949219,-78.549560546875,(,(
128.0141143798828,-52.341949462890625,identifier,options
58.12226104736328,94.13968658447266,.,.
59.69710159301758,3.0298900604248047,identifier,process
-124.11614227294922,34.699485778808594,),)
-163.8641815185547,1.0999011993408203,{,{
126.79444122314453,-55.56336212158203,identifier,options
33.12263870239258,80.84806823730469,.,.
59.703514099121094,3.0421559810638428,identifier,process
-36.90656280517578,-84.89655303955078,(,(
107.21305084228516,-20.281526565551758,identifier,file
-49.551578521728516,-1.5792791843414307,",",","
92.97364044189453,-27.330467224121094,identifier,dependencies
-70.70513153076172,76.9753189086914,),)
-56.61428451538086,148.2112274169922,},}
-119.87139892578125,-118.18685913085938,if,if
-90.50040435791016,-80.07857513427734,(,(
128.6609344482422,-52.502159118652344,identifier,options
59.462440490722656,95.720703125,.,.
68.87326049804688,18.2106876373291,identifier,rename
-126.91548919677734,37.04600524902344,),)
-160.3618927001953,-2.925370454788208,{,{
67.35221099853516,7.323086738586426,identifier,renameDependencies
-28.728235244750977,-79.98236846923828,(,(
107.4852294921875,-20.150665283203125,identifier,file
-46.31237030029297,0.8424310088157654,",",","
93.19239044189453,-27.202363967895508,identifier,dependencies
-47.741859436035156,-11.510966300964355,",",","
-19.90267562866211,-166.6637725830078,function,function
-44.22793197631836,-121.93663787841797,(,(
115.4049072265625,-6.982032775878906,identifier,dependency
-115.60234069824219,83.88494110107422,),)
-161.10057067871094,-18.591594696044922,{,{
18.530960083007812,185.39266967773438,return,return
127.79327392578125,-56.212669372558594,identifier,options
31.169300079345703,81.51698303222656,.,.
68.84351348876953,18.170228958129883,identifier,rename
-24.769084930419922,-81.24848175048828,(,(
107.57481384277344,-19.96051788330078,identifier,file
-44.206356048583984,3.032308578491211,",",","
116.02123260498047,-5.189486980438232,identifier,dependency
-44.121524810791016,4.031339645385742,",",","
134.9464111328125,-33.917964935302734,identifier,instance
48.84339904785156,103.75978088378906,.,.
79.60678100585938,9.61793041229248,identifier,hashMap
-43.56962203979492,4.63344144821167,",",","
134.8123321533203,-33.7601432800293,identifier,instance
46.53457260131836,103.80806732177734,.,.
79.5702133178711,9.49129581451416,identifier,dependencyMap
-69.09837341308594,67.43438720703125,),)
-46.996700286865234,124.86175537109375,},}
-57.72399139404297,66.92657470703125,),)
-46.83503341674805,143.81626892089844,},}
-28.855363845825195,136.05029296875,},}
-3.041409492492676,-175.21511840820312,function,function
55.86745834350586,-18.439746856689453,identifier,getLanguagePriority
-57.338199615478516,-136.00953674316406,(,(
92.49188995361328,-38.964759826660156,identifier,language
-76.39103698730469,-13.145834922790527,",",","
102.20037078857422,-48.356666564941406,identifier,accepted
-80.70268249511719,-11.660466194152832,",",","
120.62619018554688,29.6149845123291,identifier,index
-123.64501190185547,96.504638671875,),)
-185.82315063476562,-39.95077896118164,{,{
89.189697265625,-24.549896240234375,identifier,priority
47.65312576293945,-126.27220916748047,=,=
-138.81500244140625,-22.050800323486328,{,{
55.93994903564453,-31.82713508605957,identifier,o
-67.96931457519531,7.514410495758057,",",","
55.596702575683594,-34.89772033691406,identifier,q
-68.41696166992188,7.243497848510742,",",","
53.20984649658203,-32.98075485229492,identifier,s
-56.119773864746094,115.48992156982422,},}
-111.46672058105469,-90.87108612060547,for,for
-106.85332489013672,-85.79606628417969,(,(
158.78662109375,8.565403938293457,identifier,i
43.45341110229492,-105.77713012695312,=,=
162.5546417236328,12.108248710632324,identifier,i
28.701072692871094,-66.07344055175781,<,<
106.97926330566406,-46.46289825439453,identifier,accepted
64.0258560180664,85.17704772949219,.,.
103.66020965576172,54.547157287597656,identifier,length
163.6691131591797,14.706029891967773,identifier,i
-132.4095916748047,30.857154846191406,),)
-166.84823608398438,-9.698040962219238,{,{
90.42723846435547,-15.43855094909668,identifier,spec
37.753936767578125,-116.7376480102539,=,=
50.48814010620117,-11.489713668823242,identifier,specify
-39.59224319458008,-81.63011932373047,(,(
92.76195526123047,-38.23051834106445,identifier,language
-52.11921310424805,-4.890543460845947,",",","
105.92890167236328,-45.854576110839844,identifier,accepted
154.14169311523438,18.0974178314209,identifier,i
-53.38393783569336,-2.3756229877471924,",",","
121.42351531982422,27.41695213317871,identifier,index
-69.21966552734375,80.93158721923828,),)
-118.10504913330078,-114.69406127929688,if,if
-93.44708251953125,-80.60257720947266,(,(
134.5397186279297,-25.51547622680664,identifier,spec
-19.5081844329834,-23.200647354125977,&&,&&
-60.74093246459961,-78.76302337646484,(,(
125.3722915649414,-8.044970512390137,identifier,priority
58.31290817260742,100.8783950805664,.,.
92.55010223388672,28.152339935302734,identifier,s
131.93606567382812,-26.570255279541016,identifier,spec
54.87486267089844,99.29823303222656,.,.
91.55854034423828,27.404273986816406,identifier,s
-10.276577949523926,-24.679353713989258,||,||
126.15721893310547,-7.2649993896484375,identifier,priority
56.626712799072266,102.38492584228516,.,.
89.79032135009766,30.777870178222656,identifier,q
131.19598388671875,-26.497398376464844,identifier,spec
53.95699691772461,101.13803100585938,.,.
89.26978302001953,29.659027099609375,identifier,q
-10.638346672058105,-23.91135597229004,||,||
125.8458251953125,-6.623497486114502,identifier,priority
55.52629470825195,102.30655670166016,.,.
92.79181671142578,31.697145462036133,identifier,o
130.26290893554688,-26.378433227539062,identifier,spec
51.492530822753906,102.10783386230469,.,.
93.98614501953125,31.282564163208008,identifier,o
-78.78321075439453,78.88520050048828,),)
26.32351303100586,-59.58012771606445,<,<
-130.14793395996094,38.60285949707031,),)
-159.57864379882812,0.5779794454574585,{,{
124.67337799072266,-4.355808258056641,identifier,priority
22.723342895507812,-123.63773345947266,=,=
121.37034606933594,-1.69742751121521,identifier,spec
-50.21757125854492,147.05490112304688,},}
-49.49684143066406,140.81146240234375,},}
22.08220100402832,190.6339569091797,return,return
123.22964477539062,-3.6533219814300537,identifier,priority
-21.268857955932617,138.8765106201172,},}
-3.3368234634399414,-175.0952911376953,function,function
56.10014724731445,-18.66060447692871,identifier,getCharsetPriority
-58.129493713378906,-136.31321716308594,(,(
91.3331069946289,-38.408206939697266,identifier,charset
-77.42192077636719,-12.169206619262695,",",","
102.19607543945312,-48.335968017578125,identifier,accepted
-81.96778869628906,-11.80876350402832,",",","
120.6226577758789,29.542346954345703,identifier,index
-122.8591537475586,97.3331527709961,),)
-186.27322387695312,-39.770545959472656,{,{
89.22396087646484,-24.48870277404785,identifier,priority
47.57062911987305,-126.31441497802734,=,=
-138.88414001464844,-22.05589485168457,{,{
55.933258056640625,-31.83513641357422,identifier,o
-67.92155456542969,7.536730766296387,",",","
55.59482192993164,-34.91948318481445,identifier,q
-68.69355010986328,7.295671463012695,",",","
53.15050506591797,-32.9655647277832,identifier,s
-56.125762939453125,115.56719970703125,},}
-111.63331604003906,-91.07876586914062,for,for
-106.57730865478516,-85.72796630859375,(,(
159.13583374023438,8.968961715698242,identifier,i
43.0325927734375,-105.99600982666016,=,=
162.1202850341797,12.231494903564453,identifier,i
28.359905242919922,-65.82652282714844,<,<
107.02037048339844,-46.44364547729492,identifier,accepted
64.19098663330078,85.76765441894531,.,.
104.24774169921875,54.62675857543945,identifier,length
163.25662231445312,14.924192428588867,identifier,i
-132.1844940185547,31.158201217651367,),)
-166.54086303710938,-9.603323936462402,{,{
90.49903106689453,-15.414910316467285,identifier,spec
37.5463752746582,-116.58029174804688,=,=
50.488895416259766,-11.483759880065918,identifier,specify
-39.50547409057617,-81.53905487060547,(,(
91.91942596435547,-37.92247772216797,identifier,charset
-51.983856201171875,-4.798764705657959,",",","
105.90618896484375,-45.94635009765625,identifier,accepted
154.4285125732422,17.937408447265625,identifier,i
-53.04639434814453,-2.2006990909576416,",",","
121.43366241455078,27.387331008911133,identifier,index
-69.29105377197266,80.41587829589844,),)
-117.95403289794922,-115.10254669189453,if,if
-93.03086853027344,-80.82696533203125,(,(
134.5311737060547,-25.505460739135742,identifier,spec
-19.680194854736328,-23.08362579345703,&&,&&
-60.79387664794922,-78.71260070800781,(,(
125.38729095458984,-8.049931526184082,identifier,priority
58.18785095214844,100.78365325927734,.,.
92.43539428710938,28.063262939453125,identifier,s
131.9646759033203,-26.544544219970703,identifier,spec
54.884525299072266,99.41851043701172,.,.
91.4815902709961,27.370027542114258,identifier,s
-10.270889282226562,-24.607440948486328,||,||
126.04764556884766,-7.229980945587158,identifier,priority
56.633235931396484,102.28890228271484,.,.
89.74322509765625,30.674652099609375,identifier,q
131.2163543701172,-26.33609962463379,identifier,spec
54.27219009399414,100.96514892578125,.,.
89.25027465820312,29.63019561767578,identifier,q
-10.69862174987793,-23.965993881225586,||,||
125.65705871582031,-6.795436382293701,identifier,priority
55.89269256591797,102.69215393066406,.,.
92.84225463867188,31.669862747192383,identifier,o
130.37086486816406,-26.400129318237305,identifier,spec
51.470027923583984,102.0232162475586,.,.
93.97216796875,31.285812377929688,identifier,o
-78.80827331542969,78.83512115478516,),)
26.30742835998535,-59.64362716674805,<,<
-130.11363220214844,38.72398376464844,),)
-159.43934631347656,0.5665187835693359,{,{
124.63333129882812,-4.3629536628723145,identifier,priority
22.86986541748047,-123.65338134765625,=,=
121.36427307128906,-1.6972590684890747,identifier,spec
-49.97284698486328,147.36648559570312,},}
-49.68965530395508,140.308349609375,},}
22.759429931640625,190.4073944091797,return,return
123.21881103515625,-3.6355183124542236,identifier,priority
-22.32923126220703,138.53619384765625,},}
-3.0396859645843506,-175.00161743164062,function,function
56.053924560546875,-18.37552833557129,identifier,getMediaTypePriority
-57.69615173339844,-136.0742950439453,(,(
91.79246520996094,-40.61594009399414,identifier,type
-76.78126525878906,-12.68717098236084,",",","
102.18236541748047,-48.322811126708984,identifier,accepted
-81.2812271118164,-11.684953689575195,",",","
120.64764404296875,29.60738754272461,identifier,index
-123.2104721069336,96.89311218261719,),)
-185.99525451660156,-39.84001922607422,{,{
89.1937026977539,-24.54229164123535,identifier,priority
47.62593460083008,-126.27800750732422,=,=
-138.82786560058594,-22.044694900512695,{,{
55.93441390991211,-31.824392318725586,identifier,o
-67.9096908569336,7.509777545928955,",",","
55.599822998046875,-34.912532806396484,identifier,q
-68.54441833496094,7.230160713195801,",",","
53.17934036254883,-32.96891403198242,identifier,s
-56.12629699707031,115.49742126464844,},}
-111.53543853759766,-90.87907409667969,for,for
-106.76795196533203,-85.71402740478516,(,(
158.8693084716797,8.687047958374023,identifier,i
43.32743453979492,-105.69340515136719,=,=
162.3430938720703,11.97180461883545,identifier,i
28.741676330566406,-65.87238311767578,<,<
107.0069351196289,-46.45487976074219,identifier,accepted
64.00119018554688,85.32534790039062,.,.
103.90744018554688,54.48940658569336,identifier,length
163.52784729003906,14.834704399108887,identifier,i
-132.28028869628906,30.944665908813477,),)
-166.71859741210938,-9.647130966186523,{,{
90.4583511352539,-15.422361373901367,identifier,spec
37.70400619506836,-116.68946075439453,=,=
50.48950958251953,-11.486461639404297,identifier,specify
-39.56453323364258,-81.6199951171875,(,(
93.09822845458984,-37.601993560791016,identifier,type
-52.09339904785156,-4.850781440734863,",",","
105.91226196289062,-45.86192321777344,identifier,accepted
154.159423828125,18.061317443847656,identifier,i
-53.30982208251953,-2.336139440536499,",",","
121.44304656982422,27.416046142578125,identifier,index
-69.2552490234375,80.81172943115234,),)
-118.05300903320312,-114.76459503173828,if,if
-93.34898376464844,-80.62702178955078,(,(
134.5386505126953,-25.513429641723633,identifier,spec
-19.56032943725586,-23.172924041748047,&&,&&
-60.75788879394531,-78.74246978759766,(,(
125.37283325195312,-8.062207221984863,identifier,priority
58.30952453613281,100.86798095703125,.,.
92.53736877441406,28.139419555664062,identifier,s
131.95852661132812,-26.556882858276367,identifier,spec
54.83024978637695,99.32483673095703,.,.
91.5431137084961,27.401081085205078,identifier,s
-10.27330493927002,-24.666440963745117,||,||
126.14678955078125,-7.279029369354248,identifier,priority
56.65135955810547,102.39212799072266,.,.
89.78433227539062,30.76953887939453,identifier,q
131.20693969726562,-26.477888107299805,identifier,spec
53.99952697753906,101.11801147460938,.,.
89.25940704345703,29.638954162597656,identifier,q
-10.647846221923828,-23.929370880126953,||,||
125.82293701171875,-6.6333112716674805,identifier,priority
55.57905197143555,102.37142181396484,.,.
92.79156494140625,31.69584846496582,identifier,o
130.2653045654297,-26.389591217041016,identifier,spec
51.468727111816406,102.11528015136719,.,.
93.98450469970703,31.281726837158203,identifier,o
-78.79254913330078,78.86951446533203,),)
26.326765060424805,-59.60335159301758,<,<
-130.1466064453125,38.642601013183594,),)
-159.53456115722656,0.5726897716522217,{,{
124.6646957397461,-4.354693412780762,identifier,priority
22.75510597229004,-123.6338882446289,=,=
121.36310577392578,-1.6927129030227661,identifier,spec
-50.166786193847656,147.05389404296875,},}
-49.54291915893555,140.75791931152344,},}
22.202680587768555,190.59364318847656,return,return
123.22286224365234,-3.642174243927002,identifier,priority
-21.389610290527344,138.81591796875,},}
-7.575927734375,-179.99606323242188,function,function
58.00965881347656,-20.878435134887695,identifier,Channel
-53.220787048339844,-134.0787811279297,(,(
92.08761596679688,-46.06393814086914,identifier,connection
-76.39205932617188,-16.65941047668457,",",","
84.47221374511719,-44.02262878417969,identifier,name
-79.7855224609375,-13.709885597229004,",",","
118.44613647460938,-58.6625862121582,identifier,options
-124.53962707519531,93.72479248046875,),)
-185.5626678466797,-45.15168762207031,{,{
121.62348175048828,-57.66419219970703,identifier,options
-6.898056983947754,-28.832326889038086,||,||
-58.61391830444336,-81.21123504638672,(,(
121.4540023803711,-58.289329528808594,identifier,options
43.35306930541992,-129.112060546875,=,=
-139.2669219970703,-26.7283992767334,{,{
-61.50609588623047,115.4788818359375,},}
-67.54216003417969,86.42903900146484,),)
124.21263122558594,-52.7564811706543,identifier,options
34.56358337402344,102.13607788085938,.,.
68.4603500366211,-14.080933570861816,identifier,capped
25.42717742919922,-133.4493865966797,=,=
124.37136840820312,-52.74720764160156,identifier,options
34.99955749511719,101.94390106201172,.,.
69.13994598388672,-14.205842971801758,identifier,autoIndexId
25.464555740356445,-133.57257080078125,=,=
124.7905044555664,-52.75955581665039,identifier,options
55.623165130615234,90.55315399169922,.,.
73.41735076904297,-14.339953422546387,identifier,size
-8.769036293029785,-27.769527435302734,||,||
-58.950462341308594,-80.69463348388672,(,(
125.41816711425781,-53.0609245300293,identifier,options
55.6256103515625,89.79613494873047,.,.
73.41473388671875,-14.348126411437988,identifier,size
32.75242233276367,-128.1011962890625,=,=
-68.13725280761719,84.98312377929688,),)
124.63409423828125,-53.63301467895508,identifier,options
35.13779067993164,100.91419982910156,.,.
70.24618530273438,-5.045004367828369,identifier,strict
24.96002769470215,-133.15789794921875,=,=
33.398311614990234,98.84317779541016,.,.
123.31126403808594,-56.21385192871094,identifier,options
27.71565055847168,-130.64682006835938,=,=
124.14661407470703,-57.28158187866211,identifier,options
32.902896881103516,98.01637268066406,.,.
96.98957824707031,-16.206897735595703,identifier,connection
27.387149810791016,-130.33978271484375,=,=
97.02450561523438,-16.247737884521484,identifier,connection
32.452674865722656,96.95123291015625,.,.
76.97179412841797,16.660696029663086,identifier,closed
23.213411331176758,-132.08460998535156,=,=
32.306243896484375,96.74418640136719,.,.
71.66890716552734,19.06099510192871,identifier,listening
23.10265350341797,-131.9313201904297,=,=
31.55898666381836,96.8951644897461,.,.
127.09503936767578,15.998954772949219,identifier,name
27.185733795166016,-126.35273742675781,=,=
127.65306854248047,15.50423526763916,identifier,name
-6.794523239135742,-26.101884841918945,||,||
29.442651748657227,84.28791046142578,.,.
56.662841796875,11.635567665100098,identifier,create
-23.6290225982666,-96.13906860351562,(,(
-77.43746185302734,71.06190490722656,),)
30.23378562927246,82.50975036621094,.,.
71.62645721435547,19.02708625793457,identifier,listen
-25.13848304748535,-95.29633331298828,(,(
-76.48735809326172,67.15913391113281,),)
29.024789810180664,83.71721649169922,.,.
75.60636901855469,11.671109199523926,identifier,setMaxListeners
-17.32874870300293,-83.8438720703125,(,(
-72.57420349121094,67.73722839355469,),)
-22.866579055786133,140.03097534179688,},}
-7.29500150680542,-173.53086853027344,function,function
52.93233871459961,-15.551279067993164,identifier,expire
-54.62569046020508,-138.20248413085938,(,(
-137.07061767578125,-19.685731887817383,{,{
96.25203704833984,-51.77843475341797,identifier,payload
-75.30561065673828,-11.261868476867676,",",","
77.87879180908203,-42.57672882080078,identifier,meta
44.70907211303711,-129.92919921875,=,=
-138.3079071044922,-27.26690673828125,{,{
-62.420658111572266,116.05937194824219,},}
-57.86636734008789,115.01217651367188,},}
-83.77212524414062,-9.741008758544922,",",","
-136.30958557128906,-19.422698974609375,{,{
75.96859741210938,-49.815582275390625,identifier,dispatch
-57.47492599487305,114.16876983642578,},}
-121.62779998779297,98.91178894042969,),)
-186.76507568359375,-37.2728385925293,{,{
-135.091552734375,-19.69976234436035,{,{
94.96529388427734,-24.429500579833984,identifier,service
-56.83148193359375,111.8052749633789,},}
46.47074890136719,-115.15625,=,=
96.3451156616211,-51.89530563354492,identifier,payload
-135.2025909423828,-19.72805404663086,{,{
82.00607299804688,-37.1012077331543,identifier,ident
-56.82649612426758,111.72403717041016,},}
46.28487014770508,-115.14553833007812,=,=
77.57292175292969,-42.28232192993164,identifier,meta
-127.51734161376953,-113.50260162353516,if,if
-101.10845184326172,-75.3768539428711,(,(
96.21595764160156,-24.303194046020508,identifier,service
-122.2300033569336,26.965072631835938,),)
-167.31544494628906,6.261105537414551,{,{
13.297086715698242,187.4814453125,return,return
43.83008575439453,-9.772392272949219,identifier,createError
-37.25479507446289,-66.06465148925781,(,(
-58.58964920043945,80.59253692626953,),)
-56.56002426147461,137.7480010986328,},}
-120.29444885253906,-111.79647064208984,if,if
-97.41148376464844,-80.32728576660156,(,(
121.27693176269531,-34.30860900878906,identifier,payload
56.762046813964844,92.16558837890625,.,.
68.59342956542969,-5.914597511291504,identifier,endpoint
-123.17514038085938,30.387855529785156,),)
-165.62002563476562,4.566329479217529,{,{
14.288820266723633,187.5840301513672,return,return
43.85858154296875,-9.700562477111816,identifier,createError
-36.55504608154297,-66.20194244384766,(,(
95.21673583984375,-23.212310791015625,identifier,service
-49.83559799194336,106.55741882324219,},}
-58.584625244140625,80.0461196899414,),)
-56.06102752685547,137.50196838378906,},}
-120.7499008178711,-115.95647430419922,if,if
-96.49331665039062,-81.43017578125,(,(
121.3733139038086,-34.317237854003906,identifier,payload
55.35679244995117,95.57857513427734,.,.
76.57576751708984,33.61625289916992,identifier,type
-123.51624298095703,34.835243225097656,),)
-162.93380737304688,4.022377967834473,{,{
15.154266357421875,187.69935607910156,return,return
43.877838134765625,-9.645039558410645,identifier,createError
-36.261409759521484,-66.25286102294922,(,(
95.11890411376953,-23.17512321472168,identifier,service
-49.97186279296875,106.64192199707031,},}
-58.49897003173828,79.34938049316406,),)
-55.310516357421875,137.04139709472656,},}
113.43799591064453,10.906168937683105,identifier,response
30.601789474487305,-114.1887435913086,=,=
65.81951141357422,6.109580039978027,identifier,getExpired
-30.146059036254883,-82.21281433105469,(,(
121.87838745117188,-34.57543182373047,identifier,payload
-47.22039794921875,1.0303527116775513,",",","
100.66144561767578,-10.793898582458496,identifier,ident
-50.02296829223633,2.284001588821411,",",","
74.93946075439453,-49.52763366699219,identifier,dispatch
-55.58765411376953,78.32801055908203,),)
21.018404006958008,185.37452697753906,return,return
65.74028778076172,6.272867202758789,identifier,deleteExpired
-26.090375900268555,-81.15107727050781,(,(
114.02621459960938,9.342744827270508,identifier,response
-45.29441833496094,2.4887969493865967,",",","
94.16670227050781,-23.462913513183594,identifier,service
-45.05790710449219,3.0408596992492676,",",","
100.6669921875,-10.799596786499023,identifier,ident
-46.86537170410156,6.014795303344727,",",","
74.89479064941406,-49.53659439086914,identifier,dispatch
-55.099822998046875,75.33740234375,),)
-33.215126037597656,134.0781707763672,},}
-4.152548313140869,-174.2053985595703,function,function
52.85078811645508,-17.956645965576172,identifier,writePath
-55.21134948730469,-135.92506408691406,(,(
90.2867660522461,-43.18024444580078,identifier,parentDir
-75.1221694946289,-14.693873405456543,",",","
94.06548309326172,-41.10015106201172,identifier,path
-79.29888153076172,-11.996622085571289,",",","
75.75499725341797,-43.46273422241211,identifier,data
-123.11051940917969,95.01127624511719,),)
-185.04049682617188,-39.65226364135742,{,{
82.73429107666016,-27.21483612060547,identifier,files
46.003517150878906,-121.07596588134766,=,=
105.3546371459961,-37.149749755859375,identifier,path
34.297767639160156,61.536582946777344,.,.
37.90073776245117,36.448482513427734,identifier,split
-21.37840461730957,-65.68173217773438,(,(
-71.09669494628906,90.38739776611328,),)
87.91445922851562,-21.006240844726562,identifier,file
43.99734115600586,-118.69458770751953,=,=
110.80736541748047,-26.999767303466797,identifier,files
34.50811767578125,59.66949462890625,.,.
32.640682220458984,20.95253562927246,identifier,shift
-29.459369659423828,-100.93800354003906,(,(
-68.22528076171875,93.89707946777344,),)
-123.32704162597656,-109.32659149169922,if,if
-100.72447204589844,-75.28902435302734,(,(
114.0320816040039,-23.56324005126953,identifier,parentDir
106.10932159423828,-18.300121307373047,identifier,file
-117.97942352294922,38.33588790893555,),)
114.19835662841797,-23.142623901367188,identifier,parentDir
106.2544937133789,-18.152603149414062,identifier,file
31.352516174316406,-129.71038818359375,=,=
-139.93560791015625,-21.728078842163086,{,{
59.69091796875,-39.607112884521484,identifier,content
-67.04109191894531,7.984894275665283,",",","
79.82625579833984,-7.06331729888916,identifier,tree
-140.8115692138672,-25.82454490661621,{,{
-60.377384185791016,116.53255462646484,},}
-55.55851364135742,116.17724609375,},}
-120.05287170410156,-114.31416320800781,if,if
-93.71393585205078,-78.79556274414062,(,(
111.06147003173828,-25.688091278076172,identifier,files
67.29410552978516,85.48414611816406,.,.
103.7467269897461,56.69464111328125,identifier,length
28.660505294799805,-53.76313781738281,>,>
-124.82711029052734,34.25370788574219,),)
-164.00491333007812,-0.40935447812080383,{,{
63.15891647338867,1.9024323225021362,identifier,writePath
-33.067039489746094,-80.04895782470703,(,(
114.3214340209961,-22.545202255249023,identifier,parentDir
106.54267120361328,-17.73885154724121,identifier,file
53.968807220458984,97.32911682128906,.,.
79.84403228759766,-7.035121917724609,identifier,tree
-47.40494155883789,-2.7081408500671387,",",","
111.12184143066406,-25.561796188354492,identifier,files
28.64727783203125,68.0180435180664,.,.
44.92710876464844,34.36436462402344,identifier,join
-21.366249084472656,-69.96971130371094,(,(
-82.45164489746094,76.0006332397461,),)
-50.35468673706055,3.601609945297241,",",","
73.6428451538086,-44.157859802246094,identifier,data
-68.33245849609375,74.88607025146484,),)
-62.22022247314453,143.95932006835938,},}
-75.87544250488281,137.86842346191406,else,else
-121.27706146240234,-119.38211822509766,if,if
-88.71641540527344,-80.26704406738281,(,(
73.46248626708984,-44.16846466064453,identifier,data
-126.2356185913086,38.59748077392578,),)
-158.83717346191406,-2.3857438564300537,{,{
114.2005844116211,-22.49959945678711,identifier,parentDir
106.68087005615234,-17.524709701538086,identifier,file
32.77276611328125,92.75223541259766,.,.
59.16034698486328,-40.00975036621094,identifier,content
23.437108993530273,-125.28059387207031,=,=
73.53264617919922,-44.15505599975586,identifier,data
28.704010009765625,72.44453430175781,.,.
56.868900299072266,16.396093368530273,identifier,toString
-25.602020263671875,-98.59634399414062,(,(
-77.34310150146484,66.51214599609375,),)
-48.24110794067383,146.03662109375,},}
-29.67915153503418,135.07470703125,},}
-5.109634876251221,-175.2161102294922,function,function
51.3679313659668,-18.836849212646484,identifier,recurse
-54.77748489379883,-135.44374084472656,(,(
89.69560241699219,-43.10099792480469,identifier,dims
-75.53083038330078,-15.004960060119629,",",","
90.64566040039062,-48.14348220825195,identifier,d
-79.57232666015625,-11.517937660217285,",",","
77.57638549804688,-48.030391693115234,identifier,draw
-124.05369567871094,95.72462463378906,),)
-184.97337341308594,-40.33873748779297,{,{
118.87619018554688,13.794391632080078,identifier,out
50.45718002319336,-127.81559753417969,=,=
151.20359802246094,-6.207474708557129,identifier,len
156.8496856689453,5.057798385620117,identifier,i
107.63016510009766,35.75941848754883,identifier,len
40.084476470947266,-123.8007583618164,=,=
110.64974975585938,-29.74814796447754,identifier,dims
132.6427001953125,-8.796073913574219,identifier,d
132.98646545410156,-8.23413372039795,identifier,d
-123.87866973876953,-110.60315704345703,if,if
-96.27914428710938,-74.43526458740234,(,(
132.94842529296875,-8.12270450592041,identifier,d
29.078819274902344,-64.70265197753906,<,<
110.7649917602539,-29.979076385498047,identifier,dims
63.350799560546875,85.31739807128906,.,.
104.50665283203125,54.15744400024414,identifier,length
-128.84034729003906,29.28366470336914,),)
-167.5013427734375,-6.11339807510376,{,{
-113.27064514160156,-89.534912109375,for,for
-103.90029907226562,-84.78107452392578,(,(
159.67665100097656,10.804153442382812,identifier,i
42.38359451293945,-107.37443542480469,=,=
161.5292205810547,13.363896369934082,identifier,i
26.817686080932617,-66.55851745605469,<,<
109.328369140625,38.20933151245117,identifier,len
162.03887939453125,14.88241958618164,identifier,i
-124.98898315429688,31.87053680419922,),)
-165.03517150878906,-0.7192612290382385,{,{
123.75942993164062,6.093362331390381,identifier,out
21.013368606567383,77.55662536621094,.,.
15.528719902038574,27.064489364624023,identifier,push
-37.975250244140625,-73.5782699584961,(,(
63.247005462646484,1.3406336307525635,identifier,recurse
-34.691123962402344,-81.77029418945312,(,(
110.3858413696289,-30.364696502685547,identifier,dims
-50.11003494262695,-3.2703709602355957,",",","
132.34616088867188,-7.597268581390381,identifier,d
-51.62535095214844,0.06596750020980835,",",","
75.71568298339844,-47.728702545166016,identifier,draw
-85.66267395019531,82.86604309082031,),)
-65.23479461669922,77.49754333496094,),)
-53.91537094116211,149.28826904296875,},}
-61.430782318115234,141.56832885742188,},}
-74.61608123779297,139.75929260253906,else,else
-159.2025604248047,-6.454831123352051,{,{
-114.19280242919922,-91.07441711425781,for,for
-103.53083038330078,-86.06681823730469,(,(
158.093017578125,11.56511402130127,identifier,i
40.93021774291992,-105.48123168945312,=,=
159.424072265625,14.574570655822754,identifier,i
26.180866241455078,-65.62995147705078,<,<
109.70310974121094,38.885677337646484,identifier,len
160.28939819335938,16.11501693725586,identifier,i
-131.2703094482422,36.76618576049805,),)
-161.59974670410156,-1.33344566822052,{,{
124.03893280029297,6.2293620109558105,identifier,out
22.371042251586914,77.56465148925781,.,.
15.665982246398926,28.009187698364258,identifier,push
-35.71685791015625,-73.66685485839844,(,(
75.58536529541016,-47.581451416015625,identifier,draw
-24.660404205322266,-96.36744689941406,(,(
-88.6534652709961,71.44153594970703,),)
-66.4879379272461,71.88033294677734,),)
-50.141021728515625,147.7857208251953,},}
-49.79776382446289,140.6156005859375,},}
22.935022354125977,190.5951385498047,return,return
120.28118133544922,3.8766016960144043,identifier,out
-21.73997688293457,138.3341522216797,},}
-13.147345542907715,-177.93609619140625,function,function
-50.77656936645508,-133.1737823486328,(,(
90.36100769042969,-46.348731994628906,identifier,child
-76.49603271484375,-17.747509002685547,",",","
80.78887939453125,-40.66291809082031,identifier,collection
-79.89630126953125,-14.467517852783203,",",","
116.37882995605469,-57.38264083862305,identifier,opts
-123.6356201171875,92.99407958984375,),)
-183.2095489501953,-39.21311950683594,{,{
117.82880401611328,29.355613708496094,identifier,index
45.4325065612793,-123.86791229248047,=,=
123.06118774414062,-49.721923828125,identifier,opts
58.049400329589844,86.83255004882812,.,.
59.933143615722656,-9.12950325012207,identifier,at
-18.066858291625977,-25.44048500061035,&&,&&
-59.47051239013672,-81.18972778320312,(,(
123.17133331298828,-49.77008056640625,identifier,opts
57.21184539794922,87.00580596923828,.,.
119.3012924194336,28.111705780029297,identifier,index
-9.87844467163086,-26.820159912109375,||,||
80.2876968383789,-40.10144805908203,identifier,collection
44.292091369628906,73.43543243408203,.,.
43.42210006713867,20.169971466064453,identifier,indexOf
-44.545448303222656,-88.34488677978516,(,(
111.99288940429688,-16.30280876159668,identifier,child
-83.30998992919922,87.6172866821289,),)
-67.38504791259766,85.46922302246094,),)
-122.83184814453125,-110.40946197509766,if,if
-96.7746353149414,-76.14947509765625,(,(
43.45067596435547,78.70897674560547,.,.
50.89352035522461,7.66408109664917,identifier,getOption
-26.099407196044922,-64.44476318359375,(,(
-80.2495346069336,88.09918212890625,),)
-11.337357521057129,-26.513002395629883,||,||
117.6995849609375,26.777923583984375,identifier,index
17.984481811523438,-53.417667388916016,===,===
-125.50443267822266,29.96861457824707,),)
-166.74217224121094,0.45454999804496765,{,{
117.93016052246094,23.707698822021484,identifier,index
31.733491897583008,-122.62098693847656,=,=
39.763153076171875,12.200657844543457,identifier,_
38.71011734008789,69.14864349365234,.,.
43.76130676269531,20.08049774169922,identifier,indexOf
-35.976829528808594,-82.2040786743164,(,(
34.3016357421875,86.71247100830078,.,.
67.33253479003906,-1.1659901142120361,identifier,_filteredSortedModels
-34.6460075378418,-86.70149230957031,(,(
120.97591400146484,26.608400344848633,identifier,index
-82.57421875,80.82640838623047,),)
-52.402671813964844,-1.4661556482315063,",",","
112.01600646972656,-16.257007598876953,identifier,child
-68.11666870117188,78.19312286376953,),)
-55.62934875488281,148.54476928710938,},}
-119.23234558105469,-117.91510009765625,if,if
-90.89713287353516,-82.01983642578125,(,(
33.57266616821289,86.83955383300781,.,.
67.85999298095703,5.508410453796387,identifier,_shouldAddChild
-30.403430938720703,-84.87887573242188,(,(
112.56497955322266,-15.06540584564209,identifier,child
-47.94719696044922,-0.5200408697128296,",",","
122.9295883178711,26.728370666503906,identifier,index
-85.9437484741211,78.59288787841797,),)
-128.5828399658203,37.87285614013672,),)
-160.02784729003906,-1.8203200101852417,{,{
29.958566665649414,84.85517883300781,.,.
66.95886993408203,8.662077903747559,identifier,destroyEmptyView
-26.407894134521484,-94.93077850341797,(,(
-76.52265167236328,67.5364990234375,),)
92.8540267944336,7.2563958168029785,identifier,ChildView
27.844219207763672,-114.99811553955078,=,=
32.3648796081543,83.64500427246094,.,.
68.6498031616211,7.132093906402588,identifier,getChildView
-25.91946029663086,-87.10250854492188,(,(
112.52059936523438,-15.04641056060791,identifier,child
-73.14873504638672,69.64997863769531,),)
27.839784622192383,82.32520294189453,.,.
64.91653442382812,12.291932106018066,identifier,addChild
-24.272809982299805,-82.09595489501953,(,(
112.62187957763672,-14.899107933044434,identifier,child
-42.029300689697266,5.834020614624023,",",","
109.48989868164062,0.058510590344667435,identifier,ChildView
-45.74762725830078,7.0090484619140625,",",","
123.31591796875,26.606948852539062,identifier,index
-69.44222259521484,66.02787017822266,),)
-46.9340705871582,144.31134033203125,},}
-28.366552352905273,135.63658142089844,},}
-13.822102546691895,-178.09580993652344,function,function
-50.99300003051758,-131.80276489257812,(,(
85.37965393066406,-44.40068817138672,identifier,name
-78.67243194580078,-17.884925842285156,",",","
85.41625213623047,-41.287715911865234,identifier,profileName
-124.59332275390625,91.84412384033203,),)
-182.12391662597656,-39.54374694824219,{,{
81.77205657958984,-27.7247314453125,identifier,instances
47.07314682006836,-121.9542007446289,=,=
45.471797943115234,77.04158020019531,.,.
62.66598129272461,-11.02415657043457,identifier,getControllerInstances
-31.359113693237305,-98.22245788574219,(,(
-69.84033203125,94.37983703613281,),)
-77.3232192993164,-36.04026412963867,",",","
83.46708679199219,-22.89267921447754,identifier,appName
45.629295349121094,-118.33953094482422,=,=
44.72432327270508,77.68205261230469,.,.
62.39197540283203,-8.20594596862793,identifier,getName
-30.905548095703125,-98.9831314086914,(,(
-69.56278991699219,94.84650421142578,),)
-77.18872833251953,-36.87757873535156,",",","
74.31224822998047,-22.40510368347168,identifier,format
45.31773376464844,-117.69732666015625,=,=
56.22868347167969,30.141252517700195,identifier,Ext
44.770259857177734,85.98636627197266,.,.
48.507545471191406,3.4892120361328125,identifier,String
52.22570037841797,83.37779235839844,.,.
74.25740814208984,-22.39200210571289,identifier,format
-78.90071868896484,-38.35109329223633,",",","
148.71353149414062,-7.574213981628418,identifier,topLevelName
-122.75245666503906,-109.70378875732422,if,if
-96.75177764892578,-75.68868255615234,(,(
131.1654052734375,17.16326141357422,identifier,name
56.51565170288086,30.421432495117188,identifier,Ext
46.45158386230469,85.85090637207031,.,.
61.8881950378418,30.94691276550293,identifier,app
46.84712219238281,85.48627471923828,.,.
70.73716735839844,-11.590557098388672,identifier,Controller
-123.75518035888672,29.322284698486328,),)
-166.28756713867188,5.2631659507751465,{,{
13.182092666625977,188.16444396972656,return,return
131.2045135498047,15.96496868133545,identifier,name
-58.89577102661133,149.38418579101562,},}
-121.1679458618164,-115.03053283691406,if,if
-93.04080200195312,-77.87333679199219,(,(
137.5304412841797,-32.20292663574219,identifier,instances
131.71116638183594,13.776711463928223,identifier,name
-124.21142578125,33.388099670410156,),)
-163.9105682373047,3.5476245880126953,{,{
15.270636558532715,186.07176208496094,return,return
137.59169006347656,-32.267059326171875,identifier,instances
131.56321716308594,13.659150123596191,identifier,name
-61.69895553588867,144.60696411132812,},}
-75.33067321777344,139.39999389648438,else,else
-160.2174530029297,-6.071038246154785,{,{
100.97715759277344,7.947474479675293,identifier,topLevelName
27.950359344482422,-120.12578582763672,=,=
60.38036346435547,7.54226016998291,identifier,format
-30.513076782226562,-75.3342056274414,(,(
73.48018646240234,10.89737319946289,"""","""{0}.controller.{1}"""
-40.02800750732422,-0.9961021542549133,",",","
106.18455505371094,-4.698991298675537,identifier,appName
-49.04231643676758,3.4728758335113525,",",","
129.03207397460938,14.69855785369873,identifier,name
-68.80488586425781,72.94609832763672,),)
100.7359848022461,7.300022125244141,identifier,profileName
26.362207412719727,-119.61984252929688,=,=
60.37953567504883,7.562288761138916,identifier,format
-30.178340911865234,-75.30477905273438,(,(
73.42003631591797,11.080780982971191,"""","""{0}.controller.{1}.{2}"""
-40.05833053588867,-0.7351280450820923,",",","
106.30133819580078,-4.538799285888672,identifier,appName
-45.42067337036133,5.407011032104492,",",","
106.78792572021484,-4.428586006164551,identifier,profileName
-46.091609954833984,5.825606822967529,",",","
129.1423797607422,14.468029975891113,identifier,name
-67.5188980102539,67.23027801513672,),)
20.12538719177246,187.68321228027344,return,return
137.9412841796875,-32.57073974609375,identifier,instances
110.7071762084961,-1.5189570188522339,identifier,profileName
-7.982030391693115,-24.805810928344727,||,||
137.96937561035156,-32.5963249206543,identifier,instances
111.08002471923828,-1.368334174156189,identifier,topLevelName
-46.20988845825195,143.76332092285156,},}
-28.37908935546875,134.747802734375,},}
-13.523143768310547,-178.4158477783203,function,function
-50.86378860473633,-132.28237915039062,(,(
120.41183471679688,30.43108367919922,identifier,index
-77.59807586669922,-17.952857971191406,",",","
87.31107330322266,-46.6874885559082,identifier,item
-125.58660888671875,91.4303207397461,),)
-181.40420532226562,-39.392818450927734,{,{
88.26949310302734,-28.569578170776367,identifier,me
51.102073669433594,-121.95369720458984,=,=
-78.90312957763672,-36.67023468017578,",",","
156.86068725585938,5.087143898010254,identifier,i
-124.95442199707031,-107.4816665649414,if,if
-99.84663391113281,-72.86075592041016,(,(
117.86244201660156,27.200138092041016,identifier,index
25.010099411010742,-46.929874420166016,!=,!=
-124.7746353149414,25.973926544189453,),)
-170.1007537841797,4.990756988525391,{,{
56.23021697998047,30.01207733154297,identifier,Ext
44.29489517211914,85.32034301757812,.,.
52.324649810791016,50.16434097290039,identifier,Logger
48.635292053222656,54.331947326660156,.,.
37.97013473510742,-11.917738914489746,identifier,error
-38.11042785644531,-64.57953643798828,(,(
68.43529510498047,-9.266302108764648,"""","""Invalid index of '"""
-18.663896560668945,32.901512145996094,+,+
118.86125946044922,27.01736068725586,identifier,index
-30.035051345825195,35.053749084472656,+,+
68.70773315429688,-8.978504180908203,"""","""', must be a valid number"""
-64.33355712890625,84.738525390625,),)
-58.88764190673828,150.87936401367188,},}
-122.70182800292969,-114.32832336425781,if,if
-95.10088348388672,-77.79561614990234,(,(
55.68600082397461,30.58392333984375,identifier,Ext
43.92811584472656,70.6371841430664,.,.
49.911277770996094,-2.5028059482574463,identifier,isArray
-45.7189826965332,-91.57659912109375,(,(
121.08674621582031,-27.275920867919922,identifier,item
-81.19001770019531,85.37129211425781,),)
-126.96061706542969,32.27455520629883,),)
-165.81211853027344,-5.278197765350342,{,{
-113.97480010986328,-90.20269775390625,for,for
-103.74728393554688,-85.42940521240234,(,(
158.91468811035156,11.397781372070312,identifier,i
40.70627212524414,-106.87566375732422,=,=
121.66129302978516,-27.07219123840332,identifier,item
66.18993377685547,87.17362213134766,.,.
104.63818359375,55.948753356933594,identifier,length
160.5561065673828,14.20775032043457,identifier,i
160.54127502441406,15.153060913085938,identifier,i
-131.3825225830078,36.16261672973633,),)
-162.6519317626953,-1.1363935470581055,{,{
128.60462951660156,-15.601317405700684,identifier,me
22.248655319213867,78.4427490234375,.,.
65.21119689941406,10.749590873718262,identifier,insert
-30.515676498413086,-79.56605529785156,(,(
122.58000946044922,25.645526885986328,identifier,index
-47.19268798828125,-2.059022903442383,",",","
121.99059295654297,-26.771099090576172,identifier,item
152.5926971435547,17.415950775146484,identifier,i
-67.4714126586914,74.93355560302734,),)
-53.167057037353516,147.87982177734375,},}
19.556787490844727,190.3836212158203,return,return
131.6471405029297,-13.918144226074219,identifier,me
-53.346370697021484,143.1884765625,},}
103.9796142578125,13.54130744934082,identifier,item
26.659168243408203,-117.09423828125,=,=
32.290950775146484,83.84864807128906,.,.
68.37393951416016,6.574208736419678,identifier,factoryItem
-25.575342178344727,-86.76182556152344,(,(
117.38640594482422,-2.7980246543884277,identifier,item
-72.96345520019531,69.70719146728516,),)
28.519756317138672,82.69739532470703,.,.
66.16909790039062,10.617938041687012,identifier,doInsert
-24.91544532775879,-81.75222778320312,(,(
123.16683197021484,25.7893009185791,identifier,index
-43.55763244628906,6.1082258224487305,",",","
117.3401107788086,-2.693272590637207,identifier,item
-70.18195343017578,67.3741455078125,),)
21.5434627532959,192.02993774414062,return,return
118.34978485107422,-1.2807438373565674,identifier,item
-23.31293487548828,137.27976989746094,},}
-14.222494125366211,-177.15003967285156,function,function
-49.963531494140625,-132.3762664794922,(,(
94.37828826904297,-54.65434646606445,identifier,res
-77.73406982421875,-17.245351791381836,",",","
85.62918090820312,-41.841712951660156,identifier,mediaTypes
-124.93920135498047,91.5849609375,),)
-181.8525848388672,-40.01054000854492,{,{
147.61546325683594,-9.57823657989502,identifier,contentTypeOk
-78.41272735595703,-35.2803840637207,",",","
120.25897216796875,11.976085662841797,identifier,result
47.596004486083984,-125.16612243652344,=,=
67.78433990478516,-9.298189163208008,"""","""status: '"""
-18.899991989135742,32.106407165527344,+,+
118.26701354980469,-37.337852478027344,identifier,res
55.782371520996094,87.18187713623047,.,.
47.631629943847656,-14.438658714294434,identifier,statusCode
-29.4774112701416,34.838600158691406,+,+
68.34381866455078,-8.69417667388916,"""","""', GET failed."""
104.68424224853516,-26.455787658691406,identifier,mediaTypes
39.37400817871094,-122.21133422851562,=,=
43.74081802368164,0.636369526386261,identifier,Array
44.0347900390625,69.42925262451172,.,.
49.6320915222168,-3.063352584838867,identifier,isArray
-45.93186950683594,-90.9710464477539,(,(
104.53439331054688,-26.263774871826172,identifier,mediaTypes
-80.32167053222656,89.29893493652344,),)
104.37317657470703,-25.80828285217285,identifier,mediaTypes
104.3910140991211,-25.861291885375977,identifier,mediaTypes
-122.7372817993164,-113.40806579589844,if,if
-94.59479522705078,-77.85980987548828,(,(
118.71834564208984,-36.85310745239258,identifier,res
56.5971565246582,94.1675796508789,.,.
47.605567932128906,-14.42269515991211,identifier,statusCode
18.58226203918457,-53.595985412597656,===,===
-127.50566101074219,33.03643798828125,),)
-164.87100219726562,-4.327393054962158,{,{
101.37185668945312,8.437478065490723,identifier,contentTypeOk
31.467926025390625,-119.91144561767578,=,=
118.82962036132812,-36.574607849121094,identifier,res
48.431697845458984,95.07958221435547,.,.
70.42475891113281,27.373498916625977,identifier,headers
85.4041519165039,8.981250762939453,"""","""content-type"""
-18.842851638793945,-22.4643611907959,&&,&&
106.2833251953125,-9.238129615783691,identifier,mediaTypes
30.428829193115234,67.25582885742188,.,.
21.756458282470703,-1.5724637508392334,identifier,every
-43.60993576049805,-71.03540802001953,(,(
-19.320371627807617,-165.40675354003906,function,function
-44.54170608520508,-121.72227478027344,(,(
114.2332534790039,-7.927764892578125,identifier,mediaType
-115.1452865600586,84.27099609375,),)
-161.4424591064453,-19.089569091796875,{,{
17.417795181274414,184.84255981445312,return,return
118.90564727783203,-36.39529800415039,identifier,res
45.116336822509766,95.6698226928711,.,.
70.43191528320312,27.368391036987305,identifier,headers
85.38227844238281,8.997517585754395,"""","""content-type"""
26.11272430419922,66.58206176757812,.,.
43.83687973022461,20.888416290283203,identifier,indexOf
-27.65633773803711,-87.9347152709961,(,(
109.54176330566406,-4.7133355140686035,identifier,mediaType
-72.91534423828125,70.76032257080078,),)
-46.60740661621094,123.97998809814453,},}
-60.35851287841797,68.5494384765625,),)
120.37850189208984,9.562233924865723,identifier,result
24.9073543548584,-117.59796142578125,=,=
102.7197265625,-3.252054214477539,identifier,contentTypeOk
67.63945770263672,23.877351760864258,"""",""""""
72.35102844238281,12.652716636657715,"""","""content-type not one of '"""
-20.014245986938477,35.150264739990234,+,+
106.0640869140625,-8.896113395690918,identifier,mediaTypes
25.218050003051758,68.66104888916016,.,.
43.64949417114258,35.30943298339844,identifier,join
-20.196258544921875,-68.81793975830078,(,(
59.60121154785156,0.09961050748825073,"""",""","""
-83.37391662597656,72.18827056884766,),)
-27.540454864501953,35.31135559082031,+,+
70.6400146484375,13.068809509277344,"""","""'"""
-44.42524337768555,142.98098754882812,},}
24.242389678955078,192.41455078125,return,return
118.85403442382812,5.3920512199401855,identifier,result
-23.397705078125,133.07559204101562,},}
-15.832681655883789,-177.38641357421875,function,function
-51.38521194458008,-129.2960205078125,(,(
76.90277862548828,-54.28868103027344,identifier,callback
-126.19548034667969,88.79092407226562,),)
-180.136962890625,-38.982120513916016,{,{
76.3913803100586,-25.99637222290039,identifier,command
47.94172286987305,-124.15460205078125,=,=
-18.59235191345215,31.44984245300293,+,+
84.0759506225586,-35.46086883544922,identifier,nvmPath
58.741416931152344,-10.851421356201172,identifier,childProcess
40.7105598449707,73.90039825439453,.,.
57.87793731689453,-11.871131896972656,identifier,exec
-44.41474151611328,-78.46631622314453,(,(
76.33892059326172,-26.010570526123047,identifier,command
-54.865135192871094,-8.889179229736328,",",","
118.96681213378906,-52.13596725463867,identifier,cmdOpts
-49.79953384399414,-12.812051773071289,",",","
-17.229446411132812,-167.73587036132812,function,function
-47.654151916503906,-122.65955352783203,(,(
143.770263671875,3.7583346366882324,identifier,err
-70.84797668457031,-11.23809814453125,",",","
67.71847534179688,-24.578908920288086,identifier,stdout
-70.99652862548828,-11.321181297302246,",",","
67.74042510986328,-24.80231285095215,identifier,stderr
-117.24601745605469,88.85968780517578,),)
-166.46636962890625,-17.834671020507812,{,{
-122.89183044433594,-111.17280578613281,if,if
-96.77325439453125,-76.57008361816406,(,(
67.76445007324219,-25.18997573852539,identifier,stderr
32.317569732666016,63.48380661010742,.,.
42.88878631591797,20.91411590576172,identifier,indexOf
-24.603435516357422,-64.91090393066406,(,(
-78.7316665649414,87.96505737304688,),)
-127.6554946899414,30.950157165527344,),)
-165.82318115234375,-5.895390510559082,{,{
-117.54315185546875,-113.23426055908203,if,if
-94.51390838623047,-79.66937255859375,(,(
98.90345001220703,5.253432750701904,identifier,nvmPath
19.76908302307129,-54.23427963256836,===,===
88.87384796142578,0.6549211144447327,identifier,home
-28.553756713867188,31.16347885131836,+,+
-126.66253662109375,35.937740325927734,),)
-162.03436279296875,-3.2060556411743164,{,{
99.30711364746094,6.659178733825684,identifier,nvmPath
27.876680374145508,-119.28878021240234,=,=
88.88050079345703,0.656278669834137,identifier,home
-28.280563354492188,31.457611083984375,+,+
98.79812622070312,6.4332804679870605,identifier,nvmInit
25.556655883789062,-120.52798461914062,=,=
-20.84180450439453,32.959205627441406,+,+
107.681884765625,-4.391467094421387,identifier,nvmPath
-28.030921936035156,33.50497055053711,+,+
69.78253173828125,9.5070161819458,identifier,checkNVM
-23.53961944580078,-85.59239196777344,(,(
75.36882019042969,-55.25776672363281,identifier,callback
-71.00304412841797,67.62330627441406,),)
-62.88475036621094,142.8519287109375,},}
-73.57096099853516,138.1149444580078,else,else
-155.7847900390625,-2.8067901134490967,{,{
64.9405746459961,27.55590057373047,identifier,grunt
130.19126892089844,-56.58381652832031,identifier,options
43.537757873535156,100.93476867675781,.,.
74.45346069335938,12.596586227416992,identifier,errorLevel
-32.32839584350586,-69.67321014404297,(,(
-20.346355438232422,36.177696228027344,+,+
62.994144439697266,-35.754634857177734,identifier,expected
-28.413671493530273,35.76585006713867,+,+
-20.675769805908203,36.3923454284668,+,+
63.01436996459961,-35.778106689453125,identifier,actual
-28.286434173583984,35.92977523803711,+,+
-63.6669807434082,65.73939514160156,),)
-43.81343078613281,144.7882080078125,},}
-62.10158920288086,139.9342498779297,},}
-72.83822631835938,139.80343627929688,else,else
-154.62429809570312,-3.7292850017547607,{,{
74.90819549560547,-57.45844268798828,identifier,callback
-22.789306640625,-91.26903533935547,(,(
-75.3895263671875,64.2357406616211,),)
-44.88945388793945,148.0818634033203,},}
-47.023319244384766,128.92831420898438,},}
-56.90069580078125,65.54611206054688,),)
-20.490509033203125,132.20742797851562,},}
-6.855751991271973,-180.3636016845703,function,function
57.81901168823242,-18.745967864990234,identifier,LeakError
-55.839351654052734,-136.18722534179688,(,(
115.62606811523438,-57.84375,identifier,opts
-76.02993774414062,-13.993975639343262,",",","
87.65076446533203,-54.1203498840332,identifier,src
-79.03336334228516,-11.543092727661133,",",","
89.41905975341797,-45.26576614379883,identifier,file
-123.00190734863281,95.81954956054688,),)
-186.67649841308594,-43.92074203491211,{,{
42.47814178466797,-13.923727035522461,identifier,Error
41.82268524169922,63.410987854003906,.,.
22.00967788696289,11.17495059967041,identifier,call
-46.799556732177734,-82.68224334716797,(,(
-68.85208892822266,88.79131317138672,),)
33.398277282714844,102.03226470947266,.,.
36.55476379394531,-5.5258355140686035,identifier,message
33.249900817871094,-129.75152587890625,=,=
-18.76011085510254,31.93426513671875,+,+
123.8121109008789,-49.306190490722656,identifier,opts
52.84382629394531,87.08163452148438,.,.
61.67283248901367,-6.637174129486084,identifier,variable
33.07577896118164,100.67584228515625,.,.
92.01756286621094,22.654680252075195,identifier,line
32.41276168823242,-127.15931701660156,=,=
123.64281463623047,-49.16123962402344,identifier,opts
55.097713470458984,88.40473175048828,.,.
92.16345977783203,22.709083557128906,identifier,line
33.243080139160156,100.1969985961914,.,.
89.81517791748047,22.280214309692383,identifier,column
31.419998168945312,-127.08708953857422,=,=
123.89026641845703,-49.06068420410156,identifier,opts
52.76980209350586,88.35889434814453,.,.
89.9286117553711,22.37165641784668,identifier,column
32.29361343383789,98.71681213378906,.,.
73.20533752441406,-3.271658420562744,identifier,annotated
30.465436935424805,-124.79879760742188,=,=
-23.030548095703125,30.809194564819336,+,+
-60.42319869995117,-79.44549560546875,(,(
107.95046997070312,-22.069913864135742,identifier,file
-7.894888401031494,-26.869455337524414,||,||
-78.73989868164062,81.12639617919922,),)
-26.64645767211914,32.85791015625,+,+
-22.61113739013672,31.636022567749023,+,+
47.61008071899414,100.46407318115234,.,.
92.8865737915039,23.059146881103516,identifier,line
-27.17368507385254,33.094486236572266,+,+
-23.04513168334961,31.871152877807617,+,+
87.65544128417969,-54.22367477416992,identifier,src
28.82509422302246,68.53858184814453,.,.
38.792091369628906,36.49727249145508,identifier,split
-21.99918556213379,-69.54732513427734,(,(
-79.94095611572266,74.04776000976562,),)
47.60834884643555,100.88811492919922,.,.
92.94229125976562,23.07487678527832,identifier,line
-26.532310485839844,33.51174545288086,+,+
-23.647361755371094,32.53948211669922,+,+
45.19083786010742,0.8109849691390991,identifier,Array
-27.19713592529297,-85.77792358398438,(,(
46.981441497802734,101.24005889892578,.,.
89.27800750732422,21.90876007080078,identifier,column
-26.51837730407715,28.85268211364746,+,+
-81.28652954101562,74.06730651855469,),)
25.16059684753418,65.98882293701172,.,.
44.189537048339844,35.65435028076172,identifier,join
-21.15471076965332,-68.94346618652344,(,(
-83.2955322265625,72.72840881347656,),)
-25.97181510925293,34.12958526611328,+,+
-24.872804641723633,34.74184799194336,+,+
-24.8653564453125,34.77987289428711,+,+
-21.652244567871094,35.59952163696289,+,+
44.98223114013672,102.66929626464844,.,.
35.810264587402344,-5.245712757110596,identifier,message
-21.14218521118164,135.30247497558594,},}
-4.446483612060547,-174.72247314453125,function,function
53.004695892333984,-18.40676498413086,identifier,addDir
-55.128662109375,-134.15908813476562,(,(
90.57886505126953,-44.159488677978516,identifier,dir
-77.60281372070312,-15.606184005737305,",",","
94.39847564697266,-41.70052719116211,identifier,stat
-126.16159057617188,93.403564453125,),)
-183.04049682617188,-40.46858596801758,{,{
79.22566223144531,-23.028051376342773,identifier,mtime
46.50740051269531,-120.50870513916016,=,=
103.36666107177734,-40.933074951171875,identifier,stat
54.55528259277344,83.79524993896484,.,.
72.30752563476562,-20.735567092895508,identifier,mtime
45.25014877319336,75.1093978881836,.,.
53.91126251220703,4.4099440574646,identifier,getTime
-30.347312927246094,-98.0953598022461,(,(
-53.51681900024414,83.42304992675781,),)
-127.36541748046875,-112.4433822631836,if,if
-100.58457946777344,-74.13929748535156,(,(
79.03248596191406,-13.775090217590332,identifier,map
108.88367462158203,-17.75599479675293,identifier,dir
-19.76058578491211,-25.827043533325195,&&,&&
91.40174865722656,-11.185667037963867,identifier,list
65.31869506835938,83.64015197753906,.,.
102.4015121459961,55.48923873901367,identifier,length
72.27313232421875,-12.720882415771484,identifier,maxListSize
-127.46762084960938,27.749271392822266,),)
-168.88145446777344,-4.04599142074585,{,{
79.1045913696289,-13.772308349609375,identifier,map
108.92196655273438,-17.712060928344727,identifier,dir
30.076656341552734,-130.1803741455078,=,=
72.47724151611328,-20.771848678588867,identifier,mtime
92.45018768310547,-11.496210098266602,identifier,list
20.45402717590332,74.87080383300781,.,.
17.097238540649414,27.19968605041504,identifier,push
-39.517086029052734,-86.62407684326172,(,(
109.04950714111328,-17.50860023498535,identifier,dir
-55.37690353393555,81.96007537841797,),)
58.4538459777832,5.65585994720459,identifier,clearTimeout
-40.37992858886719,-79.96552276611328,(,(
91.96527099609375,-9.927888870239258,identifier,sortList
52.86891555786133,93.0329360961914,.,.
75.8254165649414,-5.295959949493408,identifier,timer
-55.801395416259766,81.5383071899414,),)
92.06324005126953,-9.816554069519043,identifier,sortList
35.72658920288086,98.02251434326172,.,.
75.82706451416016,-5.279170513153076,identifier,timer
28.95486068725586,-125.10658264160156,=,=
58.454917907714844,5.906689167022705,identifier,setTimeout
-34.5367546081543,-80.23814392089844,(,(
92.23918151855469,-9.617201805114746,identifier,sortList
-48.86079788208008,-3.452446699142456,",",","
76.21715545654297,-9.423344612121582,identifier,checkInterval
-54.88222122192383,80.32369232177734,),)
46.00600814819336,12.896870613098145,identifier,fs
34.99420166015625,78.22337341308594,.,.
56.360904693603516,-1.5385798215866089,identifier,readdir
-32.28947830200195,-79.6291732788086,(,(
109.37409210205078,-16.614147186279297,identifier,dir
-47.841548919677734,-11.804875373840332,",",","
-19.183895111083984,-166.69662475585938,function,function
-45.914241790771484,-122.54291534423828,(,(
138.5045166015625,0.7901060581207275,identifier,e
-67.43683624267578,-10.67208480834961,",",","
110.4945068359375,-24.496868133544922,identifier,files
-114.78964233398438,85.45311737060547,),)
-163.48416137695312,-17.442947387695312,{,{
-116.87374114990234,-117.44853210449219,if,if
-92.55760192871094,-84.68294525146484,(,(
138.33506774902344,0.5711162090301514,identifier,e
-126.5555191040039,38.6992301940918,),)
-159.23037719726562,-1.4716198444366455,{,{
111.38665771484375,-24.435794830322266,identifier,files
23.632387161254883,75.47643280029297,.,.
22.533130645751953,0.38043728470802307,identifier,forEach
-43.60282516479492,-70.0912094116211,(,(
-20.023433685302734,-165.8539276123047,function,function
-44.011741638183594,-121.50396728515625,(,(
114.08522033691406,-6.546826362609863,identifier,file
-115.89485168457031,83.54434204101562,),)
-160.25221252441406,-18.964481353759766,{,{
69.78861999511719,10.960722923278809,identifier,watch
-23.804868698120117,-81.27040100097656,(,(
109.37481689453125,-16.427021026611328,identifier,dir
-29.02445411682129,32.000789642333984,+,+
-22.041627883911133,33.45674133300781,+,+
113.7684555053711,-6.092889785766602,identifier,file
-56.221092224121094,74.41313934326172,),)
-51.11045837402344,125.64799499511719,},}
-55.26734924316406,71.01339721679688,),)
-50.288238525390625,134.1068878173828,},}
-48.65528869628906,127.11516571044922,},}
-55.24174880981445,69.49868774414062,),)
-49.027671813964844,135.10882568359375,},}
-29.77442169189453,133.3333282470703,},}
-6.620398998260498,-175.791015625,function,function
51.25801086425781,-21.14084815979004,identifier,any
-53.33885192871094,-135.120361328125,(,(
89.00527954101562,-44.159584045410156,identifier,fp
-75.29621124267578,-15.946263313293457,",",","
87.94053649902344,-48.69364929199219,identifier,patterns
-79.54302978515625,-12.812196731567383,",",","
116.54749298095703,-56.87492752075195,identifier,opts
-122.70947265625,94.505859375,),)
-186.0577850341797,-41.61402893066406,{,{
-125.56209564208984,-106.94810485839844,if,if
-100.88822174072266,-73.10879516601562,(,(
43.77228927612305,0.8419906497001648,identifier,Array
44.14658737182617,69.29986572265625,.,.
49.277183532714844,-2.8705804347991943,identifier,isArray
-46.553428649902344,-90.54302215576172,(,(
106.70626068115234,-27.044675827026367,identifier,patterns
-80.65250396728516,90.14102172851562,),)
-19.32528305053711,-26.15894889831543,&&,&&
106.64603424072266,-27.108692169189453,identifier,patterns
-125.1502914428711,26.758373260498047,),)
-168.53799438476562,5.495907306671143,{,{
42.11919403076172,-12.273746490478516,identifier,TypeError
-38.835880279541016,-66.16322326660156,(,(
39.607017517089844,-6.945172309875488,identifier,msg
-38.012393951416016,-62.096412658691406,(,(
-59.03013610839844,-7.599381923675537,",",","
-59.096012115478516,-7.091724395751953,",",","
-86.08073425292969,85.8910903930664,),)
-64.52022552490234,82.97713470458984,),)
-57.55998229980469,151.72218322753906,},}
107.12413787841797,-25.98141860961914,identifier,patterns
35.190433502197266,-120.81256866455078,=,=
51.5722541809082,22.055877685546875,identifier,utils
36.77446746826172,74.34800720214844,.,.
54.9937744140625,7.287942886352539,identifier,arrayify
-34.9160041809082,-86.08796691894531,(,(
107.57003784179688,-26.186681747436523,identifier,patterns
-71.3429183959961,79.61329650878906,),)
106.29793548583984,36.23152160644531,identifier,len
31.29722023010254,-116.46187591552734,=,=
108.29647827148438,-26.110191345214844,identifier,patterns
65.76959991455078,87.77168273925781,.,.
105.68247985839844,55.15920639038086,identifier,length
100.4708023071289,10.403948783874512,identifier,fp
30.100461959838867,-118.32624053955078,=,=
51.89084243774414,22.086009979248047,identifier,utils
36.26122283935547,74.57856750488281,.,.
55.637664794921875,6.927948951721191,identifier,unixify
-32.877201080322266,-85.08467102050781,(,(
110.2112045288086,-7.658920764923096,identifier,fp
-48.836517333984375,0.2269902527332306,",",","
116.86285400390625,-54.227848052978516,identifier,opts
-70.49959564208984,74.55313873291016,),)
-110.54409790039062,-94.40174102783203,while,while
-91.39552307128906,-86.08576965332031,(,(
110.45127868652344,38.35023498535156,identifier,len
-132.76478576660156,35.12656021118164,),)
-164.31207275390625,-10.217366218566895,{,{
73.85462951660156,15.885295867919922,identifier,isMatch
28.252437591552734,-114.19735717773438,=,=
63.29986572265625,19.728124618530273,identifier,matcher
-26.849674224853516,-82.96045684814453,(,(
108.65929412841797,-25.975645065307617,identifier,patterns
111.03070831298828,38.16127395629883,identifier,len
-46.53059387207031,4.115561485290527,",",","
116.7727279663086,-54.166786193847656,identifier,opts
-69.93423461914062,69.3991928100586,),)
-115.03180694580078,-119.10091400146484,if,if
-87.40099334716797,-84.3358383178711,(,(
73.61388397216797,15.926239967346191,identifier,isMatch
-24.034423828125,-87.0496826171875,(,(
113.09201049804688,-2.401500940322876,identifier,fp
-87.32457733154297,76.4192886352539,),)
-128.62191772460938,41.72783279418945,),)
-157.1361083984375,1.9544548988342285,{,{
17.352643966674805,190.10153198242188,return,return
-46.846038818359375,147.9298858642578,},}
-46.6463623046875,139.97511291503906,},}
24.723392486572266,190.47877502441406,return,return
-23.65850067138672,135.3380889892578,},}
-4.363705158233643,-175.18722534179688,function,function
56.39616012573242,-19.751646041870117,identifier,exportSql
-55.61809539794922,-134.54844665527344,(,(
93.0968017578125,-48.0705451965332,identifier,obj
-78.32747650146484,-14.74104118347168,",",","
77.18157196044922,-54.05767059326172,identifier,callback
-125.75086975097656,94.40023803710938,),)
-184.30775451660156,-41.07053756713867,{,{
86.73062896728516,-25.49083137512207,identifier,str
51.44293212890625,-127.70018768310547,=,=
-126.64242553710938,-109.10912322998047,if,if
-98.7877426147461,-72.03146362304688,(,(
43.87993621826172,0.7818570137023926,identifier,Array
44.116207122802734,69.40985870361328,.,.
49.36257553100586,-2.729534149169922,identifier,isArray
-46.47572708129883,-90.60994720458984,(,(
110.1603012084961,-37.951576232910156,identifier,obj
-81.1616439819336,89.71041870117188,),)
-129.12086486816406,26.80990219116211,),)
-168.4718780517578,-6.842469215393066,{,{
-111.53337097167969,-90.17800903320312,for,for
-107.43504333496094,-85.52113342285156,(,(
159.91787719726562,8.783007621765137,identifier,i
43.5075569152832,-106.64419555664062,=,=
163.04779052734375,12.446724891662598,identifier,i
28.187292098999023,-66.79576873779297,<,<
111.64788818359375,-37.81758499145508,identifier,obj
64.08269500732422,85.87712097167969,.,.
103.03914642333984,54.66241455078125,identifier,length
163.7197723388672,16.364347457885742,identifier,i
-133.3303680419922,31.254384994506836,),)
-167.22164916992188,-9.21569538116455,{,{
-121.78158569335938,-111.622802734375,if,if
-96.47703552246094,-77.24357604980469,(,(
112.2420425415039,-37.79951095581055,identifier,obj
153.3566131591797,19.329120635986328,identifier,i
58.96683883666992,89.35728454589844,.,.
76.15199279785156,33.84867477416992,identifier,type
-20.507007598876953,-24.7653751373291,&&,&&
75.34255981445312,-2.9881269931793213,identifier,base
37.91492462158203,76.10247039794922,.,.
68.46430969238281,-1.5873032808303833,identifier,isExportTypeString
-36.71878433227539,-83.3746566772461,(,(
112.43021392822266,-37.81974411010742,identifier,obj
153.0215606689453,18.635269165039062,identifier,i
54.30660629272461,96.3243408203125,.,.
127.76744842529297,17.076622009277344,identifier,name
-82.09774780273438,83.00408935546875,),)
-128.5677947998047,34.247501373291016,),)
-164.26612854003906,-5.195207595825195,{,{
98.78491973876953,14.020265579223633,identifier,cs
32.09571075439453,-114.5963363647461,=,=
66.2865219116211,2.7764699459075928,identifier,exportTable
-31.938953399658203,-81.40560150146484,(,(
112.80874633789062,-37.97742462158203,identifier,obj
153.07492065429688,16.870288848876953,identifier,i
-50.255489349365234,0.1569545865058899,",",","
75.3095932006836,-54.926780700683594,identifier,callback
-50.61790084838867,1.3876954317092896,",",","
113.04603576660156,-38.859703063964844,identifier,obj
-69.45931243896484,75.09197235107422,),)
-115.22049713134766,-115.32311248779297,if,if
-91.56402587890625,-83.9538803100586,(,(
114.15314483642578,7.07196569442749,identifier,cs
-124.3628921508789,39.32725143432617,),)
-160.56600952148438,4.149438381195068,{,{
14.41085147857666,191.7779541015625,return,return
-56.25615310668945,146.24717712402344,},}
122.97792053222656,8.147871971130371,identifier,str
114.17981719970703,7.010350704193115,identifier,cs
-28.348106384277344,33.01158905029297,+,+
-49.691226959228516,143.73423767089844,},}
-48.688777923583984,140.01596069335938,},}
21.024553298950195,190.44290161132812,return,return
120.4130859375,2.2972216606140137,identifier,str
-48.34894943237305,142.71771240234375,},}
16.951692581176758,193.77572631835938,return,return
-25.117341995239258,139.2947235107422,},}
-1.4210336208343506,-174.5474090576172,function,function
53.54114532470703,-17.500667572021484,identifier,printCounter
-55.910011291503906,-131.70938110351562,(,(
91.40327453613281,-53.28382873535156,identifier,indicator
-127.72652435302734,91.34909057617188,),)
-181.07852172851562,-43.21382522583008,{,{
111.10275268554688,25.424484252929688,identifier,counter
65.07560729980469,38.86780548095703,identifier,process
39.4102668762207,92.79788208007812,.,.
82.11764526367188,39.68636703491211,identifier,stdout
19.047630310058594,79.52771759033203,.,.
34.636444091796875,-18.92134666442871,identifier,write
-48.142337799072266,-84.42195129394531,(,(
91.4024429321289,-53.38649368286133,identifier,indicator
-68.97412109375,89.28933715820312,),)
-125.06061553955078,-109.60399627685547,if,if
-97.46869659423828,-73.13554382324219,(,(
111.26483917236328,25.72182273864746,identifier,counter
19.077329635620117,-51.51630401611328,===,===
72.5024185180664,-12.889983177185059,identifier,filesLength
-12.205081939697266,-26.719646453857422,||,||
111.17214965820312,25.802640914916992,identifier,counter
95.9225082397461,23.267972946166992,identifier,lineLength
16.995746612548828,-52.566322326660156,===,===
-128.3866424560547,27.97987937927246,),)
-168.41209411621094,-4.547266483306885,{,{
65.06023406982422,38.89311218261719,identifier,process
39.40696716308594,93.00050354003906,.,.
82.11971282958984,39.69111251831055,identifier,stdout
19.378894805908203,79.2462158203125,.,.
34.626583099365234,-18.919939041137695,identifier,write
-38.85436248779297,-74.15503692626953,(,(
66.1749496459961,-4.977176666259766,identifier,lineSpacing
32.78209686279297,64.4897689819336,.,.
34.22495651245117,27.38810157775879,identifier,slice
-38.496490478515625,-77.45860290527344,(,(
-61.144569396972656,-81.25592041015625,(,(
-61.110618591308594,-81.12181091308594,(,(
96.12537384033203,23.329486846923828,identifier,lineLength
111.05230712890625,26.294109344482422,identifier,counter
-78.26057434082031,84.98456573486328,),)
95.97093963623047,23.28150749206543,identifier,lineLength
-83.67089080810547,83.57804107666016,),)
-76.51397705078125,80.51789093017578,),)
-26.301673889160156,32.013023376464844,+,+
60.793453216552734,-1.2472617626190186,"""",""" """
-65.15473175048828,79.82402038574219,),)
65.18740844726562,38.82088851928711,identifier,process
39.071815490722656,92.93061065673828,.,.
82.12555694580078,39.684505462646484,identifier,stdout
19.659690856933594,79.3540267944336,.,.
34.614967346191406,-18.915769577026367,identifier,write
-36.832176208496094,-74.16291046142578,(,(
48.203704833984375,4.715396881103516,identifier,String
-28.963472366333008,-75.70783996582031,(,(
71.4538345336914,16.467252731323242,"""","""   """
-21.108112335205078,32.19160842895508,+,+
110.99226379394531,26.57654571533203,identifier,counter
-80.03805541992188,75.88134002685547,),)
25.830078125,65.439697265625,.,.
35.385948181152344,27.215486526489258,identifier,slice
-22.88266372680664,-73.73905944824219,(,(
-81.28407287597656,76.9202651977539,),)
-26.383623123168945,32.749267578125,+,+
71.65303802490234,15.700142860412598,"""",""" / """
-23.431608200073242,32.3204345703125,+,+
48.16238021850586,4.910048961639404,identifier,String
-28.87522315979004,-75.7306900024414,(,(
71.46315002441406,16.435060501098633,"""","""   """
-21.375370025634766,32.58988952636719,+,+
92.30184936523438,-3.3392746448516846,identifier,filesLength
-80.7850112915039,74.66946411132812,),)
25.37779426574707,65.56256866455078,.,.
35.443538665771484,26.91811180114746,identifier,slice
-22.544584274291992,-74.0995864868164,(,(
-86.91702270507812,79.84356689453125,),)
-64.83998107910156,71.62877655029297,),)
65.23651885986328,38.786128997802734,identifier,process
39.10036087036133,92.62360382080078,.,.
82.12206268310547,39.6773796081543,identifier,stdout
19.95429039001465,80.02667236328125,.,.
34.59781265258789,-18.90956687927246,identifier,write
-17.430551528930664,-80.53397369384766,(,(
70.94264221191406,14.167398452758789,"""","""\n"""
-72.7433090209961,65.74504089355469,),)
-46.9610481262207,143.2765350341797,},}
-28.143430709838867,135.4761199951172,},}
-6.008439064025879,-176.14768981933594,function,function
52.68690490722656,-21.019365310668945,identifier,isfinite
-56.02348327636719,-132.8753204345703,(,(
93.31430053710938,-49.377986907958984,identifier,arr
-127.1106948852539,91.93196868896484,),)
-183.0115203857422,-43.098270416259766,{,{
-125.57150268554688,-105.62679290771484,if,if
-101.81489562988281,-72.60334014892578,(,(
43.68122863769531,1.05490243434906,identifier,Array
44.597408294677734,69.0925064086914,.,.
49.145591735839844,-2.7168123722076416,identifier,isArray
-46.94526672363281,-90.38386535644531,(,(
109.60677337646484,-37.19240188598633,identifier,arr
-81.4827880859375,90.07054901123047,),)
-125.55887603759766,25.043170928955078,),)
-169.34954833984375,6.153494358062744,{,{
41.95869827270508,-12.008933067321777,identifier,TypeError
-37.58544921875,-64.85305786132812,(,(
-64.49227905273438,85.1300048828125,),)
-59.06174087524414,152.15647888183594,},}
106.74507141113281,35.84756851196289,identifier,len
40.94896697998047,-117.0329360961914,=,=
110.98189544677734,-35.953208923339844,identifier,arr
64.31385040283203,87.23385620117188,.,.
105.27506256103516,54.328269958496094,identifier,length
-76.4326171875,-36.16730499267578,",",","
118.65486145019531,13.818549156188965,identifier,out
41.107173919677734,-126.47908020019531,=,=
45.84482192993164,0.09543676674365997,identifier,Array
-39.6699333190918,-91.04232025146484,(,(
108.8585205078125,36.70723342895508,identifier,len
-75.44869232177734,87.10165405273438,),)
-78.02494812011719,-38.872135162353516,",",","
149.19454956054688,-5.752047538757324,identifier,val
-112.32859802246094,-91.70575714111328,for,for
-105.29163360595703,-86.29586029052734,(,(
157.9792022705078,9.710512161254883,identifier,i
42.0308837890625,-105.65792846679688,=,=
160.708984375,13.520453453063965,identifier,i
27.18414878845215,-65.44322967529297,<,<
109.4816665649414,38.86243438720703,identifier,len
161.65785217285156,15.845049858093262,identifier,i
-131.98326110839844,33.730560302734375,),)
-164.66770935058594,-8.673111915588379,{,{
124.0548324584961,6.100069999694824,identifier,out
152.20347595214844,18.513566970825195,identifier,i
20.85563850402832,-125.86028289794922,=,=
104.70592498779297,11.219453811645508,identifier,val
29.211563110351562,-117.77571868896484,=,=
112.69864654541016,-35.186702728271484,identifier,arr
152.4995574951172,16.91570472717285,identifier,i
-116.29927825927734,-117.10763549804688,if,if
-89.7508316040039,-83.78678894042969,(,(
108.115478515625,8.275192260742188,identifier,val
17.107004165649414,-55.63037872314453,===,===
-21.758150100708008,-23.404016494750977,&&,&&
108.44690704345703,8.305549621582031,identifier,val
21.047138214111328,-54.64883041381836,===,===
108.40169525146484,8.381319999694824,identifier,val
-21.655750274658203,-23.06586265563965,&&,&&
108.74105072021484,8.255252838134766,identifier,val
26.498165130615234,-60.98638153076172,<,<
76.25247955322266,6.37507438659668,identifier,pinf
-22.190570831298828,-23.1823787689209,&&,&&
108.9373779296875,8.24088191986084,identifier,val
28.04439926147461,-55.21055603027344,>,>
76.24436950683594,6.404285430908203,identifier,ninf
-129.70338439941406,39.731178283691406,),)
-158.13568115234375,0.5599485039710999,{,{
124.25360870361328,6.17979621887207,identifier,out
151.17901611328125,15.700946807861328,identifier,i
22.134565353393555,-127.4078140258789,=,=
-47.73066329956055,147.0546875,},}
-47.57203674316406,140.44338989257812,},}
23.13960075378418,192.07716369628906,return,return
120.22896575927734,3.8608827590942383,identifier,out
-25.237092971801758,136.15069580078125,},}
-13.956901550292969,-179.5301513671875,function,function
-52.06673049926758,-130.66244506835938,(,(
87.12173461914062,-45.10462951660156,identifier,key
-126.51673126220703,87.98422241210938,),)
-178.15199279785156,-40.39691925048828,{,{
31.78540802001953,103.2056884765625,.,.
72.77774047851562,-16.399700164794922,identifier,key
28.212804794311523,-131.64195251464844,=,=
103.94664764404297,-33.791969299316406,identifier,key
32.47980499267578,101.72462463378906,.,.
70.06537628173828,-15.437085151672363,identifier,keyType
33.40184783935547,-127.13304901123047,=,=
104.3704833984375,-33.97227478027344,identifier,key
33.612674713134766,61.56659698486328,.,.
38.17976760864258,37.33423614501953,identifier,split
-21.90114402770996,-66.57376861572266,(,(
59.400882720947266,-0.9972410798072815,"""",""" """
-77.17171478271484,91.98341369628906,),)
32.45423889160156,101.03221893310547,.,.
73.87101745605469,-16.013463973999023,identifier,rawkey
33.31467056274414,-126.83380126953125,=,=
104.65377044677734,-33.94315719604492,identifier,key
33.170711517333984,61.98337173461914,.,.
37.92028045654297,37.55729293823242,identifier,split
-22.57950782775879,-66.66827392578125,(,(
59.45751190185547,-1.0948362350463867,"""",""" """
-77.45484161376953,91.47247314453125,),)
-171.72169494628906,-2.202465534210205,{,{
32.92978286743164,99.68214416503906,.,.
74.33137512207031,-7.578904151916504,identifier,keyComment
32.655540466308594,-125.67215728759766,=,=
104.80738830566406,-33.873313903808594,identifier,key
32.9449348449707,62.287635803222656,.,.
37.87042999267578,37.62959671020508,identifier,split
-22.766284942626953,-66.84576416015625,(,(
59.536773681640625,-1.0957781076431274,"""",""" """
-77.68154907226562,91.30728149414062,),)
-62.780975341796875,146.7227325439453,},}
-87.41899108886719,-76.46337890625,(,(
142.7411346435547,4.345995903015137,identifier,err
-125.48867797851562,35.32914733886719,),)
-163.77186584472656,1.9714690446853638,{,{
33.43838882446289,96.9023666381836,.,.
74.3433609008789,-7.356202602386475,identifier,keyComment
24.497631072998047,-132.19088745117188,=,=
-56.39790344238281,149.3412322998047,},}
31.833982467651367,96.10700225830078,.,.
77.4746322631836,14.13860034942627,identifier,byteArray
27.6656436920166,-124.74610137939453,=,=
33.692386627197266,86.8578109741211,.,.
67.86494445800781,4.701316833496094,identifier,_stringToBytes
-32.039154052734375,-83.7564926147461,(,(
66.59542846679688,4.850549221038818,identifier,atob
-31.396224975585938,-85.62372589111328,(,(
47.802978515625,98.93047332763672,.,.
85.30286407470703,4.224292755126953,identifier,rawkey
-85.33048248291016,80.09915924072266,),)
-66.28470611572266,74.25572204589844,),)
30.52823829650879,95.3938217163086,.,.
77.42675018310547,14.122895240783691,identifier,slicedArray
23.51529884338379,-130.38829040527344,=,=
29.494342803955078,95.89901733398438,.,.
76.24189758300781,13.005706787109375,identifier,wordLength
22.895551681518555,-128.96595764160156,=,=
27.85152816772461,84.14134216308594,.,.
69.31425476074219,12.594735145568848,identifier,_load
-25.157697677612305,-93.68984985351562,(,(
-76.05500793457031,65.79705047607422,),)
-22.4346981048584,137.70458984375,},}
-6.774266719818115,-178.84559631347656,function,function
56.17802810668945,-23.161182403564453,identifier,Advertisement
-54.28358459472656,-131.56842041015625,(,(
99.73870849609375,-56.71792221069336,identifier,props
-127.7002182006836,89.804931640625,),)
-179.51959228515625,-41.56035614013672,{,{
-135.4980926513672,-20.333499908447266,{,{
70.18292236328125,-31.460107803344727,identifier,centered
-74.10128784179688,-8.139240264892578,",",","
84.84819793701172,-30.599050521850586,identifier,children
-74.21168518066406,-7.987243175506592,",",","
83.0514907836914,-33.97527313232422,identifier,className
-74.65309143066406,-7.884220123291016,",",","
60.1645622253418,-39.661922454833984,identifier,content
-74.99385833740234,-7.769080638885498,",",","
73.11592102050781,-34.547630310058594,identifier,test
-75.18441772460938,-7.631854057312012,",",","
76.10394287109375,-33.5969123840332,identifier,unit
-56.507198333740234,112.66178894042969,},}
46.67531204223633,-115.08434295654297,=,=
99.94100952148438,-56.96543884277344,identifier,props
87.41109466552734,-23.04534912109375,identifier,classes
42.12023162841797,-122.02449035644531,=,=
57.94594955444336,-9.675761222839355,identifier,cx
-46.80315017700195,-78.950927734375,(,(
-56.71688461303711,-6.507846355438232,",",","
76.10335540771484,-33.57642364501953,identifier,unit
-58.05060958862305,-4.020331859588623,",",","
52.316463470458984,-6.649788856506348,identifier,useKeyOnly
-41.98073196411133,-89.23827362060547,(,(
70.17610931396484,-31.452791213989258,identifier,centered
-57.88979721069336,-9.77968692779541,",",","
-79.68302917480469,86.90177154541016,),)
-58.00379180908203,-3.8113820552825928,",",","
52.320587158203125,-6.646670818328857,identifier,useKeyOnly
-41.890098571777344,-89.2286605834961,(,(
73.2278823852539,-34.48163604736328,identifier,test
-57.8975715637207,-9.784865379333496,",",","
-79.68650817871094,86.59719848632812,),)
-57.31862258911133,-3.126697063446045,",",","
-56.4404296875,-3.0963685512542725,",",","
83.0160903930664,-33.85133361816406,identifier,className
-57.2741813659668,10.020037651062012,",",","
-53.22688674926758,81.20935821533203,),)
96.47126770019531,12.413575172424316,identifier,rest
33.50823211669922,-115.61251068115234,=,=
67.02589416503906,0.0013296367833390832,identifier,getUnhandledProps
-33.19723129272461,-82.76896667480469,(,(
55.92375183105469,-26.249391555786133,identifier,Advertisement
-49.84446334838867,-1.4949920177459717,",",","
100.4841079711914,-57.554283142089844,identifier,props
-55.546722412109375,79.69851684570312,),)
93.09526824951172,8.118355751037598,identifier,ElementType
31.196388244628906,-115.51828002929688,=,=
68.22748565673828,2.9140923023223877,identifier,getElementType
-32.94773864746094,-82.947998046875,(,(
55.92161560058594,-26.237995147705078,identifier,Advertisement
-49.494956970214844,-1.1369878053665161,",",","
100.54564666748047,-57.61873245239258,identifier,props
-55.387229919433594,79.07820892333984,),)
21.714527130126953,184.58958435058594,return,return
-58.678977966308594,-77.51534271240234,(,(
30.938560485839844,-59.14156723022461,<,<
92.13380432128906,8.571250915527344,identifier,ElementType
-145.76123046875,-19.819103240966797,{,{
109.98612213134766,4.921262264251709,identifier,rest
-52.58906173706055,110.06828308105469,},}
100.96416473388672,6.528149127960205,identifier,className
21.29833221435547,-121.22723388671875,=,=
-144.6298370361328,-22.321352005004883,{,{
97.3448715209961,-1.3720004558563232,identifier,classes
-52.512290954589844,110.00502014160156,},}
73.41534423828125,13.693763732910156,identifier,data-text
21.23879051208496,-121.18494415283203,=,=
-144.6497802734375,-22.28410530090332,{,{
72.8627700805664,-34.632381439208984,identifier,test
-51.8907470703125,110.07556915283203,},}
-59.352664947509766,54.315704345703125,>,>
-144.71835327148438,-20.125329971313477,{,{
52.62855911254883,22.093029022216797,identifier,childrenUtils
32.84623336791992,74.8831787109375,.,.
60.58695602416992,11.571598052978516,identifier,isNil
-29.34491729736328,-88.89643859863281,(,(
99.6044692993164,-6.146171569824219,identifier,children
-85.21910095214844,75.62110900878906,),)
59.138458251953125,-40.09695816040039,identifier,content
99.6185531616211,-6.121615409851074,identifier,children
-51.63290023803711,118.54991149902344,},}
-50.49831771850586,130.1653594970703,<,<
111.6230239868164,-1.3340615034103394,identifier,ElementType
-59.36487579345703,54.33994674682617,>,>
-56.3060417175293,70.67227935791016,),)
-32.73490905761719,132.62184143066406,},}
-3.4358749389648438,-174.3484344482422,function,function
55.43708801269531,-17.9699764251709,identifier,constructSelectEvent
-56.3406867980957,-135.20814514160156,(,(
86.44165802001953,-37.797142028808594,identifier,nativeEvent
-78.17029571533203,-13.994044303894043,",",","
86.04181671142578,-37.56434631347656,identifier,nativeEventTarget
-124.63408660888672,96.70572662353516,),)
-185.49569702148438,-40.50242233276367,{,{
83.63542938232422,-11.801567077636719,identifier,doc
45.23980712890625,-121.8487319946289,=,=
63.29914855957031,-11.610649108886719,identifier,getEventTargetDocument
-45.4976806640625,-85.56243896484375,(,(
85.97241973876953,-35.68817901611328,identifier,nativeEventTarget
-70.71463775634766,88.54825592041016,),)
-123.50023651123047,-108.7072525024414,if,if
-97.69525909423828,-74.07247161865234,(,(
67.75064849853516,-18.622041702270508,identifier,mouseDown
-11.96661376953125,-26.94882583618164,||,||
78.05138397216797,-15.696432113647461,identifier,activeElement$1
-12.325311660766602,-26.585981369018555,||,||
78.0958023071289,-15.696825981140137,identifier,activeElement$1
63.66555404663086,-8.357553482055664,identifier,getActiveElement
-42.4176139831543,-86.36750793457031,(,(
83.69469451904297,-11.893824577331543,identifier,doc
-82.50086975097656,86.2110595703125,),)
-125.4493179321289,28.82120704650879,),)
-166.59637451171875,5.017852783203125,{,{
13.651822090148926,188.90423583984375,return,return
-58.0990104675293,150.35914611816406,},}
96.05177307128906,10.30522632598877,identifier,currentSelection
33.87142562866211,-117.23600769042969,=,=
68.54701232910156,1.06233811378479,identifier,getSelection
-36.03676986694336,-83.8127670288086,(,(
88.5386962890625,-4.769983768463135,identifier,activeElement$1
-71.73200988769531,78.93052673339844,),)
-118.91796112060547,-116.5757064819336,if,if
-94.26547241210938,-82.6014404296875,(,(
104.15959167480469,2.369826078414917,identifier,lastSelection
-12.181353569030762,-25.484798431396484,||,||
63.992984771728516,3.3645026683807373,identifier,shallowEqual
-30.758115768432617,-84.31519317626953,(,(
104.27005004882812,2.6466147899627686,identifier,lastSelection
-47.70660400390625,-0.8551229238510132,",",","
104.35565948486328,3.0075747966766357,identifier,currentSelection
-85.77214050292969,78.64227294921875,),)
-129.33114624023438,37.24034881591797,),)
-162.3673858642578,-4.345220565795898,{,{
103.63639068603516,3.749925136566162,identifier,lastSelection
22.2091007232666,-123.7757797241211,=,=
104.16654205322266,3.467061996459961,identifier,currentSelection
92.40144348144531,5.8732075691223145,identifier,syntheticEvent
27.384666442871094,-114.7243423461914,=,=
92.24822998046875,5.7971625328063965,identifier,SyntheticEvent
31.308942794799805,77.8128890991211,.,.
70.87174987792969,9.506189346313477,identifier,getPooled
-25.54340171813965,-83.19564819335938,(,(
78.47930145263672,5.846042633056641,identifier,eventTypes$3
46.05818557739258,105.66357421875,.,.
77.06393432617188,8.29343032836914,identifier,select
-45.92987060546875,8.553711891174316,",",","
78.66642761230469,5.740537166595459,identifier,activeElementInst$1
-46.330970764160156,8.188817977905273,",",","
99.40570831298828,-8.60921859741211,identifier,nativeEvent
-46.67856979370117,7.97104024887085,",",","
99.41442108154297,-8.618632316589355,identifier,nativeEventTarget
-68.32280731201172,64.79463195800781,),)
92.68424224853516,3.9813127517700195,identifier,syntheticEvent
27.60165023803711,99.38884735107422,.,.
75.64744567871094,33.23652648925781,identifier,type
24.390832901000977,-128.49929809570312,=,=
92.69761657714844,3.922699213027954,identifier,syntheticEvent
27.59800148010254,99.42750549316406,.,.
66.43955993652344,-38.47783660888672,identifier,target
24.410737991333008,-128.1356964111328,=,=
79.1319351196289,5.4905500411987305,identifier,activeElement$1
74.04178619384766,7.308936595916748,identifier,accumulateTwoPhaseDispatches
-20.075550079345703,-86.13025665283203,(,(
92.40701293945312,2.934971570968628,identifier,syntheticEvent
-71.3153305053711,61.71265411376953,),)
19.555381774902344,192.0442352294922,return,return
92.41075897216797,2.9214866161346436,identifier,syntheticEvent
-44.03297424316406,143.35926818847656,},}
25.48581886291504,191.82077026367188,return,return
-22.13947296142578,132.30963134765625,},}
-2.15572190284729,-172.9020538330078,function,function
56.9735221862793,-17.698516845703125,identifier,tryGetImportOrExportClauseCompletionSymbols
-59.74246597290039,-135.36776733398438,(,(
87.03401184082031,-36.36243438720703,identifier,namedImportsOrExports
-124.82515716552734,98.18074035644531,),)
-187.41282653808594,-39.40105056762695,{,{
83.85242462158203,-21.77177619934082,identifier,declarationKind
42.22012710571289,-120.61862182617188,=,=
103.58583068847656,-23.74652099609375,identifier,namedImportsOrExports
60.228309631347656,88.52059936523438,.,.
74.44924926757812,38.166351318359375,identifier,kind
17.970102310180664,-52.43042755126953,===,===
83.93975067138672,-18.122953414916992,identifier,importOrExportDeclaration
38.10129165649414,-118.72045135498047,=,=
48.98162841796875,12.822033882141113,identifier,ts
38.92067337036133,75.7682113647461,.,.
64.82691192626953,-4.362127304077148,identifier,getAncestor
-38.32375717163086,-82.15982818603516,(,(
103.5619125366211,-23.669925689697266,identifier,namedImportsOrExports
-52.90080642700195,-3.0472397804260254,",",","
92.90496063232422,-19.643356323242188,identifier,declarationKind
-69.92373657226562,81.0586929321289,),)
95.84237670898438,9.383069038391113,identifier,moduleSpecifier
32.24365234375,-116.59233856201172,=,=
107.26493835449219,-13.274691581726074,identifier,importOrExportDeclaration
53.55546569824219,95.42253112792969,.,.
89.6291275024414,7.175705432891846,identifier,moduleSpecifier
-115.6657943725586,-114.68526458740234,if,if
-93.96524047851562,-83.81792449951172,(,(
104.18191528320312,0.9770446419715881,identifier,moduleSpecifier
-123.4559326171875,38.40011215209961,),)
-161.60145568847656,4.4106855392456055,{,{
15.172651290893555,189.45181274414062,return,return
-56.913082122802734,146.92417907714844,},}
75.66669464111328,14.536886215209961,identifier,isMemberCompletion
21.147212982177734,-131.48634338378906,=,=
75.8013916015625,14.076475143432617,identifier,isNewIdentifierLocation
21.27637481689453,-131.57443237304688,=,=
150.78457641601562,-7.995476245880127,identifier,exports
90.55220794677734,5.227967262268066,identifier,moduleSpecifierSymbol
27.138154983520508,-114.42076873779297,=,=
83.45697784423828,1.8775962591171265,identifier,typeChecker
31.796911239624023,78.19847869873047,.,.
71.56294250488281,8.469634056091309,identifier,getSymbolAtLocation
-24.83107566833496,-85.56836700439453,(,(
107.06617736816406,-13.202950477600098,identifier,importOrExportDeclaration
44.849761962890625,104.55072021484375,.,.
89.7791976928711,5.404972076416016,identifier,moduleSpecifier
-68.84385681152344,64.24371337890625,),)
-114.76132202148438,-120.51690673828125,if,if
-85.44583892822266,-82.76544952392578,(,(
90.22432708740234,4.738044261932373,identifier,moduleSpecifierSymbol
-127.1810302734375,43.610164642333984,),)
-155.64305114746094,-0.4314500391483307,{,{
94.74239349365234,1.0781623125076294,identifier,exports
23.895885467529297,-117.34827423095703,=,=
83.47439575195312,1.871604084968567,identifier,typeChecker
32.32539749145508,78.77938079833984,.,.
73.40798950195312,6.886931419372559,identifier,getExportsOfModule
-19.43171501159668,-86.88764953613281,(,(
90.02408599853516,4.533315181732178,identifier,moduleSpecifierSymbol
-71.0730972290039,61.78133010864258,),)
-56.30189514160156,153.34429931640625,},}
95.46012115478516,2.933201789855957,identifier,symbols
33.28055191040039,-122.97149658203125,=,=
95.03980255126953,0.6970033049583435,identifier,exports
73.2802734375,6.202521324157715,identifier,filterNamedImportOrExportCompletionItems
-20.164640426635742,-88.12488555908203,(,(
95.0070571899414,0.8161702752113342,identifier,exports
-44.436161041259766,11.054024696350098,",",","
106.61912536621094,-13.946657180786133,identifier,namedImportsOrExports
44.6125373840332,105.63446044921875,.,.
81.35775756835938,3.034130811691284,identifier,elements
-71.47026062011719,60.6329460144043,),)
74.54816436767578,5.305669784545898,identifier,emptyArray
26.040088653564453,192.23829650878906,return,return
-20.66744613647461,132.4086456298828,},}
-2.900599479675293,-174.4546661376953,function,function
54.341026306152344,-17.285934448242188,identifier,generateTimestamp
-55.875755310058594,-134.89842224121094,(,(
91.78366088867188,-45.02965545654297,identifier,date
-77.66345977783203,-14.721373558044434,",",","
84.19078826904297,-41.32735061645508,identifier,microseconds
-125.71693420410156,95.59008026123047,),)
-185.08749389648438,-42.24330139160156,{,{
-126.41607666015625,-106.43606567382812,if,if
-100.92657470703125,-71.90242767333984,(,(
99.10208129882812,-27.46619415283203,identifier,date
-124.49469757080078,24.474470138549805,),)
-170.4777069091797,5.751190185546875,{,{
99.05192565917969,-27.351804733276367,identifier,date
34.985198974609375,-130.0593719482422,=,=
59.26885986328125,-13.390814781188965,identifier,Date
-31.94015884399414,-96.22895050048828,(,(
-68.46646881103516,92.72149658203125,),)
-60.42830276489258,152.03884887695312,},}
85.42778015136719,-22.350374221801758,identifier,longMicro
50.306636810302734,-125.380859375,=,=
41.11316680908203,6.358284950256348,identifier,Long
50.81276321411133,85.62681579589844,.,.
71.07630920410156,-9.573029518127441,identifier,ZERO
-123.06710052490234,-110.53761291503906,if,if
-97.78639221191406,-76.03192138671875,(,(
102.6880111694336,-27.62060546875,identifier,microseconds
16.577041625976562,-54.321937561035156,===,===
-20.5795955657959,-25.445354461669922,&&,&&
102.54933166503906,-27.568077087402344,identifier,microseconds
-21.185239791870117,-25.47429084777832,&&,&&
102.48741912841797,-27.54271125793457,identifier,microseconds
27.392942428588867,-60.778526306152344,<,<
-125.47528076171875,30.12348175048828,),)
-166.6968231201172,0.08477917313575745,{,{
103.07427978515625,9.036669731140137,identifier,longMicro
31.2684326171875,-122.80706787109375,=,=
41.16044616699219,6.402407646179199,identifier,Long
34.98932647705078,71.71134948730469,.,.
58.592002868652344,13.920286178588867,identifier,fromInt
-35.85013961791992,-85.6380386352539,(,(
102.2285385131836,-27.443506240844727,identifier,microseconds
-71.01342010498047,79.23878479003906,),)
-61.541446685791016,144.1783905029297,},}
-75.48387145996094,139.42796325683594,else,else
-159.97146606445312,-6.686428546905518,{,{
-116.10513305664062,-113.370849609375,if,if
-93.17554473876953,-82.6242446899414,(,(
100.08462524414062,3.77728009223938,identifier,_timestampTicks
28.15265464782715,-54.81534957885742,>,>
-123.71864318847656,37.641357421875,),)
-162.2205352783203,2.0866453647613525,{,{
100.58080291748047,4.142900466918945,identifier,_timestampTicks
19.885282516479492,-127.42892456054688,=,=
-56.36973571777344,146.86546325683594,},}
103.095458984375,9.059150695800781,identifier,longMicro
26.62904930114746,-118.46794128417969,=,=
41.2197265625,6.45927095413208,identifier,Long
34.568878173828125,71.88711547851562,.,.
58.721641540527344,13.948227882385254,identifier,fromInt
-30.74283790588379,-86.67271423339844,(,(
100.44025421142578,3.3209989070892334,identifier,_timestampTicks
-71.37498474121094,71.91392517089844,),)
100.74766540527344,4.1091108322143555,identifier,_timestampTicks
-51.968631744384766,143.593017578125,},}
22.204496383666992,186.48561096191406,return,return
41.21117401123047,6.44450569152832,identifier,Long
34.349544525146484,71.93189239501953,.,.
59.10932540893555,13.999134063720703,identifier,fromNumber
-25.900096893310547,-85.51726531982422,(,(
100.71891784667969,-39.83686447143555,identifier,date
28.77819061279297,74.5145034790039,.,.
54.11387634277344,4.546761989593506,identifier,getTime
-24.216341018676758,-99.3328857421875,(,(
-87.37942504882812,70.43087005615234,),)
-80.46064758300781,70.67707061767578,),)
22.584339141845703,63.4442024230957,.,.
61.134708404541016,14.53219985961914,identifier,multiply
-18.471805572509766,-82.0862045288086,(,(
76.44654846191406,9.386034965515137,identifier,_longOneThousand
-80.54114532470703,70.54924774169922,),)
22.500885009765625,63.32501220703125,.,.
61.87943649291992,14.348843574523926,identifier,add
-18.409893035888672,-82.30696868896484,(,(
112.64974212646484,1.30619215965271,identifier,longMicro
-70.04822540283203,63.4285774230957,),)
-22.334936141967773,134.62271118164062,},}
-7.440270900726318,-179.3812713623047,function,function
56.70623779296875,-22.384490966796875,identifier,Wheel
-53.45841598510742,-133.18421936035156,(,(
91.13109588623047,-42.950103759765625,identifier,parent
-78.84933471679688,-16.243356704711914,",",","
118.31024169921875,-58.844566345214844,identifier,options
-125.84750366210938,92.51644897460938,),)
-183.78273010253906,-45.11670684814453,{,{
55.518211364746094,-10.814553260803223,identifier,_classCallCheck
-47.6287841796875,-82.64042663574219,(,(
-54.497196197509766,-11.065267562866211,",",","
63.464778900146484,-23.880271911621094,identifier,Wheel
-68.59095764160156,88.58035278320312,),)
81.50022888183594,-16.365854263305664,identifier,_this
42.73965835571289,-122.73847961425781,=,=
57.100341796875,-9.179753303527832,identifier,_possibleConstructorReturn
-43.861568450927734,-83.04591369628906,(,(
-52.11195373535156,-10.66026782989502,",",","
-59.838409423828125,-80.99779510498047,(,(
63.484649658203125,-23.762550354003906,identifier,Wheel
59.56588363647461,90.90576934814453,.,.
56.36372375488281,-7.491367340087891,identifier,__proto__
-9.469847679138184,-27.192073822021484,||,||
41.30186080932617,2.2277185916900635,identifier,Object
42.4384880065918,71.1177978515625,.,.
56.413089752197266,-7.677038192749023,identifier,getPrototypeOf
-44.504188537597656,-91.34888458251953,(,(
63.48231887817383,-23.85525131225586,identifier,Wheel
-82.47985076904297,87.26863098144531,),)
-76.94902801513672,84.45256805419922,),)
29.169443130493164,61.202720642089844,.,.
22.000877380371094,11.969772338867188,identifier,call
-40.2314338684082,-83.85382843017578,(,(
-52.16165542602539,-6.865449905395508,",",","
95.30623626708984,-35.853240966796875,identifier,parent
-85.45890808105469,84.62018585205078,),)
-64.90058135986328,82.09467315673828,),)
121.96726989746094,-55.975067138671875,identifier,options
35.2819709777832,-121.51240539550781,=,=
123.36009216308594,-57.46654510498047,identifier,options
-6.221012592315674,-27.245197296142578,||,||
-140.47808837890625,-26.991294860839844,{,{
-60.13142776489258,115.1849365234375,},}
124.89079284667969,-14.392812728881836,identifier,_this
31.327009201049805,98.03809356689453,.,.
85.1187973022461,22.387575149536133,identifier,percent
28.184167861938477,-126.4436264038086,=,=
127.88621520996094,-54.33555221557617,identifier,options
52.82596206665039,96.33222198486328,.,.
85.1224136352539,22.428150177001953,identifier,percent
-7.264501094818115,-26.35506820678711,||,||
124.93217468261719,-13.966900825500488,identifier,_this
30.641801834106445,97.82958984375,.,.
85.78963470458984,19.50762176513672,identifier,center
27.136938095092773,-126.98361206054688,=,=
128.52906799316406,-54.294307708740234,identifier,options
50.87907409667969,104.14505004882812,.,.
85.70773315429688,19.52772331237793,identifier,center
124.76434326171875,-14.031859397888184,identifier,_this
30.299007415771484,97.82015228271484,.,.
83.74028778076172,19.95321273803711,identifier,reverse
26.85099220275879,-127.21033477783203,=,=
128.55838012695312,-54.67919158935547,identifier,options
50.73056411743164,104.36344909667969,.,.
83.76129913330078,19.91087532043457,identifier,reverse
124.4298324584961,-13.781278610229492,identifier,_this
29.88368034362793,97.47333526611328,.,.
83.04071044921875,20.85091209411621,identifier,smooth
26.50223159790039,-127.29788208007812,=,=
128.86917114257812,-54.95231628417969,identifier,options
50.52251052856445,104.62823486328125,.,.
83.02279663085938,20.89970588684082,identifier,smooth
123.97089385986328,-13.746675491333008,identifier,_this
29.12359619140625,96.94114685058594,.,.
80.6057357788086,20.059417724609375,identifier,interrupt
25.001741409301758,-126.05924987792969,=,=
128.9901123046875,-55.56212615966797,identifier,options
49.8026237487793,107.2499008178711,.,.
80.58164978027344,20.09126091003418,identifier,interrupt
16.995933532714844,-55.89625930786133,===,===
129.44651794433594,-55.49663543701172,identifier,options
48.26268768310547,106.36611938476562,.,.
80.57662963867188,20.12805938720703,identifier,interrupt
21.790380477905273,192.52532958984375,return,return
117.34742736816406,0.4684794545173645,identifier,_this
-22.24212074279785,135.98138427734375,},}
-15.715518951416016,-178.7355194091797,function,function
-54.80973434448242,-127.11780548095703,(,(
-130.2245330810547,87.66226959228516,),)
-178.8966522216797,-38.04843521118164,{,{
-124.84114837646484,-105.07157897949219,if,if
-101.97997283935547,-71.89798736572266,(,(
91.34835052490234,-6.570623874664307,identifier,itemsToWipe
61.78852844238281,84.29791259765625,.,.
103.99372863769531,52.78498840332031,identifier,length
-124.72312927246094,23.853416442871094,),)
-168.57806396484375,7.607187747955322,{,{
13.176902770996094,191.466796875,return,return
-61.0750732421875,151.28196716308594,},}
-110.54991149902344,-90.29733276367188,for,for
-107.87474060058594,-85.96487426757812,(,(
160.16458129882812,8.17945671081543,identifier,i
44.289371490478516,-106.9534912109375,=,=
-76.19490051269531,-34.6374626159668,",",","
106.11553192138672,34.334903717041016,identifier,c
43.63862228393555,-119.72521209716797,=,=
63.11468505859375,83.52467346191406,.,.
103.15658569335938,52.88188552856445,identifier,length
-76.28683471679688,-38.553924560546875,",",","
145.8993377685547,-4.954800128936768,identifier,varItem
163.81744384765625,12.490965843200684,identifier,i
27.450361251831055,-67.30915069580078,<,<
107.94767761230469,38.95482635498047,identifier,c
164.49896240234375,14.557872772216797,identifier,i
-133.1592254638672,30.81913185119629,),)
-167.14393615722656,-10.01962947845459,{,{
88.37545776367188,-17.133033752441406,identifier,varItem
38.49645233154297,-119.76292419433594,=,=
155.17584228515625,18.067745208740234,identifier,i
-120.90980529785156,-113.32804107666016,if,if
-92.28977966308594,-76.30570220947266,(,(
99.8953857421875,-22.14274024963379,identifier,varItem
-128.16268920898438,32.52397537231445,),)
-164.9557647705078,-6.240484237670898,{,{
96.74151611328125,9.89048957824707,identifier,itemIndex
32.36888885498047,-117.47606658935547,=,=
91.58438873291016,-6.303447246551514,identifier,itemsToWipe
31.971467971801758,68.68052673339844,.,.
43.80372619628906,20.304948806762695,identifier,indexOf
-35.32268142700195,-83.09425354003906,(,(
122.37092590332031,-25.697484970092773,identifier,varItem
-68.38179016113281,76.83255004882812,),)
-116.67182922363281,-116.03646850585938,if,if
-91.51956939697266,-82.6461181640625,(,(
104.72869873046875,0.6065927147865295,identifier,itemIndex
-126.86598205566406,38.139095306396484,),)
-159.9355010986328,-1.2684704065322876,{,{
91.72560119628906,-6.150007247924805,identifier,itemsToWipe
23.202743530273438,75.21119689941406,.,.
35.12148666381836,23.867090225219727,identifier,splice
-25.331682205200195,-76.55207061767578,(,(
108.99236297607422,-2.12601900100708,identifier,itemIndex
-43.087074279785156,-6.757351398468018,",",","
-69.0140151977539,71.90337371826172,),)
25.541318893432617,75.62300872802734,.,.
35.215518951416016,23.86349105834961,identifier,splice
-24.64208984375,-77.85017395019531,(,(
152.2498779296875,14.08613395690918,identifier,i
-42.78242874145508,-6.67934513092041,",",","
-70.27842712402344,68.27324676513672,),)
156.8149871826172,14.017059326171875,identifier,i
-47.94963455200195,145.07350158691406,},}
-47.153831481933594,141.4680633544922,},}
-47.15038299560547,141.2974853515625,},}
-28.932008743286133,135.50953674316406,},}
-4.864638328552246,-174.26817321777344,function,function
50.76873779296875,-17.29753303527832,identifier,convert
-53.60890197753906,-135.64820861816406,(,(
117.00529479980469,-59.615882873535156,identifier,options
-75.87767028808594,-16.922996520996094,",",","
97.40149688720703,-39.03765106201172,identifier,buffer
-76.42768096923828,-11.545296669006348,",",","
80.92259216308594,-52.487586975097656,identifier,next
-80.21147918701172,-10.77289867401123,",",","
77.37429809570312,-54.1508903503418,identifier,callback
-123.44407653808594,95.3819580078125,),)
-185.65933227539062,-38.9478759765625,{,{
79.66748809814453,-22.25611686706543,identifier,gunzip
45.494529724121094,-123.66907501220703,=,=
80.9122085571289,-0.8482270836830139,identifier,path
45.423545837402344,74.04571533203125,.,.
57.40407180786133,1.254181981086731,identifier,extname
-46.224952697753906,-86.7994155883789,(,(
125.58819580078125,-51.48552703857422,identifier,options
55.851261138916016,86.89630126953125,.,.
77.97122955322266,-4.377390384674072,identifier,source
-77.7920913696289,88.3815689086914,),)
16.259511947631836,-53.0833625793457,===,===
61.77590560913086,-2.9349205493927,"""",""".gz"""
-125.40729522705078,-110.6925277709961,if,if
-94.11031341552734,-73.29862976074219,(,(
77.31731414794922,-21.023340225219727,identifier,gunzip
-129.8053436279297,28.452760696411133,),)
-168.62738037109375,-3.5999093055725098,{,{
58.882320404052734,-5.711599826812744,identifier,zlib
40.756378173828125,74.28242492675781,.,.
59.789955139160156,-6.081718921661377,identifier,gunzip
-44.05866241455078,-78.96906280517578,(,(
97.78960418701172,-38.53034210205078,identifier,buffer
-49.772735595703125,-12.433653831481934,",",","
-17.322134017944336,-166.8341522216797,function,function
-47.21392059326172,-122.94548034667969,(,(
143.56968688964844,3.744807243347168,identifier,err
-69.31859588623047,-10.616037368774414,",",","
121.517333984375,11.811104774475098,identifier,result
-116.84696197509766,87.68970489501953,),)
-165.39796447753906,-17.824949264526367,{,{
-117.94355010986328,-110.94406127929688,if,if
-90.84052276611328,-75.70344543457031,(,(
141.9403533935547,4.901042938232422,identifier,err
-123.19274139404297,31.922775268554688,),)
-165.8531036376953,0.04512503370642662,{,{
75.11781311035156,-57.86162185668945,identifier,callback
-38.0380744934082,-69.82392120361328,(,(
75.32498168945312,-2.910762071609497,identifier,common
37.794960021972656,76.24398803710938,.,.
65.83429718017578,0.38573482632637024,identifier,prependMsgToErr
-34.594749450683594,-82.03945922851562,(,(
142.60768127441406,5.89459753036499,identifier,err
-49.93714904785156,-3.6279282569885254,",",","
127.14094543457031,-54.65314483642578,identifier,options
51.641117095947266,96.10075378417969,.,.
77.98761749267578,-4.324848651885986,identifier,source
-52.31895446777344,-0.5132020115852356,",",","
-85.80625915527344,82.9326171875,),)
-65.1754379272461,77.5431137084961,),)
-61.88469696044922,144.3134765625,},}
-75.43822479248047,138.80630493164062,else,else
-158.1082763671875,-4.998641014099121,{,{
72.3265609741211,-59.363224029541016,identifier,next
-23.168155670166016,-79.32206726074219,(,(
126.73702239990234,-57.77035903930664,identifier,options
-46.09275817871094,-0.47113627195358276,",",","
117.81169891357422,8.41421127319336,identifier,result
-18.057958602905273,-22.611005783081055,&&,&&
117.98902893066406,8.425948143005371,identifier,result
29.75291633605957,72.87581634521484,.,.
56.71312713623047,16.089658737182617,identifier,toString
-25.61761474609375,-99.34126281738281,(,(
-85.63658905029297,69.30145263671875,),)
-49.34556198120117,4.199132442474365,",",","
75.25480651855469,-55.29465103149414,identifier,callback
-68.05736541748047,73.84014129638672,),)
-51.498199462890625,148.1824188232422,},}
-48.3950080871582,127.34780883789062,},}
-57.41518020629883,67.39366149902344,),)
-62.495025634765625,141.3289337158203,},}
-73.59833526611328,139.47398376464844,else,else
-156.66259765625,-4.690123081207275,{,{
72.20699310302734,-59.28633499145508,identifier,next
-23.126766204833984,-79.67831420898438,(,(
126.79354095458984,-57.82734680175781,identifier,options
-43.71632766723633,2.601806163787842,",",","
97.63124084472656,-38.93352508544922,identifier,buffer
28.9768123626709,73.07746887207031,.,.
56.68613052368164,16.142972946166992,identifier,toString
-25.321842193603516,-99.20892333984375,(,(
-85.89978790283203,69.37710571289062,),)
-47.921852111816406,5.973224639892578,",",","
75.36819458007812,-55.307281494140625,identifier,callback
-68.19432830810547,67.95537567138672,),)
-47.17402267456055,146.41714477539062,},}
-28.986968994140625,134.7032928466797,},}
-3.835310459136963,-174.4357452392578,function,function
54.532073974609375,-18.22141456604004,identifier,mapOutputFile
-55.945106506347656,-135.76380920410156,(,(
116.82817077636719,-59.541358947753906,identifier,options
-76.24111938476562,-14.331992149353027,",",","
95.05249786376953,-38.66657257080078,identifier,page
-79.72404479980469,-11.491947174072266,",",","
78.11351776123047,-46.56795883178711,identifier,parse
-123.48409271240234,95.53315734863281,),)
-185.8926239013672,-41.56822967529297,{,{
-125.58255004882812,-107.04930114746094,if,if
-100.75985717773438,-72.98163604736328,(,(
40.40981674194336,11.806205749511719,identifier,_
43.474605560302734,69.57177734375,.,.
48.96414566040039,-3.6894371509552,identifier,isFunction
-46.84511184692383,-90.88352966308594,(,(
125.61488342285156,-51.23012924194336,identifier,options
56.45768356323242,86.3248291015625,.,.
75.75659942626953,-16.16362953186035,identifier,outputPath
-81.02340698242188,89.8062973022461,),)
-125.60296630859375,25.686752319335938,),)
-170.20333862304688,4.678452014923096,{,{
124.41075897216797,-52.045326232910156,identifier,options
33.81365203857422,103.33419036865234,.,.
75.64026641845703,-16.267854690551758,identifier,outputPath
33.625911712646484,-128.41964721679688,=,=
66.35658264160156,-9.22734260559082,identifier,normalize
-43.781742095947266,-84.62702178955078,(,(
126.03961944580078,-51.01954650878906,identifier,options
51.06298828125,90.14167785644531,.,.
75.69992065429688,-16.263906478881836,identifier,outputPath
-71.1973876953125,85.76602172851562,),)
-59.195167541503906,151.78509521484375,},}
83.98987579345703,-16.899534225463867,identifier,outputPath
38.4786376953125,-118.49263000488281,=,=
63.836517333984375,-7.697353363037109,identifier,getOutputPath
-41.4035530090332,-83.32733154296875,(,(
125.42820739746094,-56.82026672363281,identifier,options
-53.183258056640625,-5.779941558837891,",",","
95.11857604980469,-38.533973693847656,identifier,page
-53.998355865478516,-2.990849018096924,",",","
78.06595611572266,-46.461605072021484,identifier,parse
-69.80770111083984,82.12590789794922,),)
97.05691528320312,6.223054885864258,identifier,outputDir
34.114097595214844,-118.57266998291016,=,=
127.90877532958984,-53.27107620239258,identifier,options
53.271759033203125,94.5904312133789,.,.
96.82320404052734,5.053213119506836,identifier,outputDir
98.31954193115234,8.501350402832031,identifier,fileName
32.422359466552734,-112.9144515991211,=,=
72.0252685546875,2.0140645503997803,"""","""index.html"""
-118.16000366210938,-116.83798217773438,if,if
-90.50749206542969,-80.00849151611328,(,(
128.93368530273438,-52.8115234375,identifier,options
59.3315315246582,95.59314727783203,.,.
86.56843566894531,7.287808418273926,identifier,sitemapOutputDir
-126.01165771484375,37.17336654663086,),)
-161.2483673095703,0.21477341651916504,{,{
99.36228942871094,7.011120796203613,identifier,outputDir
26.908658981323242,-119.8943099975586,=,=
81.32038116455078,-0.22803810238838196,identifier,path
32.071128845214844,69.69396209716797,.,.
46.290592193603516,33.77016830444336,identifier,join
-31.34488868713379,-78.2063217163086,(,(
130.05384826660156,-53.84304428100586,identifier,options
45.64546585083008,98.70252990722656,.,.
96.90662384033203,4.817647457122803,identifier,outputDir
-42.988704681396484,-2.3131539821624756,",",","
129.76669311523438,-53.989845275878906,identifier,options
45.49958419799805,98.89788055419922,.,.
86.49108123779297,7.380030632019043,identifier,sitemapOutputDir
-70.46161651611328,72.37970733642578,),)
100.47086334228516,6.77542781829834,identifier,fileName
19.86482810974121,-127.0401611328125,=,=
67.63505554199219,23.88326072692871,"""",""""""
-52.63722229003906,144.5394287109375,},}
22.411388397216797,186.2000274658203,return,return
-59.13677215576172,-78.10015869140625,(,(
102.9399185180664,-3.400820255279541,identifier,outputPath
-18.064428329467773,-23.169322967529297,&&,&&
81.51425170898438,-0.12339294701814651,identifier,path
30.90235710144043,70.45024108886719,.,.
46.355613708496094,34.13955307006836,identifier,join
-27.461050033569336,-84.03570556640625,(,(
103.67261505126953,-4.309828281402588,identifier,outputDir
-42.30204772949219,-0.5615606904029846,",",","
103.69609069824219,-4.178709030151367,identifier,outputPath
-42.31178283691406,-0.47160646319389343,",",","
110.5761947631836,-2.6088201999664307,identifier,fileName
-87.2432632446289,75.59068298339844,),)
-64.86927795410156,63.67222595214844,),)
-7.737672328948975,-24.65205192565918,||,||
-24.373149871826172,134.244873046875,},}
-3.3263933658599854,-177.6260223388672,function,function
50.732818603515625,-17.29902458190918,identifier,transform
-54.940040588378906,-132.55323791503906,(,(
115.7538833618164,-57.65116882324219,identifier,opts
-127.53170013427734,90.59689331054688,),)
-180.8998260498047,-41.34250259399414,{,{
76.54701232910156,-28.987199783325195,identifier,contents
48.150577545166016,-121.50514221191406,=,=
122.87600708007812,-49.36750793457031,identifier,opts
54.442970275878906,84.9694595336914,.,.
76.45182800292969,-29.0252628326416,identifier,contents
118.43455505371094,29.383377075195312,identifier,index
46.72809982299805,-119.48114776611328,=,=
122.82532501220703,-49.403438568115234,identifier,opts
54.8974723815918,85.41022491455078,.,.
119.42706298828125,28.270000457763672,identifier,index
85.7191390991211,-5.355848789215088,identifier,$
43.11542892456055,-121.00860595703125,=,=
58.58799362182617,-5.641541004180908,identifier,cheerio
42.36490249633789,74.26754760742188,.,.
56.774742126464844,-4.824303150177002,identifier,load
-44.70071792602539,-86.34115600585938,(,(
76.4697494506836,-29.066904067993164,identifier,contents
-71.45985412597656,87.641357421875,),)
84.76972961425781,-4.825368404388428,identifier,$
-48.09422302246094,-78.91830444335938,(,(
-76.0838394165039,91.4052963256836,),)
27.474748611450195,60.521671295166016,.,.
22.612436294555664,-0.9083060622215271,identifier,each
-45.34305191040039,-72.26276397705078,(,(
-17.667482376098633,-167.22186279296875,function,function
-50.1922492980957,-122.78170776367188,(,(
-119.76610565185547,86.17711639404297,),)
-165.8450927734375,-18.484922409057617,{,{
86.3909912109375,-5.055473804473877,identifier,el$
38.55719757080078,-116.40269470214844,=,=
84.86095428466797,-4.878533363342285,identifier,$
-39.78611755371094,-82.49082946777344,(,(
-71.02491760253906,82.12421417236328,),)
97.97261047363281,10.977015495300293,identifier,href
33.720924377441406,-117.94241333007812,=,=
86.86347198486328,-4.544849395751953,identifier,el$
30.91458511352539,74.76595306396484,.,.
64.46400451660156,15.624568939208984,identifier,attr
-25.50179100036621,-68.52812957763672,(,(
-72.87574005126953,78.23780822753906,),)
97.45661926269531,10.190677642822266,identifier,newHref
31.380067825317383,-116.85755920410156,=,=
121.99613189697266,24.748924255371094,identifier,index
35.82197189331055,76.07333374023438,.,.
68.63410186767578,4.071577072143555,identifier,resolveLocalUrl
-32.628665924072266,-85.77532196044922,(,(
108.02522277832031,2.9689366817474365,identifier,href
-71.44331359863281,75.42228698730469,),)
-116.89665222167969,-116.58566284179688,if,if
-89.93833923339844,-81.3807601928711,(,(
107.48206329345703,3.194441556930542,identifier,href
-20.379962921142578,-22.809368133544922,&&,&&
107.62687683105469,3.2254316806793213,identifier,href
107.66649627685547,0.629322350025177,identifier,newHref
-127.57803344726562,39.14569854736328,),)
-159.12661743164062,-0.49785152077674866,{,{
86.13345336914062,-3.3551666736602783,identifier,el$
26.569091796875,79.89625549316406,.,.
64.6644058227539,15.470344543457031,identifier,attr
-33.87526321411133,-71.56027221679688,(,(
-142.8656005859375,-19.710384368896484,{,{
108.16156005859375,3.0192885398864746,identifier,href
-64.49724578857422,11.237388610839844,",",","
108.47289276123047,3.5140082836151123,identifier,href
108.53561401367188,0.34138980507850647,identifier,newHref
-53.53297805786133,118.69361877441406,},}
-64.11370849609375,67.62873077392578,),)
-48.53635787963867,146.64370727539062,},}
-47.79458236694336,127.89006042480469,},}
-58.751014709472656,67.2962875366211,),)
22.838050842285156,188.3096160888672,return,return
85.57272338867188,-3.759949207305908,identifier,$
26.036338806152344,83.2418441772461,.,.
67.42803192138672,14.741983413696289,identifier,html
-24.62932586669922,-92.84232330322266,(,(
-75.52238464355469,64.85681915283203,),)
-23.819561004638672,135.228759765625,},}
-4.074056148529053,-175.71607971191406,function,function
53.75332260131836,-18.763763427734375,identifier,replaceBlocks
-55.23933410644531,-134.4816436767578,(,(
90.1988296508789,-45.156951904296875,identifier,file
-77.73442840576172,-15.733528137207031,",",","
88.72838592529297,-49.321678161621094,identifier,blocks
-126.64485168457031,93.85157012939453,),)
-182.7896270751953,-44.53129196166992,{,{
106.69727325439453,-32.839988708496094,identifier,blocks
36.7719841003418,64.18840026855469,.,.
21.715900421142578,-0.19150228798389435,identifier,forEach
-46.657466888427734,-73.0969467163086,(,(
88.75636291503906,-32.57148361206055,identifier,block
-167.66244506835938,-17.48638153076172,{,{
117.75752258300781,29.43355369567871,identifier,index
44.79237365722656,-119.71118927001953,=,=
106.5479965209961,-22.181955337524414,identifier,file
34.597984313964844,63.22160339355469,.,.
42.90382385253906,18.56656265258789,identifier,search
-45.28704071044922,-86.85221099853516,(,(
121.5645980834961,-30.77054786682129,identifier,block
-70.84046173095703,87.67018127441406,),)
-124.41825103759766,-110.14795684814453,if,if
-95.93972778320312,-73.41184997558594,(,(
117.81816101074219,26.528615951538086,identifier,index
28.763368606567383,-53.33808517456055,>,>
-129.12916564941406,28.693817138671875,),)
-167.9549560546875,-5.719557762145996,{,{
-120.51619720458984,-110.7031478881836,if,if
-97.15536499023438,-77.56570434570312,(,(
106.98283386230469,-22.33586311340332,identifier,file
32.623634338378906,63.67369079589844,.,.
34.20241928100586,28.87359619140625,identifier,substring
-40.0972785949707,-77.6500473022461,(,(
118.97188568115234,25.646303176879883,identifier,index
-45.83517074584961,-8.191129684448242,",",","
120.0135269165039,26.706295013427734,identifier,index
-78.01286315917969,87.39288330078125,),)
61.454193115234375,-1.515143871307373,"""","""/* """
-124.81996154785156,31.031539916992188,),)
-165.99964904785156,0.6902779936790466,{,{
107.618896484375,-22.8541259765625,identifier,file
31.641273498535156,-122.61627960205078,=,=
107.27625274658203,-22.36771583557129,identifier,file
31.892480850219727,67.3238754272461,.,.
51.12504577636719,-27.43230628967285,identifier,replace
-35.92877197265625,-80.1093521118164,(,(
121.74215698242188,-30.564132690429688,identifier,block
-46.667755126953125,-4.609927654266357,",",","
72.12728118896484,1.8178976774215698,"""","""/* $1 */\n"""
-22.15876007080078,31.479310989379883,+,+
121.89649200439453,-30.476940155029297,identifier,block
-66.89356994628906,75.9062728881836,),)
-53.50927734375,148.98744201660156,},}
-61.52848815917969,141.4978790283203,},}
-74.28270721435547,139.6042938232422,else,else
-157.806640625,-5.464878559112549,{,{
75.42204284667969,14.99812126159668,identifier,maybeCompatible
20.815832138061523,-130.6240692138672,=,=
54.411964416503906,47.268009185791016,identifier,console
47.845767974853516,52.838340759277344,.,.
49.63690185546875,47.287757873535156,identifier,log
-33.72934341430664,-68.54935455322266,(,(
121.98396301269531,-30.449962615966797,identifier,block
28.202917098999023,72.36041259765625,.,.
56.87963104248047,16.445240020751953,identifier,toString
-25.502925872802734,-98.78306579589844,(,(
-86.43537902832031,69.25406646728516,),)
-50.54294204711914,108.10021209716797,},}
-65.15324401855469,69.00752258300781,),)
-48.86876678466797,146.2885284423828,},}
-47.8400993347168,127.99555969238281,},}
-57.28192138671875,66.35169982910156,),)
22.68931770324707,191.56739807128906,return,return
119.22529602050781,0.4266510307788849,identifier,file
-23.149507522583008,137.83094787597656,},}
-2.172659397125244,-174.99954223632812,function,function
55.98483657836914,-17.0483341217041,identifier,defineGetStageValue
-58.07459259033203,-133.2523193359375,(,(
88.94944763183594,-50.64778518676758,identifier,parts
-128.55511474609375,93.4119873046875,),)
-183.23251342773438,-41.963470458984375,{,{
146.0819854736328,-7.569909572601318,identifier,body
-98.57167053222656,-70.33590698242188,(,(
115.08041381835938,-33.20134353637695,identifier,parts
61.85121154785156,85.79710388183594,.,.
104.3969955444336,53.063018798828125,identifier,length
-130.7894287109375,26.452219009399414,),)
-171.7693634033203,-8.763964653015137,{,{
113.40625,14.718890190124512,identifier,body
36.25550079345703,-127.65699005126953,=,=
68.62535858154297,-8.1878080368042,"""","""return this.state;"""
84.93562316894531,-20.292356491088867,identifier,lastIndex
41.62152099609375,-118.54547882080078,=,=
115.18602752685547,-33.16179656982422,identifier,parts
65.57049560546875,84.51213836669922,.,.
103.17198944091797,55.446903228759766,identifier,length
113.3859634399414,14.726883888244629,identifier,body
36.20395278930664,-127.01742553710938,=,=
69.13868713378906,-7.597442626953125,"""","""var tmp0 = this.state;"""
-113.03640747070312,-90.80231475830078,for,for
-105.16836547851562,-85.86787414550781,(,(
157.92234802246094,9.55350112915039,identifier,i
42.020973205566406,-105.89398956298828,=,=
160.62132263183594,13.003485679626465,identifier,i
27.076765060424805,-65.73480224609375,<,<
110.48978424072266,32.61416244506836,identifier,lastIndex
162.5806884765625,16.856443405151367,identifier,i
-132.483154296875,34.05438232421875,),)
-163.3470916748047,-1.9591749906539917,{,{
113.44416809082031,14.182121276855469,identifier,body
154.43731689453125,14.847904205322266,identifier,i
-51.27463150024414,106.18122100830078,},}
154.50238037109375,14.603541374206543,identifier,i
-25.715761184692383,29.012897491455078,+,+
-51.145503997802734,106.26486206054688,},}
154.17359924316406,14.761663436889648,identifier,i
-51.06802749633789,106.30796813964844,},}
116.26981353759766,-31.998964309692383,identifier,parts
152.18606567382812,17.562585830688477,identifier,i
-50.053863525390625,107.74641418457031,},}
-54.946529388427734,145.59046936035156,},}
113.46172332763672,14.05860424041748,identifier,body
107.76699829101562,-1.7329697608947754,identifier,lastIndex
-51.86423873901367,107.0174331665039,},}
107.7445068359375,-1.696810245513916,identifier,lastIndex
-51.65513610839844,107.13736724853516,},}
116.31905364990234,-31.94779396057129,identifier,parts
108.47573852539062,-1.4164081811904907,identifier,lastIndex
-50.15730667114258,107.87682342529297,},}
-50.13554763793945,142.34837341308594,},}
22.83205223083496,187.46646118164062,return,return
39.81388854980469,-19.724346160888672,identifier,Function
-23.206165313720703,-86.59476470947266,(,(
116.46805572509766,3.772148609161377,identifier,body
-71.63948822021484,65.5009765625,),)
-27.814184188842773,138.525634765625,},}
-4.55401086807251,-177.529541015625,function,function
52.11304473876953,-19.655975341796875,identifier,randn
-55.649112701416016,-131.1805419921875,(,(
104.77508544921875,50.64447021484375,identifier,length
-128.2769012451172,90.71219635009766,),)
-181.42335510253906,-41.73257064819336,{,{
146.65304565429688,-9.285651206970215,identifier,urand
-80.4164810180664,-35.797000885009766,",",","
147.1751708984375,-8.654809951782227,identifier,vrand
-79.01557922363281,-35.43617630004883,",",","
87.80256652832031,-25.87381935119629,identifier,vec
50.09578323364258,-127.9891357421875,=,=
-77.94182586669922,-36.212623596191406,",",","
83.19139099121094,-25.314973831176758,identifier,numValues
47.1313362121582,-118.43403625488281,=,=
104.60819244384766,51.61924743652344,identifier,length
-7.497483730316162,-27.920686721801758,||,||
-111.06045532226562,-90.77542877197266,for,for
-107.19164276123047,-85.34752655029297,(,(
159.95404052734375,8.857324600219727,identifier,i
43.45241928100586,-106.6255111694336,=,=
162.8060760498047,12.813897132873535,identifier,i
27.97060775756836,-67.02007293701172,<,<
110.3787612915039,33.11470031738281,identifier,numValues
163.44332885742188,14.298504829406738,identifier,i
-132.50775146484375,30.459020614624023,),)
-167.9464569091797,-9.057215690612793,{,{
86.14962768554688,-16.405458450317383,identifier,urand
37.47562789916992,-121.6045913696289,=,=
36.087650299072266,6.743137836456299,identifier,Math
38.34721755981445,71.97764587402344,.,.
49.10688400268555,-8.286479949951172,identifier,random
-28.824045181274414,-98.3866958618164,(,(
-66.99811553955078,93.65789794921875,),)
103.14681243896484,11.160024642944336,identifier,vrand
35.41840362548828,-123.19741821289062,=,=
35.8536262512207,6.936200141906738,identifier,Math
38.208438873291016,71.96715545654297,.,.
49.10462188720703,-8.281886100769043,identifier,random
-28.601186752319336,-98.2630844116211,(,(
-66.2396240234375,93.19786071777344,),)
123.62071228027344,3.3852741718292236,identifier,vec
21.354936599731445,77.85944366455078,.,.
15.947754859924316,27.215553283691406,identifier,push
-36.88197326660156,-74.33255767822266,(,(
35.719486236572266,7.41897439956665,identifier,Math
36.290287017822266,70.60131072998047,.,.
56.62139892578125,3.5869686603546143,identifier,sqrt
-38.126556396484375,-77.4532241821289,(,(
35.43744659423828,7.514606475830078,identifier,Math
36.0733528137207,70.60305786132812,.,.
56.48084259033203,3.709787607192993,identifier,log
-33.38404846191406,-87.49443054199219,(,(
99.09574890136719,-3.399329662322998,identifier,urand
-83.87549591064453,79.80052185058594,),)
-77.48943328857422,79.79403686523438,),)
35.63856506347656,7.848799228668213,identifier,Math
35.63481521606445,69.79299926757812,.,.
57.42680740356445,3.4259204864501953,identifier,cos
-30.78647232055664,-77.22725677490234,(,(
35.27688980102539,7.8279547691345215,identifier,Math
35.17255783081055,69.42572021484375,.,.
72.75868225097656,3.5550856590270996,identifier,PI
98.79468536376953,-3.3920340538024902,identifier,vrand
-85.86892700195312,80.76750183105469,),)
-65.30801391601562,73.25479125976562,),)
-54.010257720947266,143.50933837890625,},}
-117.64558410644531,-118.98858642578125,if,if
-89.21478271484375,-82.5495834350586,(,(
92.45111846923828,-3.505864381790161,identifier,numValues
18.197208404541016,-55.17634201049805,===,===
-126.48042297363281,40.26222229003906,),)
-158.39108276367188,1.9331700801849365,{,{
18.07390022277832,188.48077392578125,return,return
121.9431381225586,1.9395322799682617,identifier,vec
-51.204044342041016,145.689208984375,},}
22.127727508544922,191.439697265625,return,return
120.84854888916016,2.018326997756958,identifier,vec
-24.7667179107666,139.07061767578125,},}
-13.531176567077637,-177.52001953125,function,function
-50.94318389892578,-132.46905517578125,(,(
90.9715576171875,-46.22658157348633,identifier,element
-77.984619140625,-18.325618743896484,",",","
85.04804229736328,-45.53792953491211,identifier,named
-125.4376220703125,91.12442779541016,),)
-181.2817840576172,-39.861141204833984,{,{
87.07862854003906,-26.897193908691406,identifier,fly
51.50731658935547,-128.77093505859375,=,=
-78.08110046386719,-35.24364471435547,",",","
82.1964111328125,-24.931520462036133,identifier,flyweights
47.6808967590332,-120.05582427978516,=,=
81.7176742553711,-8.960162162780762,identifier,Element
50.73171615600586,80.03005981445312,.,.
65.15644073486328,-12.731430053710938,identifier,_flyweights
-78.90071105957031,-37.350502014160156,",",","
148.56678771972656,-8.304478645324707,identifier,cachedElement
132.92002868652344,18.809234619140625,identifier,named
39.34470748901367,-124.39863586425781,=,=
132.98287963867188,18.84037971496582,identifier,named
-7.7335028648376465,-27.906749725341797,||,||
100.1011734008789,-25.79551124572754,identifier,element
39.62046432495117,-122.66627502441406,=,=
56.143028259277344,30.36812973022461,identifier,Ext
42.57337951660156,74.03759002685547,.,.
62.40459442138672,-9.464078903198242,identifier,getDom
-43.88042449951172,-86.07949829101562,(,(
100.79561614990234,-24.926712036132812,identifier,element
-71.29397583007812,86.57060241699219,),)
-124.33511352539062,-111.6552505493164,if,if
-93.17832946777344,-73.9685287475586,(,(
100.56310272216797,-24.842533111572266,identifier,element
-129.3220672607422,30.28713607788086,),)
-167.4722900390625,-4.388306617736816,{,{
110.86771392822266,14.037030220031738,identifier,fly
33.971092224121094,-122.45121002197266,=,=
114.83299255371094,-20.56993865966797,identifier,flyweights
133.6048583984375,14.687088012695312,identifier,named
-8.560271263122559,-26.417570114135742,||,||
-59.172428131103516,-80.1205825805664,(,(
114.8548583984375,-20.552980422973633,identifier,flyweights
133.59242248535156,14.640721321105957,identifier,named
30.879262924194336,-128.9608154296875,=,=
81.73820495605469,-8.943604469299316,identifier,Element
48.08515548706055,83.40166473388672,.,.
65.78266906738281,-2.8881194591522217,identifier,Fly
-32.28350830078125,-95.37580871582031,(,(
-88.76470947265625,71.52446746826172,),)
-66.58898162841797,78.13905334472656,),)
126.09954071044922,-18.110702514648438,identifier,fly
35.44269561767578,97.04742431640625,.,.
85.03246307373047,-0.9986585378646851,identifier,dom
26.741979598999023,-129.72242736816406,=,=
101.2158203125,-24.46942710876465,identifier,element
126.09917449951172,-18.107641220092773,identifier,fly
32.73652648925781,94.18685150146484,.,.
75.49248504638672,16.56952476501465,identifier,isSynchronized
22.539718627929688,-132.4738311767578,=,=
99.4393539428711,7.943627834320068,identifier,cachedElement
28.30412483215332,-117.65324401855469,=,=
56.08880615234375,31.025856018066406,identifier,Ext
46.49580383300781,94.92962646484375,.,.
88.28816986083984,-8.66443920135498,identifier,cache
122.77883911132812,-23.860883712768555,identifier,element
49.03551483154297,101.28124237060547,.,.
81.70902252197266,6.58356237411499,identifier,id
-116.69065856933594,-118.34611511230469,if,if
-89.05369567871094,-82.08467864990234,(,(
104.0758285522461,-0.8687081336975098,identifier,cachedElement
-20.70719337463379,-22.50767707824707,&&,&&
119.82701110839844,-14.640617370605469,identifier,cachedElement
51.47972106933594,107.0283432006836,.,.
61.25925827026367,10.48131275177002,identifier,isElement
-127.82505798339844,40.43854522705078,),)
-157.96420288085938,0.30012020468711853,{,{
119.83634948730469,-14.672723770141602,identifier,cachedElement
32.590518951416016,93.09410095214844,.,.
75.43289184570312,16.59695816040039,identifier,isSynchronized
21.5299015045166,-129.37054443359375,=,=
-47.70945739746094,147.27928161621094,},}
-47.68476104736328,140.26083374023438,},}
23.23957061767578,191.91583251953125,return,return
118.16139221191406,1.7686738967895508,identifier,fly
-25.277904510498047,136.34738159179688,},}
-15.781045913696289,-179.41409301757812,function,function
-54.754844665527344,-126.98798370361328,(,(
-129.87326049804688,87.4256362915039,),)
-177.5097198486328,-39.68339157104492,{,{
56.664817810058594,26.42624855041504,identifier,Backbone
44.21440124511719,84.7412338256836,.,.
62.80929183959961,-19.942909240722656,identifier,View
44.34275817871094,83.47212982177734,.,.
54.872840881347656,-7.997910976409912,identifier,prototype
44.32744598388672,82.97469329833984,.,.
62.49549865722656,-14.23652458190918,identifier,undelegateEvents
41.02029037475586,62.838279724121094,.,.
24.325897216796875,10.922130584716797,identifier,apply
-46.6710090637207,-82.21354675292969,(,(
-52.14809799194336,-9.425740242004395,",",","
107.67884063720703,-63.85224533081055,identifier,arguments
-69.24324798583984,87.96788024902344,),)
40.44770431518555,81.70335388183594,.,.
63.21331024169922,-5.589472770690918,identifier,unbindEntityEvents
-43.30605697631836,-81.64339447021484,(,(
49.85036087036133,90.69670867919922,.,.
81.7540512084961,-13.481436729431152,identifier,model
-53.57854461669922,-7.785076141357422,",",","
43.41305923461914,80.09716796875,.,.
50.87091827392578,8.271154403686523,identifier,getOption
-27.022802352905273,-66.44876098632812,(,(
-85.0902328491211,88.00379943847656,),)
-66.15406799316406,82.39158630371094,),)
40.1585578918457,81.67355346679688,.,.
63.249168395996094,-5.525325298309326,identifier,unbindEntityEvents
-42.76502227783203,-81.22627258300781,(,(
50.154685974121094,91.71997833251953,.,.
80.34581756591797,-40.43675994873047,identifier,collection
-53.637516021728516,-7.208770275115967,",",","
43.35075378417969,80.21586608886719,.,.
50.87122344970703,8.349936485290527,identifier,getOption
-27.022489547729492,-66.48725891113281,(,(
-85.29110717773438,87.94267272949219,),)
-66.5252685546875,80.47048950195312,),)
39.45060348510742,12.389532089233398,identifier,_
38.28622817993164,67.71178436279297,.,.
22.83152961730957,-0.9386261701583862,identifier,each
-33.65727233886719,-78.36414337158203,(,(
33.26517868041992,89.36566162109375,.,.
79.03410339355469,3.3824329376220703,identifier,_behaviors
-47.77128219604492,-12.502257347106934,",",","
-19.13166618347168,-166.3518829345703,function,function
-45.212974548339844,-121.96263885498047,(,(
115.91412353515625,-8.720054626464844,identifier,behavior
-115.55206298828125,84.85169219970703,),)
-162.1949462890625,-18.008743286132812,{,{
136.90733337402344,-17.70720863342285,identifier,behavior
28.337160110473633,80.29182434082031,.,.
65.64629364013672,8.326919555664062,identifier,unbindEntityEvents
-28.175676345825195,-79.07129669189453,(,(
47.242923736572266,99.55972290039062,.,.
81.79320526123047,-13.437397956848145,identifier,model
-43.265655517578125,1.392508625984192,",",","
136.94944763183594,-17.88753890991211,identifier,behavior
34.923362731933594,82.5294418334961,.,.
50.938114166259766,8.924970626831055,identifier,getOption
-26.974124908447266,-67.14017486572266,(,(
-85.40406036376953,72.89530944824219,),)
-67.48057556152344,72.08999633789062,),)
136.9324951171875,-17.75680160522461,identifier,behavior
28.20878791809082,80.8977279663086,.,.
65.49002838134766,8.375560760498047,identifier,unbindEntityEvents
-24.73375701904297,-79.53271484375,(,(
46.34116744995117,100.53932189941406,.,.
80.30865478515625,-40.49989700317383,identifier,collection
-43.009544372558594,2.2705531120300293,",",","
136.9758758544922,-17.920961380004883,identifier,behavior
34.92474365234375,82.55097961425781,.,.
50.935516357421875,8.921631813049316,identifier,getOption
-26.97064781188965,-67.117431640625,(,(
-85.3144302368164,72.88655090332031,),)
-66.2322998046875,67.57062530517578,),)
-45.38688278198242,126.13296508789062,},}
-52.517539978027344,11.495577812194824,",",","
-57.932003021240234,64.31367492675781,),)
23.089969635009766,193.78302001953125,return,return
-22.71849822998047,134.1307830810547,},}
-13.182140350341797,-177.0607147216797,function,function
-51.47470474243164,-132.2539520263672,(,(
100.56090545654297,-47.9524040222168,identifier,expected
-77.60344696044922,-18.05243682861328,",",","
100.30330657958984,-47.29840850830078,identifier,actual
-125.92279052734375,91.30882263183594,),)
-181.28048706054688,-40.300106048583984,{,{
84.73075103759766,-24.935688018798828,identifier,argNames
50.70308303833008,-128.86167907714844,=,=
84.50674438476562,-24.856704711914062,identifier,expectedNames
49.68124771118164,-128.4319610595703,=,=
-111.23838806152344,-89.74862670898438,for,for
-107.20996856689453,-86.56227111816406,(,(
159.37184143066406,8.023454666137695,identifier,i
44.203712463378906,-106.15837860107422,=,=
162.83689880371094,11.374534606933594,identifier,i
29.111108779907227,-66.7983169555664,<,<
106.17993927001953,-42.91314697265625,identifier,actual
63.8989372253418,84.40262603759766,.,.
102.68472290039062,54.24372482299805,identifier,length
163.93807983398438,13.813231468200684,identifier,i
-132.67835998535156,29.418027877807617,),)
-169.42079162597656,-9.795496940612793,{,{
87.39915466308594,-15.374096870422363,identifier,argNames
20.29823875427246,77.02960205078125,.,.
16.078672409057617,26.72007179260254,identifier,push
-38.71052169799805,-73.9044189453125,(,(
63.23594665527344,-7.472422122955322,identifier,getNameForValue
-41.81261444091797,-84.54773712158203,(,(
106.20947265625,-42.90205001831055,identifier,actual
154.49559020996094,18.923364639282227,identifier,i
-84.41400909423828,84.9361801147461,),)
-65.54654693603516,81.65548706054688,),)
-43.675113677978516,123.73438262939453,},}
-113.54762268066406,-90.74739837646484,for,for
-104.8761978149414,-85.493408203125,(,(
158.20968627929688,10.246460914611816,identifier,i
41.80199432373047,-106.1620864868164,=,=
160.26963806152344,13.191804885864258,identifier,i
26.84673309326172,-65.91637420654297,<,<
108.02635955810547,-43.70379638671875,identifier,expected
65.736572265625,86.77557373046875,.,.
104.66080474853516,55.47268295288086,identifier,length
161.3450469970703,15.607186317443848,identifier,i
-131.6990509033203,35.66334533691406,),)
-163.16989135742188,-1.9121090173721313,{,{
102.99505615234375,6.250764846801758,identifier,expectedNames
21.985897064208984,77.00896453857422,.,.
15.672747611999512,27.767696380615234,identifier,push
-35.860591888427734,-73.73035430908203,(,(
67.9490737915039,2.8561453819274902,identifier,getNameForType
-33.83718490600586,-83.90996551513672,(,(
108.04563903808594,-43.69338607788086,identifier,expected
152.56997680664062,17.098041534423828,identifier,i
-84.79246520996094,81.01602172851562,),)
-65.5477294921875,76.29944610595703,),)
-43.46049118041992,123.958740234375,},}
22.925140380859375,185.42852783203125,return,return
-19.89800262451172,34.19190216064453,+,+
106.31875610351562,-7.152992248535156,identifier,expectedNames
25.449922561645508,68.57147979736328,.,.
43.96150207519531,35.30702209472656,identifier,join
-20.438907623291016,-69.24431610107422,(,(
-82.43546295166016,73.0079574584961,),)
-27.623821258544922,34.3729248046875,+,+
-20.22953224182129,35.05238723754883,+,+
106.22138977050781,-7.225493907928467,identifier,argNames
25.264846801757812,68.66846466064453,.,.
43.82806396484375,35.47837829589844,identifier,join
-20.542470932006836,-68.92048645019531,(,(
-83.16614532470703,72.599853515625,),)
-27.478456497192383,35.02654266357422,+,+
-22.853309631347656,135.62350463867188,},}
-5.253097057342529,-174.9654083251953,function,function
54.814056396484375,-20.118806838989258,identifier,subDirectoriesWithFile
-58.00506591796875,-135.2845916748047,(,(
92.5259017944336,-42.47905731201172,identifier,base
-77.9146957397461,-13.132366180419922,",",","
86.82862854003906,-43.551605224609375,identifier,filename
-124.9009017944336,96.08695220947266,),)
-185.28981018066406,-40.784934997558594,{,{
120.12736511230469,12.153789520263672,identifier,result
50.62648010253906,-127.6089096069336,=,=
-125.94156646728516,-109.48565673828125,if,if
-98.43074798583984,-72.7660903930664,(,(
45.31344985961914,12.771056175231934,identifier,fs
43.95452880859375,71.7430648803711,.,.
54.022647857666016,-3.0505905151367188,identifier,existsSync
-46.770687103271484,-89.33911895751953,(,(
99.11170959472656,-35.315582275390625,identifier,base
-80.40422058105469,90.43954467773438,),)
-19.576753616333008,-26.089685440063477,&&,&&
45.26923751831055,12.719386100769043,identifier,fs
43.77815246582031,72.17855834960938,.,.
53.839210510253906,-3.430893659591675,identifier,statSync
-46.236507415771484,-88.69113159179688,(,(
99.08216857910156,-35.29711151123047,identifier,base
-78.03885650634766,89.73371887207031,),)
46.57777786254883,72.68777465820312,.,.
50.938236236572266,-2.413525342941284,identifier,isDirectory
-30.685272216796875,-99.52871704101562,(,(
-70.71683502197266,95.78189086914062,),)
-127.9933090209961,28.304340362548828,),)
-168.0155029296875,-6.155566692352295,{,{
-120.14566802978516,-110.63203430175781,if,if
-97.12921142578125,-78.02031707763672,(,(
45.44003677368164,12.93065357208252,identifier,fs
43.60997009277344,71.49626159667969,.,.
54.1130485534668,-2.861276865005493,identifier,existsSync
-38.384613037109375,-80.80170440673828,(,(
80.8739242553711,-0.5385624766349792,identifier,path
33.46012878417969,68.72859191894531,.,.
46.168399810791016,33.36891174316406,identifier,join
-37.042442321777344,-89.06498718261719,(,(
98.71503448486328,-34.93346405029297,identifier,base
-49.2164192199707,-6.826425552368164,",",","
103.40743255615234,-16.6754150390625,identifier,filename
-83.56048583984375,85.0072021484375,),)
-82.03125,84.05157470703125,),)
-125.21365356445312,30.922061920166016,),)
-166.0042724609375,1.8447002172470093,{,{
121.52933502197266,8.583484649658203,identifier,result
21.311683654785156,77.80518341064453,.,.
16.021150588989258,26.737831115722656,identifier,push
-38.13521194458008,-85.95518493652344,(,(
99.01313018798828,-34.24856948852539,identifier,base
-70.42376708984375,79.03841400146484,),)
-56.96733856201172,149.45974731445312,},}
45.84075927734375,13.047429084777832,identifier,fs
36.10038757324219,78.00082397460938,.,.
56.222900390625,-1.6582071781158447,identifier,readdirSync
-35.01287841796875,-84.82701110839844,(,(
98.71675109863281,-34.65471267700195,identifier,base
-76.15397644042969,75.49752044677734,),)
25.644208908081055,61.274776458740234,.,.
22.45587158203125,0.1488221138715744,identifier,forEach
-44.049041748046875,-70.64717102050781,(,(
-18.999670028686523,-165.9033203125,function,function
-45.03879928588867,-121.83304595947266,(,(
114.55014038085938,-8.641679763793945,identifier,subdir
-115.34825134277344,84.71947479248047,),)
-161.82852172851562,-18.248279571533203,{,{
120.83490753173828,8.552152633666992,identifier,result
24.03522300720215,81.08414459228516,.,.
15.412041664123535,28.755502700805664,identifier,push
24.32370948791504,73.42585754394531,.,.
24.965049743652344,11.15062141418457,identifier,apply
-27.2901668548584,-80.74454498291016,(,(
120.03540802001953,7.93140172958374,identifier,result
-44.52460479736328,0.4915921688079834,",",","
70.4785385131836,6.187946319580078,identifier,subDirectoriesWithFile
-28.567594528198242,-82.58403778076172,(,(
81.22117614746094,-0.3093033730983734,identifier,path
31.282840728759766,70.18408203125,.,.
46.20354461669922,33.79570007324219,identifier,join
-28.30980682373047,-84.1323471069336,(,(
98.41543579101562,-34.77237319946289,identifier,base
-42.54856491088867,-0.910487174987793,",",","
108.759521484375,-4.63739013671875,identifier,subdir
-83.81639099121094,75.60643768310547,),)
-46.643280029296875,4.412172794342041,",",","
103.42556762695312,-16.39262580871582,identifier,filename
-87.16803741455078,79.76028442382812,),)
-64.28924560546875,71.3177261352539,),)
-46.5451774597168,125.16940307617188,},}
-59.97261047363281,67.4967041015625,),)
-49.37529754638672,142.4014892578125,},}
23.25416374206543,191.2337646484375,return,return
119.26605987548828,5.364234447479248,identifier,result
-23.55042266845703,137.76785278320312,},}
-16.517303466796875,-178.0897979736328,function,function
-54.6156120300293,-126.48056030273438,(,(
-130.6337890625,87.41043090820312,),)
-177.4737548828125,-38.3897590637207,{,{
-13.872359275817871,-169.1766357421875,function,function
60.753910064697266,-20.72323989868164,identifier,onLoginResponse
-50.1712646484375,-126.2390365600586,(,(
94.37711334228516,-54.67919921875,identifier,res
-119.67853546142578,90.43444061279297,),)
-168.64207458496094,-18.077669143676758,{,{
-125.55667114257812,-107.85026550292969,if,if
-98.59896087646484,-73.7001724243164,(,(
118.27538299560547,-37.3890495300293,identifier,res
58.77604293823242,86.82230377197266,.,.
47.62112045288086,-14.427640914916992,identifier,statusCode
18.313261032104492,-52.52176284790039,===,===
-19.252534866333008,-25.61806869506836,&&,&&
118.2535171508789,-37.392799377441406,identifier,res
57.46299743652344,87.97013092041016,.,.
70.4076156616211,27.385835647583008,identifier,headers
31.495725631713867,62.13642120361328,.,.
42.929779052734375,20.850305557250977,identifier,indexOf
-24.78188133239746,-64.7378158569336,(,(
-78.75843811035156,88.41416931152344,),)
16.97757911682129,-52.75709915161133,===,===
-125.59192657470703,28.20155143737793,),)
-167.55772399902344,2.6790390014648438,{,{
54.41455841064453,47.26384353637695,identifier,console
48.37759017944336,53.583187103271484,.,.
49.640506744384766,47.314456939697266,identifier,log
-35.511898040771484,-67.25242614746094,(,(
-63.391632080078125,85.71135711669922,),)
-60.812156677246094,144.65655517578125,},}
-76.33106994628906,139.94456481933594,else,else
-165.02603149414062,2.765930652618408,{,{
40.53327178955078,-13.679886817932129,identifier,Error
-36.31770324707031,-64.5546875,(,(
-62.833187103271484,84.74110412597656,),)
-53.94053268432617,150.46726989746094,},}
-53.75453567504883,140.72482299804688,},}
61.80704116821289,1.9110009670257568,identifier,request
34.27458953857422,78.96577453613281,.,.
61.17039108276367,1.7511740922927856,identifier,post
-35.05401611328125,-76.64291381835938,(,(
66.23875427246094,38.19146728515625,identifier,process
43.16626739501953,94.123779296875,.,.
90.30052185058594,39.0927734375,identifier,env
42.97011947631836,97.9207534790039,.,.
83.3746337890625,8.596556663513184,identifier,ONEAPM_LOGIN_URL
-77.38627624511719,75.45608520507812,),)
24.83599090576172,62.22563934326172,.,.
61.9200553894043,6.693225383758545,identifier,form
-35.19259262084961,-71.56495666503906,(,(
-141.8507537841797,-19.974685668945312,{,{
73.81851196289062,18.027694702148438,identifier,encode
-64.99314880371094,9.921409606933594,",",","
82.49268341064453,12.713115692138672,identifier,username
66.28465270996094,38.1698112487793,identifier,process
43.10091018676758,94.2726058959961,.,.
90.30003356933594,39.09288024902344,identifier,env
43.01789855957031,98.19789123535156,.,.
83.19690704345703,8.83254337310791,identifier,ONEAPM_USERNAME
-64.52885437011719,10.181944847106934,",",","
73.9349136352539,14.130022048950195,identifier,strong
-64.60006713867188,10.51110553741455,",",","
82.47586822509766,12.733765602111816,identifier,password
70.88858032226562,10.651625633239746,identifier,base64
-27.25706672668457,-85.83279418945312,(,(
66.25603485107422,38.18721389770508,identifier,process
43.051456451416016,94.42975616455078,.,.
90.29792022705078,39.091392517089844,identifier,env
42.97378921508789,98.4806900024414,.,.
82.93502807617188,9.036895751953125,identifier,ONEAPM_PASSWORD
-84.57003784179688,73.86454772949219,),)
-56.82122039794922,11.01296329498291,",",","
-52.52728271484375,120.27375030517578,},}
-60.646942138671875,64.08785247802734,),)
22.574939727783203,62.010520935058594,.,.
66.33495330810547,17.630802154541016,identifier,on
-18.375736236572266,-80.08109283447266,(,(
-40.159576416015625,7.68833065032959,",",","
60.90079879760742,-20.811321258544922,identifier,onLoginResponse
-69.47322845458984,63.63492202758789,),)
-21.61248779296875,135.02989196777344,},}
-4.408422946929932,-177.05581665039062,function,function
55.28852844238281,-18.460609436035156,identifier,default_versionCode
-56.985992431640625,-132.5912628173828,(,(
92.08740997314453,-44.430755615234375,identifier,version
-127.34716796875,92.86909484863281,),)
-182.7583465576172,-41.06882095336914,{,{
82.87133026123047,-25.962331771850586,identifier,nums
45.907005310058594,-120.9618148803711,=,=
103.500244140625,-36.01173400878906,identifier,version
33.99752426147461,61.772254943847656,.,.
38.14668655395508,37.13106155395508,identifier,split
-21.664182662963867,-66.18024444580078,(,(
-77.01299285888672,92.07624053955078,),)
31.667091369628906,61.265995025634766,.,.
37.508094787597656,36.68086624145508,identifier,split
-21.864896774291992,-65.80857849121094,(,(
-71.38607025146484,89.76606750488281,),)
85.61074829101562,-23.344573974609375,identifier,versionCode
51.627052307128906,-126.66402435302734,=,=
-122.11505126953125,-109.71953582763672,if,if
-99.78983306884766,-77.10468292236328,(,(
-21.0113525390625,27.29505729675293,+,+
117.80589294433594,-29.642499923706055,identifier,nums
-122.56678009033203,29.5224666595459,),)
-167.95782470703125,1.2136310338974,{,{
104.64945983886719,7.930856227874756,identifier,versionCode
-21.23244285583496,28.43531036376953,+,+
118.19727325439453,-29.59690284729004,identifier,nums
-58.78195571899414,148.57142639160156,},}
-121.27462768554688,-115.96414184570312,if,if
-96.46554565429688,-82.04399108886719,(,(
-21.064884185791016,27.456674575805664,+,+
118.49563598632812,-29.558961868286133,identifier,nums
-123.98297119140625,34.032554626464844,),)
-163.08802795410156,1.3875399827957153,{,{
104.76284790039062,7.896767616271973,identifier,versionCode
-21.551456451416016,28.622493743896484,+,+
118.93516540527344,-29.56070327758789,identifier,nums
-55.589439392089844,148.1868438720703,},}
-120.83031463623047,-117.21638488769531,if,if
-96.27935791015625,-82.59619140625,(,(
-21.132917404174805,27.527835845947266,+,+
119.02163696289062,-29.55692481994629,identifier,nums
-125.00569152832031,38.2337646484375,),)
-161.3190460205078,1.2275623083114624,{,{
104.8572998046875,7.869777202606201,identifier,versionCode
-21.70370101928711,28.764461517333984,+,+
119.23885345458984,-29.573152542114258,identifier,nums
-54.56373596191406,146.61477661132812,},}
77.53833770751953,-1.825666904449463,identifier,events
28.073631286621094,77.73078155517578,.,.
67.67961120605469,16.23836326599121,identifier,emit
-32.91982650756836,-68.67852783203125,(,(
-38.376861572265625,4.4567131996154785,",",","
-20.297027587890625,35.53875732421875,+,+
103.08806610107422,-36.068328857421875,identifier,version
-28.764108657836914,35.479000091552734,+,+
-21.4800968170166,35.6129150390625,+,+
113.64268493652344,1.0696907043457031,identifier,versionCode
-65.55713653564453,65.1189193725586,),)
23.831296920776367,193.36244201660156,return,return
113.8513412475586,1.0839979648590088,identifier,versionCode
-22.45110511779785,133.2613067626953,},}
-2.3588359355926514,-175.88368225097656,function,function
58.106380462646484,-16.730369567871094,identifier,inspectFunctionDeclaration
-58.804908752441406,-133.20462036132812,(,(
100.0919418334961,-50.526832580566406,identifier,emitted
-128.10125732421875,93.49861907958984,),)
-182.96841430664062,-41.4119758605957,{,{
90.17105102539062,-30.638385772705078,identifier,node
48.75199890136719,-121.46734619140625,=,=
108.9130630493164,-49.270660400390625,identifier,emitted
54.233970642089844,84.22386932373047,.,.
91.67108917236328,-31.541013717651367,identifier,node
-77.01705169677734,-34.96617126464844,",",","
114.65436553955078,-47.534934997558594,identifier,params
46.69987869262695,-119.36646270751953,=,=
93.82730102539062,-31.42690658569336,identifier,node
55.55031204223633,85.13666534423828,.,.
116.10889434814453,-47.55546569824219,identifier,params
-7.15189790725708,-28.042264938354492,||,||
84.79336547851562,-21.24001121520996,identifier,startLine
42.778228759765625,-119.16664123535156,=,=
80.561767578125,-4.304633617401123,identifier,sourceCode
42.714656829833984,75.51106262207031,.,.
61.26356506347656,-7.874401569366455,identifier,getLine
-44.16755676269531,-87.11595153808594,(,(
93.20439147949219,-32.093101501464844,identifier,node
-73.94795989990234,88.11190795898438,),)
-75.86881256103516,-37.00463104248047,",",","
84.87393951416016,-20.227928161621094,identifier,lastArgLine
39.829654693603516,-120.51160430908203,=,=
116.17920684814453,-44.989532470703125,identifier,params
62.02336120605469,86.92985534667969,.,.
105.2260513305664,53.5603141784668,identifier,length
80.56206512451172,-4.2696003913879395,identifier,sourceCode
38.94956588745117,75.91867065429688,.,.
65.30706787109375,-4.503268718719482,identifier,getEndingLine
-38.1092529296875,-81.37840270996094,(,(
116.7278823852539,-44.00489044189453,identifier,params
31.787132263183594,65.09551239013672,.,.
34.353919982910156,27.56407928466797,identifier,slice
-24.043718338012695,-73.28938293457031,(,(
-78.89717864990234,85.23279571533203,),)
-75.6067886352539,80.93749237060547,),)
101.02108764648438,0.9604557156562805,identifier,startLine
-119.47370147705078,-115.1179428100586,if,if
-91.79768371582031,-79.13703155517578,(,(
109.39055633544922,-49.22079086303711,identifier,emitted
57.21277618408203,95.91346740722656,.,.
59.23228454589844,-27.592987060546875,identifier,exit
-123.32215118408203,35.265167236328125,),)
-162.57411193847656,5.042884349822998,{,{
14.187594413757324,191.62232971191406,return,return
-57.13557815551758,148.21530151367188,},}
-119.26333618164062,-118.1329574584961,if,if
-90.70060729980469,-81.23926544189453,(,(
102.11927032470703,0.7364222407341003,identifier,startLine
20.080677032470703,-54.47871398925781,===,===
102.09574127197266,0.6278279423713684,identifier,lastArgLine
-128.14659118652344,36.46128845214844,),)
-162.86753845214844,-6.58108377456665,{,{
-114.22550964355469,-117.2020263671875,if,if
-90.1920166015625,-83.30270385742188,(,(
118.100830078125,-44.919578552246094,identifier,params
68.13273620605469,85.97647094726562,.,.
104.65665435791016,57.123619079589844,identifier,length
28.475154876708984,-54.75748825073242,>,>
83.84942626953125,10.444796562194824,identifier,MAX_IN_SINGLE_LINE
-126.96620178222656,40.126285552978516,),)
-157.92160034179688,-1.4682892560958862,{,{
62.81092834472656,-45.15279769897461,identifier,context
28.64019203186035,78.09066772460938,.,.
66.17750549316406,20.7549991607666,identifier,report
-33.83970642089844,-70.70428466796875,(,(
-141.87939453125,-19.181468963623047,{,{
97.86115264892578,-11.191174507141113,identifier,node
98.19912719726562,-11.279911994934082,identifier,node
-63.61046600341797,10.488479614257812,",",","
36.610931396484375,-5.239177227020264,identifier,message
71.94499969482422,12.740094184875488,"""","""In case of more than """
-19.482019424438477,35.108726501464844,+,+
83.82476043701172,10.476129531860352,identifier,MAX_IN_SINGLE_LINE
-28.254016876220703,35.09148406982422,+,+
71.6126480102539,12.280560493469238,"""",""" parameters, drop each into its own line."""
-53.2172737121582,120.10049438476562,},}
-63.26911163330078,66.48994445800781,),)
-44.78969192504883,145.21409606933594,},}
15.9865140914917,193.44293212890625,return,return
-45.40976333618164,143.03936767578125,},}
-26.837465286254883,132.9378204345703,},}
-2.572277307510376,-176.55502319335938,function,function
54.10321807861328,-20.503252029418945,identifier,makeAsyncFunc
-57.624107360839844,-132.5082550048828,(,(
94.98546600341797,-46.68526840209961,identifier,config
-128.84637451171875,92.51009368896484,),)
-182.44241333007812,-45.098236083984375,{,{
125.4087142944336,-44.81280517578125,identifier,config
47.17580032348633,77.70684051513672,.,.
55.3950080871582,-11.452767372131348,identifier,validate
-30.69709014892578,-96.8835678100586,(,(
-69.18582153320312,92.75440216064453,),)
120.26248168945312,12.002706527709961,identifier,result
45.32363510131836,-125.93927764892578,=,=
-14.623420715332031,-168.8917999267578,function,function
48.30739974975586,-20.215072631835938,identifier,async
-49.40735626220703,-126.60919952392578,(,(
85.2277603149414,-33.881683349609375,identifier,bodyFunc
-118.44895935058594,89.42098236083984,),)
-167.5977020263672,-18.523252487182617,{,{
78.07319641113281,-18.926618576049805,identifier,semaphore
41.92817306518555,-120.5627212524414,=,=
127.5645980834961,-45.2255973815918,identifier,config
59.53726577758789,92.66790008544922,.,.
73.94377899169922,-11.81558895111084,identifier,maxConcurrency
77.51031494140625,-18.310575485229492,identifier,Semaphore
-40.29077911376953,-90.27112579345703,(,(
127.41644287109375,-44.989559173583984,identifier,config
53.04563903808594,89.76824188232422,.,.
74.06689453125,-11.746644973754883,identifier,maxConcurrency
-73.79341125488281,85.92893981933594,),)
77.47569274902344,-18.253578186035156,identifier,Semaphore
51.494956970214844,86.57852935791016,.,.
69.7206039428711,-6.055195331573486,identifier,unlimited
98.85706329345703,10.018710136413574,identifier,makeFunc
32.87037658691406,-118.9859390258789,=,=
127.73466491699219,-45.172000885009766,identifier,config
59.603084564208984,93.18550109863281,.,.
70.4894027709961,-2.942331314086914,identifier,isIterable
70.51318359375,-1.0880498886108398,identifier,makeAsyncIterator
70.51016235351562,-1.1196264028549194,identifier,makeAsyncNonIterator
120.01658630371094,10.795129776000977,identifier,result
31.944507598876953,-115.0672378540039,=,=
65.17021179199219,4.298821449279785,identifier,makeFunc
-32.85098648071289,-81.52745056152344,(,(
108.36741638183594,-6.90005350112915,identifier,bodyFunc
-49.814430236816406,0.7190616726875305,",",","
126.25518798828125,-42.13392639160156,identifier,config
-51.095577239990234,1.9668463468551636,",",","
97.30076599121094,-3.650423526763916,identifier,semaphore
-69.80335998535156,74.25875091552734,),)
94.79042053222656,10.051471710205078,identifier,arity
30.184459686279297,-116.01242065429688,=,=
109.20427703857422,-9.250151634216309,identifier,bodyFunc
54.28285598754883,104.02609252929688,.,.
105.9631118774414,55.78191375732422,identifier,length
-116.36740112304688,-118.647705078125,if,if
-88.21464538574219,-81.63594055175781,(,(
128.5740509033203,-44.32843780517578,identifier,config
59.73810577392578,96.06515502929688,.,.
75.13681030273438,11.094910621643066,identifier,acceptsCallback
-119.79310607910156,40.574256896972656,),)
110.43141174316406,2.4821014404296875,identifier,arity
120.30951690673828,9.4105863571167,identifier,result
24.737628936767578,-117.90680694580078,=,=
71.49982452392578,7.845021724700928,identifier,makeFuncWithArity
-24.61005210876465,-84.04664611816406,(,(
119.70260620117188,7.432574272155762,identifier,result
-44.18998336791992,7.003977298736572,",",","
110.46510314941406,2.429450511932373,identifier,arity
-70.06757354736328,66.00476837158203,),)
19.421449661254883,191.39422607421875,return,return
119.22215270996094,6.000921726226807,identifier,result
-44.592559814453125,127.5142593383789,},}
120.71060180664062,7.157986640930176,identifier,result
27.600933074951172,99.31330871582031,.,.
75.08572387695312,9.990116119384766,identifier,mod
24.576387405395508,-127.69367218017578,=,=
71.9306411743164,7.444563388824463,identifier,makeModFunc
-21.251445770263672,-86.55245208740234,(,(
126.26264953613281,-42.07088851928711,identifier,config
-71.24964904785156,62.92509078979492,),)
24.379690170288086,193.29486083984375,return,return
118.84530639648438,5.33001708984375,identifier,result
-23.34929847717285,132.64529418945312,},}
-2.8249318599700928,-173.79000854492188,function,function
55.51284408569336,-17.277435302734375,identifier,deleteValueForProperty
-57.827720642089844,-134.89102172851562,(,(
92.56682586669922,-33.00210189819336,identifier,node
-77.22303771972656,-14.07289981842041,",",","
84.671142578125,-44.371829986572266,identifier,name
-125.32028198242188,95.38712310791016,),)
-184.70152282714844,-40.847259521484375,{,{
81.92390441894531,-23.299598693847656,identifier,propertyInfo
45.4974479675293,-122.1124267578125,=,=
62.9536018371582,-10.813039779663086,identifier,getPropertyInfo
-45.57048797607422,-85.29557800292969,(,(
130.1676788330078,16.05059814453125,identifier,name
-70.47784423828125,88.83892059326172,),)
-126.07255554199219,-110.25403594970703,if,if
-93.93328857421875,-72.64181518554688,(,(
98.42994689941406,-23.631893157958984,identifier,propertyInfo
-130.23931884765625,27.59096908569336,),)
-169.3463134765625,-7.024026870727539,{,{
75.83476257324219,-20.333370208740234,identifier,mutationMethod
43.44054412841797,-116.91673278808594,=,=
118.89186096191406,-24.356943130493164,identifier,propertyInfo
53.34373092651367,85.92965698242188,.,.
75.6196060180664,-20.236618041992188,identifier,mutationMethod
-121.23998260498047,-109.16912841796875,if,if
-93.76226806640625,-74.0723648071289,(,(
75.4969482421875,-20.157033920288086,identifier,mutationMethod
-122.25959014892578,28.82847023010254,),)
-168.55711364746094,-1.8722074031829834,{,{
74.77289581298828,-19.823257446289062,identifier,mutationMethod
-41.36881637573242,-81.96336364746094,(,(
93.31580352783203,-32.51765441894531,identifier,node
-51.14479064941406,-7.840134620666504,",",","
-68.8536605834961,83.42280578613281,),)
-61.15729904174805,145.3205108642578,},}
-76.68956756591797,138.64752197265625,else,else
-122.94808197021484,-116.0561752319336,if,if
-94.0801010131836,-77.64160919189453,(,(
119.59363555908203,-24.04494285583496,identifier,propertyInfo
58.665443420410156,94.95924377441406,.,.
69.2465591430664,-2.6343235969543457,identifier,mustUseProperty
-127.29290771484375,33.10615921020508,),)
-165.02992248535156,-6.0687761306762695,{,{
97.10801696777344,9.5748872756958,identifier,propName
32.65357971191406,-116.92447662353516,=,=
120.16813659667969,-24.043502807617188,identifier,propertyInfo
53.29330062866211,95.30789184570312,.,.
89.51182556152344,7.34954309463501,identifier,propertyName
-116.38674926757812,-113.96556854248047,if,if
-92.76660919189453,-82.28229522705078,(,(
120.1854248046875,-23.799360275268555,identifier,propertyInfo
58.781028747558594,95.55390930175781,.,.
69.52151489257812,-2.2991690635681152,identifier,hasBooleanValue
-124.60639953613281,37.20986557006836,),)
-162.2161865234375,0.12720777094364166,{,{
119.65287017822266,-17.408798217773438,identifier,node
111.95054626464844,-4.038296699523926,identifier,propName
21.443523406982422,-126.7313232421875,=,=
-62.745941162109375,144.50965881347656,},}
-75.0782470703125,138.10354614257812,else,else
-157.43472290039062,-3.9992995262145996,{,{
119.73028564453125,-17.39314079284668,identifier,node
111.87261962890625,-3.9653820991516113,identifier,propName
21.723085403442383,-126.5156478881836,=,=
-50.983760833740234,148.53140258789062,},}
-61.78749465942383,140.99391174316406,},}
-73.95683288574219,138.68179321289062,else,else
-156.7279815673828,-3.9171628952026367,{,{
119.96614837646484,-17.32075309753418,identifier,node
27.31934356689453,80.77429962158203,.,.
65.1457748413086,13.779911041259766,identifier,removeAttribute
-20.470521926879883,-82.53075408935547,(,(
120.9187240600586,-23.835386276245117,identifier,propertyInfo
47.05493927001953,102.9701919555664,.,.
79.4271469116211,7.967568874359131,identifier,attributeName
-70.76512908935547,68.17420959472656,),)
-47.91753387451172,148.14064025878906,},}
-62.25574493408203,140.4971923828125,},}
-73.18986511230469,138.65151977539062,else,else
-155.92202758789062,-3.66945743560791,{,{
120.07386016845703,-17.292442321777344,identifier,node
27.01665687561035,81.5401382446289,.,.
65.13058471679688,13.799169540405273,identifier,removeAttribute
-19.840259552001953,-82.77603912353516,(,(
129.70672607421875,14.072750091552734,identifier,name
-71.4760971069336,64.58268737792969,),)
-46.173099517822266,147.3170166015625,},}
-27.48756980895996,134.0189666748047,},}
-12.695960998535156,-177.45172119140625,function,function
-51.097190856933594,-133.55709838867188,(,(
93.10152435302734,-47.953895568847656,identifier,obj
-76.12134552001953,-17.882596969604492,",",","
91.61742401123047,-40.70454025268555,identifier,type
-80.20689392089844,-14.345884323120117,",",","
79.3828125,-50.32301712036133,identifier,fn
-124.49029541015625,92.58832550048828,),)
-182.83633422851562,-39.6358528137207,{,{
147.66407775878906,-9.47635555267334,identifier,wrappedFn
-80.29548645019531,-36.000431060791016,",",","
146.68980407714844,-5.775570392608643,identifier,item
-78.9301986694336,-34.8840446472168,",",","
107.0477523803711,35.658748626708984,identifier,len
47.7215576171875,-119.01937866210938,=,=
88.62043762207031,-9.1150541305542,identifier,cache
63.558441162109375,87.2030029296875,.,.
105.03931427001953,53.02187728881836,identifier,length
-78.6413803100586,-37.152828216552734,",",","
156.82220458984375,5.015397548675537,identifier,i
-110.63732147216797,-91.22442626953125,for,for
-107.38081359863281,-84.59477233886719,(,(
160.67234802246094,9.920597076416016,identifier,i
44.05381774902344,-106.28507232666016,=,=
163.3743133544922,12.008909225463867,identifier,i
28.264610290527344,-67.33946228027344,<,<
109.0595932006836,38.45986557006836,identifier,len
164.38589477539062,14.03777027130127,identifier,i
-132.7827911376953,30.09134292602539,),)
-167.8459014892578,-9.630674362182617,{,{
88.91798400878906,-17.339452743530273,identifier,item
38.363346099853516,-121.0232925415039,=,=
88.58795166015625,-9.192194938659668,identifier,cache
155.0193328857422,19.03221893310547,identifier,i
-122.13719177246094,-111.92931365966797,if,if
-96.21630096435547,-77.22821044921875,(,(
122.76020050048828,-27.279510498046875,identifier,item
20.299070358276367,-52.56233215332031,===,===
110.70117950439453,-38.99222946166992,identifier,obj
-20.717756271362305,-24.818355560302734,&&,&&
122.87123107910156,-27.10348129272461,identifier,item
20.59613609313965,-53.20290756225586,===,===
77.34903717041016,33.41688537597656,identifier,type
-21.189491271972656,-24.733949661254883,&&,&&
122.8272933959961,-26.902523040771484,identifier,item
20.50050926208496,-53.4431037902832,===,===
79.39835357666016,-50.399497985839844,identifier,fn
-128.76315307617188,34.03908157348633,),)
-163.86793518066406,-4.580789089202881,{,{
99.77619171142578,9.608074188232422,identifier,wrappedFn
29.44530487060547,-119.13965606689453,=,=
122.60984802246094,-26.40842628479004,identifier,item
-116.26799011230469,-115.20677947998047,if,if
-89.65972137451172,-79.47317504882812,(,(
103.75093841552734,0.1474841684103012,identifier,wrappedFn
-126.05011749267578,37.40411376953125,),)
-160.30816650390625,-1.3427656888961792,{,{
113.49342346191406,-38.7652473449707,identifier,obj
28.049890518188477,79.94544982910156,.,.
66.15521240234375,9.327193260192871,identifier,removeEventListener
-28.187246322631836,-79.49285125732422,(,(
98.81021118164062,-14.024471282958984,identifier,type
-45.853458404541016,1.014694094657898,",",","
108.32608795166016,-6.284593105316162,identifier,wrappedFn
-50.89236068725586,3.0435941219329834,",",","
-68.82671356201172,72.62295532226562,),)
89.18740844726562,-8.276408195495605,identifier,cache
23.898691177368164,-121.66897583007812,=,=
88.78211975097656,-8.711287498474121,identifier,cache
27.496950149536133,70.79638671875,.,.
34.605587005615234,26.342395782470703,identifier,slice
-22.65604591369629,-75.34364318847656,(,(
152.11386108398438,15.023109436035156,identifier,i
-72.42327117919922,69.76787567138672,),)
17.833375930786133,190.5840301513672,return,return
-48.559329986572266,145.17161560058594,},}
-47.87657165527344,141.65443420410156,},}
-47.911041259765625,141.37832641601562,},}
-29.654335021972656,136.03712463378906,},}
-14.545778274536133,-179.10865783691406,function,function
-52.581851959228516,-129.85104370117188,(,(
85.23567199707031,-44.53889465332031,identifier,name
-126.32627868652344,87.45213317871094,),)
-178.5697784423828,-42.58112335205078,{,{
67.5414047241211,-8.486944198608398,"""","""use strict"""
79.16358184814453,-26.637720108032227,identifier,trap
46.28093719482422,-121.98684692382812,=,=
45.615394592285156,77.11251068115234,.,.
60.59659194946289,-12.447107315063477,identifier,getTrap
-48.8465461730957,-80.56413269042969,(,(
67.52908325195312,-10.699109077453613,"""","""deleteProperty"""
-70.71150207519531,89.99778747558594,),)
-123.81693267822266,-107.89710235595703,if,if
-96.6619873046875,-72.27161407470703,(,(
100.6473617553711,-29.47942352294922,identifier,trap
17.855377197265625,-51.702369689941406,===,===
-123.31504821777344,25.68132781982422,),)
-168.60516357421875,4.8626508712768555,{,{
12.809539794921875,186.4329833984375,return,return
41.32799530029297,-2.2368292808532715,identifier,Reflect
42.3414306640625,73.3852767944336,.,.
59.05219650268555,-7.554457187652588,identifier,deleteProperty
-43.2494010925293,-84.06346130371094,(,(
50.16332244873047,90.6218032836914,.,.
68.30860900878906,-37.46687316894531,identifier,target
-52.36717987060547,-7.744710445404053,",",","
130.2474365234375,15.684930801391602,identifier,name
-70.5938720703125,85.0523681640625,),)
-58.4002685546875,152.51686096191406,},}
131.33352661132812,17.554317474365234,identifier,name
36.68404006958008,-122.59475708007812,=,=
48.384246826171875,3.915151596069336,identifier,String
-39.42766571044922,-88.63794708251953,(,(
130.52410888671875,15.935726165771484,identifier,name
-70.6114730834961,83.19975280761719,),)
116.41284942626953,11.814741134643555,identifier,res
36.19312286376953,-117.43771362304688,=,=
73.83425903320312,-31.146991729736328,identifier,trap
34.45907211303711,66.6264419555664,.,.
22.127538681030273,12.526113510131836,identifier,call
-36.96341323852539,-81.61600494384766,(,(
49.507347106933594,92.50528717041016,.,.
66.19120025634766,-21.600309371948242,identifier,handler
-51.4529914855957,-4.08908224105835,",",","
50.44783401489258,94.30455780029297,.,.
68.6099624633789,-38.37873458862305,identifier,target
-51.50944137573242,-2.8266854286193848,",",","
129.65423583984375,15.227982521057129,identifier,name
-69.20823669433594,79.59757232666016,),)
116.17851257324219,10.756730079650879,identifier,res
32.39572525024414,-121.06483459472656,=,=
115.79973602294922,9.52078914642334,identifier,res
-118.85018920898438,-116.94631958007812,if,if
-91.0897216796875,-81.08444213867188,(,(
115.81027221679688,9.64782428741455,identifier,res
18.599111557006836,-55.0562858581543,===,===
-127.60697937011719,36.751644134521484,),)
-162.95950317382812,-6.483892440795898,{,{
-114.38047790527344,-116.47393798828125,if,if
-89.9552993774414,-85.00457000732422,(,(
66.08113098144531,5.968632221221924,identifier,isSealed
-29.812896728515625,-85.10185241699219,(,(
128.2151336669922,14.204934120178223,identifier,name
-47.0518913269043,0.44534432888031006,",",","
47.45675277709961,98.6313247680664,.,.
67.99330139160156,-38.811180114746094,identifier,target
-86.31056213378906,78.02951049804688,),)
-128.47207641601562,39.72885513305664,),)
-159.06826782226562,3.071852207183838,{,{
41.086463928222656,-11.508504867553711,identifier,TypeError
-34.50271224975586,-65.0640869140625,(,(
72.62300872802734,12.89517879486084,"""","""property '"""
-20.183115005493164,34.221431732177734,+,+
129.32138061523438,13.425504684448242,identifier,name
-28.526697158813477,34.49852752685547,+,+
71.91891479492188,11.610391616821289,"""","""' is non-configurable """
-25.081205368041992,36.192970275878906,+,+
71.43567657470703,11.975988388061523,"""","""and can't be deleted"""
-65.05879974365234,67.22864532470703,),)
-46.58470916748047,146.33688354492188,},}
-46.90935516357422,139.85386657714844,},}
23.930574417114258,191.26319885253906,return,return
118.85031127929688,4.333654880523682,identifier,res
-22.293542861938477,136.53610229492188,},}
-3.5105936527252197,-175.54412841796875,function,function
55.477718353271484,-17.636985778808594,identifier,getTagRangeForPos
-58.543357849121094,-135.11764526367188,(,(
104.36343383789062,-53.27823257446289,identifier,editor
-77.68013763427734,-13.355644226074219,",",","
123.6721420288086,32.04401779174805,identifier,pos
-124.76789855957031,95.699462890625,),)
-184.64285278320312,-39.9599609375,{,{
80.36726379394531,-24.852481842041016,identifier,model
46.47449493408203,-121.88628387451172,=,=
106.74327850341797,-52.73630905151367,identifier,editor
45.06063461303711,76.4932861328125,.,.
63.91752624511719,-12.31152057647705,identifier,getEmmetDocumentModel
-31.16066551208496,-97.9964828491211,(,(
-68.80984497070312,93.2037582397461,),)
87.47960662841797,-20.843427658081055,identifier,tag
43.644996643066406,-118.7502670288086,=,=
96.33422088623047,-29.242231369018555,identifier,model
-17.702146530151367,-24.410066604614258,&&,&&
96.29098510742188,-29.272497177124023,identifier,model
42.473655700683594,76.59674835205078,.,.
61.393829345703125,-8.651603698730469,identifier,nodeForPoint
-43.388099670410156,-86.60435485839844,(,(
124.1328353881836,32.090389251708984,identifier,pos
-71.50479125976562,86.4740982055664,),)
-122.37976837158203,-108.57305145263672,if,if
-101.34876251220703,-75.78278350830078,(,(
99.32442474365234,-24.834218978881836,identifier,tag
-122.4282455444336,27.96717071533203,),)
-166.66065979003906,5.903990268707275,{,{
13.436243057250977,188.91123962402344,return,return
-59.46146774291992,150.0005645751953,},}
-121.8894271850586,-114.57606506347656,if,if
-95.89202117919922,-78.45832061767578,(,(
63.309940338134766,-0.16993142664432526,identifier,inRange
-37.78388977050781,-82.84285736083984,(,(
124.87738800048828,-24.096086502075195,identifier,tag
51.956214904785156,93.69937133789062,.,.
80.24929809570312,27.71295166015625,identifier,open
-49.8919563293457,-5.439790725708008,",",","
124.42196655273438,32.07820510864258,identifier,pos
-80.84709167480469,84.60652160644531,),)
-11.500542640686035,-25.8201847076416,||,||
63.32727813720703,-0.1269075721502304,identifier,inRange
-37.11358642578125,-83.32083129882812,(,(
124.9224624633789,-24.00550079345703,identifier,tag
51.65852737426758,94.29317474365234,.,.
81.09032440185547,27.824241638183594,identifier,close
-49.66288757324219,-5.019245624542236,",",","
124.45479583740234,32.07060241699219,identifier,pos
-82.19026947021484,82.74446868896484,),)
-128.6584014892578,34.90553665161133,),)
-163.77407836914062,4.127757549285889,{,{
15.327407836914062,186.46412658691406,return,return
66.94745635986328,3.1164236068725586,identifier,rangeFromNode
-35.847476959228516,-86.65232849121094,(,(
124.5994644165039,-23.244901657104492,identifier,tag
-70.8465805053711,76.87975311279297,),)
-56.3572998046875,148.42138671875,},}
95.76416778564453,17.707855224609375,identifier,from
29.97590446472168,-116.10154724121094,=,=
125.3560791015625,-23.761816024780273,identifier,tag
52.657928466796875,100.548583984375,.,.
80.13236236572266,27.417041778564453,identifier,open
53.48224639892578,105.0103988647461,.,.
81.12612915039062,23.879308700561523,identifier,end
95.21012115478516,16.355730056762695,identifier,to
29.10149383544922,-116.00066375732422,=,=
125.91768646240234,-23.507944107055664,identifier,tag
58.896156311035156,97.7008285522461,.,.
81.57766723632812,27.663854598999023,identifier,close
125.95973205566406,-23.471906661987305,identifier,tag
52.81772232055664,101.99177551269531,.,.
81.27879333496094,27.607633590698242,identifier,close
53.09148406982422,104.64289093017578,.,.
80.12190246582031,24.077714920043945,identifier,start
125.93009185791016,-23.502717971801758,identifier,tag
52.203086853027344,101.07975006103516,.,.
80.1174545288086,27.233102798461914,identifier,open
52.922489166259766,104.93710327148438,.,.
81.06761169433594,23.882226943969727,identifier,end
21.383071899414062,186.31141662597656,return,return
70.3434066772461,8.355698585510254,identifier,narrowToNonSpace
-24.356769561767578,-83.38438415527344,(,(
105.43928527832031,-53.97987747192383,identifier,editor
-44.71582794189453,6.38523530960083,",",","
112.46978759765625,4.009045600891113,identifier,from
-45.75139236450195,6.762124061584473,",",","
112.4933090209961,3.973416328430176,identifier,to
-69.0422134399414,66.12890625,),)
-24.269981384277344,136.8525390625,},}
-13.908422470092773,-177.75233459472656,function,function
-50.5661506652832,-131.76344299316406,(,(
87.91984558105469,-40.688865661621094,identifier,bundleName
-78.52375030517578,-17.247285842895508,",",","
81.85379028320312,-47.96683883666992,identifier,filter
-125.29103088378906,91.97798156738281,),)
-181.93182373046875,-39.82540512084961,{,{
145.27145385742188,-8.125487327575684,identifier,bundle
-79.36811828613281,-35.23420333862305,",",","
86.4090576171875,-26.317380905151367,identifier,files
50.4918327331543,-128.3106689453125,=,=
98.70734405517578,-26.309295654296875,identifier,bundle
40.34236145019531,-123.40559387207031,=,=
50.30753707885742,79.9913558959961,.,.
65.49046325683594,-12.920358657836914,identifier,_bundles
95.82582092285156,-20.5963134765625,identifier,bundleName
-122.84253692626953,-107.78712463378906,if,if
-101.86701202392578,-75.276611328125,(,(
98.49726104736328,-25.310911178588867,identifier,bundle
-122.66886901855469,26.711597442626953,),)
-168.16307067871094,5.516411304473877,{,{
40.675559997558594,-13.325387954711914,identifier,Error
-37.12355041503906,-64.99281311035156,(,(
-18.656021118164062,32.95445251464844,+,+
95.69229888916016,-20.420059204101562,identifier,bundleName
-29.940980911254883,34.84339904785156,+,+
-64.10136413574219,84.81536102294922,),)
-58.186180114746094,151.25790405273438,},}
40.95775604248047,2.428982973098755,identifier,Object
40.16788864135742,67.3167495727539,.,.
50.769405364990234,1.1296426057815552,identifier,keys
-34.788150787353516,-88.86466217041016,(,(
117.50542449951172,-23.576183319091797,identifier,bundle
53.29396438598633,93.05255889892578,.,.
110.3993148803711,-24.80451011657715,identifier,files
-76.03629302978516,77.01776885986328,),)
26.521411895751953,60.47435760498047,.,.
22.098918914794922,-0.06008586660027504,identifier,forEach
-44.90631866455078,-71.6385726928711,(,(
-18.196086883544922,-166.27618408203125,function,function
-45.911041259765625,-121.8935546875,(,(
114.72933959960938,-9.688844680786133,identifier,fullpath
-116.0849380493164,86.27599334716797,),)
-163.78863525390625,-18.106624603271484,{,{
116.23135375976562,11.76164722442627,identifier,res
33.15660858154297,-113.9533462524414,=,=
-141.34898376464844,-21.239166259765625,{,{
86.2676010131836,-12.754737854003906,identifier,ext
73.13987731933594,0.6394103765487671,identifier,libpath
35.634117126464844,75.8963394165039,.,.
57.452171325683594,1.3493854999542236,identifier,extname
-32.27016067504883,-86.62393188476562,(,(
110.68262481689453,-5.707309722900391,identifier,fullpath
-82.1404800415039,75.78630828857422,),)
26.55522346496582,66.21477508544922,.,.
35.05943298339844,29.25229835510254,identifier,substr
-23.1374568939209,-73.28880310058594,(,(
-83.31596374511719,78.79203796386719,),)
-54.356163024902344,116.46221923828125,},}
-115.9574203491211,-117.79732513427734,if,if
-88.97638702392578,-84.68000030517578,(,(
33.09065246582031,86.30799865722656,.,.
68.32868957519531,5.9416422843933105,identifier,_filterResource
-29.03514862060547,-85.30889892578125,(,(
115.14215850830078,9.031475067138672,identifier,res
-46.76194763183594,2.1092050075531006,",",","
81.80117797851562,-48.0023193359375,identifier,filter
-86.58873748779297,77.68632507324219,),)
-129.332763671875,40.46124267578125,),)
-158.4815216064453,0.18338508903980255,{,{
111.91372680664062,-23.50467300415039,identifier,files
24.080223083496094,77.63650512695312,.,.
16.29444694519043,28.441362380981445,identifier,push
-19.483062744140625,-83.71013641357422,(,(
110.80009460449219,-5.444474220275879,identifier,fullpath
-71.69139862060547,68.70262145996094,),)
-48.96753692626953,147.16696166992188,},}
-48.21353530883789,128.2960205078125,},}
-52.5535888671875,11.445956230163574,",",","
-57.85133361816406,64.48432922363281,),)
22.571903228759766,192.0629119873047,return,return
119.18138885498047,0.6230403184890747,identifier,files
-24.84584617614746,137.32179260253906,},}
-14.62898063659668,-178.2952880859375,function,function
-51.937007904052734,-129.9453887939453,(,(
98.42138671875,-54.2824592590332,identifier,attributes
-126.58013916015625,89.02391815185547,),)
-179.79721069335938,-39.45327377319336,{,{
81.40724182128906,-23.914030075073242,identifier,attr
47.49409484863281,-123.02647399902344,=,=
53.5590705871582,-10.221156120300293,identifier,_clone
-46.75046920776367,-85.64358520507812,(,(
98.47590637207031,-54.30283737182617,identifier,attributes
-73.06678009033203,88.3010482788086,),)
-77.30218505859375,-35.52910614013672,",",","
86.92192077636719,-23.756118774414062,identifier,events
44.005496978759766,-122.6149673461914,=,=
64.16482543945312,-12.27130126953125,identifier,_attributesProcessedForOJ
-46.1337776184082,-86.0849838256836,(,(
106.71980285644531,-29.877347946166992,identifier,attr
-74.46055603027344,88.32616424560547,),)
-77.84303283691406,-37.96696472167969,",",","
148.42044067382812,-4.775083065032959,identifier,k
-80.34654235839844,-37.616844177246094,",",","
148.36416625976562,-5.110422134399414,identifier,v
-127.71479034423828,-113.10282135009766,if,if
-97.1746597290039,-74.71832275390625,(,(
65.0600357055664,-15.525108337402344,identifier,oj
45.388160705566406,72.10293579101562,.,.
50.24489212036133,-3.5654990673065186,identifier,isPlainObject
-45.55958938598633,-90.78438568115234,(,(
106.8241195678711,-29.905807495117188,identifier,attr
-81.1537857055664,88.46527099609375,),)
-127.90235137939453,29.0513916015625,),)
-167.13206481933594,-6.361863613128662,{,{
-112.98399353027344,-89.92903137207031,for,for
-102.86736297607422,-84.77735900878906,(,(
133.88966369628906,9.689292907714844,identifier,k
107.406982421875,-30.03539276123047,identifier,attr
-129.82615661621094,32.057865142822266,),)
-165.86351013183594,-8.032160758972168,{,{
104.11911010742188,11.627123832702637,identifier,v
34.241432189941406,-120.23123168945312,=,=
107.91790771484375,-30.1545352935791,identifier,attr
133.65777587890625,10.267358779907227,identifier,k
-126.11195373535156,-114.810791015625,if,if
-93.17284393310547,-79.79812622070312,(,(
133.3227081298828,9.62940502166748,identifier,k
19.161022186279297,-54.49361038208008,===,===
-119.03511047363281,38.91168975830078,),)
33.300994873046875,81.49568176269531,.,.
63.406551361083984,12.687668800354004,identifier,addClass
-36.96776580810547,-85.68582916259766,(,(
104.94247436523438,17.846586227416992,identifier,v
-72.14447021484375,76.81999206542969,),)
-76.86463165283203,137.51815795898438,else,else
-121.44652557373047,-119.22769927978516,if,if
-92.20716094970703,-82.9045181274414,(,(
104.82847595214844,17.859336853027344,identifier,v
18.86101722717285,-55.35010528564453,===,===
-119.49893951416016,39.30406951904297,),)
35.26963806152344,93.87870025634766,.,.
86.38715362548828,-2.0277209281921387,identifier,el
27.399776458740234,79.57990264892578,.,.
66.26880645751953,12.374141693115234,identifier,setAttributeNode
-34.31797790527344,-73.659912109375,(,(
83.54071044921875,-11.390334129333496,identifier,doc
33.445919036865234,76.61885833740234,.,.
65.93359375,11.983857154846191,identifier,createAttribute
-31.008804321289062,-88.11265563964844,(,(
131.76963806152344,9.61825942993164,identifier,k
-84.55492401123047,78.94721984863281,),)
-67.3026123046875,73.00509643554688,),)
-76.96817016601562,137.06349182128906,else,else
36.135414123535156,91.28668212890625,.,.
85.93287658691406,-2.1622002124786377,identifier,$el
30.10324478149414,80.89639282226562,.,.
64.83582305908203,15.489566802978516,identifier,attr
-24.411176681518555,-80.55586242675781,(,(
131.7112579345703,9.610313415527344,identifier,k
-44.525360107421875,5.216901779174805,",",","
114.75641632080078,4.247570514678955,identifier,v
-55.636627197265625,75.58136749267578,),)
-50.60079574584961,134.60919189453125,},}
-51.217674255371094,139.9501190185547,},}
-117.30220794677734,-120.71293640136719,if,if
-87.08879089355469,-82.58020782470703,(,(
98.10980987548828,-7.24491024017334,identifier,events
26.376331329345703,-45.99443435668945,!=,!=
-118.63948822021484,40.66998291015625,),)
72.78791809082031,8.371073722839355,identifier,_attributesBindEventsToDOM
-22.578134536743164,-84.57228088378906,(,(
98.0974349975586,-7.302781581878662,identifier,events
-44.14713668823242,8.385927200317383,",",","
44.85740661621094,103.56678771972656,.,.
86.66706085205078,-1.8140645027160645,identifier,el
-54.22320556640625,75.09583282470703,),)
-33.37715148925781,133.33396911621094,},}
-14.899956703186035,-178.63388061523438,function,function
-52.20610427856445,-129.83177185058594,(,(
86.94487762451172,-43.633296966552734,identifier,filename
-125.92780303955078,87.92755126953125,),)
-179.1779022216797,-38.24494552612305,{,{
-125.14498901367188,-105.072265625,if,if
-101.99410247802734,-72.10082244873047,(,(
45.52263259887695,12.520297050476074,identifier,fs
45.05506134033203,69.9586181640625,.,.
53.96669387817383,-2.869901418685913,identifier,existsSync
-47.00677490234375,-89.3557357788086,(,(
103.52490997314453,-17.52973175048828,identifier,filename
-81.8165283203125,89.98242950439453,),)
-125.79722595214844,24.421733856201172,),)
-168.70249938964844,7.316206932067871,{,{
13.038041114807129,189.40359497070312,return,return
-60.83281326293945,150.83718872070312,},}
-122.73544311523438,-106.49970245361328,if,if
-101.40474700927734,-73.95980072021484,(,(
58.328033447265625,83.87383270263672,.,.
75.91203308105469,-14.113015174865723,identifier,_moduleStorage
-122.92364501953125,25.512500762939453,),)
-170.16033935546875,3.808835744857788,{,{
30.652727127075195,101.7728042602539,.,.
76.0244140625,-14.07003116607666,identifier,_moduleStorage
33.16046905517578,-130.92884826660156,=,=
-59.693748474121094,152.41146850585938,},}
81.33673095703125,-15.861507415771484,identifier,that
51.79115295410156,-120.44185638427734,=,=
88.83245849609375,-13.328513145446777,identifier,parser
37.70841979980469,-114.20922088623047,=,=
66.45794677734375,-6.763671875,identifier,HalModuleParser
-32.222679138183594,-95.76800537109375,(,(
-66.77147674560547,92.72080993652344,),)
20.227548599243164,182.89346313476562,return,return
88.86273956298828,-13.284528732299805,identifier,parser
38.81849670410156,77.25272369384766,.,.
57.40347671508789,-3.008025646209717,identifier,parseFile
-35.55121612548828,-84.78323364257812,(,(
103.501708984375,-17.156455993652344,identifier,filename
-76.08872985839844,76.40843963623047,),)
25.260915756225586,60.90400314331055,.,.
25.183629989624023,-10.98206615447998,identifier,then
-45.094947814941406,-71.01071166992188,(,(
-18.572525024414062,-166.75352478027344,function,function
-45.24709701538086,-122.79979705810547,(,(
114.72241973876953,-9.607012748718262,identifier,fileInfo
-115.90436553955078,85.7524185180664,),)
-162.6921844482422,-18.328672409057617,{,{
121.20844268798828,-22.686782836914062,identifier,fileInfo
34.88887023925781,97.1697006225586,.,.
69.68980407714844,20.985942840576172,identifier,describe
27.75768280029297,-124.99437713623047,=,=
126.98725128173828,-14.22911548614502,identifier,that
33.77571105957031,86.88835906982422,.,.
67.95085906982422,4.401071548461914,identifier,_binaryToDescribe
-32.24093246459961,-84.25392150878906,(,(
121.13430786132812,-23.03266716003418,identifier,fileInfo
49.31033706665039,100.42754364013672,.,.
80.59488677978516,8.06424331665039,identifier,prefixInfo
-70.7396469116211,73.97393798828125,),)
126.92971801757812,-14.23211669921875,identifier,that
35.57255935668945,91.93804168701172,.,.
82.95195007324219,4.745484352111816,identifier,_moduleStorage
24.819236755371094,76.83773040771484,.,.
16.708513259887695,28.219654083251953,identifier,push
-19.417512893676758,-83.7689208984375,(,(
110.60990905761719,-4.09944486618042,identifier,fileInfo
-71.55196380615234,70.58003234863281,),)
-44.9433479309082,125.45660400390625,},}
-52.95884704589844,10.776805877685547,",",","
-20.297348022460938,-167.42652893066406,function,function
-45.09889221191406,-120.53677368164062,(,(
143.70700073242188,4.56695032119751,identifier,err
-115.1605453491211,83.07225036621094,),)
-160.23577880859375,-18.02906608581543,{,{
54.40388870239258,47.27638626098633,identifier,console
47.81481170654297,52.836605072021484,.,.
37.669044494628906,-11.86133098602295,identifier,error
-33.3282585144043,-67.14921569824219,(,(
-38.182472229003906,-0.6090627312660217,",",","
143.4104766845703,6.005314350128174,identifier,err
-66.58041381835938,66.14586639404297,),)
-47.63563919067383,125.23961639404297,},}
-58.91434860229492,65.78421020507812,),)
-23.10976219177246,136.15919494628906,},}
-6.96373176574707,-179.52125549316406,function,function
58.50404357910156,-19.63646697998047,identifier,Segment
-54.88544845581055,-131.53465270996094,(,(
94.78678131103516,-46.52650833129883,identifier,config
-128.76669311523438,91.11064147949219,),)
-181.5831756591797,-44.478084564208984,{,{
31.89006805419922,103.20203399658203,.,.
124.67532348632812,-44.86520767211914,identifier,config
28.307659149169922,-131.73333740234375,=,=
124.60323333740234,-43.60315704345703,identifier,config
32.434410095214844,102.31908416748047,.,.
66.45852661132812,-16.043947219848633,identifier,factory
32.34077072143555,-131.65562438964844,=,=
-15.953612327575684,-168.59347534179688,function,function
-48.9309196472168,-125.57565307617188,(,(
94.46622467041016,-14.283875465393066,identifier,method
-119.12252044677734,89.64918518066406,),)
-167.7994384765625,-19.120216369628906,{,{
81.35790252685547,-16.22113037109375,identifier,_this
51.6247444152832,-120.48152160644531,=,=
21.517932891845703,180.70809936523438,return,return
-15.585832595825195,-167.83761596679688,function,function
-51.44950866699219,-123.48677062988281,(,(
-120.34976959228516,86.42921447753906,),)
-166.61312866210938,-17.912845611572266,{,{
-122.58431243896484,-111.08932495117188,if,if
-97.2507553100586,-76.12174987792969,(,(
122.97262573242188,-16.364036560058594,identifier,_this
48.95476531982422,88.64949035644531,.,.
126.65762329101562,-45.860435485839844,identifier,config
58.09848403930664,91.2186279296875,.,.
70.295166015625,-18.90566062927246,identifier,condition
-19.635696411132812,-24.952621459960938,&&,&&
122.96183776855469,-16.375303268432617,identifier,_this
48.85765838623047,88.60504913330078,.,.
126.63552856445312,-45.911659240722656,identifier,config
49.055442810058594,86.90966796875,.,.
70.28616333007812,-18.919998168945312,identifier,condition
-41.6543083190918,-87.14700317382812,(,(
94.67465209960938,-14.077162742614746,identifier,method
-51.48483657836914,-6.992370128631592,",",","
107.6168212890625,-63.01355743408203,identifier,arguments
-82.23695373535156,84.99246978759766,),)
-126.31005859375,30.586090087890625,),)
-165.88914489746094,0.8325892686843872,{,{
124.03644561767578,-15.698182106018066,identifier,_this
48.936119079589844,52.67649459838867,.,.
49.14424514770508,49.46255111694336,identifier,debug
-34.61811065673828,-67.32981872558594,(,(
-38.71248245239258,-2.0974652767181396,",",","
-141.0189208984375,-20.16478729248047,{,{
95.11258697509766,-13.171272277832031,identifier,method
95.3666763305664,-13.367427825927734,identifier,method
-66.20536804199219,10.470298767089844,",",","
107.64360046386719,-62.18693542480469,identifier,arguments
107.74874877929688,-62.444969177246094,identifier,arguments
-58.132015228271484,10.468536376953125,",",","
-55.25381088256836,118.39400482177734,},}
-64.02205657958984,75.60890197753906,),)
14.239216804504395,192.30584716796875,return,return
-55.44005584716797,147.41534423828125,},}
124.1623764038086,-15.571965217590332,identifier,_this
48.7539176940918,52.37614440917969,.,.
48.9931755065918,49.56947708129883,identifier,debug
-33.99953842163086,-67.78364562988281,(,(
-20.036060333251953,33.47929382324219,+,+
95.74871826171875,-13.322566032409668,identifier,method
-28.612415313720703,33.808982849121094,+,+
-38.45979309082031,-1.053991675376892,",",","
107.96793365478516,-62.63740539550781,identifier,arguments
-68.37873077392578,71.51985168457031,),)
20.103368759155273,186.47454833984375,return,return
83.64640045166016,-2.032085418701172,identifier,window
37.648860931396484,89.92057800292969,.,.
76.98917388916016,22.038856506347656,identifier,analytics
96.11573028564453,-13.367615699768066,identifier,method
25.519142150878906,73.63445281982422,.,.
24.9741153717041,11.233548164367676,identifier,apply
-24.96832847595215,-82.39898681640625,(,(
76.98483276367188,22.05821990966797,identifier,analytics
-42.89793395996094,6.9861249923706055,",",","
108.16204833984375,-62.841094970703125,identifier,arguments
-69.81249237060547,66.97222900390625,),)
-44.85670852661133,127.8471450805664,},}
-44.84048843383789,127.9321517944336,},}
-26.314773559570312,136.46417236328125,},}
-5.643339157104492,-174.23098754882812,function,function
52.355892181396484,-17.520076751708984,identifier,_write
-54.230525970458984,-134.97483825683594,(,(
90.2567367553711,-45.26890563964844,identifier,file
-76.70886993408203,-15.911197662353516,",",","
90.95985412597656,-38.5611572265625,identifier,encoding
-80.3844223022461,-12.580127716064453,",",","
80.88142395019531,-52.54288101196289,identifier,next
-124.5113754272461,94.80968475341797,),)
-185.7454071044922,-43.23388671875,{,{
32.685325622558594,104.02224731445312,.,.
75.13719940185547,27.947898864746094,identifier,workers
64.52066802978516,-16.063570022583008,identifier,vow
40.505794525146484,72.92357635498047,.,.
45.40824890136719,-27.63285255432129,identifier,resolve
-46.846553802490234,-84.78614807128906,(,(
105.42835235595703,-20.64176368713379,identifier,file
-73.84563446044922,91.60198211669922,),)
25.117855072021484,59.35114288330078,.,.
24.28083038330078,-11.212255477905273,identifier,then
-47.05594253540039,-71.97239685058594,(,(
-48.03399658203125,-120.264892578125,(,(
103.19474029541016,-20.373096466064453,identifier,file
-110.62184143066406,86.12744140625,),)
112.28461456298828,-19.877498626708984,identifier,folder
41.375953674316406,77.21222686767578,.,.
57.84048080444336,-3.6683847904205322,identifier,downloadFile
-44.066810607910156,-87.48880004882812,(,(
105.21636962890625,-19.75938606262207,identifier,file
-83.7672119140625,86.92164611816406,),)
-74.55497741699219,83.06588745117188,),)
24.751474380493164,59.31039047241211,.,.
24.08493995666504,-11.027759552001953,identifier,then
-47.210716247558594,-71.42447662353516,(,(
-48.277427673339844,-119.92626190185547,(,(
103.41564178466797,-20.342153549194336,identifier,file
-110.6299819946289,86.3387451171875,),)
112.3083267211914,-19.9022159576416,identifier,folder
40.928829193115234,77.71908569335938,.,.
66.1888427734375,-7.503143787384033,identifier,frontMatter
-41.92305374145508,-86.76331329345703,(,(
105.24778747558594,-19.856666564941406,identifier,file
-83.92008972167969,85.83719635009766,),)
-74.43629455566406,82.66690063476562,),)
24.42665672302246,59.4288444519043,.,.
24.076147079467773,-10.72441577911377,identifier,then
-47.1402702331543,-71.04867553710938,(,(
-48.227272033691406,-119.83589172363281,(,(
103.39183044433594,-20.32520866394043,identifier,file
-110.70948791503906,86.31256866455078,),)
112.32548522949219,-19.893917083740234,identifier,folder
40.305809020996094,77.67259979248047,.,.
57.80448532104492,-3.340230941772461,identifier,storeFile
-37.43305587768555,-86.48591613769531,(,(
105.33704376220703,-19.534116744995117,identifier,file
-85.0427017211914,83.59736633300781,),)
-74.18972778320312,82.26959228515625,),)
23.778623580932617,59.58895492553711,.,.
27.43415641784668,-10.483392715454102,identifier,catch
-36.54882049560547,-76.94756317138672,(,(
71.37786102294922,0.4246370792388916,identifier,dbg
-75.556396484375,75.40731048583984,),)
23.979520797729492,59.862361907958984,.,.
24.294748306274414,-10.348834991455078,identifier,then
-46.226837158203125,-70.32527160644531,(,(
-46.21428680419922,-118.60997772216797,(,(
-110.54129791259766,83.06059265136719,),)
-161.1641845703125,-16.88077163696289,{,{
38.87800216674805,97.48545837402344,.,.
75.14627838134766,27.93499755859375,identifier,workers
72.47587585449219,-59.83028030395508,identifier,next
-26.011274337768555,-96.5047378540039,(,(
-51.61320495605469,77.19309997558594,),)
-50.948341369628906,125.16484832763672,},}
-53.765464782714844,70.55878448486328,),)
-118.14363098144531,-119.25005340576172,if,if
-89.93583679199219,-82.72770690917969,(,(
38.96070861816406,97.48762512207031,.,.
75.14923095703125,27.931686401367188,identifier,workers
26.273529052734375,-61.231834411621094,<,<
46.380882263183594,97.69810485839844,.,.
77.26264953613281,2.6862292289733887,identifier,concurrency
-127.20711517333984,39.50831985473633,),)
-158.66896057128906,-1.554915189743042,{,{
72.25605010986328,-59.40812301635742,identifier,next
-23.68231773376465,-94.42979431152344,(,(
-52.53679275512695,77.56367492675781,),)
71.89070892333984,-59.23602294921875,identifier,next
23.90011978149414,-123.9210433959961,=,=
-46.30614471435547,-118.0416259765625,(,(
-109.9664077758789,83.05534362792969,),)
-158.36180114746094,-17.48889923095703,{,{
-47.66780090332031,136.2563934326172,},}
-48.272483825683594,135.93045043945312,},}
-30.352859497070312,134.27735900878906,},}
-6.01312780380249,-179.14768981933594,function,function
53.97061538696289,-21.345727920532227,identifier,PromiseResolve
-56.721595764160156,-127.62255859375,(,(
-131.24691772460938,89.30220794677734,),)
-179.83241271972656,-44.78911209106445,{,{
22.201786041259766,181.0873260498047,return,return
-14.43333911895752,-168.96493530273438,function,function
60.45233917236328,-24.46083641052246,identifier,F
-49.63662338256836,-126.45886993408203,(,(
70.05075073242188,-46.14852523803711,identifier,resolution
-119.55378723144531,90.15611267089844,),)
-168.1197967529297,-18.416025161743164,{,{
89.9349136352539,-26.63991355895996,identifier,promise
44.5244140625,-121.39270782470703,=,=
60.49306106567383,-24.46354866027832,identifier,F
-78.59860229492188,-37.89151382446289,",",","
150.47586059570312,-8.544777870178223,identifier,reactions
-122.8046646118164,-107.99474334716797,if,if
-99.24267578125,-75.2394790649414,(,(
44.19730758666992,-12.771196365356445,identifier,Type
-44.725711822509766,-90.05084228515625,(,(
102.1683578491211,-31.23130989074707,identifier,promise
-78.6309585571289,89.35540771484375,),)
-123.86703491210938,27.367292404174805,),)
-167.46705627441406,5.594359874725342,{,{
42.633785247802734,-12.54759693145752,identifier,TypeError
-39.060054779052734,-67.43395233154297,(,(
-66.1156997680664,94.29105377197266,),)
-59.386268615722656,150.23947143554688,},}
-121.54952239990234,-114.85118865966797,if,if
-95.84574127197266,-78.86186218261719,(,(
117.30895233154297,-22.044246673583984,identifier,promise
-122.3926773071289,34.32859802246094,),)
-163.59832763671875,4.8909807205200195,{,{
14.594058990478516,189.1837615966797,return,return
-57.12339401245117,148.85910034179688,},}
96.35643005371094,2.6166324615478516,identifier,reactions
29.48980140686035,-119.71394348144531,=,=
117.31987762451172,-21.966930389404297,identifier,promise
44.62299346923828,-4.973330497741699,identifier,defineInternal
-21.137331008911133,-78.0139389038086,(,(
116.21382141113281,-15.449209213256836,identifier,promise
-35.983036041259766,5.538247585296631,",",","
-37.35207748413086,1.3642131090164185,",",","
69.5970230102539,-46.228328704833984,identifier,resolution
-68.7768783569336,71.48261260986328,),)
44.62956237792969,-5.1676764488220215,identifier,defineInternal
-20.485902786254883,-78.15887451171875,(,(
116.14852142333984,-15.403145790100098,identifier,promise
-35.8696174621582,5.9124836921691895,",",","
-37.557334899902344,8.982020378112793,",",","
-67.01162719726562,62.54296112060547,),)
44.63666915893555,-5.272510528564453,identifier,defineInternal
-20.226707458496094,-78.20733642578125,(,(
116.12455749511719,-15.381226539611816,identifier,promise
-35.78677749633789,6.149691581726074,",",","
-37.582889556884766,8.951577186584473,",",","
-67.3039321899414,62.32344436645508,),)
44.65186309814453,-5.424887180328369,identifier,defineInternal
-19.933176040649414,-78.23616790771484,(,(
116.05838775634766,-15.349462509155273,identifier,promise
-35.72129821777344,6.3587565422058105,",",","
-37.78037643432617,8.502821922302246,",",","
-68.04219818115234,61.8881950378418,),)
23.99425506591797,187.00277709960938,return,return
73.16915893554688,6.040421962738037,identifier,TriggerPromiseReactions
-20.19895362854004,-87.78318786621094,(,(
96.10206604003906,2.3132123947143555,identifier,reactions
-44.015262603759766,10.428564071655273,",",","
69.44126892089844,-46.23307418823242,identifier,resolution
-70.25199127197266,61.822391510009766,),)
-44.60344314575195,128.43673706054688,},}
-21.362951278686523,132.1112823486328,},}
-7.484156131744385,-180.165771484375,function,function
55.05397033691406,-19.30955696105957,identifier,EachSubject
-54.30146026611328,-136.07266235351562,(,(
89.14671325683594,-46.628013610839844,identifier,subject
-75.69895935058594,-15.640426635742188,",",","
88.77107238769531,-49.35960388183594,identifier,elements
-77.72100830078125,-10.770669937133789,",",","
85.3008804321289,-39.846282958984375,identifier,elementName
-81.28864288330078,-9.956096649169922,",",","
83.06520080566406,-37.57032775878906,identifier,opt_noIndex
-122.83307647705078,97.88378143310547,),)
-186.91989135742188,-43.747215270996094,{,{
63.42469787597656,-13.095487594604492,identifier,ProxyBase
41.68083572387695,63.39085388183594,.,.
22.123281478881836,11.213117599487305,identifier,call
-46.621421813964844,-82.7841567993164,(,(
-69.19524383544922,88.43482208251953,),)
31.506229400634766,102.0750732421875,.,.
80.1326904296875,-19.649383544921875,identifier,elementSubjects
33.62975311279297,-131.9017791748047,=,=
-110.96981048583984,-91.3841552734375,for,for
-106.61198425292969,-86.27668762207031,(,(
159.11087036132812,8.991751670837402,identifier,i
43.00681686401367,-105.89318084716797,=,=
161.91270446777344,11.984967231750488,identifier,i
28.33538818359375,-65.80378723144531,<,<
112.5650405883789,-31.58673667907715,identifier,elements
65.02467346191406,85.71602630615234,.,.
103.98284149169922,54.8855094909668,identifier,length
163.4894256591797,16.441909790039062,identifier,i
-132.84898376464844,31.60167694091797,),)
-166.44815063476562,-9.933485984802246,{,{
128.164306640625,-10.758125305175781,identifier,es
37.205101013183594,-116.2445297241211,=,=
63.70869064331055,-2.619642734527588,identifier,subjectFactory
38.77849197387695,75.30384063720703,.,.
63.74877166748047,-2.6013450622558594,identifier,newSubject
-36.248653411865234,-81.33226013183594,(,(
130.25732421875,-31.068134307861328,identifier,subject
50.41154861450195,93.0329818725586,.,.
68.68486022949219,-2.9305243492126465,identifier,failureStrategy
-51.927913665771484,-3.3324248790740967,",",","
112.58747100830078,-31.640243530273438,identifier,elements
153.84921264648438,17.535694122314453,identifier,i
-68.64094543457031,79.47856140136719,),)
127.9016342163086,-11.275901794433594,identifier,es
33.563419342041016,80.46910858154297,.,.
70.78057861328125,22.51472282409668,identifier,named
-35.08526611328125,-75.51995086669922,(,(
96.3113784790039,-6.467838287353516,identifier,elementName
-24.103193283081055,29.878877639770508,+,+
-61.118282318115234,-79.33045959472656,(,(
87.09070587158203,6.276421546936035,identifier,opt_noIndex
-61.8399543762207,-78.86481475830078,(,(
-21.645246505737305,32.46199417114258,+,+
153.14059448242188,15.20539379119873,identifier,i
-86.32051849365234,80.83426666259766,),)
-77.74332427978516,79.31519317626953,),)
-26.6083984375,32.96802520751953,+,+
-22.413375854492188,32.34656524658203,+,+
130.261474609375,-31.03695297241211,identifier,subject
29.534255981445312,74.07601928710938,.,.
69.64698791503906,20.973392486572266,identifier,describe
-24.658231735229492,-96.87045288085938,(,(
-88.45667266845703,71.24636840820312,),)
-65.34392547607422,72.27669525146484,),)
127.82479095458984,-11.388763427734375,identifier,es
28.86921501159668,97.12529754638672,.,.
80.15653991699219,17.0289249420166,identifier,failureMessage
24.426546096801758,-126.77924346923828,=,=
130.2706756591797,-31.044631958007812,identifier,subject
49.166839599609375,105.30624389648438,.,.
80.18787384033203,17.026147842407227,identifier,failureMessage
35.00756072998047,92.094970703125,.,.
83.06051635742188,4.430981636047363,identifier,elementSubjects
24.737930297851562,77.34717559814453,.,.
16.836368560791016,28.595075607299805,identifier,push
-18.867984771728516,-83.85010528564453,(,(
114.85977935791016,2.608203172683716,identifier,es
-71.06942749023438,65.33465576171875,),)
-46.84343338012695,143.41542053222656,},}
-27.880722045898438,135.1004638671875,},}
-7.486904144287109,-179.40794372558594,function,function
57.896793365478516,-22.742923736572266,identifier,RPC
-53.33390426635742,-133.59182739257812,(,(
91.93988037109375,-46.18758773803711,identifier,contact
-78.82108306884766,-16.094179153442383,",",","
118.37298583984375,-58.85248947143555,identifier,options
-125.61320495605469,92.59761047363281,),)
-183.5826416015625,-43.7250862121582,{,{
36.63135528564453,-27.43518829345703,identifier,assert
-54.52553176879883,-81.33514404296875,(,(
58.21529006958008,-22.95842742919922,identifier,RPC
-56.99506759643555,-14.4011812210083,",",","
-56.37541198730469,84.48744201660156,),)
36.67983627319336,-27.39695930480957,identifier,assert
-54.55705261230469,-81.3058090209961,(,(
98.67657470703125,-29.566795349121094,identifier,contact
70.86685180664062,-23.20667266845703,identifier,Contact
-56.97539520263672,-14.536066055297852,",",","
-56.340213775634766,84.4644546508789,),)
77.50469207763672,-1.9960532188415527,identifier,events
44.720584869384766,84.71187591552734,.,.
63.63316345214844,-14.166511535644531,identifier,EventEmitter
41.0781364440918,63.26797866821289,.,.
22.031265258789062,11.303522109985352,identifier,call
-45.405269622802734,-82.35771942138672,(,(
-55.35639572143555,82.35768127441406,),)
121.74046325683594,-55.962791442871094,identifier,options
36.011444091796875,-121.99236297607422,=,=
123.09024047851562,-57.63486099243164,identifier,options
-6.566514492034912,-27.73403549194336,||,||
-140.1627655029297,-27.407678604125977,{,{
-60.97966384887695,111.6750259399414,},}
-124.28382110595703,-113.8936767578125,if,if
-93.57755279541016,-76.52648162841797,(,(
127.31295776367188,-52.20246505737305,identifier,options
57.178165435791016,93.26571655273438,.,.
88.11835479736328,9.718591690063477,identifier,replyto
-125.94383239746094,32.678504943847656,),)
-166.06268310546875,-1.9486665725708008,{,{
36.13811492919922,-27.735294342041016,identifier,assert
-55.291358947753906,-79.83749389648438,(,(
127.16752624511719,-53.516700744628906,identifier,options
55.24097442626953,93.81230926513672,.,.
88.21170806884766,9.676769256591797,identifier,replyto
70.85829162597656,-23.20284652709961,identifier,Contact
-56.5667610168457,-15.31071949005127,",",","
-59.016082763671875,79.35536193847656,),)
-55.260108947753906,137.30978393554688,},}
31.746604919433594,95.29499053955078,.,.
78.6993179321289,12.494698524475098,identifier,_hooks
26.87740707397461,-124.95559692382812,=,=
-141.63418579101562,-21.158140182495117,{,{
94.35944366455078,18.44718360900879,identifier,before
-142.11300659179688,-25.420635223388672,{,{
-59.96397399902344,116.9871597290039,},}
-66.27238464355469,11.503203392028809,",",","
93.71235656738281,18.04911231994629,identifier,after
-142.0622100830078,-25.641815185546875,{,{
-59.88368225097656,116.89183044433594,},}
-53.60847091674805,114.80421447753906,},}
30.42253303527832,94.54297637939453,.,.
78.14672088623047,12.463820457458496,identifier,_pendingCalls
23.748247146606445,-130.26219177246094,=,=
-141.7985076904297,-26.374744415283203,{,{
-60.34956359863281,111.29410552978516,},}
29.34109115600586,95.12513732910156,.,.
79.28916931152344,14.087993621826172,identifier,_contact
25.10834312438965,-126.36911010742188,=,=
128.78768920898438,-55.879459381103516,identifier,options
49.67564010620117,106.43648529052734,.,.
87.83789825439453,9.87905216217041,identifier,replyto
-6.678909778594971,-25.68829917907715,||,||
100.07902526855469,-0.8528606295585632,identifier,contact
28.77901840209961,95.17501831054688,.,.
79.41297912597656,14.439605712890625,identifier,_log
25.042089462280273,-126.55760955810547,=,=
128.87936401367188,-57.383907318115234,identifier,options
-17.364694595336914,-23.204301834106445,&&,&&
129.30445861816406,-56.07010269165039,identifier,options
48.61712646484375,106.3912582397461,.,.
80.00000762939453,15.094805717468262,identifier,logger
28.027090072631836,95.59082794189453,.,.
75.17864227294922,12.673004150390625,identifier,readyState
23.21945571899414,-128.49070739746094,=,=
26.572521209716797,83.15241241455078,.,.
78.83011627197266,25.167436599731445,identifier,open
-24.79425811767578,-93.0981216430664,(,(
-53.04620361328125,75.80253601074219,),)
-33.562782287597656,133.2147216796875,},}
-14.065168380737305,-178.92572021484375,function,function
-52.628021240234375,-130.6011962890625,(,(
118.02901458740234,-59.77915954589844,identifier,options
-127.13996887207031,87.7666015625,),)
-177.50645446777344,-41.51124572753906,{,{
121.2300033569336,-56.82048034667969,identifier,options
43.58900833129883,-125.40370178222656,=,=
122.34046936035156,-58.56387710571289,identifier,options
-6.071933269500732,-28.099695205688477,||,||
-139.4121551513672,-27.43891143798828,{,{
-61.0478401184082,111.70428466796875,},}
-127.13543701171875,-111.42372131347656,if,if
-98.91688537597656,-73.44613647460938,(,(
57.67416000366211,84.46923065185547,.,.
71.00308227539062,-26.0131893157959,identifier,passports
-18.64069175720215,-24.85352897644043,&&,&&
56.42407989501953,84.49266052246094,.,.
71.00016784667969,-26.009410858154297,identifier,passports
36.43068313598633,63.739444732666016,.,.
21.741687774658203,-1.4605737924575806,identifier,every
-47.5683479309082,-73.84534454345703,(,(
101.53617858886719,-21.00082778930664,identifier,t
127.24788665771484,-20.561559677124023,identifier,t
61.88032531738281,30.946495056152344,identifier,app
46.15536880493164,85.63326263427734,.,.
65.15216064453125,-14.501260757446289,identifier,orm
-75.11084747314453,84.3807601928711,),)
-20.13961410522461,-25.9669189453125,&&,&&
126.02957916259766,-53.54133605957031,identifier,options
57.13517761230469,90.27667999267578,.,.
69.5633316040039,-10.63067626953125,identifier,reload
-125.79084014892578,28.417415618896484,),)
-167.2004852294922,3.4588842391967773,{,{
13.770730972290039,186.2318572998047,return,return
45.2686767578125,-20.706485748291016,identifier,Promise
39.5862922668457,71.18251037597656,.,.
45.404666900634766,-27.635557174682617,identifier,resolve
-40.372772216796875,-84.90340423583984,(,(
-55.25971603393555,81.29300689697266,),)
-59.933902740478516,143.36892700195312,},}
-76.08394622802734,139.6069793701172,else,else
-159.25247192382812,-7.071739673614502,{,{
19.625761032104492,183.03248596191406,return,return
38.49132537841797,77.72195434570312,.,.
66.94134521484375,-0.7827659845352173,identifier,getPassports
-35.971946716308594,-78.39380645751953,(,(
-140.44418334960938,-20.369338989257812,{,{
76.39727020263672,-37.1278190612793,identifier,transaction
127.03363037109375,-54.556190490722656,identifier,options
52.35600280761719,96.25511932373047,.,.
76.43329620361328,-37.15807342529297,identifier,transaction
-7.345400810241699,-26.66006851196289,||,||
-54.95502471923828,117.62159729003906,},}
-75.5799560546875,76.2582015991211,),)
24.848848342895508,60.79717254638672,.,.
25.18100929260254,-10.795304298400879,identifier,then
-45.3972053527832,-70.64630126953125,(,(
116.12123107910156,-10.079580307006836,identifier,passports
-162.53009033203125,-16.430757522583008,{,{
98.22047424316406,1.4876081943511963,identifier,passports
28.219680786132812,-118.6783676147461,=,=
98.61138916015625,0.8180899024009705,identifier,passports
-6.210780620574951,-26.46848487854004,||,||
33.30722427368164,95.30023193359375,.,.
98.20235443115234,1.5930094718933105,identifier,passports
25.96951675415039,-128.7541961669922,=,=
98.6904067993164,0.44259244203567505,identifier,passports
29.774250030517578,83.7171401977539,.,.
66.82711791992188,12.491743087768555,identifier,setDataValue
-26.431461334228516,-77.6883773803711,(,(
-37.25164794921875,1.56095552444458,",",","
98.61534881591797,0.11812497675418854,identifier,passports
-54.72047805786133,78.02850341796875,),)
28.867839813232422,82.64613342285156,.,.
66.98485565185547,13.244911193847656,identifier,set
-26.226137161254883,-77.83016204833984,(,(
-37.19595718383789,1.8569196462631226,",",","
98.64826202392578,-0.03648516535758972,identifier,passports
-56.320640563964844,75.15340423583984,),)
20.890546798706055,193.27328491210938,return,return
-50.56280517578125,127.5880355834961,},}
-55.41209411621094,69.12633514404297,),)
-48.955448150634766,135.1528778076172,},}
-29.95924949645996,133.3585662841797,},}
-4.2201714515686035,-176.33290100097656,function,function
54.04561996459961,-18.351564407348633,identifier,splitHeader
-56.134796142578125,-132.30322265625,(,(
90.62825012207031,-50.68619918823242,identifier,content
-127.47838592529297,91.48116302490234,),)
-181.87547302246094,-41.04977798461914,{,{
82.66058349609375,-27.31961441040039,identifier,lines
46.527732849121094,-121.155517578125,=,=
105.20246887207031,-35.913909912109375,identifier,content
34.377769470214844,61.97970962524414,.,.
38.005123138427734,36.41064453125,identifier,split
-21.33243751525879,-65.09623718261719,(,(
-70.22879028320312,90.19449615478516,),)
-124.06625366210938,-107.91513061523438,if,if
-97.48440551757812,-72.70259857177734,(,(
112.51903533935547,-28.63861083984375,identifier,lines
-123.97394561767578,26.567502975463867,),)
-167.9023895263672,6.149623394012451,{,{
12.667753219604492,188.75108337402344,return,return
-140.03521728515625,-25.411405563354492,{,{
-60.2688102722168,114.1147232055664,},}
-59.80802917480469,151.41551208496094,},}
158.00318908691406,7.102675437927246,identifier,i
52.027835845947266,-126.0134506225586,=,=
-112.46841430664062,-90.1335678100586,for,for
-105.7041015625,-84.53429412841797,(,(
161.1471405029297,11.970370292663574,identifier,i
28.30046272277832,-65.1566162109375,<,<
112.63075256347656,-28.671728134155273,identifier,lines
66.0129623413086,85.41838073730469,.,.
103.75347137451172,55.6854362487793,identifier,length
163.28065490722656,16.744184494018555,identifier,i
-132.81582641601562,32.59553146362305,),)
-165.6660614013672,-10.401410102844238,{,{
-118.2046890258789,-112.85132598876953,if,if
-95.03610229492188,-80.35548400878906,(,(
112.84716796875,-28.496606826782227,identifier,lines
153.12722778320312,18.283212661743164,identifier,i
18.680328369140625,-54.36233901977539,===,===
-122.24695587158203,34.80648422241211,),)
-163.065185546875,5.134128093719482,{,{
-53.94888687133789,149.6580352783203,},}
-53.615638732910156,140.7489013671875,},}
22.060094833374023,184.9270782470703,return,return
-141.87562561035156,-21.5405216217041,{,{
76.0023193359375,19.370330810546875,identifier,header
113.69002532958984,-27.62989044189453,identifier,lines
27.629867553710938,68.34168243408203,.,.
35.01132583618164,27.173540115356445,identifier,slice
-23.4642333984375,-74.05096435546875,(,(
-44.840816497802734,-7.564680099487305,",",","
153.22694396972656,14.445639610290527,identifier,i
-26.15799331665039,28.591379165649414,+,+
-80.83108520507812,76.63894653320312,),)
25.823986053466797,65.5767593383789,.,.
44.746360778808594,35.442508697509766,identifier,join
-21.958614349365234,-69.49022674560547,(,(
-81.3517074584961,76.64469146728516,),)
-63.80557632446289,9.286611557006836,",",","
59.132572174072266,-40.01154327392578,identifier,content
113.8030014038086,-27.58392333984375,identifier,lines
27.418569564819336,68.54749298095703,.,.
35.35805130004883,26.735445022583008,identifier,slice
-22.57736587524414,-74.941162109375,(,(
152.26881408691406,14.571406364440918,identifier,i
-26.402963638305664,28.415700912475586,+,+
-81.53687286376953,73.91940307617188,),)
25.292036056518555,66.1490478515625,.,.
44.43283462524414,35.453102111816406,identifier,join
-21.254329681396484,-69.1999282836914,(,(
-83.69426727294922,73.12885284423828,),)
-56.76200866699219,11.038335800170898,",",","
-51.55099868774414,121.01044464111328,},}
-23.729114532470703,137.53079223632812,},}
-15.068831443786621,-177.67359924316406,function,function
-51.36979675292969,-130.2203369140625,(,(
93.15316772460938,-45.460628509521484,identifier,transaction
-127.08021545410156,88.64295196533203,),)
-179.4719696044922,-39.72150421142578,{,{
88.32928466796875,-28.67568016052246,identifier,me
51.295101165771484,-121.88687133789062,=,=
-77.66761016845703,-34.815555572509766,",",","
82.53091430664062,-23.790599822998047,identifier,enableBuffer
47.11730194091797,-120.31253051757812,=,=
129.4801788330078,-17.00456428527832,identifier,me
45.20188903808594,76.81673431396484,.,.
63.07367706298828,-11.110861778259277,identifier,getEnableBuffer
-31.051895141601562,-98.20661163330078,(,(
-69.01448822021484,93.38687896728516,),)
-123.56364440917969,-107.38935089111328,if,if
-97.45793151855469,-72.13810729980469,(,(
97.04894256591797,-32.15608215332031,identifier,transaction
48.04487228393555,76.52803802490234,.,.
65.29007720947266,-10.710352897644043,identifier,getForm
-31.2060546875,-99.38858795166016,(,(
-70.7451400756836,95.70124816894531,),)
-123.85084533691406,26.03152847290039,),)
-169.44830322265625,3.8374743461608887,{,{
129.16848754882812,-16.862308502197266,identifier,me
40.90602111816406,79.85652923583984,.,.
65.15717315673828,-10.57877254486084,identifier,sendFormRequest
-43.02379608154297,-85.23621368408203,(,(
96.62882995605469,-32.36993408203125,identifier,transaction
-71.61250305175781,85.4737319946289,),)
13.075127601623535,191.83071899414062,return,return
-59.06999588012695,151.3917694091797,},}
129.25985717773438,-16.497831344604492,identifier,me
36.842864990234375,99.92562866210938,.,.
74.55007934570312,-8.121272087097168,identifier,callBuffer
20.38089942932129,74.82710266113281,.,.
17.174551010131836,27.242267608642578,identifier,push
-39.5003776550293,-86.61724853515625,(,(
96.67001342773438,-32.367740631103516,identifier,transaction
-70.48399353027344,83.25404357910156,),)
-121.96111297607422,-113.53543090820312,if,if
-92.32418060302734,-75.75244140625,(,(
102.95415496826172,-1.5823707580566406,identifier,enableBuffer
-128.30088806152344,32.190704345703125,),)
-165.77444458007812,-6.4578447341918945,{,{
-117.06732940673828,-112.68194580078125,if,if
-95.39630889892578,-81.6346435546875,(,(
129.92784118652344,-16.438846588134766,identifier,me
57.32590103149414,94.64530944824219,.,.
90.88948822021484,10.337088584899902,identifier,callTask
-124.70868682861328,34.5047607421875,),)
-163.86570739746094,1.217057466506958,{,{
129.3234100341797,-15.483046531677246,identifier,me
34.0058479309082,96.16163635253906,.,.
90.98235321044922,10.538679122924805,identifier,callTask
28.14040184020996,-124.06249237060547,=,=
55.55965805053711,30.85020637512207,identifier,Ext
35.0408935546875,73.54191589355469,.,.
56.71709060668945,11.629190444946289,identifier,create
-31.400556564331055,-75.48360443115234,(,(
-45.63809585571289,-2.2858657836914062,",",","
130.6809539794922,-15.611736297607422,identifier,me
48.78874206542969,97.99038696289062,.,.
68.38860321044922,11.635027885437012,identifier,combineAndSend
-49.814056396484375,3.186353921890259,",",","
131.55123901367188,-14.104838371276855,identifier,me
-68.75125885009766,74.29853057861328,),)
-55.03812789916992,146.63046264648438,},}
129.70286560058594,-15.023904800415039,identifier,me
36.45008087158203,92.52359771728516,.,.
91.03168487548828,10.872188568115234,identifier,callTask
26.98567008972168,78.68883514404297,.,.
58.164100646972656,8.946541786193848,identifier,delay
-33.999549865722656,-73.6418685913086,(,(
55.43394088745117,30.9556884765625,identifier,Ext
33.54145431518555,74.84789276123047,.,.
60.7829475402832,10.998055458068848,identifier,isNumber
-29.4215030670166,-88.70155334472656,(,(
103.47314453125,-1.745649814605713,identifier,enableBuffer
-84.99182891845703,75.76704406738281,),)
103.93339538574219,-2.069208860397339,identifier,enableBuffer
-66.92085266113281,68.68215942382812,),)
-62.7969970703125,140.9896240234375,},}
-73.29740905761719,138.57408142089844,else,else
-155.86126708984375,-3.6830484867095947,{,{
129.9565887451172,-14.766400337219238,identifier,me
26.961305618286133,82.15887451171875,.,.
68.41312408447266,11.645862579345703,identifier,combineAndSend
-24.87329864501953,-93.68421173095703,(,(
-75.89253997802734,65.3978500366211,),)
-46.35720443725586,147.1498565673828,},}
-27.324745178222656,134.24288940429688,},}
-3.444688320159912,-176.27088928222656,function,function
54.4146842956543,-17.033254623413086,identifier,getDigest
-57.34745788574219,-133.6161346435547,(,(
95.49951934814453,-47.317203521728516,identifier,cfg
-128.0329132080078,92.71340942382812,),)
-182.1995391845703,-41.9986686706543,{,{
146.91476440429688,-8.906451225280762,identifier,ha1
-80.16858673095703,-35.91366958618164,",",","
147.2060546875,-8.606902122497559,identifier,ha2
-80.14681243896484,-36.762516021728516,",",","
150.3711700439453,-8.911715507507324,identifier,response
86.03919982910156,-16.048898696899414,identifier,ha1
41.97378158569336,-123.37574005126953,=,=
48.061500549316406,16.593250274658203,identifier,crypto
41.8375358581543,75.76221466064453,.,.
53.9973258972168,11.421826362609863,identifier,createHash
-27.645103454589844,-70.36878967285156,(,(
-76.11287689208984,90.4188003540039,),)
28.008771896362305,62.43792724609375,.,.
52.86448287963867,14.072220802307129,identifier,update
-39.951900482177734,-74.81835174560547,(,(
126.49420166015625,-37.45014953613281,identifier,cfg
51.30402755737305,88.02596282958984,.,.
70.61101531982422,-7.676208019256592,identifier,fromExt
-30.48778533935547,33.130126953125,+,+
-19.80592155456543,31.14332389831543,+,+
126.53173065185547,-37.27145767211914,identifier,cfg
51.65349578857422,88.17325592041016,.,.
70.77094268798828,-7.863321304321289,identifier,realm
-30.389480590820312,33.19807052612305,+,+
-19.95026969909668,31.08798599243164,+,+
126.6068115234375,-37.156898498535156,identifier,cfg
52.062801361083984,88.17766571044922,.,.
69.48209381103516,-7.123696327209473,identifier,pass
-75.94900512695312,83.99242401123047,),)
26.693042755126953,62.90518569946289,.,.
53.00990676879883,17.165285110473633,identifier,digest
-24.36841583251953,-69.59418487548828,(,(
-67.63377380371094,81.96177673339844,),)
101.33924102783203,9.059248924255371,identifier,ha2
30.66743278503418,-119.78633880615234,=,=
48.0732536315918,16.6065731048584,identifier,crypto
36.59444046020508,78.38526153564453,.,.
54.06206130981445,11.463029861450195,identifier,createHash
-27.532289505004883,-70.60777282714844,(,(
-78.55697631835938,74.17167663574219,),)
23.358083724975586,64.56851959228516,.,.
52.89632797241211,14.085644721984863,identifier,update
-33.94457244873047,-75.54924011230469,(,(
127.00546264648438,-36.38227462768555,identifier,cfg
49.191917419433594,99.37368774414062,.,.
74.38240814208984,3.6234347820281982,identifier,meth
-27.952394485473633,32.13508987426758,+,+
-21.84592628479004,31.567310333251953,+,+
127.05647277832031,-36.3148078918457,identifier,cfg
49.22550964355469,99.76273345947266,.,.
81.48296356201172,8.594738960266113,identifier,authUri
-78.58367919921875,76.8505630493164,),)
24.868947982788086,64.30591583251953,.,.
53.02649688720703,17.175073623657227,identifier,digest
-24.170686721801758,-69.72665405273438,(,(
-72.87454223632812,73.77452850341797,),)
113.61944580078125,10.752057075500488,identifier,response
25.285593032836914,-117.77727508544922,=,=
48.0881233215332,16.622509002685547,identifier,crypto
36.35930633544922,79.19013214111328,.,.
54.08431625366211,11.483530044555664,identifier,createHash
-27.47128677368164,-70.64596557617188,(,(
-79.13227844238281,72.69950103759766,),)
23.08076286315918,64.50788116455078,.,.
52.909854888916016,14.089923858642578,identifier,update
-22.5443115234375,-81.67564392089844,(,(
110.7063217163086,0.4888078570365906,identifier,ha1
-29.512113571166992,32.183143615722656,+,+
-22.47295379638672,34.69917678833008,+,+
127.17652130126953,-36.23289108276367,identifier,cfg
47.1085090637207,102.88579559326172,.,.
81.61005401611328,9.180694580078125,identifier,nonce
-29.482006072998047,33.00785827636719,+,+
-22.3671932220459,34.42752456665039,+,+
110.85973358154297,0.4710575342178345,identifier,ha2
-80.63172912597656,70.34127044677734,),)
24.376047134399414,64.3375473022461,.,.
53.033409118652344,17.184429168701172,identifier,digest
-23.7486515045166,-69.94544982910156,(,(
-69.00956726074219,62.837528228759766,),)
23.965572357177734,192.9148406982422,return,return
118.24203491210938,4.167531490325928,identifier,response
-23.32184600830078,133.4924774169922,},}
-5.576289176940918,-173.30519104003906,function,function
55.29670715332031,-15.363247871398926,identifier,slideNext
-53.36000442504883,-137.01280212402344,(,(
102.8253402709961,28.095928192138672,identifier,speed
44.82266616821289,-128.8114013671875,=,=
54.03202438354492,81.83914184570312,.,.
116.8774185180664,-47.78456497192383,identifier,params
54.026466369628906,81.94673919677734,.,.
102.78572082519531,28.062469482421875,identifier,speed
-83.17454528808594,-8.846417427062988,",",","
77.37432861328125,-52.17827224731445,identifier,runCallbacks
45.792171478271484,-130.4145965576172,=,=
-82.78506469726562,-9.294004440307617,",",","
71.70005798339844,-49.43183517456055,identifier,internal
-120.7497329711914,97.07350158691406,),)
-186.3721923828125,-38.05704879760742,{,{
82.59752655029297,-21.24759292602539,identifier,swiper
51.631954193115234,-120.6141357421875,=,=
-135.24099731445312,-20.14246940612793,{,{
114.96285247802734,-48.08474349975586,identifier,params
-73.48468780517578,-8.034774780273438,",",","
73.73974609375,-24.850292205810547,identifier,animating
-56.579559326171875,112.44217681884766,},}
46.18027877807617,-115.16136932373047,=,=
96.64116668701172,-26.897499084472656,identifier,swiper
-124.67862701416016,-111.11438751220703,if,if
-94.6994857788086,-74.18467712402344,(,(
116.69933319091797,-45.344482421875,identifier,params
57.57101821899414,90.82970428466797,.,.
69.00568389892578,-11.975676536560059,identifier,loop
-129.2145538330078,29.520429611206055,),)
-167.5870361328125,-5.695083141326904,{,{
-118.87456512451172,-109.6749038696289,if,if
-92.07132720947266,-73.7663345336914,(,(
73.68107604980469,-24.805927276611328,identifier,animating
-118.16429138183594,38.27385330200195,),)
13.968835830688477,189.2705535888672,return,return
122.22482299804688,-20.166616439819336,identifier,swiper
38.081748962402344,81.91863250732422,.,.
65.0487060546875,-0.6113133430480957,identifier,loopFix
-28.18229866027832,-95.5300064086914,(,(
-65.66527557373047,92.83740234375,),)
122.4115219116211,-20.12693977355957,identifier,swiper
35.57808303833008,97.89262390136719,.,.
83.95543670654297,16.066402435302734,identifier,_clientLeft
28.539304733276367,-125.69418334960938,=,=
123.03809356689453,-20.10706901550293,identifier,swiper
47.899539947509766,94.9503173828125,.,.
85.55872344970703,-1.949787974357605,identifier,$wrapperEl
53.26959228515625,98.01242065429688,.,.
83.89716339111328,16.373891830444336,identifier,clientLeft
17.12656021118164,186.11672973632812,return,return
122.7601318359375,-19.306631088256836,identifier,swiper
28.996206283569336,80.21266174316406,.,.
63.81494903564453,10.325782775878906,identifier,slideTo
-29.662822723388672,-78.6520767211914,(,(
123.32797241210938,-19.701473236083984,identifier,swiper
48.09682083129883,99.60997009277344,.,.
84.8601303100586,13.82929515838623,identifier,activeIndex
-25.289714813232422,27.406396865844727,+,+
118.72509002685547,-45.77281951904297,identifier,params
45.05561828613281,98.89894104003906,.,.
85.03417205810547,11.39208698272705,identifier,slidesPerGroup
-50.23405838012695,6.842845916748047,",",","
102.85489654541016,25.285566329956055,identifier,speed
-50.06330490112305,6.637759685516357,",",","
72.31317138671875,-53.22100067138672,identifier,runCallbacks
-49.70173263549805,6.255245685577393,",",","
71.4168930053711,-49.63822937011719,identifier,internal
-67.77080535888672,69.92144775390625,),)
-51.564910888671875,142.79739379882812,},}
21.192716598510742,186.77708435058594,return,return
123.01364135742188,-19.053977966308594,identifier,swiper
29.08574676513672,80.68241882324219,.,.
63.81982421875,10.353458404541016,identifier,slideTo
-22.714094161987305,-81.70413208007812,(,(
123.54861450195312,-19.326705932617188,identifier,swiper
45.22216796875,100.84886169433594,.,.
84.8545913696289,13.825265884399414,identifier,activeIndex
-25.393728256225586,27.239347457885742,+,+
118.70951080322266,-45.85707092285156,identifier,params
44.61863327026367,99.7583236694336,.,.
85.02759552001953,11.398138046264648,identifier,slidesPerGroup
-48.12587356567383,8.836274147033691,",",","
102.87894439697266,25.273962020874023,identifier,speed
-48.12542724609375,8.190499305725098,",",","
72.29408264160156,-53.214691162109375,identifier,runCallbacks
-48.06528091430664,7.681481838226318,",",","
71.40132141113281,-49.6368522644043,identifier,internal
-67.40768432617188,64.98140716552734,),)
-23.379844665527344,134.36883544921875,},}
-4.8922929763793945,-176.8843994140625,function,function
56.35520935058594,-20.72099494934082,identifier,preferredEncodings
-56.64992141723633,-134.82557678222656,(,(
102.67535400390625,-48.847347259521484,identifier,accept
-77.32459259033203,-13.552763938903809,",",","
101.57652282714844,-46.1278076171875,identifier,provided
-125.07430267333984,94.96710968017578,),)
-184.29891967773438,-40.09900665283203,{,{
104.27132415771484,-48.126651763916016,identifier,accepts
45.11172866821289,-122.41355895996094,=,=
63.52740478515625,-11.589180946350098,identifier,parseAcceptEncoding
-45.738136291503906,-85.09183502197266,(,(
104.29312133789062,-48.630523681640625,identifier,accept
-7.9251837730407715,-28.322145462036133,||,||
-70.4521255493164,89.28557586669922,),)
-124.41696166992188,-108.64134979248047,if,if
-101.57071685791016,-74.64199829101562,(,(
101.95764923095703,-45.30923080444336,identifier,provided
-123.08875274658203,26.001365661621094,),)
-168.6696319580078,4.6627678871154785,{,{
12.851893424987793,186.2382354736328,return,return
105.2088623046875,-47.64499282836914,identifier,accepts
30.70766830444336,64.18854522705078,.,.
31.305883407592773,-0.3046469986438751,identifier,filter
-41.996826171875,-75.92988586425781,(,(
82.57108306884766,-6.745144844055176,identifier,isQuality
-76.29070281982422,89.69327545166016,),)
27.69669532775879,62.35377502441406,.,.
34.49452209472656,0.4192049503326416,identifier,sort
-41.919654846191406,-76.05810546875,(,(
82.57492065429688,-6.764334201812744,identifier,compareSpecs
-76.30335235595703,89.41471099853516,),)
27.28580665588379,62.362422943115234,.,.
27.721744537353516,-0.41943663358688354,identifier,map
-41.86052322387695,-76.1087417602539,(,(
67.82609558105469,-6.791378498077393,identifier,getFullEncoding
-69.41801452636719,84.02592468261719,),)
-58.16279220581055,150.96670532226562,},}
89.76263427734375,-23.303266525268555,identifier,priorities
35.67454528808594,-118.3794937133789,=,=
103.39306640625,-44.47422409057617,identifier,provided
30.989320755004883,66.43912506103516,.,.
27.53155517578125,-0.9060367941856384,identifier,map
-43.81783676147461,-72.10281372070312,(,(
-18.100494384765625,-164.9607391357422,function,function
68.93882751464844,1.5194675922393799,identifier,getPriority
-42.91319274902344,-122.98149108886719,(,(
99.32738494873047,-14.000032424926758,identifier,type
-67.70906066894531,-9.635115623474121,",",","
121.5955581665039,28.499420166015625,identifier,index
-116.66949462890625,85.29811096191406,),)
-162.24960327148438,-19.984237670898438,{,{
16.99297332763672,184.1374969482422,return,return
68.87821960449219,2.084885835647583,identifier,getEncodingPriority
-31.994102478027344,-81.73391723632812,(,(
99.00171661376953,-14.027326583862305,identifier,type
-50.17276382446289,-0.242498978972435,",",","
105.34644317626953,-47.63214111328125,identifier,accepts
-51.11036682128906,0.8031668066978455,",",","
122.07904815673828,27.018186569213867,identifier,index
-69.47779846191406,75.74726867675781,),)
-45.8084602355957,123.52477264404297,},}
-60.46641159057617,70.2103042602539,),)
20.503463745117188,184.6649169921875,return,return
123.20903778076172,-6.762847423553467,identifier,priorities
29.661563873291016,67.21823120117188,.,.
31.29146957397461,-0.2879904806613922,identifier,filter
-27.336946487426758,-73.44461059570312,(,(
90.35789489746094,-3.273282289505005,identifier,isQuality
-77.64617919921875,73.3922348022461,),)
24.173059463500977,63.35300827026367,.,.
34.498085021972656,0.42893457412719727,identifier,sort
-27.314685821533203,-73.45204162597656,(,(
90.5623550415039,-3.2995529174804688,identifier,compareSpecs
-77.41637420654297,73.43048095703125,),)
24.224123001098633,63.14235305786133,.,.
27.463029861450195,-0.4691503643989563,identifier,map
-44.27363586425781,-69.44844055175781,(,(
-18.942907333374023,-164.6699676513672,function,function
70.41575622558594,4.957395553588867,identifier,getEncoding
-43.1947021484375,-121.71029663085938,(,(
121.46149444580078,-5.93481969833374,identifier,priority
-114.66805267333984,83.58612060546875,),)
-160.41481018066406,-18.407560348510742,{,{
19.25703239440918,185.7452850341797,return,return
103.38004302978516,-44.416969299316406,identifier,provided
123.1077651977539,-6.711483478546143,identifier,priorities
29.441076278686523,70.9953842163086,.,.
43.92866897583008,20.83786964416504,identifier,indexOf
-27.272356033325195,-88.22960662841797,(,(
121.70428466796875,-5.885201454162598,identifier,priority
-85.89673614501953,74.61693572998047,),)
-47.42937469482422,125.10320281982422,},}
-59.495059967041016,65.86892700195312,),)
-22.916425704956055,135.7648162841797,},}
-15.459017753601074,-177.81405639648438,function,function
-50.994720458984375,-129.77676391601562,(,(
96.63948822021484,-49.32516860961914,identifier,ev
-127.16078186035156,89.05696868896484,),)
-179.9191436767578,-39.48616409301758,{,{
146.4403533935547,-9.81552791595459,identifier,cts
-80.89094543457031,-35.829830169677734,",",","
157.19683837890625,5.648692607879639,identifier,i
-80.42900848388672,-36.67351150512695,",",","
148.673583984375,-8.480956077575684,identifier,nextPointers
-127.94377136230469,-112.74554443359375,if,if
-100.37339782714844,-73.63985443115234,(,(
120.44493103027344,-40.05615234375,identifier,ev
58.16083908081055,85.64203643798828,.,.
67.48278045654297,-17.76310920715332,identifier,defaultPrevented
-128.53482055664062,26.191770553588867,),)
-169.4911346435547,-6.037064552307129,{,{
-119.42042541503906,-108.3432846069336,if,if
-94.96294403076172,-71.18484497070312,(,(
67.46073913574219,-17.897443771362305,identifier,_preventDefault
-122.35041809082031,25.347875595092773,),)
-169.7182159423828,3.352761745452881,{,{
120.47692108154297,-40.06247329711914,identifier,ev
41.00625228881836,79.74845123291016,.,.
66.98493957519531,-17.830671310424805,identifier,preventDefault
-28.861547470092773,-95.83061981201172,(,(
-53.406951904296875,83.60118865966797,),)
-56.774105072021484,137.88595581054688,},}
84.42890930175781,-17.013381958007812,identifier,nextPointers
37.18254470825195,-121.8089828491211,=,=
51.344398498535156,21.99574851989746,identifier,utils
38.573673248291016,73.35047912597656,.,.
53.403011322021484,-10.245931625366211,identifier,clone
-41.218658447265625,-85.5876693725586,(,(
77.61983489990234,-11.87170696258545,identifier,_currPointers
-55.1618537902832,81.88571166992188,),)
101.87753295898438,10.993425369262695,identifier,cts
34.274810791015625,-120.8633041381836,=,=
120.50890350341797,-40.00838088989258,identifier,ev
54.075443267822266,91.887939453125,.,.
67.23133087158203,-1.8666760921478271,identifier,changedTouches
-112.18354034423828,-92.8797836303711,for,for
-104.2809829711914,-85.9481201171875,(,(
158.91632080078125,11.341228485107422,identifier,i
41.4522590637207,-106.5577621459961,=,=
160.2449951171875,13.642305374145508,identifier,i
27.487573623657227,-64.98162841796875,<,<
116.97875213623047,-19.50295639038086,identifier,cts
65.57060241699219,86.69235229492188,.,.
104.7917251586914,55.33374786376953,identifier,length
160.9298553466797,15.255852699279785,identifier,i
-131.63783264160156,35.071651458740234,),)
-163.75537109375,-8.406129837036133,{,{
102.42587280273438,6.51532506942749,identifier,nextPointers
117.31351470947266,-19.327499389648438,identifier,cts
151.4928741455078,18.200912475585938,identifier,i
49.74781799316406,101.35829162597656,.,.
81.77400207519531,6.484961986541748,identifier,identifier
25.5335750579834,-124.09683990478516,=,=
117.3919906616211,-19.216876983642578,identifier,cts
151.07589721679688,17.699508666992188,identifier,i
52.3258171081543,104.22425079345703,.,.
82.7193603515625,16.9943904876709,identifier,pageX
-42.363922119140625,3.4405572414398193,",",","
117.47040557861328,-19.122844696044922,identifier,cts
150.8852081298828,16.66465950012207,identifier,i
52.23253631591797,104.3034439086914,.,.
82.74336242675781,16.981891632080078,identifier,pageY
-52.799686431884766,135.20663452148438,},}
-117.14656066894531,-120.4095230102539,if,if
-87.24808502197266,-82.74119567871094,(,(
78.1893539428711,16.093841552734375,identifier,_started
-127.06998443603516,41.98420333862305,),)
-156.65989685058594,-0.1764075607061386,{,{
78.06915283203125,16.080217361450195,identifier,_started
20.489599227905273,-129.73614501953125,=,=
73.78436279296875,8.946588516235352,identifier,_handlers
26.51998519897461,77.98279571533203,.,.
79.37802124023438,24.374719619750977,identifier,start
-19.59352684020996,-84.765380859375,(,(
113.41493225097656,-0.8429011702537537,identifier,nextPointers
-53.983245849609375,75.15559387207031,),)
-51.13699722290039,135.8372344970703,},}
76.60475158691406,10.903955459594727,identifier,_currPointers
23.458703994750977,-127.76285552978516,=,=
113.5090560913086,-0.7902027368545532,identifier,nextPointers
-48.44019317626953,134.8065643310547,},}
-28.455066680908203,133.2292938232422,},}
-15.239873886108398,-179.26963806152344,function,function
-54.765357971191406,-127.1413345336914,(,(
-130.0093994140625,87.62711334228516,),)
-178.7888946533203,-39.35292053222656,{,{
79.14801788330078,-26.65190887451172,identifier,trap
46.577247619628906,-122.32972717285156,=,=
45.8504638671875,77.10413360595703,.,.
60.52872848510742,-12.473493576049805,identifier,getTrap
-48.87975311279297,-80.52400207519531,(,(
67.39066314697266,-10.674440383911133,"""","""isExtensible"""
-70.68636322021484,90.42687225341797,),)
-124.16720581054688,-107.56714630126953,if,if
-96.70890045166016,-71.99998474121094,(,(
100.6429443359375,-29.481643676757812,identifier,trap
17.889902114868164,-51.575714111328125,===,===
-123.771728515625,25.390047073364258,),)
-168.88397216796875,5.201648235321045,{,{
12.727301597595215,186.39491271972656,return,return
41.32761001586914,-2.2335598468780518,identifier,Reflect
42.44247817993164,73.18135070800781,.,.
66.69200134277344,-10.478285789489746,identifier,isExtensible
-43.48740768432617,-84.40348052978516,(,(
50.71623611450195,90.34971618652344,.,.
68.13290405273438,-37.584957122802734,identifier,target
-71.32867431640625,85.55854797363281,),)
-59.447330474853516,151.6054229736328,},}
121.09745788574219,11.758496284484863,identifier,result
38.69738006591797,-117.9634017944336,=,=
73.83582305908203,-31.139026641845703,identifier,trap
34.502559661865234,66.56228637695312,.,.
21.93494415283203,12.28161334991455,identifier,call
-40.82987594604492,-83.1235580444336,(,(
49.44995880126953,92.00619506835938,.,.
66.19153594970703,-21.58934211730957,identifier,handler
-52.3147087097168,-6.073949813842773,",",","
50.554046630859375,91.81989288330078,.,.
68.26900482177734,-38.11719512939453,identifier,target
-69.71319580078125,82.49351501464844,),)
118.91654205322266,9.832596778869629,identifier,result
32.8415412902832,-121.20283508300781,=,=
117.9598388671875,7.563683032989502,identifier,result
99.8575439453125,16.200117111206055,identifier,state
32.983238220214844,-116.058837890625,=,=
68.09615325927734,0.027889758348464966,identifier,Object_isExtensible
-34.24163055419922,-85.72291564941406,(,(
50.3644905090332,96.08180236816406,.,.
68.3602294921875,-38.52423095703125,identifier,target
-71.77886962890625,77.88116455078125,),)
-118.74730682373047,-116.61213684082031,if,if
-91.35145568847656,-81.22891998291016,(,(
117.97906494140625,8.393269538879395,identifier,result
99.85862731933594,16.31488037109375,identifier,state
-127.44761657714844,36.884803771972656,),)
-163.01239013671875,-6.404224395751953,{,{
-113.6669692993164,-115.02848052978516,if,if
-88.95887756347656,-79.19924926757812,(,(
117.88241577148438,8.308096885681152,identifier,result
-124.22221374511719,40.2763786315918,),)
-159.0659942626953,3.8252289295196533,{,{
40.97895431518555,-11.350824356079102,identifier,TypeError
-34.478515625,-65.0130386352539,(,(
72.6303939819336,11.54655933380127,"""","""cannot report non-extensible object as extensible: """
-20.762165069580078,34.084251403808594,+,+
46.747291564941406,101.60821533203125,.,.
67.40966033935547,-38.82809829711914,identifier,target
-66.80826568603516,69.89253997802734,),)
-63.26122283935547,143.84158325195312,},}
-74.07351684570312,137.64877319335938,else,else
-155.5831756591797,-4.680497646331787,{,{
41.108306884765625,-11.26297664642334,identifier,TypeError
-34.05461502075195,-65.14707946777344,(,(
72.62257385253906,11.877750396728516,"""","""cannot report extensible object as non-extensible: """
-21.067276000976562,35.18448257446289,+,+
45.322566986083984,102.51327514648438,.,.
67.2515869140625,-38.61005783081055,identifier,target
-66.28146362304688,64.92196655273438,),)
-45.803375244140625,146.3909454345703,},}
-46.14659118652344,140.22567749023438,},}
24.338855743408203,192.12191772460938,return,return
117.64013671875,2.988023519515991,identifier,state
-23.43811798095703,133.2332305908203,},}
-1.020491361618042,-176.239013671875,function,function
53.883914947509766,-21.253747940063477,identifier,wrapPromise
-58.14881896972656,-131.862060546875,(,(
101.63436126708984,-32.626712799072266,identifier,promise
-129.5004425048828,91.77022552490234,),)
-180.45965576171875,-45.161415100097656,{,{
21.562110900878906,181.9791717529297,return,return
101.87116241455078,-32.52437210083008,identifier,promise
36.6193962097168,65.14388275146484,.,.
24.942302703857422,-11.803772926330566,identifier,then
-45.76637649536133,-73.39575958251953,(,(
-17.109270095825195,-168.62026977539062,function,function
-48.69562530517578,-124.40167236328125,(,(
61.42506408691406,-31.700973510742188,identifier,value
-119.35838317871094,88.93714904785156,),)
-167.42721557617188,-19.763914108276367,{,{
20.9240665435791,181.21388244628906,return,return
45.570865631103516,-20.754655838012695,identifier,Promise
-45.42033386230469,-74.24019622802734,(,(
-16.362205505371094,-167.61151123046875,function,function
-48.00845718383789,-123.75431060791016,(,(
65.8541030883789,-53.241329193115234,identifier,resolve
-69.73719787597656,-11.142609596252441,",",","
66.86660766601562,-52.47414779663086,identifier,reject
-118.21029663085938,88.24853515625,),)
-166.1473846435547,-19.75069236755371,{,{
58.83525466918945,26.083955764770508,identifier,_object2
41.8759880065918,87.947021484375,.,.
57.440330505371094,22.006471633911133,identifier,default
39.84516525268555,64.51827239990234,.,.
57.97878646850586,8.821659088134766,identifier,delay
-44.21842575073242,-73.93447875976562,(,(
-16.264911651611328,-166.2175750732422,function,function
-51.378753662109375,-121.6495132446289,(,(
-119.0197982788086,85.0032958984375,),)
-162.87844848632812,-21.03450584411621,{,{
67.08191680908203,-54.91565704345703,identifier,resolve
-39.481353759765625,-85.2355728149414,(,(
61.42399215698242,-31.699039459228516,identifier,value
-71.51203155517578,84.36942291259766,),)
-45.48982238769531,122.62508392333984,},}
-63.661502838134766,81.01819610595703,),)
58.97225570678711,26.095653533935547,identifier,_object2
41.78721237182617,88.13630676269531,.,.
57.600379943847656,22.19716453552246,identifier,default
36.73823928833008,84.21732330322266,.,.
61.385311126708984,4.713970184326172,identifier,_queueFlush
-28.086261749267578,-95.34803771972656,(,(
-64.95296478271484,92.73654174804688,),)
-44.91400146484375,124.06886291503906,},}
-59.4550895690918,69.28349304199219,),)
-44.375064849853516,124.45577239990234,},}
-53.05795669555664,10.580604553222656,",",","
-19.296586990356445,-168.35595703125,function,function
-45.29405212402344,-124.08468627929688,(,(
127.63026428222656,-1.3360100984573364,identifier,reason
-115.2626724243164,86.68614959716797,),)
-163.65545654296875,-19.126293182373047,{,{
19.10078239440918,183.4490509033203,return,return
45.48417282104492,-20.701629638671875,identifier,Promise
-42.03862762451172,-71.63794708251953,(,(
-19.625015258789062,-167.50057983398438,function,function
-44.46971130371094,-123.3975601196289,(,(
65.83879089355469,-53.19925308227539,identifier,resolve
-66.67225646972656,-9.87555980682373,",",","
66.85726928710938,-52.50120544433594,identifier,reject
-114.78054809570312,85.0636215209961,),)
-162.24099731445312,-17.71544075012207,{,{
59.46525192260742,26.161361694335938,identifier,_object2
41.119991302490234,89.25850677490234,.,.
57.66299057006836,22.23885154724121,identifier,default
27.04315185546875,76.27603149414062,.,.
58.07765579223633,8.888221740722656,identifier,delay
-42.406681060791016,-70.79580688476562,(,(
-20.520227432250977,-166.2460479736328,function,function
-51.53034973144531,-121.17394256591797,(,(
-117.61693572998047,83.91747283935547,),)
-160.60153198242188,-19.53795051574707,{,{
67.18077087402344,-54.95966720581055,identifier,reject
-24.180723190307617,-89.48302459716797,(,(
127.59308624267578,-1.3249114751815796,identifier,reason
-72.05162048339844,71.18148803710938,),)
-46.52607345581055,123.09420776367188,},}
-63.36122512817383,72.91891479492188,),)
59.470664978027344,26.16011619567871,identifier,_object2
41.193695068359375,89.1881332397461,.,.
57.69406509399414,22.280750274658203,identifier,default
36.51283645629883,84.3282699584961,.,.
61.351158142089844,4.931407451629639,identifier,_queueFlush
-25.141603469848633,-94.20476531982422,(,(
-76.65277099609375,65.60985565185547,),)
-46.57414627075195,125.57086944580078,},}
-59.611576080322266,66.89533233642578,),)
-46.74943542480469,126.86336517333984,},}
-58.696781158447266,66.48756408691406,),)
-24.603452682495117,137.89410400390625,},}
-3.5370090007781982,-177.2067413330078,function,function
51.91177749633789,-16.26028823852539,identifier,initialize
-54.467464447021484,-131.35086059570312,(,(
96.61852264404297,-44.885414123535156,identifier,driver
-127.33765411376953,90.24285888671875,),)
-180.41314697265625,-41.29579162597656,{,{
81.5053939819336,-22.741350173950195,identifier,repoState
47.126861572265625,-123.01072692871094,=,=
61.816768646240234,-15.869217872619629,identifier,RepositoryState
46.055686950683594,75.98578643798828,.,.
52.76302719116211,-9.099623680114746,identifier,createEmpty
-31.49618148803711,-96.84093475341797,(,(
-69.12733459472656,93.1602783203125,),)
20.913455963134766,181.8125762939453,return,return
63.886287689208984,-9.745184898376465,identifier,fetchBranches
-45.47483444213867,-83.83291625976562,(,(
98.81566619873047,-19.143421173095703,identifier,repoState
-55.80580139160156,-9.06452465057373,",",","
97.22698211669922,-44.62321090698242,identifier,driver
-73.97538757324219,91.62870025634766,),)
25.357812881469727,59.63290023803711,.,.
24.620073318481445,-11.41652774810791,identifier,then
-46.53851318359375,-72.26883697509766,(,(
-47.59822082519531,-120.79112243652344,(,(
101.04949951171875,-19.616249084472656,identifier,repoState
-110.8105239868164,85.52420043945312,),)
-167.1839141845703,-17.345853805541992,{,{
82.2544174194336,-27.591068267822266,identifier,branches
40.669090270996094,-118.37400817871094,=,=
118.20256805419922,-24.310800552368164,identifier,repoState
44.20118713378906,76.72106170654297,.,.
63.531246185302734,-9.536513328552246,identifier,getBranches
-30.517688751220703,-98.77754974365234,(,(
-67.44810485839844,93.62551879882812,),)
95.03370666503906,5.373966693878174,identifier,master
36.670204162597656,-117.90625762939453,=,=
112.44593048095703,-26.62035369873047,identifier,branches
31.024063110351562,66.24691772460938,.,.
60.886009216308594,-10.250378608703613,identifier,find
-43.64480209350586,-72.49335479736328,(,(
-17.576854705810547,-165.01638793945312,function,function
68.7248764038086,-1.1612412929534912,identifier,isMaster
-42.81646728515625,-122.96803283691406,(,(
117.18273162841797,-12.0944185256958,identifier,branch
-116.84979248046875,85.23771667480469,),)
-162.3414306640625,-20.15595245361328,{,{
16.555917739868164,184.0465087890625,return,return
117.28135681152344,-12.308219909667969,identifier,branch
30.467660903930664,73.37728881835938,.,.
67.40483093261719,1.370428204536438,identifier,getFullName
-26.329242706298828,-99.8302993774414,(,(
-85.01667785644531,69.13557434082031,),)
17.544002532958984,-54.24210739135742,===,===
-45.702964782714844,123.16844940185547,},}
-60.466087341308594,70.27254486083984,),)
99.84666442871094,11.98193359375,identifier,branch
29.444477081298828,-116.80223846435547,=,=
102.49947357177734,2.014660358428955,identifier,master
-8.17674446105957,-25.84197235107422,||,||
112.47620391845703,-26.529529571533203,identifier,branches
30.324161529541016,68.18465423583984,.,.
63.30706787109375,5.475671291351318,identifier,first
-26.694414138793945,-97.44084167480469,(,(
-77.27012634277344,68.41097259521484,),)
20.2487735748291,184.37734985351562,return,return
65.15454864501953,2.073399782180786,identifier,fetchTree
-29.540605545043945,-81.02946472167969,(,(
103.55610656738281,-10.0442533493042,identifier,repoState
-48.35566329956055,1.8878761529922485,",",","
97.40501403808594,-44.544166564941406,identifier,driver
-48.297019958496094,2.0702805519104004,",",","
114.49004364013672,-3.9501969814300537,identifier,branch
-76.8720474243164,73.73841857910156,),)
23.965654373168945,61.06695556640625,.,.
24.825454711914062,-10.302438735961914,identifier,then
-45.40209197998047,-69.3866958618164,(,(
-46.542640686035156,-120.13645935058594,(,(
101.055419921875,-19.43923568725586,identifier,repoState
-110.48500061035156,84.07343292236328,),)
-160.0843505859375,-17.375526428222656,{,{
19.35018539428711,185.8134765625,return,return
69.1593246459961,9.56877613067627,identifier,checkout
-23.559926986694336,-82.26018524169922,(,(
103.6839599609375,-9.92523193359375,identifier,repoState
-43.95564651489258,6.105922222137451,",",","
114.50276184082031,-3.9317991733551025,identifier,branch
-70.45388793945312,67.21620178222656,),)
-47.06296920776367,124.96369171142578,},}
-59.77177810668945,66.36000061035156,),)
-47.04154968261719,126.41309356689453,},}
-59.00361251831055,66.29379272460938,),)
-25.93440055847168,136.2089385986328,},}
