x,y,role,token
68.18565368652344,-143.31175231933594,func,func
40.06026840209961,-30.44901466369629,identifier,New
-24.168888092041016,-49.39427947998047,(,(
149.3526611328125,-17.314952850341797,identifier,opts
39.8104248046875,-35.7059326171875,identifier,Options
-17.433616638183594,-139.74542236328125,),)
-2.9081647396087646,-153.6519775390625,(,(
58.72187423706055,-5.232039928436279,identifier,genny
62.011924743652344,65.43241882324219,.,.
41.96472930908203,-43.523963928222656,identifier,Generator
-123.06412506103516,90.3744125366211,",",","
-3.661236524581909,-105.33370208740234,identifier,error
-19.43180274963379,-111.14900970458984,),)
-39.4562873840332,-103.91340637207031,{,{
120.15188598632812,-6.19692850112915,identifier,g
-44.68284606933594,118.19745635986328,:=,:=
58.76343536376953,-5.785543918609619,identifier,genny
62.94233322143555,72.41173553466797,.,.
37.13764572143555,-17.39046287536621,identifier,New
-20.104782104492188,-9.531593322753906,(,(
-63.24374008178711,-22.315446853637695,),)
-164.8991241455078,7.0446672439575195,if,if
129.5463409423828,62.74797058105469,identifier,err
-29.201208114624023,113.57804870605469,:=,:=
147.86325073242188,-16.651962280273438,identifier,opts
71.46504974365234,96.56199645996094,.,.
35.08557891845703,-27.172849655151367,identifier,Validate
-23.272571563720703,-5.890236854553223,(,(
-57.97771072387695,-15.500957489013672,),)
128.94317626953125,54.62883758544922,identifier,err
11.067193031311035,108.40506744384766,!=,!=
-93.1830062866211,-97.31805419921875,{,{
-64.2457275390625,-169.185546875,return,return
118.58074951171875,-5.075860023498535,identifier,g
-141.0594482421875,76.46930694580078,",",","
145.825927734375,49.04494094848633,identifier,err
-130.09657287597656,-46.51131820678711,},}
119.84163665771484,-4.030686378479004,identifier,g
76.11261749267578,90.1594009399414,.,.
54.604549407958984,-24.210176467895508,identifier,Box
-10.198118209838867,3.5737552642822266,(,(
61.24184036254883,-8.900359153747559,identifier,packr
65.7513656616211,72.95816802978516,.,.
36.85564041137695,-16.842365264892578,identifier,New
7.18457555770874,14.82358169555664,(,(
14.599623680114746,159.51104736328125,"""",""""
-11.449908256530762,207.1147003173828,"""",""""
-79.428955078125,76.52254486083984,",",","
15.001799583435059,165.7527313232422,"""",""""
-6.822152614593506,207.80992126464844,"""",""""
-70.08370971679688,-2.6357979774475098,),)
-75.51432800292969,-22.19040870666504,),)
82.02212524414062,33.28009033203125,identifier,ctx
-42.479549407958984,119.52491760253906,:=,:=
61.96611022949219,-6.9568190574646,identifier,plush
64.31877136230469,72.1720962524414,.,.
39.75213623046875,-16.95785140991211,identifier,NewContext
-21.92995262145996,-9.90371036529541,(,(
-64.68721771240234,-23.570186614990234,),)
82.19730377197266,32.856300354003906,identifier,ctx
76.93119812011719,86.63159942626953,.,.
15.272494316101074,19.504396438598633,identifier,Set
15.211090087890625,19.72119903564453,(,(
12.178462982177734,160.1112060546875,"""",""""
-10.334844589233398,209.97259521484375,"""",""""
-74.70950317382812,73.79254913330078,",",","
147.68112182617188,-16.901243209838867,identifier,opts
73.10826110839844,104.20460510253906,.,.
70.14027404785156,-6.354094505310059,identifier,App
-80.25176239013672,-22.169517517089844,),)
120.41120910644531,-4.0614423751831055,identifier,g
75.53568267822266,90.24948120117188,.,.
31.239473342895508,-21.445945739746094,identifier,Transformer
-11.081068992614746,3.294586658477783,(,(
61.42876434326172,-7.115187644958496,identifier,plushgen
64.17671966552734,73.41432189941406,.,.
31.074369430541992,-21.49139976501465,identifier,Transformer
-12.145484924316406,3.4241976737976074,(,(
83.74275970458984,34.620052337646484,identifier,ctx
-72.2872085571289,-2.817955493927002,),)
-78.75448608398438,-20.09368324279785,),)
120.35513305664062,-4.12006139755249,identifier,g
75.55567932128906,90.2503662109375,.,.
31.143362045288086,-21.478355407714844,identifier,Transformer
-10.839810371398926,3.3265938758850098,(,(
59.2899169921875,-5.654223918914795,identifier,genny
63.71466827392578,73.80308532714844,.,.
53.44648361206055,-17.999862670898438,identifier,Dot
-27.441762924194336,-8.483986854553223,(,(
-61.15336227416992,-9.351615905761719,),)
-80.82747650146484,-17.116966247558594,),)
-75.60755157470703,-156.4751434326172,return,return
117.86519622802734,-6.24273681640625,identifier,g
-137.52330017089844,78.57282257080078,",",","
-152.7393798828125,-91.7969741821289,},}
59.42377471923828,-140.8552703857422,func,func
34.65631866455078,-167.29095458984375,(,(
133.3630828857422,5.798506259918213,identifier,jb
41.784912109375,-33.42344665527344,identifier,Build
-0.034985728561878204,-208.52476501464844,),)
42.4373664855957,-32.853057861328125,identifier,BuildID
-22.268951416015625,-39.04811477661133,(,(
-16.52710723876953,-144.2163848876953,),)
19.57928466796875,-83.98807525634766,identifier,string
-40.264503479003906,-100.23204040527344,{,{
91.62718963623047,-24.36116600036621,identifier,buildID
22.15404510498047,-84.28372192382812,identifier,string
82.27871704101562,-24.97685432434082,identifier,hasProwJobID
-45.02404022216797,127.45441436767578,:=,:=
-155.301513671875,25.024316787719727,for,for
-82.94890594482422,128.942626953125,identifier,_
-80.10538482666016,125.98857116699219,",",","
123.82781982421875,-36.77485656738281,identifier,action
-32.38569641113281,126.19842529296875,:=,:=
133.26406860351562,5.680323600769043,identifier,jb
75.97579956054688,98.43325805664062,.,.
62.859859466552734,-39.79084777832031,identifier,Actions
-70.37151336669922,-94.97711181640625,{,{
-152.71014404296875,25.064477920532227,for,for
-83.31487274169922,129.49154663085938,identifier,_
-79.05622100830078,126.54673767089844,",",","
128.72756958007812,-22.91510772705078,identifier,p
-33.994712829589844,126.67748260498047,:=,:=
123.8314437866211,-36.7744255065918,identifier,action
68.21754455566406,97.4805679321289,.,.
41.900901794433594,-21.475624084472656,identifier,Parameters
-70.86811065673828,-94.54981231689453,{,{
82.08045196533203,-25.0661563873291,identifier,hasProwJobID
-39.6282958984375,94.80208587646484,=,=
81.98870849609375,-25.079330444335938,identifier,hasProwJobID
127.48670196533203,-23.87872314453125,identifier,p
65.59661102294922,99.03031921386719,.,.
65.71542358398438,-63.46238327026367,identifier,Name
-0.20532189309597015,87.65235900878906,==,==
64.84540557861328,-22.969459533691406,identifier,prowJobID
-168.1947784423828,4.014651298522949,if,if
127.34400177001953,-23.96848487854004,identifier,p
65.37457275390625,99.27039337158203,.,.
65.8834457397461,-63.47026062011719,identifier,Name
-0.33003589510917664,87.46511840820312,==,==
63.56718826293945,-23.53193473815918,identifier,statusBuildID
-83.95856475830078,-92.18281555175781,{,{
120.28612518310547,-29.231609344482422,identifier,value
-69.0746841430664,119.17529296875,",",","
117.27069854736328,52.52815246582031,identifier,ok
-31.844419479370117,118.3227310180664,:=,:=
127.21239471435547,-24.036802291870117,identifier,p
65.1751708984375,99.5432357788086,.,.
110.9468994140625,-36.656951904296875,identifier,Value
54.809974670410156,99.83241271972656,.,.
-5.401018142700195,36.1279411315918,(,(
17.43777084350586,-81.22541809082031,identifier,string
-68.24481201171875,-10.391881942749023,),)
-175.1105499267578,2.102147340774536,if,if
119.0667953491211,50.023590087890625,identifier,ok
-89.95459747314453,-91.17262268066406,{,{
50.27861022949219,22.965856552124023,identifier,logrus
48.63705062866211,32.5804557800293,.,.
31.278644561767578,32.7052001953125,identifier,Errorf
20.01744270324707,27.242021560668945,(,(
17.145694732666016,156.11294555664062,"""",""""
-12.978230476379395,210.72132873535156,"""",""""
-72.5477066040039,76.74609375,",",","
127.21981048583984,-23.867172241210938,identifier,p
64.82144165039062,99.45590209960938,.,.
66.17729949951172,-63.76137161254883,identifier,Name
-96.41065979003906,71.8635025024414,",",","
132.9180450439453,5.635355472564697,identifier,jb
-86.78583526611328,-14.00737476348877,),)
-132.46441650390625,-40.63848876953125,},}
91.718017578125,-24.27919578552246,identifier,buildID
-35.24514389038086,94.3171157836914,=,=
119.50008392333984,-30.242359161376953,identifier,value
-121.98052215576172,-33.4882698059082,},}
-118.91630554199219,-34.173179626464844,},}
-116.6710205078125,-37.208744049072266,},}
-170.07171630859375,-2.6428380012512207,if,if
82.44865417480469,-24.861623764038086,identifier,hasProwJobID
-90.84164428710938,-86.41507720947266,{,{
-72.2654037475586,-166.20069885253906,return,return
21.84562873840332,161.61180114746094,"""",""""
-8.352701187133789,215.17266845703125,"""",""""
-128.753173828125,-35.3290901184082,},}
-78.07605743408203,-154.69998168945312,return,return
92.10205078125,-24.04884147644043,identifier,buildID
-147.6148223876953,-95.01216888427734,},}
71.10027313232422,-145.9356689453125,func,func
45.093379974365234,-27.756357192993164,identifier,checkExistingStatus
-28.514657974243164,-44.066368103027344,(,(
89.72506713867188,15.27510929107666,identifier,gc
42.13983154296875,-37.832664489746094,identifier,gitHubClient
-108.07472229003906,102.78337860107422,",",","
134.27587890625,9.205286979675293,identifier,l
49.56215286254883,21.66874885559082,identifier,logrus
62.95018005371094,61.89109420776367,.,.
49.270912170410156,19.884897232055664,identifier,Entry
-108.75638580322266,98.98324584960938,",",","
70.5009765625,-75.58587646484375,identifier,org
-98.88853454589844,97.85723876953125,",",","
75.15929412841797,-73.1257095336914,identifier,repo
-98.97300720214844,97.6087875366211,",",","
76.17626190185547,-64.46379089355469,identifier,sha
24.428855895996094,-86.01608276367188,identifier,string
-11.051515579223633,-136.1182098388672,),)
-2.9514641761779785,-157.17286682128906,(,(
19.529895782470703,-82.74945831298828,identifier,string
-122.48336791992188,86.6124038696289,",",","
-5.253020286560059,-106.12919616699219,identifier,error
-17.007495880126953,-110.19300079345703,),)
-38.86351776123047,-106.55914306640625,{,{
92.52320098876953,-33.66583251953125,identifier,statuses
-64.97917938232422,121.5149154663086,",",","
131.67018127441406,69.62036895751953,identifier,err
-33.74745178222656,114.17967987060547,:=,:=
89.7212142944336,15.273348808288574,identifier,gc
70.72738647460938,83.0112533569336,.,.
48.913848876953125,-23.26740074157715,identifier,ListStatuses
-12.98778247833252,-4.463835716247559,(,(
70.76365661621094,-75.38777160644531,identifier,org
-89.89678955078125,73.38116455078125,",",","
75.09884643554688,-72.66593170166016,identifier,repo
-90.63169860839844,73.17664337158203,",",","
76.17526245117188,-64.48516845703125,identifier,sha
-72.70649719238281,-18.28459358215332,),)
-174.25961303710938,5.296719074249268,if,if
130.30726623535156,55.5616455078125,identifier,err
11.668601036071777,107.78367614746094,!=,!=
-94.28091430664062,-96.20519256591797,{,{
-66.91899871826172,-170.9073486328125,return,return
21.348716735839844,161.70887756347656,"""",""""
-10.54151439666748,215.70062255859375,"""",""""
-137.36610412597656,70.69628143310547,",",","
28.436800003051758,45.21337890625,identifier,fmt
37.54438018798828,47.12970733642578,.,.
29.60202407836914,33.58734893798828,identifier,Errorf
21.90152931213379,29.259851455688477,(,(
18.64805030822754,153.39321899414062,"""",""""
-14.597428321838379,209.34829711914062,"""",""""
-73.35821533203125,78.1920394897461,",",","
143.2952880859375,48.29447555541992,identifier,err
-89.66643524169922,-7.531304836273193,),)
-128.26834106445312,-45.16986083984375,},}
93.09131622314453,-22.277406692504883,identifier,existingStatus
-50.605995178222656,118.33181762695312,:=,:=
22.48139762878418,163.0829315185547,"""",""""
-5.867512226104736,214.98904418945312,"""",""""
-153.19752502441406,22.13369369506836,for,for
-82.07837677001953,130.55392456054688,identifier,_
-78.31255340576172,125.8050308227539,",",","
124.67110443115234,-32.02872085571289,identifier,status
-33.49897766113281,124.91171264648438,:=,:=
92.4505844116211,-33.67524337768555,identifier,statuses
-72.138916015625,-96.86695098876953,{,{
-160.7899627685547,-1.038848638534546,if,if
124.87557220458984,-31.524166107177734,identifier,status
64.65348052978516,101.67831420898438,.,.
76.81834411621094,34.17764663696289,identifier,Context
7.858831882476807,93.41218566894531,!=,!=
55.34370422363281,-19.410078048706055,identifier,dcoContextName
-87.9804916381836,-93.13640594482422,{,{
-132.36366271972656,-40.67900466918945,},}
93.06837463378906,-22.40690803527832,identifier,existingStatus
-35.27033996582031,94.53691101074219,=,=
124.89434051513672,-31.476987838745117,identifier,status
64.38517761230469,101.65123748779297,.,.
63.070098876953125,-28.68332290649414,identifier,State
-121.28433227539062,-38.424251556396484,},}
132.47926330566406,9.466970443725586,identifier,l
49.440711975097656,30.1251220703125,.,.
36.28745651245117,26.02292251586914,identifier,Debugf
19.57684326171875,25.706092834472656,(,(
16.09231948852539,155.87965393066406,"""",""""
-13.091248512268066,212.03121948242188,"""",""""
-72.56268310546875,75.59346008300781,",",","
92.9167709350586,-22.612648010253906,identifier,existingStatus
-85.18417358398438,-14.514116287231445,),)
-78.12689971923828,-156.67864990234375,return,return
92.85433959960938,-22.800222396850586,identifier,existingStatus
-136.01156616210938,79.85941314697266,",",","
-152.80250549316406,-93.22755432128906,},}
71.79811096191406,-145.41317749023438,func,func
41.984291076660156,-26.454994201660156,identifier,deleteDir
-28.668054580688477,-46.26337814331055,(,(
77.72311401367188,21.039424896240234,identifier,tx
54.15618896484375,-7.356504440307617,identifier,bolt
62.037445068359375,63.11357498168945,.,.
76.32298278808594,20.34857749938965,identifier,Tx
-108.69679260253906,100.95909118652344,",",","
80.55501556396484,-64.65084838867188,identifier,path
23.220117568969727,-87.44158935546875,identifier,string
-13.988494873046875,-135.7508087158203,),)
-3.5958118438720703,-101.71488189697266,identifier,error
-39.24652099609375,-102.03910827636719,{,{
121.65083312988281,-9.723542213439941,identifier,c
-43.42231750488281,121.0036392211914,:=,:=
50.67132568359375,-4.144969940185547,identifier,fs
-19.3167667388916,4.566185474395752,(,(
78.23300170898438,21.264108657836914,identifier,tx
-61.854488372802734,-1.3553837537765503,),)
55.39590072631836,89.8380126953125,.,.
42.58452224731445,-18.06772804260254,identifier,Cursor
-25.55714225769043,-12.192943572998047,(,(
-65.24432373046875,-21.45448112487793,),)
90.61078643798828,-56.96634292602539,identifier,prefix
-46.238380432128906,123.81044006347656,:=,:=
-25.250770568847656,55.930580139160156,identifier,append
-22.640274047851562,46.790443420410156,(,(
134.63307189941406,-11.427766799926758,identifier,b
-19.558212280273438,5.402388572692871,(,(
81.61552429199219,-64.86154174804688,identifier,path
-69.79405212402344,1.0241984128952026,),)
-78.51637268066406,62.87508773803711,",",","
57.686195373535156,-25.65948486328125,identifier,nullByte
-72.32308197021484,-22.133033752441406,),)
-155.43185424804688,23.126989364624023,for,for
135.05101013183594,-28.907764434814453,identifier,k
-76.34841918945312,123.09669494628906,",",","
-81.37749481201172,132.8915252685547,identifier,_
-32.46824264526367,121.46825408935547,:=,:=
123.4690933227539,-8.14273738861084,identifier,c
71.46786499023438,87.09505462646484,.,.
25.46558380126953,-13.279078483581543,identifier,Seek
-3.585545539855957,3.95397686958313,(,(
91.76420593261719,-56.42384338378906,identifier,prefix
-71.30139923095703,-9.089509963989258,),)
31.223541259765625,-63.51109313964844,identifier,bytes
46.89907455444336,53.94830322265625,.,.
11.01708984375,-4.246264934539795,identifier,HasPrefix
2.886366605758667,0.31521934270858765,(,(
133.26234436035156,-29.952375411987305,identifier,k
-81.88385772705078,61.9063606262207,",",","
91.7596435546875,-56.490020751953125,identifier,prefix
-71.2716293334961,-8.781614303588867,),)
133.19432067871094,-29.869384765625,identifier,k
-71.02855682373047,118.54088592529297,",",","
-81.31497192382812,133.51780700683594,identifier,_
-32.92409133911133,107.22364044189453,=,=
123.60812377929688,-8.084161758422852,identifier,c
71.59786224365234,87.22782897949219,.,.
24.024686813354492,-16.618331909179688,identifier,Next
-25.313823699951172,-13.675790786743164,(,(
-59.52949142456055,-13.824085235595703,),)
-74.03929901123047,-95.94612121582031,{,{
-162.6010284423828,-1.996509313583374,if,if
131.675537109375,62.263824462890625,identifier,err
-28.33669090270996,111.61882781982422,:=,:=
123.60138702392578,-8.095452308654785,identifier,c
71.66635131835938,87.22869110107422,.,.
39.962032318115234,-23.6474552154541,identifier,Delete
-24.752342224121094,-14.202943801879883,(,(
-60.63160705566406,-15.445038795471191,),)
134.97616577148438,54.39976501464844,identifier,err
13.31091022491455,105.5491714477539,!=,!=
-94.43028259277344,-91.36579895019531,{,{
-66.5298843383789,-164.79095458984375,return,return
145.1748046875,53.44536209106445,identifier,err
-130.5371551513672,-37.492183685302734,},}
-118.4793701171875,-38.91590118408203,},}
-78.99356842041016,-161.53854370117188,return,return
50.67173767089844,-4.1453633308410645,identifier,fs
-19.298931121826172,4.622033596038818,(,(
78.3043441772461,21.29236602783203,identifier,tx
-62.0173454284668,-1.2183871269226074,),)
55.02640914916992,89.60317993164062,.,.
39.99076843261719,-23.686290740966797,identifier,Delete
-7.051386833190918,1.120176911354065,(,(
134.62611389160156,-11.436503410339355,identifier,b
-19.546213150024414,5.456303119659424,(,(
81.67475891113281,-65.00965881347656,identifier,path
-73.97582244873047,-1.3117564916610718,),)
-80.43594360351562,-11.75268268585205,),)
-147.6653289794922,-90.10039520263672,},}
67.95621490478516,-146.2550506591797,func,func
45.49070358276367,-30.312990188598633,identifier,FromUnparsedImage
-26.513750076293945,-45.9650993347168,(,(
81.0558853149414,35.213871002197266,identifier,ctx
78.25617980957031,40.29289627075195,identifier,context
74.2957763671875,43.32645797729492,.,.
76.43559265136719,39.81706619262695,identifier,Context
-110.91400146484375,101.48046875,",",","
80.49138641357422,6.341978073120117,identifier,sys
29.945730209350586,-47.075992584228516,identifier,types
55.519798278808594,65.76654815673828,.,.
68.89581298828125,1.4890830516815186,identifier,SystemContext
-109.35911560058594,99.18248748779297,",",","
81.06544494628906,-32.160438537597656,identifier,unparsed
55.925559997558594,-33.264705657958984,identifier,UnparsedImage
-9.999124526977539,-137.7519989013672,),)
-3.46481990814209,-156.56964111328125,(,(
29.764596939086914,-47.378746032714844,identifier,types
54.728214263916016,66.77957916259766,.,.
52.98932647705078,-39.73100280761719,identifier,Image
-123.85040283203125,88.09284210205078,",",","
-4.476114273071289,-106.25780487060547,identifier,error
-17.393775939941406,-109.80123901367188,),)
-39.210060119628906,-106.99150085449219,{,{
83.8224868774414,-17.812007904052734,identifier,manifestBlob
-68.98787689208984,122.02656555175781,",",","
83.28241729736328,-18.886030197143555,identifier,manifestMIMEType
-69.6137466430664,122.25187683105469,",",","
131.09922790527344,69.6002197265625,identifier,err
-33.03252410888672,114.50212860107422,:=,:=
81.50906372070312,-32.05139923095703,identifier,unparsed
70.54793548583984,94.85527038574219,.,.
63.748294830322266,-21.779964447021484,identifier,Manifest
-14.323291778564453,-5.179433345794678,(,(
83.0401840209961,35.7941780090332,identifier,ctx
-70.72190856933594,-16.995647430419922,),)
-174.47911071777344,5.541700839996338,if,if
130.41453552246094,55.62199020385742,identifier,err
12.535555839538574,108.02485656738281,!=,!=
-94.17105102539062,-95.88206481933594,{,{
-66.5895004272461,-169.60606384277344,return,return
-140.6129608154297,71.36214447021484,",",","
145.01426696777344,50.1524772644043,identifier,err
-130.34141540527344,-44.9759521484375,},}
85.25045013427734,-18.12838363647461,identifier,parsedManifest
-67.72358703613281,120.07707977294922,",",","
130.40431213378906,68.16866302490234,identifier,err
-34.70762252807617,112.96123504638672,:=,:=
54.2176513671875,-20.823219299316406,identifier,manifestInstanceFromBlob
-13.198205947875977,-1.4744822978973389,(,(
83.16770935058594,36.56024169921875,identifier,ctx
-83.68064880371094,71.24581146240234,",",","
80.49272155761719,6.3420586585998535,identifier,sys
-89.30326080322266,70.98908996582031,",",","
81.49018859863281,-32.00932312011719,identifier,unparsed
70.14398193359375,95.4936294555664,.,.
65.4732894897461,-11.94179916381836,identifier,src
-89.46157836914062,70.14594268798828,",",","
83.52557373046875,-17.46945571899414,identifier,manifestBlob
-92.24687194824219,69.94619750976562,",",","
83.11323547363281,-18.838768005371094,identifier,manifestMIMEType
-75.71178436279297,-17.270967483520508,),)
-174.10305786132812,2.8152272701263428,if,if
133.13206481933594,56.312713623046875,identifier,err
13.94589900970459,106.70156860351562,!=,!=
-93.68978118896484,-92.10128784179688,{,{
-69.0594711303711,-168.06842041015625,return,return
-141.61294555664062,73.04071807861328,",",","
144.3098907470703,51.78104019165039,identifier,err
-128.81930541992188,-41.043155670166016,},}
-79.5997314453125,-160.05520629882812,return,return
53.126869201660156,-23.84305763244629,identifier,sourcedImage
-61.86629867553711,-67.51970672607422,{,{
55.99619674682617,-33.23994445800781,identifier,UnparsedImage
81.5078125,-31.996349334716797,identifier,unparsed
-107.41189575195312,53.269161224365234,",",","
83.04180145263672,-17.31413459777832,identifier,manifestBlob
83.33963775634766,-17.37215805053711,identifier,manifestBlob
-105.6712417602539,52.725250244140625,",",","
82.5699234008789,-18.52082061767578,identifier,manifestMIMEType
82.63709259033203,-18.549741744995117,identifier,manifestMIMEType
-105.06571960449219,52.74180221557617,",",","
67.83772277832031,-19.8100643157959,identifier,genericManifest
84.96505737304688,-17.516010284423828,identifier,parsedManifest
-105.52257537841797,42.511539459228516,",",","
-105.1402359008789,-30.412036895751953,},}
-134.54653930664062,80.19467163085938,",",","
-150.89151000976562,-90.59412384033203,},}
70.94695281982422,-146.97247314453125,func,func
44.16078186035156,-28.51984977722168,identifier,referenceValueToKey
-28.156951904296875,-44.983436584472656,(,(
136.0438995361328,6.165867328643799,identifier,r
62.20781707763672,9.656179428100586,identifier,pb
58.59385299682617,71.09825897216797,.,.
56.541015625,-30.97092628479004,identifier,PropertyValue_ReferenceValue
-15.748882293701172,-138.69656372070312,),)
-1.0131875276565552,-155.02969360351562,(,(
135.62034606933594,-26.30357551574707,identifier,k
53.30740737915039,-45.60448455810547,identifier,Key
-121.83194732666016,89.46466827392578,",",","
136.88734436035156,69.97357940673828,identifier,err
-9.741623878479004,-103.17646789550781,identifier,error
-17.16336441040039,-112.7688980102539,),)
-40.779415130615234,-105.8797836303711,{,{
72.4073486328125,-48.54617691040039,identifier,appID
-43.46989822387695,124.71310424804688,:=,:=
135.81063842773438,0.5025447607040405,identifier,r
72.56884765625,95.01385498046875,.,.
43.855167388916016,-19.51250648498535,identifier,GetApp
-27.657377243041992,-12.562973976135254,(,(
-65.97187805175781,-21.025388717651367,),)
60.181739807128906,-68.26225280761719,identifier,namespace
-43.829078674316406,125.1090316772461,:=,:=
135.926513671875,0.5400122404098511,identifier,r
72.62449645996094,95.09135437011719,.,.
61.12744903564453,-64.24810028076172,identifier,GetNameSpace
-27.907564163208008,-12.458491325378418,(,(
-65.71517181396484,-20.14991569519043,),)
-154.7339324951172,23.84427261352539,for,for
-82.04876708984375,129.54904174804688,identifier,_
-79.29438018798828,125.87740325927734,",",","
129.93272399902344,-23.933897018432617,identifier,e
-33.3046989440918,126.79060363769531,:=,:=
136.05255126953125,0.7674224376678467,identifier,r
72.73953247070312,95.59721374511719,.,.
63.183048248291016,-18.908191680908203,identifier,Pathelement
-71.54511260986328,-95.02667999267578,{,{
135.44775390625,-26.06670379638672,identifier,k
-32.65531539916992,97.42521667480469,=,=
53.314971923828125,-45.59541702270508,identifier,Key
-61.24654006958008,-67.6063003540039,{,{
47.45584487915039,-56.837093353271484,identifier,kind
127.97613525390625,-26.418529510498047,identifier,e
65.04524230957031,94.60176086425781,.,.
50.74259567260742,-54.97885513305664,identifier,GetType
-32.08894348144531,-11.621572494506836,(,(
-58.255950927734375,-9.293733596801758,),)
-108.59992980957031,50.067562103271484,",",","
65.15870666503906,-56.9964714050293,identifier,stringID
127.79362487792969,-26.395305633544922,identifier,e
65.09268951416016,94.58065032958984,.,.
63.60247039794922,-64.81390380859375,identifier,GetName
-31.531963348388672,-11.515294075012207,(,(
-58.56553649902344,-9.097131729125977,),)
-105.79431915283203,51.17721939086914,",",","
65.148681640625,-56.989505767822266,identifier,intID
127.7720947265625,-26.3983211517334,identifier,e
65.10858154296875,94.56562042236328,.,.
41.837120056152344,-13.67570686340332,identifier,GetId
-31.1929931640625,-11.460579872131348,(,(
-58.79606628417969,-9.060738563537598,),)
-105.41593933105469,51.36929702758789,",",","
54.47693634033203,-19.16016960144043,identifier,parent
134.8755645751953,-25.485488891601562,identifier,k
-105.94979095458984,53.52366638183594,",",","
71.54804229736328,-49.252227783203125,identifier,appID
71.54485321044922,-49.30802536010742,identifier,appID
-105.95751190185547,52.63801193237305,",",","
60.507022857666016,-68.62393951416016,identifier,namespace
60.6465950012207,-68.71664428710938,identifier,namespace
-105.94996643066406,41.77698516845703,",",","
-103.9357681274414,-31.630369186401367,},}
-171.31475830078125,-1.6748826503753662,if,if
134.95567321777344,-25.556245803833008,identifier,k
80.43779754638672,93.62379455566406,.,.
46.32349395751953,-17.257898330688477,identifier,valid
-25.914634704589844,-5.6023125648498535,(,(
-57.63827133178711,-13.74876880645752,),)
-91.26539611816406,-87.6920394897461,{,{
-70.56754302978516,-165.83853149414062,return,return
-138.02757263183594,73.58173370361328,",",","
54.18841552734375,-15.320330619812012,identifier,ErrInvalidKey
-126.22750854492188,-32.78750991821289,},}
-117.2797622680664,-34.8182258605957,},}
-67.84847259521484,-156.3523406982422,return,return
-145.38063049316406,-93.33433532714844,},}
68.81802368164062,-144.94017028808594,func,func
43.75027847290039,-30.369367599487305,identifier,NewRClientWithAuth
-25.824792861938477,-47.46574020385742,(,(
95.13756561279297,-64.52778625488281,identifier,host
23.470609664916992,-89.72377014160156,identifier,string
-103.3554916381836,100.74854278564453,",",","
83.0748062133789,-53.2452392578125,identifier,port
30.992198944091797,-81.44854736328125,identifier,int64
-104.33311462402344,98.54180145263672,",",","
70.62895202636719,-68.50557708740234,identifier,user
-99.25867462158203,97.35425567626953,",",","
67.6036605834961,-70.56761932373047,identifier,password
25.128501892089844,-85.98416900634766,identifier,string
-11.705462455749512,-135.8324432373047,),)
-2.28901743888855,-156.867431640625,(,(
53.182334899902344,-35.413455963134766,identifier,RClient
-124.55020141601562,89.78460693359375,",",","
-4.134931564331055,-107.8257064819336,identifier,error
-16.879796981811523,-111.2749252319336,),)
-39.226417541503906,-106.15081787109375,{,{
79.16517639160156,-54.039066314697266,identifier,addr
-67.64754486083984,121.81683349609375,",",","
132.33338928222656,69.28726196289062,identifier,err
-33.345947265625,114.27958679199219,:=,:=
53.60867691040039,-1.1118828058242798,identifier,net
51.05495071411133,56.677894592285156,.,.
52.01937484741211,-9.575979232788086,identifier,ResolveTCPAddr
-11.139225006103516,-7.52327299118042,(,(
14.740100860595703,160.50265502929688,"""",""""
-11.166075706481934,206.44667053222656,"""",""""
-77.93251037597656,75.1819839477539,",",","
94.98662567138672,-63.80461120605469,identifier,host
-63.816444396972656,73.18785095214844,+,+
17.8742733001709,167.8058319091797,"""",""""
-3.690938711166382,206.92587280273438,"""",""""
-64.78472900390625,74.03467559814453,+,+
19.320058822631836,2.8676564693450928,identifier,strconv
48.035457611083984,55.97136306762695,.,.
16.02913475036621,1.1474236249923706,identifier,FormatInt
-14.301836967468262,13.969281196594238,(,(
83.01580810546875,-52.74339294433594,identifier,port
-86.98909759521484,59.55781555175781,",",","
-70.46918487548828,-2.5349841117858887,),)
-74.51717376708984,-21.284860610961914,),)
-174.7304229736328,4.733325004577637,if,if
130.51576232910156,56.231204986572266,identifier,err
12.211055755615234,107.6832046508789,!=,!=
-93.70236206054688,-95.4056396484375,{,{
-66.55350494384766,-168.9787139892578,return,return
-141.0313262939453,71.83043670654297,",",","
144.78636169433594,50.373600006103516,identifier,err
-130.03512573242188,-44.307804107666016,},}
113.52819061279297,-9.967939376831055,identifier,rClient
-43.63237380981445,116.8160400390625,:=,:=
55.42680740356445,-18.77480125427246,identifier,roger
-60.69022750854492,-67.30589294433594,{,{
78.72625732421875,-54.3949089050293,identifier,address
79.34364318847656,-53.88408279418945,identifier,addr
-106.96058654785156,53.641212463378906,",",","
70.38810729980469,-68.61519622802734,identifier,user
70.44229125976562,-68.61024475097656,identifier,user
-106.51295471191406,53.6874885559082,",",","
67.5975341796875,-70.56554412841797,identifier,password
67.60814666748047,-70.55540466308594,identifier,password
-105.31819152832031,41.62764358520508,",",","
-103.76345825195312,-32.169837951660156,},}
-169.37591552734375,-0.35769569873809814,if,if
-79.62359619140625,131.84371948242188,identifier,_
-75.54924011230469,128.73182678222656,",",","
133.4597930908203,65.32565307617188,identifier,err
-31.97278594970703,106.73995971679688,=,=
114.0298080444336,-9.465070724487305,identifier,rClient
74.09477996826172,88.6925277709961,.,.
6.853425025939941,-13.424460411071777,identifier,Eval
-6.948303699493408,-4.774308204650879,(,(
18.740564346313477,158.74790954589844,"""",""""
-10.228155136108398,211.9527587890625,"""",""""
-76.06499481201172,-11.628772735595703,),)
135.36326599121094,56.04190444946289,identifier,err
14.504586219787598,105.11744689941406,!=,!=
-93.77408599853516,-89.99886322021484,{,{
-69.44326782226562,-166.72320556640625,return,return
-140.43194580078125,73.71758270263672,",",","
143.68072509765625,52.736236572265625,identifier,err
-127.48963928222656,-37.4337158203125,},}
-76.47674560546875,-157.6619873046875,return,return
114.29935455322266,-9.360855102539062,identifier,rClient
-137.12464904785156,79.38279724121094,",",","
-152.6923370361328,-92.8115234375,},}
56.15523147583008,-139.77647399902344,func,func
35.039310455322266,-165.9915771484375,(,(
137.01129150390625,7.322141647338867,identifier,r
47.353755950927734,-34.336631774902344,identifier,region
-1.444675087928772,-209.3136749267578,),)
34.80978775024414,-57.59073257446289,identifier,String
-21.854991912841797,-38.54054641723633,(,(
-16.770095825195312,-143.728271484375,),)
19.35759162902832,-83.94487762451172,identifier,string
-40.30641174316406,-99.95545196533203,{,{
-160.02435302734375,6.17788553237915,if,if
136.71420288085938,-0.8693922162055969,identifier,r
90.87046813964844,102.96775817871094,.,.
49.781551361083984,-50.656402587890625,identifier,typ
60.85654067993164,93.19426727294922,.,.
46.79249572753906,-56.88727951049805,identifier,Kind
7.682590484619141,93.22726440429688,!=,!=
61.520294189453125,-27.258874893188477,identifier,KindString
-89.2786865234375,-99.99694061279297,{,{
31.1126651763916,17.638193130493164,identifier,panic
17.392473220825195,28.197059631347656,(,(
21.467256546020508,154.5041961669922,"""",""""
-17.135190963745117,208.56980895996094,"""",""""
-65.18421936035156,74.2513198852539,+,+
136.66041564941406,-0.9114223718643188,identifier,r
90.90690612792969,102.99980926513672,.,.
49.78499221801758,-50.65382385253906,identifier,typ
60.86455535888672,93.07518005371094,.,.
64.96377563476562,-64.9830322265625,identifier,Name
-89.39510345458984,-4.42124080657959,),)
-126.89411163330078,-47.42354202270508,},}
123.871826171875,-11.526025772094727,identifier,p
-44.30828857421875,122.27473449707031,:=,:=
137.42391967773438,-0.6337443590164185,identifier,r
92.71208953857422,103.3986587524414,.,.
125.02943420410156,13.052918434143066,identifier,p
95.91270446777344,100.50634765625,.,.
69.55191802978516,14.621471405029297,identifier,proc
72.88990020751953,80.92890930175781,.,.
32.75225830078125,-10.246081352233887,identifier,ReadPtr
-7.273212909698486,4.634296417236328,(,(
137.34278869628906,-1.4474825859069824,identifier,r
91.23561096191406,103.59408569335938,.,.
104.9217758178711,-36.420127868652344,identifier,a
-70.90594482421875,-15.37414264678955,),)
119.93541717529297,-17.745119094848633,identifier,n
-41.08706283569336,125.24507904052734,:=,:=
137.78909301757812,-0.9457173943519592,identifier,r
92.88589477539062,103.60265350341797,.,.
125.04627227783203,13.051956176757812,identifier,p
95.880615234375,100.54190063476562,.,.
69.86722564697266,15.021234512329102,identifier,proc
73.51400756835938,80.6843490600586,.,.
33.15575408935547,-10.118449211120605,identifier,ReadUintptr
-7.0572614669799805,4.9209794998168945,(,(
138.0205841064453,-1.6054900884628296,identifier,r
91.60717010498047,103.8414077758789,.,.
104.91374206542969,-36.312740325927734,identifier,a
67.6800537109375,88.09648895263672,.,.
40.76435852050781,-8.182957649230957,identifier,Add
-6.880721092224121,7.799839973449707,(,(
138.04371643066406,-1.7150217294692993,identifier,r
92.82830810546875,103.84530639648438,.,.
125.05268096923828,13.046438217163086,identifier,p
95.95746612548828,100.5511474609375,.,.
70.02115631103516,15.208905220031738,identifier,proc
74.21163940429688,81.0987319946289,.,.
49.00679397583008,-11.206314086914062,identifier,PtrSize
-28.23724937438965,-9.7296781539917,(,(
-60.16768264770508,-9.735814094543457,),)
-76.99371337890625,-2.4338462352752686,),)
-76.84351348876953,-21.561185836791992,),)
112.35963439941406,-16.61064338684082,identifier,b
-42.02224349975586,116.01758575439453,:=,:=
-2.247802734375,44.65163803100586,identifier,make
-3.0548033714294434,41.995948791503906,(,(
30.17804527282715,-68.36339569091797,identifier,byte
-114.9919662475586,80.46177673339844,",",","
118.19483184814453,-18.346141815185547,identifier,n
-79.37507629394531,-20.732925415039062,),)
139.78741455078125,-0.8750887513160706,identifier,r
93.25250244140625,103.3321304321289,.,.
125.05399322509766,13.057053565979004,identifier,p
95.6194076538086,100.57234954833984,.,.
70.19924926757812,14.683317184448242,identifier,proc
73.57107543945312,80.14302062988281,.,.
32.10210418701172,-11.157113075256348,identifier,ReadAt
-6.714733123779297,3.073491096496582,(,(
109.95679473876953,-14.676836013793945,identifier,b
-86.17357635498047,64.79138946533203,",",","
126.49430084228516,-11.43897819519043,identifier,p
-81.74788665771484,-16.4194393157959,),)
-79.67066955566406,-156.94540405273438,return,return
18.35430335998535,-79.38701629638672,identifier,string
-21.226551055908203,17.23573112487793,(,(
110.1174087524414,-14.828987121582031,identifier,b
-79.95621490478516,-9.17411994934082,),)
-147.5330810546875,-90.9510498046875,},}
69.19249725341797,-145.4133758544922,func,func
46.252357482910156,-27.824508666992188,identifier,FindRegistry
-26.142995834350586,-44.53211212158203,(,(
81.0443115234375,34.75205993652344,identifier,ctx
29.978242874145508,-47.04195022583008,identifier,types
55.50288009643555,65.6102066040039,.,.
68.8941879272461,1.4866238832473755,identifier,SystemContext
-109.60359954833984,100.95614624023438,",",","
75.05372619628906,-61.721500396728516,identifier,ref
22.587743759155273,-86.8054428100586,identifier,string
-13.429328918457031,-136.87094116210938,),)
-2.851186513900757,-155.86610412597656,(,(
48.66374969482422,-45.871742248535156,identifier,Registry
-123.8241958618164,89.87224578857422,",",","
-3.003974676132202,-106.79985046386719,identifier,error
-18.398523330688477,-110.22300720214844,),)
-38.94295883178711,-104.95011138916016,{,{
90.58744812011719,-33.4236946105957,identifier,registries
-64.92709350585938,121.58304595947266,",",","
132.03890991210938,70.09554290771484,identifier,err
-34.17870330810547,114.70845794677734,:=,:=
49.107887268066406,-22.531728744506836,identifier,GetRegistries
-13.600871086120605,-4.226760387420654,(,(
83.00299835205078,35.38165283203125,identifier,ctx
-70.42011260986328,-17.26902961730957,),)
-173.66763305664062,6.321163654327393,if,if
129.15087890625,55.713134765625,identifier,err
11.644743919372559,109.14661407470703,!=,!=
-93.74610137939453,-97.79786682128906,{,{
-65.10767364501953,-169.41348266601562,return,return
-139.62803649902344,72.16145324707031,",",","
145.90008544921875,49.35248565673828,identifier,err
-130.50485229492188,-46.873138427734375,},}
115.68124389648438,-3.8407318592071533,identifier,reg
-45.90467071533203,117.19908142089844,:=,:=
48.6939582824707,-45.855621337890625,identifier,Registry
-61.00629425048828,-62.53548049926758,{,{
-73.86953735351562,-45.51308059692383,},}
90.02079772949219,-21.15431785583496,identifier,prefixLen
-44.18718719482422,127.11024475097656,:=,:=
-152.92242431640625,23.645727157592773,for,for
-81.47665405273438,129.79180908203125,identifier,_
-78.96434783935547,125.25921630859375,",",","
129.5204620361328,-22.83354377746582,identifier,r
-34.33943176269531,126.1971664428711,:=,:=
90.66258239746094,-33.49263000488281,identifier,registries
-71.53656768798828,-96.3764877319336,{,{
-161.1626434326172,-0.09178796410560608,if,if
54.39504623413086,-20.799734115600586,identifier,refMatchesPrefix
-14.708558082580566,-1.2812994718551636,(,(
75.05073547363281,-61.6864128112793,identifier,ref
-82.6236801147461,62.245819091796875,",",","
126.42530822753906,-25.621671676635742,identifier,r
66.06216430664062,100.84998321533203,.,.
91.3072509765625,-58.93258285522461,identifier,Prefix
-71.11038970947266,-7.153896331787109,),)
-84.59953308105469,-92.03336334228516,{,{
96.79200744628906,-14.627978324890137,identifier,length
-38.62267303466797,121.3466567993164,:=,:=
-39.701271057128906,35.164730072021484,identifier,len
-26.227869033813477,24.535518646240234,(,(
126.30073547363281,-25.637489318847656,identifier,r
66.13455200195312,100.90535736083984,.,.
91.41594696044922,-58.979034423828125,identifier,Prefix
-74.111083984375,8.185341835021973,),)
-171.12538146972656,3.3973288536071777,if,if
96.8634033203125,-14.524493217468262,identifier,length
6.728487968444824,79.28871154785156,>,>
89.34423828125,-21.283119201660156,identifier,prefixLen
-86.89767456054688,-91.85485076904297,{,{
115.6886215209961,-3.9199535846710205,identifier,reg
-33.19969940185547,95.86705780029297,=,=
125.68746185302734,-25.4615421295166,identifier,r
89.46583557128906,-21.237903594970703,identifier,prefixLen
-35.701717376708984,94.57611083984375,=,=
96.8864974975586,-14.491154670715332,identifier,length
-121.75715637207031,-33.478763580322266,},}
-119.402099609375,-34.269866943359375,},}
-117.19254302978516,-37.69282150268555,},}
-169.9540557861328,-2.224534749984741,if,if
89.46186828613281,-21.245254516601562,identifier,prefixLen
8.73029613494873,95.64910888671875,!=,!=
-89.23513793945312,-88.10429382324219,{,{
-72.87512969970703,-164.5886993408203,return,return
115.74707794189453,-4.211452484130859,identifier,reg
-138.33624267578125,78.2646713256836,",",","
-126.58895874023438,-35.373756408691406,},}
-73.49903869628906,-157.8780975341797,return,return
-137.32176208496094,77.28840637207031,",",","
-152.41075134277344,-94.0778579711914,},}
71.60201263427734,-146.40928649902344,func,func
44.692543029785156,-27.418262481689453,identifier,checkConstraints
-28.730985641479492,-44.1063232421875,(,(
136.1544952392578,10.731070518493652,identifier,c
68.1191635131836,-2.344796657562256,identifier,config
61.347904205322266,63.763526916503906,.,.
68.06925964355469,-2.4025959968566895,identifier,Config
-109.20537567138672,102.34765625,",",","
82.62140655517578,-48.306976318359375,identifier,os
-98.9412612915039,98.83444213867188,",",","
84.08051300048828,-45.10527038574219,identifier,arch
-99.91178131103516,97.54468536376953,",",","
81.66378021240234,-45.96436309814453,identifier,osSuffix
-99.92432403564453,96.8264389038086,",",","
81.9264907836914,-45.3155517578125,identifier,archSuffix
25.44329071044922,-86.93608856201172,identifier,string
-104.90723419189453,96.4605712890625,",",","
86.38264465332031,-38.54530334472656,identifier,fileTags
61.6982307434082,-37.20124816894531,identifier,tagLine
-106.7303237915039,94.81859588623047,",",","
79.0212173461914,-24.409791946411133,identifier,cgoTags
61.64250946044922,-37.09138107299805,identifier,tagLine
-9.88061809539795,-133.56695556640625,),)
24.081539154052734,-78.92108154296875,identifier,bool
-41.80402374267578,-102.809326171875,{,{
-162.46527099609375,4.7179036140441895,if,if
81.46405792236328,-46.65851593017578,identifier,osSuffix
10.181014060974121,92.78136444091797,!=,!=
22.300424575805664,168.27175903320312,"""",""""
-2.1239564418792725,210.33053588867188,"""",""""
81.55174255371094,-46.56682205200195,identifier,osSuffix
8.928339958190918,91.56124877929688,!=,!=
82.40108489990234,-47.82012176513672,identifier,os
82.20975494384766,-44.91503143310547,identifier,archSuffix
9.573142051696777,92.20055389404297,!=,!=
21.387054443359375,167.63702392578125,"""",""""
-3.1303889751434326,210.5497283935547,"""",""""
82.28643798828125,-44.84818649291992,identifier,archSuffix
8.921320915222168,91.49547576904297,!=,!=
83.6580581665039,-44.78070831298828,identifier,arch
-87.9825668334961,-95.78186798095703,{,{
-69.32537841796875,-171.54190063476562,return,return
-132.01394653320312,-44.149845123291016,},}
-154.37477111816406,22.23331069946289,for,for
-81.10909271240234,130.0180206298828,identifier,_
-78.67887878417969,124.75816345214844,",",","
131.31265258789062,-25.571678161621094,identifier,l
-35.217647552490234,126.21125030517578,:=,:=
86.46241760253906,-38.45045471191406,identifier,fileTags
-71.46395874023438,-97.0190200805664,{,{
-161.7967529296875,-1.6817998886108398,if,if
130.0062713623047,-27.343225479125977,identifier,l
83.50659942626953,93.04511260986328,.,.
45.02284622192383,-18.139795303344727,identifier,check
-5.174814701080322,-1.6805936098098755,(,(
135.8297576904297,-8.096089363098145,identifier,c
-86.0649642944336,67.94904327392578,",",","
82.61881256103516,-48.250247955322266,identifier,os
-93.6241455078125,75.45043182373047,",",","
84.1414794921875,-44.941619873046875,identifier,arch
-73.85320281982422,-8.221721649169922,),)
-89.5808334350586,-93.2913589477539,{,{
-70.6410903930664,-170.80471801757812,return,return
-131.13534545898438,-38.35841751098633,},}
-118.45512390136719,-39.798152923583984,},}
-168.4257354736328,-1.9844245910644531,if,if
-37.336997985839844,35.038116455078125,identifier,len
-27.123973846435547,26.056106567382812,(,(
79.08524322509766,-24.291759490966797,identifier,cgoTags
-73.39157104492188,15.526844024658203,),)
6.709290027618408,82.10884094238281,>,>
79.09660339355469,-24.241308212280273,identifier,cgoTags
80.62866973876953,91.53392028808594,.,.
45.00776672363281,-18.13165283203125,identifier,check
-5.159718036651611,-1.6166331768035889,(,(
135.83251953125,-8.110150337219238,identifier,c
-85.87110900878906,67.49956512451172,",",","
82.65145874023438,-48.29011535644531,identifier,os
-93.76403045654297,75.55216979980469,",",","
84.10635375976562,-44.92868423461914,identifier,arch
-73.9395523071289,-8.076849937438965,),)
-89.29967498779297,-86.37784576416016,{,{
-71.02923583984375,-170.70787048339844,return,return
-127.48396301269531,-35.28525924682617,},}
-72.94920349121094,-159.21994018554688,return,return
-148.79718017578125,-93.76068878173828,},}
68.95752716064453,-145.97975158691406,func,func
50.00604248046875,-29.87997817993164,identifier,AccessToken
-23.89954948425293,-46.571895599365234,(,(
82.91978454589844,41.577884674072266,identifier,c
78.06082916259766,42.11650848388672,identifier,context
75.0993881225586,42.91971206665039,.,.
76.19759368896484,40.571449279785156,identifier,Context
-110.14045715332031,101.32537841796875,",",","
69.23278045654297,-39.18196487426758,identifier,scopes
19.647031784057617,-87.2237548828125,identifier,string
-13.461777687072754,-137.6980438232422,),)
-1.1718488931655884,-154.66885375976562,(,(
68.1158676147461,-41.86565017700195,identifier,token
22.365907669067383,-85.20170593261719,identifier,string
-119.75747680664062,89.8394546508789,",",","
73.41118621826172,-39.099788665771484,identifier,expiry
19.68500328063965,-57.146209716796875,identifier,time
58.771366119384766,53.3227424621582,.,.
22.281923294067383,-54.693458557128906,identifier,Time
-120.19564819335938,88.55838775634766,",",","
136.7527313232422,69.44102478027344,identifier,err
-9.335652351379395,-103.13603973388672,identifier,error
-16.648635864257812,-112.9743881225586,),)
-40.98377990722656,-106.3429946899414,{,{
119.36112213134766,6.259342670440674,identifier,req
-45.09563446044922,120.487548828125,:=,:=
62.4289436340332,9.36923885345459,identifier,pb
58.41675567626953,72.50103759765625,.,.
54.66807174682617,-26.974679946899414,identifier,GetAccessTokenRequest
-61.3784294128418,-64.59691619873047,{,{
69.11014556884766,-38.86322021484375,identifier,Scope
69.22808074951172,-39.165802001953125,identifier,scopes
-103.40715789794922,-35.787845611572266,},}
105.47915649414062,-1.6166810989379883,identifier,res
-45.24231719970703,120.17903900146484,:=,:=
62.40134048461914,9.279096603393555,identifier,pb
58.35785675048828,72.58504486083984,.,.
54.72275161743164,-26.923738479614258,identifier,GetAccessTokenResponse
-61.799495697021484,-63.64445877075195,{,{
-74.52311706542969,-45.45471954345703,},}
136.23202514648438,63.74182891845703,identifier,err
-32.219608306884766,104.50655364990234,=,=
47.29011535644531,-8.314143180847168,identifier,internal
69.47721862792969,74.678955078125,.,.
-5.466595649719238,-7.99642276763916,identifier,Call
-6.759249687194824,-7.222345352172852,(,(
83.11863708496094,40.888912200927734,identifier,c
-83.011474609375,72.36001586914062,",",","
14.486039161682129,162.17709350585938,"""",""""
-9.355796813964844,207.5748291015625,"""",""""
-79.333740234375,77.47962188720703,",",","
14.660656929016113,163.79217529296875,"""",""""
-7.928733825683594,207.49826049804688,"""",""""
-78.5900650024414,78.41233825683594,",",","
119.13700103759766,6.268214225769043,identifier,req
-91.1370849609375,70.64344024658203,",",","
107.24968719482422,-1.438331961631775,identifier,res
-74.39411163330078,-16.211151123046875,),)
-172.4133758544922,2.4150805473327637,if,if
132.37738037109375,57.19655227661133,identifier,err
11.874566078186035,105.60531616210938,!=,!=
-92.58541107177734,-92.83700561523438,{,{
-71.23942565917969,-167.60585021972656,return,return
21.462059020996094,161.2691192626953,"""",""""
-9.776006698608398,215.46763610839844,"""",""""
-135.62567138671875,72.16642761230469,",",","
19.893123626708984,-53.89796829223633,identifier,time
57.42706298828125,51.55884552001953,.,.
22.123327255249023,-54.45480728149414,identifier,Time
-61.56704330444336,-59.58015060424805,{,{
-74.06661987304688,-49.420982360839844,},}
-139.57406616210938,76.26806640625,",",","
142.68580627441406,51.00714111328125,identifier,err
-127.86007690429688,-40.445701599121094,},}
-78.30070495605469,-159.65191650390625,return,return
107.71112060546875,-2.5532710552215576,identifier,res
69.48846435546875,92.48069763183594,.,.
54.14931869506836,-26.55769157409668,identifier,GetAccessToken
-29.82489585876465,-12.11767864227295,(,(
-62.27153396606445,-9.875513076782227,),)
-133.26272583007812,75.21920776367188,",",","
19.707096099853516,-53.8740119934082,identifier,time
57.30150604248047,51.044490814208984,.,.
16.857494354248047,-12.906211853027344,identifier,Unix
-13.221284866333008,11.806583404541016,(,(
107.9353256225586,-3.0472378730773926,identifier,res
69.4072265625,92.59840393066406,.,.
54.06704330444336,-25.473163604736328,identifier,GetExpirationTime
-29.836349487304688,-10.85272216796875,(,(
-60.28762435913086,-8.437244415283203,),)
-88.75891876220703,61.92484664916992,",",","
-77.6395263671875,-3.942056655883789,),)
-133.75946044921875,79.85429382324219,",",","
-151.99197387695312,-90.59569549560547,},}
71.09624481201172,-144.72125244140625,func,func
42.392608642578125,-30.400550842285156,identifier,newRawClient
-27.0411376953125,-48.763214111328125,(,(
76.3006362915039,-36.284847259521484,identifier,noRedirect
-101.06822204589844,99.22956848144531,",",","
76.34439849853516,-36.66252136230469,identifier,noCertCheck
-101.00994873046875,97.7214584350586,",",","
73.911376953125,-34.896949768066406,identifier,disableKeepAlives
25.977741241455078,-81.17817687988281,identifier,bool
-104.15827178955078,95.56268310546875,",",","
73.75569915771484,-37.96051025390625,identifier,responseHeaderTimeout
19.295814514160156,-57.00659942626953,identifier,time
59.05707931518555,53.35853958129883,.,.
25.621870040893555,-57.800846099853516,identifier,Duration
-9.962372779846191,-135.34703063964844,),)
14.467305183410645,-37.11438751220703,identifier,http
58.911460876464844,59.63102340698242,.,.
35.88040542602539,-38.8557014465332,identifier,Client
-43.988529205322266,-100.14965057373047,{,{
118.34095764160156,0.3972376585006714,identifier,tr
-44.69010543823242,119.57184600830078,:=,:=
14.59197998046875,-36.56977462768555,identifier,http
57.77506637573242,60.16557312011719,.,.
32.897029876708984,-40.03143310546875,identifier,Transport
-60.595703125,-65.11852264404297,{,{
73.72847747802734,-34.746337890625,identifier,DisableKeepAlives
73.79974365234375,-34.758724212646484,identifier,disableKeepAlives
-105.13209533691406,48.1334228515625,",",","
73.35546112060547,-37.42123794555664,identifier,ResponseHeaderTimeout
73.48651123046875,-37.52727127075195,identifier,responseHeaderTimeout
-104.76560974121094,48.371829986572266,",",","
60.848304748535156,-23.74262046813965,identifier,Proxy
14.444072723388672,-35.82097625732422,identifier,http
56.03491973876953,60.651206970214844,.,.
60.66655349731445,-23.59427833557129,identifier,ProxyFromEnvironment
-104.12118530273438,41.882408142089844,",",","
-103.01595306396484,-33.15958023071289,},}
118.30429077148438,0.3425277769565582,identifier,tr
71.08993530273438,105.0473861694336,.,.
50.989646911621094,-8.264437675476074,identifier,TLSClientConfig
-37.667476654052734,91.07904815673828,=,=
50.72964096069336,-7.6706624031066895,identifier,tls
56.862606048583984,61.61540603637695,.,.
67.88145446777344,-2.6391403675079346,identifier,Config
-62.1773681640625,-65.1629867553711,{,{
57.998802185058594,-22.572620391845703,identifier,InsecureSkipVerify
76.58838653564453,-36.60833740234375,identifier,noCertCheck
-104.32398223876953,-35.735904693603516,},}
120.14053344726562,-9.938986778259277,identifier,c
-43.529563903808594,116.01423645019531,:=,:=
13.997614860534668,-36.374481201171875,identifier,http
57.451541900634766,60.48372268676758,.,.
35.890296936035156,-38.856014251708984,identifier,Client
-61.76494216918945,-65.51276397705078,{,{
31.97260856628418,-40.83987045288086,identifier,Transport
117.9087142944336,0.013109938241541386,identifier,tr
-105.56251525878906,-35.53693771362305,},}
-170.60800170898438,-0.26479244232177734,if,if
76.46884155273438,-35.735595703125,identifier,noRedirect
-85.21491241455078,-89.19999694824219,{,{
120.0748519897461,-9.045890808105469,identifier,c
70.36255645751953,106.2098159790039,.,.
51.78037643432617,-22.41948699951172,identifier,CheckRedirect
-38.06083679199219,90.59539031982422,=,=
-10.733633041381836,-64.10365295410156,func,func
-14.026744842529297,-61.457027435302734,(,(
13.340941429138184,-37.00910949707031,identifier,http
60.30337142944336,59.09373092651367,.,.
30.273569107055664,-31.028396606445312,identifier,Request
-114.17108917236328,96.90357208251953,",",","
13.185589790344238,-37.07894515991211,identifier,http
60.48421859741211,59.108036041259766,.,.
30.24945831298828,-31.0394229888916,identifier,Request
-17.438743591308594,-128.6128692626953,),)
-4.338815689086914,-99.50831604003906,identifier,error
-50.43036651611328,-103.77198028564453,{,{
-77.97830200195312,-165.96058654785156,return,return
28.10301971435547,47.32322311401367,identifier,fmt
36.224300384521484,48.465755462646484,.,.
31.29207992553711,33.84275436401367,identifier,Errorf
20.481914520263672,30.561832427978516,(,(
76.44234466552734,-35.34276580810547,identifier,noRedirectError
-89.13050842285156,-10.48465633392334,),)
-123.92163848876953,-32.641082763671875,},}
-118.03719329833984,-35.52747344970703,},}
-73.98456573486328,-154.78021240234375,return,return
117.08245086669922,-8.654563903808594,identifier,c
-147.27230834960938,-96.32947540283203,},}
68.04788208007812,-145.35562133789062,func,func
46.049617767333984,-29.528284072875977,identifier,NewManageOfferSuccessResultOffer
-26.03347396850586,-47.75334548950195,(,(
62.086395263671875,-50.064292907714844,identifier,effect
60.41987609863281,-29.826765060424805,identifier,ManageOfferEffect
-106.17675018310547,102.96758270263672,",",","
109.40510559082031,-38.341453552246094,identifier,value
-69.10926818847656,-55.74242401123047,{,{
-70.69893646240234,-53.03388977050781,},}
-11.48878002166748,-138.59898376464844,),)
0.038313090801239014,-155.2035369873047,(,(
104.77665710449219,-11.653463363647461,identifier,result
59.43342208862305,-29.965839385986328,identifier,ManageOfferSuccessResultOffer
-121.84406280517578,90.5138168334961,",",","
135.96897888183594,69.46903228759766,identifier,err
-9.052693367004395,-102.58554077148438,identifier,error
-15.521621704101562,-112.28376770019531,),)
-40.27655792236328,-107.41209411621094,{,{
105.01129150390625,-9.941166877746582,identifier,result
71.88374328613281,107.341796875,.,.
61.385528564453125,-49.55659866333008,identifier,Effect
-37.95643615722656,89.47870635986328,=,=
61.7964973449707,-49.91211700439453,identifier,effect
60.77341079711914,-29.676040649414062,identifier,ManageOfferEffect
-21.073162078857422,2.255657434463501,(,(
61.852115631103516,-49.93326187133789,identifier,effect
-56.771297454833984,-21.152015686035156,),)
-76.08245849609375,-85.74486541748047,{,{
-153.6146697998047,-9.03870677947998,case,case
60.911521911621094,-29.427398681640625,identifier,ManageOfferEffectManageOfferCreated
111.81848907470703,-23.63413429260254,identifier,tv
-68.67243194580078,120.07247924804688,",",","
116.58036041259766,52.83042907714844,identifier,ok
-31.39160919189453,119.19547271728516,:=,:=
111.64701843261719,-37.928707122802734,identifier,value
54.73260498046875,101.44792175292969,.,.
-5.126317024230957,35.41477584838867,(,(
66.48906707763672,-26.59480857849121,identifier,OfferEntry
-70.45182037353516,-11.972801208496094,),)
-177.20082092285156,3.2597084045410156,if,if
119.68177032470703,49.7390251159668,identifier,ok
-97.27999114990234,-93.61888122558594,{,{
137.3355712890625,61.828250885009766,identifier,err
-29.919601440429688,101.66340637207031,=,=
29.822093963623047,46.70445251464844,identifier,fmt
35.55875015258789,46.2234001159668,.,.
29.569454193115234,34.849815368652344,identifier,Errorf
22.77219009399414,30.960840225219727,(,(
17.710859298706055,153.2653350830078,"""",""""
-15.88255500793457,210.5869598388672,"""",""""
-94.30365753173828,-7.426734447479248,),)
-63.66925811767578,-160.80357360839844,return,return
-134.4095001220703,-42.12118911743164,},}
104.73683166503906,-9.15966796875,identifier,result
71.3599624633789,107.64228057861328,.,.
67.63084411621094,-26.9367733001709,identifier,Offer
-35.377166748046875,91.53846740722656,=,=
111.3558120727539,-25.438980102539062,identifier,tv
-154.65943908691406,-11.275547981262207,case,case
60.96257781982422,-29.35814666748047,identifier,ManageOfferEffectManageOfferUpdated
112.05728149414062,-24.163280487060547,identifier,tv
-69.7831039428711,118.06905364990234,",",","
116.54984283447266,51.95655822753906,identifier,ok
-30.56112289428711,118.3974838256836,:=,:=
112.29153442382812,-37.779441833496094,identifier,value
53.774635314941406,101.73499298095703,.,.
-4.6789469718933105,34.97138977050781,(,(
66.51882934570312,-26.57653045654297,identifier,OfferEntry
-71.12886047363281,-11.779672622680664,),)
-176.92921447753906,1.2520800828933716,if,if
119.24055480957031,49.52479934692383,identifier,ok
-97.50321960449219,-92.11878204345703,{,{
137.18264770507812,61.20062255859375,identifier,err
-30.14849853515625,101.30503845214844,=,=
29.41993522644043,47.464393615722656,identifier,fmt
34.91245651245117,46.97685623168945,.,.
30.699682235717773,35.23255157470703,identifier,Errorf
21.935863494873047,31.501577377319336,(,(
19.4367733001709,156.5496826171875,"""",""""
-15.756948471069336,212.83883666992188,"""",""""
-94.39885711669922,-8.231865882873535,),)
-63.57087326049805,-159.89613342285156,return,return
-134.5044403076172,-40.226802825927734,},}
104.97998809814453,-9.245820045471191,identifier,result
71.00365447998047,107.76403045654297,.,.
67.6139907836914,-26.936744689941406,identifier,Offer
-34.90154266357422,91.76556396484375,=,=
111.29646301269531,-25.394807815551758,identifier,tv
-118.30689239501953,-31.24822235107422,},}
-67.92176055908203,-156.23818969726562,return,return
-144.96339416503906,-93.4848403930664,},}
59.48576354980469,-138.9937286376953,func,func
34.94373321533203,-166.82440185546875,(,(
140.99972534179688,11.364538192749023,identifier,m
54.5996208190918,-4.907174587249756,identifier,Mason
-0.28436902165412903,-209.3638458251953,),)
31.32180404663086,-35.67992401123047,identifier,Start
-20.515274047851562,-39.841915130615234,(,(
-16.78548240661621,-145.32191467285156,),)
-45.080177307128906,-108.74616241455078,{,{
81.83712768554688,33.970333099365234,identifier,ctx
-66.86852264404297,122.39482879638672,",",","
73.24900817871094,2.143423557281494,identifier,cancel
-34.729217529296875,116.20614624023438,:=,:=
77.95602416992188,37.57245635986328,identifier,context
72.27206420898438,43.399803161621094,.,.
54.02861785888672,-9.787542343139648,identifier,WithCancel
-11.605623245239258,-10.541569709777832,(,(
77.97635650634766,37.60078048706055,identifier,context
72.24298858642578,43.3012580871582,.,.
74.00654602050781,39.7412109375,identifier,Background
-35.481937408447266,-8.10127067565918,(,(
-36.090545654296875,-8.013506889343262,),)
-70.69062805175781,-24.084035873413086,),)
150.56393432617188,0.33375340700149536,identifier,m
84.51905822753906,101.4452133178711,.,.
73.23979949951172,2.1340408325195312,identifier,cancel
-38.638545989990234,89.63520050048828,=,=
73.2448959350586,2.132767915725708,identifier,cancel
151.53033447265625,0.21319971978664398,identifier,m
83.66079711914062,96.83749389648438,.,.
30.0954647064209,-36.17622756958008,identifier,start
-3.079155683517456,-0.6253697872161865,(,(
84.63768768310547,35.237876892089844,identifier,ctx
-83.28358459472656,68.7730484008789,",",","
149.82627868652344,-0.659800112247467,identifier,m
82.90057373046875,100.9221420288086,.,.
65.11078643798828,-17.34331512451172,identifier,syncAll
-73.50044250488281,-23.12230682373047,),)
151.10162353515625,-0.2322964072227478,identifier,m
83.1984634399414,96.95455932617188,.,.
30.186338424682617,-36.25839614868164,identifier,start
-3.1383752822875977,-0.4382379651069641,(,(
84.93413543701172,35.30747604370117,identifier,ctx
-83.06112670898438,68.56918334960938,",",","
149.78468322753906,-1.0061739683151245,identifier,m
82.5483169555664,100.901611328125,.,.
65.49703979492188,-17.207656860351562,identifier,recycleAll
-73.8376693725586,-23.07498550415039,),)
151.14590454101562,-0.45073240995407104,identifier,m
83.01667785644531,96.97521209716797,.,.
30.330509185791016,-36.32050323486328,identifier,start
-3.226646661758423,-0.37947070598602295,(,(
84.96923065185547,35.4935302734375,identifier,ctx
-83.00627899169922,68.47875213623047,",",","
149.4577178955078,-1.1335716247558594,identifier,m
82.28216552734375,101.10865783691406,.,.
65.63243103027344,-16.83061408996582,identifier,fulfillAll
-74.15261840820312,-22.904043197631836,),)
-154.20687866210938,21.541444778442383,for,for
141.13560485839844,-35.80961227416992,identifier,i
-36.862091064453125,129.1575927734375,:=,:=
139.28292846679688,-37.11859130859375,identifier,i
-1.2966194152832031,76.41105651855469,<,<
149.17242431640625,-0.38900086283683777,identifier,m
83.14990997314453,101.84492492675781,.,.
66.21593475341797,-18.37076187133789,identifier,cleanerCount
138.9691162109375,-37.175968170166016,identifier,i
-74.15948486328125,-94.56251525878906,{,{
151.1170654296875,-0.9979890584945679,identifier,m
82.57854461669922,96.99141693115234,.,.
30.48447608947754,-36.14022445678711,identifier,start
-3.7138054370880127,-0.5896588563919067,(,(
84.64308166503906,35.87100601196289,identifier,ctx
-83.54016876220703,68.28264617919922,",",","
149.5541534423828,-1.4116172790527344,identifier,m
82.78162384033203,101.5389633178711,.,.
66.1250228881836,-18.031986236572266,identifier,cleanAll
-81.8492660522461,-6.782423496246338,),)
-121.71836853027344,-40.66632843017578,},}
151.23287963867188,-0.9282796382904053,identifier,m
82.58776092529297,96.9684066772461,.,.
30.519704818725586,-36.13432312011719,identifier,start
-3.7385544776916504,-0.5451382994651794,(,(
84.66685485839844,35.930694580078125,identifier,ctx
-83.53117370605469,68.18504333496094,",",","
149.59771728515625,-1.4515420198440552,identifier,m
82.62184143066406,101.45073699951172,.,.
65.83990478515625,-17.4019775390625,identifier,freeAll
-81.3918228149414,-17.216188430786133,),)
50.118621826171875,22.773698806762695,identifier,logrus
48.3717041015625,32.83708953857422,.,.
35.513153076171875,24.9787540435791,identifier,Info
18.075109481811523,25.281503677368164,(,(
17.57898712158203,157.12698364257812,"""",""""
-13.605063438415527,213.2656707763672,"""",""""
-91.91098022460938,-8.71607494354248,),)
-147.4246826171875,-88.96914672851562,},}
58.660926818847656,-141.82420349121094,func,func
35.41343688964844,-168.51707458496094,(,(
137.7639617919922,6.760523796081543,identifier,r
45.381587982177734,-38.03330612182617,identifier,Repo
-0.2301158756017685,-207.0093536376953,),)
47.703025817871094,-27.10179328918457,identifier,MergeCommitsExistBetween
-25.05138397216797,-43.22939682006836,(,(
88.08198547363281,-65.58570098876953,identifier,target
-99.66280364990234,99.71685028076172,",",","
75.45417022705078,-67.19902801513672,identifier,head
23.778371810913086,-86.89936828613281,identifier,string
-12.030155181884766,-136.91134643554688,),)
-1.472167730331421,-157.2478485107422,(,(
25.117063522338867,-78.87135314941406,identifier,bool
-121.67960357666016,86.44282531738281,",",","
-4.098126411437988,-107.34956359863281,identifier,error
-17.48640251159668,-111.43045043945312,),)
-38.88480758666992,-105.78389739990234,{,{
139.32415771484375,0.9747585654258728,identifier,r
90.59405517578125,98.06592559814453,.,.
53.489891052246094,23.75852394104004,identifier,logger
48.05678939819336,30.626590728759766,.,.
35.37480163574219,25.790414810180664,identifier,Infof
20.244760513305664,25.224529266357422,(,(
15.343134880065918,154.09359741210938,"""",""""
-13.793377876281738,207.62234497070312,"""",""""
-71.3900146484375,77.40923309326172,",",","
88.43657684326172,-64.86573791503906,identifier,target
-91.38859558105469,75.08377075195312,",",","
75.4399642944336,-67.18961334228516,identifier,head
-71.71945190429688,-20.698455810546875,),)
112.28507232666016,-16.525894165039062,identifier,b
-65.8612060546875,120.08304595947266,",",","
131.89688110351562,68.44792175292969,identifier,err
-33.663108825683594,113.22127532958984,:=,:=
139.20449829101562,1.1879390478134155,identifier,r
89.41169738769531,96.55799865722656,.,.
65.64537048339844,-38.496891021728516,identifier,gitCommand
-8.52727222442627,-6.702284336090088,(,(
14.111042976379395,160.5095672607422,"""",""""
-10.413387298583984,207.3721160888672,"""",""""
-77.75499725341797,75.90521240234375,",",","
27.07028579711914,44.59529495239258,identifier,fmt
38.91864013671875,48.61851119995117,.,.
24.738065719604492,37.839012145996094,identifier,Sprintf
18.75531768798828,33.75772476196289,(,(
14.500653266906738,158.08026123046875,"""",""""
-12.187108993530273,207.52728271484375,"""",""""
-74.60071563720703,78.28060150146484,",",","
88.44844818115234,-64.9146957397461,identifier,target
-91.97171783447266,73.73736572265625,",",","
75.44355010986328,-67.2094955444336,identifier,head
-69.76748657226562,-1.1400972604751587,),)
-89.99452209472656,58.593597412109375,",",","
15.901875495910645,164.96060180664062,"""",""""
-6.706470489501953,206.6235809326172,"""",""""
-81.10604858398438,78.9452133178711,",",","
15.447150230407715,166.0963592529297,"""",""""
-6.313672065734863,207.72805786132812,"""",""""
-65.14795684814453,-0.026991158723831177,),)
54.37324905395508,91.27005767822266,.,.
6.2663750648498535,-19.157960891723633,identifier,CombinedOutput
-24.93311882019043,-10.85499382019043,(,(
-63.30823516845703,-19.29332733154297,),)
-172.98028564453125,2.831383228302002,if,if
132.53573608398438,56.92207336425781,identifier,err
12.304384231567383,105.71764373779297,!=,!=
-92.01904296875,-92.11930847167969,{,{
-70.62935638427734,-168.86538696289062,return,return
-137.67730712890625,72.60517120361328,",",","
28.04048728942871,45.94145202636719,identifier,fmt
36.998497009277344,48.05449295043945,.,.
30.63975715637207,33.40385437011719,identifier,Errorf
20.545093536376953,28.836734771728516,(,(
17.472209930419922,155.18592834472656,"""",""""
-13.323844909667969,210.47311401367188,"""",""""
-72.37022399902344,76.92787170410156,",",","
88.31641387939453,-64.86949920654297,identifier,target
-94.48486328125,73.22040557861328,",",","
75.44255828857422,-67.22239685058594,identifier,head
-95.22430419921875,72.6432876586914,",",","
140.52322387695312,51.266685485839844,identifier,err
-95.56790924072266,71.61922454833984,",",","
17.80133628845215,-79.41352081298828,identifier,string
-20.512861251831055,17.740468978881836,(,(
110.38921356201172,-15.102917671203613,identifier,b
-73.53388214111328,-0.3565594553947449,),)
-84.95762634277344,-8.585567474365234,),)
-124.35977935791016,-37.979366302490234,},}
-76.40907287597656,-160.6439971923828,return,return
-38.64695739746094,35.99202346801758,identifier,len
-27.501405715942383,24.853328704833984,(,(
110.31005096435547,-15.09458065032959,identifier,b
-75.04877471923828,14.558714866638184,),)
7.426416397094727,95.7444839477539,!=,!=
-135.73495483398438,77.97856903076172,",",","
-153.57586669921875,-92.36609649658203,},}
72.52400207519531,-146.39825439453125,func,func
44.47235107421875,-28.864492416381836,identifier,tagsToWhere
-28.081514358520508,-45.23737335205078,(,(
91.93578338623047,-42.822364807128906,identifier,tags
17.548721313476562,-90.69154357910156,identifier,string
18.548595428466797,-86.65690612792969,identifier,string
-14.692855834960938,-138.30772399902344,),)
19.51316261291504,-83.95072174072266,identifier,string
-40.47102355957031,-100.21969604492188,{,{
-160.4596710205078,6.987020015716553,if,if
-36.266014099121094,34.09172821044922,identifier,len
-26.84844207763672,27.267850875854492,(,(
92.03578186035156,-42.7667121887207,identifier,tags
-71.37971496582031,14.967594146728516,),)
4.0662617683410645,86.31397247314453,==,==
-90.10721588134766,-100.76051330566406,{,{
-67.27388763427734,-172.7757110595703,return,return
21.814678192138672,162.24728393554688,"""",""""
-7.406005382537842,215.0591583251953,"""",""""
-129.32211303710938,-48.429866790771484,},}
101.90343475341797,-28.827892303466797,identifier,sortedKeys
-49.032493591308594,121.42971801757812,:=,:=
15.965625762939453,-86.15263366699219,identifier,string
-64.90901184082031,-59.56061935424805,{,{
-72.45039367675781,-46.82347106933594,},}
-153.6160430908203,25.406801223754883,for,for
135.6623992919922,-29.4683895111084,identifier,k
-34.41351318359375,128.40011596679688,:=,:=
92.04145812988281,-42.742034912109375,identifier,tags
-69.9122314453125,-96.31668853759766,{,{
102.31735229492188,-28.98695945739746,identifier,sortedKeys
-28.40928840637207,93.68409729003906,=,=
-23.640609741210938,55.15082931518555,identifier,append
-22.093297958374023,47.90854263305664,(,(
102.56211853027344,-29.05616569519043,identifier,sortedKeys
-75.08882904052734,59.01848220825195,",",","
134.1846160888672,-30.96827507019043,identifier,k
-86.2197494506836,-4.851128578186035,),)
-122.22201538085938,-45.01963806152344,},}
36.76310729980469,1.370552659034729,identifier,sort
50.693565368652344,50.57086181640625,.,.
15.034920692443848,-75.95843505859375,identifier,Strings
-10.76771068572998,15.66112995147705,(,(
102.98393249511719,-29.05782127380371,identifier,sortedKeys
-76.5403060913086,-24.381406784057617,),)
98.5172348022461,-23.518152236938477,identifier,conditions
-49.424068450927734,118.86006927490234,:=,:=
15.721484184265137,-86.0250244140625,identifier,string
-65.21946716308594,-59.99457550048828,{,{
-73.48566436767578,-47.22279739379883,},}
-152.62277221679688,22.52703094482422,for,for
-81.80225372314453,130.67282104492188,identifier,_
-78.07329559326172,125.09738159179688,",",","
129.83050537109375,-33.5792350769043,identifier,key
-34.15414047241211,125.17668914794922,:=,:=
103.12741088867188,-29.064842224121094,identifier,sortedKeys
-72.81024932861328,-97.10343933105469,{,{
98.37437438964844,-23.709020614624023,identifier,conditions
-29.80067253112793,94.77515411376953,=,=
-24.769685745239258,53.68804931640625,identifier,append
-23.249189376831055,48.52678298950195,(,(
98.30670928955078,-23.784997940063477,identifier,conditions
-76.47344970703125,60.27043914794922,",",","
26.954517364501953,45.623863220214844,identifier,fmt
37.84665298461914,49.14459991455078,.,.
23.76271629333496,37.60533142089844,identifier,Sprintf
19.827627182006836,34.45585250854492,(,(
-71.78581237792969,78.82060241699219,",",","
131.4620361328125,-32.839942932128906,identifier,key
-96.3168716430664,71.63593292236328,",",","
92.02668762207031,-42.801612854003906,identifier,tags
131.65200805664062,-33.000511169433594,identifier,key
-77.41354370117188,-1.571813941001892,),)
-84.33235168457031,-8.189947128295898,),)
-120.26025390625,-37.5615348815918,},}
-80.31958770751953,-157.09596252441406,return,return
22.300338745117188,161.31617736816406,"""",""""
-8.961397171020508,215.95382690429688,"""",""""
-64.82048797607422,74.29033660888672,+,+
14.656965255737305,-72.03507232666016,identifier,strings
44.14332580566406,52.81380081176758,.,.
20.54969596862793,-3.2928965091705322,identifier,Join
-5.125402450561523,15.180105209350586,(,(
98.2445297241211,-23.823684692382812,identifier,conditions
-81.7791519165039,58.12566375732422,",",","
18.45273780822754,161.4158172607422,"""",""""
-8.306259155273438,212.7132110595703,"""",""""
-79.78166198730469,-10.52381420135498,),)
-146.79122924804688,-90.12090301513672,},}
59.64396286010742,-142.5988311767578,func,func
34.321868896484375,-169.93826293945312,(,(
137.28001403808594,6.067821025848389,identifier,r
48.01020050048828,-36.27426528930664,identifier,ProtocolLXD
-1.0411957502365112,-205.88050842285156,),)
47.85962677001953,-28.546520233154297,identifier,GetNetworkLeases
-24.790315628051758,-41.13981628417969,(,(
70.41008758544922,-62.29910659790039,identifier,name
23.752071380615234,-87.80506134033203,identifier,string
-12.66712474822998,-137.74737548828125,),)
-1.71310293674469,-155.841796875,(,(
57.13346481323242,5.741438388824463,identifier,api
58.06267547607422,69.42008209228516,.,.
55.358787536621094,-36.232666015625,identifier,NetworkLease
-123.2861099243164,88.66554260253906,",",","
-4.770750522613525,-107.75850677490234,identifier,error
-16.76465606689453,-110.93672943115234,),)
-37.27090072631836,-106.080322265625,{,{
-160.61024475097656,4.960383415222168,if,if
137.9844207763672,1.6610420942306519,identifier,r
89.66034698486328,93.99112701416016,.,.
14.982281684875488,-7.6494245529174805,identifier,HasExtension
4.991987228393555,3.373582601547241,(,(
9.31095027923584,162.14846801757812,"""",""""
-11.20360279083252,205.27944946289062,"""",""""
-67.30099487304688,-8.000459671020508,),)
-89.71482849121094,-98.67326354980469,{,{
-65.1214370727539,-170.24005126953125,return,return
-138.4874267578125,71.45440673828125,",",","
29.052204132080078,45.157623291015625,identifier,fmt
37.33408737182617,46.402610778808594,.,.
29.06052589416504,33.055938720703125,identifier,Errorf
22.625545501708984,28.827882766723633,(,(
19.72492218017578,152.69589233398438,"""",""""
-18.790590286254883,206.52682495117188,"""",""""
-91.07220458984375,-5.109414100646973,),)
-128.0463409423828,-46.46427536010742,},}
92.4713134765625,-27.50396156311035,identifier,leases
-49.14191818237305,119.00704193115234,:=,:=
57.523048400878906,6.005302906036377,identifier,api
57.06000518798828,69.55547332763672,.,.
55.3904914855957,-36.21241760253906,identifier,NetworkLease
-63.651153564453125,-61.3992805480957,{,{
-74.07952880859375,-46.15505599975586,},}
-79.32111358642578,132.92076110839844,identifier,_
-75.4057846069336,127.661865234375,",",","
131.98634338378906,67.14337921142578,identifier,err
-33.89760971069336,111.85025787353516,:=,:=
138.94419860839844,2.472553253173828,identifier,r
90.25934600830078,95.80653381347656,.,.
46.265777587890625,-12.873917579650879,identifier,queryStruct
-9.034978866577148,-7.363644599914551,(,(
13.066922187805176,160.4618682861328,"""",""""
-10.207051277160645,208.6602783203125,"""",""""
-76.78641510009766,75.44561004638672,",",","
26.020112991333008,45.08063888549805,identifier,fmt
38.1308479309082,49.91041564941406,.,.
23.60332679748535,38.31950759887695,identifier,Sprintf
19.290170669555664,34.95030975341797,(,(
12.961809158325195,158.0482635498047,"""",""""
-11.26137638092041,208.89442443847656,"""",""""
-75.503662109375,76.07421112060547,",",","
41.5513801574707,5.337306022644043,identifier,url
46.59181594848633,57.82902145385742,.,.
25.547382354736328,-7.138393878936768,identifier,QueryEscape
-14.474213600158691,15.256836891174316,(,(
69.20155334472656,-62.747108459472656,identifier,name
-72.35018157958984,0.04808769002556801,),)
-77.99610900878906,-0.6468566060066223,),)
-90.41609954833984,60.37117004394531,",",","
-82.65242767333984,76.28616333007812,",",","
15.782437324523926,163.32716369628906,"""",""""
-8.108404159545898,208.91641235351562,"""",""""
-79.43802642822266,79.16117858886719,",",","
92.56661224365234,-27.467344284057617,identifier,leases
-77.35010528564453,-15.524786949157715,),)
-173.47108459472656,1.0960270166397095,if,if
134.0247039794922,57.23453903198242,identifier,err
13.07630443572998,104.62744903564453,!=,!=
-92.91294860839844,-89.70124816894531,{,{
-70.05768585205078,-166.3385772705078,return,return
-139.7969512939453,73.59902954101562,",",","
142.96359252929688,52.92827606201172,identifier,err
-127.95751953125,-36.93932342529297,},}
-76.9813461303711,-156.98019409179688,return,return
92.67256927490234,-27.43657684326172,identifier,leases
-137.08047485351562,80.33240509033203,",",","
-153.14202880859375,-93.23603057861328,},}
58.84444808959961,-138.29322814941406,func,func
33.74251937866211,-167.14852905273438,(,(
136.88616943359375,9.75418758392334,identifier,c
41.61832809448242,-36.11945343017578,identifier,CallOptions
-2.5439453125,-206.49246215820312,),)
45.53586196899414,-26.570228576660156,identifier,overrideHeaders
-27.56978416442871,-41.5020751953125,(,(
99.83077239990234,-46.59087371826172,identifier,headers
51.471431732177734,-31.134342193603516,identifier,transportHeaders
-17.002531051635742,-133.9411163330078,),)
-43.876319885253906,-108.60083770751953,{,{
-161.90382385253906,7.153782367706299,if,if
139.24502563476562,-5.402733325958252,identifier,c
74.83895111083984,101.88641357421875,.,.
63.097618103027344,-42.415767669677734,identifier,Format
10.991435050964355,93.32881927490234,!=,!=
21.72264862060547,168.52780151367188,"""",""""
-2.2677016258239746,211.24143981933594,"""",""""
-85.27892303466797,-98.12006378173828,{,{
100.85531616210938,-46.066375732421875,identifier,headers
61.728172302246094,-25.056060791015625,identifier,ArgScheme
-35.627315521240234,88.9615707397461,=,=
139.0847625732422,-6.211902618408203,identifier,c
74.86322021484375,101.85289764404297,.,.
63.10061264038086,-42.41303253173828,identifier,Format
60.69342041015625,92.36493682861328,.,.
34.619014739990234,-58.20249938964844,identifier,String
-30.7998046875,-9.482845306396484,(,(
-59.8449821472168,-11.314360618591309,),)
-124.3183364868164,-47.14854431152344,},}
-165.54385375976562,2.9517323970794678,if,if
139.70657348632812,-6.348031520843506,identifier,c
73.37120056152344,101.89228057861328,.,.
69.70462799072266,-27.7557315826416,identifier,ShardKey
10.328877449035645,93.55994415283203,!=,!=
22.789155960083008,167.84376525878906,"""",""""
-1.8862351179122925,210.68350219726562,"""",""""
-84.97350311279297,-96.46902465820312,{,{
101.13341522216797,-45.88752365112305,identifier,headers
69.70951080322266,-27.706357955932617,identifier,ShardKey
-34.80674743652344,89.1793212890625,=,=
139.19651794433594,-7.511570453643799,identifier,c
72.7170639038086,102.04926300048828,.,.
69.71697235107422,-27.707740783691406,identifier,ShardKey
-121.72943115234375,-47.44755935668945,},}
-165.87669372558594,-0.7293775081634521,if,if
139.83987426757812,-7.030673503875732,identifier,c
72.86748504638672,102.2942886352539,.,.
69.18485260009766,-25.05622100830078,identifier,RoutingKey
9.81570053100586,93.85839080810547,!=,!=
22.933137893676758,167.00967407226562,"""",""""
-3.0880703926086426,209.98141479492188,"""",""""
-85.9259033203125,-94.11357879638672,{,{
101.1841812133789,-45.85572814941406,identifier,headers
69.20884704589844,-24.990327835083008,identifier,RoutingKey
-34.81916809082031,89.09246063232422,=,=
139.37945556640625,-7.943076133728027,identifier,c
72.3563003540039,102.31254577636719,.,.
69.21998596191406,-24.902164459228516,identifier,RoutingKey
-121.13370513916016,-47.119415283203125,},}
-166.59786987304688,-1.5334529876708984,if,if
140.0044708251953,-7.2246994972229,identifier,c
72.38269805908203,102.67662048339844,.,.
69.19451904296875,-24.204938888549805,identifier,RoutingDelegate
10.050041198730469,94.33770751953125,!=,!=
23.770185470581055,167.237548828125,"""",""""
-1.1172627210617065,211.52389526367188,"""",""""
-85.9281005859375,-88.1382064819336,{,{
101.23289489746094,-45.820953369140625,identifier,headers
69.26693725585938,-24.090219497680664,identifier,RoutingDelegate
-34.6425666809082,89.27702331542969,=,=
139.57835388183594,-8.044350624084473,identifier,c
72.0211181640625,102.54029846191406,.,.
69.30326080322266,-24.03007698059082,identifier,RoutingDelegate
-121.08287811279297,-47.281402587890625,},}
-167.12527465820312,-2.326413154602051,if,if
140.65296936035156,-7.021828651428223,identifier,c
83.1850357055664,105.28318786621094,.,.
71.81156158447266,-24.802934646606445,identifier,callerName
9.628161430358887,94.38671875,!=,!=
23.719215393066406,166.25730895996094,"""",""""
-1.6326851844787598,212.42050170898438,"""",""""
-86.87316131591797,-87.3614273071289,{,{
101.12076568603516,-45.901126861572266,identifier,headers
71.61910247802734,-24.873414993286133,identifier,CallerName
-35.4095344543457,89.08606719970703,=,=
140.31495666503906,-7.939327716827393,identifier,c
83.14659118652344,105.2545166015625,.,.
71.83769226074219,-24.785566329956055,identifier,callerName
-123.19952392578125,-31.32099151611328,},}
-149.13111877441406,-86.77989959716797,},}
72.17349243164062,-147.0015869140625,func,func
43.35719680786133,-28.024389266967773,identifier,derefPointersZero
-28.720947265625,-44.98418045043945,(,(
117.4675064086914,-23.126602172851562,identifier,rv
47.457557678222656,12.258644104003906,identifier,reflect
55.1241569519043,54.35918045043945,.,.
43.4731559753418,-51.26519775390625,identifier,Value
-14.877074241638184,-139.09967041015625,),)
-1.1784757375717163,-153.5010223388672,(,(
97.52781677246094,-7.241726875305176,identifier,drv
47.410194396972656,11.946839332580566,identifier,reflect
55.72709655761719,54.932525634765625,.,.
43.85810852050781,-51.22614288330078,identifier,Value
-119.28512573242188,90.36823272705078,",",","
78.18760681152344,-31.383516311645508,identifier,isPtr
25.084537506103516,-80.90705871582031,identifier,bool
-103.06275177001953,94.68988800048828,",",","
78.1615982055664,-31.28125762939453,identifier,isNilPtr
24.89031219482422,-81.11247253417969,identifier,bool
-16.847261428833008,-114.34349060058594,),)
-42.334476470947266,-106.4781723022461,{,{
-156.00291442871094,24.695995330810547,for,for
117.51966094970703,-23.667701721191406,identifier,rv
65.11414337158203,89.54002380371094,.,.
46.18361282348633,-56.95602035522461,identifier,Kind
-34.06765365600586,-12.230926513671875,(,(
-55.397865295410156,-9.99494457244873,),)
-0.24022036790847778,86.14989471435547,==,==
48.696006774902344,12.370565414428711,identifier,reflect
53.53731918334961,54.94783401489258,.,.
40.4489860534668,-2.731227159500122,identifier,Ptr
-82.44441986083984,-96.13849639892578,{,{
77.9712905883789,-30.561542510986328,identifier,isPtr
-39.72298812866211,94.87157440185547,=,=
-166.06727600097656,4.457563400268555,if,if
117.50141143798828,-23.80904197692871,identifier,rv
65.43260192871094,89.41625213623047,.,.
36.51676559448242,-8.464299201965332,identifier,IsNil
-29.676002502441406,-15.673744201660156,(,(
-57.592708587646484,-12.605175971984863,),)
-83.79164123535156,-96.2656478881836,{,{
77.99610137939453,-30.62558937072754,identifier,isNilPtr
-39.71506118774414,94.87989807128906,=,=
113.38774871826172,3.960176944732666,identifier,rt
-41.43536376953125,123.74642181396484,:=,:=
117.30194091796875,-23.86543083190918,identifier,rv
65.57981872558594,89.89907836914062,.,.
48.61719512939453,-53.336097717285156,identifier,Type
-33.04582977294922,-11.901630401611328,(,(
-56.413604736328125,-8.768051147460938,),)
58.67045211791992,89.53624725341797,.,.
17.512964248657227,-25.071809768676758,identifier,Elem
-31.872255325317383,-13.570138931274414,(,(
-64.75785064697266,-18.83028221130371,),)
-153.00048828125,21.300058364868164,for,for
113.21855163574219,4.620338439941406,identifier,rt
64.50181579589844,90.77399444580078,.,.
46.06367492675781,-56.986534118652344,identifier,Kind
-34.11000061035156,-12.263528823852539,(,(
-55.303348541259766,-9.873017311096191,),)
-0.5109962224960327,86.30366516113281,==,==
48.810707092285156,12.483376502990723,identifier,reflect
53.463417053222656,54.94170379638672,.,.
40.454036712646484,-2.7280495166778564,identifier,Ptr
-82.10900115966797,-91.91645050048828,{,{
113.17926788330078,4.87920618057251,identifier,rt
-35.28960037231445,96.64894104003906,=,=
113.16822814941406,4.889369010925293,identifier,rt
64.4418716430664,90.87285614013672,.,.
17.791791915893555,-25.091508865356445,identifier,Elem
-31.675329208374023,-13.84167766571045,(,(
-62.636932373046875,-12.791927337646484,),)
-122.66644287109375,-42.11279296875,},}
97.56013488769531,-7.263392925262451,identifier,drv
-33.12984085083008,96.06781768798828,=,=
48.267459869384766,12.657096862792969,identifier,reflect
53.33023452758789,53.604000091552734,.,.
36.155277252197266,-15.27683162689209,identifier,New
-9.181971549987793,10.253779411315918,(,(
113.17959594726562,5.116645336151123,identifier,rt
-63.59191131591797,-0.3924896717071533,),)
53.60050964355469,91.50776672363281,.,.
17.88050651550293,-25.095388412475586,identifier,Elem
-31.606403350830078,-13.990921974182129,(,(
-62.724273681640625,-13.282333374023438,),)
-65.50778198242188,-159.095703125,return,return
-122.11862182617188,-37.58741760253906,},}
116.54430389404297,-24.33902359008789,identifier,rv
-33.6721305847168,95.48973846435547,=,=
116.66083526611328,-24.052677154541016,identifier,rv
66.58096313476562,90.07184600830078,.,.
18.137046813964844,-25.115707397460938,identifier,Elem
-31.48911476135254,-14.268898010253906,(,(
-62.523155212402344,-11.774441719055176,),)
-120.81929779052734,-35.65930938720703,},}
97.54940032958984,-7.254859924316406,identifier,drv
-33.24357986450195,94.32852172851562,=,=
116.4227066040039,-23.851531982421875,identifier,rv
-67.07339477539062,-156.88531494140625,return,return
-145.39816284179688,-92.61128997802734,},}
73.37338256835938,-145.79209899902344,func,func
41.951622009277344,-28.2586669921875,identifier,comment
-29.2891845703125,-47.15378952026367,(,(
90.00407409667969,-45.12141036987305,identifier,elems
19.224071502685547,-87.1617431640625,identifier,string
-14.444334030151367,-140.19886779785156,),)
19.380502700805664,-83.96247100830078,identifier,string
-40.29000473022461,-99.66012573242188,{,{
100.47688293457031,-35.79840850830078,identifier,lines
16.32400894165039,-84.76081848144531,identifier,string
-154.56072998046875,25.717041015625,for,for
-82.4512710571289,128.3229522705078,identifier,_
-80.29991149902344,124.8167953491211,",",","
129.96249389648438,-24.31209945678711,identifier,e
-33.004337310791016,127.1428451538086,:=,:=
90.01297760009766,-45.10853576660156,identifier,elems
-70.46013641357422,-96.24188232421875,{,{
100.4400863647461,-35.56059646606445,identifier,lines
-28.780149459838867,93.49797058105469,=,=
-24.244604110717773,55.75830841064453,identifier,append
-22.2888240814209,47.277774810791016,(,(
100.37126159667969,-35.522125244140625,identifier,lines
-76.07511138916016,58.97978210449219,",",","
15.438556671142578,-71.88908386230469,identifier,strings
44.835514068603516,52.8331413269043,.,.
19.845643997192383,-6.553757667541504,identifier,Split
-6.008636951446533,13.826109886169434,(,(
128.6967315673828,-26.539438247680664,identifier,e
-82.92721557617188,58.877891540527344,",",","
17.68904685974121,162.61416625976562,"""",""""
-16.351957321166992,203.38485717773438,"""",""""
-82.27725219726562,-0.8364191055297852,),)
-85.40131378173828,-6.391444683074951,),)
-121.58934020996094,-44.83149337768555,},}
104.67327880859375,-26.19049644470215,identifier,trimmed
-50.381446838378906,122.03308868408203,=,=
-2.1487884521484375,45.404598236083984,identifier,make
-3.4100611209869385,42.5186653137207,(,(
15.860698699951172,-85.03726196289062,identifier,string
-114.57721710205078,80.82829284667969,",",","
-39.64487075805664,30.538318634033203,identifier,len
-23.23151969909668,25.442699432373047,(,(
99.87394714355469,-35.89309310913086,identifier,lines
-70.80908203125,12.534990310668945,),)
-74.05270385742188,-26.745227813720703,),)
-153.26617431640625,23.450315475463867,for,for
141.05030822753906,-36.179412841796875,identifier,i
-78.24849700927734,123.1874771118164,",",","
131.3006591796875,-25.643796920776367,identifier,l
-35.30600357055664,126.61949920654297,:=,:=
99.75948333740234,-35.92982864379883,identifier,lines
-72.39118194580078,-96.4710922241211,{,{
104.5550765991211,-26.178768157958984,identifier,trimmed
138.62815856933594,-38.8618278503418,identifier,i
-33.77407455444336,88.08692169189453,=,=
14.981264114379883,-71.9803695678711,identifier,strings
44.528297424316406,53.531742095947266,.,.
16.470233917236328,-1.6724592447280884,identifier,TrimLeft
-5.122561931610107,13.334880828857422,(,(
129.91893005371094,-27.4671688079834,identifier,l
-82.81475067138672,58.889469146728516,",",","
17.779762268066406,162.40782165527344,"""",""""
-16.360986709594727,203.39295959472656,"""",""""
-82.18421173095703,-4.535497188568115,),)
-121.24759674072266,-41.73102951049805,},}
114.55592346191406,-14.938331604003906,identifier,t
-41.85512161254883,116.09532165527344,:=,:=
14.791566848754883,-72.03056335449219,identifier,strings
44.30836868286133,53.394798278808594,.,.
20.548147201538086,-3.2946133613586426,identifier,Join
-5.132192611694336,15.097784996032715,(,(
104.528564453125,-26.17359161376953,identifier,trimmed
-81.87488555908203,58.15706253051758,",",","
17.904348373413086,162.21392822265625,"""",""""
-16.360403060913086,203.37693786621094,"""",""""
-80.57356262207031,-20.312538146972656,),)
-79.87858581542969,-157.3148193359375,return,return
54.89307403564453,-53.892051696777344,identifier,text
48.91270065307617,59.428955078125,.,.
52.02896499633789,-16.593069076538086,identifier,Indent
-10.345396041870117,2.1078200340270996,(,(
113.42955780029297,-13.112247467041016,identifier,t
-86.85791015625,63.58429718017578,",",","
18.773454666137695,161.1888885498047,"""",""""
-8.40207290649414,212.80865478515625,"""",""""
-79.85812377929688,-10.605043411254883,),)
-146.98757934570312,-90.77305603027344,},}
57.52001953125,-142.45668029785156,func,func
36.29808807373047,-168.89279174804688,(,(
140.85891723632812,8.99416732788086,identifier,s
46.053192138671875,-36.74622344970703,identifier,Sentinel
-0.34476256370544434,-206.5347442626953,),)
39.63876724243164,-32.339813232421875,identifier,Mux
-22.206735610961914,-42.500362396240234,(,(
81.69487762451172,-56.512969970703125,identifier,listener
24.051973342895508,-44.105716705322266,identifier,net
59.094207763671875,57.27120590209961,.,.
81.64398193359375,-56.542537689208984,identifier,Listener
-107.45539855957031,99.53338623046875,",",","
149.0431365966797,-18.32884407043457,identifier,opts
54.79126739501953,-2.1005632877349854,identifier,netmux
61.77301788330078,66.29299926757812,.,.
38.92776870727539,-35.31706237792969,identifier,Option
-10.065564155578613,-137.3218994140625,),)
-2.214578866958618,-157.25091552734375,(,(
54.75341033935547,-2.1646533012390137,identifier,netmux
61.689369201660156,65.97947692871094,.,.
54.7219123840332,-2.3739988803863525,identifier,Netmux
-123.82429504394531,88.77037048339844,",",","
-4.85651159286499,-106.53874969482422,identifier,error
-16.65633201599121,-110.0177001953125,),)
-38.56085968017578,-106.78994750976562,{,{
143.86175537109375,2.723538637161255,identifier,s
87.4780044555664,92.50627136230469,.,.
-24.213254928588867,-22.71626853942871,identifier,Lock
-24.92206573486328,-19.31294822692871,(,(
-65.64713287353516,-27.80621910095215,),)
143.78909301757812,2.752739191055298,identifier,s
87.44488525390625,92.42443084716797,.,.
-22.977352142333984,-22.517810821533203,identifier,Unlock
-24.61648178100586,-18.70707893371582,(,(
-66.42973327636719,-27.09562110900879,),)
-163.6588897705078,3.4972827434539795,if,if
143.71307373046875,2.7759623527526855,identifier,s
87.62130737304688,100.33767700195312,.,.
28.817813873291016,-36.20741271972656,identifier,started
-87.16983795166016,-100.01240539550781,{,{
-66.17567443847656,-170.8808135986328,return,return
-138.4629364013672,70.67469787597656,",",","
54.8509635925293,-14.647868156433105,identifier,ErrAlreadyStarted
-128.44578552246094,-44.48907470703125,},}
93.44062805175781,-2.6172497272491455,identifier,mux
-67.14904022216797,119.16887664794922,",",","
131.05386352539062,68.3584976196289,identifier,err
-34.93700408935547,113.46468353271484,:=,:=
54.666831970214844,-2.0354504585266113,identifier,netmux
64.17279052734375,71.56754302978516,.,.
36.97941589355469,-17.81077003479004,identifier,New
-14.880112648010254,-8.10720157623291,(,(
81.71705627441406,-56.496585845947266,identifier,listener
-87.91384887695312,70.46238708496094,",",","
148.33251953125,-18.641080856323242,identifier,opts
-74.36412048339844,-17.49167823791504,),)
-173.35508728027344,3.7966415882110596,if,if
132.28817749023438,55.97034454345703,identifier,err
13.01169490814209,107.02498626708984,!=,!=
-93.7812728881836,-93.3485107421875,{,{
-68.30938720703125,-168.14100646972656,return,return
-141.22276306152344,72.57646942138672,",",","
143.8638458251953,51.193172454833984,identifier,err
-129.3363037109375,-41.98466873168945,},}
-168.5373077392578,-0.24971449375152588,if,if
133.5805206298828,60.2322998046875,identifier,err
-31.172359466552734,106.13944244384766,=,=
143.99949645996094,2.090202569961548,identifier,s
86.09251403808594,97.05924987792969,.,.
51.52597427368164,-17.90119171142578,identifier,Register
-8.253401756286621,-0.282227486371994,(,(
94.62773132324219,-3.6071078777313232,identifier,mux
-88.74885559082031,66.73126983642578,",",","
94.61380004882812,-3.693274974822998,identifier,mux
-90.39421081542969,66.53809356689453,",",","
56.89104461669922,-24.207117080688477,identifier,IgnoreListenerClosed
-91.61935424804688,66.08555603027344,",",","
56.83305358886719,-24.082170486450195,identifier,IgnoreNetOpError
-78.570556640625,-13.805240631103516,),)
135.47866821289062,56.562774658203125,identifier,err
14.388191223144531,104.60393524169922,!=,!=
-93.63818359375,-89.48450469970703,{,{
-69.53993225097656,-166.52305603027344,return,return
-140.422119140625,73.67335510253906,",",","
143.43545532226562,52.898841857910156,identifier,err
-127.30253601074219,-37.24199676513672,},}
-76.42923736572266,-157.5592498779297,return,return
95.47984313964844,-2.884597063064575,identifier,mux
-136.5959014892578,79.6240463256836,",",","
-152.26007080078125,-92.9905014038086,},}
69.62035369873047,-143.9917755126953,func,func
37.57843017578125,-30.775760650634766,identifier,Connect
-23.982635498046875,-47.22431182861328,(,(
95.245361328125,-64.48884582519531,identifier,host
-98.9324722290039,99.83255004882812,",",","
73.19349670410156,-53.59386444091797,identifier,senderID
-100.51231384277344,98.48382568359375,",",","
71.64176177978516,-45.68955612182617,identifier,apiKey
24.31431007385254,-88.1770248413086,identifier,string
-104.83152770996094,97.8690185546875,",",","
58.250484466552734,16.902084350585938,identifier,debug
26.155628204345703,-81.48230743408203,identifier,bool
-13.243233680725098,-135.1745147705078,),)
-2.631066083908081,-156.16896057128906,(,(
47.57148361206055,-43.214107513427734,identifier,Conn
-124.35255432128906,90.49595642089844,",",","
-3.348829984664917,-107.39599609375,identifier,error
-17.809438705444336,-110.88137817382812,),)
-38.4509391784668,-105.5493392944336,{,{
-162.10977172851562,6.102001667022705,if,if
15.774368286132812,-72.8115234375,identifier,strings
45.68593215942383,52.814666748046875,.,.
13.137158393859863,-5.198035717010498,identifier,Contains
4.13138484954834,0.3221743404865265,(,(
73.88363647460938,-54.118709564208984,identifier,senderID
-81.73318481445312,60.60886764526367,",",","
68.32572937011719,-29.674026489257812,identifier,gcmDomain
-68.17344665527344,-7.8165764808654785,),)
-86.06768798828125,-98.2420883178711,{,{
73.93677520751953,-54.13681411743164,identifier,senderID
18.118709564208984,167.7532958984375,"""",""""
-3.65273118019104,207.0065155029297,"""",""""
-64.87694549560547,74.10279846191406,+,+
68.35923767089844,-29.681655883789062,identifier,gcmDomain
-123.54055786132812,-46.70730209350586,},}
120.45360565185547,-10.008919715881348,identifier,c
-66.43291473388672,119.47645568847656,",",","
131.6901397705078,68.28775024414062,identifier,err
-34.10077667236328,113.12561798095703,:=,:=
57.99177551269531,-14.561934471130371,identifier,xmpp
65.07360076904297,71.5791015625,.,.
36.60182571411133,-18.798559188842773,identifier,NewClient
-14.626070022583008,-8.13911247253418,(,(
95.17145538330078,-63.88685607910156,identifier,host
-89.41908264160156,73.0199966430664,",",","
73.20582580566406,-53.89394760131836,identifier,senderID
-90.56787109375,71.92147827148438,",",","
71.63774108886719,-45.67464065551758,identifier,apiKey
-90.74739074707031,71.7272720336914,",",","
58.391597747802734,17.04337501525879,identifier,debug
-74.07637786865234,-17.655263900756836,),)
-173.97433471679688,3.9463884830474854,if,if
131.6844482421875,56.205345153808594,identifier,err
12.163054466247559,106.575927734375,!=,!=
-93.76100158691406,-94.19296264648438,{,{
-67.36167907714844,-168.41677856445312,return,return
-139.9702606201172,72.58312225341797,",",","
143.7710723876953,50.514244079589844,identifier,err
-129.62118530273438,-42.88121795654297,},}
-168.04959106445312,0.5538545250892639,if,if
58.41802978515625,17.170671463012695,identifier,debug
-83.79783630371094,-89.46063232421875,{,{
51.22808837890625,23.8863582611084,identifier,log
48.91289520263672,31.517736434936523,.,.
34.750450134277344,27.225622177124023,identifier,Printf
19.024656295776367,26.33804702758789,(,(
14.972785949707031,155.31056213378906,"""",""""
-16.61088752746582,205.23046875,"""",""""
-73.52328491210938,76.29866027832031,",",","
118.71561431884766,-8.732503890991211,identifier,c
-86.78831481933594,-9.150627136230469,),)
-124.20738220214844,-40.077789306640625,},}
-79.78475952148438,-159.97032165527344,return,return
47.572906494140625,-43.21609115600586,identifier,Conn
-61.89070129394531,-67.09276580810547,{,{
95.99100494384766,-64.23143768310547,identifier,Host
95.47471618652344,-64.0009536743164,identifier,host
-108.26473236083984,52.73869705200195,",",","
72.48924255371094,-53.541568756103516,identifier,SenderID
73.00033569335938,-53.842350006103516,identifier,senderID
-106.47293853759766,52.641273498535156,",",","
58.31998825073242,16.910293579101562,identifier,debug
58.47126007080078,17.05910873413086,identifier,debug
-104.69398498535156,53.10930633544922,",",","
57.99372100830078,-14.713423728942871,identifier,xmppConn
118.34127044677734,-8.985276222229004,identifier,c
-105.86912536621094,42.80543899536133,",",","
-105.08830261230469,-30.399934768676758,},}
-134.55628967285156,80.10648345947266,",",","
-150.8716583251953,-91.18891143798828,},}
58.2716178894043,-143.13510131835938,func,func
35.502174377441406,-169.2895965576172,(,(
137.40858459472656,10.628548622131348,identifier,c
38.466400146484375,-38.62913131713867,identifier,Client
1.3821699619293213,-206.097412109375,),)
46.384986877441406,-24.734224319458008,identifier,Search
-21.808713912963867,-42.873775482177734,(,(
73.32795715332031,-63.97215270996094,identifier,term
22.80501365661621,-87.82965850830078,identifier,string
-13.339960098266602,-138.4484100341797,),)
-2.493673086166382,-154.89492797851562,(,(
52.43545150756836,-34.38065719604492,identifier,RantModel
-122.86405944824219,89.1770248413086,",",","
-2.6805806159973145,-107.08085632324219,identifier,error
-18.191770553588867,-111.31147766113281,),)
-39.098175048828125,-105.13261413574219,{,{
42.36589813232422,6.315696716308594,identifier,url
-47.976531982421875,126.08354187011719,:=,:=
25.693622589111328,46.55872344970703,identifier,fmt
39.44065475463867,49.300201416015625,.,.
24.57582664489746,38.77486038208008,identifier,Sprintf
18.06053352355957,34.85271072387695,(,(
60.402679443359375,-21.12118148803711,identifier,SEARCH_PATH
-89.03097534179688,76.02071380615234,",",","
58.048099517822266,3.7272558212280273,identifier,API
-89.37826538085938,75.76856994628906,",",","
73.33393859863281,-63.990482330322266,identifier,term
-89.91487121582031,74.97223663330078,",",","
60.99199295043945,-20.336240768432617,identifier,APP_VERSION
-71.32666778564453,-21.955608367919922,),)
105.41694641113281,-1.5468493700027466,identifier,res
-66.20800018310547,120.6791763305664,",",","
131.812744140625,68.8642578125,identifier,err
-33.59502410888672,113.46099853515625,:=,:=
15.308897972106934,-35.941734313964844,identifier,http
56.2702522277832,59.721500396728516,.,.
-3.5444302558898926,-9.7198486328125,identifier,Get
-3.8479092121124268,-9.509355545043945,(,(
43.443912506103516,6.293111801147461,identifier,url
-71.5411605834961,-16.946556091308594,),)
-174.1088409423828,4.975465774536133,if,if
130.81629943847656,55.891395568847656,identifier,err
11.685182571411133,107.24162292480469,!=,!=
-93.9510726928711,-95.52835845947266,{,{
-66.79220581054688,-169.29071044921875,return,return
-140.29519653320312,71.828369140625,",",","
144.40516662597656,49.95016860961914,identifier,err
-130.10845947265625,-44.45830154418945,},}
109.20384979248047,-31.032114028930664,identifier,data
55.862789154052734,-27.182918548583984,identifier,SearchResponse
45.34930419921875,-10.46524429321289,identifier,json
49.66796112060547,57.70656204223633,.,.
33.24187088012695,-16.943359375,identifier,NewDecoder
-12.578453063964844,6.767919063568115,(,(
107.81607818603516,-1.983696460723877,identifier,res
64.41114044189453,103.56706237792969,.,.
68.04410552978516,-35.27265167236328,identifier,Body
-64.4852523803711,0.20100192725658417,),)
54.01533889770508,91.16908264160156,.,.
31.721189498901367,-15.672531127929688,identifier,Decode
-12.011213302612305,7.265852451324463,(,(
109.58893585205078,-30.897764205932617,identifier,data
-76.10200500488281,-15.750131607055664,),)
-170.7206573486328,1.1343495845794678,if,if
110.61750030517578,-30.451900482177734,identifier,data
65.7203598022461,105.37836456298828,.,.
41.3092155456543,14.459701538085938,identifier,Success
110.84889221191406,-30.383642196655273,identifier,data
65.6610336303711,105.30651092529297,.,.
40.2559814453125,15.360005378723145,identifier,Error
9.877156257629395,95.29045867919922,!=,!=
24.66360855102539,167.15989685058594,"""",""""
-0.6072239875793457,211.7040557861328,"""",""""
-89.94629669189453,-89.25578308105469,{,{
-69.916259765625,-167.52499389648438,return,return
-138.5596160888672,72.98499298095703,",",","
37.4517707824707,37.06304931640625,identifier,errors
40.69765090942383,43.73311233520508,.,.
28.673974990844727,26.94093894958496,identifier,New
24.281126022338867,26.874685287475586,(,(
110.90752410888672,-30.434829711914062,identifier,data
65.57707977294922,105.13796997070312,.,.
40.14543533325195,15.487894058227539,identifier,Error
-89.4412841796875,-10.005857467651367,),)
-124.8014144897461,-37.61957550048828,},}
-77.28492736816406,-157.76524353027344,return,return
110.77638244628906,-30.638500213623047,identifier,data
67.45885467529297,105.56034088134766,.,.
52.525089263916016,-34.3170280456543,identifier,Rants
-136.32794189453125,80.87765502929688,",",","
-153.2198486328125,-92.58467102050781,},}
71.34649658203125,-145.90765380859375,func,func
45.57177734375,-27.992877960205078,identifier,isCompatibleWithCluster
-29.127552032470703,-44.21379089355469,(,(
62.28185272216797,22.9280948638916,identifier,lg
48.81285095214844,21.251197814941406,identifier,zap
62.366493225097656,62.30572509765625,.,.
53.87343978881836,22.204599380493164,identifier,Logger
-108.92428588867188,101.75634002685547,",",","
93.76715087890625,11.252250671386719,identifier,cl
51.28864669799805,-36.12229537963867,identifier,membership
60.758995056152344,65.3184585571289,.,.
51.69515609741211,-35.204383850097656,identifier,RaftCluster
-108.49529266357422,98.26785278320312,",",","
79.33724975585938,-50.29512405395508,identifier,local
31.35887908935547,-47.074066162109375,identifier,types
54.87940979003906,65.83921813964844,.,.
68.76873016357422,-57.05954360961914,identifier,ID
-105.85284423828125,96.56396484375,",",","
113.8525390625,7.2195210456848145,identifier,rt
15.484758377075195,-38.303436279296875,identifier,http
58.949615478515625,60.8521842956543,.,.
40.84059524536133,-19.07795524597168,identifier,RoundTripper
-10.134712219238281,-133.82818603515625,),)
24.104917526245117,-78.9457015991211,identifier,bool
-41.513526916503906,-102.5339126586914,{,{
82.6480712890625,-11.822101593017578,identifier,vers
-45.25200653076172,122.43695831298828,:=,:=
49.631099700927734,-21.86661148071289,identifier,getVersions
-13.933457374572754,-3.557204484939575,(,(
62.293701171875,22.92902374267578,identifier,lg
-88.51183319091797,72.0948715209961,",",","
93.7740707397461,11.255626678466797,identifier,cl
-89.43474578857422,72.15723419189453,",",","
79.21443939208984,-49.617584228515625,identifier,local
-90.70571899414062,72.79370880126953,",",","
113.84501647949219,7.2117156982421875,identifier,rt
-72.50822448730469,-18.95514488220215,),)
95.11261749267578,-19.16464614868164,identifier,minV
-41.16865158081055,122.21212768554688,:=,:=
64.26746368408203,2.347691059112549,identifier,semver
61.640724182128906,75.94711303710938,.,.
36.32218551635742,-11.643173217773438,identifier,Must
-4.530401229858398,9.996319770812988,(,(
64.25245666503906,2.3352909088134766,identifier,semver
61.57826232910156,75.95337677001953,.,.
38.747928619384766,-14.209186553955078,identifier,NewVersion
-10.720648765563965,11.444805145263672,(,(
64.91028594970703,-0.289750874042511,identifier,version
59.07275390625,77.31159973144531,.,.
64.4898452758789,-24.023784637451172,identifier,MinClusterVersion
-70.14269256591797,-4.194556713104248,),)
-77.00138092041016,-22.656503677368164,),)
95.314208984375,-18.83841896057129,identifier,maxV
-40.802528381347656,121.82389068603516,:=,:=
64.16670989990234,2.2612569332122803,identifier,semver
61.57982635498047,76.35950469970703,.,.
36.32383346557617,-11.640576362609863,identifier,Must
-4.515153884887695,10.004156112670898,(,(
64.12655639648438,2.2165751457214355,identifier,semver
61.55040740966797,76.35420227050781,.,.
38.73037338256836,-14.110142707824707,identifier,NewVersion
-10.733201026916504,11.449430465698242,(,(
64.87521362304688,-0.34810739755630493,identifier,version
59.083473205566406,77.46504211425781,.,.
64.28504943847656,-1.4335103034973145,identifier,Version
-70.14769744873047,-4.1945624351501465,),)
-77.62992095947266,-22.441593170166016,),)
95.39762115478516,-18.547069549560547,identifier,maxV
-33.69314193725586,96.94677734375,=,=
64.09368133544922,2.2119009494781494,identifier,semver
62.50186538696289,67.98231506347656,.,.
64.24516296386719,-1.4807987213134766,identifier,Version
-62.91560745239258,-65.85209655761719,{,{
56.650123596191406,-62.47379684448242,identifier,Major
95.24095153808594,-17.461944580078125,identifier,maxV
62.416221618652344,101.61373901367188,.,.
56.62089157104492,-62.507476806640625,identifier,Major
-108.37310791015625,51.17929458618164,",",","
56.05043029785156,-63.082820892333984,identifier,Minor
95.22869110107422,-17.457304000854492,identifier,maxV
62.42847442626953,101.6016845703125,.,.
56.04958724975586,-63.08972930908203,identifier,Minor
-106.98667907714844,41.23588943481445,",",","
-104.31599426269531,-31.885536193847656,},}
-76.58827209472656,-160.68431091308594,return,return
50.453826904296875,-23.23713493347168,identifier,isCompatibleWithVers
-14.38223648071289,-1.002679467201233,(,(
62.2902946472168,22.92919921875,identifier,lg
-88.31161499023438,71.86602783203125,",",","
82.64927673339844,-11.826613426208496,identifier,vers
-93.7287368774414,68.36720275878906,",",","
79.21585083007812,-49.620452880859375,identifier,local
-94.11878967285156,68.9153823852539,",",","
93.66560363769531,-18.678091049194336,identifier,minV
-95.19673919677734,69.35433959960938,",",","
93.80459594726562,-18.547334671020508,identifier,maxV
-82.11893463134766,-11.87875747680664,),)
-148.49563598632812,-90.73716735839844,},}
58.574485778808594,-140.5863800048828,func,func
34.46726608276367,-167.6652374267578,(,(
137.2177276611328,7.065293312072754,identifier,r
32.238433837890625,-30.89435577392578,identifier,Request
-0.7194148898124695,-208.27859497070312,),)
43.37970733642578,-32.46672058105469,identifier,BaseUrl
-22.2491512298584,-39.27564239501953,(,(
-16.20977210998535,-144.02099609375,),)
42.2266731262207,3.6864519119262695,identifier,url
58.78885269165039,64.14215850830078,.,.
43.464622497558594,3.1112635135650635,identifier,URL
-42.21243667602539,-99.09349822998047,{,{
103.79116821289062,-67.65889739990234,identifier,scheme
-43.21880340576172,123.99915313720703,:=,:=
137.5276336669922,0.33282995223999023,identifier,r
76.34241485595703,101.06788635253906,.,.
43.90220642089844,3.6900205612182617,identifier,URL
59.614986419677734,92.4471435546875,.,.
103.83943176269531,-68.3048095703125,identifier,Scheme
-165.8745880126953,6.701414108276367,if,if
103.77904510498047,-67.19766998291016,identifier,scheme
3.7673847675323486,90.48729705810547,==,==
20.560134887695312,167.80804443359375,"""",""""
-3.716035842895508,212.88526916503906,"""",""""
-85.33000183105469,-98.1771469116211,{,{
103.8994140625,-66.95149993896484,identifier,scheme
-37.336280822753906,98.3265609741211,=,=
19.372467041015625,166.39556884765625,"""",""""
-5.897778034210205,212.80426025390625,"""",""""
-124.41759490966797,-48.55232620239258,},}
-165.28811645507812,3.274125814437866,if,if
103.80455017089844,-66.968505859375,identifier,scheme
3.74855637550354,90.5694351196289,==,==
20.48661994934082,167.55360412597656,"""",""""
-4.163794994354248,212.48301696777344,"""",""""
137.19012451171875,0.6687136292457581,identifier,r
75.66014862060547,100.37509155273438,.,.
50.853816986083984,-8.040528297424316,identifier,TLS
12.191052436828613,93.38790893554688,!=,!=
-84.395263671875,-96.78519439697266,{,{
103.9302978515625,-66.8080062866211,identifier,scheme
-37.337154388427734,98.30979919433594,=,=
19.44116973876953,166.31649780273438,"""",""""
-5.986785411834717,212.80189514160156,"""",""""
-124.8256607055664,-48.023216247558594,},}
99.28516387939453,-63.93834686279297,identifier,host
-41.93372344970703,123.89480590820312,:=,:=
137.1836395263672,0.46233227849006653,identifier,r
75.92676544189453,100.46658325195312,.,.
97.95652770996094,-64.02550506591797,identifier,Host
-167.8516082763672,5.886873722076416,if,if
-36.20098114013672,35.017723083496094,identifier,len
-25.76537322998047,26.422998428344727,(,(
99.50885772705078,-63.11177444458008,identifier,host
-73.7522964477539,13.463467597961426,),)
5.979118347167969,82.02774047851562,>,>
99.93065643310547,-63.07283020019531,identifier,host
-42.6976432800293,32.911861419677734,identifier,len
-25.319522857666016,22.545244216918945,(,(
99.8319320678711,-62.699058532714844,identifier,host
-74.2134780883789,10.768553733825684,),)
-1.206255555152893,86.56175231933594,==,==
-83.89152526855469,-91.80831909179688,{,{
100.30792999267578,-63.264827728271484,identifier,host
-35.14057159423828,96.34101104736328,=,=
100.20418548583984,-62.7902946472168,identifier,host
-42.46439743041992,33.0584716796875,identifier,len
-25.284467697143555,22.880544662475586,(,(
100.0035171508789,-62.59203338623047,identifier,host
-74.16463470458984,10.498982429504395,),)
-122.28268432617188,-40.1561279296875,},}
-80.08364868164062,-159.3880157470703,return,return
42.22743606567383,3.6961138248443604,identifier,url
58.66936111450195,64.2205581665039,.,.
43.49195098876953,3.164862632751465,identifier,URL
-62.51322555541992,-66.55793762207031,{,{
103.29462432861328,-68.19811248779297,identifier,Scheme
103.2041015625,-67.94768524169922,identifier,scheme
-108.36539459228516,52.32842254638672,",",","
97.84442901611328,-64.0094223022461,identifier,Host
98.74348449707031,-63.061458587646484,identifier,host
-106.30440521240234,42.15719985961914,",",","
-105.49434661865234,-30.6667537689209,},}
-151.190673828125,-87.94380950927734,},}
56.30337142944336,-142.4381561279297,func,func
37.68755340576172,-167.6488494873047,(,(
141.79164123535156,7.730761528015137,identifier,t
44.76873779296875,-37.23912811279297,identifier,Trie
0.16540321707725525,-206.25672912597656,),)
46.38158416748047,-27.265031814575195,identifier,FindRoutes
-24.434606552124023,-41.91301345825195,(,(
67.7574691772461,-50.66083908081055,identifier,httpMethod
-99.98873138427734,100.08489990234375,",",","
80.77873229980469,-66.72319030761719,identifier,path
23.67247200012207,-87.24276733398438,identifier,string
-13.42054271697998,-136.48162841796875,),)
59.351741790771484,-40.91238784790039,identifier,Match
-42.495849609375,-97.176025390625,{,{
80.18573760986328,31.520845413208008,identifier,context
-43.954078674316406,120.06477355957031,:=,:=
40.79072570800781,-17.4917049407959,identifier,newFindContext
-21.61586570739746,-9.757949829101562,(,(
-64.20256805419922,-22.403846740722656,),)
99.50120544433594,-26.413999557495117,identifier,matches
-50.1168327331543,120.10922241210938,:=,:=
59.36386489868164,-40.88607406616211,identifier,Match
-63.87297058105469,-60.565391540527344,{,{
-73.05655670166016,-46.15791320800781,},}
80.29474639892578,31.071712493896484,identifier,context
84.23408508300781,109.32611846923828,.,.
59.484886169433594,-33.02519989013672,identifier,matchFunc
-38.51311492919922,90.59168243408203,=,=
-10.412700653076172,-64.56188201904297,func,func
-12.70034122467041,-61.81672668457031,(,(
67.85194396972656,-50.642974853515625,identifier,httpMethod
-99.44598388671875,101.07510375976562,",",","
80.95053100585938,-66.83226776123047,identifier,path
24.88648796081543,-90.23703002929688,identifier,string
-111.45054626464844,95.7043228149414,",",","
117.11947631835938,-36.746849060058594,identifier,node
117.12847900390625,-36.824562072753906,identifier,node
-15.70120906829834,-127.64922332763672,),)
-47.49297332763672,-105.0695571899414,{,{
-162.0090789794922,1.284338116645813,if,if
117.23621368408203,-35.80332946777344,identifier,node
70.47428894042969,101.3089599609375,.,.
66.29877471923828,-29.001354217529297,identifier,HttpMethodToRoute
68.35966491699219,-50.55044937133789,identifier,httpMethod
11.103353500366211,94.6458511352539,!=,!=
-85.39698791503906,-92.6609878540039,{,{
99.44709014892578,-26.693866729736328,identifier,matches
-29.621723175048828,94.21620178222656,=,=
-24.6158504486084,54.71772766113281,identifier,append
-23.594079971313477,47.431278228759766,(,(
99.44160461425781,-26.786109924316406,identifier,matches
-76.49937438964844,59.53533935546875,",",","
59.35862350463867,-40.90155029296875,identifier,Match
-63.027130126953125,-67.01412963867188,{,{
44.09172058105469,-40.81509780883789,identifier,Route
117.26264190673828,-35.627403259277344,identifier,node
70.54661560058594,101.27535247802734,.,.
66.2789077758789,-28.99349021911621,identifier,HttpMethodToRoute
68.5534896850586,-50.501976013183594,identifier,httpMethod
-107.38279724121094,50.562259674072266,",",","
54.01830291748047,-22.502151489257812,identifier,Params
79.76322174072266,30.762123107910156,identifier,context
83.81324768066406,109.10392761230469,.,.
53.88199996948242,-22.255413055419922,identifier,paramsAsMap
-27.987852096557617,-9.2396240234375,(,(
-60.98796463012695,-9.941729545593262,),)
-105.34745025634766,40.736595153808594,",",","
-105.17965698242188,-29.052343368530273,},}
-104.82410430908203,39.73896789550781,",",","
-99.9061508178711,-29.21298599243164,),)
-120.15548706054688,-33.86788558959961,},}
-116.105224609375,-36.978660583496094,},}
146.1431427001953,0.06899844855070114,identifier,t
90.2833023071289,99.76028442382812,.,.
32.256103515625,-26.046186447143555,identifier,root
82.49341583251953,91.74960327148438,.,.
43.456966400146484,-16.351362228393555,identifier,find
-7.880397796630859,-1.429648995399475,(,(
68.15397644042969,-50.617835998535156,identifier,httpMethod
-91.4911880493164,68.12296295166016,",",","
81.36212921142578,-66.47639465332031,identifier,path
-94.07404327392578,67.3614273071289,",",","
79.48866271972656,31.053810119628906,identifier,context
-82.17922973632812,-14.780465126037598,),)
-75.79313659667969,-155.1007080078125,return,return
97.40522766113281,-27.488615036010742,identifier,matches
-149.3087921142578,-96.86076354980469,},}
69.90283203125,-142.7176513671875,func,func
44.34512710571289,-22.175844192504883,identifier,Form
-23.402639389038086,-47.12641143798828,(,(
84.07393646240234,-34.6586799621582,identifier,formStruct
-69.41730499267578,-56.50894546508789,{,{
-71.48685455322266,-53.181861877441406,},}
-105.87106323242188,101.7581558227539,",",","
78.54383850097656,-33.781063079833984,identifier,ifacePtr
-68.28804016113281,-55.72016525268555,{,{
-70.39598083496094,-52.38198471069336,},}
-11.799348831176758,-139.5563507080078,),)
55.099761962890625,-5.523120403289795,identifier,martini
63.391719818115234,65.29627990722656,.,.
25.507524490356445,-32.81771469116211,identifier,Handler
-44.88092041015625,-99.27709197998047,{,{
-82.73981475830078,-160.88018798828125,return,return
-9.474696159362793,-64.89392852783203,func,func
-12.888675689697266,-61.189300537109375,(,(
79.7861099243164,32.38760757446289,identifier,context
55.22260284423828,-5.548840522766113,identifier,martini
63.74625015258789,65.00920867919922,.,.
75.84806060791016,38.36632537841797,identifier,Context
-113.22265625,97.57075500488281,",",","
119.8824234008789,6.265822887420654,identifier,req
14.212156295776367,-37.75540542602539,identifier,http
59.91781234741211,59.99537658691406,.,.
31.041458129882812,-30.627805709838867,identifier,Request
-15.655816078186035,-128.6208038330078,),)
-46.709354400634766,-105.30535888671875,{,{
48.21090316772461,-17.718441009521484,identifier,ensureNotPointer
-17.449934005737305,-2.348912477493286,(,(
84.24958801269531,-34.32691955566406,identifier,formStruct
-72.41747283935547,-23.561861038208008,),)
84.30039978027344,-34.4590950012207,identifier,formStruct
-46.56356430053711,119.75605773925781,:=,:=
48.13876724243164,13.18263053894043,identifier,reflect
52.84181594848633,53.45741653442383,.,.
36.1041259765625,-15.158528327941895,identifier,New
-8.736512184143066,10.529502868652344,(,(
48.281036376953125,13.309120178222656,identifier,reflect
52.707763671875,53.38557815551758,.,.
48.53651809692383,-53.22489929199219,identifier,TypeOf
-12.549395561218262,16.19437026977539,(,(
84.27637481689453,-34.22894287109375,identifier,formStruct
-70.53153991699219,2.2252137660980225,),)
-76.20442199707031,-22.908145904541016,),)
97.21537780761719,18.2735538482666,identifier,errors
-48.52062225341797,117.82128143310547,:=,:=
40.610572814941406,-16.64924430847168,identifier,newErrors
-22.44137954711914,-9.624532699584961,(,(
-64.65629577636719,-23.316633224487305,),)
128.95848083496094,40.97226333618164,identifier,parseErr
-36.98365020751953,113.65617370605469,:=,:=
120.2327880859375,6.369847297668457,identifier,req
68.421142578125,94.78178405761719,.,.
44.90506362915039,-21.151477813720703,identifier,ParseForm
-25.23887062072754,-10.482629776000977,(,(
-63.25428009033203,-19.46047019958496,),)
-171.25390625,2.872004747390747,if,if
129.11032104492188,41.22482681274414,identifier,parseErr
10.852689743041992,103.5322494506836,!=,!=
-90.4410629272461,-91.54912567138672,{,{
97.17142486572266,18.068801879882812,identifier,errors
67.30982971191406,107.75607299804688,.,.
65.76020812988281,-20.276493072509766,identifier,Overall
57.38206481933594,-23.615171432495117,identifier,DeserializationError
-35.10696029663086,87.1339340209961,=,=
129.1513671875,41.28050994873047,identifier,parseErr
61.76850128173828,100.13345336914062,.,.
39.65976333618164,15.998891830444336,identifier,Error
-32.55727767944336,-9.842855453491211,(,(
-61.72977066040039,-13.103765487670898,),)
-123.59684753417969,-40.33229446411133,},}
49.73673629760742,-17.60858154296875,identifier,mapForm
-14.300990104675293,0.3534795939922333,(,(
84.45313262939453,-33.399314880371094,identifier,formStruct
-87.67926025390625,65.77252197265625,",",","
120.23576354980469,6.362656593322754,identifier,req
68.25135040283203,95.19388580322266,.,.
44.62867736816406,-21.525859832763672,identifier,Form
-92.651123046875,64.98334503173828,",",","
97.14080047607422,17.333784103393555,identifier,errors
-82.24031829833984,-17.68299674987793,),)
49.63998031616211,-17.781822204589844,identifier,validateAndMap
-14.303811073303223,0.2427019476890564,(,(
84.45530700683594,-33.36165237426758,identifier,formStruct
-88.01190948486328,65.68421173095703,",",","
79.24136352539062,31.53150749206543,identifier,context
-93.69043731689453,68.88795471191406,",",","
97.13813018798828,17.345165252685547,identifier,errors
-94.1493148803711,68.25912475585938,",",","
78.54683685302734,-33.77436447143555,identifier,ifacePtr
-82.82225036621094,-12.280695915222168,),)
-120.40071105957031,-31.61553192138672,},}
-150.43862915039062,-86.8348159790039,},}
58.87848663330078,-142.5948028564453,func,func
34.46561813354492,-169.19287109375,(,(
137.3462677001953,6.137367248535156,identifier,r
48.000911712646484,-36.27846908569336,identifier,ProtocolLXD
-0.720802903175354,-205.93312072753906,),)
47.7486572265625,-28.207744598388672,identifier,GetCertificateFingerprints
-24.039356231689453,-39.59683609008789,(,(
-15.598176002502441,-143.50112915039062,),)
-2.273000955581665,-155.2329864501953,(,(
17.69174575805664,-84.99639892578125,identifier,string
-122.65096282958984,87.41139221191406,",",","
-3.789529323577881,-106.64292907714844,identifier,error
-18.26312828063965,-109.9461669921875,),)
-37.689849853515625,-104.81246948242188,{,{
89.8717041015625,-35.7770881652832,identifier,certificates
-48.839298248291016,120.99939727783203,:=,:=
16.1059627532959,-85.9229965209961,identifier,string
-64.84236145019531,-59.45644760131836,{,{
-72.56856536865234,-46.349578857421875,},}
-79.56543731689453,133.2251739501953,identifier,_
-75.70973205566406,127.2441177368164,",",","
132.61634826660156,68.61540222167969,identifier,err
-32.8839111328125,113.33007049560547,:=,:=
138.76695251464844,1.862044095993042,identifier,r
89.8150405883789,95.7153549194336,.,.
46.1812629699707,-12.82448673248291,identifier,queryStruct
-9.318653106689453,-7.395727157592773,(,(
13.371172904968262,161.08071899414062,"""",""""
-10.746346473693848,206.6858673095703,"""",""""
-79.315673828125,76.36133575439453,",",","
14.360807418823242,164.37326049804688,"""",""""
-8.18140983581543,206.72413635253906,"""",""""
-80.3910903930664,77.79962921142578,",",","
-82.84970092773438,77.19417572021484,",",","
15.025115966796875,164.4642333984375,"""",""""
-7.632604122161865,206.72804260253906,"""",""""
-80.07646942138672,78.86576843261719,",",","
89.86746978759766,-35.79604721069336,identifier,certificates
-73.24348449707031,-15.959378242492676,),)
-174.66273498535156,4.98918342590332,if,if
130.4973907470703,56.23153305053711,identifier,err
11.403297424316406,107.34603118896484,!=,!=
-93.5842514038086,-95.60538482666016,{,{
-66.76014709472656,-169.2014617919922,return,return
-140.37417602539062,71.78353118896484,",",","
144.3477783203125,49.753562927246094,identifier,err
-130.02220153808594,-44.56516647338867,},}
95.34087371826172,-25.77210235595703,identifier,fingerprints
-50.09135437011719,118.96532440185547,:=,:=
15.783218383789062,-85.847412109375,identifier,string
-65.21857452392578,-59.986244201660156,{,{
-73.39118957519531,-47.286651611328125,},}
-152.96157836914062,22.65488624572754,for,for
-82.66133880615234,130.37216186523438,identifier,_
-77.8680191040039,125.50228118896484,",",","
94.48848724365234,-25.278356552124023,identifier,fingerprint
-33.50164794921875,124.48657989501953,:=,:=
89.85855102539062,-35.81059265136719,identifier,certificates
-72.36068725585938,-97.24575805664062,{,{
120.04595184326172,-39.90203094482422,identifier,fields
-38.39774703979492,120.63040161132812,:=,:=
15.074666023254395,-72.41365051269531,identifier,strings
44.638694763183594,53.22807312011719,.,.
19.84930992126465,-6.549907207489014,identifier,Split
-5.951204776763916,13.839224815368652,(,(
94.3547134399414,-25.194339752197266,identifier,fingerprint
-82.68993377685547,58.613868713378906,",",","
17.699983596801758,163.13758850097656,"""",""""
-7.990080833435059,211.0355682373047,"""",""""
-80.73783111572266,-20.670482635498047,),)
95.70305633544922,-25.90808868408203,identifier,fingerprints
-30.371416091918945,94.59464263916016,=,=
-25.12419891357422,53.83487319946289,identifier,append
-23.75251579284668,48.71357345581055,(,(
95.76578521728516,-26.068775177001953,identifier,fingerprints
-75.7187728881836,60.58726119995117,",",","
120.10807037353516,-39.8155632019043,identifier,fields
-41.73711013793945,32.33039474487305,identifier,len
-26.25045394897461,22.83449363708496,(,(
120.12168884277344,-39.796478271484375,identifier,fields
-72.68206787109375,11.244865417480469,),)
-84.22766876220703,-9.031842231750488,),)
-120.2049789428711,-36.9185905456543,},}
-77.40345764160156,-156.97996520996094,return,return
95.83255767822266,-26.522241592407227,identifier,fingerprints
-136.8844451904297,80.20037078857422,",",","
-152.71243286132812,-93.70895385742188,},}
69.56949615478516,-146.47979736328125,func,func
46.839805603027344,-29.677806854248047,identifier,ContainerConfigInsert
-25.214736938476562,-45.33402633666992,(,(
77.64379119873047,21.00337028503418,identifier,tx
45.31593704223633,-1.6171272993087769,identifier,sql
60.8946418762207,62.069026947021484,.,.
76.31278228759766,20.34339141845703,identifier,Tx
-108.89784240722656,101.0851058959961,",",","
71.01823425292969,-57.25657272338867,identifier,id
30.776958465576172,-83.58576965332031,identifier,int
-104.60323333740234,98.43802642822266,",",","
87.92418670654297,-40.633522033691406,identifier,config
16.77058219909668,-90.51534271240234,identifier,string
18.096885681152344,-86.8591079711914,identifier,string
-11.880104064941406,-134.7910614013672,),)
-4.190143585205078,-101.74661254882812,identifier,error
-37.8491096496582,-102.97765350341797,{,{
101.99052429199219,-14.882079124450684,identifier,str
-47.6302490234375,124.70841217041016,:=,:=
21.8222599029541,163.52752685546875,"""",""""
-5.752007961273193,214.9605712890625,"""",""""
89.89276123046875,3.3374273777008057,identifier,stmt
-66.62629699707031,121.73648834228516,",",","
132.53338623046875,69.21806335449219,identifier,err
-33.19399642944336,114.07350158691406,:=,:=
78.1181869506836,21.198740005493164,identifier,tx
71.64741516113281,83.94381713867188,.,.
-7.252842903137207,-10.464826583862305,identifier,Prepare
-7.632274627685547,-9.674633979797363,(,(
101.9892578125,-14.888590812683105,identifier,str
-71.48991394042969,-17.27791404724121,),)
-174.14181518554688,6.203442573547363,if,if
129.6277313232422,56.11914825439453,identifier,err
11.981766700744629,108.39613342285156,!=,!=
-93.8574447631836,-97.31253814697266,{,{
-64.99064636230469,-167.05325317382812,return,return
146.55335998535156,51.12263870239258,identifier,err
-130.96319580078125,-46.428001403808594,},}
89.86140441894531,3.3450167179107666,identifier,stmt
73.69466400146484,85.16636657714844,.,.
-17.14642333984375,-19.465904235839844,identifier,Close
-22.469205856323242,-16.278234481811523,(,(
-67.27217102050781,-25.129709243774414,),)
-154.93032836914062,22.752599716186523,for,for
135.10826110839844,-28.960956573486328,identifier,k
-76.72945404052734,123.11019897460938,",",","
121.37928771972656,-27.79163932800293,identifier,v
-35.240814208984375,125.3436279296875,:=,:=
87.96341705322266,-40.151268005371094,identifier,config
-70.73455810546875,-97.34478759765625,{,{
-160.55653381347656,0.23804055154323578,if,if
122.77153778076172,-28.31281089782715,identifier,v
2.473398208618164,89.34380340576172,==,==
21.85471534729004,166.1041717529297,"""",""""
-4.101891040802002,211.35113525390625,"""",""""
-89.3504409790039,-95.57156372070312,{,{
-132.7112579345703,-41.837703704833984,},}
-79.30986785888672,132.5841522216797,identifier,_
-75.6070556640625,128.0220947265625,",",","
132.17840576171875,66.22136688232422,identifier,err
-33.70478820800781,111.18743896484375,:=,:=
89.86730194091797,3.343925714492798,identifier,stmt
71.92353820800781,85.7384262084961,.,.
5.582456111907959,-13.148150444030762,identifier,Exec
-7.402215957641602,-5.546588897705078,(,(
71.32571411132812,-58.08418273925781,identifier,id
-88.00430297851562,68.85845947265625,",",","
132.93336486816406,-31.025537490844727,identifier,k
-94.71272277832031,70.49906158447266,",",","
123.21601867675781,-27.229501724243164,identifier,v
-75.57893371582031,-14.988343238830566,),)
-174.10618591308594,2.004955291748047,if,if
133.7449951171875,56.19197463989258,identifier,err
13.62197494506836,105.3831558227539,!=,!=
-91.1666488647461,-90.92552947998047,{,{
53.02210235595703,23.528995513916016,identifier,logger
48.87571334838867,30.789939880371094,.,.
36.287696838378906,25.999908447265625,identifier,Debugf
19.678478240966797,26.007261276245117,(,(
16.043317794799805,155.71609497070312,"""",""""
-12.916702270507812,211.34426879882812,"""",""""
-71.9501953125,76.63571166992188,",",","
132.71392822265625,-31.024517059326172,identifier,k
-96.08078002929688,72.83390808105469,",",","
123.16332244873047,-27.041748046875,identifier,v
-96.1170425415039,72.69059753417969,",",","
71.3204116821289,-58.71342086791992,identifier,id
-86.55103302001953,-13.877143859863281,),)
-68.31414794921875,-162.1897430419922,return,return
144.90672302246094,54.337982177734375,identifier,err
-125.76786041259766,-33.49321365356445,},}
-117.39855194091797,-35.33976364135742,},}
-70.97367858886719,-156.9051513671875,return,return
-149.9365234375,-92.94436645507812,},}
71.99808502197266,-145.2544403076172,func,func
42.08466720581055,-26.51453399658203,identifier,listDirs
-28.917499542236328,-45.898216247558594,(,(
82.50827026367188,-60.25059509277344,identifier,dir
22.804405212402344,-89.49142456054688,identifier,string
-13.671242713928223,-139.92442321777344,),)
-2.1255855560302734,-153.75340270996094,(,(
17.606918334960938,-84.937255859375,identifier,string
-120.92242431640625,87.10096740722656,",",","
-6.091472625732422,-102.96724700927734,identifier,error
-18.69984245300293,-112.93894958496094,),)
-41.51899719238281,-104.81864929199219,{,{
98.33941650390625,-32.619056701660156,identifier,dirs
16.552488327026367,-85.12557220458984,identifier,string
101.40690612792969,18.938249588012695,identifier,errs
-6.555495738983154,-102.63086700439453,identifier,error
136.5940704345703,66.16494750976562,identifier,err
-32.41472244262695,111.85313415527344,:=,:=
16.704954147338867,-70.94729614257812,identifier,filepath
50.540283203125,56.41438674926758,.,.
37.49100875854492,-22.252031326293945,identifier,Walk
-11.729236602783203,-5.980183124542236,(,(
82.49105072021484,-60.25545120239258,identifier,dir
-84.48014068603516,59.75811767578125,",",","
-11.286365509033203,-65.53299713134766,func,func
-12.910027503967285,-62.24412536621094,(,(
80.6897201538086,-65.02578735351562,identifier,path
24.658855438232422,-90.47521209716797,identifier,string
-111.50674438476562,95.71810913085938,",",","
115.97769165039062,-44.620704650878906,identifier,info
51.302223205566406,5.162657737731934,identifier,os
53.04131317138672,59.56391906738281,.,.
61.9312744140625,-13.9918794631958,identifier,FileInfo
-112.61112976074219,96.39244079589844,",",","
134.72718811035156,70.21508026123047,identifier,err
-9.568882942199707,-101.33185577392578,identifier,error
-16.478368759155273,-126.78339385986328,),)
-5.358412742614746,-99.12385559082031,identifier,error
-49.1454963684082,-104.20886993408203,{,{
-161.01329040527344,1.8423560857772827,if,if
131.0908966064453,57.09404373168945,identifier,err
10.492467880249023,106.30055236816406,!=,!=
-95.50585174560547,-94.96951293945312,{,{
101.82402038574219,18.380470275878906,identifier,errs
-29.4666748046875,95.97881317138672,=,=
-23.39871597290039,54.0256233215332,identifier,append
-21.846111297607422,49.08694839477539,(,(
101.90196990966797,18.386526107788086,identifier,errs
-73.89188385009766,59.59386444091797,",",","
143.05433654785156,48.83491134643555,identifier,err
-88.14022064208984,-6.974987030029297,),)
-63.80253982543945,-164.7590789794922,return,return
-131.04188537597656,-43.264286041259766,},}
-167.4208984375,1.5201340913772583,if,if
116.43155670166016,-44.496707916259766,identifier,info
65.65956115722656,92.93441772460938,.,.
56.44886016845703,-17.058687210083008,identifier,IsDir
-28.774398803710938,-15.046836853027344,(,(
-57.675453186035156,-13.11124038696289,),)
-85.2850112915039,-91.44683074951172,{,{
98.7957763671875,-32.26995086669922,identifier,dirs
-30.335691452026367,94.90266418457031,=,=
-24.295303344726562,53.752281188964844,identifier,append
-23.005781173706055,48.9461555480957,(,(
98.76544952392578,-32.295066833496094,identifier,dirs
-75.3110580444336,60.61082077026367,",",","
82.31829833984375,-65.56574249267578,identifier,path
-84.12165832519531,-5.346357345581055,),)
-123.46599578857422,-41.939048767089844,},}
-70.45604705810547,-159.98480224609375,return,return
-115.16059112548828,-30.750158309936523,},}
-87.28119659423828,-20.282413482666016,),)
-171.84176635742188,-1.023476481437683,if,if
134.40887451171875,58.553287506103516,identifier,err
14.241567611694336,103.35427856445312,!=,!=
-91.6064453125,-89.95380401611328,{,{
102.00183868408203,18.52562713623047,identifier,errs
-29.84827995300293,95.7583236694336,=,=
-24.69968032836914,53.00709915161133,identifier,append
-22.817216873168945,49.84018325805664,(,(
102.06392669677734,18.58765411376953,identifier,errs
-74.09068298339844,60.69122314453125,",",","
141.6677703857422,52.27901840209961,identifier,err
-87.71167755126953,-8.734945297241211,),)
-125.74300384521484,-37.74980163574219,},}
-77.38789367675781,-156.26385498046875,return,return
98.33006286621094,-32.47768783569336,identifier,dirs
-133.60369873046875,76.2942123413086,",",","
102.1976547241211,19.03276824951172,identifier,errs
-154.91207885742188,-93.96653747558594,},}
68.94563293457031,-145.70819091796875,func,func
46.29429244995117,-28.475679397583008,identifier,FindMachineByIdOrAddress
-26.72128677368164,-44.48617172241211,(,(
71.08729553222656,-57.05879592895508,identifier,id
23.132606506347656,-88.7100601196289,identifier,string
-104.1231918334961,100.53130340576172,",",","
77.72859954833984,-55.406402587890625,identifier,address
23.248191833496094,-86.28763580322266,identifier,string
-13.363072395324707,-137.24459838867188,),)
-2.8611631393432617,-155.49400329589844,(,(
53.84135818481445,-41.15510940551758,identifier,Machine
-123.60578155517578,89.6524887084961,",",","
-2.592532157897949,-106.4205551147461,identifier,error
-19.130626678466797,-110.26034545898438,),)
-39.24718475341797,-104.53636169433594,{,{
70.7911376953125,6.767226696014404,identifier,coll
-66.360595703125,121.53843688964844,",",","
133.08065795898438,69.11860656738281,identifier,err
-34.43059539794922,114.8934555053711,:=,:=
70.3742446899414,5.8636956214904785,identifier,collection
-24.695032119750977,-12.026484489440918,(,(
-63.636566162109375,-21.339805603027344,),)
-173.1999969482422,6.739963531494141,if,if
128.97154235839844,56.76187515258789,identifier,err
11.155609130859375,109.40025329589844,!=,!=
-93.91118621826172,-98.33755493164062,{,{
-63.451725006103516,-169.75308227539062,return,return
53.86669921875,-41.17176055908203,identifier,Machine
-60.68609619140625,-62.1591682434082,{,{
-74.78961944580078,-49.20534896850586,},}
-139.4959259033203,76.3941879272461,",",","
146.268310546875,49.74595642089844,identifier,err
-131.27711486816406,-47.6030158996582,},}
70.84781646728516,6.8947834968566895,identifier,coll
73.68810272216797,84.92150115966797,.,.
-17.27153968811035,-19.6490421295166,identifier,Close
-22.119234085083008,-16.320154190063477,(,(
-67.74441528320312,-25.36257553100586,),)
106.02102661132812,-11.238804817199707,identifier,result
53.91941833496094,-41.15941619873047,identifier,Machine
88.59457397460938,-0.693316638469696,identifier,query
-41.89698791503906,120.65168762207031,:=,:=
45.70166015625,-5.786472320556641,identifier,bson
50.42951202392578,61.27988052368164,.,.
53.07098388671875,-5.824141979217529,identifier,M
-65.27427673339844,-61.620208740234375,{,{
-74.01386260986328,-46.73955154418945,},}
-168.63873291015625,5.8375349044799805,if,if
71.98583984375,-58.17483139038086,identifier,id
9.614195823669434,93.13516998291016,!=,!=
23.329614639282227,168.45046997070312,"""",""""
-1.1798897981643677,209.8795928955078,"""",""""
-85.79209899902344,-95.4336166381836,{,{
88.93983459472656,-0.9098300337791443,identifier,query
11.19222640991211,160.95774841308594,"""",""""
-10.99033260345459,202.61692810058594,"""",""""
-35.131717681884766,88.1563949584961,=,=
71.96064758300781,-58.2889518737793,identifier,id
-118.96753692626953,-46.392765045166016,},}
-113.0475082397461,-49.25112533569336,else,else
-95.77335357666016,-84.30307006835938,{,{
89.0447769165039,-0.9794483780860901,identifier,query
11.29162311553955,160.9402313232422,"""",""""
-10.898366928100586,202.5668487548828,"""",""""
-35.16562271118164,88.09419250488281,=,=
77.79448699951172,-55.44873809814453,identifier,address
-120.48873901367188,-42.60677719116211,},}
135.2401580810547,63.552528381347656,identifier,err
-32.11266326904297,105.17432403564453,=,=
70.85130310058594,6.906883239746094,identifier,coll
71.8082275390625,85.90215301513672,.,.
43.944976806640625,-15.315424919128418,identifier,Find
-5.692378520965576,-3.8275814056396484,(,(
89.21589660644531,-1.1178797483444214,identifier,query
-63.80305099487305,-0.5698882341384888,),)
54.13600540161133,90.52458190917969,.,.
44.885189056396484,-15.245655059814453,identifier,One
-6.389082431793213,-3.9107506275177,(,(
106.97522735595703,-10.396988868713379,identifier,result
-76.59947204589844,-15.169563293457031,),)
-172.2676239013672,0.26095858216285706,if,if
134.9063720703125,58.2439079284668,identifier,err
-0.04840264469385147,91.22047424316406,==,==
53.79539108276367,-5.997135639190674,identifier,mgo
62.867950439453125,69.20205688476562,.,.
55.54765319824219,-15.319239616394043,identifier,ErrNotFound
-90.23307037353516,-88.17147827148438,{,{
137.1389617919922,60.07511520385742,identifier,err
-30.86988067626953,101.16641998291016,=,=
54.85838317871094,-15.419755935668945,identifier,ErrMachineNotFound
-127.86763763427734,-34.25768280029297,},}
-75.83999633789062,-157.8267364501953,return,return
107.3339614868164,-10.284590721130371,identifier,result
-136.91717529296875,77.82466888427734,",",","
143.2053680419922,55.25249099731445,identifier,err
-153.4029998779297,-94.87999725341797,},}
59.581878662109375,-143.7120361328125,func,func
33.60468673706055,-169.48394775390625,(,(
139.16793823242188,9.091166496276855,identifier,p
50.2440071105957,-28.753376007080078,identifier,GetResponseBodyForInterceptionParams
-3.006164312362671,-205.2985076904297,),)
39.16032791137695,-28.624942779541016,identifier,Do
-19.51512336730957,-44.00880432128906,(,(
81.49678039550781,35.52126693725586,identifier,ctx
78.13939666748047,39.57746124267578,identifier,context
73.80455017089844,42.79365539550781,.,.
76.4380111694336,39.29863357543945,identifier,Context
-17.83818817138672,-136.70913696289062,),)
-0.47508880496025085,-156.0106658935547,(,(
68.66793060302734,-35.87127685546875,identifier,body
29.662586212158203,-67.5660171508789,identifier,byte
-121.26331329345703,88.36224365234375,",",","
136.3503875732422,69.25609588623047,identifier,err
-9.093409538269043,-102.93437194824219,identifier,error
-16.25802993774414,-112.19017791748047,),)
-41.239620208740234,-107.02108764648438,{,{
105.54739379882812,-2.1031382083892822,identifier,res
55.92736053466797,-26.310775756835938,identifier,GetResponseBodyForInterceptionReturns
137.1206817626953,65.1631088256836,identifier,err
-33.162620544433594,104.82302856445312,=,=
56.389739990234375,-11.623309135437012,identifier,cdp
69.37702941894531,79.63390350341797,.,.
5.338531494140625,-13.093001365661621,identifier,Execute
-7.063460350036621,-7.061872482299805,(,(
82.51844024658203,36.43144989013672,identifier,ctx
-83.02950286865234,71.78160095214844,",",","
55.887168884277344,-25.965465545654297,identifier,CommandGetResponseBodyForInterception
-86.42314910888672,75.39778900146484,",",","
144.03076171875,5.870016098022461,identifier,p
-90.89659118652344,70.72618865966797,",",","
107.08515930175781,-1.5458831787109375,identifier,res
-73.74288177490234,-16.21683692932129,),)
-174.76715087890625,4.202165603637695,if,if
130.66006469726562,57.519927978515625,identifier,err
11.232624053955078,106.69058227539062,!=,!=
-93.55870819091797,-94.99825286865234,{,{
-66.59307861328125,-168.45396423339844,return,return
-140.7726593017578,70.73393249511719,",",","
144.80758666992188,50.85799026489258,identifier,err
-130.1630859375,-43.78904342651367,},}
99.68426513671875,-3.7204084396362305,identifier,dec
30.24143409729004,-67.52397918701172,identifier,byte
-169.4547119140625,5.444604873657227,if,if
107.38111114501953,-2.7249197959899902,identifier,res
65.3087387084961,103.03414154052734,.,.
43.938453674316406,-8.36104679107666,identifier,Base64encoded
-83.9816665649414,-90.3602066040039,{,{
99.7978515625,-3.901230573654175,identifier,dec
-67.93832397460938,117.2461929321289,",",","
134.41793823242188,65.62663269042969,identifier,err
-32.5294189453125,105.89104461669922,=,=
43.9402961730957,-8.349638938903809,identifier,base64
47.78226852416992,59.66191864013672,.,.
33.15253829956055,-14.780350685119629,identifier,StdEncoding
57.40487289428711,88.36228942871094,.,.
31.606103897094727,-15.147115707397461,identifier,DecodeString
-12.659849166870117,8.919763565063477,(,(
107.61485290527344,-2.906552791595459,identifier,res
65.15438842773438,103.1717758178711,.,.
68.17267608642578,-35.449581146240234,identifier,Body
-74.22716522216797,-12.009827613830566,),)
-175.14898681640625,1.1731653213500977,if,if
134.32379150390625,56.44615936279297,identifier,err
14.1572265625,105.70598602294922,!=,!=
-94.07752990722656,-90.8282699584961,{,{
-69.0966567993164,-167.05288696289062,return,return
-140.9975128173828,73.96715545654297,",",","
143.53427124023438,52.18050765991211,identifier,err
-130.11801147460938,-37.12051010131836,},}
-117.195068359375,-42.608642578125,},}
-111.95899963378906,-48.89463806152344,else,else
-94.7148208618164,-84.42533111572266,{,{
99.83328247070312,-3.9513723850250244,identifier,dec
-31.467548370361328,95.35413360595703,=,=
30.571836471557617,-67.8912582397461,identifier,byte
-18.403907775878906,17.163616180419922,(,(
107.7161636352539,-2.9862287044525146,identifier,res
65.08855438232422,103.3500747680664,.,.
68.22467041015625,-35.50337600708008,identifier,Body
-78.38394927978516,-9.274223327636719,),)
-124.350830078125,-36.69651794433594,},}
-76.2094955444336,-156.93701171875,return,return
99.9139404296875,-4.043948173522949,identifier,dec
-135.98324584960938,79.20999145507812,",",","
-152.5112762451172,-92.17042541503906,},}
59.71746826171875,-141.62811279296875,func,func
35.45375061035156,-169.83221435546875,(,(
141.0414581298828,11.529936790466309,identifier,m
47.244773864746094,-37.09445571899414,identifier,MongoDb
0.1682807058095932,-204.7318572998047,),)
52.76991653442383,-37.262481689453125,identifier,MailNotifier
-22.6978759765625,-41.845638275146484,(,(
84.6844711303711,24.133630752563477,identifier,ctxt
21.851795196533203,-87.6554183959961,identifier,string
-13.68474006652832,-137.97955322265625,),)
-2.0928709506988525,-154.93295288085938,(,(
56.01401901245117,9.782870292663574,identifier,models
55.84808349609375,68.17149353027344,.,.
53.34858703613281,-37.54397964477539,identifier,MailNotifier
-123.38825225830078,89.43560791015625,",",","
-3.4067435264587402,-106.65421295166016,identifier,error
-18.26700210571289,-110.67060852050781,),)
-38.414344787597656,-104.81927490234375,{,{
121.58671569824219,-9.683775901794434,identifier,c
-43.39982223510742,120.66059112548828,:=,:=
150.56532287597656,2.033003568649292,identifier,m
75.18347930908203,84.68202209472656,.,.
37.457340240478516,-30.77952766418457,identifier,Connect
-13.020793914794922,-8.068570137023926,(,(
56.01750564575195,9.783824920654297,identifier,models
54.831729888916016,69.85970306396484,.,.
60.224327087402344,-21.23149871826172,identifier,COLL_NAME_MAIL_NOTIFIER
-70.86463165283203,-22.43024253845215,),)
150.62086486816406,2.0105388164520264,identifier,m
75.03591918945312,84.7193832397461,.,.
-17.242877960205078,-19.599679946899414,identifier,Close
-21.513946533203125,-16.27898406982422,(,(
122.37215423583984,-8.21977424621582,identifier,c
-68.66759490966797,-25.156740188598633,),)
89.86929321289062,-29.631391525268555,identifier,notifier
56.02557373046875,9.77601146697998,identifier,models
55.6092529296875,68.61083221435547,.,.
53.46050262451172,-37.58523941040039,identifier,MailNotifier
-167.93324279785156,7.064389705657959,if,if
130.6404266357422,62.67218780517578,identifier,err
-29.66037368774414,112.4105453491211,:=,:=
123.1860580444336,-8.014822006225586,identifier,c
71.53897857666016,86.60430145263672,.,.
43.83079147338867,-15.364684104919434,identifier,Find
-5.404580116271973,-4.010788917541504,(,(
-64.21746826171875,0.44447001814842224,),)
54.60485076904297,90.82776641845703,.,.
45.36543273925781,-15.42626953125,identifier,All
-5.855953693389893,-4.078579902648926,(,(
89.956787109375,-29.624801635742188,identifier,notifier
-73.339599609375,-14.441147804260254,),)
132.91749572753906,54.96229934692383,identifier,err
11.398834228515625,105.1504898071289,!=,!=
-38.04405975341797,35.142635345458984,identifier,len
-26.45309066772461,25.70045280456543,(,(
89.97132873535156,-29.62196922302246,identifier,notifier
-73.47712707519531,14.731717109680176,),)
3.1101443767547607,86.60478973388672,==,==
-86.66104888916016,-90.27196502685547,{,{
52.96501541137695,23.5585880279541,identifier,logger
49.015769958496094,30.79632568359375,.,.
39.332401275634766,-10.801908493041992,identifier,Get
-42.39099884033203,-9.874391555786133,(,(
-42.54216384887695,-9.862879753112793,),)
46.65435791015625,30.024795532226562,.,.
39.30319595336914,16.19130516052246,identifier,Error
19.720979690551758,26.733016967773438,(,(
16.95827865600586,155.5328826904297,"""",""""
-13.255982398986816,211.07884216308594,"""",""""
-72.76197814941406,76.35576629638672,",",","
84.68687438964844,24.1278133392334,identifier,ctxt
-95.07115936279297,73.35697937011719,",",","
140.82376098632812,51.09297561645508,identifier,err
-86.57909393310547,-14.644126892089844,),)
-77.93975067138672,-160.5712432861328,return,return
56.023616790771484,9.782672882080078,identifier,models
55.457847595214844,68.63372039794922,.,.
53.35691452026367,-37.5333137512207,identifier,MailNotifier
-61.8106803894043,-61.76203155517578,{,{
-75.0707015991211,-49.91046905517578,},}
-137.31520080566406,74.44120788574219,",",","
54.680904388427734,-15.39479923248291,identifier,ErrMissingNotifier
-122.32207489013672,-36.139320373535156,},}
-111.60034942626953,-48.91095733642578,else,else
-94.40341186523438,-84.46292877197266,{,{
-76.9906234741211,-159.0626678466797,return,return
89.99684143066406,-29.606386184692383,identifier,notifier
-136.213623046875,78.1329574584961,",",","
-121.22907257080078,-30.37518882751465,},}
-150.36900329589844,-87.25920867919922,},}
59.560062408447266,-139.90341186523438,func,func
34.429718017578125,-168.68287658691406,(,(
141.52223205566406,5.959105491638184,identifier,g
48.295406341552734,-37.92953872680664,identifier,Guest
1.1334677934646606,-207.59112548828125,),)
39.46893310546875,-26.275127410888672,identifier,Logout
-21.300010681152344,-39.89651870727539,(,(
-16.26321029663086,-144.61660766601562,),)
-3.304537773132324,-101.04971313476562,identifier,error
-38.12986373901367,-101.73094940185547,{,{
86.83995819091797,-11.627615928649902,identifier,jobHandle
196.76417541503906,51.86869430541992,identifier,C
204.97093200683594,47.95230484008789,.,.
58.957393646240234,-17.016645431518555,identifier,VixHandle
-41.07588577270508,90.53436279296875,=,=
196.30531311035156,54.0199089050293,identifier,C
205.40406799316406,49.55794143676758,.,.
59.70331954956055,-18.592330932617188,identifier,VIX_INVALID_HANDLE
139.11322021484375,67.64593505859375,identifier,err
196.32090759277344,52.129302978515625,identifier,C
205.0669403076172,48.41660690307617,.,.
58.98063278198242,-17.411197662353516,identifier,VixError
-41.231712341308594,90.86077880859375,=,=
195.83987426757812,54.7021484375,identifier,C
205.25372314453125,50.0343017578125,.,.
60.41380310058594,-18.283632278442383,identifier,VIX_OK
86.8315200805664,-11.641765594482422,identifier,jobHandle
-34.15437316894531,99.82182312011719,=,=
196.3854217529297,55.77088165283203,identifier,C
206.53482055664062,49.218505859375,.,.
58.320369720458984,-20.596303939819336,identifier,VixVM_LogoutFromGuest
-12.904495239257812,-1.792168140411377,(,(
141.7628936767578,5.327146053314209,identifier,g
89.95686340332031,101.62499237060547,.,.
66.28170776367188,-5.991440296173096,identifier,handle
-86.20514678955078,71.3409194946289,",",","
-83.80540466308594,77.01908111572266,",",","
-74.02312469482422,-20.565563201904297,),)
196.9060821533203,56.329689025878906,identifier,C
206.60693359375,49.869468688964844,.,.
57.97636032104492,-19.38540267944336,identifier,Vix_ReleaseHandle
-8.688433647155762,3.6298375129699707,(,(
87.38174438476562,-11.852941513061523,identifier,jobHandle
-76.63771057128906,-19.230072021484375,),)
135.18801879882812,63.52581024169922,identifier,err
-32.47135543823242,104.66426086425781,=,=
197.22909545898438,56.314300537109375,identifier,C
207.2425537109375,49.338768005371094,.,.
57.10375213623047,-19.510149002075195,identifier,vix_job_wait
-10.722506523132324,-1.8749970197677612,(,(
87.42847442626953,-11.875542640686035,identifier,jobHandle
-76.62744140625,-18.462003707885742,),)
-170.71014404296875,0.7317749857902527,if,if
197.87754821777344,57.32317352294922,identifier,C
205.55043029785156,51.71842956542969,.,.
60.98485565185547,-17.24313735961914,identifier,VIX_OK
10.938217163085938,98.25603485107422,!=,!=
137.58151245117188,49.16292190551758,identifier,err
-88.69159698486328,-91.34810638427734,{,{
-69.19181823730469,-163.652587890625,return,return
38.22663497924805,14.77804946899414,identifier,Error
-63.140132904052734,-67.99503326416016,{,{
54.014949798583984,-50.2457275390625,identifier,Operation
20.38976287841797,159.028564453125,"""",""""
-10.961385726928711,213.29576110839844,"""",""""
-108.88209533691406,48.35441207885742,",",","
59.508209228515625,-54.16022491455078,identifier,Code
36.23513412475586,-81.2019271850586,identifier,int
-18.763641357421875,14.88630485534668,(,(
137.78712463378906,51.28367614746094,identifier,err
-76.89163208007812,1.792417287826538,),)
-107.22722625732422,49.12152099609375,",",","
56.009395599365234,-54.15959930419922,identifier,Text
197.1114044189453,58.42782211303711,identifier,C
208.53623962402344,51.652732849121094,.,.
30.026268005371094,-6.035308361053467,identifier,GoString
-14.425004959106445,11.080403327941895,(,(
196.4657440185547,57.49555587768555,identifier,C
206.974853515625,51.12736511230469,.,.
57.671321868896484,-18.649415969848633,identifier,Vix_GetErrorText
-18.85179328918457,-0.16972297430038452,(,(
138.52882385253906,52.14851760864258,identifier,err
-86.50839233398438,61.72266387939453,",",","
-75.14772033691406,-3.0355913639068604,),)
-78.61641693115234,-2.908172845840454,),)
-106.35852813720703,40.0869255065918,",",","
-106.6969223022461,-30.239126205444336,},}
-116.17208862304688,-34.923309326171875,},}
-71.72590637207031,-156.6554412841797,return,return
-150.37322998046875,-94.05365753173828,},}
59.00202560424805,-139.9291534423828,func,func
34.737213134765625,-168.25210571289062,(,(
139.91493225097656,10.251507759094238,identifier,v
48.65232467651367,-39.119937896728516,identifier,VM
0.8479867577552795,-208.15109252929688,),)
48.54025650024414,-30.000200271606445,identifier,MemorySize
-22.460912704467773,-39.39357376098633,(,(
-15.646388053894043,-144.1605987548828,),)
-3.2991998195648193,-154.41567993164062,(,(
32.25719451904297,-78.86531829833984,identifier,uint
-121.74859619140625,87.01554107666016,",",","
-4.356712341308594,-105.31604766845703,identifier,error
-18.764793395996094,-111.86245727539062,),)
-40.106903076171875,-104.32308959960938,{,{
139.2241973876953,67.65902709960938,identifier,err
196.71119689941406,52.196998596191406,identifier,C
205.44265747070312,48.094913482666016,.,.
58.82872772216797,-17.31487274169922,identifier,VixError
-41.24819564819336,90.76782989501953,=,=
196.51760864257812,54.2234992980957,identifier,C
204.97018432617188,49.66424560546875,.,.
60.15875244140625,-18.173046112060547,identifier,VIX_OK
88.55506134033203,-23.700897216796875,identifier,memsize
-45.21051788330078,125.34971618652344,:=,:=
196.5387725830078,54.93235778808594,identifier,C
205.89166259765625,49.471412658691406,.,.
60.13862991333008,-19.340923309326172,identifier,VIX_PROPERTY_NONE
138.11505126953125,64.60750579833984,identifier,err
-32.987239837646484,103.7152099609375,=,=
197.2099609375,55.466270446777344,identifier,C
207.10183715820312,48.35334014892578,.,.
48.734188079833984,-20.533287048339844,identifier,get_property
-10.56044864654541,-4.5911688804626465,(,(
141.64698791503906,3.483609199523926,identifier,v
90.11766052246094,101.36103820800781,.,.
66.2742691040039,-5.991558074951172,identifier,handle
-85.44307708740234,72.69991302490234,",",","
194.94825744628906,55.89971923828125,identifier,C
206.05718994140625,50.53887176513672,.,.
59.40610122680664,-20.2633113861084,identifier,VIX_PROPERTY_VM_MEMORY_SIZE
-85.89994812011719,75.71063232421875,",",","
32.57383728027344,9.436141967773438,identifier,unsafe
46.606658935546875,49.110897064208984,.,.
30.845462799072266,5.337121963500977,identifier,Pointer
-15.341477394104004,19.402297973632812,(,(
87.70158386230469,-23.21207618713379,identifier,memsize
-70.98287200927734,2.8070898056030273,),)
-75.34973907470703,-20.728168487548828,),)
-170.00025939941406,1.9455448389053345,if,if
197.9671630859375,57.026912689208984,identifier,C
205.49493408203125,51.558170318603516,.,.
60.93772506713867,-17.295761108398438,identifier,VIX_OK
10.936016082763672,98.25785064697266,!=,!=
137.5611114501953,49.0853385925293,identifier,err
-88.5663833618164,-91.8366470336914,{,{
-71.26343536376953,-168.45553588867188,return,return
-137.31053161621094,72.42990112304688,",",","
38.252288818359375,14.817102432250977,identifier,Error
-63.42241287231445,-67.84815216064453,{,{
54.02363204956055,-50.294124603271484,identifier,Operation
20.40451431274414,158.90859985351562,"""",""""
-10.855093955993652,213.2141571044922,"""",""""
-108.8946533203125,48.372039794921875,",",","
59.47495651245117,-54.1624755859375,identifier,Code
36.22535705566406,-81.23403930664062,identifier,int
-18.722936630249023,14.878938674926758,(,(
137.72193908691406,51.183677673339844,identifier,err
-76.85171508789062,1.750102162361145,),)
-107.18695831298828,49.2508430480957,",",","
55.955875396728516,-54.142093658447266,identifier,Text
196.9593505859375,58.167030334472656,identifier,C
208.40200805664062,51.33720016479492,.,.
30.025680541992188,-6.036629676818848,identifier,GoString
-14.39798641204834,11.05088996887207,(,(
196.38955688476562,57.402313232421875,identifier,C
207.10568237304688,50.917118072509766,.,.
57.54674530029297,-18.681400299072266,identifier,Vix_GetErrorText
-18.809276580810547,-0.17634481191635132,(,(
138.51649475097656,52.13358688354492,identifier,err
-86.52095031738281,61.77031326293945,",",","
-75.1578598022461,-2.9677608013153076,),)
-78.54492950439453,-2.845268726348877,),)
-106.3047866821289,40.17301940917969,",",","
-106.77179718017578,-30.07868194580078,},}
-116.32684326171875,-35.56498336791992,},}
-77.74147033691406,-158.19775390625,return,return
32.933597564697266,-78.53997802734375,identifier,uint
-21.68733024597168,16.003116607666016,(,(
87.69894409179688,-23.184255599975586,identifier,memsize
-79.54308319091797,-8.215238571166992,),)
-135.14651489257812,78.82949829101562,",",","
-152.98326110839844,-90.52513122558594,},}
69.18029022216797,-143.11878967285156,func,func
40.997169494628906,-30.942476272583008,identifier,NewHandler
-25.577653884887695,-48.919471740722656,(,(
130.03933715820312,5.908707618713379,identifier,h
14.760790824890137,-38.391178131103516,identifier,http
60.05780029296875,61.053855895996094,.,.
25.067880630493164,-32.61676025390625,identifier,Handler
-107.15786743164062,101.5760498046875,",",","
52.910301208496094,19.904233932495117,identifier,logFunc
53.068092346191406,19.839313507080078,identifier,LogFunc
-15.532648086547852,-136.98915100097656,),)
15.087456703186035,-37.42372131347656,identifier,http
58.59593963623047,59.71076965332031,.,.
25.21007537841797,-32.553245544433594,identifier,Handler
-44.40251159667969,-99.36042785644531,{,{
-82.68241119384766,-160.84735107421875,return,return
14.527016639709473,-36.78121566772461,identifier,http
57.51665496826172,59.79410934448242,.,.
24.737075805664062,-31.61362648010254,identifier,HandlerFunc
-8.691312789916992,-3.791050910949707,(,(
-10.523569107055664,-65.1363296508789,func,func
-13.003763198852539,-61.52461624145508,(,(
124.6159439086914,-0.6163108944892883,identifier,w
14.301919937133789,-38.494693756103516,identifier,http
59.286834716796875,60.33589172363281,.,.
29.07773208618164,-27.762104034423828,identifier,ResponseWriter
-113.48292541503906,97.2898178100586,",",","
123.06600189208984,4.465237617492676,identifier,r
13.843706130981445,-37.88236618041992,identifier,http
59.95070266723633,60.01354217529297,.,.
31.03582191467285,-30.635665893554688,identifier,Request
-15.686572074890137,-128.57847595214844,),)
-46.888580322265625,-105.23664855957031,{,{
92.30823516845703,-6.644928932189941,identifier,mw
-45.09988784790039,119.29349517822266,:=,:=
61.60149002075195,-11.06258773803711,identifier,minifyResponseWriter
-60.175270080566406,-66.78358459472656,{,{
92.2582778930664,-6.630163192749023,identifier,mw
61.648555755615234,-11.01829719543457,identifier,minifier
65.7218017578125,73.05628204345703,.,.
29.04924774169922,-27.651609420776367,identifier,ResponseWriter
-13.54888916015625,3.2972841262817383,(,(
124.69682312011719,0.18682438135147095,identifier,w
-85.98749542236328,69.60970306396484,",",","
123.38011169433594,4.260735988616943,identifier,r
-69.30717468261719,-1.6576170921325684,),)
-105.19367218017578,50.22059631347656,",",","
124.35588836669922,0.025284303352236748,identifier,w
124.60354614257812,0.31074947118759155,identifier,w
-103.98585510253906,-35.05235290527344,},}
129.67922973632812,6.089940547943115,identifier,h
75.45193481445312,91.41067504882812,.,.
25.408954620361328,-29.486305236816406,identifier,ServeHTTP
-11.282882690429688,1.8873716592788696,(,(
93.28258514404297,-7.151777744293213,identifier,mw
-86.33321380615234,68.98178100585938,",",","
123.3923568725586,4.276315689086914,identifier,r
-75.09869384765625,-16.249195098876953,),)
-169.8804931640625,1.1224794387817383,if,if
131.58419799804688,62.5742073059082,identifier,err
-28.33370590209961,111.74395751953125,:=,:=
93.24574279785156,-7.130949020385742,identifier,mw
74.08464813232422,87.45985412597656,.,.
-16.87723731994629,-19.082286834716797,identifier,Close
-22.852811813354492,-15.676502227783203,(,(
-60.85536193847656,-15.582865715026855,),)
135.0181121826172,53.958133697509766,identifier,err
11.703516006469727,104.32942199707031,!=,!=
135.36761474609375,53.55256271362305,identifier,err
13.133868217468262,102.2372817993164,!=,!=
61.654422760009766,-11.016318321228027,identifier,minify
63.599361419677734,69.6745834350586,.,.
55.78145980834961,-15.2965726852417,identifier,ErrNotExist
51.99021530151367,20.550888061523438,identifier,logFunc
10.764211654663086,95.64008331298828,!=,!=
-88.86383056640625,-89.13346099853516,{,{
51.9232292175293,20.67255401611328,identifier,logFunc
14.878896713256836,24.18819808959961,(,(
16.55472183227539,157.4366912841797,"""",""""
-12.64063835144043,212.18594360351562,"""",""""
-72.90856170654297,75.13213348388672,",",","
124.05023193359375,4.524258136749268,identifier,r
67.94407653808594,95.59126281738281,.,.
44.045597076416016,3.9101040363311768,identifier,URL
59.62677001953125,91.64432525634766,.,.
34.581966400146484,-58.34098815917969,identifier,String
-31.006866455078125,-9.611867904663086,(,(
-60.198177337646484,-8.716145515441895,),)
-92.17636108398438,64.47238159179688,",",","
140.706787109375,52.55137252807617,identifier,err
-87.27116394042969,-10.599236488342285,),)
-123.86405181884766,-33.01485061645508,},}
-115.58882904052734,-31.583709716796875,},}
-87.7758560180664,-19.320697784423828,),)
-149.06829833984375,-88.3209457397461,},}
58.0018424987793,-140.66717529296875,func,func
36.66094207763672,-167.39122009277344,(,(
146.61279296875,5.288385391235352,identifier,st
42.128944396972656,-46.757972717285156,identifier,Stream
1.7269585132598877,-207.86985778808594,),)
44.7677001953125,-26.06584930419922,identifier,produceRanges
-27.220643997192383,-41.93560791015625,(,(
80.78986358642578,35.8542366027832,identifier,ctx
78.3639144897461,39.737857818603516,identifier,context
73.9078140258789,43.15042495727539,.,.
76.08992767333984,39.239234924316406,identifier,Context
-17.878883361816406,-135.80020141601562,),)
-44.79606628417969,-107.88953399658203,{,{
93.19298553466797,-35.91276931762695,identifier,splits
-48.01154708862305,121.02009582519531,:=,:=
147.03155517578125,4.223216533660889,identifier,st
89.53837585449219,100.19249725341797,.,.
47.69648742675781,-4.013747692108154,identifier,db
70.06166076660156,81.381591796875,.,.
52.33102798461914,-28.637226104736328,identifier,KeySplits
-13.45940113067627,-5.304668426513672,(,(
147.4300994873047,4.173801422119141,identifier,st
77.59491729736328,99.72357940673828,.,.
90.55150604248047,-58.535301208496094,identifier,Prefix
-70.12286376953125,-21.875932693481445,),)
94.90483093261719,-50.654396057128906,identifier,start
-45.30324935913086,123.75770568847656,:=,:=
76.45841979980469,10.001914024353027,identifier,y
65.54403686523438,81.83228302001953,.,.
29.247255325317383,-0.2251121699810028,identifier,SafeCopy
-1.08515202999115,8.696279525756836,(,(
-80.3547134399414,68.11219787597656,",",","
147.54603576660156,4.149631500244141,identifier,st
77.56527709960938,99.69268798828125,.,.
90.53781127929688,-58.56830596923828,identifier,Prefix
-70.55171966552734,-21.914085388183594,),)
-155.0429229736328,23.50065803527832,for,for
-82.08526611328125,129.47689819335938,identifier,_
-79.1751480102539,125.93834686279297,",",","
129.87437438964844,-33.50187301635742,identifier,key
-32.99104690551758,125.81549072265625,:=,:=
93.18670654296875,-35.920589447021484,identifier,splits
-71.34759521484375,-95.89027404785156,{,{
147.19424438476562,2.941779375076294,identifier,st
87.70655059814453,104.12837982177734,.,.
71.39166259765625,-12.518167495727539,identifier,rangeCh
60.6633186340332,-34.47738265991211,identifier,keyRange
-61.96967697143555,-69.20252990722656,{,{
75.11327362060547,-28.70864486694336,identifier,left
94.69205474853516,-52.49868392944336,identifier,start
-107.49217224121094,54.18790054321289,",",","
75.49846649169922,-28.661352157592773,identifier,right
76.46636199951172,9.999764442443848,identifier,y
65.5014877319336,81.84451293945312,.,.
29.224620819091797,-0.2196984440088272,identifier,SafeCopy
-1.1671921014785767,8.69470500946045,(,(
-80.03900909423828,68.36641693115234,",",","
30.865324020385742,-68.73889923095703,identifier,byte
-17.911256790161133,17.613780975341797,(,(
130.7310791015625,-32.79886245727539,identifier,key
-72.32311248779297,-1.019148588180542,),)
-83.11119079589844,-4.843591690063477,),)
-121.34722137451172,-43.107582092285156,},}
94.96724700927734,-51.29779815673828,identifier,start
-34.732826232910156,95.92124938964844,=,=
76.46902465820312,10.000685691833496,identifier,y
65.49396514892578,81.84393310546875,.,.
29.224042892456055,-0.22225457429885864,identifier,SafeCopy
-1.1545392274856567,8.697932243347168,(,(
-80.04280090332031,68.35247039794922,",",","
30.94989013671875,-68.64025115966797,identifier,byte
-17.978200912475586,17.50333595275879,(,(
130.82078552246094,-32.81978988647461,identifier,key
-72.56685638427734,-1.0359227657318115,),)
-82.84520721435547,-6.510922908782959,),)
-120.4383773803711,-39.87934112548828,},}
147.15988159179688,2.8741414546966553,identifier,st
87.5506820678711,104.17432403564453,.,.
71.40209197998047,-12.561561584472656,identifier,rangeCh
60.662086486816406,-34.48822784423828,identifier,keyRange
-62.0166015625,-69.31378936767578,{,{
75.03018188476562,-28.71992301940918,identifier,left
94.92549896240234,-52.51765060424805,identifier,start
-108.02818298339844,-35.36312484741211,},}
-17.73652458190918,-17.784591674804688,identifier,close
-18.22768783569336,-17.218494415283203,(,(
147.1416778564453,3.2344703674316406,identifier,st
87.25735473632812,104.04841613769531,.,.
71.40128326416016,-12.622614860534668,identifier,rangeCh
-83.45323181152344,-12.981568336486816,),)
-147.65272521972656,-88.8901138305664,},}
68.20570373535156,-143.1821746826172,func,func
40.0475959777832,-30.44828987121582,identifier,New
-24.16608238220215,-49.41718673706055,(,(
149.3621368408203,-17.328981399536133,identifier,opts
39.81776809692383,-35.71006774902344,identifier,Options
-17.440431594848633,-139.750244140625,),)
-2.9539988040924072,-153.56167602539062,(,(
58.7229118347168,-5.233409881591797,identifier,genny
62.01887512207031,65.46746063232422,.,.
41.9646110534668,-43.52354049682617,identifier,Generator
-123.0934066772461,90.44090270996094,",",","
-3.586583375930786,-105.3929214477539,identifier,error
-19.3294620513916,-111.27030181884766,),)
-39.732574462890625,-103.93743133544922,{,{
120.17256927490234,-6.196743011474609,identifier,g
-44.67622375488281,118.20418548583984,:=,:=
58.74858856201172,-5.7852582931518555,identifier,genny
62.9436149597168,72.35005950927734,.,.
37.14124298095703,-17.40514373779297,identifier,New
-20.07659339904785,-9.529813766479492,(,(
-63.233001708984375,-22.298654556274414,),)
-164.8719482421875,7.056132793426514,if,if
129.51611328125,62.75762939453125,identifier,err
-29.222328186035156,113.60066223144531,:=,:=
147.8861846923828,-16.616405487060547,identifier,opts
71.46598052978516,96.51756286621094,.,.
35.08270263671875,-27.17169761657715,identifier,Validate
-23.264245986938477,-5.886992454528809,(,(
-57.970211029052734,-15.516481399536133,),)
128.90415954589844,54.622440338134766,identifier,err
11.11307430267334,108.54937744140625,!=,!=
-93.24954223632812,-97.45024108886719,{,{
-64.18382263183594,-169.20828247070312,return,return
118.6201400756836,-5.057579517364502,identifier,g
-141.0745849609375,76.49591064453125,",",","
145.8469696044922,48.99989700317383,identifier,err
-130.1837158203125,-46.63706970214844,},}
108.3621826171875,-31.37749481201172,identifier,data
-47.74692916870117,120.09485626220703,:=,:=
15.821701049804688,-90.55451965332031,identifier,string
-68.19922637939453,-57.43107223510742,{,{
-70.92005920410156,-51.02633285522461,},}
-67.07495880126953,-59.23701477050781,{,{
10.914902687072754,159.5931396484375,"""",""""
-12.659031867980957,204.4393768310547,"""",""""
147.39212036132812,-17.386043548583984,identifier,opts
-103.97005462646484,42.2136116027832,",",","
-102.55498504638672,-33.2895393371582,},}
114.6130599975586,-14.944571495056152,identifier,t
-42.56352615356445,119.25250244140625,:=,:=
58.588134765625,-7.200155258178711,identifier,gogen
64.5628662109375,72.182861328125,.,.
32.341739654541016,-21.097021102905273,identifier,TemplateTransformer
-12.564085960388184,2.3395469188690186,(,(
107.47537994384766,-32.54861068725586,identifier,data
-87.68934631347656,67.1264419555664,",",","
32.85264587402344,-20.914749145507812,identifier,template
56.31884002685547,62.09626770019531,.,.
55.401676177978516,-21.98046112060547,identifier,FuncMap
-61.83800506591797,-58.92269515991211,{,{
-73.06493377685547,-49.63858413696289,},}
-77.66507720947266,-21.03383445739746,),)
120.51537322998047,-3.971583604812622,identifier,g
75.45475006103516,90.28388977050781,.,.
31.430124282836914,-21.39031982421875,identifier,Transformer
-11.55043888092041,2.8608598709106445,(,(
113.46585845947266,-13.0848970413208,identifier,t
-78.32124328613281,-19.75079917907715,),)
120.55274200439453,-3.903172731399536,identifier,g
75.42327117919922,89.99663543701172,.,.
35.98056411743164,-33.74574279785156,identifier,RunFn
-8.30439281463623,-3.5377438068389893,(,(
-11.222535133361816,-64.33392333984375,func,func
-13.826220512390137,-61.75510787963867,(,(
125.48026275634766,4.733555316925049,identifier,r
59.0498046875,-5.274994850158691,identifier,genny
62.361732482910156,67.34449005126953,.,.
36.439945220947266,-33.844852447509766,identifier,Runner
-17.383607864379883,-128.47439575195312,),)
-4.588813304901123,-99.32179260253906,identifier,error
-50.299522399902344,-103.82044219970703,{,{
-78.21223449707031,-166.04153442382812,return,return
52.9117431640625,-17.140256881713867,identifier,genFile
-13.87143611907959,-0.03800446167588234,(,(
125.22074127197266,4.672942161560059,identifier,r
-86.44306945800781,66.34929656982422,",",","
147.451416015625,-17.53413963317871,identifier,opts
-82.49349975585938,-10.561968803405762,),)
-114.33572387695312,-29.518064498901367,},}
-86.67069244384766,-19.51498794555664,),)
-74.95957946777344,-156.2064971923828,return,return
117.94737243652344,-6.254347801208496,identifier,g
-137.63604736328125,79.54881286621094,",",","
-152.06101989746094,-93.4726791381836,},}
69.61994934082031,-145.38050842285156,func,func
47.129798889160156,-28.828035354614258,identifier,GetDiskUsage
-26.3333683013916,-44.446205139160156,(,(
80.60922241210938,-64.30098724365234,identifier,path
23.1458797454834,-89.0033187866211,identifier,string
-13.536781311035156,-139.7920379638672,),)
-0.6059423089027405,-153.83949279785156,(,(
81.0919418334961,-27.709543228149414,identifier,percentBlocksFree
30.650976181030273,-77.6351089477539,identifier,float64
-119.30704498291016,90.18118286132812,",",","
78.98479461669922,-28.196117401123047,identifier,bytesFree
-100.01990509033203,95.34703063964844,",",","
78.8875961303711,-28.086729049682617,identifier,bytesUsed
31.008331298828125,-79.05381774902344,identifier,uint64
-119.55237579345703,88.27837371826172,",",","
136.80667114257812,69.24500274658203,identifier,err
-9.784806251525879,-102.63236999511719,identifier,error
-15.883294105529785,-112.79259490966797,),)
-41.429405212402344,-106.26997375488281,{,{
119.58042907714844,-48.575618743896484,identifier,stat
53.652183532714844,2.440904378890991,identifier,syscall
53.52338790893555,62.440765380859375,.,.
60.485443115234375,-14.731675148010254,identifier,Statfs_t
137.16835021972656,65.10973358154297,identifier,err
-33.29294204711914,104.66769409179688,=,=
53.64524841308594,2.423340320587158,identifier,syscall
53.28337478637695,62.190345764160156,.,.
60.54376220703125,-14.512918472290039,identifier,Statfs
-12.55736255645752,-5.1825690269470215,(,(
81.7574691772461,-64.3317642211914,identifier,path
-86.22528076171875,71.82762908935547,",",","
119.6766357421875,-48.46574020385742,identifier,stat
-72.38882446289062,-16.568439483642578,),)
-174.9300994873047,5.492148399353027,if,if
130.1463165283203,57.244285583496094,identifier,err
10.703730583190918,107.38729095458984,!=,!=
-93.37584686279297,-96.14042663574219,{,{
-66.89955139160156,-170.5509796142578,return,return
-134.4114532470703,70.04592895507812,",",","
-134.4689483642578,69.0373764038086,",",","
-134.62838745117188,68.78975677490234,",",","
144.25621032714844,49.28200149536133,identifier,err
-129.54098510742188,-44.92582321166992,},}
81.11819458007812,-27.575897216796875,identifier,percentBlocksFree
-37.54196548461914,94.70814514160156,=,=
32.113800048828125,-75.71114349365234,identifier,float64
-20.082414627075195,15.052821159362793,(,(
120.22976684570312,-47.58987808227539,identifier,stat
67.36595153808594,101.81868743896484,.,.
74.98590850830078,-18.3877010345459,identifier,Bfree
-66.99675750732422,4.679694175720215,),)
32.103485107421875,-75.68092346191406,identifier,float64
-20.122642517089844,14.892210006713867,(,(
120.40078735351562,-47.504310607910156,identifier,stat
67.5464096069336,102.01366424560547,.,.
75.83170318603516,-16.047500610351562,identifier,Blocks
-67.30135345458984,4.754996299743652,),)
78.9238052368164,-26.917190551757812,identifier,bytesFree
-37.09503936767578,94.81092834472656,=,=
120.31501770019531,-47.31870651245117,identifier,stat
67.18123626708984,102.63231658935547,.,.
75.09864044189453,-18.4067325592041,identifier,Bfree
34.18815612792969,-76.89083862304688,identifier,uint64
-20.39536476135254,14.336896896362305,(,(
120.77681732177734,-47.10871124267578,identifier,stat
67.4689712524414,102.50041961669922,.,.
75.64503479003906,-18.385284423828125,identifier,Bsize
-82.02484893798828,-19.911516189575195,),)
78.88195037841797,-27.045167922973633,identifier,bytesUsed
-36.99590301513672,94.82289123535156,=,=
-8.440946578979492,29.473400115966797,(,(
120.67174530029297,-47.06275939941406,identifier,stat
67.33058166503906,102.98127746582031,.,.
75.83506774902344,-16.061962127685547,identifier,Blocks
121.0787353515625,-46.82923889160156,identifier,stat
67.6765365600586,103.14517974853516,.,.
75.28474426269531,-18.377161026000977,identifier,Bfree
-66.19383239746094,4.655860900878906,),)
34.164546966552734,-76.85946655273438,identifier,uint64
-20.37289810180664,14.021852493286133,(,(
120.90066528320312,-46.91659164428711,identifier,stat
67.46595001220703,103.22813415527344,.,.
75.75528717041016,-18.37443733215332,identifier,Bsize
-82.36808013916016,-19.8009033203125,),)
-77.973876953125,-157.53013610839844,return,return
81.10263061523438,-27.604246139526367,identifier,percentBlocksFree
-132.391845703125,75.61426544189453,",",","
79.3681869506836,-27.93077850341797,identifier,bytesFree
-131.4549560546875,76.1167221069336,",",","
79.25223541259766,-27.847814559936523,identifier,bytesUsed
-132.84371948242188,78.88798522949219,",",","
-153.91574096679688,-91.22689819335938,},}
60.7376708984375,-142.1481475830078,func,func
33.18961715698242,-168.36802673339844,(,(
142.37576293945312,10.120165824890137,identifier,o
42.29989242553711,-36.89192581176758,identifier,KubernetesClientOptions
-2.765812635421753,-206.04296875,),)
35.75892639160156,-28.147592544555664,identifier,Validate
-19.702287673950195,-42.40999984741211,(,(
71.40705108642578,-34.287296295166016,identifier,dryRun
26.25554847717285,-81.26359558105469,identifier,bool
-14.799941062927246,-135.0641632080078,),)
-3.48726224899292,-102.0972900390625,identifier,error
-38.985511779785156,-102.88499450683594,{,{
-161.35421752929688,6.5652666091918945,if,if
71.40699768066406,-34.271453857421875,identifier,dryRun
144.57041931152344,-10.39564323425293,identifier,o
83.49427032470703,103.19573211669922,.,.
71.96442413330078,-27.926206588745117,identifier,masterURL
3.7596511840820312,89.68829345703125,==,==
22.08865737915039,167.2191162109375,"""",""""
-3.401111364364624,212.79299926757812,"""",""""
-88.54845428466797,-99.30848693847656,{,{
-63.538204193115234,-167.4841766357422,return,return
37.020668029785156,36.23448944091797,identifier,errors
40.3392219543457,43.323265075683594,.,.
28.367477416992188,26.680686950683594,identifier,New
24.645523071289062,27.7735652923584,(,(
20.189380645751953,155.28164672851562,"""",""""
-15.026348114013672,207.50384521484375,"""",""""
-92.25015258789062,-4.797269821166992,),)
-128.08938598632812,-47.627952575683594,},}
-165.17251586914062,2.1324028968811035,if,if
144.41664123535156,-10.30600357055664,identifier,o
83.25591278076172,103.3934326171875,.,.
71.95649719238281,-27.839426040649414,identifier,masterURL
10.299433708190918,93.67845153808594,!=,!=
23.147733688354492,167.8028106689453,"""",""""
-1.3925979137420654,210.60931396484375,"""",""""
-84.47516632080078,-96.00104522705078,{,{
-163.16107177734375,0.10719724744558334,if,if
-80.23279571533203,132.07044982910156,identifier,_
-76.34247589111328,128.47073364257812,",",","
130.90054321289062,66.61143493652344,identifier,err
-30.71684455871582,112.2116470336914,:=,:=
42.065460205078125,4.999464988708496,identifier,url
47.2017707824707,58.0250358581543,.,.
45.68362808227539,-20.560596466064453,identifier,ParseRequestURI
-11.929875373840332,8.788347244262695,(,(
143.896240234375,-10.472590446472168,identifier,o
82.50169372558594,103.73442077636719,.,.
71.98295593261719,-27.719980239868164,identifier,masterURL
-73.33202362060547,-10.872261047363281,),)
131.65716552734375,54.047298431396484,identifier,err
13.968724250793457,108.12784576416016,!=,!=
-94.97685241699219,-93.84378814697266,{,{
-66.89049530029297,-165.9461669921875,return,return
27.781169891357422,46.63793182373047,identifier,fmt
37.24638366699219,47.91143798828125,.,.
30.168046951293945,33.898494720458984,identifier,Errorf
21.05129051208496,29.26268768310547,(,(
17.630420684814453,154.39344787597656,"""",""""
-13.76098918914795,209.87039184570312,"""",""""
-73.6036605834961,77.13491821289062,",",","
143.67247009277344,-10.593711853027344,identifier,o
82.13328552246094,103.86029052734375,.,.
72.01478576660156,-27.64196014404297,identifier,masterURL
-87.85205841064453,-4.473428726196289,),)
-125.68099212646484,-41.60615158081055,},}
-118.07536315917969,-40.058868408203125,},}
-167.6265106201172,-1.468963861465454,if,if
144.2189483642578,-10.315661430358887,identifier,o
83.18806457519531,103.70304107666016,.,.
69.15972900390625,-17.619577407836914,identifier,kubeConfig
10.07502555847168,94.60126495361328,!=,!=
24.079771041870117,167.27926635742188,"""",""""
-0.8533898591995239,211.56407165527344,"""",""""
-86.25325012207031,-88.31013488769531,{,{
-163.9769287109375,-2.2581138610839844,if,if
-79.92058563232422,131.8209686279297,identifier,_
-76.1265869140625,128.75311279296875,",",","
132.165283203125,65.40399932861328,identifier,err
-30.513275146484375,111.24747467041016,:=,:=
50.332847595214844,5.466256618499756,identifier,os
52.12908172607422,58.670738220214844,.,.
60.492774963378906,-14.020979881286621,identifier,Stat
-5.524509429931641,2.1910746097564697,(,(
143.8528289794922,-10.537757873535156,identifier,o
83.01126861572266,103.92225646972656,.,.
69.16986846923828,-17.635459899902344,identifier,kubeConfig
-74.48624420166016,-10.95203971862793,),)
136.3961944580078,56.08394241333008,identifier,err
15.563255310058594,104.90672302246094,!=,!=
-94.59989166259766,-89.395751953125,{,{
-67.09146881103516,-164.54310607910156,return,return
144.67820739746094,54.03352737426758,identifier,err
-126.59141540527344,-33.68671798706055,},}
-118.30862426757812,-35.36168670654297,},}
-70.93627166748047,-157.3971710205078,return,return
-149.39505004882812,-93.3182601928711,},}
59.10643768310547,-143.27496337890625,func,func
34.93124008178711,-170.3365936279297,(,(
137.39178466796875,6.12321662902832,identifier,r
48.01542282104492,-36.2951545715332,identifier,ProtocolLXD
-0.5736040472984314,-205.53086853027344,),)
47.80141067504883,-29.352458953857422,identifier,UpdateContainerSnapshot
-25.381956100463867,-43.016075134277344,(,(
74.86572265625,-50.8411979675293,identifier,containerName
24.493724822998047,-88.73274993896484,identifier,string
-103.71350860595703,99.54651641845703,",",","
70.40521240234375,-62.28141784667969,identifier,name
25.19899559020996,-88.08771514892578,identifier,string
-103.71646881103516,97.3176498413086,",",","
76.13933563232422,-51.719093322753906,identifier,container
56.74242401123047,5.442683219909668,identifier,api
58.2484245300293,69.47193908691406,.,.
51.78844451904297,-29.297645568847656,identifier,ContainerSnapshotPut
-107.76799011230469,95.11429595947266,",",","
80.23338317871094,-35.99960708618164,identifier,ETag
24.558412551879883,-85.1926040649414,identifier,string
-10.464302062988281,-135.8582305908203,),)
-2.940577745437622,-157.80496215820312,(,(
53.89729309082031,-49.70905685424805,identifier,Operation
-124.50749206542969,88.17719268798828,",",","
-3.3256490230560303,-107.96814727783203,identifier,error
-17.54783058166504,-109.19601440429688,),)
-37.808189392089844,-107.32000732421875,{,{
-161.13360595703125,4.352330684661865,if,if
137.90194702148438,1.8964366912841797,identifier,r
89.61447143554688,94.02833557128906,.,.
14.974818229675293,-7.63755464553833,identifier,HasExtension
4.989840984344482,3.3678667545318604,(,(
9.337761878967285,162.162353515625,"""",""""
-11.195313453674316,205.15484619140625,"""",""""
-67.2393569946289,-8.036454200744629,),)
-89.7179183959961,-98.33434295654297,{,{
-65.78221130371094,-170.60903930664062,return,return
-138.77316284179688,70.9586181640625,",",","
29.257240295410156,45.31656265258789,identifier,fmt
37.03916931152344,46.17975616455078,.,.
29.341033935546875,33.46339797973633,identifier,Errorf
22.735057830810547,29.341938018798828,(,(
19.45206069946289,152.6564178466797,"""",""""
-18.81850242614746,206.54248046875,"""",""""
-90.98947143554688,-5.576723098754883,),)
-127.60755920410156,-45.63389587402344,},}
110.05670928955078,-7.729885578155518,identifier,op
-66.91851043701172,118.2697525024414,",",","
-80.68555450439453,133.1537322998047,identifier,_
-74.65795135498047,127.51643371582031,",",","
131.97218322753906,67.22046661376953,identifier,err
-34.34039306640625,112.22486877441406,:=,:=
138.9833526611328,2.5044937133789062,identifier,r
90.07469177246094,96.0075454711914,.,.
46.61994171142578,-13.187779426574707,identifier,queryOperation
-8.532209396362305,-6.905272960662842,(,(
13.404766082763672,160.3723907470703,"""",""""
-10.21586799621582,208.74423217773438,"""",""""
-76.97201538085938,75.48174285888672,",",","
25.98025131225586,45.078041076660156,identifier,fmt
38.14345169067383,49.94171142578125,.,.
23.62399673461914,38.38967514038086,identifier,Sprintf
19.288429260253906,35.056243896484375,(,(
12.94590950012207,158.0225830078125,"""",""""
-11.305191040039062,209.04754638671875,"""",""""
-75.5324478149414,76.1004409790039,",",","
41.44328308105469,5.3522772789001465,identifier,url
46.4823112487793,57.77840805053711,.,.
25.525394439697266,-7.046950340270996,identifier,QueryEscape
-14.504326820373535,15.31510066986084,(,(
74.96414184570312,-50.82776641845703,identifier,containerName
-71.99980926513672,0.48823094367980957,),)
-90.72655487060547,61.06077194213867,",",","
41.34416198730469,5.314490795135498,identifier,url
46.29373550415039,57.6779670715332,.,.
25.511686325073242,-6.992403984069824,identifier,QueryEscape
-14.623608589172363,15.306747436523438,(,(
69.1456527709961,-62.749717712402344,identifier,name
-72.77885437011719,0.14680586755275726,),)
-78.1087875366211,-0.6475144624710083,),)
-92.38665771484375,62.62992477416992,",",","
76.11321258544922,-51.70668029785156,identifier,container
-92.79029846191406,66.572021484375,",",","
80.24775695800781,-35.99211883544922,identifier,ETag
-78.18019104003906,-15.008072853088379,),)
-173.3430633544922,0.9523224830627441,if,if
134.10202026367188,57.37362289428711,identifier,err
13.177210807800293,104.26258850097656,!=,!=
-92.94548797607422,-89.28680419921875,{,{
-69.89693450927734,-165.97946166992188,return,return
-139.54348754882812,73.71859741210938,",",","
143.09840393066406,53.31642150878906,identifier,err
-127.6373291015625,-36.600425720214844,},}
-75.82182312011719,-157.29246520996094,return,return
110.10903930664062,-7.714547157287598,identifier,op
-136.77491760253906,78.98779296875,",",","
-151.5329132080078,-92.39073181152344,},}
69.96784973144531,-144.9141845703125,func,func
44.23246765136719,-30.145706176757812,identifier,SetCaps
-24.258316040039062,-45.462467193603516,(,(
80.61260986328125,-64.24905395507812,identifier,path
23.386943817138672,-89.33148956298828,identifier,string
-104.13882446289062,101.21719360351562,",",","
91.86772155761719,-38.76853942871094,identifier,caps
29.25387954711914,-68.48275756835938,identifier,byte
-105.58869171142578,98.6620864868164,",",","
68.36802673339844,-54.25819396972656,identifier,uid
31.168010711669922,-81.11686706542969,identifier,int64
-13.464752197265625,-134.5442657470703,),)
-3.840761184692383,-102.18357849121094,identifier,error
-38.52279281616211,-102.81289672851562,{,{
101.11380004882812,-18.119321823120117,identifier,cpath
-46.50818634033203,121.56730651855469,:=,:=
197.35476684570312,54.04302978515625,identifier,C
208.1014404296875,48.030982971191406,.,.
33.50191116333008,-6.200771808624268,identifier,CString
-12.796485900878906,19.47997283935547,(,(
81.8999252319336,-64.32427978515625,identifier,path
-68.459228515625,-19.361940383911133,),)
197.95578002929688,54.65352249145508,identifier,C
207.6368865966797,46.871063232421875,.,.
33.03021240234375,-2.654770612716675,identifier,free
-10.183484077453613,19.92703628540039,(,(
31.991989135742188,9.961864471435547,identifier,unsafe
46.26961898803711,48.391868591308594,.,.
30.29369354248047,5.270248889923096,identifier,Pointer
-14.650757789611816,18.495431900024414,(,(
101.45332336425781,-17.3857479095459,identifier,cpath
-69.53846740722656,3.0026984214782715,),)
-72.76874542236328,-24.558340072631836,),)
101.55387115478516,-18.685348510742188,identifier,ccaps
-46.6328239440918,120.64906311035156,:=,:=
196.2261199951172,55.46858596801758,identifier,C
208.3448486328125,47.151485443115234,.,.
33.49546813964844,-6.195485591888428,identifier,CString
-12.438446998596191,19.521482467651367,(,(
17.604991912841797,-79.63969421386719,identifier,string
-20.181663513183594,17.61233139038086,(,(
91.90986633300781,-38.79033279418945,identifier,caps
-70.4075698852539,4.077922821044922,),)
-75.24044036865234,-24.644750595092773,),)
196.0911102294922,56.129981994628906,identifier,C
208.54336547851562,46.86568832397461,.,.
33.03127670288086,-2.6491901874542236,identifier,free
-10.160325050354004,19.919076919555664,(,(
31.90472984313965,9.755157470703125,identifier,unsafe
46.0125732421875,48.50383377075195,.,.
30.43303108215332,5.6708502769470215,identifier,Pointer
-14.659196853637695,18.31998062133789,(,(
102.4551773071289,-18.177154541015625,identifier,ccaps
-70.3891830444336,3.6826844215393066,),)
-75.61189270019531,-23.882566452026367,),)
112.5212173461914,-9.95826244354248,identifier,r
-40.10491180419922,114.4551773071289,:=,:=
197.71044921875,55.8238410949707,identifier,C
207.72207641601562,49.0414924621582,.,.
56.523983001708984,-20.061006546020508,identifier,set_vfs_ns_caps
-11.915933609008789,-0.9382888674736023,(,(
102.26216125488281,-17.595243453979492,identifier,cpath
-89.91153717041016,68.00448608398438,",",","
102.46928405761719,-17.94022560119629,identifier,ccaps
-90.51518249511719,67.14484405517578,",",","
195.4320526123047,56.7865104675293,identifier,C
208.74752807617188,49.487545013427734,.,.
36.370330810546875,-76.9549331665039,identifier,ssize_t
-17.061573028564453,14.473082542419434,(,(
-41.2115364074707,34.66197204589844,identifier,len
-23.763547897338867,23.437429428100586,(,(
91.92796325683594,-38.78583526611328,identifier,caps
-71.7109146118164,10.270413398742676,),)
-78.43843078613281,0.6661611795425415,),)
-92.89271545410156,61.56501388549805,",",","
195.25311279296875,57.23396301269531,identifier,C
208.75701904296875,49.87325668334961,.,.
36.00114440917969,-77.00873565673828,identifier,uint32_t
-17.17113494873047,14.442497253417969,(,(
68.35828399658203,-54.25386428833008,identifier,uid
-74.48464965820312,1.2450240850448608,),)
-79.02445983886719,-15.482423782348633,),)
-172.69546508789062,-0.06930871307849884,if,if
112.62844848632812,-9.123539924621582,identifier,r
8.701377868652344,96.46101379394531,!=,!=
-90.92414855957031,-88.33580780029297,{,{
-68.1607894897461,-163.90435791015625,return,return
28.1331844329834,47.20293426513672,identifier,fmt
36.2861442565918,48.159629821777344,.,.
31.080259323120117,33.8450813293457,identifier,Errorf
20.537378311157227,29.72260284423828,(,(
18.220064163208008,155.85768127441406,"""",""""
-14.167876243591309,211.89910888671875,"""",""""
-72.20743560791016,75.80938720703125,",",","
82.15853881835938,-64.60052490234375,identifier,path
-87.18743896484375,-11.662154197692871,),)
-125.42234802246094,-36.131553649902344,},}
-71.32579803466797,-157.0614776611328,return,return
-149.92681884765625,-92.65503692626953,},}
59.54696273803711,-142.791748046875,func,func
34.81770324707031,-169.57777404785156,(,(
137.2549591064453,6.1208319664001465,identifier,r
48.02293395996094,-36.271759033203125,identifier,ProtocolLXD
-0.9488298892974854,-205.73080444335938,),)
47.975929260253906,-28.661130905151367,identifier,GetClusterMember
-25.144603729248047,-41.22941589355469,(,(
70.39815521240234,-62.29829025268555,identifier,name
23.685413360595703,-87.92693328857422,identifier,string
-12.88124942779541,-137.8242950439453,),)
-1.6033177375793457,-155.5157928466797,(,(
57.183109283447266,5.720335006713867,identifier,api
58.10770034790039,69.5191421508789,.,.
55.15332794189453,-37.679237365722656,identifier,ClusterMember
-122.23393249511719,89.30107879638672,",",","
20.157459259033203,-82.47872924804688,identifier,string
-120.1755142211914,87.01911926269531,",",","
-5.493308067321777,-107.57820892333984,identifier,error
-15.812726974487305,-110.61434936523438,),)
-37.73920440673828,-106.19190216064453,{,{
-160.91139221191406,5.054797172546387,if,if
137.96620178222656,1.6824123859405518,identifier,r
89.65585327148438,94.0060043334961,.,.
14.983296394348145,-7.649510383605957,identifier,HasExtension
4.988779067993164,3.370482921600342,(,(
9.311532020568848,162.1514129638672,"""",""""
-11.178582191467285,205.24441528320312,"""",""""
-67.29231262207031,-7.996682167053223,),)
-89.654052734375,-98.66534423828125,{,{
-65.174560546875,-170.3513946533203,return,return
-134.53994750976562,71.32679748535156,",",","
19.96414566040039,161.95692443847656,"""",""""
-10.77420711517334,215.47445678710938,"""",""""
-136.3026885986328,68.67167663574219,",",","
29.042110443115234,44.793373107910156,identifier,fmt
37.444183349609375,46.236751556396484,.,.
28.93067741394043,33.13322448730469,identifier,Errorf
22.758352279663086,28.97604751586914,(,(
19.65188217163086,152.53106689453125,"""",""""
-18.816566467285156,206.5244598388672,"""",""""
-91.01555633544922,-5.234877586364746,),)
-127.85289764404297,-46.26115036010742,},}
102.30045318603516,-22.309860229492188,identifier,member
-45.99622344970703,117.90624237060547,:=,:=
57.665775299072266,5.932638168334961,identifier,api
56.993751525878906,69.58998107910156,.,.
55.21845245361328,-37.64783477783203,identifier,ClusterMember
-61.6197624206543,-62.39659881591797,{,{
-74.2283706665039,-45.76601791381836,},}
80.88235473632812,-35.54280471801758,identifier,etag
-67.59950256347656,118.80323028564453,",",","
131.56398010253906,67.43944549560547,identifier,err
-34.8116455078125,112.60871124267578,:=,:=
138.93048095703125,2.48476243019104,identifier,r
90.26620483398438,95.78485870361328,.,.
46.27839660644531,-12.901509284973145,identifier,queryStruct
-9.043346405029297,-7.3141279220581055,(,(
13.06479263305664,160.45529174804688,"""",""""
-10.218000411987305,208.67489624023438,"""",""""
-76.75289154052734,75.47875213623047,",",","
26.035621643066406,45.039390563964844,identifier,fmt
38.0356330871582,49.81205368041992,.,.
23.63177490234375,38.19392776489258,identifier,Sprintf
19.181732177734375,34.67882537841797,(,(
12.97001838684082,158.0563201904297,"""",""""
-11.365909576416016,208.67959594726562,"""",""""
-75.12944793701172,76.90409851074219,",",","
69.1226806640625,-62.766231536865234,identifier,name
-71.33519744873047,-0.4784848988056183,),)
-90.35922241210938,60.286293029785156,",",","
-82.67648315429688,76.32075500488281,",",","
15.752696990966797,163.38673400878906,"""",""""
-8.023417472839355,208.74749755859375,"""",""""
-79.41424560546875,79.15335083007812,",",","
103.30023193359375,-22.01871681213379,identifier,member
-76.95999145507812,-15.481935501098633,),)
-173.58883666992188,1.6620948314666748,if,if
133.6636505126953,56.86626052856445,identifier,err
12.943955421447754,105.27355194091797,!=,!=
-93.0584716796875,-90.52140045166016,{,{
-69.9098129272461,-167.02957153320312,return,return
-134.44287109375,71.56417846679688,",",","
19.96955108642578,161.21885681152344,"""",""""
-9.750690460205078,214.9859619140625,"""",""""
-136.1510467529297,68.46705627441406,",",","
142.7224578857422,52.27928924560547,identifier,err
-127.76752471923828,-37.78047561645508,},}
-76.31214141845703,-158.61257934570312,return,return
103.29421997070312,-22.109241485595703,identifier,member
-132.89959716796875,75.60492706298828,",",","
80.81874084472656,-35.590572357177734,identifier,etag
-133.1852264404297,79.0175552368164,",",","
-153.78060913085938,-92.96918487548828,},}
72.27450561523438,-145.84495544433594,func,func
42.60281753540039,-29.13618278503418,identifier,initField
-27.986692428588867,-46.93295669555664,(,(
115.04269409179688,-28.897052764892578,identifier,val
47.46999740600586,12.302030563354492,identifier,reflect
55.11281204223633,54.31303787231445,.,.
43.4372444152832,-51.27027893066406,identifier,Value
-106.5765151977539,101.09788513183594,",",","
95.09737396240234,-44.82722091674805,identifier,index
33.324378967285156,-84.33389282226562,identifier,int
-14.383959770202637,-136.53009033203125,),)
48.09881591796875,12.014298439025879,identifier,reflect
55.766822814941406,54.97710037231445,.,.
43.9090461730957,-51.219120025634766,identifier,Value
-42.51449203491211,-99.47830200195312,{,{
-155.39488220214844,24.462066650390625,for,for
-82.08468627929688,128.5618133544922,identifier,_
-79.79156494140625,124.45368194580078,",",","
140.5687713623047,-34.79326629638672,identifier,i
-34.991127014160156,127.64484405517578,:=,:=
95.3663101196289,-44.266719818115234,identifier,index
-40.244964599609375,32.38730239868164,identifier,len
-24.259849548339844,24.267650604248047,(,(
95.5163803100586,-44.210479736328125,identifier,index
-72.08653259277344,12.463920593261719,),)
-72.08883666992188,-94.3565902709961,{,{
115.18267822265625,-27.517135620117188,identifier,val
-34.25831985473633,98.11624145507812,=,=
115.59278106689453,-28.121726989746094,identifier,val
67.00727844238281,89.93142700195312,.,.
40.34537887573242,-21.360519409179688,identifier,Field
-9.37253189086914,5.3091511726379395,(,(
137.14720153808594,-38.022056579589844,identifier,i
-71.8778076171875,-17.93521499633789,),)
-167.16958618164062,4.306289196014404,if,if
116.39027404785156,-27.383407592773438,identifier,val
65.67227935791016,89.3671875,.,.
46.15630340576172,-56.950157165527344,identifier,Kind
-33.98079299926758,-12.191167831420898,(,(
-55.593040466308594,-10.11212158203125,),)
-0.13721247017383575,86.281982421875,==,==
48.604209899902344,12.563015937805176,identifier,reflect
53.483882904052734,54.86539840698242,.,.
40.44443130493164,-2.7370545864105225,identifier,Ptr
-83.6457290649414,-94.00628662109375,{,{
-162.77500915527344,0.038068559020757675,if,if
116.43218231201172,-27.360977172851562,identifier,val
66.01863861083984,89.23645782470703,.,.
36.52021408081055,-8.463845252990723,identifier,IsNil
-29.65389633178711,-15.679262161254883,(,(
-57.607627868652344,-12.72294807434082,),)
-85.9176025390625,-92.30593872070312,{,{
115.8779067993164,-27.216981887817383,identifier,val
66.78627014160156,88.67255401611328,.,.
41.867454528808594,-10.665932655334473,identifier,Set
-8.047201156616211,7.284161567687988,(,(
48.5677490234375,12.837278366088867,identifier,reflect
53.234825134277344,53.570655822753906,.,.
36.153099060058594,-15.249621391296387,identifier,New
-9.061952590942383,10.330819129943848,(,(
116.58311462402344,-27.745159149169922,identifier,val
65.82514953613281,90.33467864990234,.,.
48.62397003173828,-53.345252990722656,identifier,Type
-32.90841293334961,-11.854011535644531,(,(
-56.48849868774414,-8.723289489746094,),)
58.65148162841797,89.51387023925781,.,.
17.49382781982422,-25.07267951965332,identifier,Elem
-31.887004852294922,-13.39634895324707,(,(
-59.67813491821289,-9.986329078674316,),)
-77.17585754394531,-2.579314708709717,),)
-84.00141906738281,-6.995935440063477,),)
-123.19074249267578,-42.363014221191406,},}
115.400146484375,-27.07597541809082,identifier,val
-34.048912048339844,96.16315460205078,=,=
116.31173706054688,-27.990480422973633,identifier,val
66.46688079833984,90.15430450439453,.,.
18.038312911987305,-25.108051300048828,identifier,Elem
-31.484783172607422,-14.082015037536621,(,(
-62.40300750732422,-12.732613563537598,),)
-120.43699645996094,-33.909183502197266,},}
-117.44036865234375,-37.135162353515625,},}
-79.06350708007812,-159.06097412109375,return,return
115.82032012939453,-28.187828063964844,identifier,val
67.48999786376953,89.57014465332031,.,.
40.24901580810547,-21.370878219604492,identifier,Field
-9.445916175842285,5.211647987365723,(,(
95.53191375732422,-44.57663345336914,identifier,index
-41.68294143676758,32.56563186645508,identifier,len
-26.13279914855957,22.448089599609375,(,(
95.63152313232422,-44.43242263793945,identifier,index
-72.955322265625,11.332555770874023,),)
-80.23091888427734,-11.633479118347168,),)
-147.21237182617188,-90.47452545166016,},}
57.419891357421875,-139.9500732421875,func,func
36.75635528564453,-166.0531768798828,(,(
136.49398803710938,7.083237171173096,identifier,r
44.98625183105469,-44.397151947021484,identifier,ResultSet
-2.1835780143737793,-208.43580627441406,),)
44.62910842895508,-25.616498947143555,identifier,Reduce
-21.28250503540039,-43.151493072509766,(,(
74.26506042480469,-41.5605354309082,identifier,interval
19.372474670410156,-56.606964111328125,identifier,time
59.13331604003906,54.10557556152344,.,.
25.663835525512695,-57.91427993774414,identifier,Duration
-14.915888786315918,-137.89044189453125,),)
45.045833587646484,-44.43572235107422,identifier,ResultSet
-42.4300422668457,-97.60135650634766,{,{
36.74989318847656,1.2824881076812744,identifier,sort
50.70711898803711,50.554046630859375,.,.
36.63528060913086,0.19833649694919586,identifier,Sort
-9.070345878601074,15.754664421081543,(,(
134.23944091796875,0.0025575433392077684,identifier,r
-68.19490814208984,-21.33884620666504,),)
94.85326385498047,-50.554710388183594,identifier,start
-44.918914794921875,123.91717529296875,:=,:=
134.83743286132812,-0.16492274403572083,identifier,r
58.28083419799805,94.16759490966797,.,.
40.29696273803711,-56.01057052612305,identifier,Timestamp
91.8889389038086,-48.935203552246094,identifier,end
-44.687862396240234,123.94862365722656,:=,:=
134.82301330566406,-0.20979203283786774,identifier,r
-40.67769241333008,32.086734771728516,identifier,len
-24.52873420715332,23.761308670043945,(,(
134.55552673339844,-0.29431459307670593,identifier,r
-72.47032928466797,12.493553161621094,),)
58.130130767822266,94.24011993408203,.,.
40.296722412109375,-56.011600494384766,identifier,Timestamp
86.92970275878906,-21.259313583374023,identifier,bucketCount
-44.36277770996094,125.07351684570312,:=,:=
50.49504470825195,-21.239036560058594,identifier,getBucketCount
-14.067575454711914,-2.5770795345306396,(,(
94.06744384765625,-52.315547943115234,identifier,start
-88.71621704101562,73.4824447631836,",",","
91.43724822998047,-49.022789001464844,identifier,end
-91.67194366455078,71.99158477783203,",",","
74.28392028808594,-41.61137771606445,identifier,interval
-73.32015991210938,-19.739927291870117,),)
94.02691650390625,-29.254409790039062,identifier,buckets
-49.53468322753906,119.14115905761719,:=,:=
-1.9500389099121094,45.68897247314453,identifier,make
-3.4270331859588623,42.072669982910156,(,(
45.0427131652832,-44.43973159790039,identifier,ResultSet
-115.23641204833984,81.34156799316406,",",","
85.54402923583984,-21.01119041442871,identifier,bucketCount
-75.57128143310547,-26.3446102142334,),)
-153.4838409423828,22.528919219970703,for,for
-82.16015625,130.25283813476562,identifier,_
-78.34138488769531,125.43566131591797,",",","
106.57694244384766,-11.813268661499023,identifier,result
-34.203094482421875,124.49828338623047,:=,:=
133.8811492919922,0.3859999477863312,identifier,r
-72.95563507080078,-96.59766387939453,{,{
90.04161071777344,-18.61516761779785,identifier,currentBucket
-39.53322219848633,119.83810424804688,:=,:=
50.63358688354492,-21.153011322021484,identifier,getBucketNumber
-14.004077911376953,-2.359344720840454,(,(
125.4430923461914,-29.499086380004883,identifier,result
65.26383972167969,101.35768127441406,.,.
40.30780792236328,-56.01358413696289,identifier,Timestamp
-88.94284057617188,68.59794616699219,",",","
94.11087799072266,-52.29093551635742,identifier,start
-93.01364135742188,71.06588745117188,",",","
91.44467163085938,-49.031044006347656,identifier,end
-93.12728881835938,70.85264587402344,",",","
74.27452850341797,-41.636268615722656,identifier,interval
-93.34691619873047,70.36849212646484,",",","
85.5840072631836,-20.993728637695312,identifier,bucketCount
-80.06150817871094,-19.643796920776367,),)
94.34725189208984,-29.16827964782715,identifier,buckets
91.0223617553711,-18.029096603393555,identifier,currentBucket
-31.098007202148438,89.8317642211914,=,=
-26.066205978393555,54.56769561767578,identifier,append
-24.71333122253418,48.72089385986328,(,(
94.40733337402344,-29.152389526367188,identifier,buckets
91.0344009399414,-18.018877029418945,identifier,currentBucket
-76.16345977783203,62.19025802612305,",",","
107.9343490600586,-11.319345474243164,identifier,result
-84.5132064819336,-11.02690601348877,),)
-120.10741424560547,-36.22552490234375,},}
-76.6992416381836,-155.0408172607422,return,return
95.87943267822266,-28.406925201416016,identifier,buckets
-148.87701416015625,-96.96839141845703,},}
68.33367156982422,-145.18099975585938,func,func
45.7932014465332,-29.772306442260742,identifier,NewTransactionResultResult
-25.93328094482422,-48.04117965698242,(,(
62.212215423583984,-54.13690185546875,identifier,code
59.13999938964844,-28.670122146606445,identifier,TransactionResultCode
-106.10472106933594,102.83413696289062,",",","
109.4269790649414,-38.37215042114258,identifier,value
-69.08982849121094,-55.77347183227539,{,{
-70.76181030273438,-52.964698791503906,},}
-11.76206111907959,-138.5894317626953,),)
-0.45724961161613464,-154.93914794921875,(,(
104.79171752929688,-11.641372680664062,identifier,result
58.89371109008789,-30.153331756591797,identifier,TransactionResultResult
-121.74942779541016,90.15013122558594,",",","
136.470458984375,69.90394592285156,identifier,err
-9.988885879516602,-102.84215545654297,identifier,error
-16.3613338470459,-113.06356048583984,),)
-40.55863571166992,-106.88494873046875,{,{
104.99046325683594,-9.915586471557617,identifier,result
71.74864959716797,107.28836822509766,.,.
60.92019271850586,-53.971397399902344,identifier,Code
-37.94154357910156,89.40524291992188,=,=
61.96812438964844,-53.63555145263672,identifier,code
59.42862319946289,-28.051071166992188,identifier,TransactionResultCode
-21.06197166442871,2.265380859375,(,(
61.99228286743164,-53.73760986328125,identifier,code
-56.73703384399414,-21.15831184387207,),)
-76.12300872802734,-85.69317626953125,{,{
-153.59567260742188,-8.952963829040527,case,case
59.411258697509766,-27.70864486694336,identifier,TransactionResultCodeTxSuccess
111.83010864257812,-23.63236427307129,identifier,tv
-68.57096099853516,120.0650405883789,",",","
116.6400375366211,52.76988983154297,identifier,ok
-31.445274353027344,119.13580322265625,:=,:=
111.6036605834961,-37.92581558227539,identifier,value
54.67280197143555,101.42596435546875,.,.
-5.301990985870361,35.397586822509766,(,(
60.24951934814453,-31.470849990844727,identifier,OperationResult
-70.57069396972656,-11.988862037658691,),)
-177.14117431640625,3.3134207725524902,if,if
119.6478271484375,49.762351989746094,identifier,ok
-97.2513198852539,-93.64579772949219,{,{
137.33157348632812,61.882781982421875,identifier,err
-29.963180541992188,101.70034790039062,=,=
29.8241024017334,46.651004791259766,identifier,fmt
35.675880432128906,46.19696807861328,.,.
29.360233306884766,34.72502899169922,identifier,Errorf
22.794485092163086,30.88077163696289,(,(
17.86138153076172,153.2297821044922,"""",""""
-16.013439178466797,210.5505828857422,"""",""""
-94.29396057128906,-7.438640594482422,),)
-63.740325927734375,-160.8101043701172,return,return
-134.39659118652344,-42.16631317138672,},}
104.72724914550781,-9.168645858764648,identifier,result
71.24801635742188,107.52061462402344,.,.
72.27193450927734,-9.563404083251953,identifier,Results
-35.382484436035156,91.53369140625,=,=
111.34741973876953,-25.457706451416016,identifier,tv
-154.69000244140625,-11.02159309387207,case,case
59.436866760253906,-27.423688888549805,identifier,TransactionResultCodeTxFailed
112.07318115234375,-24.201414108276367,identifier,tv
-69.75828552246094,118.06629180908203,",",","
116.57778930664062,51.943809509277344,identifier,ok
-30.587820053100586,118.35887908935547,:=,:=
112.25323486328125,-37.79368591308594,identifier,value
53.71611785888672,101.71489715576172,.,.
-4.710490703582764,35.00950241088867,(,(
60.28443908691406,-31.49115753173828,identifier,OperationResult
-71.11597442626953,-11.802645683288574,),)
-176.84396362304688,1.2558845281600952,if,if
119.1745834350586,49.51317596435547,identifier,ok
-97.49044036865234,-92.07225036621094,{,{
137.207275390625,61.10131072998047,identifier,err
-30.259645462036133,101.27885437011719,=,=
29.40764808654785,47.46969223022461,identifier,fmt
34.97108459472656,47.035213470458984,.,.
30.6524658203125,35.15901184082031,identifier,Errorf
21.91301918029785,31.466400146484375,(,(
19.405113220214844,156.5441131591797,"""",""""
-15.689445495605469,212.81687927246094,"""",""""
-94.3861083984375,-8.249971389770508,),)
-63.621742248535156,-159.87501525878906,return,return
-134.48658752441406,-40.20381546020508,},}
104.95006561279297,-9.117232322692871,identifier,result
70.79484558105469,107.47117614746094,.,.
72.2814712524414,-9.567221641540527,identifier,Results
-34.9188346862793,91.77501678466797,=,=
111.28722381591797,-25.394319534301758,identifier,tv
-118.30194854736328,-31.28296661376953,},}
-67.87566375732422,-156.22463989257812,return,return
-145.08311462402344,-93.28540802001953,},}
57.55582809448242,-140.66053771972656,func,func
35.5433349609375,-167.13787841796875,(,(
135.30807495117188,8.953228950500488,identifier,l
46.36468505859375,-35.396156311035156,identifier,NodeList
-1.506633996963501,-206.9600372314453,),)
41.43303680419922,-25.099868774414062,identifier,Remove
-22.115646362304688,-44.25804138183594,(,(
77.61153411865234,-61.430397033691406,identifier,key
29.166837692260742,-68.3013687133789,identifier,byte
-14.459184646606445,-137.56137084960938,),)
60.30352783203125,-2.58493709564209,identifier,skiplist
62.774959564208984,66.17073822021484,.,.
57.858150482177734,-43.831329345703125,identifier,Node
-42.833980560302734,-99.403076171875,{,{
84.39855194091797,-8.415057182312012,identifier,prev
60.30461502075195,-2.5862176418304443,identifier,skiplist
63.50407028198242,66.90959167480469,.,.
57.87204360961914,-43.83156967163086,identifier,Node
114.68842315673828,-34.67503356933594,identifier,node
-43.51070785522461,122.93659210205078,:=,:=
141.7981414794922,0.016042426228523254,identifier,l
88.57514190673828,100.8778305053711,.,.
58.066741943359375,-50.219322204589844,identifier,head
-156.31590270996094,23.914234161376953,for,for
115.8202896118164,-35.2341423034668,identifier,node
11.917522430419922,94.81768798828125,!=,!=
-71.75529479980469,-93.78402709960938,{,{
107.1663818359375,-27.673181533813477,identifier,nodeKey
-40.62931823730469,123.3271484375,:=,:=
-7.332155227661133,30.4759578704834,(,(
62.96087646484375,-34.42357635498047,identifier,Item
-59.55247497558594,5.563815593719482,),)
-19.378320693969727,8.57844352722168,(,(
116.51629638671875,-34.80107498168945,identifier,node
67.54202270507812,91.99535369873047,.,.
62.9858283996582,-34.41619110107422,identifier,Item
-28.41378402709961,-11.244937896728516,(,(
-59.06673812866211,-10.961352348327637,),)
-64.38848876953125,2.1043291091918945,),)
54.33821487426758,92.17764282226562,.,.
31.639326095581055,-62.84614944458008,identifier,Bytes
-30.07162857055664,-9.520587921142578,(,(
-65.10828399658203,-19.2593936920166,),)
-167.77774047851562,4.113197326660156,if,if
31.165424346923828,-63.57584762573242,identifier,bytes
46.744537353515625,53.858333587646484,.,.
6.757595062255859,-2.6944968700408936,identifier,Equal
3.944540023803711,-1.1020599603652954,(,(
107.18963623046875,-27.684593200683594,identifier,nodeKey
-81.5618667602539,61.75925064086914,",",","
77.5912094116211,-61.40674591064453,identifier,key
-71.12894439697266,-7.779422283172607,),)
-84.22618103027344,-92.84321594238281,{,{
-162.70994567871094,-0.9583826661109924,if,if
84.36089324951172,-8.418377876281738,identifier,prev
1.443137526512146,90.68145751953125,==,==
-86.16692352294922,-91.89413452148438,{,{
141.84323120117188,-0.043402157723903656,identifier,l
88.62229919433594,104.65213775634766,.,.
58.07344055175781,-50.22171401977539,identifier,head
-36.155723571777344,90.2458724975586,=,=
116.73170471191406,-34.44289779663086,identifier,node
67.7479248046875,92.4294662475586,.,.
42.360225677490234,-12.531938552856445,identifier,GetLink
-29.846725463867188,-12.856281280517578,(,(
-63.35666275024414,-13.869749069213867,),)
-74.82416534423828,-163.5545654296875,return,return
115.63800811767578,-32.72492599487305,identifier,node
-127.46302032470703,-40.4766960144043,},}
84.34581756591797,-8.426640510559082,identifier,prev
69.75634002685547,91.21370697021484,.,.
42.317161560058594,-11.949530601501465,identifier,SetLink
-8.462081909179688,6.929983615875244,(,(
116.63811492919922,-34.37632751464844,identifier,node
67.78948211669922,92.3978500366211,.,.
42.36074447631836,-12.496092796325684,identifier,GetLink
-29.885324478149414,-12.687527656555176,(,(
-61.940025329589844,-10.365962982177734,),)
-79.27108764648438,-18.559907913208008,),)
-74.95323181152344,-163.4188995361328,return,return
115.59918212890625,-32.82416534423828,identifier,node
-122.06641387939453,-37.369388580322266,},}
84.3434829711914,-8.424667358398438,identifier,prev
-33.747283935546875,94.3665542602539,=,=
115.50701904296875,-33.298439025878906,identifier,node
114.84554290771484,-34.23017883300781,identifier,node
-33.521087646484375,94.906494140625,=,=
116.19063568115234,-34.12540817260742,identifier,node
67.85926818847656,92.46466064453125,.,.
42.446659088134766,-12.518961906433105,identifier,GetLink
-29.78837013244629,-12.888572692871094,(,(
-62.42074203491211,-11.223114967346191,),)
-120.62744903564453,-35.52925491333008,},}
-72.72443389892578,-157.4490203857422,return,return
-150.74615478515625,-93.933837890625,},}
68.46058654785156,-146.51950073242188,func,func
45.452945709228516,-30.29197883605957,identifier,Schema1FromManifest
-26.618846893310547,-45.64189529418945,(,(
87.27046203613281,-43.80292892456055,identifier,manifest
29.0318546295166,-68.18763732910156,identifier,byte
-14.028036117553711,-138.5730743408203,),)
-3.3986940383911133,-155.2434844970703,(,(
51.413597106933594,-38.847389221191406,identifier,Schema1
-122.9892349243164,89.73541259765625,",",","
-3.407411813735962,-106.00495147705078,identifier,error
-18.979454040527344,-110.67581176757812,),)
-38.801177978515625,-104.23491668701172,{,{
117.39539337158203,-12.51984977722168,identifier,s1
-45.33525848388672,118.38019561767578,:=,:=
51.44212341308594,-38.854347229003906,identifier,Schema1
-60.91417694091797,-62.38217544555664,{,{
-73.08094024658203,-45.230430603027344,},}
-164.7402801513672,6.937232971191406,if,if
129.63119506835938,62.60837173461914,identifier,err
-29.65542221069336,113.4231185913086,:=,:=
45.34694290161133,-10.468637466430664,identifier,json
49.66178512573242,57.36835479736328,.,.
30.450761795043945,-16.867717742919922,identifier,Unmarshal
-11.506841659545898,7.537715435028076,(,(
87.27066040039062,-43.81388473510742,identifier,manifest
-84.46003723144531,59.669761657714844,",",","
116.54907989501953,-12.289204597473145,identifier,s1
-72.63420867919922,-15.27731704711914,),)
129.49020385742188,54.56015396118164,identifier,err
12.628573417663574,108.62600708007812,!=,!=
-94.40389251708984,-96.94364929199219,{,{
-65.79731750488281,-169.29638671875,return,return
-141.2869110107422,71.49746704101562,",",","
145.59872436523438,50.134429931640625,identifier,err
-130.38270568847656,-45.76117706298828,},}
-165.64639282226562,1.4662065505981445,if,if
116.64681243896484,-13.115928649902344,identifier,s1
70.30317687988281,103.2503662109375,.,.
64.95243835449219,-25.146120071411133,identifier,SchemaVersion
8.388444900512695,93.89191436767578,!=,!=
-88.4654769897461,-96.80960083007812,{,{
-67.68525695800781,-169.68661499023438,return,return
-139.6752471923828,71.00516510009766,",",","
37.035213470458984,37.050045013427734,identifier,errors
40.07027053833008,44.25151062011719,.,.
30.18716049194336,32.593997955322266,identifier,Errorf
21.561359405517578,29.37912368774414,(,(
18.328813552856445,154.288330078125,"""",""""
-14.803221702575684,210.14141845703125,"""",""""
-73.71316528320312,77.38231658935547,",",","
116.61445617675781,-13.314178466796875,identifier,s1
70.3025131225586,103.13742065429688,.,.
64.98470306396484,-25.14942741394043,identifier,SchemaVersion
-88.00031280517578,-4.4693169593811035,),)
-125.72164916992188,-44.27351760864258,},}
-167.26141357421875,-0.32048502564430237,if,if
131.42910766601562,61.16402053833008,identifier,err
-28.588659286499023,112.09922790527344,:=,:=
116.4635238647461,-13.019131660461426,identifier,s1
81.45946502685547,93.243896484375,.,.
51.66044998168945,-19.93438148498535,identifier,initialize
-24.519407272338867,-7.552338600158691,(,(
-59.903778076171875,-16.12745475769043,),)
134.27833557128906,54.47810363769531,identifier,err
14.55730152130127,106.48733520507812,!=,!=
-93.38619232177734,-91.66777038574219,{,{
-69.15032196044922,-167.9317626953125,return,return
-141.24134826660156,73.20801544189453,",",","
144.25222778320312,52.00258255004883,identifier,err
-128.9116973876953,-40.77384948730469,},}
-168.20533752441406,-1.2328189611434937,if,if
131.97109985351562,60.56522750854492,identifier,err
-29.414628982543945,111.20999145507812,:=,:=
116.45866394042969,-13.108284950256348,identifier,s1
81.44603729248047,93.14938354492188,.,.
52.70808410644531,-18.26798439025879,identifier,fixManifestLayers
-25.840726852416992,-7.959186553955078,(,(
-59.5962028503418,-16.17707061767578,),)
136.10533142089844,56.13423156738281,identifier,err
15.30611801147461,104.75039672851562,!=,!=
-94.29676055908203,-89.21466827392578,{,{
-69.3006591796875,-165.89230346679688,return,return
-140.02883911132812,74.17503356933594,",",","
143.6083984375,53.616397857666016,identifier,err
-127.0301742553711,-36.97120666503906,},}
-75.5905990600586,-158.37985229492188,return,return
116.13823699951172,-11.438148498535156,identifier,s1
-137.97457885742188,78.94660949707031,",",","
-153.1197052001953,-91.75953674316406,},}
59.257930755615234,-141.67852783203125,func,func
35.10617446899414,-168.80050659179688,(,(
140.8147430419922,8.989869117736816,identifier,s
42.37912368774414,-35.32429504394531,identifier,Selection
-0.925279438495636,-207.376708984375,),)
50.6328239440918,-27.16864585876465,identifier,FlickFinger
-23.242280960083008,-42.569210052490234,(,(
68.574462890625,-47.487831115722656,identifier,xOffset
-100.37984466552734,99.9410171508789,",",","
69.05120086669922,-45.87269592285156,identifier,yOffset
29.930133819580078,-83.76921844482422,identifier,int
-104.0091552734375,97.69566345214844,",",","
72.22029113769531,-43.18560028076172,identifier,speed
29.64392852783203,-80.26275634765625,identifier,uint
-12.613139152526855,-133.3254852294922,),)
-4.495535373687744,-101.72660064697266,identifier,error
-38.196044921875,-102.85942077636719,{,{
89.86537170410156,-26.789020538330078,identifier,selectedElement
-67.32115936279297,121.25228118896484,",",","
132.27186584472656,69.8417739868164,identifier,err
-33.8509521484375,114.65544128417969,:=,:=
143.30856323242188,1.6322284936904907,identifier,s
88.90111541748047,99.91416931152344,.,.
64.13174438476562,-36.46238327026367,identifier,elements
69.40921783447266,82.92488098144531,.,.
47.44835662841797,-21.47014045715332,identifier,GetExactlyOne
-26.015016555786133,-12.04947280883789,(,(
-64.34524536132812,-20.289958953857422,),)
-173.570068359375,5.780649185180664,if,if
129.64096069335938,55.877716064453125,identifier,err
12.085344314575195,108.7001953125,!=,!=
-94.58265686035156,-96.96896362304688,{,{
-64.66411590576172,-167.66465759277344,return,return
29.22150993347168,46.16678237915039,identifier,fmt
36.50304412841797,46.619476318359375,.,.
28.922334671020508,33.98429489135742,identifier,Errorf
21.603740692138672,28.485931396484375,(,(
19.365127563476562,154.35946655273438,"""",""""
-14.289112091064453,208.7420196533203,"""",""""
-72.60262298583984,77.93663024902344,",",","
144.61790466308594,4.03957986831665,identifier,s
-99.02627563476562,74.4878921508789,",",","
144.33642578125,48.20719909667969,identifier,err
-88.9366455078125,-7.498547554016113,),)
-128.66160583496094,-45.83329772949219,},}
-166.58724975585938,0.48689430952072144,if,if
130.64109802246094,61.441932678222656,identifier,err
-29.457866668701172,112.13842010498047,:=,:=
143.4566650390625,1.5591164827346802,identifier,s
89.74542999267578,99.13229370117188,.,.
51.06285095214844,-11.21466064453125,identifier,session
70.23572540283203,80.98994445800781,.,.
50.82676315307617,-27.018648147583008,identifier,TouchFlick
-10.76440715789795,-0.7635285258293152,(,(
89.85794830322266,-26.794597625732422,identifier,selectedElement
56.88319778442383,101.64945983886719,.,.
-6.171706676483154,35.19873809814453,(,(
57.863990783691406,5.640929222106934,identifier,api
57.03866195678711,70.12920379638672,.,.
64.15557861328125,-36.387332916259766,identifier,Element
-68.50177764892578,0.09406878054141998,),)
-92.19503784179688,61.130401611328125,",",","
58.373023986816406,5.694519519805908,identifier,api
56.59849166870117,70.49048614501953,.,.
56.437583923339844,-22.75853729248047,identifier,XYOffset
-64.1521224975586,-66.1933822631836,{,{
66.75602722167969,-47.22739791870117,identifier,X
68.5541000366211,-47.49287414550781,identifier,xOffset
-109.45337677001953,51.959320068359375,",",","
65.20594787597656,-46.899261474609375,identifier,Y
69.05299377441406,-45.884185791015625,identifier,yOffset
-103.83647918701172,-25.34591293334961,},}
-93.37133026123047,61.58988571166992,",",","
58.48296356201172,5.730173110961914,identifier,api
56.48876953125,70.65715789794922,.,.
55.621395111083984,-23.65401268005371,identifier,ScalarSpeed
-12.187376022338867,4.02180814743042,(,(
72.22771453857422,-43.18456268310547,identifier,speed
-74.6188735961914,1.242769479751587,),)
-78.77815246582031,-14.67055606842041,),)
135.35281372070312,57.04715347290039,identifier,err
14.190509796142578,104.35580444335938,!=,!=
-93.31158447265625,-88.67992401123047,{,{
-68.06796264648438,-164.118408203125,return,return
28.709863662719727,47.32346725463867,identifier,fmt
35.59439468383789,47.56258010864258,.,.
30.957612991333008,34.54616165161133,identifier,Errorf
20.278276443481445,29.661462783813477,(,(
18.419918060302734,156.24732971191406,"""",""""
-14.199773788452148,212.41905212402344,"""",""""
-71.5759506225586,75.7945327758789,",",","
144.69161987304688,4.040792465209961,identifier,s
-99.02413940429688,74.4766616821289,",",","
141.30313110351562,52.980140686035156,identifier,err
-88.28158569335938,-9.478543281555176,),)
-125.78302001953125,-36.84238052368164,},}
-70.98599243164062,-157.14088439941406,return,return
-149.6695556640625,-92.89478302001953,},}
58.500465393066406,-139.36598205566406,func,func
37.52914047241211,-166.7472686767578,(,(
127.84652709960938,-43.99183654785156,identifier,peers
46.618675231933594,-40.530033111572266,identifier,Peers
-1.7589192390441895,-207.7187957763672,),)
49.13346481323242,-27.332958221435547,identifier,Descriptions
-22.98686981201172,-39.55143737792969,(,(
-16.2049503326416,-143.47061157226562,),)
57.16279220581055,-38.282108306884766,identifier,PeerDescription
-42.149295806884766,-97.42206573486328,{,{
128.32943725585938,-43.4360237121582,identifier,peers
87.99370574951172,91.62737274169922,.,.
-23.755823135375977,-23.343366622924805,identifier,RLock
-25.036907196044922,-19.404714584350586,(,(
-65.46957397460938,-27.93558692932129,),)
128.32266235351562,-43.2986946105957,identifier,peers
87.97712707519531,91.63250732421875,.,.
-23.329099655151367,-23.1802921295166,identifier,RUnlock
-24.7061824798584,-18.646835327148438,(,(
-67.01082611083984,-26.769512176513672,),)
98.8060531616211,-28.746902465820312,identifier,descriptions
-49.67854309082031,120.24327087402344,:=,:=
-2.715799331665039,45.751190185546875,identifier,make
-3.8652055263519287,42.74379348754883,(,(
57.31080627441406,-38.28529739379883,identifier,PeerDescription
-114.36949920654297,80.97748565673828,",",","
-112.33289337158203,79.39331817626953,",",","
-39.02304458618164,30.898061752319336,identifier,len
-22.501514434814453,25.358768463134766,(,(
128.03610229492188,-43.15089416503906,identifier,peers
86.8858642578125,101.9301986694336,.,.
69.48173522949219,-32.470855712890625,identifier,byName
-69.233154296875,12.611144065856934,),)
-73.2834243774414,-26.588403701782227,),)
-154.17393493652344,23.677337646484375,for,for
-81.4854965209961,129.21900939941406,identifier,_
-79.34871673583984,124.87683868408203,",",","
126.89154052734375,-40.954444885253906,identifier,peer
-33.722232818603516,126.12167358398438,:=,:=
127.93647003173828,-43.14005661010742,identifier,peers
86.81354522705078,101.98088836669922,.,.
69.4787826538086,-32.472225189208984,identifier,byName
-71.817626953125,-95.54949951171875,{,{
98.86457061767578,-28.733139038085938,identifier,descriptions
-29.912246704101562,94.11991882324219,=,=
-24.468721389770508,54.53959655761719,identifier,append
-23.310564041137695,47.79658889770508,(,(
98.89574432373047,-28.69239616394043,identifier,descriptions
-76.64591217041016,59.8230094909668,",",","
57.32150650024414,-38.24191665649414,identifier,PeerDescription
-63.62795639038086,-66.8191909790039,{,{
64.76139068603516,-62.01124572753906,identifier,Name
126.85626983642578,-39.79831314086914,identifier,peer
64.94026184082031,98.34590148925781,.,.
64.52721405029297,-63.579647064208984,identifier,Name
-107.14310455322266,51.58684539794922,",",","
63.29207229614258,-60.40696334838867,identifier,NickName
126.77655029296875,-39.84246063232422,identifier,peer
80.41825866699219,104.9376449584961,.,.
63.42815017700195,-30.82137680053711,identifier,peerSummary
59.72267150878906,97.84526824951172,.,.
63.24465560913086,-60.400753021240234,identifier,NickName
-106.78804779052734,51.132816314697266,",",","
66.9328842163086,-54.89427947998047,identifier,UID
126.81040954589844,-39.796348571777344,identifier,peer
64.53797149658203,98.24402618408203,.,.
66.88968658447266,-54.90512466430664,identifier,UID
-106.51627349853516,50.921112060546875,",",","
60.353004455566406,-46.7030143737793,identifier,Self
126.77482604980469,-40.07972717285156,identifier,peer
64.19278717041016,98.21697235107422,.,.
64.49994659423828,-62.811283111572266,identifier,Name
-0.16355429589748383,87.73194122314453,==,==
127.64337921142578,-42.81243133544922,identifier,peers
86.08358001708984,101.8349838256836,.,.
61.58564376831055,-45.893035888671875,identifier,ourself
60.572898864746094,98.30843353271484,.,.
64.03306579589844,-63.4824333190918,identifier,Name
-106.43560791015625,50.38441467285156,",",","
67.03217315673828,-31.69023895263672,identifier,NumConnections
-39.179954528808594,35.94076156616211,identifier,len
-27.0976619720459,24.046741485595703,(,(
126.7234115600586,-40.16794204711914,identifier,peer
80.50215148925781,105.00884246826172,.,.
66.63874816894531,-32.580780029296875,identifier,connections
-70.69612121582031,10.217096328735352,),)
-105.94478607177734,40.922096252441406,",",","
-105.0730972290039,-29.500591278076172,},}
-87.28239440917969,-18.015087127685547,),)
-119.07881927490234,-36.349735260009766,},}
-76.72755432128906,-155.2284698486328,return,return
97.37611389160156,-28.017831802368164,identifier,descriptions
-149.65817260742188,-96.75623321533203,},}
57.250675201416016,-141.82608032226562,func,func
36.62018585205078,-167.99510192871094,(,(
139.90309143066406,7.485900402069092,identifier,b
46.138240814208984,-34.630821228027344,identifier,Float64RingBuf
-0.9201863408088684,-204.6038360595703,),)
47.694332122802734,-26.140506744384766,identifier,WriteAndMaybeOverwriteOldestData
-26.136404037475586,-42.66976547241211,(,(
127.63947296142578,-9.988752365112305,identifier,p
30.77178955078125,-76.99396514892578,identifier,float64
-11.04397964477539,-137.7556610107422,),)
-0.25426796078681946,-156.77377319335938,(,(
118.76973724365234,-16.573793411254883,identifier,n
31.816543579101562,-82.8902587890625,identifier,int
-121.19781494140625,87.96126556396484,",",","
136.247314453125,68.92566680908203,identifier,err
-9.202107429504395,-102.33641052246094,identifier,error
-15.742483139038086,-111.70936584472656,),)
-40.81454086303711,-107.42835235595703,{,{
82.43685913085938,-22.019113540649414,identifier,writeCapacity
-44.626956939697266,125.63636016845703,:=,:=
146.1831512451172,-4.196009635925293,identifier,b
74.98396301269531,98.92740631103516,.,.
78.03636932373047,1.7993981838226318,identifier,N
146.20469665527344,-5.135643482208252,identifier,b
74.72716522216797,99.23585510253906,.,.
27.576921463012695,-19.587757110595703,identifier,Readable
-166.6009521484375,5.520809650421143,if,if
-37.651756286621094,32.91522979736328,identifier,len
-24.68250846862793,27.09991455078125,(,(
129.32754516601562,-10.742630958557129,identifier,p
-74.04822540283203,12.621590614318848,),)
6.254438400268555,80.15072631835938,>,>
82.1886978149414,-22.06212043762207,identifier,writeCapacity
-84.35408782958984,-95.26776885986328,{,{
147.01156616210938,-4.137327671051025,identifier,b
77.23897552490234,92.8000717163086,.,.
26.99574851989746,-15.909098625183105,identifier,Advance
-4.168550491333008,4.45188570022583,(,(
-40.34803771972656,34.14319610595703,identifier,len
-23.880809783935547,25.42366600036621,(,(
129.30950927734375,-10.843916893005371,identifier,p
-74.37815856933594,12.167176246643066,),)
82.17533111572266,-22.08527183532715,identifier,writeCapacity
-85.07284545898438,-3.264207124710083,),)
-123.9072494506836,-44.8629035949707,},}
98.8248062133789,-51.98683547973633,identifier,startPos
-43.51081085205078,126.85380554199219,:=,:=
-169.09840393066406,4.626260280609131,if,if
-38.331787109375,33.72477722167969,identifier,len
-25.3958740234375,25.446348190307617,(,(
129.05828857421875,-10.960047721862793,identifier,p
-74.60782623291016,12.160815238952637,),)
6.751343250274658,80.0235595703125,>,>
146.4638214111328,-5.996306419372559,identifier,b
72.21113586425781,100.25747680664062,.,.
78.2181167602539,1.5620605945587158,identifier,N
-83.33113098144531,-91.57782745361328,{,{
98.8296890258789,-52.010345458984375,identifier,startPos
-35.73875045776367,95.65666961669922,=,=
-40.24668884277344,34.87686538696289,identifier,len
-25.336307525634766,23.90426254272461,(,(
128.92808532714844,-11.098113059997559,identifier,p
-74.83973693847656,11.645642280578613,),)
146.4029083251953,-5.844541072845459,identifier,b
72.26078796386719,100.23495483398438,.,.
78.24284362792969,1.529805302619934,identifier,N
-122.68120574951172,-41.22774887084961,},}
118.61927795410156,-16.519542694091797,identifier,n
-67.68405151367188,117.17320251464844,",",","
134.68939208984375,65.42833709716797,identifier,err
-32.44163131713867,106.03718566894531,=,=
146.84024047851562,-4.601187229156494,identifier,b
72.00141143798828,89.77796936035156,.,.
29.356239318847656,-11.56826400756836,identifier,Write
-6.840277671813965,1.6395031213760376,(,(
128.2777862548828,-10.864106178283691,identifier,p
98.84152221679688,-52.056095123291016,identifier,startPos
-79.5884017944336,-16.629627227783203,),)
-173.64039611816406,0.3331650197505951,if,if
134.87008666992188,57.5064697265625,identifier,err
12.72818660736084,104.1847915649414,!=,!=
-92.75981140136719,-89.48704528808594,{,{
-70.93582153320312,-165.3553009033203,return,return
118.62305450439453,-16.51691436767578,identifier,n
-135.6773681640625,76.06517791748047,",",","
142.5003204345703,53.44468688964844,identifier,err
-128.22573852539062,-36.91067123413086,},}
-76.93789672851562,-158.30538940429688,return,return
-39.69485855102539,36.167293548583984,identifier,len
-27.7071590423584,24.034744262695312,(,(
128.6482696533203,-10.964173316955566,identifier,p
-76.11422729492188,13.588297843933105,),)
-135.32977294921875,78.9716567993164,",",","
-151.5854034423828,-92.45818328857422,},}
56.7280158996582,-139.84632873535156,func,func
34.31245040893555,-166.06802368164062,(,(
71.79031372070312,-56.7298469543457,identifier,id
47.6838493347168,-34.06416702270508,identifier,MessageID
-3.120041847229004,-207.1609649658203,),)
40.8015251159668,-27.4183349609375,identifier,WriteTo
-20.02962875366211,-44.843379974365234,(,(
125.64988708496094,-1.0450692176818848,identifier,w
19.22909164428711,-44.937416076660156,identifier,io
58.013511657714844,56.87309265136719,.,.
27.919763565063477,-24.624250411987305,identifier,Writer
-16.481464385986328,-136.72193908691406,),)
-3.6349730491638184,-155.49578857421875,(,(
32.37875747680664,-80.37107849121094,identifier,int64
-122.17154693603516,87.80255889892578,",",","
-2.943570613861084,-106.01615905761719,identifier,error
-18.90142250061035,-109.7856674194336,),)
-38.32887649536133,-104.41142272949219,{,{
108.20063018798828,-21.74618148803711,identifier,a
-47.91725540161133,121.80802154541016,:=,:=
29.918529510498047,-68.8272476196289,identifier,byte
-64.47201538085938,-59.04079818725586,{,{
-72.50138854980469,-46.0583610534668,},}
112.20321655273438,-16.801328659057617,identifier,b
-45.74436950683594,121.93742370605469,:=,:=
19.337480545043945,2.8710925579071045,identifier,strconv
48.33658981323242,56.09284591674805,.,.
14.022984504699707,2.3134241104125977,identifier,AppendUint
13.734755516052246,2.4688470363616943,(,(
108.031494140625,-22.435209274291992,identifier,a
-78.97462463378906,63.62412643432617,",",","
33.51066589355469,-77.15465545654297,identifier,uint64
-19.933300018310547,16.138151168823242,(,(
72.14298248291016,-57.006832122802734,identifier,id
-71.6632080078125,1.128382682800293,),)
-87.33378601074219,59.60851287841797,",",","
-72.90144348144531,-21.781930923461914,),)
119.83768463134766,-17.7678279876709,identifier,n
-40.98928451538086,125.47249603271484,:=,:=
-38.90110397338867,32.73299026489258,identifier,len
-24.190725326538086,26.06784439086914,(,(
107.87840270996094,-22.638870239257812,identifier,a
-72.77446746826172,12.873570442199707,),)
-39.56005859375,33.94859313964844,identifier,len
-23.45531463623047,26.8282470703125,(,(
109.60316467285156,-16.596603393554688,identifier,b
-76.7923812866211,-26.286588668823242,),)
25.402565002441406,-0.36902961134910583,identifier,copy
0.058138735592365265,11.81982707977295,(,(
107.83111572265625,-22.674999237060547,identifier,a
118.22064971923828,-18.853910446166992,identifier,n
-79.93395233154297,64.40086364746094,",",","
109.61320495605469,-16.584182739257812,identifier,b
-76.45020294189453,-25.671091079711914,),)
-153.6086883544922,21.874767303466797,for,for
141.0441436767578,-35.877071380615234,identifier,i
-36.856510162353516,129.06829833984375,:=,:=
139.22291564941406,-37.05186080932617,identifier,i
9.158100128173828,97.18541717529297,!=,!=
118.18096160888672,-18.762828826904297,identifier,n
138.95127868652344,-37.11852264404297,identifier,i
-74.1964340209961,-94.50337982177734,{,{
107.63545227050781,-22.472755432128906,identifier,a
138.23890686035156,-38.73392868041992,identifier,i
-33.344905853271484,87.07160949707031,=,=
-121.92224884033203,-40.788246154785156,},}
119.65878295898438,-10.201249122619629,identifier,c
-67.61092376708984,117.75871276855469,",",","
136.63131713867188,40.94980239868164,identifier,e
-35.56278610229492,110.99440002441406,:=,:=
125.93678283691406,-0.4378405213356018,identifier,w
72.42108154296875,89.0890884399414,.,.
29.360118865966797,-11.563040733337402,identifier,Write
-6.799274921417236,1.7524000406265259,(,(
107.69834899902344,-22.624998092651367,identifier,a
-79.92963409423828,-16.917606353759766,),)
-78.9142074584961,-157.34657287597656,return,return
34.00935363769531,-79.68265533447266,identifier,int64
-21.250036239624023,15.762029647827148,(,(
118.39973449707031,-9.538891792297363,identifier,c
-79.22328186035156,-7.680102348327637,),)
-135.21148681640625,77.37545013427734,",",","
136.65357971191406,40.966915130615234,identifier,e
-154.10891723632812,-94.73322296142578,},}
71.78137969970703,-147.47076416015625,func,func
46.40726852416992,-32.15306854248047,identifier,parseInt64
-29.4335880279541,-45.470741271972656,(,(
105.3489990234375,-49.740562438964844,identifier,bytes
29.140583038330078,-68.67599487304688,identifier,byte
-14.162031173706055,-139.30908203125,),)
-1.286657452583313,-153.96897888183594,(,(
101.4455337524414,-9.178631782531738,identifier,ret
31.92887306213379,-80.37783813476562,identifier,int64
-120.50244140625,89.44918823242188,",",","
135.8856201171875,70.0405502319336,identifier,err
-9.864487648010254,-102.13395690917969,identifier,error
-18.073591232299805,-112.73591613769531,),)
-41.51958084106445,-105.15675354003906,{,{
136.55996704101562,62.73627471923828,identifier,err
-31.74843406677246,104.08191680908203,=,=
47.84474563598633,-18.22356414794922,identifier,checkInteger
-17.67264747619629,-3.5879781246185303,(,(
105.47716522216797,-49.45341873168945,identifier,bytes
-68.34635162353516,-15.778482437133789,),)
-172.17605590820312,6.882695198059082,if,if
128.02993774414062,56.61018753051758,identifier,err
10.176116943359375,108.75753021240234,!=,!=
-92.9719009399414,-98.62059783935547,{,{
-63.780967712402344,-162.33802795410156,return,return
-134.43276977539062,-44.88154602050781,},}
-164.4447021484375,2.4775779247283936,if,if
-37.413570404052734,32.87049102783203,identifier,len
-24.909381866455078,27.464624404907227,(,(
105.72259521484375,-49.39855194091797,identifier,bytes
-72.35911560058594,13.694775581359863,),)
6.238691806793213,80.9195327758789,>,>
-87.09207916259766,-98.09455108642578,{,{
137.20431518554688,62.58107376098633,identifier,err
-31.369009017944336,102.80064392089844,=,=
57.55900573730469,-12.999980926513672,identifier,asn1
61.84101867675781,69.72859954833984,.,.
58.800743103027344,-21.69984245300293,identifier,StructuralError
-63.55795669555664,-64.768310546875,{,{
58.48711013793945,-21.276533126831055,identifier,Msg
20.946613311767578,157.89486694335938,"""",""""
-9.787967681884766,213.16656494140625,"""",""""
-103.75460052490234,-36.6473388671875,},}
-64.66674041748047,-160.78372192382812,return,return
-134.61497497558594,-44.00040817260742,},}
-154.9701690673828,21.728500366210938,for,for
138.14515686035156,-44.7939453125,identifier,bytesRead
-37.240753173828125,128.31202697753906,:=,:=
138.17111206054688,-44.51766586303711,identifier,bytesRead
-1.047539234161377,76.53520202636719,<,<
-39.33533477783203,33.28012466430664,identifier,len
-24.460079193115234,25.110092163085938,(,(
105.95014190673828,-49.3231086730957,identifier,bytes
-71.29463958740234,11.82524585723877,),)
138.17982482910156,-44.44550323486328,identifier,bytesRead
-73.93614959716797,-94.59577941894531,{,{
101.54503631591797,-8.549991607666016,identifier,ret
101.5087890625,-8.232728958129883,identifier,ret
34.294288635253906,-79.25784301757812,identifier,int64
-20.77914047241211,15.122319221496582,(,(
106.14659118652344,-49.37268829345703,identifier,bytes
138.2231903076172,-43.97407913208008,identifier,bytesRead
-82.57654571533203,-5.574558734893799,),)
-121.58319091796875,-41.308250427246094,},}
101.50349426269531,-8.335200309753418,identifier,ret
34.72601318359375,-76.22274017333984,identifier,uint8
-21.067710876464844,13.532723426818848,(,(
-41.15321350097656,35.36370086669922,identifier,len
-23.89054298400879,22.723844528198242,(,(
106.38665008544922,-49.171939849853516,identifier,bytes
-72.12089538574219,9.918396949768066,),)
-79.17025756835938,1.8533082008361816,),)
101.42862701416016,-8.143463134765625,identifier,ret
34.74821853637695,-76.172607421875,identifier,uint8
-21.10820770263672,13.386741638183594,(,(
-41.12565612792969,35.49895095825195,identifier,len
-23.812835693359375,22.504663467407227,(,(
106.4294662475586,-49.12949752807617,identifier,bytes
-72.12433624267578,9.88320255279541,),)
-79.25467681884766,1.9768036603927612,),)
-67.13209533691406,-156.9314422607422,return,return
-145.23199462890625,-92.78396606445312,},}
60.24966049194336,-142.89544677734375,func,func
35.70799255371094,-170.45877075195312,(,(
82.5337142944336,13.830013275146484,identifier,auth
82.57637023925781,13.935750961303711,identifier,Auth
0.4152957797050476,-207.35206604003906,),)
48.73833084106445,-28.24471092224121,identifier,ListRoleIds
-24.068328857421875,-41.8582649230957,(,(
70.65299224853516,-41.20305252075195,identifier,continuationToken
-100.54925537109375,100.02375793457031,",",","
78.08966827392578,-40.96535873413086,identifier,limit
23.753564834594727,-86.06929016113281,identifier,string
-12.588412284851074,-136.10496520996094,),)
-1.6449055671691895,-156.14996337890625,(,(
55.40700149536133,-28.529979705810547,identifier,GetRoleIdsResponse
-124.7481918334961,89.16146087646484,",",","
-4.646126747131348,-108.15696716308594,identifier,error
-17.163021087646484,-110.8301010131836,),)
-37.47979736328125,-105.53083801269531,{,{
120.93861389160156,-25.73688507080078,identifier,v
-45.22151565551758,121.3792495727539,:=,:=
42.15849304199219,5.378736972808838,identifier,url
47.2647819519043,58.13724899291992,.,.
25.720947265625,-7.893963813781738,identifier,Values
-64.12879180908203,-58.23014450073242,{,{
-72.12835693359375,-45.823246002197266,},}
-164.5623321533203,5.489744186401367,if,if
70.67784881591797,-41.14046096801758,identifier,continuationToken
10.366015434265137,92.8543472290039,!=,!=
22.573760986328125,168.68386840820312,"""",""""
-1.6258982419967651,210.11839294433594,"""",""""
-85.6351547241211,-97.23078155517578,{,{
121.06378173828125,-25.318605422973633,identifier,v
66.27702331542969,85.7799072265625,.,.
39.86294174194336,-6.940193176269531,identifier,Add
10.343128204345703,17.09231185913086,(,(
12.357627868652344,162.6050262451172,"""",""""
-9.404159545898438,205.66954040527344,"""",""""
-74.95189666748047,72.68421936035156,",",","
70.68753051757812,-41.13408279418945,identifier,continuationToken
-86.25251007080078,-3.63962984085083,),)
-124.57997131347656,-46.486610412597656,},}
-166.16201782226562,2.4548871517181396,if,if
78.22449493408203,-40.986751556396484,identifier,limit
9.614391326904297,92.96395874023438,!=,!=
23.196264266967773,168.70082092285156,"""",""""
-1.2168867588043213,209.77671813964844,"""",""""
-85.62815856933594,-95.762939453125,{,{
121.13301086425781,-25.25742530822754,identifier,v
66.25409698486328,85.80118560791016,.,.
39.87485885620117,-6.950512886047363,identifier,Add
10.348895072937012,17.088029861450195,(,(
12.368561744689941,162.61097717285156,"""",""""
-9.190450668334961,205.56785583496094,"""",""""
-74.92574310302734,72.67708587646484,",",","
78.22610473632812,-40.98627853393555,identifier,limit
-85.70832824707031,-3.9626834392547607,),)
-124.18119812011719,-44.57756805419922,},}
114.86763763427734,-0.6958631873130798,identifier,cd
-42.75169372558594,118.63465118408203,:=,:=
56.0558967590332,-11.8703031539917,identifier,tcclient
69.32625579833984,79.4398193359375,.,.
37.43796157836914,-38.758949279785156,identifier,Client
-13.415083885192871,-8.284852027893066,(,(
82.52532196044922,13.785483360290527,identifier,auth
-75.41282653808594,-18.622255325317383,),)
102.01944732666016,-0.32274582982063293,identifier,responseObject
-66.03899383544922,118.12706756591797,",",","
-80.66800689697266,133.17283630371094,identifier,_
-74.50399780273438,127.62513732910156,",",","
132.611572265625,66.86954498291016,identifier,err
-34.62208938598633,111.50822448730469,:=,:=
-7.36057186126709,30.824689865112305,(,(
114.87036895751953,-0.6931470036506653,identifier,cd
-62.45554733276367,0.014024456962943077,),)
53.75117874145508,89.732177734375,.,.
52.44027328491211,-21.526582717895508,identifier,APICall
-6.787060260772705,-6.279513835906982,(,(
-82.17777252197266,75.69452667236328,",",","
15.026222229003906,162.8271942138672,"""",""""
-8.716401100158691,208.8047637939453,"""",""""
-79.38642120361328,78.02656555175781,",",","
14.940960884094238,163.21804809570312,"""",""""
-8.495058059692383,208.90213012695312,"""",""""
-79.12503814697266,78.61221313476562,",",","
0.7488243579864502,39.25407028198242,identifier,new
-2.1582813262939453,38.50448226928711,(,(
55.6941032409668,-28.45766830444336,identifier,GetRoleIdsResponse
-76.7225570678711,-7.779969215393066,),)
-92.51924133300781,63.4375114440918,",",","
122.2388687133789,-25.517194747924805,identifier,v
-80.50115966796875,-15.702057838439941,),)
-77.67373657226562,-159.13865661621094,return,return
101.9915542602539,-0.33162814378738403,identifier,responseObject
57.05941390991211,101.80156707763672,.,.
-6.394400596618652,34.99134826660156,(,(
55.72679138183594,-28.519569396972656,identifier,GetRoleIdsResponse
-76.78520965576172,-7.921014308929443,),)
-135.16537475585938,78.37248992919922,",",","
143.37252807617188,55.58195877075195,identifier,err
-152.9220428466797,-95.2829818725586,},}
57.76845169067383,-141.1565399169922,func,func
37.25490951538086,-167.55279541015625,(,(
141.8092498779297,7.704705238342285,identifier,t
44.57984924316406,-36.6644401550293,identifier,Table
0.532711386680603,-206.99935913085938,),)
43.11335754394531,-25.163137435913086,identifier,AddRow
-23.184354782104492,-44.42610168457031,(,(
98.62615203857422,-41.46752166748047,identifier,row
17.205961227416992,-90.91120910644531,identifier,string
-68.60457611083984,-56.27882385253906,{,{
-70.95722961425781,-52.427345275878906,},}
-15.095467567443848,-133.32562255859375,),)
-43.9897346496582,-107.70046997070312,{,{
95.82599639892578,-22.48500633239746,identifier,newRow
-48.21151351928711,121.9785385131836,:=,:=
-2.8374276161193848,45.15121841430664,identifier,make
-4.226928234100342,42.02033233642578,(,(
16.303300857543945,-89.75927734375,identifier,string
17.499126434326172,-85.95689392089844,identifier,string
-72.59738159179688,-27.946414947509766,),)
-154.43421936035156,24.732223510742188,for,for
-82.52440643310547,128.87619018554688,identifier,_
-80.1491928100586,125.31952667236328,",",","
135.54811096191406,-29.704200744628906,identifier,k
-34.17525100708008,127.9088363647461,:=,:=
145.67459106445312,0.10314442962408066,identifier,t
76.55052947998047,98.67313385009766,.,.
41.5589599609375,-21.32132339477539,identifier,Fields
-70.80888366699219,-95.0428466796875,{,{
121.107666015625,-27.97037124633789,identifier,v
-40.11433792114258,123.62584686279297,:=,:=
98.68279266357422,-41.45077896118164,identifier,row
133.8683319091797,-31.573156356811523,identifier,k
119.73487091064453,-28.798124313354492,identifier,val
22.03024673461914,-84.248046875,identifier,string
-169.0069122314453,6.634393215179443,if,if
122.80087280273438,-28.37153434753418,identifier,v
2.053044319152832,90.496826171875,==,==
-86.67707824707031,-95.49193572998047,{,{
118.75374603271484,-28.63752555847168,identifier,val
-37.18672561645508,97.35133361816406,=,=
21.40262794494629,163.38584899902344,"""",""""
-6.537391185760498,213.64047241210938,"""",""""
-118.91891479492188,-46.48691177368164,},}
-113.18484497070312,-49.36605453491211,else,else
-95.89019775390625,-84.37091827392578,{,{
118.75370025634766,-28.688474655151367,identifier,val
-37.14240646362305,97.20410919189453,=,=
26.660354614257812,46.413875579833984,identifier,fmt
38.39716720581055,48.68470764160156,.,.
24.272531509399414,37.62841796875,identifier,Sprintf
19.434738159179688,33.73561477661133,(,(
14.290182113647461,158.5548095703125,"""",""""
-12.614764213562012,208.9510955810547,"""",""""
-74.58190155029297,77.30207061767578,",",","
123.21331787109375,-28.11204719543457,identifier,v
-83.65897369384766,-4.383925437927246,),)
-123.51799774169922,-43.146366119384766,},}
95.94383239746094,-22.188894271850586,identifier,newRow
133.4180908203125,-31.592670440673828,identifier,k
-34.552093505859375,87.61315155029297,=,=
119.35404205322266,-29.952239990234375,identifier,val
-120.18449401855469,-41.129920959472656,},}
146.2779083251953,-0.13300465047359467,identifier,t
85.44583892822266,97.66194152832031,.,.
51.03868865966797,-19.424951553344727,identifier,calculateSizes
-15.244303703308105,-2.9270901679992676,(,(
95.65121459960938,-21.813518524169922,identifier,newRow
-77.43171691894531,-17.21192169189453,),)
-171.00332641601562,-0.6410278677940369,if,if
-37.416839599609375,35.38090896606445,identifier,len
-27.312240600585938,25.788705825805664,(,(
95.5264663696289,-21.796907424926758,identifier,newRow
-73.97749328613281,15.181082725524902,),)
6.693826198577881,82.20297241210938,>,>
-88.61741638183594,-88.21617889404297,{,{
146.53733825683594,-0.5503239035606384,identifier,t
77.88275909423828,103.51227569580078,.,.
74.2086410522461,-10.740406036376953,identifier,Rows
-30.641122817993164,91.39641571044922,=,=
-26.03371238708496,55.032630920410156,identifier,append
-24.685129165649414,49.09739685058594,(,(
146.58860778808594,-0.6913896203041077,identifier,t
77.87211608886719,103.47071075439453,.,.
74.21603393554688,-10.748944282531738,identifier,Rows
-75.92633819580078,61.71387481689453,",",","
95.39518737792969,-21.805843353271484,identifier,newRow
-83.94038391113281,-11.636844635009766,),)
-122.86263275146484,-31.862287521362305,},}
-149.72003173828125,-87.01249694824219,},}
57.48200607299805,-138.75772094726562,func,func
35.78339385986328,-165.81524658203125,(,(
159.87783813476562,-3.463902235031128,identifier,histogram
45.1811408996582,-35.005367279052734,identifier,histogramData
-2.0899391174316406,-205.68670654296875,),)
44.9020881652832,-24.342262268066406,identifier,Update
-21.623111724853516,-43.91267395019531,(,(
109.73993682861328,-39.17450714111328,identifier,value
31.405319213867188,-80.88976287841797,identifier,int64
-15.397160530090332,-134.50454711914062,),)
-44.28664779663086,-108.62891387939453,{,{
-161.749755859375,7.424964427947998,if,if
110.77188110351562,-40.38420867919922,identifier,value
6.187921524047852,78.6872329711914,>,>
159.03382873535156,-2.9707891941070557,identifier,histogram
85.99117279052734,109.57089233398438,.,.
88.55130767822266,-49.2984504699707,identifier,max
-84.35137176513672,-98.90811157226562,{,{
158.22491455078125,-2.9073822498321533,identifier,histogram
86.4124755859375,108.70333099365234,.,.
88.57612609863281,-49.32775115966797,identifier,max
-38.258575439453125,87.71964263916016,=,=
111.62825012207031,-41.04399490356445,identifier,value
-123.81602478027344,-47.97904586791992,},}
-165.18492126464844,3.4112768173217773,if,if
110.86280822753906,-40.51388931274414,identifier,value
4.373466491699219,77.89311981201172,<,<
158.9054412841797,-2.9236345291137695,identifier,histogram
86.01439666748047,109.6530990600586,.,.
88.37579345703125,-50.471214294433594,identifier,min
-84.28092956542969,-98.88076782226562,{,{
158.1201629638672,-2.9807920455932617,identifier,histogram
86.47401428222656,108.65422058105469,.,.
88.40167999267578,-50.47915267944336,identifier,min
-38.2901725769043,87.6871337890625,=,=
111.71025848388672,-41.08305358886719,identifier,value
-123.93575286865234,-47.69990539550781,},}
157.8519287109375,-3.201014757156372,identifier,histogram
86.42567443847656,108.10763549804688,.,.
76.82423400878906,-22.11231231689453,identifier,sum
111.74624633789062,-40.9718132019043,identifier,value
157.33798217773438,-3.1420676708221436,identifier,histogram
86.20030975341797,107.81195068359375,.,.
76.55078887939453,-21.857656478881836,identifier,totalCount
-155.20518493652344,22.20549774169922,for,for
141.6924591064453,-38.397953033447266,identifier,index
-37.050392150878906,128.71226501464844,:=,:=
141.20016479492188,-39.46701431274414,identifier,index
-39.60770034790039,33.282047271728516,identifier,len
-24.775402069091797,25.124242782592773,(,(
158.94253540039062,-3.736365556716919,identifier,histogram
84.57588195800781,107.38837432861328,.,.
78.33902740478516,-14.491436958312988,identifier,bins
-70.62791442871094,11.527281761169434,),)
141.1469268798828,-39.50464630126953,identifier,index
-73.49969482421875,-95.17866516113281,{,{
-161.7728271484375,-1.2371405363082886,if,if
141.0556640625,-39.636802673339844,identifier,index
0.6055178642272949,88.55681610107422,==,==
-40.060367584228516,33.47735595703125,identifier,len
-25.425275802612305,24.66331672668457,(,(
158.85556030273438,-3.875549793243408,identifier,histogram
84.50453186035156,107.36091613769531,.,.
78.34689331054688,-14.496472358703613,identifier,bins
-70.56144714355469,11.232909202575684,),)
-85.07219696044922,-91.02418518066406,{,{
158.28421020507812,-3.735567569732666,identifier,histogram
86.14640808105469,106.77606201171875,.,.
74.4903335571289,-20.647396087646484,identifier,countPerBin
140.0128936767578,-40.337703704833984,identifier,index
-131.56227111816406,-40.35091781616211,},}
-168.12759399414062,-2.284672975540161,if,if
110.7172622680664,-40.041534423828125,identifier,value
4.235135078430176,77.39308166503906,<,<
34.37767791748047,-79.1607666015625,identifier,int64
-20.975311279296875,14.532118797302246,(,(
158.82127380371094,-3.951547622680664,identifier,histogram
84.94756317138672,107.196533203125,.,.
78.32008361816406,-14.485265731811523,identifier,bins
139.8844451904297,-40.53361511230469,identifier,index
-74.03054809570312,-6.677883625030518,),)
-87.6605224609375,-87.7193832397461,{,{
158.21017456054688,-3.935502052307129,identifier,histogram
86.51273345947266,106.38639831542969,.,.
74.51346588134766,-20.666950225830078,identifier,countPerBin
139.957275390625,-40.55801773071289,identifier,index
-124.74897766113281,-31.777793884277344,},}
-117.43852233886719,-33.39142990112305,},}
-149.77720642089844,-86.19468688964844,},}
60.22206497192383,-139.6106719970703,func,func
33.3758430480957,-167.55892944335938,(,(
149.3489227294922,-16.368865966796875,identifier,opts
40.00453186035156,-35.75773620605469,identifier,Options
-2.4867911338806152,-207.6510467529297,),)
35.74668884277344,-28.129207611083984,identifier,Validate
-19.53714942932129,-41.59098815917969,(,(
-16.145448684692383,-144.92303466796875,),)
-2.9261093139648438,-101.43685913085938,identifier,error
-37.565738677978516,-101.8727035522461,{,{
-160.04852294921875,6.3414225578308105,if,if
-36.30428695678711,34.063297271728516,identifier,len
-26.79930877685547,27.54705238342285,(,(
148.08425903320312,-14.815560340881348,identifier,opts
75.31639099121094,104.00440979003906,.,.
110.74237060546875,-59.00063705444336,identifier,Args
-70.9612045288086,15.083661079406738,),)
4.062936782836914,86.30338287353516,==,==
-90.00077819824219,-100.37995147705078,{,{
-63.4507942199707,-167.42184448242188,return,return
37.199161529541016,36.149349212646484,identifier,errors
40.493804931640625,43.30780792236328,.,.
28.404035568237305,26.669532775878906,identifier,New
24.617523193359375,27.675920486450195,(,(
20.622058868408203,155.17884826660156,"""",""""
-15.524629592895508,207.78688049316406,"""",""""
-92.39958190917969,-5.049686431884766,),)
-128.95799255371094,-47.944759368896484,},}
148.72921752929688,-13.902628898620605,identifier,opts
73.41205596923828,106.57767486572266,.,.
58.886714935302734,-67.83576202392578,identifier,Namespaced
-38.83997344970703,91.76980590820312,=,=
15.751460075378418,-72.4848861694336,identifier,strings
45.295799255371094,52.93235397338867,.,.
13.149067878723145,-5.198638916015625,identifier,Contains
4.113553524017334,0.4029897451400757,(,(
147.77011108398438,-14.636838912963867,identifier,opts
75.53751373291016,104.14566802978516,.,.
110.71194458007812,-59.03203201293945,identifier,Args
-82.04842376708984,60.118343353271484,",",","
17.610328674316406,164.22134399414062,"""",""""
-6.761404991149902,211.558837890625,"""",""""
-72.73187255859375,-21.993919372558594,),)
-154.3511505126953,23.180646896362305,for,for
-81.06114959716797,129.4255828857422,identifier,_
-79.16023254394531,124.48539733886719,",",","
120.42350006103516,-17.988832473754883,identifier,n
-34.76138687133789,126.8150405883789,:=,:=
15.392923355102539,-72.95301055908203,identifier,strings
45.31995391845703,53.45735549926758,.,.
19.84811782836914,-6.556638717651367,identifier,Split
-6.088740348815918,13.772531509399414,(,(
147.77259826660156,-14.623164176940918,identifier,opts
75.52175903320312,104.19586181640625,.,.
110.71014404296875,-59.02630615234375,identifier,Args
-82.55309295654297,59.43103790283203,",",","
17.724273681640625,163.44039916992188,"""",""""
-7.604428768157959,211.01626586914062,"""",""""
-70.0766372680664,-7.541177749633789,),)
-72.86940002441406,-95.30036926269531,{,{
148.4997100830078,-13.769344329833984,identifier,opts
73.4697265625,106.38017272949219,.,.
74.08863830566406,-14.067551612854004,identifier,Parts
-30.51616096496582,91.96183776855469,=,=
-25.126766204833984,55.04619216918945,identifier,append
-23.555692672729492,48.15464401245117,(,(
148.05352783203125,-14.164056777954102,identifier,opts
74.03406524658203,105.27525329589844,.,.
74.12617492675781,-14.05329704284668,identifier,Parts
-76.33470916748047,60.607330322265625,",",","
68.21240997314453,-62.578060150146484,identifier,name
63.977317810058594,76.77789306640625,.,.
36.529056549072266,-15.920060157775879,identifier,New
-9.49695110321045,10.180108070373535,(,(
129.1051025390625,-28.48032569885254,identifier,n
-72.1766128540039,-2.1360692977905273,),)
-83.93833923339844,-7.035012245178223,),)
-120.96371459960938,-40.81963348388672,},}
148.5819091796875,-13.60297966003418,identifier,opts
73.39759826660156,106.5604019165039,.,.
65.76744842529297,-62.359066009521484,identifier,Name
-36.82288360595703,89.78422546386719,=,=
147.5723876953125,-13.887940406799316,identifier,opts
74.70794677734375,105.28069305419922,.,.
74.60404205322266,-13.773774147033691,identifier,Parts
-41.498756408691406,32.50554275512695,identifier,len
-26.475358963012695,23.134193420410156,(,(
147.40167236328125,-14.105589866638184,identifier,opts
74.88470458984375,105.18466186523438,.,.
74.61563873291016,-13.783835411071777,identifier,Parts
-72.36572265625,11.256361961364746,),)
-71.70089721679688,-157.81805419921875,return,return
-150.42425537109375,-93.28643798828125,},}
58.667911529541016,-143.57369995117188,func,func
36.39973068237305,-170.27210998535156,(,(
138.97120666503906,11.617877006530762,identifier,f
39.8667106628418,-38.31683349609375,identifier,FakeClient
0.704426109790802,-205.5382843017578,),)
48.50385665893555,-28.362735748291016,identifier,ListTeamMembers
-24.404640197753906,-41.93027114868164,(,(
73.04496002197266,-50.91526794433594,identifier,teamID
30.53012466430664,-83.71380615234375,identifier,int
-104.49201202392578,99.31028747558594,",",","
75.88235473632812,-58.308963775634766,identifier,role
24.169225692749023,-86.55496215820312,identifier,string
-12.018550872802734,-136.65982055664062,),)
-1.363922119140625,-156.4369354248047,(,(
49.880802154541016,0.09560459852218628,identifier,github
58.031681060791016,67.71041870117188,.,.
55.53627395629883,-39.143043518066406,identifier,TeamMember
-123.28153228759766,88.34185028076172,",",","
-4.915700435638428,-107.27166748046875,identifier,error
-16.328676223754883,-110.42183685302734,),)
-37.16917037963867,-106.43683624267578,{,{
-160.83314514160156,4.889033317565918,if,if
75.89445495605469,-58.316986083984375,identifier,role
8.12842082977295,92.85395050048828,!=,!=
49.882591247558594,-0.1559440642595291,identifier,github
58.49395751953125,68.28797912597656,.,.
60.9593505859375,-21.834428787231445,identifier,RoleAll
-88.03419494628906,-99.42477416992188,{,{
-65.04012298583984,-170.19451904296875,return,return
-138.27232360839844,71.5080337524414,",",","
28.64625358581543,45.096397399902344,identifier,fmt
37.54524612426758,46.748252868652344,.,.
29.390209197998047,32.96977996826172,identifier,Errorf
21.911725997924805,28.604188919067383,(,(
19.543188095092773,153.90797424316406,"""",""""
-14.278844833374023,208.4766387939453,"""",""""
-72.97398376464844,77.74822998046875,",",","
75.89087677001953,-58.32291030883789,identifier,role
-88.80512237548828,-4.798925399780273,),)
-127.89634704589844,-46.553436279296875,},}
92.22042083740234,-31.45227813720703,identifier,teams
-48.336612701416016,119.33363342285156,:=,:=
34.241607666015625,-83.8013687133789,identifier,int
49.993568420410156,0.1806723028421402,identifier,github
57.75297546386719,67.82862091064453,.,.
55.55696487426758,-39.13584899902344,identifier,TeamMember
-64.19864654541016,-61.964168548583984,{,{
-67.58059692382812,-68.63257598876953,{,{
-67.58226013183594,-68.81765747070312,{,{
60.17040252685547,-60.11260223388672,identifier,Login
19.68054962158203,164.6204376220703,"""",""""
-6.027675151824951,209.73622131347656,"""",""""
-102.55317687988281,-22.988521575927734,},}
-102.77397918701172,-23.23145866394043,},}
-102.34567260742188,50.84648132324219,",",","
-67.67630767822266,-68.6416244506836,{,{
-67.64389038085938,-68.81304168701172,{,{
60.1634635925293,-60.11716842651367,identifier,Login
19.691495895385742,164.6664276123047,"""",""""
-6.107533931732178,209.98846435546875,"""",""""
-102.58985900878906,-23.08404541015625,},}
-102.84513854980469,-23.4051570892334,},}
-104.4836196899414,40.44615936279297,",",","
-102.82666778564453,-32.17414474487305,},}
102.29090118408203,-22.39545440673828,identifier,members
-67.3437271118164,118.05657958984375,",",","
117.15457153320312,52.280277252197266,identifier,ok
-31.6370849609375,117.82384490966797,:=,:=
92.23272705078125,-31.492223739624023,identifier,teams
72.80974578857422,-50.960453033447266,identifier,teamID
-174.5067138671875,0.3729972541332245,if,if
118.90560150146484,49.72804641723633,identifier,ok
-89.25289916992188,-89.60716247558594,{,{
-72.76266479492188,-164.80636596679688,return,return
49.994728088378906,0.22572003304958344,identifier,github
57.67932891845703,67.74269104003906,.,.
55.55005645751953,-39.154422760009766,identifier,TeamMember
-63.1434440612793,-61.35600280761719,{,{
-74.89274597167969,-49.93825149536133,},}
-138.18431091308594,77.09664916992188,",",","
-126.54949951171875,-35.29220199584961,},}
-76.82923126220703,-156.82460021972656,return,return
103.1023178100586,-22.43722915649414,identifier,members
-136.40147399902344,79.79348754882812,",",","
-153.31658935546875,-93.74451446533203,},}
71.05265808105469,-145.1375274658203,func,func
42.37461853027344,-29.78028106689453,identifier,newLabels
-27.508037567138672,-48.01509475708008,(,(
71.93951416015625,-51.34543228149414,identifier,issueID
30.57548713684082,-83.93330383300781,identifier,int
-104.84173583984375,101.51433563232422,",",","
85.2278060913086,-37.71299743652344,identifier,gLabels
49.54950714111328,0.14787830412387848,identifier,github
58.265113830566406,67.18216705322266,.,.
56.67806625366211,-41.539955139160156,identifier,Label
-107.7123794555664,98.54363250732422,",",","
76.39779663085938,-74.26122283935547,identifier,repository
24.697248458862305,-86.84185791015625,identifier,string
-11.576918601989746,-136.56834411621094,),)
-1.8164488077163696,-156.7819366455078,(,(
45.3773307800293,-1.580089807510376,identifier,sql
57.6051025390625,65.23763275146484,.,.
56.89317321777344,-41.523468017578125,identifier,Label
-123.39376068115234,87.98336791992188,",",","
-5.1565470695495605,-106.98982238769531,identifier,error
-16.3442325592041,-110.80490112304688,),)
-38.28252410888672,-106.23554229736328,{,{
96.59452819824219,-30.625843048095703,identifier,labels
-49.599212646484375,120.07991027832031,:=,:=
45.39801788330078,-1.5660072565078735,identifier,sql
57.39848709106445,65.2413101196289,.,.
56.97580337524414,-41.52206039428711,identifier,Label
-64.06671905517578,-60.33312225341797,{,{
-73.10720825195312,-46.032798767089844,},}
77.00553894042969,-74.2539291381836,identifier,repository
-35.437103271484375,98.37248992919922,=,=
15.79559326171875,-72.61693572998047,identifier,strings
45.465023040771484,52.89590072631836,.,.
16.388671875,-0.12185198813676834,identifier,ToLower
-13.440633773803711,14.527052879333496,(,(
76.91204833984375,-74.22300720214844,identifier,repository
-69.6822280883789,-19.5943660736084,),)
-154.6347198486328,23.399282455444336,for,for
-81.26830291748047,129.0753936767578,identifier,_
-79.3377685546875,125.13716125488281,",",","
125.6307373046875,-34.100765228271484,identifier,label
-33.65495681762695,125.98950958251953,:=,:=
85.30216979980469,-37.73557662963867,identifier,gLabels
-71.08002471923828,-96.53356170654297,{,{
-160.79840087890625,0.3886509835720062,if,if
125.70684051513672,-34.05381393432617,identifier,label
66.22893524169922,99.4552230834961,.,.
65.37731170654297,-63.4202995300293,identifier,Name
1.5904772281646729,89.72634887695312,==,==
-89.36934661865234,-96.03431701660156,{,{
-67.84303283691406,-169.41812133789062,return,return
-138.8663787841797,71.90107727050781,",",","
28.30754280090332,45.98834991455078,identifier,fmt
37.02016830444336,47.31740188598633,.,.
30.14855194091797,33.48997497558594,identifier,Errorf
22.15074920654297,29.980356216430664,(,(
18.162044525146484,154.15789794921875,"""",""""
-15.101886749267578,210.18580627441406,"""",""""
-91.89654541015625,-6.486030578613281,),)
-127.82038879394531,-43.68650817871094,},}
96.71614074707031,-30.39850425720215,identifier,labels
-30.191715240478516,94.36714935302734,=,=
-24.76858901977539,54.2130241394043,identifier,append
-23.579771041870117,48.133880615234375,(,(
96.69671630859375,-30.31584930419922,identifier,labels
-76.25531768798828,60.20978927612305,",",","
45.382259368896484,-1.577066421508789,identifier,sql
57.34093475341797,65.157470703125,.,.
57.022621154785156,-41.522796630859375,identifier,Label
-63.659732818603516,-66.3385238647461,{,{
71.54219055175781,-51.69343948364258,identifier,IssueID
19.3106632232666,2.8630261421203613,identifier,strconv
47.786285400390625,55.90223693847656,.,.
16.38417625427246,1.1596660614013672,identifier,Itoa
-14.280771255493164,14.099395751953125,(,(
71.91581726074219,-51.3136100769043,identifier,issueID
-72.65054321289062,0.8685044646263123,),)
-107.25431060791016,50.151283264160156,",",","
65.21935272216797,-62.330726623535156,identifier,Name
125.73530578613281,-34.069766998291016,identifier,label
64.21111297607422,100.49051666259766,.,.
64.46747589111328,-63.376197814941406,identifier,Name
-107.36107635498047,51.017826080322266,",",","
76.27899932861328,-74.55481719970703,identifier,Repository
76.46875,-74.36126708984375,identifier,repository
-106.21305084228516,41.9905891418457,",",","
-105.11585998535156,-29.554243087768555,},}
-87.20196533203125,-17.856767654418945,),)
-119.336181640625,-36.49741744995117,},}
-76.96932220458984,-156.4537811279297,return,return
96.44042205810547,-29.06147575378418,identifier,labels
-137.12026977539062,80.04449462890625,",",","
-151.87506103515625,-93.7077865600586,},}
58.14537048339844,-141.628173828125,func,func
36.28926086425781,-168.31163024902344,(,(
137.53643798828125,9.929859161376953,identifier,c
38.551185607910156,-38.67413330078125,identifier,Client
0.9824537038803101,-206.2184600830078,),)
46.1622314453125,-25.02794647216797,identifier,QueryChanges
-23.945234298706055,-42.41593933105469,(,(
76.31119537353516,-42.962799072265625,identifier,lastUpdate
19.496173858642578,-56.3663444519043,identifier,time
59.14104080200195,54.08755111694336,.,.
22.23509979248047,-54.757137298583984,identifier,Time
-106.33480072021484,99.40470886230469,",",","
76.76881408691406,-40.33576202392578,identifier,rateLimit
29.724609375,-83.33401489257812,identifier,int
-11.76626205444336,-135.3692626953125,),)
16.598726272583008,-89.72270202636719,identifier,string
58.874549865722656,-38.560638427734375,identifier,ChangeInfo
-41.837669372558594,-97.10717010498047,{,{
105.84712982177734,-11.09200382232666,identifier,result
-50.369815826416016,120.52934265136719,:=,:=
15.869734764099121,-89.69450378417969,identifier,string
58.92131042480469,-38.56925964355469,identifier,ChangeInfo
-63.61897277832031,-60.324317932128906,{,{
-72.48431396484375,-47.273033142089844,},}
-154.77505493164062,24.28265380859375,for,for
-82.55451202392578,129.39088439941406,identifier,_
-79.5914535522461,126.2325210571289,",",","
130.19898986816406,-20.224660873413086,identifier,h
-33.33877944946289,127.69144439697266,:=,:=
140.6707763671875,-3.599827527999878,identifier,c
88.55458068847656,99.07664489746094,.,.
26.195371627807617,-33.42131423950195,identifier,handlers
-71.07776641845703,-95.12335968017578,{,{
121.611572265625,-34.47142028808594,identifier,changes
-47.55569076538086,118.78888702392578,:=,:=
131.5646514892578,-20.555932998657227,identifier,h
83.64098358154297,93.67578887939453,.,.
47.843570709228516,-16.241222381591797,identifier,queryAllChanges
-12.56920051574707,-2.801086902618408,(,(
76.33158874511719,-42.96442413330078,identifier,lastUpdate
-88.10028839111328,70.37861633300781,",",","
76.78256225585938,-40.351287841796875,identifier,rateLimit
-73.73407745361328,-18.213687896728516,),)
-169.55490112304688,3.3348898887634277,if,if
-37.45524215698242,34.554725646972656,identifier,len
-26.163270950317383,26.20467758178711,(,(
121.40154266357422,-34.234161376953125,identifier,changes
-72.95569610595703,14.319815635681152,),)
6.265162944793701,81.98013305664062,>,>
-85.11564636230469,-92.40015411376953,{,{
105.84931945800781,-8.980317115783691,identifier,result
132.2334747314453,-20.346921920776367,identifier,h
80.39496612548828,108.11064910888672,.,.
72.19689178466797,-16.98003387451172,identifier,instance
-32.26982879638672,88.62844848632812,=,=
58.91103744506836,-38.550331115722656,identifier,ChangeInfo
-63.38200378417969,-60.628116607666016,{,{
-73.1595458984375,-47.9822998046875,},}
-151.86683654785156,22.137773513793945,for,for
-82.849853515625,130.81961059570312,identifier,_
-77.90243530273438,126.23400115966797,",",","
122.38199615478516,-33.9428596496582,identifier,change
-32.923519134521484,124.6800537109375,:=,:=
121.4311752319336,-34.1064453125,identifier,changes
-72.84015655517578,-97.90048217773438,{,{
105.89408874511719,-8.694835662841797,identifier,result
132.3716278076172,-20.327117919921875,identifier,h
80.40419006347656,108.1712646484375,.,.
72.21751403808594,-16.980684280395508,identifier,instance
-31.14957046508789,89.73503112792969,=,=
-26.165321350097656,54.434444427490234,identifier,append
-24.771730422973633,48.697410583496094,(,(
106.10551452636719,-8.522482872009277,identifier,result
132.46392822265625,-20.280227661132812,identifier,h
80.40435791015625,108.17322540283203,.,.
72.21764373779297,-16.984790802001953,identifier,instance
-76.22054290771484,62.20487594604492,",",","
122.38795471191406,-33.76137161254883,identifier,change
-84.50637817382812,-10.955092430114746,),)
-122.79496765136719,-33.06767272949219,},}
-118.2976303100586,-33.974613189697266,},}
-117.02061462402344,-35.685203552246094,},}
-76.38943481445312,-154.95330810546875,return,return
107.57186126708984,-9.906455993652344,identifier,result
-149.18304443359375,-96.25353240966797,},}
59.19890594482422,-142.16917419433594,func,func
36.04697036743164,-169.662109375,(,(
137.7821807861328,10.242050170898438,identifier,c
38.51289749145508,-38.61704635620117,identifier,Client
1.1053478717803955,-205.84812927246094,),)
48.99121856689453,-28.885051727294922,identifier,GetUserPermission
-25.365428924560547,-41.22189712524414,(,(
70.50196075439453,-75.58360290527344,identifier,org
-99.3532485961914,99.34905242919922,",",","
75.1125717163086,-73.0904769897461,identifier,repo
-99.44605255126953,98.55854797363281,",",","
71.28205108642578,-68.2724609375,identifier,user
24.172794342041016,-86.8674087524414,identifier,string
-12.5975341796875,-136.62753295898438,),)
-2.3112454414367676,-156.22523498535156,(,(
19.553258895874023,-82.82213592529297,identifier,string
-122.37709045410156,87.16850280761719,",",","
-3.7165486812591553,-107.06398010253906,identifier,error
-17.822734832763672,-110.42174530029297,),)
-38.0806999206543,-105.14692687988281,{,{
141.46527099609375,-2.8504934310913086,identifier,c
90.34072875976562,97.70683288574219,.,.
51.282020568847656,25.342140197753906,identifier,log
19.57830238342285,24.01576042175293,(,(
15.024422645568848,153.8037567138672,"""",""""
-13.722594261169434,207.46389770507812,"""",""""
-71.21135711669922,77.17555236816406,",",","
70.79959106445312,-75.36275482177734,identifier,org
-91.85628509521484,74.99813079833984,",",","
75.04026794433594,-72.6822509765625,identifier,repo
-91.85184478759766,75.05338287353516,",",","
71.6526870727539,-68.20256805419922,identifier,user
-71.67456817626953,-20.537870407104492,),)
80.09041595458984,-7.434092044830322,identifier,perm
-68.77298736572266,-58.49496078491211,{,{
79.7137451171875,-7.438676834106445,identifier,Perm
21.450727462768555,-85.4539794921875,identifier,string
-102.3668441772461,-36.76619338989258,},}
-79.38982391357422,133.06494140625,identifier,_
-75.47119903564453,127.41130828857422,",",","
132.50518798828125,67.7169189453125,identifier,err
-33.346946716308594,112.0463638305664,:=,:=
141.26426696777344,-3.1138832569122314,identifier,c
89.29777526855469,97.2596206665039,.,.
33.506343841552734,-30.481964111328125,identifier,request
-7.340942859649658,-7.492132663726807,(,(
33.453189849853516,-30.50225830078125,identifier,request
-60.622528076171875,-68.41704559326172,{,{
65.49343872070312,-51.10710906982422,identifier,method
15.090531349182129,-35.863372802734375,identifier,http
56.21148681640625,60.01809310913086,.,.
65.06818389892578,-50.98462677001953,identifier,MethodGet
-109.84056091308594,50.013755798339844,",",","
80.25016021728516,-67.27025604248047,identifier,path
26.259817123413086,45.93804168701172,identifier,fmt
38.72364044189453,49.18003845214844,.,.
24.284299850463867,38.29472351074219,identifier,Sprintf
18.775314331054688,34.35761642456055,(,(
13.500761985778809,158.43592834472656,"""",""""
-11.855400085449219,208.4458770751953,"""",""""
-74.84070587158203,77.67053985595703,",",","
70.82884979248047,-75.33296203613281,identifier,org
-92.54995727539062,74.27474975585938,",",","
75.01940155029297,-72.6409912109375,identifier,repo
-92.71493530273438,74.38471984863281,",",","
71.58866119384766,-68.2225570678711,identifier,user
-70.93463897705078,-0.8928835988044739,),)
-104.7074966430664,51.13242721557617,",",","
59.65193176269531,-26.593475341796875,identifier,exitCodes
34.34772491455078,-84.3935775756836,identifier,int
-66.49139404296875,-60.88517379760742,{,{
-103.39079284667969,-24.58085823059082,},}
-104.37336730957031,40.47979736328125,",",","
-104.59442138671875,-29.14280128479004,},}
-93.90200805664062,62.691558837890625,",",","
80.5437240600586,-7.5554118156433105,identifier,perm
-77.4831771850586,-15.542509078979492,),)
-173.16746520996094,0.7767665386199951,if,if
134.1336212158203,57.729618072509766,identifier,err
12.587627410888672,104.63888549804688,!=,!=
-92.71394348144531,-90.07167053222656,{,{
-71.32566833496094,-166.4937286376953,return,return
21.43657684326172,161.27798461914062,"""",""""
-9.546881675720215,215.33575439453125,"""",""""
-138.8982696533203,74.91016387939453,",",","
142.5821533203125,52.50199890136719,identifier,err
-128.00274658203125,-37.37277603149414,},}
-78.17920684814453,-156.94493103027344,return,return
80.48111724853516,-7.571704864501953,identifier,perm
67.61193084716797,105.621826171875,.,.
79.91688537597656,-7.583828449249268,identifier,Perm
-135.85275268554688,80.53046417236328,",",","
-151.88343811035156,-93.0296859741211,},}
58.94736099243164,-141.006591796875,func,func
35.48423385620117,-167.7003173828125,(,(
139.5524444580078,5.702422618865967,identifier,h
47.86751937866211,-33.44062423706055,identifier,Header
-1.012977957725525,-207.869384765625,),)
30.496673583984375,-16.87353515625,identifier,UnmarshalXML
-20.914485931396484,-45.249549865722656,(,(
129.2778778076172,-0.9535232782363892,identifier,d
23.096776962280273,-39.43747329711914,identifier,xml
59.02144241333008,62.400604248046875,.,.
32.60823440551758,-17.19731903076172,identifier,Decoder
-108.0566635131836,99.75682830810547,",",","
94.04171752929688,-50.91477584838867,identifier,start
23.226957321166992,-40.07263946533203,identifier,xml
58.62989807128906,62.540382385253906,.,.
23.500289916992188,-20.610177993774414,identifier,StartElement
-11.31352424621582,-134.31129455566406,),)
-4.244235038757324,-101.44669342041016,identifier,error
-37.2948112487793,-102.98160552978516,{,{
9.072959899902344,-25.49411964416504,(,(
83.7754898071289,-3.24625563621521,identifier,token
23.217775344848633,-40.03022766113281,identifier,xml
58.12154769897461,62.64747619628906,.,.
82.75480651855469,-2.7719104290008545,identifier,Token
137.09661865234375,67.61182403564453,identifier,err
-9.043993949890137,-101.66022491455078,identifier,error
-16.47750473022461,-125.10356140136719,),)
-156.47279357910156,22.87632942199707,for,for
-70.70372772216797,-91.45877838134766,{,{
-160.62164306640625,2.8593876361846924,if,if
84.14969635009766,-3.3079733848571777,identifier,token
-69.39248657226562,120.78722381591797,",",","
133.9646759033203,66.9705581665039,identifier,err
-33.323944091796875,106.16535186767578,=,=
129.41311645507812,-1.215201735496521,identifier,d
72.2968521118164,91.08432006835938,.,.
82.79560852050781,-2.776085138320923,identifier,Token
-26.981483459472656,-11.157329559326172,(,(
-59.224308013916016,-11.718324661254883,),)
130.08285522460938,53.90663528442383,identifier,err
13.193734169006348,108.32080841064453,!=,!=
-92.7939453125,-96.20377349853516,{,{
-65.26699829101562,-166.5303955078125,return,return
146.59584045410156,51.54844665527344,identifier,err
-131.314208984375,-45.55471420288086,},}
-166.24061584472656,1.608298420906067,if,if
84.27777099609375,-3.336296319961548,identifier,token
1.4740638732910156,90.4015884399414,==,==
-90.23886108398438,-95.76997375488281,{,{
-132.47254943847656,-42.897178649902344,},}
126.040283203125,-21.099592208862305,identifier,se
-36.67573547363281,123.34762573242188,:=,:=
84.48236846923828,-3.3809781074523926,identifier,token
56.444828033447266,101.58680725097656,.,.
-6.079011917114258,35.92903518676758,(,(
-54.755577087402344,-21.301816940307617,),)
-76.65242004394531,-86.00919342041016,{,{
-153.02513122558594,-9.2006196975708,case,case
23.014211654663086,-39.22430419921875,identifier,xml
56.97163391113281,62.95281219482422,.,.
23.497446060180664,-20.606748580932617,identifier,StartElement
-163.2250518798828,-2.597182273864746,if,if
133.7403106689453,61.045379638671875,identifier,err
-30.91301918029785,106.18597412109375,=,=
129.41432189941406,-1.254137635231018,identifier,d
72.44470977783203,90.93079376220703,.,.
31.413774490356445,-15.471244812011719,identifier,DecodeElement
-9.769388198852539,-0.26600220799446106,(,(
139.80148315429688,5.077606678009033,identifier,h
76.3602066040039,99.58861541748047,.,.
66.92053985595703,-37.06551742553711,identifier,Content
-88.7369155883789,68.04055786132812,",",","
126.00992584228516,-21.145034790039062,identifier,se
-76.31777954101562,-12.874258995056152,),)
135.4873046875,55.1800422668457,identifier,err
15.388998985290527,105.69746398925781,!=,!=
-94.9208755493164,-90.49761199951172,{,{
-66.33141326904297,-164.84388732910156,return,return
145.82369995117188,53.364845275878906,identifier,err
-130.31517028808594,-36.97343826293945,},}
-153.7204132080078,-11.659249305725098,case,case
22.998619079589844,-39.173133850097656,identifier,xml
56.89118194580078,63.03356170654297,.,.
23.490602493286133,-20.607797622680664,identifier,EndElement
-119.01758575439453,-32.86179733276367,},}
-117.05465698242188,-35.666358947753906,},}
-71.67784118652344,-157.11964416503906,return,return
-150.01565551757812,-93.68758392333984,},}
60.1171875,-141.91860961914062,func,func
35.85311508178711,-168.85934448242188,(,(
140.8551483154297,8.967752456665039,identifier,s
45.332000732421875,-33.76948928833008,identifier,Storage
1.293192982673645,-207.009521484375,),)
38.96862030029297,-49.82655715942383,identifier,Exists
-22.78811264038086,-43.200157165527344,(,(
81.29719543457031,36.03394317626953,identifier,ctx
78.09759521484375,40.17485046386719,identifier,context
74.21510314941406,43.125709533691406,.,.
75.9601058959961,39.7520866394043,identifier,Context
-110.61455535888672,100.9653549194336,",",","
69.05551147460938,-43.32505798339844,identifier,accessToken
23.246503829956055,-86.62059020996094,identifier,string
-12.86510181427002,-136.65614318847656,),)
-0.6553828120231628,-155.57861328125,(,(
38.974159240722656,-50.142608642578125,identifier,exists
25.36020278930664,-79.79149627685547,identifier,bool
-120.76937866210938,88.35188293457031,",",","
136.71690368652344,69.78315734863281,identifier,err
-9.520005226135254,-103.23319244384766,identifier,error
-17.035490036010742,-112.4854507446289,),)
-40.554012298583984,-106.15929412841797,{,{
82.32136535644531,1.293687343597412,identifier,span
-66.57172393798828,122.36310577392578,",",","
82.46083068847656,34.11358642578125,identifier,ctx
-34.75604248046875,116.24991607666016,:=,:=
55.83531951904297,-9.84319019317627,identifier,opentracing
65.91072082519531,70.69351959228516,.,.
54.77493667602539,-9.91840648651123,identifier,StartSpanFromContext
-11.528159141540527,-9.680692672729492,(,(
82.27507019042969,37.21535873413086,identifier,ctx
-82.4122085571289,71.74349212646484,",",","
15.095748901367188,161.70465087890625,"""",""""
-13.19629955291748,206.134033203125,"""",""""
-71.10411834716797,-23.174440383911133,),)
82.32807922363281,1.2930450439453125,identifier,span
73.7898178100586,85.13319396972656,.,.
-21.408781051635742,-18.14636993408203,identifier,Finish
-22.357873916625977,-17.1356143951416,(,(
-67.34159088134766,-24.93808364868164,),)
95.85359954833984,-50.51332473754883,identifier,start
-42.24531936645508,126.6654281616211,:=,:=
18.359586715698242,-54.212730407714844,identifier,time
57.865596771240234,49.7647819519043,.,.
13.503608703613281,-18.469919204711914,identifier,Now
-32.790218353271484,-6.835569381713867,(,(
-66.53462982177734,-23.944557189941406,),)
95.51895904541016,-32.84516143798828,identifier,labels
-48.5184440612793,117.48566436767578,:=,:=
57.297969818115234,-9.64067268371582,identifier,prometheus
64.74314880371094,70.2815933227539,.,.
95.50679779052734,-33.06468963623047,identifier,Labels
-64.34318542480469,-64.10411834716797,{,{
10.903172492980957,159.59365844726562,"""",""""
-11.558404922485352,202.8365936279297,"""",""""
16.28759002685547,166.36920166015625,"""",""""
-5.869807243347168,208.9757537841797,"""",""""
-104.16014099121094,-36.10847473144531,},}
135.98480224609375,63.731658935546875,identifier,err
-32.22469711303711,104.93929290771484,=,=
143.83612060546875,1.5908854007720947,identifier,s
89.55498504638672,99.11845397949219,.,.
47.69663619995117,-4.016106128692627,identifier,db
70.1309814453125,81.19359588623047,.,.
47.426185607910156,-15.069114685058594,identifier,QueryRowContext
-8.483539581298828,-5.5590596199035645,(,(
82.7901611328125,37.19369125366211,identifier,ctx
-83.05937957763672,71.15906524658203,",",","
144.43130493164062,1.7775002717971802,identifier,s
86.84471130371094,99.67976379394531,.,.
47.99953842163086,-15.957663536071777,identifier,queryExists
-89.52189636230469,68.91925811767578,",",","
69.07486724853516,-43.35313415527344,identifier,accessToken
-64.360107421875,-0.9363747835159302,),)
54.096256256103516,90.59288024902344,.,.
47.00148391723633,-14.923312187194824,identifier,Scan
-6.769229888916016,-4.10692834854126,(,(
38.976993560791016,-50.28743362426758,identifier,exists
-104.75606536865234,39.016357421875,",",","
-99.44912719726562,-30.34242820739746,),)
145.1222686767578,1.8861420154571533,identifier,s
86.21053314208984,98.2076416015625,.,.
50.93909454345703,-15.224185943603516,identifier,incQueries
-9.272689819335938,1.134366750717163,(,(
95.13735961914062,-31.94086456298828,identifier,labels
-86.73999786376953,64.59260559082031,",",","
95.32069396972656,-52.644065856933594,identifier,start
-81.4199447631836,-16.005395889282227,),)
-172.55311584472656,-0.47647854685783386,if,if
134.9818115234375,58.06938552856445,identifier,err
12.918074607849121,103.55931854248047,!=,!=
-91.62914276123047,-88.79942321777344,{,{
145.15879821777344,1.9755809307098389,identifier,s
86.2069320678711,98.40373229980469,.,.
51.06675720214844,-15.132429122924805,identifier,incError
-9.11599349975586,1.1656135320663452,(,(
95.13526153564453,-31.89244270324707,identifier,labels
-86.97689056396484,-11.363597869873047,),)
-125.17589569091797,-35.74358367919922,},}
-67.73793029785156,-156.49966430664062,return,return
-145.4280242919922,-93.30694580078125,},}
69.56269073486328,-144.70310974121094,func,func
44.78286361694336,-30.892963409423828,identifier,MakeFakeSku
-26.21640968322754,-47.05709457397461,(,(
66.41645050048828,-40.472679138183594,identifier,status
21.854568481445312,-87.12181854248047,identifier,string
-13.374388694763184,-139.5689697265625,),)
-2.0237600803375244,-153.95384216308594,(,(
54.26190948486328,-33.74456787109375,identifier,FakeSku
-120.39016723632812,90.77456665039062,",",","
57.76265335083008,-1.5637925863265991,identifier,taskmanager
61.21889114379883,66.96736907958984,.,.
56.61347198486328,-46.41261672973633,identifier,Task
-119.44488525390625,91.42201232910156,",",","
57.74856185913086,-1.5712522268295288,identifier,taskmanager
61.089691162109375,66.98127746582031,.,.
56.60897445678711,-46.398799896240234,identifier,Task
-16.8469295501709,-115.24183654785156,),)
-43.26333999633789,-106.65174102783203,{,{
88.78411102294922,-14.195914268493652,identifier,spyTask
-45.81925964355469,119.77091217041016,:=,:=
57.76505661010742,-1.570610523223877,identifier,taskmanager
61.18156051635742,67.57305908203125,.,.
56.626277923583984,-46.427284240722656,identifier,Task
-60.705177307128906,-65.3626480102539,{,{
68.4564208984375,-57.309322357177734,identifier,ID
45.698646545410156,-5.783762454986572,identifier,bson
50.394683837890625,61.26204299926758,.,.
39.27064514160156,-15.260623931884766,identifier,NewObjectId
-31.06290626525879,-8.124015808105469,(,(
-58.93534469604492,-7.63604211807251,),)
-105.55342102050781,49.283851623535156,",",","
72.33374786376953,-36.20615768432617,identifier,Expires
18.583250045776367,-53.84663391113281,identifier,time
57.779029846191406,49.662872314453125,.,.
13.377093315124512,-18.578100204467773,identifier,Now
-32.85451889038086,-6.6932902336120605,(,(
-53.25030517578125,-6.586381435394287,),)
57.91401290893555,47.20659255981445,.,.
16.841384887695312,-12.940677642822266,identifier,UnixNano
-31.466447830200195,-7.956286907196045,(,(
-59.064815521240234,-7.585733413696289,),)
-104.71011352539062,49.07603454589844,",",","
61.90155792236328,-22.89914894104004,identifier,PrivateMetaData
15.842782020568848,-90.5439224243164,identifier,string
-67.87079620361328,-57.3215217590332,{,{
-71.08487701416016,-50.862396240234375,},}
-67.03675079345703,-58.55582046508789,{,{
-71.88911437988281,-50.286624908447266,},}
-104.06149291992188,41.02688217163086,",",","
-102.76435852050781,-32.71209716796875,},}
88.66929626464844,-16.60177993774414,identifier,myFakeManager
-42.85335922241211,117.41188049316406,:=,:=
59.682559967041016,-25.15695571899414,identifier,FakeTaskManager
-61.3516845703125,-65.95303344726562,{,{
59.80719757080078,-25.560117721557617,identifier,ReturnedTask
89.40690612792969,-13.773085594177246,identifier,spyTask
-107.59992218017578,52.38153839111328,",",","
65.127685546875,-20.782880783081055,identifier,SpyTaskSaved
0.6643447875976562,39.3115119934082,identifier,new
-2.181549072265625,38.609474182128906,(,(
57.805931091308594,-1.520458459854126,identifier,taskmanager
61.47807312011719,67.86656188964844,.,.
56.64887619018555,-46.44441604614258,identifier,Task
-76.82915496826172,-6.115843296051025,),)
-105.23072814941406,40.84883499145508,",",","
-103.87466430664062,-32.691776275634766,},}
89.18636322021484,-13.930355072021484,identifier,spyTask
74.2234115600586,88.93986511230469,.,.
51.444435119628906,-23.548900604248047,identifier,Protect
-9.16334342956543,2.2139995098114014,(,(
89.19914245605469,-16.342538833618164,identifier,myFakeManager
-87.53759002685547,64.44329071044922,",",","
50.78740310668945,-13.117724418640137,identifier,sync
54.8189811706543,56.990882873535156,.,.
-23.499187469482422,-24.141111373901367,identifier,RWMutex
-61.56229782104492,-58.64350128173828,{,{
-73.20155334472656,-50.04595947265625,},}
-80.90679931640625,-18.39655303955078,),)
118.44572448730469,-11.899776458740234,identifier,s
-43.09688186645508,114.99617004394531,:=,:=
0.6545001864433289,39.36759567260742,identifier,new
-2.1483280658721924,38.624080657958984,(,(
54.31423568725586,-33.72747802734375,identifier,FakeSku
-82.10678100585938,-23.17411231994629,),)
-78.38553619384766,-155.67579650878906,return,return
116.26262664794922,-10.246818542480469,identifier,s
-132.27845764160156,75.63449096679688,",",","
89.45394134521484,-13.787055015563965,identifier,spyTask
-131.5300750732422,76.14913177490234,",",","
89.15815734863281,-16.32451057434082,identifier,myFakeManager
68.60638427734375,106.04287719726562,.,.
65.05998229980469,-20.799373626708984,identifier,SpyTaskSaved
-154.88621520996094,-90.36224365234375,},}
69.35418701171875,-147.08016967773438,func,func
43.03175735473633,-27.92629051208496,identifier,ZeroToEnd
-25.875350952148438,-45.166683197021484,(,(
129.4507598876953,-4.418215274810791,identifier,f
50.44601821899414,5.435557842254639,identifier,os
53.69171142578125,59.724273681640625,.,.
63.05895233154297,-12.838786125183105,identifier,File
-16.8089656829834,-138.26658630371094,),)
-3.324869394302368,-101.07424926757812,identifier,error
-38.67009735107422,-101.58071899414062,{,{
97.67720031738281,-56.74492263793945,identifier,off
-67.67662048339844,122.1394271850586,",",","
133.10592651367188,69.90695190429688,identifier,err
-33.50576400756836,115.32589721679688,:=,:=
129.8332977294922,-5.538923263549805,identifier,f
70.71270751953125,89.11032104492188,.,.
25.418983459472656,-13.22021484375,identifier,Seek
-2.9088828563690186,3.6832997798919678,(,(
-84.01091003417969,63.87660598754883,",",","
17.399065017700195,-44.29713821411133,identifier,io
54.986968994140625,58.34412384033203,.,.
26.106496810913086,-15.140097618103027,identifier,SeekCurrent
-69.64665222167969,-21.097824096679688,),)
-173.0229034423828,6.453566551208496,if,if
129.0347137451172,56.6541633605957,identifier,err
12.096845626831055,109.60148620605469,!=,!=
-93.39311981201172,-98.54351043701172,{,{
-64.95331573486328,-166.43023681640625,return,return
146.65390014648438,51.324161529541016,identifier,err
-130.13311767578125,-47.33527374267578,},}
97.93667602539062,-17.17030143737793,identifier,lenf
-68.40802001953125,121.54070281982422,",",","
131.98194885253906,43.01060104370117,identifier,lerr
-32.477638244628906,115.27332305908203,:=,:=
129.77613830566406,-5.605385780334473,identifier,f
70.68476867675781,89.1111831665039,.,.
25.402036666870117,-13.178457260131836,identifier,Seek
-2.8312270641326904,3.6665725708007812,(,(
-83.98060607910156,63.877037048339844,",",","
17.26936149597168,-44.25746154785156,identifier,io
54.87214279174805,58.4532585144043,.,.
26.137828826904297,-15.147536277770996,identifier,SeekEnd
-69.95854949951172,-20.795961380004883,),)
-175.64793395996094,4.5425944328308105,if,if
132.24212646484375,42.46998596191406,identifier,lerr
9.482688903808594,105.92765045166016,!=,!=
-92.29306030273438,-95.42166900634766,{,{
-65.94476318359375,-166.80999755859375,return,return
132.3430633544922,42.30644226074219,identifier,lerr
-130.791015625,-44.157283782958984,},}
-166.7782745361328,0.08966302871704102,if,if
133.68588256835938,60.9055061340332,identifier,err
-30.746362686157227,105.7059555053711,=,=
129.62783813476562,-5.503100395202637,identifier,f
70.72837829589844,89.01287841796875,.,.
47.99980545043945,-10.471646308898926,identifier,Truncate
-4.478597640991211,4.546423435211182,(,(
97.6687240600586,-56.73140335083008,identifier,off
-71.57935333251953,-9.284704208374023,),)
133.46047973632812,53.954063415527344,identifier,err
14.386109352111816,107.18423461914062,!=,!=
-94.31751251220703,-92.6651382446289,{,{
-66.02230072021484,-166.0583953857422,return,return
146.07847595214844,52.31484603881836,identifier,err
-129.58010864257812,-41.92219161987305,},}
-167.96417236328125,-0.470986932516098,if,if
133.658203125,60.68567657470703,identifier,err
-30.90782928466797,106.02611541748047,=,=
52.041141510009766,-20.12972068786621,identifier,Preallocate
-12.584955215454102,-0.3555948734283447,(,(
129.20835876464844,-5.130549430847168,identifier,f
-88.77262878417969,66.99468231201172,",",","
97.89286804199219,-17.104415893554688,identifier,lenf
-89.65066528320312,67.09663391113281,",",","
-76.32508087158203,-12.425710678100586,),)
135.4047393798828,55.24272918701172,identifier,err
15.04263973236084,105.67584991455078,!=,!=
-94.86287689208984,-90.26360321044922,{,{
-66.07473754882812,-165.08824157714844,return,return
146.06419372558594,53.43328094482422,identifier,err
-128.30604553222656,-39.12271499633789,},}
-78.99364471435547,132.47543334960938,identifier,_
-75.23163604736328,128.45669555664062,",",","
133.45693969726562,65.16646575927734,identifier,err
-32.19855880737305,106.9529800415039,=,=
129.6755828857422,-5.662686824798584,identifier,f
70.93924713134766,89.19825744628906,.,.
25.402206420898438,-13.183707237243652,identifier,Seek
-2.9486947059631348,3.618105173110962,(,(
97.6724853515625,-56.737060546875,identifier,off
-84.72614288330078,63.82023620605469,",",","
17.36823272705078,-44.290000915527344,identifier,io
54.96532440185547,58.316444396972656,.,.
26.075159072875977,-15.109556198120117,identifier,SeekStart
-80.5142593383789,-14.20502758026123,),)
-70.5954360961914,-158.11021423339844,return,return
144.50428771972656,55.64714050292969,identifier,err
-149.4334259033203,-94.70155334472656,},}
58.096134185791016,-139.0165557861328,func,func
36.19725036621094,-166.36099243164062,(,(
143.46807861328125,8.312420845031738,identifier,q
45.22652816772461,-34.72502136230469,identifier,statsQueue
-1.9943374395370483,-205.2058868408203,),)
42.3735237121582,-23.712589263916016,identifier,Insert
-22.112136840820312,-44.09931182861328,(,(
127.27303314208984,-9.945588111877441,identifier,p
51.99253845214844,-32.51823806762695,identifier,RequestStats
-17.15810203552246,-134.10398864746094,),)
-44.66367721557617,-107.89083099365234,{,{
152.8538360595703,-5.139259338378906,identifier,q
89.24716186523438,103.21035766601562,.,.
69.16852569580078,-10.298504829406738,identifier,rwl
77.68201446533203,79.2475814819336,.,.
-24.217004776000977,-22.76637840270996,identifier,Lock
-25.0174503326416,-19.328996658325195,(,(
-65.48802947998047,-27.92795181274414,),)
153.08860778808594,-5.143327236175537,identifier,q
89.33975982666016,103.216796875,.,.
69.17068481445312,-10.294824600219727,identifier,rwl
77.68460083007812,79.25855255126953,.,.
-22.98423194885254,-22.555875778198242,identifier,Unlock
-24.67226791381836,-18.605762481689453,(,(
-66.90513610839844,-26.85817527770996,),)
152.7948455810547,-5.437303066253662,identifier,q
87.4536361694336,108.23927307128906,.,.
75.62076568603516,-24.90589714050293,identifier,back
-37.954402923583984,92.4805908203125,=,=
-8.210549354553223,29.21162223815918,(,(
153.2539520263672,-6.131083011627197,identifier,q
88.0692138671875,109.0841064453125,.,.
75.61077117919922,-24.874267578125,identifier,back
23.55445098876953,9.26205062866211,+,+
-65.00030517578125,5.455342769622803,),)
80.51860046386719,-21.649831771850586,identifier,queueCapacity
-166.90122985839844,4.7543559074401855,if,if
152.9749298095703,-6.193749904632568,identifier,q
88.05223083496094,108.82614135742188,.,.
78.16785430908203,-19.9145565032959,identifier,size
0.6497112512588501,87.924072265625,==,==
80.49183654785156,-21.646007537841797,identifier,queueCapacity
-84.17779541015625,-94.41659545898438,{,{
152.1861114501953,-5.827626705169678,identifier,q
87.37543487548828,106.39970397949219,.,.
76.12000274658203,-21.604618072509766,identifier,totalReqSize
152.21897888183594,-7.0068864822387695,identifier,q
89.60143280029297,107.8248291015625,.,.
76.7249526977539,-11.796218872070312,identifier,items
153.1022491455078,-7.567074298858643,identifier,q
89.04019927978516,109.45671081542969,.,.
74.42720031738281,-26.05735206604004,identifier,front
56.919227600097656,94.24090576171875,.,.
78.73722076416016,-18.321475982666016,identifier,Size
151.00782775878906,-5.9581804275512695,identifier,q
87.93318176269531,107.48458862304688,.,.
74.40599060058594,-26.07204246520996,identifier,front
-37.415706634521484,92.69818878173828,=,=
-8.306221961975098,29.173568725585938,(,(
152.93968200683594,-6.832865238189697,identifier,q
88.9329605102539,108.99785614013672,.,.
75.90812683105469,-25.1220760345459,identifier,back
23.555513381958008,9.26113510131836,+,+
-65.02774810791016,5.44996976852417,),)
80.46747589111328,-21.616863250732422,identifier,queueCapacity
-117.89784240722656,-43.47932052612305,},}
-112.5624008178711,-48.7869873046875,else,else
-95.3058090209961,-84.17547607421875,{,{
152.09683227539062,-5.968568801879883,identifier,q
88.00872039794922,107.38111877441406,.,.
78.16036987304688,-19.884801864624023,identifier,size
-121.4775161743164,-40.2410888671875,},}
151.96267700195312,-5.6030964851379395,identifier,q
88.58607482910156,106.8045654296875,.,.
76.71397399902344,-11.787482261657715,identifier,items
153.1074981689453,-7.766083240509033,identifier,q
89.31124114990234,110.01590728759766,.,.
76.10237121582031,-25.175039291381836,identifier,back
-35.231895446777344,86.45318603515625,=,=
126.80223846435547,-10.710625648498535,identifier,p
150.84173583984375,-5.682035446166992,identifier,q
87.25880432128906,106.11190795898438,.,.
76.04084777832031,-21.55481719970703,identifier,totalReqSize
152.1238250732422,-7.163424015045166,identifier,q
89.65650177001953,107.69219970703125,.,.
76.71865844726562,-11.795984268188477,identifier,items
153.10000610351562,-7.865073204040527,identifier,q
89.34080505371094,110.02098083496094,.,.
76.10002899169922,-25.18564796447754,identifier,back
56.92802047729492,94.19629669189453,.,.
78.6199722290039,-18.3371639251709,identifier,Size
-146.4869842529297,-88.48045349121094,},}
69.04815673828125,-143.66506958007812,func,func
40.93896484375,-30.97549057006836,identifier,NewHandler
-25.621801376342773,-48.93269729614258,(,(
129.9205780029297,3.4163010120391846,identifier,t
14.27164077758789,-37.644622802734375,identifier,http
60.1334342956543,61.124149322509766,.,.
32.90502166748047,-40.02942657470703,identifier,Transport
-108.04192352294922,101.37220764160156,",",","
78.5247573852539,-38.283714294433594,identifier,urlsFunc
52.307064056396484,-31.015819549560547,identifier,GetProxyURLs
-108.7676773071289,96.7821044921875,",",","
74.93282318115234,-38.4522590637207,identifier,failureWait
19.366703033447266,-57.02736282348633,identifier,time
58.99521255493164,53.420989990234375,.,.
25.605043411254883,-57.778099060058594,identifier,Duration
-104.93950653076172,95.7397689819336,",",","
74.40594482421875,-40.03612518310547,identifier,refreshInterval
19.21782112121582,-57.14391326904297,identifier,time
59.24784469604492,53.25905227661133,.,.
25.621129989624023,-57.84428024291992,identifier,Duration
-9.746111869812012,-135.10704040527344,),)
15.088828086853027,-37.20952224731445,identifier,http
58.51807403564453,59.83879852294922,.,.
25.283536911010742,-32.61014938354492,identifier,Handler
-44.230472564697266,-100.24654388427734,{,{
-163.0443115234375,5.769100666046143,if,if
129.50596618652344,2.1962552070617676,identifier,t
71.97266387939453,98.40116882324219,.,.
51.003196716308594,-8.29078197479248,identifier,TLSClientConfig
12.003158569335938,93.74173736572266,!=,!=
-84.63256072998047,-97.17127227783203,{,{
130.3555145263672,64.37641143798828,identifier,err
-31.27691650390625,113.72107696533203,:=,:=
16.01772117614746,-35.703956604003906,identifier,http2
65.62208557128906,71.32902526855469,.,.
55.507843017578125,-25.26321792602539,identifier,ConfigureTransport
-15.317205429077148,-4.813418388366699,(,(
128.78724670410156,2.1568264961242676,identifier,t
-71.1114273071289,-16.436769485473633,),)
-175.7375946044922,5.378441333770752,if,if
130.57388305664062,54.86820602416992,identifier,err
10.296547889709473,107.07271575927734,!=,!=
-95.30846405029297,-95.66734313964844,{,{
49.925689697265625,24.441978454589844,identifier,plog
47.97589111328125,31.423437118530273,.,.
35.3577880859375,25.789661407470703,identifier,Infof
20.107240676879883,25.48480796813965,(,(
16.10652732849121,154.02842712402344,"""",""""
-14.416505813598633,209.15447998046875,"""",""""
-73.17984008789062,78.40716552734375,",",","
143.20211791992188,48.196022033691406,identifier,err
-89.73204803466797,-7.4113054275512695,),)
-126.01033020019531,-42.35801696777344,},}
-118.1372299194336,-40.82897186279297,},}
123.99755096435547,-11.5042085647583,identifier,p
-43.62479019165039,117.38460540771484,:=,:=
53.427982330322266,-19.53549575805664,identifier,reverseProxy
-60.57880783081055,-67.21283721923828,{,{
64.87245178222656,-30.543521881103516,identifier,director
41.411376953125,-17.00737762451172,identifier,newDirector
-15.72492790222168,-7.238772392272949,(,(
78.50371551513672,-38.2861328125,identifier,urlsFunc
-90.07626342773438,69.11981201171875,",",","
75.09166717529297,-38.55887222290039,identifier,failureWait
-90.341064453125,69.3145980834961,",",","
74.47543334960938,-40.059722900390625,identifier,refreshInterval
-71.943115234375,-3.606158494949341,),)
-104.60504150390625,50.875606536865234,",",","
31.9060001373291,-40.899723052978516,identifier,transport
128.55393981933594,2.1102075576782227,identifier,t
-105.01521301269531,42.257957458496094,",",","
-103.79228973388672,-32.5653190612793,},}
93.45252227783203,-2.504939317703247,identifier,mux
-43.96767807006836,115.43818664550781,:=,:=
13.933256149291992,-36.225440979003906,identifier,http
57.105262756347656,60.039634704589844,.,.
25.69539451599121,-29.308053970336914,identifier,NewServeMux
-20.881078720092773,-10.60832691192627,(,(
-64.26651000976562,-24.441028594970703,),)
94.01044464111328,-1.847702980041504,identifier,mux
77.80915832519531,87.30496978759766,.,.
24.060970306396484,-30.780195236206055,identifier,Handle
14.168187141418457,22.25133514404297,(,(
16.522602081298828,159.09727478027344,"""",""""
-10.713726043701172,211.43634033203125,"""",""""
-73.5278091430664,73.68050384521484,",",","
126.11387634277344,-11.6694917678833,identifier,p
-82.78764343261719,-16.94944953918457,),)
94.08450317382812,-1.8000390529632568,identifier,mux
77.83192443847656,87.32635498046875,.,.
24.186220169067383,-30.878915786743164,identifier,HandleFunc
14.181575775146484,22.30402946472168,(,(
16.46921730041504,159.16497802734375,"""",""""
-10.53945541381836,210.9736785888672,"""",""""
-73.72770690917969,73.63109588623047,",",","
125.86111450195312,-12.014689445495605,identifier,p
83.9772720336914,99.67091369628906,.,.
68.11254119873047,-18.8184814453125,identifier,configHandler
-83.02013397216797,-14.43008041381836,),)
-75.74406433105469,-154.38417053222656,return,return
95.48372650146484,-2.8359434604644775,identifier,mux
-147.65072631835938,-95.61370086669922,},}
57.864654541015625,-139.8137969970703,func,func
35.46567153930664,-166.57962036132812,(,(
137.3260955810547,9.521360397338867,identifier,c
49.70612716674805,-36.86295700073242,identifier,commitment
-1.5387818813323975,-208.62841796875,),)
44.60395431518555,-24.75507164001465,identifier,recalculate
-20.042200088500977,-40.2009391784668,(,(
-16.774608612060547,-145.3968505859375,),)
-44.691123962402344,-108.96448516845703,{,{
-160.03932189941406,6.882919788360596,if,if
-36.490291595458984,34.13349533081055,identifier,len
-26.912668228149414,27.549312591552734,(,(
140.11038208007812,-4.759454727172852,identifier,c
85.70185089111328,103.10448455810547,.,.
70.50691223144531,-30.7796573638916,identifier,matchIndexes
-70.6822509765625,15.084535598754883,),)
4.1437296867370605,86.32908630371094,==,==
-90.2530517578125,-100.9140625,{,{
-63.74687194824219,-162.44876098632812,return,return
-134.5229949951172,-44.89369201660156,},}
100.70817565917969,-25.751134872436523,identifier,matched
-49.27841567993164,121.8243408203125,:=,:=
-2.828885316848755,45.73237991333008,identifier,make
-4.119485378265381,43.05610656738281,(,(
31.461538314819336,-78.47855377197266,identifier,uint64
-113.96202087402344,80.57605743408203,",",","
-112.3587417602539,79.4103775024414,",",","
-38.98445129394531,31.22116470336914,identifier,len
-22.27424430847168,24.99371337890625,(,(
140.3215789794922,-4.901333332061768,identifier,c
85.54935455322266,103.01201629638672,.,.
70.48336791992188,-30.761804580688477,identifier,matchIndexes
-69.7677001953125,12.892547607421875,),)
-73.10670471191406,-26.770835876464844,),)
-153.96705627441406,24.16574478149414,for,for
-81.6555404663086,128.74574279785156,identifier,_
-79.82564544677734,125.44152069091797,",",","
137.63978576660156,-32.250308990478516,identifier,idx
-34.01235580444336,127.3393783569336,:=,:=
140.35400390625,-4.6551642417907715,identifier,c
85.58104705810547,103.05668640136719,.,.
70.48554992675781,-30.759084701538086,identifier,matchIndexes
-70.46851348876953,-95.83134460449219,{,{
101.28585052490234,-25.88744354248047,identifier,matched
-28.862354278564453,93.91554260253906,=,=
-24.583986282348633,55.42742919921875,identifier,append
-22.503692626953125,47.9398193359375,(,(
101.59523010253906,-25.92646598815918,identifier,matched
-75.2540054321289,58.95669174194336,",",","
137.553955078125,-32.235530853271484,identifier,idx
-85.99577331542969,-4.900082111358643,),)
-122.37064361572266,-44.66679763793945,},}
36.76007080078125,1.3406236171722412,identifier,sort
50.67955780029297,50.55359649658203,.,.
36.643863677978516,0.17503002285957336,identifier,Sort
-9.210745811462402,15.714763641357422,(,(
33.239349365234375,-76.9935073852539,identifier,uint64Slice
-11.97606086730957,15.958967208862305,(,(
102.06549072265625,-25.742225646972656,identifier,matched
-71.2787094116211,5.381930351257324,),)
-76.71833038330078,-24.04885482788086,),)
88.46234130859375,-19.019176483154297,identifier,quorumMatchIndex
-39.83338165283203,119.83828735351562,:=,:=
102.3202133178711,-25.600914001464844,identifier,matched
-7.858765125274658,28.849882125854492,(,(
-41.109825134277344,33.093414306640625,identifier,len
-24.991817474365234,23.377042770385742,(,(
102.2648696899414,-25.645816802978516,identifier,matched
-73.01438903808594,12.206007957458496,),)
-65.01898193359375,5.490418434143066,),)
-170.2157440185547,-0.4929628372192383,if,if
87.99909973144531,-19.28342056274414,identifier,quorumMatchIndex
6.761171817779541,78.6195297241211,>,>
141.33103942871094,-6.1042656898498535,identifier,c
84.94393157958984,103.88085174560547,.,.
70.58377838134766,-14.826617240905762,identifier,commitIndex
87.81193542480469,-19.326675415039062,identifier,quorumMatchIndex
141.47947692871094,-6.3844170570373535,identifier,c
85.05376434326172,104.07740783691406,.,.
68.52681732177734,-14.832054138183594,identifier,startIndex
-87.3344955444336,-88.63932037353516,{,{
143.03631591796875,-5.253469467163086,identifier,c
86.45787811279297,105.00131225585938,.,.
70.62950134277344,-14.822013854980469,identifier,commitIndex
-36.70307159423828,89.98665618896484,=,=
87.62030029296875,-19.371631622314453,identifier,quorumMatchIndex
49.251426696777344,-14.393881797790527,identifier,asyncNotifyCh
-9.377368927001953,-1.664992094039917,(,(
141.8480682373047,-6.070204734802246,identifier,c
84.81405639648438,104.29180908203125,.,.
70.61463165283203,-14.381044387817383,identifier,commitCh
-83.05619049072266,-12.965500831604004,),)
-122.53772735595703,-31.7828311920166,},}
-149.58642578125,-86.77241516113281,},}
70.88389587402344,-143.67115783691406,func,func
45.525917053222656,-31.316930770874023,identifier,MDTemplateEngine
-24.730968475341797,-47.15372848510742,(,(
86.08468627929688,-61.184913635253906,identifier,input
22.375755310058594,-90.03627014160156,identifier,string
-104.53839111328125,101.47749328613281,",",","
108.37335205078125,-33.341678619384766,identifier,data
17.615501403808594,-90.84319305419922,identifier,string
-68.49454498291016,-56.22074508666992,{,{
-71.17684173583984,-52.455780029296875,},}
-106.78663635253906,98.06622314453125,",",","
84.02207946777344,-40.73896408081055,identifier,helpers
17.295406341552734,-89.84893035888672,identifier,string
-67.96540832519531,-56.04165267944336,{,{
-70.6822509765625,-52.02781677246094,},}
-9.909076690673828,-136.6212615966797,),)
-3.4103128910064697,-157.35812377929688,(,(
19.270599365234375,-82.62081909179688,identifier,string
-122.66778564453125,86.70588684082031,",",","
-4.938854217529297,-105.903564453125,identifier,error
-16.655527114868164,-109.39336395263672,),)
-38.68328857421875,-107.5802993774414,{,{
-162.90512084960938,5.371947288513184,if,if
109.37449645996094,4.954990863800049,identifier,ct
-68.832275390625,121.18891143798828,",",","
117.00243377685547,53.10923385620117,identifier,ok
-32.29533386230469,118.93517303466797,:=,:=
108.27783966064453,-33.5093994140625,identifier,data
11.04681396484375,162.1551513671875,"""",""""
-11.736854553222656,204.72201538085938,"""",""""
54.56340026855469,99.47755432128906,.,.
-5.313699722290039,36.445552825927734,(,(
17.3890438079834,-81.1939697265625,identifier,string
-67.63214874267578,-9.782763481140137,),)
119.08998107910156,50.974815368652344,identifier,ok
109.38822937011719,4.954675674438477,identifier,ct
2.8352675437927246,89.62162780761719,==,==
21.250810623168945,166.87322998046875,"""",""""
-3.5931594371795654,211.4547882080078,"""",""""
-87.31332397460938,-96.68214416503906,{,{
-74.6621322631836,-167.12425231933594,return,return
62.063377380371094,-6.89056396484375,identifier,plush
65.24836730957031,74.46851348876953,.,.
63.09183120727539,-16.14781951904297,identifier,BuffaloRenderer
-13.854912757873535,2.5432956218719482,(,(
86.1050796508789,-61.21720886230469,identifier,input
-87.736328125,69.9808120727539,",",","
107.8629150390625,-33.277015686035156,identifier,data
-91.68279266357422,70.95923614501953,",",","
84.00902557373047,-40.7239990234375,identifier,helpers
-82.58646392822266,-9.506782531738281,),)
-127.07433319091797,-44.311405181884766,},}
98.7685317993164,-11.99810791015625,identifier,source
-41.29649353027344,118.90858459472656,:=,:=
57.038082122802734,-20.604270935058594,identifier,github_flavored_markdown
64.4283218383789,73.0336685180664,.,.
52.42392349243164,-27.177947998046875,identifier,Markdown
-12.206244468688965,2.0610995292663574,(,(
30.95430564880371,-68.15425109863281,identifier,byte
-17.75978660583496,17.421009063720703,(,(
86.09679412841797,-61.208580017089844,identifier,input
-71.94415283203125,-0.2669775187969208,),)
-78.2930908203125,-20.947715759277344,),)
98.88763427734375,-12.061588287353516,identifier,source
-34.36891174316406,96.5052719116211,=,=
30.893522262573242,-67.73634338378906,identifier,byte
-17.946401596069336,16.411334991455078,(,(
54.26639175415039,-53.74275588989258,identifier,html
48.737937927246094,59.31123352050781,.,.
31.54387092590332,-14.635278701782227,identifier,UnescapeString
-13.13132381439209,9.579818725585938,(,(
17.912864685058594,-78.95508575439453,identifier,string
-20.38994598388672,17.71673583984375,(,(
99.59111785888672,-12.55710220336914,identifier,source
-73.44202423095703,-0.6051453351974487,),)
-76.91590881347656,-1.4879205226898193,),)
-80.0074234008789,-18.009357452392578,),)
-79.0794677734375,-158.2341766357422,return,return
62.09479522705078,-6.833632946014404,identifier,plush
65.23931121826172,74.57635498046875,.,.
63.09776306152344,-16.138713836669922,identifier,BuffaloRenderer
-13.716509819030762,2.3418824672698975,(,(
18.029874801635742,-79.03569793701172,identifier,string
-20.569501876831055,17.586952209472656,(,(
99.594482421875,-12.561078071594238,identifier,source
-73.79999542236328,-1.2153650522232056,),)
-90.57544708251953,63.916229248046875,",",","
107.88512420654297,-33.27199935913086,identifier,data
-94.7112045288086,67.79173278808594,",",","
84.00957489013672,-40.7230110168457,identifier,helpers
-82.05785369873047,-11.090300559997559,),)
-148.8117218017578,-90.66600799560547,},}
58.418800354003906,-141.224365234375,func,func
35.1493034362793,-167.8252716064453,(,(
137.14976501464844,9.796832084655762,identifier,c
48.108524322509766,-65.85960388183594,identifier,Cmd
0.48879098892211914,-208.9664764404297,),)
38.07540512084961,-25.804983139038086,identifier,StdoutPipe
-22.198204040527344,-39.92130661010742,(,(
-15.463162422180176,-143.7992706298828,),)
-2.931856155395508,-154.78689575195312,(,(
18.524147033691406,-44.6781120300293,identifier,io
57.8644905090332,57.309329986572266,.,.
26.864192962646484,-25.56186866760254,identifier,ReadCloser
-122.52640533447266,88.52584838867188,",",","
-3.8518362045288086,-106.09999084472656,identifier,error
-18.520090103149414,-111.3112564086914,),)
-39.76315689086914,-105.07340240478516,{,{
-160.89697265625,6.051672458648682,if,if
139.5177001953125,-5.042882442474365,identifier,c
74.8930892944336,101.23796081542969,.,.
37.54874038696289,-25.052125930786133,identifier,Stdout
11.950145721435547,93.82520294189453,!=,!=
-90.6210708618164,-99.2722396850586,{,{
-64.61550903320312,-170.88644409179688,return,return
-139.2922821044922,71.37120056152344,",",","
36.72353744506836,36.66376495361328,identifier,errors
40.00678253173828,43.331275939941406,.,.
28.26278305053711,26.853595733642578,identifier,New
24.555837631225586,28.06261444091797,(,(
20.001453399658203,155.27481079101562,"""",""""
-15.148924827575684,207.7176971435547,"""",""""
-92.11006927490234,-5.052244186401367,),)
-127.82986450195312,-47.55316162109375,},}
-164.88095092773438,1.7396899461746216,if,if
139.83737182617188,-5.47695779800415,identifier,c
74.77687072753906,100.85404968261719,.,.
67.49290466308594,12.076141357421875,identifier,Process
12.020073890686035,93.2363510131836,!=,!=
-90.75570678710938,-97.83567810058594,{,{
-65.97183990478516,-171.50387573242188,return,return
-139.58578491210938,70.60531616210938,",",","
36.67853546142578,37.02150344848633,identifier,errors
39.659568786621094,43.41300964355469,.,.
28.232860565185547,27.11672592163086,identifier,New
24.47721290588379,28.343416213989258,(,(
19.359691619873047,155.10655212402344,"""",""""
-15.660250663757324,209.11968994140625,"""",""""
-91.72001647949219,-5.575291633605957,),)
-127.17781829833984,-46.11117172241211,},}
111.94853973388672,-6.152495861053467,identifier,pr
-67.30447387695312,119.21308898925781,",",","
95.22007751464844,-9.993844032287598,identifier,pw
-67.8032455444336,119.69664764404297,",",","
130.89395141601562,67.81756591796875,identifier,err
-35.03585433959961,113.82350158691406,:=,:=
50.4606819152832,5.4533281326293945,identifier,os
52.209266662597656,58.72369384765625,.,.
37.815284729003906,-26.279247283935547,identifier,Pipe
-23.79889678955078,-10.994489669799805,(,(
-62.89413070678711,-19.90727996826172,),)
-173.07606506347656,4.061474323272705,if,if
132.25399780273438,55.828529357910156,identifier,err
12.58487606048584,106.42792510986328,!=,!=
-93.74576568603516,-93.41830444335938,{,{
-68.15432739257812,-168.12063598632812,return,return
-140.81295776367188,72.61961364746094,",",","
143.45025634765625,50.753780364990234,identifier,err
-129.1109619140625,-42.20420455932617,},}
143.21337890625,-5.223377704620361,identifier,c
72.80525970458984,105.51668548583984,.,.
37.502445220947266,-24.988733291625977,identifier,Stdout
-36.23334884643555,90.9365463256836,=,=
95.33981323242188,-10.075004577636719,identifier,pw
144.3347930908203,-6.0215163230896,identifier,c
85.85436248779297,105.508056640625,.,.
73.03816223144531,-22.627763748168945,identifier,closeAfterStart
-30.14113998413086,90.85627746582031,=,=
-26.077171325683594,53.733638763427734,identifier,append
-23.997060775756836,49.21778869628906,(,(
142.48704528808594,-6.764092445373535,identifier,c
84.68482208251953,105.46835327148438,.,.
73.17565155029297,-22.57302474975586,identifier,closeAfterStart
-74.9648666381836,62.05439376831055,",",","
95.3214340209961,-10.06377124786377,identifier,pw
-82.88838958740234,-16.884605407714844,),)
143.66290283203125,-5.774552822113037,identifier,c
86.03144836425781,105.4964599609375,.,.
73.27693176269531,-22.5052433013916,identifier,closeAfterWait
-30.17675018310547,90.87689971923828,=,=
-25.90884780883789,53.44287872314453,identifier,append
-24.09071922302246,49.59416580200195,(,(
142.49676513671875,-6.813399314880371,identifier,c
84.65296936035156,105.4028091430664,.,.
73.33790588378906,-22.48881721496582,identifier,closeAfterWait
-75.01781463623047,62.0953483581543,",",","
112.02959442138672,-6.326159477233887,identifier,pr
-83.02595520019531,-15.653010368347168,),)
-76.05085754394531,-156.5435028076172,return,return
112.04776000976562,-6.356400489807129,identifier,pr
-136.52523803710938,78.77716064453125,",",","
-151.9732208251953,-91.7593994140625,},}
72.80436706542969,-145.32931518554688,func,func
43.63573455810547,-29.214664459228516,identifier,step3
-28.996788024902344,-46.548484802246094,(,(
131.68678283691406,-2.997063636779785,identifier,w
50.61823654174805,-33.44865036010742,identifier,snowballword
62.11387634277344,64.53172302246094,.,.
50.71940994262695,-33.55318832397461,identifier,SnowballWord
-15.995489120483398,-137.7176513671875,),)
24.106565475463867,-78.94979858398438,identifier,bool
-40.97394561767578,-101.95532989501953,{,{
89.1009521484375,-54.307701110839844,identifier,suffix
-68.6935043334961,122.38988494873047,",",","
84.91984558105469,-23.9267635345459,identifier,suffixRunes
-36.00665283203125,115.4268798828125,:=,:=
132.68435668945312,-3.740260362625122,identifier,w
74.35966491699219,93.5704116821289,.,.
47.57798385620117,-22.262174606323242,identifier,FirstSuffixIn
-12.422730445861816,-5.9653239250183105,(,(
132.89703369140625,-3.6989316940307617,identifier,w
73.735595703125,99.09858703613281,.,.
67.90605163574219,-15.283942222595215,identifier,R1start
-87.82144165039062,74.58076477050781,",",","
-40.37360382080078,31.295480728149414,identifier,len
-22.68074607849121,24.100597381591797,(,(
133.18458557128906,-3.71701979637146,identifier,w
73.84746551513672,99.40386199951172,.,.
67.87230682373047,-12.577574729919434,identifier,RS
-69.02149200439453,11.35697078704834,),)
-90.74578094482422,58.79164505004883,",",","
17.1579647064209,164.91021728515625,"""",""""
-5.512613296508789,204.5909423828125,"""",""""
-83.00398254394531,82.28663635253906,",",","
14.948746681213379,168.0210723876953,"""",""""
-5.122683048248291,204.1813201904297,"""",""""
-83.08939361572266,82.56026458740234,",",","
14.761719703674316,168.29608154296875,"""",""""
-4.761268138885498,203.80824279785156,"""",""""
-83.36981964111328,82.83828735351562,",",","
14.613242149353027,168.76719665527344,"""",""""
-4.290628910064697,203.61788940429688,"""",""""
-83.6922378540039,83.08409118652344,",",","
14.419076919555664,169.16415405273438,"""",""""
-3.9531147480010986,203.46998596191406,"""",""""
-83.6816635131836,83.28861236572266,",",","
14.190759658813477,169.1981201171875,"""",""""
-3.9601199626922607,203.27737426757812,"""",""""
-83.24819946289062,83.51470947265625,",",","
13.90169906616211,168.77920532226562,"""",""""
-4.386905670166016,202.93702697753906,"""",""""
-83.19536590576172,83.68312072753906,",",","
13.72062873840332,168.7222442626953,"""",""""
-4.329906463623047,202.7630615234375,"""",""""
-83.52783966064453,83.88164520263672,",",","
13.568988800048828,169.05653381347656,"""",""""
-3.9030039310455322,202.6473388671875,"""",""""
-83.85103607177734,83.93156433105469,",",","
13.534517288208008,169.3824005126953,"""",""""
-3.5596556663513184,202.67625427246094,"""",""""
-83.9802017211914,84.010986328125,",",","
13.434686660766602,169.51026916503906,"""",""""
-3.281402587890625,202.5924072265625,"""",""""
-103.67707061767578,39.67329025268555,",",","
-100.16537475585938,-30.726444244384766,),)
-169.357666015625,2.0529088973999023,if,if
89.10263061523438,-54.29520034790039,identifier,suffix
2.50990629196167,88.90361785888672,==,==
21.435976028442383,165.8322296142578,"""",""""
-4.672520160675049,211.67559814453125,"""",""""
-38.32888412475586,34.54771423339844,identifier,len
-26.15230941772461,25.292221069335938,(,(
85.2029800415039,-23.68079376220703,identifier,suffixRunes
-73.55194091796875,14.290067672729492,),)
6.60261869430542,80.12300109863281,>,>
-39.50405502319336,34.48822784423828,identifier,len
-25.779680252075195,24.327638626098633,(,(
133.38238525390625,-4.123696327209473,identifier,w
73.3507308959961,99.80921173095703,.,.
67.87907409667969,-12.582218170166016,identifier,RS
-69.70211029052734,10.401009559631348,),)
133.5541534423828,-4.308352947235107,identifier,w
73.21077728271484,99.99805450439453,.,.
68.0217056274414,-15.235896110534668,identifier,R1start
-87.94817352294922,-93.66150665283203,{,{
-70.22850799560547,-171.3000030517578,return,return
-129.687744140625,-39.32960891723633,},}
132.6837158203125,-4.510861873626709,identifier,w
75.10014343261719,93.09280395507812,.,.
84.6280746459961,-23.711332321166992,identifier,ReplaceSuffixRunes
-12.06674861907959,0.8706684708595276,(,(
84.99464416503906,-23.69875144958496,identifier,suffixRunes
-87.92323303222656,64.42522430419922,",",","
31.240022659301758,-69.62340545654297,identifier,rune
-18.140533447265625,18.380739212036133,(,(
18.01185417175293,160.00238037109375,"""",""""
-8.79362964630127,211.8767852783203,"""",""""
-73.8545913696289,-2.5804789066314697,),)
-90.63868713378906,63.058990478515625,",",","
-82.20484161376953,-14.938896179199219,),)
-72.82818603515625,-159.13070678710938,return,return
-148.65061950683594,-93.66663360595703,},}
70.52171325683594,-147.055419921875,func,func
45.18681335449219,-29.03179168701172,identifier,leaseTimeToLiveCommandFunc
-27.40378761291504,-46.06106185913086,(,(
48.62369155883789,-66.54947662353516,identifier,cmd
56.24829864501953,-7.733652591705322,identifier,cobra
64.53201293945312,63.218021392822266,.,.
46.90378952026367,-64.43312072753906,identifier,Command
-108.53865051269531,100.114501953125,",",","
112.57433319091797,-57.137996673583984,identifier,args
17.928730010986328,-87.51505279541016,identifier,string
-14.167318344116211,-133.1685333251953,),)
-43.50954818725586,-108.29264831542969,{,{
-160.59689331054688,5.925595760345459,if,if
-36.02811813354492,33.479705810546875,identifier,len
-26.043766021728516,27.882932662963867,(,(
111.68462371826172,-56.542144775390625,identifier,args
-71.40239715576172,14.489293098449707,),)
7.003843784332275,94.85364532470703,!=,!=
-90.40411376953125,-99.66429138183594,{,{
53.18903732299805,-12.174636840820312,identifier,ExitWithError
14.526897430419922,26.68746566772461,(,(
53.92194366455078,-12.832863807678223,identifier,ExitBadArgs
-101.60626983642578,68.55056762695312,",",","
28.593250274658203,44.4288215637207,identifier,fmt
37.99942398071289,46.49024963378906,.,.
29.161609649658203,32.539878845214844,identifier,Errorf
23.281879425048828,29.24576759338379,(,(
19.967424392700195,153.75347900390625,"""",""""
-15.655892372131348,208.38478088378906,"""",""""
-91.50890350341797,-3.9691834449768066,),)
-89.86138153076172,-4.8431620597839355,),)
-127.12875366210938,-47.13589859008789,},}
149.0650634765625,-19.063974380493164,identifier,opts
59.145442962646484,-10.02174186706543,identifier,v3
60.40332794189453,69.1170425415039,.,.
55.51084899902344,-35.56949234008789,identifier,LeaseOption
-167.99449157714844,7.203545093536377,if,if
73.64921569824219,-31.11158561706543,identifier,timeToLiveKeys
-82.57096862792969,-94.40092468261719,{,{
148.05831909179688,-20.232074737548828,identifier,opts
-28.319246292114258,94.69816589355469,=,=
-24.02495765686035,54.599159240722656,identifier,append
-23.311927795410156,47.27110290527344,(,(
148.03778076171875,-20.206262588500977,identifier,opts
-76.06322479248047,59.42303466796875,",",","
59.155181884765625,-10.013971328735352,identifier,v3
61.342037200927734,73.38707733154297,.,.
55.99665832519531,-20.98273468017578,identifier,WithAttachedKeys
-27.511524200439453,-9.878348350524902,(,(
-60.17383575439453,-10.218088150024414,),)
-84.5505599975586,-6.412595272064209,),)
-122.87003326416016,-43.69822311401367,},}
104.1011962890625,-0.09084726125001907,identifier,resp
-66.44340515136719,118.71797943115234,",",","
134.7687225341797,44.414363861083984,identifier,rerr
-35.589900970458984,112.15145111083984,:=,:=
53.3695182800293,-20.86903190612793,identifier,mustClientFromCmd
-15.991353988647461,-0.83652663230896,(,(
48.86540985107422,-67.08965301513672,identifier,cmd
-63.273372650146484,-0.5383131504058838,),)
53.96553039550781,90.10099792480469,.,.
72.86663055419922,-31.145509719848633,identifier,TimeToLive
-10.775864601135254,0.6168094277381897,(,(
78.19512939453125,37.88249206542969,identifier,context
72.06507110595703,42.5578727722168,.,.
71.44165802001953,41.477996826171875,identifier,TODO
-34.71652603149414,-8.406974792480469,(,(
-60.99134826660156,-7.9772257804870605,),)
-92.15755462646484,62.174476623535156,",",","
53.697513580322266,-21.370027542114258,identifier,leaseFromArgs
-16.356414794921875,-0.378932923078537,(,(
111.68572998046875,-56.506256103515625,identifier,args
-76.11512756347656,-0.810863733291626,),)
-92.3637466430664,63.2097053527832,",",","
148.06546020507812,-19.319459915161133,identifier,opts
-78.90135955810547,-15.875128746032715,),)
-172.7300262451172,1.0872524976730347,if,if
134.9039306640625,44.6424674987793,identifier,rerr
11.809154510498047,102.80171966552734,!=,!=
-91.38858032226562,-88.96932983398438,{,{
53.12990188598633,-12.220104217529297,identifier,ExitWithError
14.546557426452637,26.6355037689209,(,(
53.89271926879883,-12.91496467590332,identifier,ExitBadConnection
-101.56964111328125,68.54113006591797,",",","
135.00889587402344,44.69389343261719,identifier,rerr
-87.88052368164062,-10.44626522064209,),)
-125.44478607177734,-38.6870002746582,},}
48.7266731262207,-6.451044082641602,identifier,display
66.95262908935547,76.98081970214844,.,.
72.90355682373047,-31.14093780517578,identifier,TimeToLive
-10.790733337402344,0.7839162349700928,(,(
104.10464477539062,-0.015768593177199364,identifier,resp
-89.26544189453125,64.18094635009766,",",","
73.62129974365234,-31.11616325378418,identifier,timeToLiveKeys
-81.93757629394531,-12.427943229675293,),)
-148.12425231933594,-88.85688781738281,},}
60.479515075683594,-141.2555694580078,func,func
36.850101470947266,-168.81448364257812,(,(
137.5236358642578,10.52631664276123,identifier,c
41.7518424987793,-40.350032806396484,identifier,controller
2.1489531993865967,-205.86033630371094,),)
43.97554016113281,-27.058055877685547,identifier,enqueueKey
-27.103614807128906,-42.74229431152344,(,(
81.74584197998047,35.240291595458984,identifier,ctx
21.505725860595703,-88.39009094238281,identifier,string
-105.41877746582031,100.49007415771484,",",","
113.05261993408203,-50.03672409057617,identifier,obj
-69.08616638183594,-55.78471755981445,{,{
-70.67069244384766,-53.11622619628906,},}
-15.093457221984863,-133.32086181640625,),)
-43.754974365234375,-108.1337661743164,{,{
136.41236877441406,-18.160829544067383,identifier,o
-37.24994659423828,123.90608215332031,:=,:=
113.05805969238281,-50.03401565551758,identifier,obj
55.47506332397461,102.23303985595703,.,.
-6.414061546325684,35.97390365600586,(,(
-54.94141387939453,-21.372699737548828,),)
-76.44065856933594,-85.60419464111328,{,{
-153.41934204101562,-8.686565399169922,case,case
58.48617172241211,-12.192659378051758,identifier,prowjobv1
60.585594177246094,69.35560607910156,.,.
58.87118911743164,-12.342294692993164,identifier,ProwJob
105.49805450439453,-42.90497589111328,identifier,ns
-40.927085876464844,123.73361206054688,:=,:=
136.43748474121094,-17.07781982421875,identifier,o
66.95502471923828,97.50056457519531,.,.
62.578163146972656,-20.734128952026367,identifier,Spec
60.25788116455078,94.02605438232422,.,.
59.192176818847656,-69.1185302734375,identifier,Namespace
-167.04302978515625,5.532159328460693,if,if
105.5329818725586,-42.98098373413086,identifier,ns
2.8813538551330566,89.6976318359375,==,==
21.626781463623047,166.68052673339844,"""",""""
-3.7472333908081055,211.6339874267578,"""",""""
-86.1765365600586,-95.98332214355469,{,{
105.5198974609375,-42.95709991455078,identifier,ns
-36.5494499206543,97.74624633789062,=,=
136.49513244628906,-16.970109939575195,identifier,o
66.70397186279297,97.5543212890625,.,.
59.27126693725586,-69.2538833618164,identifier,Namespace
-122.5243148803711,-47.528961181640625,},}
142.87576293945312,-3.893576145172119,identifier,c
91.51683807373047,99.33502197265625,.,.
66.93707275390625,-9.145416259765625,identifier,workqueue
72.00587463378906,78.47801208496094,.,.
42.59031295776367,-5.544066905975342,identifier,AddRateLimited
-4.034022331237793,7.22586727142334,(,(
64.38514709472656,-9.295584678649902,identifier,toKey
-17.382274627685547,1.9494916200637817,(,(
83.90245819091797,36.712772369384766,identifier,ctx
-83.95752716064453,70.37255096435547,",",","
105.51546478271484,-43.091094970703125,identifier,ns
-92.31639862060547,72.89647674560547,",",","
136.9283447265625,-16.804983139038086,identifier,o
65.86410522460938,97.17726135253906,.,.
66.04258728027344,-64.74297332763672,identifier,Name
-73.62098693847656,-4.049994945526123,),)
-84.76107025146484,-6.93318510055542,),)
-154.4432373046875,-10.663254737854004,case,case
58.2296257019043,-11.93542766571045,identifier,pipelinev1alpha1
60.66105651855469,69.5483169555664,.,.
58.653778076171875,-24.260114669799805,identifier,PipelineRun
142.94134521484375,-4.21661376953125,identifier,c
91.73439025878906,99.43901824951172,.,.
66.93643188476562,-9.1453857421875,identifier,workqueue
72.0689926147461,78.48365020751953,.,.
42.59115982055664,-5.540207862854004,identifier,AddRateLimited
-4.023218154907227,7.221052169799805,(,(
64.38980102539062,-9.292710304260254,identifier,toKey
-17.398466110229492,1.9742623567581177,(,(
84.08574676513672,36.74169158935547,identifier,ctx
-83.9221420288086,70.14183807373047,",",","
137.04656982421875,-16.699586868286133,identifier,o
65.92611694335938,97.40135192871094,.,.
59.51839065551758,-69.31304168701172,identifier,Namespace
-92.88554382324219,72.72753143310547,",",","
137.2347412109375,-16.58271598815918,identifier,o
65.68070983886719,97.19710540771484,.,.
66.0576171875,-64.72789001464844,identifier,Name
-73.88390350341797,-4.090272903442383,),)
-84.86250305175781,-8.169384002685547,),)
50.15753936767578,22.881816864013672,identifier,logrus
48.442604064941406,32.760921478271484,.,.
35.69567108154297,26.33478355407715,identifier,Warnf
20.10548973083496,26.05106544494629,(,(
16.241161346435547,155.31077575683594,"""",""""
-13.81205940246582,211.77247619628906,"""",""""
-71.61285400390625,76.37535095214844,",",","
137.34927368164062,-17.42310333251953,identifier,o
-96.45357513427734,73.51876831054688,",",","
113.06121063232422,-50.04029083251953,identifier,obj
-86.6152572631836,-12.733846664428711,),)
-66.27879333496094,-157.99356079101562,return,return
-125.218017578125,-30.254905700683594,},}
-150.7565155029297,-86.54973602294922,},}
69.98809051513672,-146.0091552734375,func,func
45.064022064208984,-27.79433250427246,identifier,CheckTrustState
-27.60887336730957,-44.097877502441406,(,(
109.97476959228516,-45.65682601928711,identifier,cert
26.987651824951172,-41.96733474731445,identifier,x509
60.14750671386719,63.35750961303711,.,.
46.00156784057617,-48.79827880859375,identifier,Certificate
-107.08460998535156,100.88459777832031,",",","
87.9310531616211,-37.23881149291992,identifier,trustedCerts
16.729694366455078,-90.88856506347656,identifier,string
26.994569778442383,-41.95857620239258,identifier,x509
59.9567756652832,63.55304718017578,.,.
46.00624465942383,-48.79924392700195,identifier,Certificate
-10.323092460632324,-137.44366455078125,),)
-1.2080175876617432,-157.7909698486328,(,(
25.256338119506836,-78.79825592041016,identifier,bool
-121.14131927490234,85.85409545898438,",",","
20.07370376586914,-82.51847076416016,identifier,string
-17.48335838317871,-114.47245788574219,),)
-42.53658676147461,-106.6954116821289,{,{
-162.41001892089844,5.2523722648620605,if,if
18.65778923034668,-53.584285736083984,identifier,time
57.678531646728516,49.34363555908203,.,.
13.272226333618164,-18.677215576171875,identifier,Now
-33.10755920410156,-6.298384189605713,(,(
-53.08219909667969,-6.5583415031433105,),)
57.779869079589844,47.46221923828125,.,.
17.676227569580078,-16.410432815551758,identifier,Before
0.5613513588905334,2.3221235275268555,(,(
110.39303588867188,-45.508880615234375,identifier,cert
69.12730407714844,98.44764709472656,.,.
19.1474609375,-16.878639221191406,identifier,NotBefore
-68.74808502197266,-6.033742427825928,),)
18.739755630493164,-53.514549255371094,identifier,time
57.59917449951172,49.30953598022461,.,.
13.180496215820312,-18.74698257446289,identifier,Now
-33.1662483215332,-6.1614990234375,(,(
-53.0987548828125,-6.557304859161377,),)
57.76911544799805,47.44962692260742,.,.
17.693038940429688,-16.4137020111084,identifier,After
0.5437001585960388,2.334118127822876,(,(
110.44751739501953,-45.49241256713867,identifier,cert
69.09622192382812,98.4259262084961,.,.
19.14932632446289,-16.87655258178711,identifier,NotAfter
-68.7873306274414,-6.058459758758545,),)
-88.06871032714844,-96.17378234863281,{,{
-68.66809844970703,-171.4386749267578,return,return
-134.21502685546875,72.62643432617188,",",","
20.201297760009766,161.90478515625,"""",""""
-7.447949409484863,214.61212158203125,"""",""""
-131.7952423095703,-44.285423278808594,},}
-154.45608520507812,22.061052322387695,for,for
135.1295623779297,-28.807992935180664,identifier,k
-76.78157043457031,123.09928894042969,",",","
121.46940612792969,-27.751859664916992,identifier,v
-35.09104919433594,125.3876953125,:=,:=
87.94071960449219,-37.27442932128906,identifier,trustedCerts
-71.27938842773438,-97.20099639892578,{,{
-161.22540283203125,-1.1106040477752686,if,if
31.101133346557617,-63.674591064453125,identifier,bytes
46.698387145996094,53.85367965698242,.,.
6.7163987159729,-2.682393789291382,identifier,Compare
3.8707690238952637,-1.2764445543289185,(,(
110.35424041748047,-45.52678298950195,identifier,cert
68.42704010009766,98.82646179199219,.,.
65.69320678710938,-14.422778129577637,identifier,Raw
-81.39788055419922,61.807369232177734,",",","
123.75238800048828,-27.569656372070312,identifier,v
65.12492370605469,100.7781982421875,.,.
65.69963836669922,-14.426612854003906,identifier,Raw
-71.83212280273438,-6.612308979034424,),)
2.427035331726074,86.72148132324219,==,==
-87.30224609375,-89.98798370361328,{,{
53.009910583496094,23.5129337310791,identifier,logger
48.899539947509766,30.8330020904541,.,.
37.494686126708984,25.467880249023438,identifier,Debug
19.0496826171875,25.532995223999023,(,(
16.24625587463379,156.3467559814453,"""",""""
-12.420865058898926,211.30059814453125,"""",""""
-73.57910919189453,75.23281860351562,",",","
51.28262710571289,23.732868194580078,identifier,log
49.61482238769531,31.777488708496094,.,.
77.1025619506836,34.295166015625,identifier,Ctx
-64.62757110595703,-65.09564971923828,{,{
15.767168045043945,157.30084228515625,"""",""""
-16.932296752929688,211.93548583984375,"""",""""
132.363525390625,-30.69673728942871,identifier,k
-104.54876708984375,-25.53949737548828,},}
-86.30023193359375,-14.712753295898438,),)
-74.12641143798828,-160.80923461914062,return,return
-134.0601043701172,73.76473999023438,",",","
132.35589599609375,-30.642822265625,identifier,k
-122.56834411621094,-34.37662124633789,},}
-117.70670318603516,-36.228458404541016,},}
-74.26020812988281,-159.66380310058594,return,return
-134.13706970214844,73.17320251464844,",",","
19.783662796020508,161.22039794921875,"""",""""
-8.209232330322266,214.5709686279297,"""",""""
-155.06874084472656,-92.48908233642578,},}
70.1570053100586,-143.2935028076172,func,func
45.07440185546875,-29.653554916381836,identifier,RunBoundedArgs
-25.183359146118164,-46.10999298095703,(,(
86.58460998535156,-50.708255767822266,identifier,min
31.193267822265625,-84.2301025390625,identifier,int
-102.98026275634766,101.44518280029297,",",","
87.32215118408203,-48.34873580932617,identifier,max
31.449535369873047,-84.30257415771484,identifier,int
-105.0785903930664,98.2489242553711,",",","
33.98577117919922,-34.91953659057617,identifier,run
64.03689575195312,-138.08038330078125,func,func
-14.067173957824707,-59.976009368896484,(,(
17.46967887878418,-87.70687103271484,identifier,string
-14.906759262084961,-131.41635131835938,),)
-5.140622138977051,-100.88040924072266,identifier,error
-8.738882064819336,-137.92446899414062,),)
-8.992178916931152,-65.170166015625,func,func
-13.152788162231445,-60.77075958251953,(,(
56.28017044067383,-7.733042240142822,identifier,cobra
64.6540756225586,63.330745697021484,.,.
46.89658737182617,-64.42623901367188,identifier,Command
-114.07022094726562,96.5073471069336,",",","
16.99615478515625,-87.3910140991211,identifier,string
-15.021044731140137,-128.11328125,),)
-46.00297546386719,-105.43030548095703,{,{
-82.74740600585938,-160.89407348632812,return,return
-9.472658157348633,-64.87507629394531,func,func
-12.653818130493164,-61.35337829589844,(,(
48.456600189208984,-66.79736328125,identifier,cmd
56.28718566894531,-7.738523006439209,identifier,cobra
64.70318603515625,63.346534729003906,.,.
46.89558029174805,-64.42618560791016,identifier,Command
-112.98902893066406,96.70254516601562,",",","
112.36311340332031,-57.33690643310547,identifier,args
17.037195205688477,-87.44054412841797,identifier,string
-15.358378410339355,-127.82197570800781,),)
-47.30068588256836,-105.11410522460938,{,{
-161.90933227539062,1.6835722923278809,if,if
-37.535099029541016,33.747615814208984,identifier,len
-25.15536880493164,26.55311393737793,(,(
111.06005096435547,-56.724693298339844,identifier,args
-74.18683624267578,13.258976936340332,),)
3.7216784954071045,79.11235809326172,<,<
86.61372375488281,-50.620262145996094,identifier,min
-38.486507415771484,34.06519317626953,identifier,len
-25.305923461914062,25.90045166015625,(,(
110.91046142578125,-56.79755783081055,identifier,args
-74.65502166748047,13.027177810668945,),)
6.277266025543213,79.98048400878906,>,>
87.1940689086914,-48.43492126464844,identifier,max
-84.7568130493164,-93.27696990966797,{,{
27.08588409423828,46.99056625366211,identifier,fmt
39.08139419555664,47.6767692565918,.,.
34.69245910644531,27.28594207763672,identifier,Printf
18.704729080200195,26.623685836791992,(,(
14.799861907958984,155.27610778808594,"""",""""
-16.6165828704834,205.12948608398438,"""",""""
-71.99777221679688,77.84846496582031,",",","
86.61402130126953,-50.65766906738281,identifier,min
-94.39813232421875,71.96963500976562,",",","
87.20525360107422,-48.37922286987305,identifier,max
-94.60563659667969,71.83668518066406,",",","
-41.12282943725586,34.09772872924805,identifier,len
-23.428722381591797,23.69759750366211,(,(
110.92208862304688,-56.55086135864258,identifier,args
-73.1486587524414,9.910806655883789,),)
-78.97381591796875,-21.86651611328125,),)
48.45242691040039,-67.2796401977539,identifier,cmd
74.11070251464844,90.50616455078125,.,.
50.19744873046875,-25.398618698120117,identifier,Usage
-26.466609954833984,-10.482903480529785,(,(
-61.81266784667969,-13.679739952087402,),)
-117.5505142211914,-43.1461296081543,},}
-112.0660400390625,-48.62376403808594,else,else
-94.40109252929688,-84.06156921386719,{,{
-163.85585021972656,-2.236391544342041,if,if
132.02146911621094,62.12337875366211,identifier,err
-29.13817596435547,110.94847869873047,:=,:=
34.18456268310547,-34.60975646972656,identifier,run
-7.0711350440979,-2.017008066177368,(,(
111.34280395507812,-56.05992126464844,identifier,args
-77.62366485595703,-12.485011100769043,),)
136.7242431640625,56.27696990966797,identifier,err
13.576001167297363,103.7806625366211,!=,!=
-92.1968002319336,-88.29435729980469,{,{
52.94807815551758,-12.875080108642578,identifier,ErrorAndExit
14.97533130645752,25.253385543823242,(,(
18.28760528564453,157.275634765625,"""",""""
-13.8366117477417,212.74411010742188,"""",""""
-72.09193420410156,74.88886260986328,",",","
141.2670135498047,53.100013732910156,identifier,err
-87.76288604736328,-10.536905288696289,),)
-124.60222625732422,-33.42182159423828,},}
-117.90420532226562,-33.55004119873047,},}
-116.74432373046875,-33.45237350463867,},}
-150.51231384277344,-85.95790100097656,},}
58.48895263671875,-142.4141387939453,func,func
37.055519104003906,-169.9588623046875,(,(
137.59872436523438,10.154949188232422,identifier,c
42.066627502441406,-37.554969787597656,identifier,dockerClient
1.184817910194397,-204.92872619628906,),)
40.14618682861328,-28.650161743164062,identifier,makeRequest
-27.618453979492188,-42.571834564208984,(,(
81.40872192382812,35.74470901489258,identifier,ctx
78.39450073242188,39.948116302490234,identifier,context
74.17851257324219,42.67648696899414,.,.
75.78656005859375,39.62041473388672,identifier,Context
-111.2726821899414,101.08426666259766,",",","
65.93102264404297,-51.18423080444336,identifier,method
-98.43536376953125,98.29302978515625,",",","
80.55547332763672,-66.76115417480469,identifier,path
25.35590171813965,-88.69391632080078,identifier,string
-103.96924591064453,96.85356140136719,",",","
99.68705749511719,-46.773826599121094,identifier,headers
17.337514877319336,-90.09414672851562,identifier,string
17.719913482666016,-86.51490783691406,identifier,string
-106.67047882080078,95.6783676147461,",",","
42.10447311401367,-47.06538391113281,identifier,stream
19.430452346801758,-45.019439697265625,identifier,io
57.624332427978516,56.716583251953125,.,.
26.64748764038086,-24.985204696655273,identifier,Reader
-106.05290985107422,94.89350128173828,",",","
81.78375244140625,12.56417465209961,identifier,auth
61.850921630859375,-32.67779541015625,identifier,sendAuth
-105.64582824707031,94.00152587890625,",",","
70.98210906982422,-37.7830810546875,identifier,extraScope
61.93729782104492,-32.755104064941406,identifier,authScope
-8.483945846557617,-135.7498321533203,),)
-4.31022834777832,-156.3395233154297,(,(
15.396522521972656,-37.046669006347656,identifier,http
59.3161735534668,59.34061050415039,.,.
29.303524017333984,-28.425642013549805,identifier,Response
-125.1330337524414,88.52605438232422,",",","
-2.714707136154175,-107.83161926269531,identifier,error
-18.228473663330078,-108.9229507446289,),)
-37.009429931640625,-107.6689682006836,{,{
-161.53665161132812,3.1887991428375244,if,if
130.42054748535156,62.60673141479492,identifier,err
-29.668575286865234,112.700927734375,:=,:=
141.17813110351562,-3.3889927864074707,identifier,c
88.60395812988281,97.25858306884766,.,.
49.481536865234375,-19.429895401000977,identifier,detectProperties
-15.402081489562988,-3.589073896408081,(,(
83.07532501220703,35.95298767089844,identifier,ctx
-69.99510955810547,-16.401836395263672,),)
131.76210021972656,54.30060958862305,identifier,err
12.405184745788574,106.94100952148438,!=,!=
-93.96626281738281,-94.37149047851562,{,{
-67.3213882446289,-168.61244201660156,return,return
-139.99937438964844,72.44094848632812,",",","
143.8408966064453,50.397239685058594,identifier,err
-129.4517059326172,-43.200191497802734,},}
42.2856330871582,6.400740146636963,identifier,url
-48.002174377441406,126.21438598632812,:=,:=
25.722623825073242,46.140037536621094,identifier,fmt
38.78221130371094,49.75625991821289,.,.
23.829551696777344,38.6157341003418,identifier,Sprintf
18.876144409179688,34.96375274658203,(,(
13.294258117675781,158.26788330078125,"""",""""
-11.580333709716797,209.34884643554688,"""",""""
-74.81914520263672,76.60365295410156,",",","
141.564208984375,-4.977108955383301,identifier,c
86.04562377929688,100.39269256591797,.,.
103.60942840576172,-68.65708923339844,identifier,scheme
-93.876953125,74.02770233154297,",",","
141.6119842529297,-5.037226676940918,identifier,c
85.99212646484375,100.49478912353516,.,.
48.02425765991211,-46.551048278808594,identifier,registry
-93.68232727050781,73.81443786621094,",",","
81.40618133544922,-66.29546356201172,identifier,path
-79.97077941894531,-19.986587524414062,),)
-78.93560791015625,-160.19912719726562,return,return
141.72727966308594,-3.5409903526306152,identifier,c
86.95357513427734,97.29378509521484,.,.
52.20147705078125,-22.031585693359375,identifier,makeRequestToResolvedURL
-12.863224029541016,-0.9582644104957581,(,(
83.16960144042969,36.992828369140625,identifier,ctx
-83.73968505859375,71.32640838623047,",",","
65.95989990234375,-51.19512939453125,identifier,method
-92.20964813232422,68.19529724121094,",",","
43.53004455566406,6.294093608856201,identifier,url
-93.11428833007812,68.09968566894531,",",","
99.62995147705078,-46.88161087036133,identifier,headers
-93.48714447021484,67.64103698730469,",",","
42.105621337890625,-47.05990219116211,identifier,stream
-93.77265167236328,66.46984100341797,",",","
-95.02569580078125,66.43788146972656,",",","
81.77506256103516,12.550811767578125,identifier,auth
-95.10032653808594,67.5561752319336,",",","
70.99840545654297,-37.77490997314453,identifier,extraScope
-81.96746826171875,-11.822279930114746,),)
-148.47251892089844,-90.0966567993164,},}
68.92218780517578,-146.6389617919922,func,func
46.26911926269531,-31.104957580566406,identifier,GcvMatToMat64
-26.93819236755371,-45.363590240478516,(,(
107.40206909179688,11.362661361694336,identifier,mat
49.31037521362305,-33.389347076416016,identifier,GcvMat
-16.069326400756836,-137.5252227783203,),)
49.64145278930664,-41.548431396484375,identifier,mat64
62.57421875,65.9449234008789,.,.
38.507965087890625,-19.42779541015625,identifier,Dense
-42.65980911254883,-99.58391571044922,{,{
100.82308197021484,-40.11133575439453,identifier,col
-43.771324157714844,123.50218963623047,:=,:=
107.54971313476562,11.737224578857422,identifier,mat
71.66810607910156,93.48340606689453,.,.
42.914031982421875,-19.775136947631836,identifier,GetCols
-27.840547561645508,-13.311722755432129,(,(
-65.8280029296875,-21.122482299804688,),)
100.11331176757812,-40.260894775390625,identifier,row
-43.8994026184082,123.61040496826172,:=,:=
107.57337188720703,11.7681884765625,identifier,mat
71.66776275634766,93.44708251953125,.,.
42.96114730834961,-19.75883674621582,identifier,GetRows
-27.85544776916504,-13.373732566833496,(,(
-65.89418029785156,-20.85763931274414,),)
108.10360717773438,-31.192054748535156,identifier,data
-48.4318962097168,120.41260528564453,:=,:=
30.87045669555664,-76.74756622314453,identifier,float64
-64.55073547363281,-59.66549301147461,{,{
-72.48780059814453,-46.96942138671875,},}
-153.5731964111328,24.496397018432617,for,for
140.50125122070312,-35.488033294677734,identifier,i
-36.25648880004883,129.1665802001953,:=,:=
138.9322967529297,-35.886756896972656,identifier,i
-1.3920999765396118,76.38975524902344,<,<
99.97413635253906,-40.934059143066406,identifier,row
138.7479705810547,-35.96913146972656,identifier,i
-72.79045867919922,-94.33518981933594,{,{
-152.15701293945312,24.487215042114258,for,for
136.38372802734375,-35.631683349609375,identifier,j
-36.52388000488281,128.36183166503906,:=,:=
136.45249938964844,-35.8253059387207,identifier,j
-1.3027147054672241,76.42976379394531,<,<
101.16797637939453,-40.68361282348633,identifier,col
136.49827575683594,-35.958892822265625,identifier,j
-73.20081329345703,-94.76617431640625,{,{
-161.68423461914062,-0.6899697184562683,if,if
93.90817260742188,-14.226032257080078,identifier,fltPtr
-69.61943817138672,119.586181640625,",",","
117.34881591796875,52.8503303527832,identifier,ok
-32.275569915771484,118.35789489746094,:=,:=
107.57003784179688,11.743298530578613,identifier,mat
72.26089477539062,92.74076080322266,.,.
56.209815979003906,-21.858505249023438,identifier,GcvAtf64
-11.33309555053711,-1.7439848184585571,(,(
137.48544311523438,-38.20561218261719,identifier,i
-87.28707122802734,68.49542999267578,",",","
135.4878692626953,-36.98417663574219,identifier,j
-63.95570373535156,-0.7550416588783264,),)
54.59841537475586,99.26887512207031,.,.
-5.036500930786133,36.04354476928711,(,(
31.020431518554688,-76.5551986694336,identifier,float64
-68.23652648925781,-10.277386665344238,),)
118.88359069824219,50.80307388305664,identifier,ok
-87.80205535888672,-90.80622100830078,{,{
106.51351928710938,-30.71303939819336,identifier,data
-29.440937042236328,94.9312973022461,=,=
-25.55081558227539,54.30406188964844,identifier,append
-24.4855899810791,48.065895080566406,(,(
106.52205657958984,-30.782028198242188,identifier,data
-75.40853881835938,60.294490814208984,",",","
94.0200424194336,-14.155586242675781,identifier,fltPtr
-84.46469116210938,-9.954233169555664,),)
-117.32890319824219,-44.305233001708984,},}
-112.10459899902344,-49.241722106933594,else,else
-94.82312774658203,-84.8775863647461,{,{
31.115785598754883,17.6398868560791,identifier,panic
17.385194778442383,28.079145431518555,(,(
18.578495025634766,157.00332641601562,"""",""""
-14.342795372009277,212.89212036132812,"""",""""
-92.06846618652344,-7.728237628936768,),)
-124.63442993164062,-33.11943054199219,},}
-118.55886840820312,-34.12237548828125,},}
-117.0299072265625,-36.664756774902344,},}
-80.10586547851562,-158.73231506347656,return,return
49.6401481628418,-41.56330871582031,identifier,mat64
62.92938232421875,71.20684814453125,.,.
38.54396057128906,-19.200376510620117,identifier,NewDense
-15.827032089233398,-8.425626754760742,(,(
99.8895034790039,-40.69240188598633,identifier,row
-91.676513671875,68.97093963623047,",",","
101.24313354492188,-40.59189224243164,identifier,col
-94.59144592285156,69.48145294189453,",",","
107.06999206542969,-31.703474044799805,identifier,data
-81.66201782226562,-11.59567642211914,),)
-148.83126831054688,-91.25310516357422,},}
70.30619812011719,-144.3319549560547,func,func
46.31467056274414,-31.034231185913086,identifier,CreateMatND
-25.696794509887695,-47.25804901123047,(,(
94.86212158203125,-39.47645950317383,identifier,sizes
33.324893951416016,-84.53632354736328,identifier,int
-105.56233978271484,101.30789947509766,",",","
74.9056625366211,-46.51955032348633,identifier,type_
31.99700355529785,-84.13613891601562,identifier,int
-13.882729530334473,-135.79107666015625,),)
50.75505447387695,-40.89659118652344,identifier,MatND
-42.79216384887695,-98.8504867553711,{,{
96.19464874267578,-36.496551513671875,identifier,dims
-46.0218620300293,122.98174285888672,:=,:=
197.46334838867188,53.749244689941406,identifier,C
208.56285095214844,48.40336227416992,.,.
37.7302131652832,-84.80950164794922,identifier,int
-19.469615936279297,12.435903549194336,(,(
-39.49021911621094,31.76777458190918,identifier,len
-23.40445899963379,24.63040542602539,(,(
94.93041229248047,-40.00943374633789,identifier,sizes
-70.5838851928711,13.038249015808105,),)
-72.25418853759766,-26.8492431640625,),)
99.3653564453125,-19.062152862548828,identifier,sizes_c
-49.378414154052734,122.34115600585938,:=,:=
-2.9397106170654297,45.19142150878906,identifier,make
-4.025033473968506,42.690616607666016,(,(
195.0678253173828,53.52656936645508,identifier,C
209.50363159179688,48.323028564453125,.,.
36.878211975097656,-85.10240173339844,identifier,int
-114.02880096435547,81.00057220458984,",",","
-38.75629425048828,30.90569496154785,identifier,len
-22.81570816040039,24.79385757446289,(,(
94.94957733154297,-40.077903747558594,identifier,sizes
-70.50047302246094,12.88752269744873,),)
-73.23374938964844,-26.87140464782715,),)
-153.4875946044922,24.28019905090332,for,for
140.6009521484375,-35.578392028808594,identifier,i
-36.346187591552734,129.19602966308594,:=,:=
138.9062957763672,-36.13546371459961,identifier,i
-1.348561406135559,76.40315246582031,<,<
-39.22351837158203,32.724090576171875,identifier,len
-23.785167694091797,26.060529708862305,(,(
94.94993591308594,-40.086463928222656,identifier,sizes
-71.16558074951172,12.693434715270996,),)
138.6772003173828,-36.449066162109375,identifier,i
-73.43758392333984,-94.11223602294922,{,{
99.07295989990234,-19.487136840820312,identifier,sizes_c
138.38156127929688,-38.340389251708984,identifier,i
-33.95195388793945,88.1558609008789,=,=
195.52044677734375,55.4609375,identifier,C
209.5577850341797,49.09330368041992,.,.
37.676509857177734,-84.58744812011719,identifier,int
-19.357677459716797,12.694619178771973,(,(
95.0404052734375,-40.08741760253906,identifier,sizes
138.01429748535156,-38.87054443359375,identifier,i
-82.86549377441406,-5.231325626373291,),)
-121.95590209960938,-43.10977554321289,},}
107.29737854003906,10.124456405639648,identifier,mat
-42.90507507324219,116.12593841552734,:=,:=
198.06768798828125,55.86346435546875,identifier,C
207.59523010253906,49.20566177368164,.,.
51.95947265625,-24.91541290283203,identifier,cvCreateMatND
-11.888895988464355,-0.7159569263458252,(,(
96.19035339355469,-36.49673843383789,identifier,dims
-89.24645233154297,66.31925201416016,",",","
-6.5481977462768555,30.07932472229004,(,(
194.03720092773438,55.067073822021484,identifier,C
210.23428344726562,49.409149169921875,.,.
36.97272491455078,-84.37503051757812,identifier,int
-60.187679290771484,5.513513088226318,),)
-19.49327850341797,9.048469543457031,(,(
98.40593719482422,-19.682416915893555,identifier,sizes_c
-76.45343017578125,-0.49483153223991394,),)
-92.57949829101562,61.72727966308594,",",","
195.2588653564453,57.9196662902832,identifier,C
209.3667449951172,50.4382209777832,.,.
37.82079315185547,-84.0454330444336,identifier,int
-18.270360946655273,12.74233341217041,(,(
74.9437026977539,-46.4766960144043,identifier,type_
-74.9107894897461,1.8096003532409668,),)
-105.27467346191406,39.42096710205078,",",","
-99.76715850830078,-30.34809684753418,),)
-80.09886169433594,-158.16848754882812,return,return
-7.473357200622559,30.781572341918945,(,(
50.789798736572266,-40.910179138183594,identifier,MatND
-59.43128204345703,5.5630106925964355,),)
-19.376733779907227,8.014946937561035,(,(
107.29000854492188,9.945786476135254,identifier,mat
-80.93316650390625,-9.670945167541504,),)
-148.38894653320312,-91.37053680419922,},}
57.139930725097656,-140.7527618408203,func,func
36.10667419433594,-166.94882202148438,(,(
137.51141357421875,7.348543643951416,identifier,r
44.150115966796875,-39.4524040222168,identifier,Rule
-0.2630089819431305,-207.9034423828125,),)
47.15705490112305,-27.993698120117188,identifier,AttrKeys
-22.986774444580078,-39.459197998046875,(,(
-16.4077091217041,-143.67088317871094,),)
17.933197021484375,-85.00564575195312,identifier,string
-41.01693344116211,-99.86966705322266,{,{
101.1148681640625,-30.319591522216797,identifier,keys
-49.363731384277344,120.60599517822266,:=,:=
-2.599590301513672,45.80939483642578,identifier,make
-3.954923152923584,43.04182434082031,(,(
16.687803268432617,-85.62765502929688,identifier,string
-114.1347427368164,80.49583435058594,",",","
-112.34737396240234,79.39995574951172,",",","
-39.0777702331543,31.12478256225586,identifier,len
-22.405946731567383,25.39337921142578,(,(
138.22640991210938,0.2995676100254059,identifier,r
88.48725128173828,101.67728424072266,.,.
63.37546920776367,-39.3170280456543,identifier,attrs
-69.67052459716797,12.513388633728027,),)
-72.79804992675781,-27.151988983154297,),)
-154.31698608398438,24.939727783203125,for,for
135.73043823242188,-29.388736724853516,identifier,k
-34.434574127197266,128.45643615722656,:=,:=
137.90130615234375,0.392147958278656,identifier,r
88.20932006835938,101.91516876220703,.,.
63.356597900390625,-39.336551666259766,identifier,attrs
-70.17220306396484,-95.59081268310547,{,{
101.32953643798828,-30.487445831298828,identifier,keys
-28.834203720092773,93.78653717041016,=,=
-24.020017623901367,55.347633361816406,identifier,append
-22.223514556884766,47.75461959838867,(,(
101.58328247070312,-30.69317626953125,identifier,keys
-75.21802520751953,59.076377868652344,",",","
134.1880340576172,-30.965917587280273,identifier,k
-86.21074676513672,-4.913015365600586,),)
-122.18286895751953,-45.00339889526367,},}
36.76449203491211,1.3648585081100464,identifier,sort
50.69023513793945,50.562538146972656,.,.
36.733551025390625,-1.311207890510559,identifier,SliceStable
-9.797160148620605,15.564255714416504,(,(
101.75151062011719,-31.030881881713867,identifier,keys
-78.76380157470703,58.7057991027832,",",","
-11.550824165344238,-65.40210723876953,func,func
-13.524015426635742,-62.44134521484375,(,(
141.26795959472656,-36.661170959472656,identifier,i
-77.75433349609375,122.22351837158203,",",","
135.16258239746094,-36.325721740722656,identifier,j
30.653522491455078,-85.27814483642578,identifier,int
-16.548498153686523,-127.15589904785156,),)
23.539777755737305,-78.45068359375,identifier,bool
-48.75307846069336,-103.9254379272461,{,{
-161.77874755859375,-0.5084764361381531,if,if
104.9759521484375,5.213518142700195,identifier,cmp
-35.78199005126953,120.15406036376953,:=,:=
75.680908203125,6.334634780883789,identifier,bt
75.57150268554688,95.52774047851562,.,.
64.86351013183594,-28.018938064575195,identifier,NamePriority
102.32682037353516,-31.932289123535156,identifier,keys
137.69338989257812,-39.54240417480469,identifier,i
75.6846923828125,6.33598518371582,identifier,bt
75.58836364746094,95.5832748413086,.,.
64.88233184814453,-28.025598526000977,identifier,NamePriority
102.3791732788086,-32.02931594848633,identifier,keys
134.8715362548828,-37.64085388183594,identifier,j
105.03264617919922,5.198464870452881,identifier,cmp
8.991683006286621,96.36930847167969,!=,!=
-89.6678466796875,-90.24174499511719,{,{
-78.99724578857422,-164.28021240234375,return,return
105.03504943847656,5.195192337036133,identifier,cmp
3.9470627307891846,77.17608642578125,<,<
-129.17100524902344,-38.79880905151367,},}
-79.00202941894531,-164.20199584960938,return,return
101.9657974243164,-31.83895492553711,identifier,keys
137.67611694335938,-39.824363708496094,identifier,i
4.115040302276611,77.21586608886719,<,<
102.09754180908203,-32.228580474853516,identifier,keys
134.78773498535156,-37.56158447265625,identifier,j
-114.902099609375,-30.2334041595459,},}
-87.11431121826172,-19.678539276123047,),)
-76.6220703125,-154.37295532226562,return,return
96.57632446289062,-28.226259231567383,identifier,keys
-148.9037628173828,-96.87509155273438,},}
60.093910217285156,-140.6700439453125,func,func
37.59122848510742,-168.8683624267578,(,(
151.01478576660156,7.978920936584473,identifier,app
70.1148452758789,-5.561522483825684,identifier,App
0.38978055119514465,-207.9450225830078,),)
34.67241287231445,-34.10537338256836,identifier,Run
-20.427608489990234,-43.7546501159668,(,(
48.96641159057617,-66.51866149902344,identifier,cmd
21.692977905273438,-89.08248138427734,identifier,string
-105.25157165527344,100.1482162475586,",",","
125.49612426757812,-1.0446110963821411,identifier,w
19.23345184326172,-44.939327239990234,identifier,io
58.0150146484375,56.944278717041016,.,.
27.924222946166992,-24.612895965576172,identifier,Writer
-107.43709564208984,98.6598892211914,",",","
112.80435180664062,-57.04338836669922,identifier,args
33.46051788330078,-44.62620544433594,identifier,provision
60.14363098144531,66.45922088623047,.,.
37.5991096496582,-34.30191421508789,identifier,RunArgs
-11.042447090148926,-134.32424926757812,),)
-4.166048526763916,-101.16739654541016,identifier,error
-37.40234375,-103.37263488769531,{,{
-161.38479614257812,5.567715167999268,if,if
112.1280288696289,-56.061561584472656,identifier,args
70.90239715576172,97.40591430664062,.,.
59.42351531982422,-22.70769691467285,identifier,Isolated
151.4490966796875,7.5819268226623535,identifier,app
87.39132690429688,94.69515228271484,.,.
34.14392852783203,-23.862775802612305,identifier,available
-26.259851455688477,-5.755703926086426,(,(
-56.94081115722656,-13.93328857421875,),)
-89.1905288696289,-98.7765884399414,{,{
-63.724586486816406,-167.67544555664062,return,return
37.03010177612305,36.09651565551758,identifier,errors
40.39535903930664,43.231666564941406,.,.
28.380159378051758,26.690378189086914,identifier,New
24.638395309448242,27.740636825561523,(,(
20.180971145629883,154.86773681640625,"""",""""
-14.999155044555664,207.93182373046875,"""",""""
-91.93161010742188,-4.787405490875244,),)
-128.4940643310547,-47.008277893066406,},}
151.37367248535156,7.406989097595215,identifier,app
77.70115661621094,92.87337493896484,.,.
51.26057434082031,25.6846923828125,identifier,Log
19.16840934753418,23.633554458618164,(,(
27.309730529785156,44.53889465332031,identifier,fmt
38.861732482910156,48.416038513183594,.,.
24.84007453918457,37.814022064208984,identifier,Sprintf
18.7443790435791,33.61613845825195,(,(
14.651381492614746,158.02430725097656,"""",""""
-12.407464027404785,207.60064697265625,"""",""""
-74.1695556640625,78.1448745727539,",",","
49.53363037109375,-66.93115997314453,identifier,cmd
-69.69692993164062,-0.9578825235366821,),)
-89.88291931152344,58.555973052978516,",",","
15.924620628356934,165.04672241210938,"""",""""
-6.721127033233643,206.6178741455078,"""",""""
-81.15716552734375,78.9546127319336,",",","
15.515155792236328,166.12213134765625,"""",""""
-6.210520267486572,207.84889221191406,"""",""""
-75.22049713134766,-22.327817916870117,),)
91.94561004638672,-10.765027046203613,identifier,logWriter
-42.25701141357422,118.19815826416016,:=,:=
91.88243865966797,-10.638955116271973,identifier,LogWriter
-61.44536209106445,-66.26190185546875,{,{
70.18617248535156,-6.70698356628418,identifier,App
151.8485870361328,7.86106538772583,identifier,app
-108.08248138427734,53.682151794433594,",",","
65.49314880371094,-11.900230407714844,identifier,Source
19.809911727905273,164.53125,"""",""""
-6.197715759277344,210.2310791015625,"""",""""
-104.22388458251953,-35.73346710205078,},}
91.98970031738281,-11.214624404907227,identifier,logWriter
74.59419250488281,87.24983978271484,.,.
49.22602081298828,-13.417464256286621,identifier,Async
-23.36981201171875,-13.281384468078613,(,(
-65.93338012695312,-25.077680587768555,),)
92.00198364257812,-11.488492012023926,identifier,logWriter
74.39191436767578,87.17913055419922,.,.
-16.97047996520996,-19.171802520751953,identifier,Close
-22.7810001373291,-15.801424026489258,(,(
-66.61683654785156,-25.181447982788086,),)
-79.00865936279297,-161.4196014404297,return,return
151.33546447753906,7.445987701416016,identifier,app
86.57862854003906,96.93184661865234,.,.
34.427860260009766,-34.31265640258789,identifier,run
-7.2600483894348145,-1.9841428995132446,(,(
49.494876861572266,-66.8503189086914,identifier,cmd
-88.79821014404297,65.55049133300781,",",","
18.124616622924805,-44.557167053222656,identifier,io
55.98943328857422,57.32933044433594,.,.
28.9367733001709,-23.898651123046875,identifier,MultiWriter
-13.500411033630371,5.145659923553467,(,(
125.54903411865234,-0.225833460688591,identifier,w
-86.3218002319336,65.51933288574219,",",","
91.97367095947266,-11.862593650817871,identifier,logWriter
-75.210205078125,-1.358233094215393,),)
-91.45223236083984,63.59946060180664,",",","
112.45083618164062,-55.901039123535156,identifier,args
-81.70269775390625,-11.511216163635254,),)
-148.28050231933594,-90.3954086303711,},}
70.87535095214844,-146.6112060546875,func,func
44.357688903808594,-28.66390609741211,identifier,keyToReferenceValue
-27.7929630279541,-45.22035217285156,(,(
72.91798400878906,-48.08187484741211,identifier,defaultAppID
22.426145553588867,-88.89785766601562,identifier,string
-104.83998107910156,100.77753448486328,",",","
136.0299530029297,-26.6778507232666,identifier,k
53.291446685791016,-45.72084426879883,identifier,Key
-14.928030014038086,-136.93931579589844,),)
62.02223205566406,9.43757152557373,identifier,pb
58.4414176940918,71.17042541503906,.,.
56.78963851928711,-30.82999610900879,identifier,PropertyValue_ReferenceValue
-42.82724380493164,-98.69647979736328,{,{
121.022216796875,-21.219526290893555,identifier,ref
-44.75453186035156,121.2517318725586,:=,:=
47.548439025878906,-23.339872360229492,identifier,keyToProto
-14.253633499145508,-3.3648107051849365,(,(
72.95389556884766,-47.99716567993164,identifier,defaultAppID
-88.55351257324219,74.6548843383789,",",","
136.3604278564453,-26.868593215942383,identifier,k
-71.61236572265625,-19.30469512939453,),)
112.04586029052734,-2.856781005859375,identifier,pe
-48.74788284301758,122.5040512084961,:=,:=
-2.6479666233062744,45.118003845214844,identifier,make
-3.8473658561706543,42.28789520263672,(,(
61.850074768066406,9.07407283782959,identifier,pb
57.64256286621094,72.20899963378906,.,.
57.397674560546875,-30.386512756347656,identifier,PropertyValue_ReferenceValue_PathElement
-114.6117935180664,81.4602279663086,",",","
-39.62104415893555,30.57188606262207,identifier,len
-22.902956008911133,25.920825958251953,(,(
121.78543853759766,-21.354549407958984,identifier,ref
69.0453872680664,100.3269271850586,.,.
82.35870361328125,-69.58441925048828,identifier,Path
61.227577209472656,95.1053695678711,.,.
65.0101089477539,-35.2136344909668,identifier,Element
-69.00199127197266,12.550149917602539,),)
-73.97431182861328,-26.616518020629883,),)
-153.69656372070312,23.23193359375,for,for
141.0847930908203,-36.01353073120117,identifier,i
-78.33426666259766,123.37637329101562,",",","
129.91680908203125,-23.985572814941406,identifier,e
-34.72771072387695,125.93256378173828,:=,:=
121.8326187133789,-21.346132278442383,identifier,ref
69.02811431884766,100.38067626953125,.,.
82.35979461669922,-69.58331298828125,identifier,Path
61.239585876464844,95.14378356933594,.,.
64.99920654296875,-35.23235321044922,identifier,Element
-72.30216979980469,-95.7044677734375,{,{
112.00193786621094,-2.8510398864746094,identifier,pe
138.58688354492188,-38.78887939453125,identifier,i
-33.128177642822266,87.89556884765625,=,=
61.694854736328125,9.003348350524902,identifier,pb
57.29945755004883,72.34424591064453,.,.
57.34836196899414,-30.281471252441406,identifier,PropertyValue_ReferenceValue_PathElement
-62.99225997924805,-66.1975326538086,{,{
50.85436248779297,-55.12574005126953,identifier,Type
127.71004486083984,-26.86933135986328,identifier,e
63.30229949951172,99.2603988647461,.,.
50.842708587646484,-55.10179901123047,identifier,Type
-108.93841552734375,50.835594177246094,",",","
67.27685546875,-58.037574768066406,identifier,Id
127.43693542480469,-26.947147369384766,identifier,e
63.450927734375,99.29313659667969,.,.
67.22325897216797,-58.11092758178711,identifier,Id
-108.26937866210938,51.081581115722656,",",","
65.17790985107422,-62.606082916259766,identifier,Name
127.45439147949219,-26.96495819091797,identifier,e
63.362789154052734,99.1975326538086,.,.
64.7367935180664,-64.00450134277344,identifier,Name
-106.98861694335938,41.1933479309082,",",","
-106.00012969970703,-29.304244995117188,},}
-118.0503921508789,-37.833534240722656,},}
-80.30658721923828,-159.02529907226562,return,return
61.755619049072266,9.095726013183594,identifier,pb
57.2720832824707,72.3410415649414,.,.
57.00221252441406,-30.47634506225586,identifier,PropertyValue_ReferenceValue
-62.39985656738281,-66.89437866210938,{,{
70.18466186523438,-6.945466041564941,identifier,App
122.38626098632812,-21.274505615234375,identifier,ref
69.00154876708984,101.86279296875,.,.
70.18224334716797,-7.044231414794922,identifier,App
-108.85967254638672,52.99486541748047,",",","
61.34507369995117,-64.05083465576172,identifier,NameSpace
122.43973541259766,-21.271411895751953,identifier,ref
69.05351257324219,101.82735443115234,.,.
61.36912155151367,-64.05279541015625,identifier,NameSpace
-106.56066131591797,51.50957489013672,",",","
63.17509841918945,-18.864173889160156,identifier,Pathelement
111.97886657714844,-2.8728079795837402,identifier,pe
-105.42566680908203,42.7476806640625,",",","
-105.6975326538086,-30.767427444458008,},}
-151.0322265625,-87.85740661621094,},}
67.31925964355469,-143.68699645996094,func,func
43.8936882019043,-31.541038513183594,identifier,Current
-22.60358428955078,-46.68587875366211,(,(
82.90862274169922,41.59815216064453,identifier,c
78.0400390625,42.07957077026367,identifier,context
75.05692291259766,42.96476745605469,.,.
76.29215240478516,40.56974411010742,identifier,Context
-17.87958335876465,-137.2915802001953,),)
54.69395446777344,-43.39689254760742,identifier,User
-43.51702117919922,-98.31373596191406,{,{
130.13766479492188,-19.563688278198242,identifier,h
-43.86650848388672,121.30887603759766,:=,:=
47.28907012939453,-8.309589385986328,identifier,internal
69.43848419189453,74.63253021240234,.,.
51.2649040222168,-31.011093139648438,identifier,IncomingHeaders
-14.041701316833496,-5.375335216522217,(,(
83.0972900390625,40.88014602661133,identifier,c
-70.39789581298828,-18.696008682250977,),)
120.76841735839844,-12.571415901184082,identifier,u
-44.63199234008789,117.28321075439453,:=,:=
54.693058013916016,-43.3953742980957,identifier,User
-60.58893585205078,-66.24776458740234,{,{
61.71879577636719,-57.608455657958984,identifier,Email
130.79837036132812,-18.103681564331055,identifier,h
63.72942352294922,86.09246826171875,.,.
12.949904441833496,10.901326179504395,identifier,Get
10.038208961486816,12.007652282714844,(,(
10.755926132202148,163.7655487060547,"""",""""
-9.441308975219727,203.96397399902344,"""",""""
-66.16831970214844,-5.524543285369873,),)
-105.5527572631836,49.29206466674805,",",","
62.34221267700195,-25.044084548950195,identifier,AuthDomain
130.99200439453125,-17.635438919067383,identifier,h
63.62101364135742,86.32394409179688,.,.
12.635421752929688,11.024476051330566,identifier,Get
9.929186820983887,12.236218452453613,(,(
11.018186569213867,164.0621795654297,"""",""""
-8.923877716064453,203.63711547851562,"""",""""
-66.16490936279297,-5.302399635314941,),)
-105.2239990234375,49.38615036010742,",",","
68.42037963867188,-57.366703033447266,identifier,ID
131.11544799804688,-17.26320457458496,identifier,h
63.52286148071289,86.65093231201172,.,.
12.428897857666016,11.127633094787598,identifier,Get
9.765474319458008,12.415396690368652,(,(
11.103899002075195,164.35177612304688,"""",""""
-8.735499382019043,203.3415069580078,"""",""""
-66.07636260986328,-5.091579437255859,),)
-104.67389678955078,49.34388732910156,",",","
62.62438201904297,-24.582443237304688,identifier,Admin
131.27699279785156,-17.243976593017578,identifier,h
63.41622543334961,86.76610565185547,.,.
12.566152572631836,11.231718063354492,identifier,Get
9.951384544372559,12.534605979919434,(,(
11.3441162109375,164.33462524414062,"""",""""
-8.893583297729492,202.90541076660156,"""",""""
-65.66796875,-4.642117023468018,),)
0.9552313685417175,86.94059753417969,==,==
22.266633987426758,165.57080078125,"""",""""
-3.8442325592041016,209.81121826171875,"""",""""
-103.82417297363281,49.66371536254883,",",","
67.00655364990234,-24.351953506469727,identifier,FederatedIdentity
131.47280883789062,-17.245450973510742,identifier,h
63.274539947509766,86.77177429199219,.,.
12.73340129852295,11.26988410949707,identifier,Get
10.138242721557617,12.557524681091309,(,(
11.61643123626709,164.39796447753906,"""",""""
-8.44704532623291,203.0369873046875,"""",""""
-66.42408752441406,-4.773593902587891,),)
-104.14302825927734,50.13393783569336,",",","
66.99423217773438,-24.317306518554688,identifier,FederatedProvider
131.54188537597656,-17.224231719970703,identifier,h
63.19552993774414,86.80952453613281,.,.
12.72232723236084,11.314599990844727,identifier,Get
10.163395881652832,12.668813705444336,(,(
11.719223976135254,164.4526824951172,"""",""""
-8.313041687011719,203.0637969970703,"""",""""
-66.58453369140625,-4.713817119598389,),)
-105.22957611083984,40.94452667236328,",",","
-103.44833374023438,-31.851398468017578,},}
-170.03094482421875,-1.3044230937957764,if,if
121.22999572753906,-12.773092269897461,identifier,u
69.35200500488281,105.26383972167969,.,.
61.71731185913086,-57.611122131347656,identifier,Email
3.8665449619293213,89.14476776123047,==,==
23.21231460571289,165.93824768066406,"""",""""
-2.620404005050659,212.98252868652344,"""",""""
121.3058090209961,-12.797576904296875,identifier,u
69.24029541015625,105.38232421875,.,.
67.10372924804688,-24.360517501831055,identifier,FederatedIdentity
4.355008125305176,89.1515884399414,==,==
23.524620056152344,165.8112335205078,"""",""""
-2.171372413635254,212.86952209472656,"""",""""
-89.73143005371094,-86.83744812011719,{,{
-71.921875,-165.65597534179688,return,return
-127.7322006225586,-35.43482971191406,},}
-75.27364349365234,-155.47010803222656,return,return
116.22714233398438,-8.269609451293945,identifier,u
-148.6015625,-95.59475708007812,},}
57.55451583862305,-143.75025939941406,func,func
33.71832275390625,-168.7512969970703,(,(
141.0007781982422,11.3876953125,identifier,m
44.09468078613281,-40.63288497924805,identifier,Route
-0.5735676884651184,-208.5776824951172,),)
35.77632141113281,-28.177337646484375,identifier,Validate
-19.70946502685547,-42.41279220581055,(,(
65.3662109375,-43.34012985229492,identifier,formats
50.19443130493164,-32.76604080200195,identifier,strfmt
62.83829879760742,63.65050506591797,.,.
48.2016716003418,-46.294586181640625,identifier,Registry
-16.35427474975586,-136.17391967773438,),)
-3.2098443508148193,-101.87732696533203,identifier,error
-38.91193389892578,-102.29264068603516,{,{
105.26210021972656,-3.0063891410827637,identifier,res
-6.554108142852783,-102.56974029541016,identifier,error
-165.35252380371094,7.676151752471924,if,if
129.39488220214844,62.32301330566406,identifier,err
-29.37160873413086,113.62724304199219,:=,:=
149.529296875,0.8949430584907532,identifier,m
85.77273559570312,95.37297058105469,.,.
47.0168342590332,-19.09178924560547,identifier,validateFormat
-17.253934860229492,-3.6539371013641357,(,(
65.35263061523438,-43.24797439575195,identifier,formats
-68.21858215332031,-14.751896858215332,),)
129.23106384277344,53.99561309814453,identifier,err
13.147629737854004,109.2935791015625,!=,!=
-95.33869934082031,-97.37565612792969,{,{
104.4192123413086,-4.9844183921813965,identifier,res
-28.196836471557617,95.4399642944336,=,=
-23.35015869140625,54.388885498046875,identifier,append
-21.705184936523438,48.91542434692383,(,(
104.72795104980469,-4.6660051345825195,identifier,res
-74.10765838623047,59.661563873291016,",",","
144.92080688476562,48.0345458984375,identifier,err
-88.08274841308594,-7.424189567565918,),)
-125.90302276611328,-46.710323333740234,},}
-165.67752075195312,0.32066792249679565,if,if
130.62725830078125,60.37248229980469,identifier,err
-28.66537094116211,112.82310485839844,:=,:=
149.41749572753906,0.7754140496253967,identifier,m
85.39927673339844,95.39623260498047,.,.
47.40541076660156,-19.2698974609375,identifier,validateHeaders
-16.300539016723633,-3.4389233589172363,(,(
65.36698150634766,-43.244441986083984,identifier,formats
-68.192138671875,-14.321478843688965,),)
132.02032470703125,53.309505462646484,identifier,err
14.714423179626465,108.00253295898438,!=,!=
-95.52980041503906,-94.29045867919922,{,{
104.57537841796875,-5.230660438537598,identifier,res
-28.359994888305664,95.65988159179688,=,=
-23.635986328125,53.4754638671875,identifier,append
-22.05743980407715,49.50536346435547,(,(
104.97242736816406,-4.888309478759766,identifier,res
-73.82920837402344,60.04452133178711,",",","
142.50851440429688,48.93320083618164,identifier,err
-87.7880630493164,-7.478633403778076,),)
-124.91920471191406,-43.96821975708008,},}
-166.7938690185547,-0.5888723134994507,if,if
131.13082885742188,60.63689041137695,identifier,err
-28.30251693725586,112.40496063232422,:=,:=
149.35531616210938,0.6841465830802917,identifier,m
85.43990325927734,95.40000915527344,.,.
47.092044830322266,-19.012104034423828,identifier,validateType
-16.944795608520508,-3.578665256500244,(,(
65.36152648925781,-43.23627471923828,identifier,formats
-68.18960571289062,-14.300837516784668,),)
134.3383026123047,54.55328369140625,identifier,err
15.343530654907227,106.57223510742188,!=,!=
-92.54782104492188,-91.51580047607422,{,{
104.7873764038086,-5.39414119720459,identifier,res
-28.483585357666016,95.76813507080078,=,=
-24.108827590942383,53.13407516479492,identifier,append
-22.42523956298828,49.722930908203125,(,(
105.3754653930664,-5.015160083770752,identifier,res
-74.04133605957031,60.3112907409668,",",","
141.4600372314453,50.94404602050781,identifier,err
-87.75914001464844,-8.189172744750977,),)
-125.38987731933594,-39.85545349121094,},}
-169.22756958007812,-1.9323493242263794,if,if
-37.19454574584961,35.500396728515625,identifier,len
-27.571075439453125,25.923538208007812,(,(
106.05182647705078,-4.7162580490112305,identifier,res
-74.07686614990234,14.986625671386719,),)
6.716451168060303,82.23967742919922,>,>
-89.37915802001953,-88.22207641601562,{,{
-68.52224731445312,-163.70639038085938,return,return
37.80232238769531,36.339134216308594,identifier,errors
41.440185546875,43.653770446777344,.,.
53.00447082519531,-15.505084991455078,identifier,CompositeValidationError
-13.682440757751465,4.985352993011475,(,(
106.15546417236328,-4.702390670776367,identifier,res
-85.64752960205078,-10.801690101623535,),)
-125.88336944580078,-35.980918884277344,},}
-71.5448226928711,-157.25979614257812,return,return
-150.0725555419922,-93.7149429321289,},}
56.94548797607422,-141.59945678710938,func,func
37.13335418701172,-168.29690551757812,(,(
139.96609497070312,7.505733489990234,identifier,b
44.08400344848633,-35.56681442260742,identifier,TupleBuilder
0.07789069414138794,-205.212890625,),)
46.96902084350586,-31.964902877807617,identifier,PutInt8
-23.74894905090332,-44.1820068359375,(,(
79.44633483886719,-59.18630599975586,identifier,field
22.305978775024414,-88.2850341796875,identifier,string
-104.520263671875,99.85010528564453,",",","
109.61802673339844,-38.81829071044922,identifier,value
31.716785430908203,-81.22978210449219,identifier,int8
-12.052037239074707,-137.16668701171875,),)
0.1288115382194519,-155.98416137695312,(,(
48.47943115234375,-25.403108596801758,identifier,wrote
31.269460678100586,-78.93058776855469,identifier,uint64
-120.8868408203125,88.75135803222656,",",","
136.29620361328125,69.3019790649414,identifier,err
-9.538126945495605,-102.5960693359375,identifier,error
-16.358718872070312,-112.30891418457031,),)
-41.43364715576172,-106.81180572509766,{,{
-161.65846252441406,5.37029504776001,if,if
136.1471405029297,62.59564208984375,identifier,err
-31.073501586914062,104.87445831298828,=,=
146.03363037109375,-3.559931993484497,identifier,b
88.00020599365234,95.58698272705078,.,.
47.06538009643555,-18.371381759643555,identifier,typeCheck
-17.9117374420166,-3.8397107124328613,(,(
79.46802520751953,-59.19510269165039,identifier,field
-86.96810913085938,73.63076782226562,",",","
57.73640441894531,-26.288713455200195,identifier,Int8Field
-68.46728515625,-17.322120666503906,),)
128.35891723632812,55.52067947387695,identifier,err
10.82810115814209,107.99263763427734,!=,!=
-93.45342254638672,-96.8092269897461,{,{
-66.128173828125,-170.17608642578125,return,return
-139.6971435546875,69.71728515625,",",","
145.05172729492188,49.371620178222656,identifier,err
-130.1033935546875,-45.79402160644531,},}
-165.65554809570312,1.4250019788742065,if,if
146.6444854736328,-3.8375463485717773,identifier,b
88.11552429199219,94.75093841552734,.,.
34.138099670410156,-23.858272552490234,identifier,available
-26.405941009521484,-5.758412837982178,(,(
-55.865787506103516,-12.925432205200195,),)
3.584088087081909,79.25855255126953,<,<
-88.95833587646484,-96.98760986328125,{,{
-67.7180404663086,-170.1905975341797,return,return
-138.83724975585938,69.84204864501953,",",","
58.288978576660156,-13.777301788330078,identifier,xbinary
62.38311767578125,69.23320770263672,.,.
55.15193557739258,-14.587309837341309,identifier,ErrOutOfRange
-128.29055786132812,-44.15085983276367,},}
148.0420684814453,-4.645375728607178,identifier,b
88.96924591064453,105.74885559082031,.,.
79.40960693359375,-11.354448318481445,identifier,buffer
147.6915283203125,-6.900884628295898,identifier,b
91.36094665527344,107.23793029785156,.,.
75.25635528564453,-7.268930435180664,identifier,pos
-33.9693489074707,87.19015502929688,=,=
32.5369873046875,-67.51890563964844,identifier,byte
-18.76865577697754,16.531282424926758,(,(
57.78905487060547,-26.35886001586914,identifier,Int8Code
59.585105895996094,97.7973861694336,.,.
58.546546936035156,-27.097021102905273,identifier,OpCode
-80.72354125976562,-22.269367218017578,),)
148.22853088378906,-4.844388961791992,identifier,b
88.95740509033203,105.8804702758789,.,.
79.40933227539062,-11.356527328491211,identifier,buffer
147.7771453857422,-6.889904022216797,identifier,b
91.3146743774414,107.219482421875,.,.
75.27108764648438,-7.275362014770508,identifier,pos
23.56167221069336,9.257411003112793,+,+
-34.41407775878906,86.79917907714844,=,=
32.55820846557617,-67.50871276855469,identifier,byte
-18.907318115234375,16.67441749572754,(,(
110.61283874511719,-39.387977600097656,identifier,value
-81.93701171875,-18.683513641357422,),)
148.32350158691406,-4.9001665115356445,identifier,b
88.76058197021484,105.84400177001953,.,.
50.81172180175781,-16.459924697875977,identifier,offsets
79.45531463623047,-59.179473876953125,identifier,field
-35.88100814819336,87.6064453125,=,=
148.10829162597656,-6.449995040893555,identifier,b
90.59730529785156,106.7724609375,.,.
75.30314636230469,-7.28347110748291,identifier,pos
148.8814697265625,-5.4904255867004395,identifier,b
89.91181182861328,106.24240112304688,.,.
75.29399871826172,-7.289340496063232,identifier,pos
-74.24910736083984,-156.93614196777344,return,return
-136.0702667236328,77.19991302490234,",",","
-151.47401428222656,-91.77305603027344,},}
57.9927978515625,-142.78981018066406,func,func
36.564125061035156,-169.42979431152344,(,(
139.94384765625,7.530850410461426,identifier,b
43.53440475463867,-35.49779510498047,identifier,builder
2.006211519241333,-206.8736572265625,),)
41.57682800292969,-33.21820068359375,identifier,Build
-20.590557098388672,-43.67997741699219,(,(
88.11628723144531,-66.01824188232422,identifier,target
35.4426155090332,-46.18611145019531,identifier,resolver
59.77914047241211,65.56208801269531,.,.
87.97648620605469,-66.40010070800781,identifier,Target
-107.60970306396484,99.94546508789062,",",","
89.93159484863281,9.766936302185059,identifier,cc
35.30037307739258,-46.19120788574219,identifier,resolver
59.96227264404297,65.82632446289062,.,.
38.531883239746094,-40.24921798706055,identifier,ClientConn
-108.24910736083984,97.32044982910156,",",","
149.31173706054688,-18.115028381347656,identifier,opts
35.39503860473633,-46.17790222167969,identifier,resolver
59.73617935180664,65.96858215332031,.,.
38.02525329589844,-34.4476432800293,identifier,BuildOption
-9.528738975524902,-136.99832153320312,),)
-3.556791067123413,-156.87692260742188,(,(
36.19707489013672,-46.0789680480957,identifier,resolver
59.01991653442383,66.0052261352539,.,.
37.87940216064453,-45.714439392089844,identifier,Resolver
-124.30426025390625,88.945556640625,",",","
-4.437860488891602,-106.84004974365234,identifier,error
-17.146312713623047,-109.21989440917969,),)
-37.58775329589844,-107.0416259765625,{,{
-161.3011932373047,4.480706691741943,if,if
-36.676998138427734,33.35746383666992,identifier,len
-25.51003074645996,27.87376594543457,(,(
89.24031829833984,-65.32315063476562,identifier,target
70.49911499023438,98.72799682617188,.,.
63.70602035522461,-26.222206115722656,identifier,Authority
-72.06838989257812,15.684442520141602,),)
3.6006364822387695,79.47808074951172,<,<
-88.95608520507812,-98.03355407714844,{,{
-65.41299438476562,-171.13140869140625,return,return
-138.9932098388672,70.97319030761719,",",","
29.448558807373047,45.370880126953125,identifier,fmt
36.82326889038086,46.14144515991211,.,.
28.856334686279297,33.791908264160156,identifier,Errorf
23.070968627929688,29.68355369567871,(,(
19.258752822875977,153.872802734375,"""",""""
-15.409984588623047,209.05772399902344,"""",""""
-91.3791275024414,-5.715367794036865,),)
-127.9097900390625,-45.94523239135742,},}
70.2166976928711,-57.5629768371582,identifier,id
-42.455692291259766,124.55323028564453,:=,:=
89.26946258544922,-65.28890991210938,identifier,target
70.20863342285156,99.06483459472656,.,.
63.760807037353516,-26.25408935546875,identifier,Authority
111.01335144042969,0.8732661008834839,identifier,es
-66.98297882080078,120.3101577758789,",",","
131.07801818847656,67.67717742919922,identifier,err
-35.18624496459961,113.2353286743164,:=,:=
145.87472534179688,-3.1513633728027344,identifier,b
87.85675811767578,96.32686614990234,.,.
53.02838897705078,-19.530929565429688,identifier,getResolverGroup
-11.705595016479492,-3.846893787384033,(,(
70.73193359375,-58.325687408447266,identifier,id
-75.02691650390625,-18.166053771972656,),)
-173.4295654296875,3.4217145442962646,if,if
132.44842529296875,56.29959487915039,identifier,err
13.250450134277344,106.90972137451172,!=,!=
-93.3490982055664,-92.92096710205078,{,{
-68.71914672851562,-168.71717834472656,return,return
-138.97332763671875,72.55846405029297,",",","
28.57244873046875,46.138214111328125,identifier,fmt
36.21982192993164,47.21202087402344,.,.
30.148996353149414,34.42032241821289,identifier,Errorf
21.318153381347656,30.0312442779541,(,(
17.99774932861328,155.0416259765625,"""",""""
-13.979249000549316,210.4936981201172,"""",""""
-73.5416259765625,76.64490509033203,",",","
141.57179260253906,50.36191940307617,identifier,err
-89.26326751708984,-8.684396743774414,),)
-128.06398010253906,-41.65964126586914,},}
113.0540542602539,-10.399904251098633,identifier,r
-43.4337043762207,115.64692687988281,:=,:=
37.95320129394531,-45.6933479309082,identifier,Resolver
-61.119407653808594,-66.99874114990234,{,{
71.32048797607422,-52.60042953491211,identifier,endpointID
70.74494171142578,-58.423580169677734,identifier,id
-107.06944274902344,52.77798843383789,",",","
89.89461517333984,9.753898620605469,identifier,cc
89.88965606689453,9.750651359558105,identifier,cc
-106.18853759765625,42.7326545715332,",",","
-104.47112274169922,-32.400390625,},}
111.01140594482422,0.8741434216499329,identifier,es
81.37275695800781,92.11955261230469,.,.
51.915584564208984,-18.4943790435791,identifier,addResolver
-8.77238655090332,0.02586865797638893,(,(
115.29390716552734,-9.021305084228516,identifier,r
-82.8165054321289,-15.381038665771484,),)
-75.42534637451172,-156.59225463867188,return,return
115.50750732421875,-8.810391426086426,identifier,r
-137.0209197998047,78.62974548339844,",",","
-151.79608154296875,-91.84632873535156,},}
69.05620574951172,-144.26002502441406,func,func
41.4593391418457,-30.46310806274414,identifier,NewGroup
-24.934064865112305,-48.5643196105957,(,(
66.48185729980469,-38.517494201660156,identifier,gitAttributesContent
64.03070831298828,-138.08953857421875,func,func
-14.260601997375488,-59.626487731933594,(,(
-14.59277057647705,-144.13571166992188,),)
-4.604919910430908,-154.09619140625,(,(
29.50950813293457,-67.86907196044922,identifier,byte
-123.40586853027344,86.14370727539062,",",","
-2.710317373275757,-105.23719024658203,identifier,error
-20.346145629882812,-112.06980895996094,),)
-10.53554916381836,-139.41062927246094,),)
-1.0771515369415283,-156.92657470703125,(,(
52.60972595214844,-43.232330322265625,identifier,Group
-124.2482681274414,89.98921966552734,",",","
-3.8541159629821777,-108.33625793457031,identifier,error
-17.51175880432129,-111.7394790649414,),)
-39.65178680419922,-105.88619232177734,{,{
120.02763366699219,-6.2668352127075195,identifier,g
-44.982662200927734,117.69739532470703,:=,:=
52.60976791381836,-43.233524322509766,identifier,Group
-60.35796356201172,-66.01106262207031,{,{
59.407413482666016,-22.33046531677246,identifier,LinguistGeneratedPatterns
60.34059524536133,-39.320037841796875,identifier,Pattern
-63.83291244506836,-59.579158782958984,{,{
-72.4443588256836,-48.76371383666992,},}
-103.76094818115234,41.0337028503418,",",","
-103.20308685302734,-33.199928283691406,},}
112.04167938232422,-15.653467178344727,identifier,bs
-65.89691925048828,120.17837524414062,",",","
131.2972412109375,68.88919830322266,identifier,err
-34.18733215332031,113.74568176269531,:=,:=
66.303955078125,-38.47787094116211,identifier,gitAttributesContent
-24.752330780029297,-9.151246070861816,(,(
-61.67723846435547,-19.453868865966797,),)
-173.3555908203125,4.815597057342529,if,if
131.26002502441406,55.67053985595703,identifier,err
11.386478424072266,106.386474609375,!=,!=
-90.90646362304688,-93.18931579589844,{,{
131.91885375976562,54.96297836303711,identifier,err
55.70433044433594,101.16281127929688,.,.
-6.14809513092041,36.504886627197266,(,(
-54.65406036376953,-21.2827205657959,),)
-76.83518981933594,-86.05518341064453,{,{
-152.82681274414062,-8.99576187133789,case,case
49.5658073425293,-0.054254550486803055,identifier,github
58.91976547241211,68.19032287597656,.,.
56.2143669128418,-16.745595932006836,identifier,FileNotFound
-73.654296875,-167.00726318359375,return,return
117.83409118652344,-5.58012580871582,identifier,g
-139.78903198242188,78.01431274414062,",",","
-69.4856185913086,-168.65646362304688,return,return
-138.44984436035156,72.38835906982422,",",","
27.936023712158203,45.8431510925293,identifier,fmt
36.872310638427734,47.576133728027344,.,.
30.489639282226562,33.33760452270508,identifier,Errorf
21.113300323486328,29.437759399414062,(,(
17.8690242767334,155.05152893066406,"""",""""
-14.163535118103027,210.64923095703125,"""",""""
-73.44135284423828,76.64404296875,",",","
140.88479614257812,50.30647659301758,identifier,err
-89.25794219970703,-8.785822868347168,),)
-125.72384643554688,-41.26868438720703,},}
-118.11737823486328,-39.51409149169922,},}
-168.74232482910156,-1.0450501441955566,if,if
131.96388244628906,61.142181396484375,identifier,err
-29.27350616455078,111.23967742919922,:=,:=
119.9858169555664,-4.7063117027282715,identifier,g
81.17520141601562,93.69713592529297,.,.
50.657997131347656,-18.320362091064453,identifier,load
-7.580774307250977,0.7872883081436157,(,(
31.17770767211914,-63.69414138793945,identifier,bytes
47.350399017333984,54.10289001464844,.,.
34.22237014770508,-17.674222946166992,identifier,NewBuffer
-13.678184509277344,7.770308971405029,(,(
111.2798843383789,-15.092866897583008,identifier,bs
-74.75907135009766,-0.9738890528678894,),)
-77.86129760742188,-13.200681686401367,),)
136.0959014892578,56.546783447265625,identifier,err
14.82815170288086,104.35354614257812,!=,!=
-93.79733276367188,-89.025146484375,{,{
-69.46407318115234,-165.83944702148438,return,return
-139.3557891845703,73.98130798339844,",",","
143.26220703125,53.63974380493164,identifier,err
-127.14111328125,-36.66168212890625,},}
-75.39358520507812,-157.19754028320312,return,return
117.57038116455078,-6.17873477935791,identifier,g
-137.74661254882812,78.99877166748047,",",","
-152.37283325195312,-91.57730102539062,},}
60.944705963134766,-140.80181884765625,func,func
38.023719787597656,-168.31687927246094,(,(
142.31875610351562,10.097177505493164,identifier,o
46.28246307373047,-39.80246353149414,identifier,Owners
-1.9920530319213867,-207.18377685546875,),)
47.89311981201172,-26.9096622467041,identifier,KeepCoveringApprovers
-24.857242584228516,-43.072147369384766,(,(
81.721923828125,-38.47640609741211,identifier,reverseMap
16.75655746459961,-90.8484115600586,identifier,string
32.2972297668457,-52.78532028198242,identifier,sets
52.30921173095703,65.79370880126953,.,.
14.475641250610352,-82.61746215820312,identifier,String
-107.23403930664062,96.71207427978516,",",","
84.78050231933594,-29.62362289428711,identifier,knownApprovers
32.04996871948242,-52.501258850097656,identifier,sets
52.32366180419922,65.80116271972656,.,.
14.467178344726562,-82.59434509277344,identifier,String
-106.45706939697266,95.6805191040039,",",","
84.74505615234375,-29.03856086730957,identifier,potentialApprovers
17.165210723876953,-86.7351303100586,identifier,string
-8.920453071594238,-134.4517364501953,),)
32.266510009765625,-52.744503021240234,identifier,sets
52.25878143310547,65.85126495361328,.,.
14.53319263458252,-82.5149154663086,identifier,String
-42.68513488769531,-101.03968811035156,{,{
-162.2588653564453,4.449548244476318,if,if
-36.94456481933594,33.81742858886719,identifier,len
-25.934545516967773,27.31041145324707,(,(
84.71792602539062,-28.827438354492188,identifier,potentialApprovers
-72.24295806884766,15.297666549682617,),)
3.679110050201416,86.38994598388672,==,==
-88.2474365234375,-98.2074966430664,{,{
144.91015625,-9.11379623413086,identifier,o
91.41850280761719,98.09310150146484,.,.
51.21638488769531,25.23853874206543,identifier,log
47.88187789916992,30.988908767700195,.,.
37.606204986572266,25.519168853759766,identifier,Debug
19.060781478881836,24.707958221435547,(,(
16.327850341796875,153.92225646972656,"""",""""
-16.095661163330078,209.27513122558594,"""",""""
-91.08805847167969,-6.195444107055664,),)
-126.64539337158203,-45.86566162109375,},}
86.45752716064453,-28.02188491821289,identifier,keptApprovers
-49.563716888427734,118.1281509399414,:=,:=
32.30573272705078,-52.797035217285156,identifier,sets
51.78675842285156,65.77655792236328,.,.
38.95338439941406,-16.56700897216797,identifier,NewString
-21.817241668701172,-9.043539047241211,(,(
-64.40808868408203,-23.29595375061035,),)
82.1386947631836,-30.388776779174805,identifier,unapproved
-40.878700256347656,119.53014373779297,:=,:=
144.60044860839844,-8.947981834411621,identifier,o
87.47943878173828,96.16079711914062,.,.
57.111454010009766,-21.657480239868164,identifier,temporaryUnapprovedFiles
-11.916467666625977,-2.3138649463653564,(,(
84.7307357788086,-29.681922912597656,identifier,knownApprovers
-76.39058685302734,-17.832571029663086,),)
-154.0811309814453,22.756589889526367,for,for
-81.44444274902344,130.3456573486328,identifier,_
-78.47306060791016,126.35377502441406,",",","
85.12120056152344,-27.50020980834961,identifier,suggestedApprover
-32.41851043701172,124.6492691040039,:=,:=
144.58302307128906,-8.919035911560059,identifier,o
77.72438049316406,94.51766967773438,.,.
52.69406509399414,-23.082250595092773,identifier,GetSuggestedApprovers
-12.579727172851562,-2.941847324371338,(,(
81.75767517089844,-38.42768096923828,identifier,reverseMap
-87.4477310180664,66.27882385253906,",",","
84.70256805419922,-28.733919143676758,identifier,potentialApprovers
-64.74919128417969,-1.628949522972107,),)
55.23930358886719,91.6111068725586,.,.
46.2535400390625,-22.479896545410156,identifier,List
-26.200130462646484,-13.2102689743042,(,(
-59.51290512084961,-13.717123031616211,),)
-73.53173065185547,-95.84783935546875,{,{
-161.11126708984375,-1.6028857231140137,if,if
81.7737808227539,-38.409584045410156,identifier,reverseMap
85.00000762939453,-27.173120498657227,identifier,suggestedApprover
56.13294982910156,92.21974182128906,.,.
2.5258255004882812,-3.0781819820404053,identifier,Intersection
2.437920093536377,-2.6380960941314697,(,(
82.16297912597656,-30.45683479309082,identifier,unapproved
-64.2913818359375,-1.7744169235229492,),)
55.5633544921875,91.89623260498047,.,.
-38.285911560058594,37.143699645996094,identifier,Len
-29.697265625,-9.859966278076172,(,(
-56.507598876953125,-11.515058517456055,),)
7.651920795440674,95.6827621459961,!=,!=
-87.71772766113281,-89.3311767578125,{,{
86.76240539550781,-27.656234741210938,identifier,keptApprovers
68.7532730102539,86.60006713867188,.,.
42.323543548583984,-23.573362350463867,identifier,Insert
-5.981776237487793,0.632482647895813,(,(
85.09730529785156,-27.167749404907227,identifier,suggestedApprover
-84.73600769042969,-11.944334030151367,),)
-124.205322265625,-33.559234619140625,},}
-117.93670654296875,-36.152286529541016,},}
-77.28339385986328,-155.4086151123047,return,return
86.82301330566406,-27.653797149658203,identifier,keptApprovers
-150.09988403320312,-97.00448608398438,},}
72.76671600341797,-144.62042236328125,func,func
43.4339714050293,-26.380611419677734,identifier,gather
-29.01824188232422,-47.09102249145508,(,(
136.52975463867188,10.584760665893555,identifier,c
61.40005111694336,-7.481970310211182,identifier,plank
62.25428009033203,64.37618255615234,.,.
41.758941650390625,-40.35454177856445,identifier,Controller
-17.89387321472168,-134.96011352539062,),)
-45.163455963134766,-108.29098510742188,{,{
78.8764419555664,-3.2848737239837646,identifier,tick
-47.28820037841797,123.68262481689453,:=,:=
18.656896591186523,-54.672943115234375,identifier,time
58.11928939819336,50.9193115234375,.,.
78.69718170166016,-3.2110605239868164,identifier,Tick
-11.635801315307617,-10.786710739135742,(,(
18.45942497253418,-55.23645782470703,identifier,time
58.77396774291992,52.034095764160156,.,.
25.390087127685547,-56.75177764892578,identifier,Second
-70.45729064941406,-24.124427795410156,),)
74.94519805908203,-2.42515230178833,identifier,sig
-47.821712493896484,123.27546691894531,:=,:=
-3.79412841796875,45.29905700683594,identifier,make
-4.841664791107178,42.58565139770508,(,(
51.0850830078125,5.373846054077148,identifier,os
52.958553314208984,59.614498138427734,.,.
72.88152313232422,-2.445186138153076,identifier,Signal
-114.18672180175781,82.02379608154297,",",","
-71.42330932617188,-26.535070419311523,),)
73.05477142333984,-2.4054644107818604,identifier,signal
50.71849060058594,55.75935363769531,.,.
72.21585083007812,-1.7383465766906738,identifier,Notify
0.7723202705383301,5.67152738571167,(,(
75.0639877319336,-2.427401304244995,identifier,sig
-82.40666961669922,66.60653686523438,",",","
51.036102294921875,5.454700469970703,identifier,os
52.83285903930664,59.61426544189453,.,.
72.0743179321289,-3.3755440711975098,identifier,Interrupt
-82.49579620361328,66.5758285522461,",",","
53.638614654541016,2.4307563304901123,identifier,syscall
53.58592987060547,62.16323471069336,.,.
72.53775024414062,-2.86092209815979,identifier,SIGTERM
-71.87288665771484,-22.356962203979492,),)
-156.4704132080078,22.384553909301758,for,for
-70.68180847167969,-91.3989486694336,{,{
-74.8802261352539,-87.21507263183594,{,{
-152.3149871826172,-10.011397361755371,case,case
78.94659423828125,-3.3179409503936768,identifier,tick
95.84132385253906,-50.600494384765625,identifier,start
-42.11323547363281,126.6711196899414,:=,:=
18.647275924682617,-54.347328186035156,identifier,time
57.82401657104492,50.249961853027344,.,.
13.594938278198242,-18.412765502929688,identifier,Now
-32.832916259765625,-6.7682318687438965,(,(
-66.13365936279297,-23.620174407958984,),)
142.7182159423828,-3.6032981872558594,identifier,c
75.76890563964844,93.0910873413086,.,.
50.838958740234375,-13.708283424377441,identifier,SyncMetrics
-25.849443435668945,-9.458041191101074,(,(
-65.51629638671875,-23.12654685974121,),)
50.02064895629883,22.824800491333008,identifier,logrus
48.11862564086914,32.80309295654297,.,.
36.44061279296875,22.064817428588867,identifier,WithField
17.423368453979492,22.578027725219727,(,(
13.786178588867188,155.892822265625,"""",""""
-11.691377639770508,210.2045135498047,"""",""""
-75.17599487304688,74.8696060180664,",",","
26.81564712524414,45.39960479736328,identifier,fmt
37.8812141418457,49.27687072753906,.,.
23.732309341430664,37.63285827636719,identifier,Sprintf
19.55263900756836,34.31085968017578,(,(
13.875126838684082,157.25439453125,"""",""""
-12.250995635986328,209.59690856933594,"""",""""
-74.77078247070312,75.96283721923828,",",","
19.42278480529785,-54.06576156616211,identifier,time
57.44353103637695,50.54564666748047,.,.
14.634560585021973,-17.593181610107422,identifier,Since
-13.352274894714355,13.13393497467041,(,(
95.57182312011719,-52.734561920166016,identifier,start
-73.39386749267578,0.7588551640510559,),)
-77.84788513183594,-1.0095728635787964,),)
-79.59861755371094,-0.8186573386192322,),)
52.86713409423828,91.15608978271484,.,.
37.74734115600586,25.275083541870117,identifier,Debug
17.594947814941406,25.160377502441406,(,(
17.19042205810547,157.48544311523438,"""",""""
-12.940503120422363,213.70693969726562,"""",""""
-91.72603607177734,-9.325931549072266,),)
-153.3827667236328,-11.582718849182129,case,case
75.16213989257812,-2.4344067573547363,identifier,sig
50.11671447753906,22.770492553710938,identifier,logrus
48.113887786865234,32.973236083984375,.,.
37.589813232421875,25.288307189941406,identifier,Debug
17.727317810058594,25.2428035736084,(,(
17.6931095123291,157.3618927001953,"""",""""
-13.579792976379395,213.6198272705078,"""",""""
-92.04340362548828,-8.824475288391113,),)
-66.15818786621094,-158.13131713867188,return,return
-125.26537322998047,-30.402999877929688,},}
-116.83641815185547,-33.19141387939453,},}
-150.4502410888672,-85.41705322265625,},}
67.34925079345703,-144.71859741210938,func,func
41.12693405151367,-30.382892608642578,identifier,NewConfiguration
-25.222450256347656,-48.63117218017578,(,(
87.92794799804688,-40.891815185546875,identifier,config
-69.58511352539062,-56.2779541015625,{,{
-71.22740936279297,-53.37324905395508,},}
-14.972601890563965,-139.7589874267578,),)
50.48145294189453,-44.1993408203125,identifier,Configuration
-43.74118423461914,-97.93148040771484,{,{
96.66667175292969,2.458561658859253,identifier,configuration
-46.75719451904297,117.47264099121094,:=,:=
50.4840087890625,-44.20118713378906,identifier,Configuration
-60.95896911621094,-62.9437141418457,{,{
-73.37818145751953,-45.12602233886719,},}
99.9215316772461,7.420881271362305,identifier,config
55.43416213989258,102.35272216796875,.,.
-6.482124328613281,35.83631896972656,(,(
-55.024906158447266,-21.361799240112305,),)
-76.33182525634766,-85.56753540039062,{,{
-153.37200927734375,-8.622587203979492,case,case
71.08972930908203,-20.702207565307617,identifier,GlobalConfiguration
97.24382781982422,2.796006202697754,identifier,configuration
72.16806030273438,108.723388671875,.,.
71.11991882324219,-20.675134658813477,identifier,GlobalConfiguration
-34.53617477416992,90.623046875,=,=
100.09989929199219,7.709758281707764,identifier,config
54.02915954589844,103.29877471923828,.,.
-5.671652793884277,34.556884765625,(,(
70.97305297851562,-20.805774688720703,identifier,GlobalConfiguration
-69.34795379638672,-22.801794052124023,),)
-75.81121063232422,-163.9697265625,return,return
95.69200897216797,3.611429214477539,identifier,configuration
-155.00485229492188,-10.673999786376953,case,case
66.2918930053711,-22.23540496826172,identifier,PachdFullConfiguration
97.36148834228516,2.8315978050231934,identifier,configuration
72.03849792480469,109.02334594726562,.,.
71.24862670898438,-20.176746368408203,identifier,GlobalConfiguration
-33.97386932373047,90.926025390625,=,=
100.4708023071289,8.31220531463623,identifier,config
53.66049575805664,103.5471420288086,.,.
-5.183594703674316,33.959190368652344,(,(
66.5612564086914,-22.2901668548584,identifier,PachdFullConfiguration
-60.66932678222656,2.6890289783477783,),)
55.4108772277832,95.66181182861328,.,.
70.75066375732422,-19.791526794433594,identifier,GlobalConfiguration
98.44452667236328,2.8267407417297363,identifier,configuration
71.86613464355469,109.23286437988281,.,.
66.98699188232422,-22.19390106201172,identifier,PachdSpecificConfiguration
-33.30448532104492,90.80197143554688,=,=
100.49246215820312,8.368178367614746,identifier,config
53.560546875,103.46846008300781,.,.
-5.480090618133545,33.87944412231445,(,(
67.0901870727539,-22.18210792541504,identifier,PachdFullConfiguration
-60.595420837402344,2.5743091106414795,),)
55.137123107910156,95.859130859375,.,.
67.19895935058594,-22.15117073059082,identifier,PachdSpecificConfiguration
-75.98453521728516,-163.35765075683594,return,return
95.63292694091797,3.644001007080078,identifier,configuration
-154.42481994628906,-11.15145492553711,case,case
69.14427185058594,-21.87032699584961,identifier,WorkerFullConfiguration
97.41339111328125,2.795555830001831,identifier,configuration
71.45354461669922,108.89420318603516,.,.
71.2684097290039,-19.972837448120117,identifier,GlobalConfiguration
-33.95320510864258,91.05913543701172,=,=
100.4914779663086,8.389491081237793,identifier,config
53.41634750366211,103.44776153564453,.,.
-5.5576677322387695,33.96018981933594,(,(
69.20379638671875,-21.78211784362793,identifier,WorkerFullConfiguration
-60.581268310546875,2.538925886154175,),)
55.303871154785156,95.74111938476562,.,.
70.71971893310547,-19.661754608154297,identifier,GlobalConfiguration
98.4428482055664,2.818885087966919,identifier,configuration
71.39185333251953,108.99551391601562,.,.
68.62709045410156,-20.487314224243164,identifier,WorkerSpecificConfiguration
-33.3516960144043,90.88592529296875,=,=
100.50374603271484,8.425580978393555,identifier,config
53.40574264526367,103.41413879394531,.,.
-5.72010612487793,33.998435974121094,(,(
69.16863250732422,-21.69072151184082,identifier,WorkerFullConfiguration
-60.535072326660156,2.4740238189697266,),)
55.16038131713867,95.86610412597656,.,.
68.65050506591797,-20.531328201293945,identifier,WorkerSpecificConfiguration
-76.05712127685547,-163.02044677734375,return,return
95.62691497802734,3.630258321762085,identifier,configuration
-72.54829406738281,-161.7560272216797,return,return
-121.06800842285156,-30.325992584228516,},}
-151.2938995361328,-86.68910217285156,},}
70.0601806640625,-145.6354217529297,func,func
45.91570281982422,-29.22673797607422,identifier,FailPipeline
-25.20918846130371,-45.78212356567383,(,(
81.00846099853516,35.28950119018555,identifier,ctx
78.03138732910156,40.35289764404297,identifier,context
74.39940643310547,43.3428840637207,.,.
76.03215789794922,40.01261520385742,identifier,Context
-110.90133666992188,101.65074157714844,",",","
38.920379638671875,-42.27307891845703,identifier,etcdClient
38.937583923339844,-42.467735290527344,identifier,etcd
61.125633239746094,64.16856384277344,.,.
38.46238708496094,-40.292877197265625,identifier,Client
-109.12732696533203,99.35855865478516,",",","
87.24323272705078,-32.83710479736328,identifier,pipelinesCollection
66.85662078857422,6.001265048980713,identifier,col
65.54521942138672,67.38419342041016,.,.
70.2304458618164,5.495855808258057,identifier,Collection
-106.48914337158203,96.96477508544922,",",","
75.45658874511719,-49.26911163330078,identifier,pipelineName
24.74264144897461,-87.70768737792969,identifier,string
-105.06391906738281,97.10857391357422,",",","
56.85725021362305,-57.87779235839844,identifier,reason
24.130943298339844,-85.20722198486328,identifier,string
-11.794307708740234,-133.08216857910156,),)
-4.204380512237549,-102.2037124633789,identifier,error
-36.85034942626953,-103.72355651855469,{,{
-79.85356903076172,132.898681640625,identifier,_
-75.69557189941406,127.35157012939453,",",","
133.2045135498047,68.08806610107422,identifier,err
-32.764404296875,112.17989349365234,:=,:=
66.9341049194336,6.012863636016846,identifier,col
68.23737335205078,78.30826568603516,.,.
39.82490921020508,-18.146961212158203,identifier,NewSTM
-14.484210968017578,-7.567224502563477,(,(
82.51837158203125,36.65446853637695,identifier,ctx
-83.09098052978516,71.70269775390625,",",","
38.91441345214844,-42.28121566772461,identifier,etcdClient
-86.89632415771484,72.22592163085938,",",","
-11.108750343322754,-65.52605438232422,func,func
-13.113762855529785,-62.33424758911133,(,(
85.87937927246094,3.209996223449707,identifier,stm
66.87662506103516,6.002836227416992,identifier,col
65.5653076171875,67.45458221435547,.,.
85.4618911743164,3.265505313873291,identifier,STM
-16.841365814208984,-128.2220458984375,),)
-5.268625259399414,-99.19457244873047,identifier,error
-49.00543212890625,-104.1519775390625,{,{
87.63438415527344,-32.335426330566406,identifier,pipelines
-47.71562576293945,118.54960632324219,:=,:=
87.36141204833984,-32.60753631591797,identifier,pipelinesCollection
70.39794158935547,85.27181243896484,.,.
31.35517120361328,-10.008744239807129,identifier,ReadWrite
-7.824797630310059,3.6806507110595703,(,(
85.90221405029297,3.2035250663757324,identifier,stm
-74.70365142822266,-19.37027359008789,),)
93.18113708496094,-14.761699676513672,identifier,pipelinePtr
-41.81406021118164,117.67440795898438,:=,:=
0.7025105357170105,39.36014938354492,identifier,new
-2.1539506912231445,38.68457794189453,(,(
63.468143463134766,-4.327642440795898,identifier,pps
55.40996551513672,70.99635314941406,.,.
57.18431854248047,-22.600826263427734,identifier,EtcdPipelineInfo
-81.69068908691406,-23.17095184326172,),)
-171.11497497558594,2.5856387615203857,if,if
131.7462921142578,61.60715866088867,identifier,err
-28.7434024810791,111.6496810913086,:=,:=
87.68101501464844,-31.581588745117188,identifier,pipelines
69.51847839355469,86.35002899169922,.,.
39.405696868896484,-11.192631721496582,identifier,Get
-6.496151447296143,-0.4379313290119171,(,(
75.66569519042969,-49.36723709106445,identifier,pipelineName
-84.69963836669922,65.98165893554688,",",","
92.34954833984375,-15.698624610900879,identifier,pipelinePtr
-75.47820281982422,-13.699886322021484,),)
134.59243774414062,55.28501892089844,identifier,err
13.631503105163574,106.14627838134766,!=,!=
-94.8327407836914,-91.46172332763672,{,{
-65.5755615234375,-164.86378479003906,return,return
145.5785675048828,53.106143951416016,identifier,err
-129.9082794189453,-40.43418502807617,},}
92.49783325195312,-14.869009971618652,identifier,pipelinePtr
69.35803985595703,108.28123474121094,.,.
63.0777473449707,-28.689762115478516,identifier,State
-36.961341857910156,88.69276428222656,=,=
63.464508056640625,-4.32448148727417,identifier,pps
55.22660446166992,70.96678161621094,.,.
58.788997650146484,-23.816455841064453,identifier,PipelineState_PIPELINE_FAILURE
92.42794799804688,-14.835381507873535,identifier,pipelinePtr
69.38971710205078,108.29047393798828,.,.
56.853336334228516,-57.855125427246094,identifier,Reason
-36.973751068115234,89.11961364746094,=,=
56.863040924072266,-57.87649917602539,identifier,reason
87.69082641601562,-31.42254638671875,identifier,pipelines
69.35978698730469,86.38574981689453,.,.
39.392311096191406,-11.780604362487793,identifier,Put
-6.273850917816162,0.12788067758083344,(,(
75.72813415527344,-49.29594039916992,identifier,pipelineName
-84.600341796875,65.87288665771484,",",","
92.27876281738281,-15.727557182312012,identifier,pipelinePtr
-83.61116027832031,-14.254765510559082,),)
-70.49980926513672,-159.54869079589844,return,return
-115.23299407958984,-30.7919921875,},}
-87.41447448730469,-19.81308937072754,),)
-71.099609375,-155.97064208984375,return,return
144.3065185546875,55.93790054321289,identifier,err
-150.52066040039062,-95.29959106445312,},}
57.899749755859375,-142.1350555419922,func,func
37.36669158935547,-169.4033203125,(,(
138.73635864257812,7.994633197784424,identifier,d
44.096832275390625,-34.25065612792969,identifier,Destination
-0.7064777612686157,-206.978759765625,),)
47.2707633972168,-26.81976318359375,identifier,TryReusingBlob
-25.609872817993164,-42.74394607543945,(,(
81.04898071289062,36.048545837402344,identifier,ctx
78.1270980834961,39.71611022949219,identifier,context
73.96688842773438,42.71010208129883,.,.
76.27851104736328,39.4014778137207,identifier,Context
-111.23160552978516,100.94556427001953,",",","
115.77102661132812,-44.38774108886719,identifier,info
31.287479400634766,-47.162574768066406,identifier,types
55.4016227722168,66.40577697753906,.,.
57.89934539794922,-35.579776763916016,identifier,BlobInfo
-107.39811706542969,97.24234008789062,",",","
86.24038696289062,-41.21141815185547,identifier,cache
31.27633285522461,-47.21561813354492,identifier,types
55.32449722290039,66.58623504638672,.,.
57.87001419067383,-35.36814498901367,identifier,BlobInfoCache
-107.37901306152344,95.27246856689453,",",","
49.12404251098633,-24.78492546081543,identifier,canSubstitute
25.9146671295166,-80.95232391357422,identifier,bool
-9.445836067199707,-135.89772033691406,),)
-1.9569861888885498,-158.17349243164062,(,(
25.298036575317383,-78.71826934814453,identifier,bool
-120.95246124267578,85.46051025390625,",",","
29.390525817871094,-47.91484451293945,identifier,types
54.56278991699219,67.43244171142578,.,.
58.41408920288086,-36.143211364746094,identifier,BlobInfo
-124.4583969116211,87.28703308105469,",",","
-5.771142959594727,-106.65189361572266,identifier,error
-15.8817777633667,-109.58155822753906,),)
-37.92039108276367,-108.02067565917969,{,{
-161.983154296875,4.110752582550049,if,if
116.53089141845703,-43.79890060424805,identifier,info
67.85348510742188,99.67137908935547,.,.
52.33391189575195,-60.15958786010742,identifier,Digest
3.290055274963379,89.24418640136719,==,==
21.779287338256836,166.58351135253906,"""",""""
-3.746185302734375,211.74085998535156,"""",""""
-88.07689666748047,-97.28302001953125,{,{
-67.5606689453125,-171.1314697265625,return,return
-136.60638427734375,71.47329711914062,",",","
29.17748260498047,-48.04677963256836,identifier,types
54.21108627319336,68.14468383789062,.,.
58.65592575073242,-36.183536529541016,identifier,BlobInfo
-61.7336311340332,-61.298160552978516,{,{
-74.7846908569336,-49.302032470703125,},}
-137.77896118164062,69.69611358642578,",",","
37.01424026489258,37.06818771362305,identifier,errors
40.0081787109375,44.31895065307617,.,.
30.15280532836914,32.481048583984375,identifier,Errorf
22.534725189208984,29.850400924682617,(,(
18.4505558013916,153.9121856689453,"""",""""
-15.384575843811035,209.91978454589844,"""",""""
-91.65482330322266,-6.359197616577148,),)
-126.7378158569336,-44.570369720458984,},}
-167.20860290527344,0.5788680911064148,if,if
82.28446197509766,-15.100680351257324,identifier,blob
-68.93814849853516,119.46330261230469,",",","
117.29875946044922,52.663021087646484,identifier,ok
-32.11642837524414,118.28248596191406,:=,:=
141.45545959472656,1.6834912300109863,identifier,d
88.70069122314453,99.36622619628906,.,.
81.15718841552734,-14.992714881896973,identifier,blobs
116.72744750976562,-43.61262130737305,identifier,info
67.532470703125,100.15026092529297,.,.
52.34772872924805,-60.166725158691406,identifier,Digest
118.84550476074219,50.808448791503906,identifier,ok
-87.30680847167969,-90.76836395263672,{,{
-72.4421157836914,-168.27210998535156,return,return
-135.89073181152344,73.09989929199219,",",","
29.170677185058594,-48.0303955078125,identifier,types
54.33380889892578,68.17677307128906,.,.
58.66683578491211,-36.20211410522461,identifier,BlobInfo
-63.49522018432617,-65.91512298583984,{,{
52.37850570678711,-60.175846099853516,identifier,Digest
116.7704849243164,-43.55360794067383,identifier,info
67.37956237792969,100.34061431884766,.,.
52.38288879394531,-60.182029724121094,identifier,Digest
-108.16349029541016,51.396995544433594,",",","
77.67192840576172,-18.10352897644043,identifier,Size
82.44561767578125,-15.081342697143555,identifier,blob
63.39042663574219,100.51175689697266,.,.
77.71163940429688,-18.09624671936035,identifier,Size
-104.08783721923828,-25.67973518371582,},}
-133.26986694335938,80.89653778076172,",",","
-122.93941497802734,-36.22700881958008,},}
-74.4061508178711,-159.7237548828125,return,return
-135.55865478515625,73.6648941040039,",",","
29.273298263549805,-48.01399612426758,identifier,types
54.35697555541992,67.88658142089844,.,.
58.55617904663086,-36.17494583129883,identifier,BlobInfo
-61.88557052612305,-61.1995849609375,{,{
-74.79974365234375,-50.02315139770508,},}
-134.57508850097656,79.4031982421875,",",","
-151.79464721679688,-90.84920501708984,},}
71.62665557861328,-144.18678283691406,func,func
42.605186462402344,-30.292465209960938,identifier,newConnectionMaker
-26.72522735595703,-48.55326461791992,(,(
61.739192962646484,-45.90516662597656,identifier,ourself
60.61716842651367,-43.488887786865234,identifier,localPeer
-107.33958435058594,102.277587890625,",",","
127.45378875732422,-44.62364196777344,identifier,peers
46.673892974853516,-40.646728515625,identifier,Peers
-109.1227798461914,97.68990325927734,",",","
79.51177215576172,-51.45083999633789,identifier,localAddr
25.681550979614258,-87.52225494384766,identifier,string
-103.73625946044922,96.70809173583984,",",","
83.0267105102539,-53.209190368652344,identifier,port
30.003440856933594,-83.26142120361328,identifier,int
-104.40484619140625,96.30300903320312,",",","
75.72474670410156,-32.83219528198242,identifier,discovery
26.06664276123047,-81.61151123046875,identifier,bool
-104.99356842041016,95.08063507080078,",",","
54.55143356323242,22.710113525390625,identifier,logger
54.4669075012207,21.69539451599121,identifier,Logger
-9.941218376159668,-134.32371520996094,),)
57.96337890625,-33.31600570678711,identifier,connectionMaker
-44.07619094848633,-100.5935287475586,{,{
86.1882095336914,-14.555041313171387,identifier,actionChan
-47.2061882019043,122.58163452148438,:=,:=
-3.6692869663238525,45.19334030151367,identifier,make
-4.5842366218566895,42.10322189331055,(,(
58.538818359375,-32.90181350708008,identifier,connectionMakerAction
-114.3309097290039,82.06547546386719,",",","
58.62110900878906,-32.201683044433594,identifier,ChannelSize
-71.76561737060547,-25.596364974975586,),)
114.73395538330078,-6.456186771392822,identifier,cm
-44.63593292236328,116.1823959350586,:=,:=
57.974578857421875,-33.310997009277344,identifier,connectionMaker
-60.27338409423828,-67.12232971191406,{,{
61.80885696411133,-45.91089630126953,identifier,ourself
61.910823822021484,-45.89223098754883,identifier,ourself
-106.56077575683594,54.995018005371094,",",","
127.2915267944336,-44.802791595458984,identifier,peers
127.26007843017578,-44.78289794921875,identifier,peers
-106.44922637939453,54.87363815307617,",",","
79.57791137695312,-51.65504837036133,identifier,localAddr
79.6235122680664,-51.75004577636719,identifier,localAddr
-105.10820007324219,54.7541618347168,",",","
82.88331604003906,-52.94602966308594,identifier,port
82.85745239257812,-52.67506790161133,identifier,port
-105.13336944580078,54.31979751586914,",",","
75.70858001708984,-32.806190490722656,identifier,discovery
75.71318817138672,-32.81266784667969,identifier,discovery
-104.587158203125,53.5638313293457,",",","
64.62425231933594,-30.777584075927734,identifier,directPeers
63.764095306396484,-30.975400924682617,identifier,peerAddrs
-62.13045883178711,-58.86642837524414,{,{
-72.99420166015625,-49.23434829711914,},}
-103.96964263916016,51.149505615234375,",",","
64.48544311523438,-32.21086883544922,identifier,targets
-1.4020204544067383,44.07246398925781,identifier,make
-3.6836538314819336,41.20569610595703,(,(
15.976232528686523,-91.19566345214844,identifier,string
64.41143035888672,-32.490848541259766,identifier,target
-76.99761199951172,-5.818018913269043,),)
-103.91642761230469,51.274200439453125,",",","
66.64521789550781,-32.50301742553711,identifier,connections
-1.3816787004470825,44.03889846801758,identifier,make
-3.7310054302215576,41.0343132019043,(,(
66.45187377929688,-32.98907470703125,identifier,Connection
-67.48251342773438,-56.71609115600586,{,{
-71.95330810546875,-51.561676025390625,},}
-77.20551300048828,-5.638759136199951,),)
-103.719482421875,51.58222198486328,",",","
85.88876342773438,-14.810125350952148,identifier,actionChan
85.94535064697266,-14.916786193847656,identifier,actionChan
-104.26393127441406,52.57212829589844,",",","
54.624755859375,23.064430236816406,identifier,logger
54.698036193847656,23.03533172607422,identifier,logger
-106.88851928710938,42.41107940673828,",",","
-103.47276306152344,-31.451465606689453,},}
114.86902618408203,-6.629387378692627,identifier,cm
81.6827163696289,94.68505096435547,.,.
48.67810821533203,-14.742032051086426,identifier,queryLoop
-9.214860916137695,-1.8418145179748535,(,(
86.05302429199219,-14.864848136901855,identifier,actionChan
-82.66465759277344,-14.320473670959473,),)
-75.18155670166016,-154.47987365722656,return,return
115.08079528808594,-6.918420791625977,identifier,cm
-147.2489471435547,-96.32645416259766,},}
71.4292984008789,-143.3849639892578,func,func
47.23929214477539,-30.05959701538086,identifier,DrawContours
-24.87084197998047,-45.440921783447266,(,(
85.42313385009766,-56.98759460449219,identifier,image
49.86949157714844,-34.95098114013672,identifier,IplImage
-108.10325622558594,101.75263977050781,",",","
87.02159881591797,-35.16399002075195,identifier,contours
53.483951568603516,-30.212913513183594,identifier,Seq
-109.19984436035156,98.14185333251953,",",","
78.34602355957031,-47.10441207885742,identifier,externalColor
-100.02081298828125,96.8555908203125,",",","
77.79679107666016,-45.830413818359375,identifier,holeColor
55.00615310668945,-31.441144943237305,identifier,Scalar
-105.63941955566406,96.02613067626953,",",","
78.41275024414062,-43.91630554199219,identifier,maxLevel
-101.22440338134766,96.22188568115234,",",","
74.01576232910156,-44.36709213256836,identifier,thickness
-101.24494171142578,96.16973876953125,",",","
75.89958953857422,-45.52656173706055,identifier,lineType
29.498825073242188,-84.11983489990234,identifier,int
-104.37972259521484,94.69803619384766,",",","
80.92671966552734,-41.50595474243164,identifier,offset
61.23523712158203,-36.380043029785156,identifier,Point
-13.03389835357666,-131.82713317871094,),)
-43.78650665283203,-106.38069915771484,{,{
198.81080627441406,54.88817596435547,identifier,C
206.63731384277344,47.933013916015625,.,.
51.66573715209961,-25.616466522216797,identifier,cvDrawContours
-11.60140323638916,-0.8376445174217224,(,(
32.644100189208984,9.679195404052734,identifier,unsafe
46.79084014892578,48.813175201416016,.,.
30.851757049560547,5.063201904296875,identifier,Pointer
-14.898298263549805,18.96651268005371,(,(
85.26155090332031,-57.495391845703125,identifier,image
-69.1322021484375,1.306618332862854,),)
-92.26858520507812,59.48933410644531,",",","
-6.299461841583252,29.974519729614258,(,(
194.37879943847656,54.706092834472656,identifier,C
207.6411895751953,50.195777893066406,.,.
54.012088775634766,-30.168807983398438,identifier,CvSeq
-60.373104095458984,5.341310024261475,),)
-18.851531982421875,8.909461975097656,(,(
87.017578125,-35.144596099853516,identifier,contours
-68.92456817626953,1.5175246000289917,),)
-92.69542694091797,59.58195114135742,",",","
-5.88998556137085,29.57849884033203,(,(
193.83816528320312,56.3743896484375,identifier,C
207.3036346435547,52.33353042602539,.,.
54.597774505615234,-30.35066795349121,identifier,CvScalar
-60.80522918701172,5.027164936065674,),)
-18.32944107055664,9.146926879882812,(,(
78.33499145507812,-47.07643127441406,identifier,externalColor
-73.2044448852539,3.5765223503112793,),)
-93.50904083251953,59.642578125,",",","
-5.809825897216797,29.484716415405273,(,(
193.74505615234375,56.59413146972656,identifier,C
207.29742431640625,52.593509674072266,.,.
54.688289642333984,-30.294841766357422,identifier,CvScalar
-60.89368438720703,4.964469909667969,),)
-18.211294174194336,9.218550682067871,(,(
77.79798889160156,-45.83982467651367,identifier,holeColor
-73.3888168334961,3.552281141281128,),)
-94.05613708496094,59.903011322021484,",",","
193.93785095214844,57.75135040283203,identifier,C
210.47787475585938,50.33855056762695,.,.
37.952003479003906,-83.31302642822266,identifier,int
-17.795143127441406,12.909964561462402,(,(
78.38719177246094,-43.93090057373047,identifier,maxLevel
-74.19007110595703,3.095081329345703,),)
-94.1666488647461,60.301414489746094,",",","
194.0602569580078,58.1211051940918,identifier,C
210.47666931152344,50.7156982421875,.,.
38.0808219909668,-83.23828887939453,identifier,int
-17.723600387573242,12.794182777404785,(,(
74.01081085205078,-44.36845016479492,identifier,thickness
-74.47892761230469,2.859905958175659,),)
-94.36740112304688,60.44032669067383,",",","
194.18344116210938,58.04631042480469,identifier,C
210.33973693847656,50.62486267089844,.,.
38.13958740234375,-83.3453598022461,identifier,int
-17.73998260498047,12.778292655944824,(,(
75.86557006835938,-45.55470275878906,identifier,lineType
-74.53353881835938,2.697381019592285,),)
-94.15576171875,60.6997184753418,",",","
194.9228515625,58.27994918823242,identifier,C
208.8682861328125,50.84956359863281,.,.
52.581336975097656,-25.273691177368164,identifier,cvPoint
-10.92385482788086,4.848933696746826,(,(
195.76528930664062,58.62880325317383,identifier,C
209.6510009765625,51.116329193115234,.,.
38.52505111694336,-83.82733917236328,identifier,int
-18.262981414794922,12.28266429901123,(,(
80.98924255371094,-41.472843170166016,identifier,offset
62.5313606262207,104.65252685546875,.,.
66.70027923583984,-47.20624542236328,identifier,X
-75.50532531738281,-4.30062198638916,),)
-90.96701049804688,61.968624114990234,",",","
194.70907592773438,58.83454132080078,identifier,C
209.77731323242188,51.48870849609375,.,.
38.62374496459961,-83.69735717773438,identifier,int
-18.19685935974121,12.178056716918945,(,(
80.98611450195312,-41.47906494140625,identifier,offset
62.54927062988281,104.64964294433594,.,.
65.20233917236328,-46.894500732421875,identifier,Y
-75.476806640625,-4.046909809112549,),)
-79.3288803100586,-3.7412192821502686,),)
-88.26123046875,-18.371633529663086,),)
-148.8759307861328,-88.4600601196289,},}
70.3274917602539,-144.32705688476562,func,func
47.27718734741211,-30.452301025390625,identifier,SaveImage
-24.58687400817871,-45.79561233520508,(,(
80.82440948486328,-62.1992301940918,identifier,filename
23.6822452545166,-89.31934356689453,identifier,string
-104.06041717529297,101.4275131225586,",",","
85.41574096679688,-56.965309143066406,identifier,image
49.93314743041992,-34.92182922363281,identifier,IplImage
-107.18899536132812,98.83511352539062,",",","
89.76136016845703,-40.63641357421875,identifier,params
33.231441497802734,-84.34402465820312,identifier,int
-12.609416007995605,-134.59555053710938,),)
33.22040557861328,-82.26790618896484,identifier,int
-41.07378387451172,-101.21409606933594,{,{
100.0821533203125,-17.83349609375,identifier,name_c
-46.58385467529297,121.73046875,:=,:=
197.36026000976562,54.22671127319336,identifier,C
208.07826232910156,47.89971160888672,.,.
33.50263214111328,-6.2008466720581055,identifier,CString
-12.792257308959961,19.476329803466797,(,(
80.87583923339844,-62.21729278564453,identifier,filename
-68.48867797851562,-19.378070831298828,),)
198.01736450195312,54.766395568847656,identifier,C
207.57106018066406,47.22953796386719,.,.
33.030887603759766,-2.6578369140625,identifier,free
-10.193344116210938,19.929662704467773,(,(
32.08623123168945,9.951237678527832,identifier,unsafe
46.397727966308594,48.54245376586914,.,.
30.380285263061523,5.210422515869141,identifier,Pointer
-14.718606948852539,18.584095001220703,(,(
100.2662124633789,-17.321636199951172,identifier,name_c
-69.54119110107422,3.0308282375335693,),)
-72.44662475585938,-24.4580135345459,),)
91.99805450439453,-20.18903923034668,identifier,firstParam
195.03663635253906,54.247406005859375,identifier,C
209.41094970703125,47.857261657714844,.,.
36.693843841552734,-85.46476745605469,identifier,int
-167.95545959472656,6.903126239776611,if,if
-37.45561218261719,33.66130065917969,identifier,len
-25.217769622802734,26.710874557495117,(,(
90.26072692871094,-40.4962158203125,identifier,params
-72.28192138671875,14.477131843566895,),)
6.003376483917236,81.95849609375,>,>
-84.71473693847656,-94.24376678466797,{,{
99.53775024414062,-19.966657638549805,identifier,params_c
194.64501953125,53.518558502197266,identifier,C
209.61038208007812,47.99483871459961,.,.
36.70620346069336,-85.53778076171875,identifier,int
-152.09999084472656,23.273130416870117,for,for
-82.97013854980469,129.9960479736328,identifier,_
-78.23773193359375,124.75932312011719,",",","
127.95943450927734,-30.869503021240234,identifier,param
-33.92670440673828,125.0682144165039,:=,:=
90.31629943847656,-40.468502044677734,identifier,params
-71.93470764160156,-97.71083068847656,{,{
99.33570098876953,-20.30373764038086,identifier,params_c
-28.01495361328125,94.33745574951172,=,=
-25.07468605041504,54.73164749145508,identifier,append
-24.01244354248047,47.62721633911133,(,(
99.07337951660156,-20.423315048217773,identifier,params_c
-75.65766906738281,59.89714050292969,",",","
195.21112060546875,56.67374038696289,identifier,C
209.4457550048828,49.488006591796875,.,.
37.37920379638672,-84.04972076416016,identifier,int
-18.373321533203125,13.526396751403809,(,(
127.98920440673828,-30.813949584960938,identifier,param
-72.22575378417969,-1.4217554330825806,),)
-83.61974334716797,-6.669071674346924,),)
-121.62936401367188,-42.19239044189453,},}
92.13508605957031,-20.106176376342773,identifier,firstParam
-34.64089584350586,94.32477569580078,=,=
98.6226577758789,-20.17344093322754,identifier,params_c
-120.17906188964844,-38.930171966552734,},}
111.06089782714844,-10.974868774414062,identifier,rv
-42.55133056640625,115.00273895263672,:=,:=
198.32827758789062,55.92030334472656,identifier,C
207.8684844970703,49.519691467285156,.,.
52.2630500793457,-25.20621109008789,identifier,cvSaveImage
-11.50187873840332,-0.20512357354164124,(,(
99.92634582519531,-17.415420532226562,identifier,name_c
-88.47798156738281,65.22408294677734,",",","
32.28537368774414,9.367148399353027,identifier,unsafe
46.26826477050781,48.91202163696289,.,.
30.634597778320312,5.643742084503174,identifier,Pointer
-15.095507621765137,18.569992065429688,(,(
85.2291030883789,-57.52741622924805,identifier,image
-70.59668731689453,0.6868933439254761,),)
-91.16001892089844,63.579097747802734,",",","
92.24562072753906,-19.964841842651367,identifier,firstParam
-81.87909698486328,-14.519795417785645,),)
-79.32808685302734,-156.03782653808594,return,return
34.29622268676758,-80.83867645263672,identifier,int
-21.734996795654297,16.06770896911621,(,(
110.99604797363281,-10.976730346679688,identifier,rv
-80.1103286743164,-8.89154052734375,),)
-148.18553161621094,-91.58627319335938,},}
56.78691864013672,-140.7884521484375,func,func
36.864013671875,-166.8247833251953,(,(
141.8031768798828,7.7125420570373535,identifier,t
44.578731536865234,-37.27569580078125,identifier,Tree
0.5116275548934937,-206.64857482910156,),)
46.26194763183594,-26.367046356201172,identifier,WalkPrefix
-23.675153732299805,-42.83470916748047,(,(
90.56910705566406,-57.369483947753906,identifier,prefix
22.440336227416992,-87.93983459472656,identifier,string
-104.84770965576172,100.01956939697266,",",","
85.1179428100586,8.103161811828613,identifier,fn
53.43293380737305,-32.1037483215332,identifier,WalkFn
-16.828750610351562,-133.3905029296875,),)
-44.278072357177734,-107.80529022216797,{,{
120.94230651855469,-16.521228790283203,identifier,n
-43.14910125732422,122.35443878173828,:=,:=
145.61724853515625,0.22018887102603912,identifier,t
89.574462890625,100.23619842529297,.,.
32.2580451965332,-26.049081802368164,identifier,root
103.15922546386719,-55.056114196777344,identifier,search
-46.10968780517578,124.83406829833984,:=,:=
90.20082092285156,-57.63077163696289,identifier,prefix
-156.85519409179688,23.827865600585938,for,for
-70.69547271728516,-91.46025848388672,{,{
-159.7256317138672,4.008523941040039,if,if
-36.68521499633789,32.99112319946289,identifier,len
-26.14201545715332,27.080795288085938,(,(
103.5805892944336,-55.65875244140625,identifier,search
-72.159912109375,14.087953567504883,),)
3.611205577850342,86.29888153076172,==,==
-87.32479095458984,-98.60672760009766,{,{
35.959632873535156,-21.741214752197266,identifier,recursiveWalk
-15.34648323059082,1.6866172552108765,(,(
122.75434112548828,-16.154781341552734,identifier,n
-84.90934753417969,68.60202026367188,",",","
85.11016082763672,8.09574031829834,identifier,fn
-89.21371459960938,-13.629231452941895,),)
-64.23746490478516,-161.3345184326172,return,return
-134.58203125,-44.1534309387207,},}
122.04458618164062,-16.68746566772461,identifier,n
-33.853458404541016,98.8017578125,=,=
122.39768981933594,-16.674596786499023,identifier,n
82.96898651123047,93.3349838256836,.,.
49.5443115234375,-20.7432804107666,identifier,getEdge
-11.203587532043457,-3.8858721256256104,(,(
103.86257934570312,-55.79611587524414,identifier,search
-73.91194152832031,-19.30956268310547,),)
-168.50436401367188,3.0538833141326904,if,if
122.30996704101562,-16.77004051208496,identifier,n
1.423324465751648,90.45164489746094,==,==
-90.04727172851562,-95.79029083251953,{,{
-132.48475646972656,-42.79957962036133,},}
-167.449462890625,1.6082758903503418,if,if
14.833905220031738,-73.03031158447266,identifier,strings
45.1863899230957,54.147735595703125,.,.
10.999099731445312,-4.235996723175049,identifier,HasPrefix
2.8317654132843018,0.3641071021556854,(,(
103.86385345458984,-55.96969223022461,identifier,search
-82.39734649658203,62.109039306640625,",",","
123.7887191772461,-16.97488021850586,identifier,n
81.23426818847656,106.93948364257812,.,.
91.74767303466797,-58.15428924560547,identifier,prefix
-71.13787078857422,-7.178114891052246,),)
-84.73295593261719,-91.28882598876953,{,{
103.7242660522461,-56.62545394897461,identifier,search
-35.100868225097656,96.36528015136719,=,=
103.75373077392578,-56.65629959106445,identifier,search
-42.084312438964844,33.20756530761719,identifier,len
-25.44877815246582,23.187833786010742,(,(
123.90919494628906,-16.908897399902344,identifier,n
81.22516632080078,106.83255767822266,.,.
91.9302978515625,-58.17356872558594,identifier,prefix
-74.3117446899414,9.618419647216797,),)
-117.68183135986328,-43.1837158203125,},}
-112.38253021240234,-48.55846405029297,else,else
-167.80972290039062,-3.5348494052886963,if,if
14.594917297363281,-73.11846923828125,identifier,strings
44.961177825927734,54.462162017822266,.,.
10.979169845581055,-4.23120641708374,identifier,HasPrefix
2.7114291191101074,0.40306004881858826,(,(
123.85626220703125,-16.785947799682617,identifier,n
81.19876861572266,106.8492431640625,.,.
92.01512908935547,-58.10504913330078,identifier,prefix
-81.96489715576172,62.67382049560547,",",","
104.1151351928711,-55.9069709777832,identifier,search
-73.71886444091797,-7.306053638458252,),)
-87.6378173828125,-87.55299377441406,{,{
35.94583511352539,-21.737707138061523,identifier,recursiveWalk
-15.282777786254883,1.6831109523773193,(,(
123.1044921875,-16.187118530273438,identifier,n
-86.00944519042969,66.71052551269531,",",","
85.11237335205078,8.095284461975098,identifier,fn
-89.09253692626953,-13.641620635986328,),)
-65.73273468017578,-158.53805541992188,return,return
-126.62738037109375,-30.361928939819336,},}
-111.4914779663086,-49.10723876953125,else,else
-94.40922546386719,-85.05387115478516,{,{
-125.37312316894531,-31.375308990478516,},}
-117.26527404785156,-32.97993469238281,},}
-150.08018493652344,-85.90150451660156,},}
57.15732192993164,-139.26406860351562,func,func
34.200077056884766,-166.71701049804688,(,(
138.98675537109375,11.537535667419434,identifier,f
46.08085632324219,-34.5849494934082,identifier,FixedSizeRingBuf
-1.3873636722564697,-204.82667541503906,),)
47.407291412353516,-25.709373474121094,identifier,Prevpos
-23.196945190429688,-41.3242301940918,(,(
91.5499496459961,-72.11673736572266,identifier,from
31.091476440429688,-83.34577178955078,identifier,int
-14.718828201293945,-136.1629180908203,),)
33.11574172973633,-82.30345916748047,identifier,int
-41.016624450683594,-101.01512145996094,{,{
-161.17832946777344,7.036383152008057,if,if
92.07447052001953,-72.30008697509766,identifier,from
136.74423217773438,-4.461357116699219,identifier,f
74.30621337890625,98.09205627441406,.,.
77.9630126953125,1.8904837369918823,identifier,N
92.41789245605469,-72.2723159790039,identifier,from
3.8962881565093994,78.15497589111328,<,<
-88.78317260742188,-100.46849060058594,{,{
-68.23223876953125,-172.86026000976562,return,return
-128.3566131591797,-49.044654846191406,},}
-164.41085815429688,2.358081579208374,if,if
136.8134765625,-4.4593634605407715,identifier,f
74.1588134765625,98.2677993774414,.,.
27.57895851135254,-19.590343475341797,identifier,Readable
3.7641541957855225,88.10906982421875,==,==
-88.16719818115234,-100.66864776611328,{,{
-68.55194091796875,-172.84800720214844,return,return
-127.93032836914062,-49.05460739135742,},}
-164.76409912109375,2.0128440856933594,if,if
91.95790100097656,-72.64515686035156,identifier,from
-0.5168734192848206,88.71316528320312,==,==
136.60630798339844,-4.558342456817627,identifier,f
73.98079681396484,98.07720184326172,.,.
63.76594924926758,-19.406375885009766,identifier,Beg
-86.20519256591797,-100.59278106689453,{,{
-68.98047637939453,-172.872314453125,return,return
-126.7224349975586,-49.017398834228516,},}
107.5662612915039,-19.512380599975586,identifier,a0
-72.80265045166016,120.34075927734375,",",","
107.7125473022461,-19.214475631713867,identifier,a1
-73.0442123413086,120.2119140625,",",","
108.08403778076172,-18.61362075805664,identifier,b0
-73.07719421386719,120.1679916381836,",",","
108.19255065917969,-18.436721801757812,identifier,b1
-36.076751708984375,114.94083404541016,:=,:=
136.7033233642578,-4.429388999938965,identifier,f
74.6859130859375,96.89187622070312,.,.
55.52614212036133,-20.34923553466797,identifier,LegalPos
-26.317087173461914,-9.541046142578125,(,(
-63.585968017578125,-19.400602340698242,),)
-75.15298461914062,-86.93904876708984,{,{
-152.71437072753906,-9.492886543273926,case,case
92.04092407226562,-72.93264770507812,identifier,from
-0.6535587310791016,88.6680908203125,==,==
105.73031616210938,-19.065753936767578,identifier,a0
-72.47679138183594,-170.73159790039062,return,return
-154.54734802246094,-12.391494750976562,case,case
92.4905776977539,-73.23102569580078,identifier,from
7.050205707550049,78.49364471435547,>,>
105.75538635253906,-19.016939163208008,identifier,a0
92.78731536865234,-73.44843292236328,identifier,from
105.89238739013672,-18.49215316772461,identifier,a1
-73.56993103027344,-170.2056884765625,return,return
92.65489196777344,-74.06975555419922,identifier,from
-154.37240600585938,-12.377687454223633,case,case
93.02210998535156,-73.38422393798828,identifier,from
-0.9520057439804077,88.58033752441406,==,==
106.59405517578125,-17.27272605895996,identifier,b0
-74.0696029663086,-169.92630004882812,return,return
105.94798278808594,-18.218313217163086,identifier,a1
-154.36239624023438,-12.491280555725098,case,case
93.15491485595703,-73.37448120117188,identifier,from
7.078710079193115,78.31012725830078,>,>
106.6333999633789,-17.196691513061523,identifier,b0
93.2907943725586,-73.24604797363281,identifier,from
106.78330993652344,-17.071718215942383,identifier,b1
-74.09282684326172,-169.887939453125,return,return
92.34796142578125,-73.96539306640625,identifier,from
-123.68097686767578,-35.62251663208008,},}
-73.98025512695312,-158.72576904296875,return,return
-148.14913940429688,-93.21581268310547,},}
56.45529556274414,-141.27020263671875,func,func
36.10926055908203,-167.53182983398438,(,(
139.17776489257812,9.0275297164917,identifier,p
67.4849624633789,12.069086074829102,identifier,Process
-0.32794833183288574,-207.48568725585938,),)
44.96623992919922,-32.11845397949219,identifier,DynamicType
-22.7786865234375,-42.10288619995117,(,(
129.9441375732422,3.338552236557007,identifier,t
51.453880310058594,-47.11775207519531,identifier,Type
-106.78913879394531,100.16326141357422,",",","
105.43775939941406,-37.26460266113281,identifier,a
32.656455993652344,-46.77404022216797,identifier,core
59.67167663574219,66.77310180664062,.,.
77.35517883300781,-55.35968017578125,identifier,Address
-12.664450645446777,-135.46875,),)
51.472293853759766,-47.076419830322266,identifier,Type
-43.379783630371094,-99.09456634521484,{,{
129.76780700683594,2.262448310852051,identifier,t
71.44926452636719,98.34770965576172,.,.
46.6710319519043,-56.90879440307617,identifier,Kind
-76.40147399902344,-85.03276062011719,{,{
31.11455535888672,17.640748977661133,identifier,panic
17.41692543029785,28.223318099975586,(,(
21.09794044494629,154.65362548828125,"""",""""
-16.305984497070312,207.9853515625,"""",""""
-92.90193176269531,-5.725031852722168,),)
-154.2270050048828,-9.237181663513184,case,case
61.60919952392578,-26.794233322143555,identifier,KindEface
113.02019500732422,-20.71072006225586,identifier,x
-39.32204818725586,122.8324203491211,:=,:=
143.5483856201172,-1.174201488494873,identifier,p
92.0432357788086,100.6385269165039,.,.
69.7623062133789,14.465841293334961,identifier,proc
72.8748779296875,80.8883056640625,.,.
32.623592376708984,-10.298806190490723,identifier,ReadPtr
-7.179550647735596,4.482817649841309,(,(
105.03044891357422,-37.279335021972656,identifier,a
-70.89769744873047,-14.891769409179688,),)
-176.89698791503906,4.191587924957275,if,if
114.4959945678711,-20.575822830200195,identifier,x
2.302185297012329,87.82955169677734,==,==
-91.35731506347656,-94.95768737792969,{,{
-68.58869171142578,-170.50857543945312,return,return
-132.177001953125,-45.49672317504883,},}
-74.95631408691406,-166.78732299804688,return,return
143.76927185058594,-1.251412272453308,identifier,p
87.7143325805664,97.92316436767578,.,.
57.36931610107422,-28.492055892944336,identifier,runtimeType2Type
-15.896166801452637,3.758329153060913,(,(
114.56572723388672,-19.791542053222656,identifier,x
-86.51863098144531,-6.8182172775268555,),)
-154.41065979003906,-10.465484619140625,case,case
61.63016128540039,-26.784202575683594,identifier,KindIface
113.139404296875,-20.658355712890625,identifier,x
-39.07444763183594,122.55840301513672,:=,:=
143.6782989501953,-1.3992419242858887,identifier,p
92.46366882324219,100.82263946533203,.,.
70.29595184326172,14.657193183898926,identifier,proc
73.5677490234375,80.35299682617188,.,.
32.435890197753906,-10.60239028930664,identifier,ReadPtr
-6.539397716522217,4.283216953277588,(,(
105.02426147460938,-37.30046844482422,identifier,a
-70.90522003173828,-14.402044296264648,),)
-176.0148468017578,1.7461562156677246,if,if
114.33101654052734,-20.65302085876465,identifier,x
2.296020984649658,87.66908264160156,==,==
-91.31175994873047,-94.31481170654297,{,{
-69.67401885986328,-169.7935333251953,return,return
-130.4337615966797,-40.116851806640625,},}
113.44646453857422,-20.521080017089844,identifier,x
-33.982234954833984,96.93820190429688,=,=
143.8422088623047,-1.5827579498291016,identifier,p
92.60628509521484,100.9200439453125,.,.
70.40428161621094,14.629388809204102,identifier,proc
73.57991790771484,80.21591186523438,.,.
32.40155792236328,-10.742016792297363,identifier,ReadPtr
-6.524019241333008,4.126112937927246,(,(
114.24864196777344,-20.149490356445312,identifier,x
67.9292221069336,88.6717300415039,.,.
40.765140533447266,-8.185992240905762,identifier,Add
-6.850882530212402,7.826479911804199,(,(
144.14739990234375,-1.8065638542175293,identifier,p
92.3342056274414,101.19756317138672,.,.
70.52928161621094,15.030330657958984,identifier,proc
74.3144302368164,81.10894775390625,.,.
49.04171371459961,-11.233499526977539,identifier,PtrSize
-28.501468658447266,-9.671810150146484,(,(
-60.45440673828125,-9.396549224853516,),)
-76.87812042236328,-2.1343443393707275,),)
-79.98246765136719,-17.77103042602539,),)
-78.89578247070312,-158.4899444580078,return,return
144.06787109375,-1.440497875213623,identifier,p
87.39602661132812,97.95954132080078,.,.
57.35547637939453,-28.51274299621582,identifier,runtimeType2Type
-15.918282508850098,3.7832553386688232,(,(
114.42230224609375,-19.628082275390625,identifier,x
-81.25765991210938,-9.839885711669922,),)
-120.61471557617188,-31.52777862548828,},}
-150.24620056152344,-86.78890228271484,},}
58.8991584777832,-139.89947509765625,func,func
34.11735153198242,-168.0626678466797,(,(
139.9117431640625,10.255127906799316,identifier,v
48.6528205871582,-39.12309265136719,identifier,VM
0.9233887195587158,-208.50157165527344,),)
49.16881561279297,-30.80452537536621,identifier,ReadOnly
-21.689849853515625,-39.894615173339844,(,(
-15.557347297668457,-144.3009796142578,),)
-3.67400860786438,-154.34927368164062,(,(
25.264305114746094,-78.83934020996094,identifier,bool
-121.5322036743164,86.35767364501953,",",","
-4.643855094909668,-105.2281265258789,identifier,error
-19.088153839111328,-112.05292510986328,),)
-40.189002990722656,-104.22814178466797,{,{
139.2212371826172,67.66109466552734,identifier,err
196.7101593017578,52.1685791015625,identifier,C
205.45297241210938,48.08140182495117,.,.
58.831119537353516,-17.292558670043945,identifier,VixError
-41.25243377685547,90.76123809814453,=,=
196.3966064453125,54.139991760253906,identifier,C
204.8975372314453,49.663455963134766,.,.
60.14275360107422,-18.18418312072754,identifier,VIX_OK
88.41596984863281,-24.70764923095703,identifier,readonly
-45.40452194213867,125.29548645019531,:=,:=
196.78175354003906,54.93648147583008,identifier,C
205.83006286621094,49.25944900512695,.,.
60.13197326660156,-19.383275985717773,identifier,VIX_PROPERTY_NONE
138.09835815429688,64.61408233642578,identifier,err
-32.99422836303711,103.71055603027344,=,=
197.1772003173828,55.42508316040039,identifier,C
207.114013671875,48.33516311645508,.,.
48.71734619140625,-20.53044319152832,identifier,get_property
-10.56671142578125,-4.590793132781982,(,(
141.64248657226562,3.481072425842285,identifier,v
90.12185668945312,101.36078643798828,.,.
66.27387237548828,-5.991147994995117,identifier,handle
-85.46517181396484,72.69054412841797,",",","
194.97393798828125,55.898868560791016,identifier,C
206.12319946289062,50.46519088745117,.,.
59.373008728027344,-20.199796676635742,identifier,VIX_PROPERTY_VM_READ_ONLY
-85.87184143066406,75.71598052978516,",",","
32.58165740966797,9.439826011657715,identifier,unsafe
46.62281036376953,49.11270523071289,.,.
30.844226837158203,5.330787181854248,identifier,Pointer
-15.349546432495117,19.433975219726562,(,(
87.92172241210938,-25.231088638305664,identifier,readonly
-71.02465057373047,2.9180359840393066,),)
-75.28294372558594,-20.735082626342773,),)
-169.89736938476562,2.047797441482544,if,if
197.99160766601562,57.011287689208984,identifier,C
205.47311401367188,51.46644592285156,.,.
60.91703796386719,-17.341527938842773,identifier,VIX_OK
10.9306640625,98.25157165527344,!=,!=
137.5615997314453,49.054779052734375,identifier,err
-88.56382751464844,-91.90364074707031,{,{
-70.89984130859375,-168.90687561035156,return,return
-137.16494750976562,72.40486145019531,",",","
38.261295318603516,14.830838203430176,identifier,Error
-63.42760467529297,-67.83358001708984,{,{
54.02195739746094,-50.29195022583008,identifier,Operation
20.435108184814453,158.96746826171875,"""",""""
-10.865800857543945,213.23936462402344,"""",""""
-108.8775405883789,48.36284637451172,",",","
59.500755310058594,-54.15895462036133,identifier,Code
36.21760177612305,-81.22164154052734,identifier,int
-18.74017333984375,14.88570785522461,(,(
137.71107482910156,51.137474060058594,identifier,err
-76.8426742553711,1.7548187971115112,),)
-107.1546401977539,49.35951232910156,",",","
55.91758728027344,-54.13373565673828,identifier,Text
197.03382873535156,58.16754150390625,identifier,C
208.40882873535156,51.271568298339844,.,.
30.028257369995117,-6.037611961364746,identifier,GoString
-14.38422966003418,11.064461708068848,(,(
196.4205780029297,57.53133773803711,identifier,C
207.23655700683594,51.005550384521484,.,.
57.55002975463867,-18.684932708740234,identifier,Vix_GetErrorText
-18.799644470214844,-0.17164215445518494,(,(
138.48968505859375,52.09260940551758,identifier,err
-86.52490997314453,61.77839279174805,",",","
-75.14910125732422,-2.9444785118103027,),)
-78.52425384521484,-2.827944278717041,),)
-106.26335144042969,40.229736328125,",",","
-106.63011169433594,-30.013195037841797,},}
-115.95026397705078,-35.64269256591797,},}
-170.03475952148438,-2.4275779724121094,if,if
87.91531372070312,-25.244495391845703,identifier,readonly
3.1497864723205566,88.08624267578125,==,==
-90.16905212402344,-86.82498168945312,{,{
-71.56090545654297,-169.3091278076172,return,return
-138.02540588378906,75.0255355834961,",",","
-128.16917419433594,-35.71009826660156,},}
-73.59464263916016,-159.398193359375,return,return
-136.66067504882812,76.80113220214844,",",","
-153.1984100341797,-90.80343627929688,},}
68.03016662597656,-144.15399169921875,func,func
42.45541000366211,-31.174875259399414,identifier,NewV1
-25.19615936279297,-49.802913665771484,(,(
-17.255210876464844,-144.4506378173828,),)
121.56578826904297,-63.70531463623047,identifier,UUID
-41.44199752807617,-98.6336669921875,{,{
122.0459976196289,-63.682918548583984,identifier,uuid
121.7723617553711,-64.11837768554688,identifier,UUID
52.20450973510742,-32.25284957885742,identifier,requests
118.63689422607422,-12.293436050415039,identifier,s
-42.99924850463867,121.52765655517578,:=,:=
53.800411224365234,-28.093456268310547,identifier,answers
26.00507354736328,0.039209116250276566,identifier,copy
0.2236405313014984,11.283334732055664,(,(
122.70823669433594,-62.931396484375,identifier,uuid
-79.70809936523438,65.1658935546875,",",","
127.61331176757812,-15.69003677368164,identifier,s
-74.06044006347656,-24.4782772064209,),)
25.5410213470459,0.09726990759372711,identifier,copy
-0.004658917896449566,11.145018577575684,(,(
123.03824615478516,-62.71612548828125,identifier,uuid
-79.90699005126953,65.11444091796875,",",","
127.49462127685547,-15.740265846252441,identifier,s
-74.29341888427734,-24.24046516418457,),)
25.461299896240234,0.11017666012048721,identifier,copy
-0.13689133524894714,11.140947341918945,(,(
123.10001373291016,-62.52709197998047,identifier,uuid
-80.19134521484375,65.00718688964844,",",","
127.43382263183594,-15.769251823425293,identifier,s
-75.0823974609375,-23.545217514038086,),)
122.06419372558594,-62.3001594543457,identifier,uuid
-33.87294387817383,87.9153823852539,=,=
-8.268808364868164,29.408138275146484,(,(
122.73321533203125,-62.28426742553711,identifier,uuid
-66.01936340332031,4.804776668548584,),)
25.62334442138672,0.5715039968490601,identifier,copy
-0.3525911867618561,11.096126556396484,(,(
123.047607421875,-62.24714660644531,identifier,uuid
-80.70401000976562,65.01287078857422,",",","
127.27958679199219,-15.76057243347168,identifier,s
-78.94353485107422,-23.7529239654541,),)
25.483230590820312,0.21099334955215454,identifier,copy
-0.3344472348690033,11.149643898010254,(,(
122.76612854003906,-62.409420013427734,identifier,uuid
-81.04651641845703,64.77960205078125,",",","
54.14894485473633,-17.3358154296875,identifier,mac
-82.9677734375,-17.842763900756836,),)
121.9071044921875,-62.584632873535156,identifier,uuid
81.05325317382812,94.67107391357422,.,.
55.039302825927734,-17.667987823486328,identifier,variantRFC4122
-26.52311134338379,-8.449357032775879,(,(
-63.26013946533203,-17.407331466674805,),)
-74.36257934570312,-155.00125122070312,return,return
121.36861419677734,-62.926307678222656,identifier,uuid
-148.1078643798828,-95.61665344238281,},}
57.14204406738281,-142.86717224121094,func,func
35.80434036254883,-168.0948486328125,(,(
137.4448699951172,7.162489414215088,identifier,r
48.36418914794922,-32.0164794921875,identifier,BoshRelease
-1.6121132373809814,-206.5497283935547,),)
48.236244201660156,-31.23496437072754,identifier,readBoshRelease
-26.537141799926758,-41.891578674316406,(,(
115.25292205810547,10.586031913757324,identifier,rr
19.303632736206055,-44.9656982421875,identifier,io
57.910682678222656,56.8084831237793,.,.
26.638010025024414,-25.02635383605957,identifier,Reader
-15.677639961242676,-135.6188507080078,),)
-3.9641616344451904,-101.18083190917969,identifier,error
-39.38079071044922,-102.60282135009766,{,{
124.65131378173828,-2.8858249187469482,identifier,w
-44.12272644042969,118.99195861816406,:=,:=
60.25519561767578,0.7074161171913147,identifier,pkg
61.39894104003906,71.75357055664062,.,.
40.701629638671875,-18.201419830322266,identifier,NewTgzWalker
-14.374606132507324,-7.055619239807129,(,(
115.25214385986328,10.583075523376465,identifier,rr
-70.9422607421875,-19.128541946411133,),)
124.15849304199219,-3.400038003921509,identifier,w
76.50753784179688,88.5984115600586,.,.
37.563316345214844,-5.140224456787109,identifier,OnMatch
3.392812728881836,7.638695240020752,(,(
15.797797203063965,160.32504272460938,"""",""""
-11.50185775756836,206.0573272705078,"""",""""
-77.6303939819336,72.82415008544922,",",","
-11.524361610412598,-65.10835266113281,func,func
-13.402825355529785,-62.605072021484375,(,(
87.76851654052734,-5.4732255935668945,identifier,file
60.25627899169922,0.7555035352706909,identifier,pkg
60.462501525878906,71.37234497070312,.,.
63.117130279541016,-13.729494094848633,identifier,FileEntry
-17.410863876342773,-127.35043334960938,),)
-5.301531791687012,-98.92723846435547,identifier,error
-49.73204040527344,-104.18762969970703,{,{
-78.34336853027344,-166.25177001953125,return,return
49.2314453125,-18.96196174621582,identifier,decodeYaml
-15.602606773376465,-2.245575428009033,(,(
88.3576889038086,-5.378726482391357,identifier,file
63.36948776245117,96.67167663574219,.,.
25.621715545654297,-24.500150680541992,identifier,Reader
-86.08460235595703,70.92973327636719,",",","
138.63401794433594,-0.35259297490119934,identifier,r
77.3670883178711,101.70024108886719,.,.
63.09140396118164,-21.865480422973633,identifier,ReleaseManifest
-84.98133850097656,-3.038785457611084,),)
-114.10209655761719,-29.270883560180664,},}
-75.92431640625,-21.8681640625,),)
124.08798217773438,-3.4605884552001953,identifier,w
76.53563690185547,88.5713882446289,.,.
37.563716888427734,-5.140216827392578,identifier,OnMatch
3.4216554164886475,7.673891067504883,(,(
15.957447052001953,160.16867065429688,"""",""""
-9.920975685119629,210.28775024414062,"""",""""
-77.58415222167969,72.83063507080078,",",","
-11.572612762451172,-64.80314636230469,func,func
-14.044490814208984,-62.428955078125,(,(
87.7474136352539,-5.4777069091796875,identifier,file
60.2595329284668,0.7543842196464539,identifier,pkg
60.39060974121094,71.34984588623047,.,.
63.176734924316406,-13.758167266845703,identifier,FileEntry
-17.635211944580078,-127.49993133544922,),)
-4.845858573913574,-99.0220947265625,identifier,error
-48.963401794433594,-103.90342712402344,{,{
88.42772674560547,-9.682817459106445,identifier,job
-68.75938415527344,118.9708023071289,",",","
132.042724609375,43.936195373535156,identifier,jerr
-35.491065979003906,111.83000946044922,:=,:=
139.537109375,0.07658946514129639,identifier,r
89.0033950805664,96.5017318725586,.,.
54.425201416015625,-23.384275436401367,identifier,readBoshJob
-10.906180381774902,-2.3612382411956787,(,(
88.39002227783203,-5.382447719573975,identifier,file
63.3822021484375,96.77291107177734,.,.
25.642898559570312,-24.510061264038086,identifier,Reader
-74.4295654296875,-12.835359573364258,),)
-174.40794372558594,1.1540251970291138,if,if
132.31529235839844,44.46528625488281,identifier,jerr
0.45328548550605774,91.11366271972656,==,==
-88.4134292602539,-90.05471801757812,{,{
139.732666015625,-0.3678508996963501,identifier,r
77.6689682006836,102.07154083251953,.,.
63.00428009033203,-21.823148727416992,identifier,JobManifests
88.653564453125,-9.577762603759766,identifier,job
64.12962341308594,100.15362548828125,.,.
65.34259796142578,-64.29380798339844,identifier,Name
-35.60727310180664,87.27869415283203,=,=
88.65496063232422,-9.586663246154785,identifier,job
-124.77200317382812,-35.022701263427734,},}
-70.6693115234375,-160.19403076171875,return,return
132.47386169433594,44.639530181884766,identifier,jerr
-114.99237060546875,-30.362348556518555,},}
-86.98819732666016,-20.140676498413086,),)
133.8237762451172,63.4728889465332,identifier,err
-32.07285690307617,110.89625549316406,:=,:=
124.06251525878906,-3.489880084991455,identifier,w
75.43388366699219,88.75770568847656,.,.
37.47814178466797,-22.249147415161133,identifier,Walk
-24.525222778320312,-14.111830711364746,(,(
-63.203956604003906,-17.213687896728516,),)
-71.3505859375,-155.4923858642578,return,return
144.46182250976562,55.861759185791016,identifier,err
-150.2818603515625,-95.2730484008789,},}
