x,y,role,token
68.88018035888672,45.557579040527344,identifier,Override
-39.1207389831543,21.91897201538086,identifier,Timer
-33.26849365234375,34.16434860229492,identifier,createIntervalTimer
111.87397003173828,-47.718101501464844,(,(
-77.76531219482422,46.00414276123047,identifier,Date
-45.363365173339844,-14.656935691833496,identifier,initialExpiration
-96.40692901611328,-99.48543548583984,",",","
-61.75607681274414,-5.874842166900635,identifier,intervalDuration
-97.47844696044922,-100.89060974121094,",",","
-40.03684616088867,21.366518020629883,identifier,TimerConfig
-47.79660415649414,-4.642582416534424,identifier,timerConfig
-96.86311340332031,106.91902923583984,),)
-37.20295333862305,52.8594970703125,identifier,IllegalArgumentException
-102.21745300292969,-105.48418426513672,",",","
-36.32716751098633,50.846107482910156,identifier,IllegalStateException
-102.44003295898438,-104.96541595458984,",",","
-33.57826614379883,22.772687911987305,identifier,EJBException
183.78240966796875,-19.28849220275879,{,{
-22.33913230895996,15.178279876708984,identifier,assertTimerServiceState
77.45523834228516,-63.556156158447266,(,(
-15.760382652282715,123.13822937011719,),)
-184.95904541015625,-27.650596618652344,;,;
138.58154296875,54.42838668823242,if,if
152.00621032714844,-103.00699615478516,(,(
-45.195125579833984,-14.929065704345703,identifier,initialExpiration
47.09280776977539,101.07731628417969,==,==
-71.68206024169922,126.532470703125,),)
154.3525390625,1.9010628461837769,{,{
-26.85332679748535,0.2085956186056137,identifier,EJB3_TIMER_LOGGER
1.7587344646453857,-167.18292236328125,.,.
-19.424692153930664,15.284778594970703,identifier,initialExpirationIsNullCreatingTimer
73.33855438232422,-63.223228454589844,(,(
-14.316648483276367,127.04370880126953,),)
-160.83079528808594,9.07876968383789,;,;
75.50291442871094,54.507320404052734,},}
131.25013732910156,58.35601806640625,if,if
149.24331665039062,-97.63638305664062,(,(
-45.19844055175781,-14.935965538024902,identifier,initialExpiration
4.473586082458496,-186.70973205566406,.,.
-9.195996284484863,35.13608169555664,identifier,getTime
66.66047668457031,-63.204071044921875,(,(
-28.037254333496094,140.5098114013672,),)
30.099668502807617,86.02809143066406,<,<
-72.68203735351562,129.3377227783203,),)
154.7032928466797,0.9004602432250977,{,{
-26.748037338256836,0.019422827288508415,identifier,EJB3_TIMER_LOGGER
2.003427267074585,-167.4131622314453,.,.
-4.389673233032227,2.6680080890655518,identifier,invalidInitialExpiration
85.50133514404297,-134.5992889404297,(,(
-17.724567413330078,5.019829273223877,"""","""initialExpiration.getTime()"""
-42.247623443603516,164.123291015625,),)
-161.6824188232422,11.08340072631836,;,;
75.25251770019531,54.60614776611328,},}
130.79568481445312,59.37220764160156,if,if
147.8258819580078,-98.2924575805664,(,(
-61.868438720703125,-6.040197372436523,identifier,intervalDuration
29.80129051208496,87.08271789550781,<,<
-74.15904235839844,129.4156036376953,),)
154.8713836669922,0.3707142174243927,{,{
-26.66229820251465,-0.13168424367904663,identifier,EJB3_TIMER_LOGGER
2.150024890899658,-167.56338500976562,.,.
-4.382460594177246,2.6672158241271973,identifier,invalidInitialExpiration
85.48650360107422,-134.4427490234375,(,(
-17.584712982177734,2.471266269683838,"""","""intervalDuration"""
-42.569664001464844,164.04498291015625,),)
-162.09999084472656,12.52454948425293,;,;
74.0179443359375,62.338191986083984,},}
73.28226470947266,163.08575439453125,return,return
-6.044777870178223,-160.4452362060547,.,.
-12.001389503479004,20.065584182739258,identifier,createTimer
93.15460205078125,-115.88729858398438,(,(
-45.27820587158203,-14.829236030578613,identifier,initialExpiration
-97.91809844970703,-120.38552856445312,",",","
-61.84123229980469,-5.9946699142456055,identifier,intervalDuration
-98.94845581054688,-118.85407257080078,",",","
-48.6124153137207,-4.203876972198486,identifier,timerConfig
-2.912034511566162,-175.38511657714844,.,.
-3.7637856006622314,40.785865783691406,identifier,getInfo
62.70435333251953,-68.7351303100586,(,(
-19.229965209960938,138.19174194335938,),)
-110.0230484008789,-123.49085998535156,",",","
-48.57914352416992,-4.2290449142456055,identifier,timerConfig
-2.8610477447509766,-175.1651611328125,.,.
-16.590713500976562,11.990607261657715,identifier,isPersistent
63.86233139038086,-73.05081176757812,(,(
-15.837289810180664,144.5277557373047,),)
-54.45441818237305,165.1941680908203,),)
-174.037109375,23.425865173339844,;,;
108.6746597290039,120.4000015258789,},}
-34.386714935302734,34.7193489074707,identifier,externalize
114.25625610351562,-44.21577072143555,(,(
-54.234073638916016,34.936279296875,identifier,DataOutputStream
3.681349754333496,-19.773563385009766,identifier,sink
-95.03392791748047,-98.32784271240234,",",","
-53.92881774902344,-0.9361602663993835,identifier,start
-96.85697174072266,-101.82622528076172,",",","
-52.090633392333984,-0.6732079386711121,identifier,stop
-97.80966186523438,-101.87450408935547,",",","
-60.27978515625,-9.082104682922363,identifier,stride
-96.79772186279297,105.26905059814453,),)
-42.66102981567383,48.12807083129883,identifier,IOException
181.915771484375,-20.29692268371582,{,{
-34.815467834472656,-52.669952392578125,identifier,count
81.28780364990234,5.071207523345947,=,=
-183.72061157226562,-33.34663009643555,;,;
130.65121459960938,44.8161506652832,for,for
140.0203094482422,-87.0236587524414,(,(
-67.53926849365234,-54.51087188720703,identifier,i
87.8886947631836,-6.333073616027832,=,=
-53.91733932495117,-0.9279665350914001,identifier,start
-172.4383087158203,-37.21915817260742,;,;
-70.99938201904297,-55.29513931274414,identifier,i
-52.09131622314453,-0.6764180064201355,identifier,stop
-172.4963836669922,-36.231529235839844,;,;
-71.44905853271484,-54.4132194519043,identifier,i
-60.2778205871582,-9.085522651672363,identifier,stride
-76.65618133544922,121.1827621459961,),)
164.87303161621094,-1.4744998216629028,{,{
4.027929306030273,-19.596811294555664,identifier,sink
-15.620635986328125,-168.65394592285156,.,.
-0.6681573987007141,17.244626998901367,identifier,writeByte
91.55628204345703,-123.14391326904297,(,(
-5.6768107414245605,-2.074371814727783,identifier,vals
-72.6430892944336,-59.58308410644531,identifier,i
-50.812686920166016,162.94635009765625,),)
-156.29620361328125,-24.39131736755371,;,;
-34.69844055175781,-53.370418548583984,identifier,count
-165.80726623535156,6.062997341156006,;,;
68.39644622802734,59.80189514160156,},}
-34.20052719116211,-23.74952507019043,identifier,modFour
97.31416320800781,-2.9699902534484863,=,=
-34.672420501708984,-53.537715911865234,identifier,count
-163.7887420654297,-41.62798309326172,;,;
-37.291439056396484,-27.4156551361084,identifier,pad
94.39669799804688,10.890957832336426,=,=
92.94442749023438,-102.5134506225586,(,(
-33.846370697021484,-23.79878807067871,identifier,modFour
54.41322708129883,105.48371887207031,!=,!=
-45.94219970703125,153.515869140625,),)
91.03343200683594,-104.15348052978516,(,(
-33.75191116333008,-23.815282821655273,identifier,modFour
-43.64006805419922,177.61073303222656,),)
-184.89923095703125,-32.7222785949707,;,;
129.53024291992188,47.015377044677734,for,for
140.76577758789062,-88.7504653930664,(,(
-68.19891357421875,-55.01832962036133,identifier,i
80.44487762451172,0.9644522666931152,=,=
-170.0300750732422,-38.79408264160156,;,;
-71.47509765625,-56.36643600463867,identifier,i
25.036977767944336,86.80570220947266,<,<
-37.296566009521484,-27.41196060180664,identifier,pad
-170.8639678955078,-35.185157775878906,;,;
-73.15227508544922,-55.24118423461914,identifier,i
-59.39984130859375,146.38853454589844,),)
4.046399116516113,-19.581958770751953,identifier,sink
-8.005754470825195,-169.94256591796875,.,.
-0.6554210186004639,17.1982421875,identifier,writeByte
75.3903579711914,-120.8585205078125,(,(
-54.229827880859375,174.00315856933594,),)
-173.40577697753906,22.151206970214844,;,;
107.47722625732422,120.47285461425781,},}
-37.37060546875,32.59992980957031,identifier,isKeepAllAlive
84.4959945678711,-59.348575592041016,(,(
-29.091297149658203,120.61634063720703,),)
-32.581539154052734,21.6511173248291,identifier,MalformedElementException
181.55653381347656,-22.157007217407227,{,{
-56.70153045654297,28.267051696777344,identifier,Element
-34.9334602355957,-43.356998443603516,identifier,child
98.34028625488281,6.886526584625244,=,=
-18.75102424621582,31.615808486938477,identifier,getFirstChild
90.09561157226562,-110.41303253173828,(,(
-28.234766006469727,12.749149322509766,identifier,root
-94.41349792480469,-122.84422302246094,",",","
-48.15869903564453,-30.047161102294922,identifier,childNames
-37.84992218017578,184.99659729003906,),)
-162.5330047607422,-34.88654327392578,;,;
-2.4942469596862793,13.997827529907227,identifier,ensureNotNull
92.29688262939453,-126.32902526855469,(,(
-36.522945404052734,2.398019313812256,identifier,Policy
-2.4187171459198,-179.85507202148438,.,.
2.956907272338867,0.9094640612602234,identifier,bind
79.87918090820312,-132.73690795898438,(,(
-22.966506958007812,7.516342639923096,"""","""ensure.expectingOmitOrKeepaliveElmt"""
-37.07154846191406,160.13941955566406,),)
-108.3673095703125,-126.04850769042969,",",","
-35.80198669433594,-43.529701232910156,identifier,child
-37.158206939697266,182.40673828125,),)
-158.72120666503906,-42.60741424560547,;,;
-30.689239501953125,-16.018144607543945,identifier,isKeepAllAlive
82.70388793945312,4.369875907897949,=,=
-183.7836456298828,-31.629682540893555,;,;
137.45303344726562,52.95133590698242,if,if
153.8380584716797,-99.51838684082031,(,(
-23.736446380615234,11.566664695739746,identifier,isDAVElement
89.33026885986328,-114.52708435058594,(,(
-35.767608642578125,-44.10495376586914,identifier,child
-92.0246353149414,-127.2319564819336,",",","
-18.695661544799805,0.03962517902255058,"""","""keepalive"""
-33.02349853515625,158.7315216064453,),)
-78.83152770996094,138.52542114257812,),)
166.16506958007812,-6.327506065368652,{,{
-30.65865707397461,-15.95532512664795,identifier,isKeepAllAlive
91.29346466064453,3.0475800037384033,=,=
-11.100675582885742,0.5348812341690063,"""","""*"""
2.2579026222229004,-194.72262573242188,.,.
29.3524227142334,9.754961967468262,identifier,equals
88.49266815185547,-123.1988754272461,(,(
-17.64238166809082,30.822425842285156,identifier,getFirstText
85.07173156738281,-110.43250274658203,(,(
-35.89299392700195,-43.992427825927734,identifier,child
-26.76179313659668,163.1019744873047,),)
-55.05465316772461,158.07196044921875,),)
-156.6989288330078,-30.668275833129883,;,;
-2.6684281826019287,13.90466022491455,identifier,ensureNull
91.72392272949219,-126.5040512084961,(,(
-36.52228927612305,2.3790194988250732,identifier,Policy
-2.4048690795898438,-179.46096801757812,.,.
2.9569380283355713,0.9118309617042542,identifier,bind
79.86605072021484,-132.65469360351562,(,(
-22.562578201293945,6.951291084289551,"""","""ensure.conflictingHrefElmt"""
-36.95536422729492,159.77359008789062,),)
-107.9215087890625,-123.55416107177734,",",","
-18.728300094604492,31.59891700744629,identifier,getFirstChild
86.92723846435547,-115.79988098144531,(,(
-35.87271499633789,-44.128475189208984,identifier,child
-92.45569610595703,-127.91559600830078,",",","
-17.75844383239746,1.8843529224395752,"""","""href"""
-33.767494201660156,160.74545288085938,),)
-56.05290222167969,161.22015380859375,),)
-159.88107299804688,13.59021282196045,;,;
67.96802520751953,62.998443603515625,},}
-35.28715515136719,-43.357940673828125,identifier,child
100.67179870605469,-3.1728193759918213,=,=
-18.434478759765625,29.574739456176758,identifier,getNextSibling
90.30706787109375,-115.58934783935547,(,(
-35.877498626708984,-44.20769500732422,identifier,child
-97.17127990722656,-125.36595916748047,",",","
-48.17594528198242,-30.05289077758789,identifier,childNames
-43.77385711669922,179.44395446777344,),)
-156.69261169433594,-29.871570587158203,;,;
-2.671623945236206,13.885849952697754,identifier,ensureNull
91.51036834716797,-126.5826187133789,(,(
-36.5279541015625,2.3679661750793457,identifier,Policy
-2.441563844680786,-179.26893615722656,.,.
2.9582159519195557,0.9161903262138367,identifier,bind
79.83293151855469,-132.68360900878906,(,(
-22.283079147338867,4.896106719970703,"""","""ensure.conflictingOmitOrKeepaliveElmt"""
-36.75217819213867,159.88702392578125,),)
-109.68666076660156,-125.7270736694336,",",","
-35.99055099487305,-43.50114440917969,identifier,child
-50.00749969482422,180.7102508544922,),)
-149.08352661132812,-24.56285285949707,;,;
71.45185089111328,161.05104064941406,return,return
-30.36747169494629,-15.659799575805664,identifier,isKeepAllAlive
-180.413818359375,17.74277687072754,;,;
105.72266387939453,118.9027328491211,},}
-54.09181594848633,18.638017654418945,identifier,Gson
-31.81741714477539,32.52983856201172,identifier,initGson
114.52882385253906,-50.62828063964844,(,(
-54.23733901977539,18.118375778198242,identifier,GsonBuilder
-54.36604690551758,17.700042724609375,identifier,gsonBuilder
-92.71641540527344,103.72301483154297,),)
176.5384979248047,-17.95969009399414,{,{
-54.40507888793945,17.560935974121094,identifier,gsonBuilder
-18.27408218383789,-180.72015380859375,.,.
-15.638753890991211,22.26987075805664,identifier,registerTypeAdapter
96.93603515625,-119.50093078613281,(,(
-78.36331176757812,14.561212539672852,identifier,JsonObject
12.408309936523438,-182.5963134765625,.,.
-93.45497131347656,-117.91519165039062,",",","
198.23794555664062,46.655723571777344,new,new
-26.10502815246582,20.988014221191406,identifier,JsonDeserializer
25.453887939453125,81.00239562988281,<,<
-78.25098419189453,14.66485595703125,identifier,JsonObject
42.71554946899414,122.44925689697266,>,>
75.91910552978516,-57.00224685668945,(,(
-29.435880661010742,124.7320556640625,),)
172.90904235839844,-5.254332065582275,{,{
-77.76142883300781,14.798738479614258,identifier,JsonObject
-24.76194953918457,22.742414474487305,identifier,deserialize
97.90263366699219,-117.47460174560547,(,(
-76.27274322509766,15.05636215209961,identifier,JsonElement
-12.796045303344727,-22.412458419799805,identifier,json
-97.23066711425781,-116.39347839355469,",",","
-55.11048889160156,23.9903507232666,identifier,Type
-22.789142608642578,-3.0506553649902344,identifier,typeOfT
-98.52436065673828,-116.25494384765625,",",","
-25.52077293395996,19.825942993164062,identifier,JsonDeserializationContext
-7.409637928009033,-11.386514663696289,identifier,context
-84.7176284790039,120.66146850585938,),)
-27.116792678833008,20.15104103088379,identifier,JsonParseException
153.12200927734375,-2.5634374618530273,{,{
74.26940155029297,155.3783416748047,return,return
-12.897104263305664,-22.17410659790039,identifier,json
-5.195125579833984,-169.34243774414062,.,.
-3.459512710571289,26.88974952697754,identifier,getAsJsonObject
69.2848129272461,-67.51129150390625,(,(
-13.070247650146484,129.79788208007812,),)
-163.62501525878906,16.057920455932617,;,;
87.32914733886719,66.07079315185547,},}
82.2863998413086,66.97927856445312,},}
-59.39157485961914,164.80682373046875,),)
-154.94761657714844,-33.153419494628906,;,;
-9.777674674987793,-20.119422912597656,identifier,gsonBuilder
-12.15377140045166,-179.58258056640625,.,.
-15.638829231262207,22.288360595703125,identifier,registerTypeAdapter
96.84180450439453,-119.59024047851562,(,(
-78.26226043701172,14.592062950134277,identifier,JsonObject
12.303199768066406,-182.26710510253906,.,.
-93.65653991699219,-117.88406372070312,",",","
197.767333984375,47.06924057006836,new,new
-26.073802947998047,20.969341278076172,identifier,JsonSerializer
26.111331939697266,81.15546417236328,<,<
-78.20919799804688,14.664337158203125,identifier,JsonObject
42.124847412109375,122.39366912841797,>,>
75.96831512451172,-56.94865417480469,(,(
-29.508134841918945,125.08854675292969,),)
172.98435974121094,-5.202493667602539,{,{
-76.28453826904297,15.055681228637695,identifier,JsonElement
-24.7412166595459,22.746244430541992,identifier,serialize
97.8893814086914,-117.4658203125,(,(
-77.84038543701172,14.719237327575684,identifier,JsonObject
-16.68878173828125,-10.90420913696289,identifier,src
-97.2795639038086,-116.47589111328125,",",","
-55.115413665771484,23.986356735229492,identifier,Type
-22.78209686279297,-3.0730650424957275,identifier,typeOfSrc
-98.53527069091797,-116.32559204101562,",",","
-25.541790008544922,19.859453201293945,identifier,JsonSerializationContext
-7.460739612579346,-11.332721710205078,identifier,context
-84.61864471435547,120.78363037109375,),)
156.8592529296875,-0.9240464568138123,{,{
73.96849060058594,156.1157989501953,return,return
-17.471134185791016,-11.787912368774414,identifier,src
-5.263335704803467,-169.3676300048828,.,.
-3.4502527713775635,26.88450813293457,identifier,getAsJsonObject
65.77996063232422,-72.43279266357422,(,(
-13.566170692443848,132.7437744140625,),)
-165.2853240966797,17.481332778930664,;,;
87.8830337524414,66.83517456054688,},}
82.5432357788086,66.36972045898438,},}
-58.81117630004883,165.48374938964844,),)
-148.7151641845703,-25.617687225341797,;,;
72.4811019897461,161.7078399658203,return,return
-9.769672393798828,-20.117725372314453,identifier,gsonBuilder
-5.837376594543457,-172.9654083251953,.,.
-11.37069320678711,19.705869674682617,identifier,create
67.10355377197266,-77.19385528564453,(,(
-11.967405319213867,136.0402069091797,),)
-176.2408447265625,22.040842056274414,;,;
108.85420989990234,119.56055450439453,},}
-47.395538330078125,23.867950439453125,identifier,ResultSetType
-32.9593505859375,35.32854461669922,identifier,createResultSet
84.57015991210938,-59.74137878417969,(,(
-30.479564666748047,121.49212646484375,),)
176.8767852783203,-21.758577346801758,{,{
-47.41646957397461,23.81327247619629,identifier,ResultSetType
17.878662109375,-43.19776916503906,identifier,result
97.165283203125,5.961450099945068,=,=
-29.359603881835938,3.2271926403045654,identifier,FACTORY
-16.749841690063477,-189.98919677734375,.,.
-13.689943313598633,22.14472198486328,identifier,createResultSetType
76.63634490966797,-62.66519546508789,(,(
-18.484682083129883,122.52420806884766,),)
-161.76101684570312,-33.65377426147461,;,;
19.179309844970703,-40.72789001464844,identifier,result
-18.60162925720215,-174.96817016601562,.,.
0.11876615136861801,29.193361282348633,identifier,getROW
78.35319519042969,-70.30331420898438,(,(
-27.929487228393555,132.23147583007812,),)
-23.285303115844727,-157.450439453125,.,.
5.755502223968506,15.485893249511719,identifier,add
84.79977416992188,-125.63021087646484,(,(
-12.98310375213623,22.4508113861084,identifier,createResultSetRow
70.6113052368164,-130.4380645751953,(,(
-96.01599884033203,-133.55233764648438,",",","
-95.9725112915039,-132.78097534179688,",",","
-95.45555877685547,-131.02255249023438,",",","
-19.48790740966797,3.258246421813965,"""","""a first example"""
-34.51382064819336,160.64610290527344,),)
-57.72802734375,161.00901794433594,),)
-158.99188232421875,-31.413053512573242,;,;
18.571361541748047,-40.444313049316406,identifier,result
-18.12805938720703,-174.76829528808594,.,.
-0.04717864841222763,29.077909469604492,identifier,getROW
78.14537048339844,-70.81609344482422,(,(
-27.087268829345703,132.16854858398438,),)
-22.689237594604492,-157.89117431640625,.,.
5.563019275665283,15.300690650939941,identifier,add
84.68670654296875,-125.71009063720703,(,(
-12.735105514526367,22.5069637298584,identifier,createResultSetRow
70.71408081054688,-130.43283081054688,(,(
-96.26984405517578,-133.1580047607422,",",","
-96.36599731445312,-132.32957458496094,",",","
-95.57408142089844,-131.01316833496094,",",","
-19.32378578186035,3.207235336303711,"""","""a second example"""
-34.29615020751953,160.7203826904297,),)
-57.02973175048828,161.24359130859375,),)
-158.35369873046875,-28.48134422302246,;,;
18.43449592590332,-40.20354461669922,identifier,result
-17.870798110961914,-174.64707946777344,.,.
-0.12467390298843384,29.015098571777344,identifier,getROW
78.12493896484375,-71.03299713134766,(,(
-26.72528648376465,132.0944366455078,),)
-22.432598114013672,-158.0414581298828,.,.
5.425471305847168,15.252409934997559,identifier,add
84.45439910888672,-125.73543548583984,(,(
-12.625441551208496,22.529552459716797,identifier,createResultSetRow
70.73306274414062,-130.47000122070312,(,(
-96.59691619873047,-132.9593048095703,",",","
-96.7223129272461,-132.31729125976562,",",","
-97.54671478271484,-131.1554412841797,",",","
-32.791969299316406,164.07505798339844,),)
-56.35304260253906,161.51063537597656,),)
-158.33619689941406,-28.12135887145996,;,;
18.305871963500977,-40.020843505859375,identifier,result
-16.233152389526367,-173.9739990234375,.,.
-8.30563735961914,15.559391021728516,identifier,setFOUND
90.79822540283203,-126.31084442138672,(,(
-17.27159309387207,10.702859878540039,identifier,BigInteger
-1.4212281703948975,-171.39816284179688,.,.
17.253618240356445,20.947837829589844,identifier,valueOf
88.6786117553711,-121.49324035644531,(,(
18.37457275390625,-38.9232063293457,identifier,result
0.8236528038978577,-175.74124145507812,.,.
-0.28399211168289185,28.898744583129883,identifier,getROW
61.003173828125,-70.42782592773438,(,(
-25.59381675720215,136.30848693847656,),)
-18.83218765258789,-155.56581115722656,.,.
-50.040157318115234,-66.92033386230469,identifier,size
63.833839416503906,-71.1225357055664,(,(
-16.92382049560547,145.17347717285156,),)
-50.93556594848633,159.72775268554688,),)
-55.049415588378906,163.7705841064453,),)
-149.03131103515625,-23.707347869873047,;,;
70.58120727539062,160.91587829589844,return,return
16.044166564941406,-37.73103713989258,identifier,result
-181.6595458984375,15.442270278930664,;,;
107.03466033935547,117.53131103515625,},}
-52.84752655029297,24.647672653198242,identifier,Type
-16.382020950317383,32.772274017333984,identifier,getGenericTypes
113.89059448242188,-48.74287796020508,(,(
-66.43543243408203,35.810176849365234,identifier,Class
21.751428604125977,80.72513580322266,<,<
41.93220520019531,126.98970031738281,>,>
-17.57086944580078,-60.57866668701172,identifier,clazz
-94.8785171508789,100.59063720703125,),)
176.5196990966797,-20.577743530273438,{,{
-54.10688781738281,24.605682373046875,identifier,Type
-34.829193115234375,-25.994049072265625,identifier,mySuperClass
97.32088470458984,4.130996227264404,=,=
-17.526092529296875,-58.716861724853516,identifier,clazz
-13.880431175231934,-192.7421112060547,.,.
-16.049222946166992,32.75939178466797,identifier,getGenericSuperclass
75.9460220336914,-62.48748779296875,(,(
-18.69251823425293,123.37610626220703,),)
-158.59017944335938,-35.29636764526367,;,;
29.20914077758789,-1.5879933834075928,identifier,System
-5.280721664428711,-165.09609985351562,.,.
13.715505599975586,-7.931447505950928,identifier,out
-7.659254550933838,-165.3629150390625,.,.
7.937385082244873,5.771989822387695,identifier,println
86.53878021240234,-128.2027587890625,(,(
-34.4085693359375,-26.319734573364258,identifier,mySuperClass
-41.490718841552734,180.84140014648438,),)
-157.80673217773438,-34.334049224853516,;,;
29.41162109375,-1.8203626871109009,identifier,System
-5.289634704589844,-165.11917114257812,.,.
13.615147590637207,-7.986337661743164,identifier,out
-7.63149881362915,-165.43023681640625,.,.
7.937913417816162,5.7783589363098145,identifier,println
86.50040435791016,-128.14767456054688,(,(
-34.3046760559082,-26.389816284179688,identifier,mySuperClass
-0.11742818355560303,-178.97357177734375,.,.
-9.80517864227295,42.65135955810547,identifier,getClass
60.91062927246094,-65.96844482421875,(,(
-18.629587173461914,148.27932739257812,),)
-57.09576416015625,159.33641052246094,),)
-155.61663818359375,-39.297733306884766,;,;
-53.75775909423828,24.547304153442383,identifier,Type
-6.09539270401001,-37.91603469848633,identifier,types
94.32453155517578,11.361069679260254,=,=
93.17040252685547,-103.92147064208984,(,(
89.6027603149414,-100.52251434326172,(,(
-24.83782386779785,28.376848220825195,identifier,ParameterizedType
-46.23897933959961,143.5929412841797,),)
-34.30256652832031,-26.3861026763916,identifier,mySuperClass
-47.98027420043945,172.04403686523438,),)
-23.544139862060547,-155.91529846191406,.,.
-15.288737297058105,31.010774612426758,identifier,getActualTypeArguments
72.37213134765625,-68.87235260009766,(,(
-19.25713539123535,128.42001342773438,),)
-188.698486328125,-28.284448623657227,;,;
130.1671142578125,46.198081970214844,for,for
140.00595092773438,-87.69538879394531,(,(
-68.20120239257812,-54.14080810546875,identifier,i
80.0383071899414,1.768242597579956,=,=
-170.77627563476562,-38.765533447265625,;,;
-70.82368469238281,-56.11054992675781,identifier,i
25.613719940185547,87.15666198730469,<,<
-6.080395221710205,-37.80818557739258,identifier,types
9.318282127380371,-185.9556884765625,.,.
-50.667266845703125,-74.17830657958984,identifier,length
-171.6739959716797,-35.5759162902832,;,;
-72.55754089355469,-54.849876403808594,identifier,i
-83.19607543945312,134.08787536621094,),)
167.81765747070312,-9.947955131530762,{,{
-54.03190612792969,24.55402183532715,identifier,Type
-52.89204406738281,-12.117898941040039,identifier,type
90.85017395019531,-1.7924412488937378,=,=
-6.077317714691162,-37.785316467285156,identifier,types
-72.90519714355469,-59.337921142578125,identifier,i
-161.1668701171875,-26.234649658203125,;,;
29.436126708984375,-1.9263073205947876,identifier,System
-5.102425575256348,-165.7301025390625,.,.
13.51003360748291,-7.926873207092285,identifier,out
-7.271203517913818,-166.43875122070312,.,.
7.931814670562744,5.782190799713135,identifier,println
80.48085021972656,-118.05634307861328,(,(
-53.302066802978516,-11.548881530761719,identifier,type
-51.610103607177734,178.5185546875,),)
-168.4791717529297,16.287071228027344,;,;
74.20179748535156,64.36351013183594,},}
69.68085479736328,162.50621032714844,return,return
-6.076399326324463,-37.71717071533203,identifier,types
-182.4657745361328,15.930554389953613,;,;
108.5754165649414,117.01766204833984,},}
-33.931339263916016,31.94306182861328,identifier,getLatitudeFromElasticSearchText
113.59268951416016,-46.829593658447266,(,(
-79.97549438476562,44.20574188232422,identifier,String
-41.63629150390625,-11.219489097595215,identifier,textToCheckParam
-94.61888122558594,102.25206756591797,),)
179.9340057373047,-14.38138484954834,{,{
149.24871826171875,59.24614334106445,if,if
155.6335906982422,-102.87493896484375,(,(
-41.33584976196289,-11.844167709350586,identifier,textToCheckParam
48.542869567871094,101.48910522460938,==,==
-41.21442794799805,-12.079777717590332,identifier,textToCheckParam
4.215305328369141,-188.30624389648438,.,.
4.608643531799316,45.25732421875,identifier,isEmpty
68.68682861328125,-58.318458557128906,(,(
-22.70349884033203,149.9342041015625,),)
-76.20023345947266,139.14004516601562,),)
155.70298767089844,4.406943321228027,{,{
76.57772827148438,154.1840362548828,return,return
-169.7559356689453,6.920194149017334,;,;
67.70542907714844,58.92169952392578,},}
-85.52698516845703,37.79489517211914,identifier,String
-38.716854095458984,-22.717798233032227,identifier,latitudeAndLongitude
98.24153900146484,1.6756030321121216,=,=
-41.00470733642578,-12.426637649536133,identifier,textToCheckParam
-13.981490135192871,-186.8797149658203,.,.
-23.900171279907227,31.76262092590332,identifier,split
76.83313751220703,-125.89964294433594,(,(
-27.928918838500977,2.195037841796875,identifier,REG_EX_COMMA
-38.350257873535156,176.11231994628906,),)
-186.44448852539062,-24.356218338012695,;,;
137.15567016601562,56.41342544555664,if,if
150.48446655273438,-99.64645385742188,(,(
-39.43410110473633,-22.412940979003906,identifier,latitudeAndLongitude
47.002628326416016,99.143798828125,==,==
-39.71433639526367,-22.283632278442383,identifier,latitudeAndLongitude
6.499814510345459,-184.33535766601562,.,.
-51.47963333129883,-73.88947296142578,identifier,length
29.601593017578125,86.21693420410156,<,<
-72.62377166748047,130.58287048339844,),)
164.74490356445312,-6.7106428146362305,{,{
-39.089515686035156,-22.618480682373047,identifier,latitudeAndLongitude
90.345703125,-0.7656543850898743,=,=
-40.93569564819336,-12.504159927368164,identifier,textToCheckParam
-13.303373336791992,-185.9442901611328,.,.
-23.853527069091797,31.779783248901367,identifier,split
76.91490936279297,-125.76294708251953,(,(
-27.867977142333984,2.0676214694976807,identifier,REG_EX_PIPE
-38.75851821899414,175.72604370117188,),)
-160.87973022460938,10.619128227233887,;,;
74.32694244384766,54.522953033447266,},}
130.4619598388672,58.80555725097656,if,if
148.00755310058594,-97.92208099365234,(,(
-39.667171478271484,-22.41168212890625,identifier,latitudeAndLongitude
47.11322784423828,98.67488098144531,==,==
-39.865474700927734,-22.33628273010254,identifier,latitudeAndLongitude
6.484768390655518,-183.84593200683594,.,.
-51.93695831298828,-74.10047149658203,identifier,length
44.920501708984375,99.16487884521484,==,==
-74.6740493774414,129.86041259765625,),)
156.56333923339844,1.008374571800232,{,{
75.65068817138672,156.07644653320312,return,return
-170.22413635253906,8.196219444274902,;,;
74.32136535644531,53.78373718261719,},}
130.9098358154297,60.086185455322266,if,if
147.41934204101562,-97.4535903930664,(,(
-39.92683410644531,-22.40114402770996,identifier,latitudeAndLongitude
6.516912937164307,-183.59979248046875,.,.
-52.3301887512207,-74.25228118896484,identifier,length
45.21821975708008,116.37663269042969,>,>
-74.6164321899414,130.29867553710938,),)
155.98681640625,0.27255287766456604,{,{
72.5172348022461,155.05294799804688,return,return
-13.929681777954102,12.31274700164795,identifier,toDoubleSafe
86.62439727783203,-120.27745056152344,(,(
-40.193843841552734,-22.50916862487793,identifier,latitudeAndLongitude
-51.6998405456543,163.35037231445312,),)
-169.11996459960938,15.836814880371094,;,;
73.49581909179688,64.35088348388672,},}
71.8030776977539,165.40478515625,return,return
-177.68780517578125,17.264020919799805,;,;
110.7850570678711,119.26959228515625,},}
-37.513084411621094,35.10860824584961,identifier,readCatalog
113.99414825439453,-44.759830474853516,(,(
-63.0662727355957,11.064850807189941,identifier,Catalog
-63.28769302368164,10.632997512817383,identifier,catalog
-96.56023406982422,-98.30008697509766,",",","
-80.9009017944336,43.149539947509766,identifier,String
-48.10175704956055,-15.974580764770508,identifier,fileUrl
-96.10025787353516,105.83850860595703,),)
-45.18452835083008,44.838375091552734,identifier,MalformedURLException
-103.08055114746094,-104.74424743652344,",",","
-43.453311920166016,48.501136779785156,identifier,IOException
181.4889373779297,-20.72345733642578,{,{
-70.36189270019531,22.82472038269043,identifier,URL
-25.36785316467285,-29.55044174194336,identifier,catURL
83.14322662353516,6.485968112945557,=,=
-182.34231567382812,-33.5177001953125,;,;
156.05044555664062,-15.997282028198242,{,{
-25.126577377319336,-29.78851890563965,identifier,catURL
89.91812896728516,3.9626715183258057,=,=
197.13961791992188,43.16646194458008,new,new
-70.30807495117188,20.624635696411133,identifier,URL
91.13715362548828,-111.69548797607422,(,(
-48.05949020385742,-16.46514320373535,identifier,fileUrl
-42.778770446777344,183.2547149658203,),)
-161.77023315429688,8.244443893432617,;,;
81.29190826416016,56.952579498291016,},}
136.41586303710938,-98.58423614501953,(,(
-45.95781326293945,44.990074157714844,identifier,MalformedURLException
-27.85922622680664,-71.40430450439453,identifier,e
-81.4376220703125,126.12379455566406,),)
163.62203979492188,-5.46966028213501,{,{
-25.066749572753906,-29.855365753173828,identifier,catURL
89.79336547851562,3.6410720348358154,=,=
196.67816162109375,43.803279876708984,new,new
-70.31555938720703,20.524280548095703,identifier,URL
83.2535629272461,-135.0466766357422,(,(
-18.45407485961914,5.619050979614258,"""","""file:///"""
15.433774948120117,-75.87857055664062,+,+
-48.05572509765625,-16.560958862304688,identifier,fileUrl
-38.990135192871094,179.74725341796875,),)
-160.1027069091797,11.438935279846191,;,;
67.53540802001953,60.94160461425781,},}
-44.06327819824219,20.740156173706055,identifier,URLConnection
-27.01974105834961,-28.739099502563477,identifier,urlCon
96.3978500366211,1.7261735200881958,=,=
-24.625930786132812,-30.405376434326172,identifier,catURL
-13.963006973266602,-189.00570678710938,.,.
-17.158628463745117,38.30086898803711,identifier,openConnection
74.06929016113281,-68.30186462402344,(,(
-18.98333740234375,127.37447357177734,),)
-178.87603759765625,-25.896076202392578,;,;
156.4975128173828,-14.604264259338379,{,{
-15.179359436035156,15.824319839477539,identifier,readCatalog
92.16399383544922,-118.81543731689453,(,(
-63.469390869140625,10.320183753967285,identifier,catalog
-96.08223724365234,-120.46466827392578,",",","
-27.25448226928711,-28.295635223388672,identifier,urlCon
0.7806601524353027,-178.72579956054688,.,.
-16.993404388427734,38.11748504638672,identifier,getInputStream
65.23368835449219,-66.74259185791016,(,(
-19.47292709350586,147.67727661132812,),)
-54.68931198120117,159.5509490966797,),)
-164.6409912109375,10.382902145385742,;,;
80.42791748046875,57.94744110107422,},}
134.94515991210938,-98.46564483642578,(,(
-46.830108642578125,45.50733947753906,identifier,FileNotFoundException
-27.42975616455078,-70.77765655517578,identifier,e
-82.1279525756836,126.78143310546875,),)
160.10887145996094,-4.575386047363281,{,{
-63.57023620605469,10.14064884185791,identifier,catalog
-12.33414363861084,-167.29348754882812,.,.
-7.2913689613342285,29.285951614379883,identifier,getCatalogManager
75.15629577636719,-71.62649536132812,(,(
-25.22941017150879,133.7403564453125,),)
-20.930952072143555,-156.8667449951172,.,.
21.26565170288086,31.66459083557129,identifier,debug
-16.630661010742188,-165.5344696044922,.,.
8.245079040527344,1.2492479085922241,identifier,message
71.99208068847656,-129.88934326171875,(,(
-89.29037475585938,-125.40911102294922,",",","
-17.01728630065918,7.827549934387207,"""","""Failed to load catalog, file not found"""
-107.01468658447266,-129.9508056640625,",",","
-24.669069290161133,-30.345014572143555,identifier,catURL
-2.3743183612823486,-174.4661102294922,.,.
18.181713104248047,22.03216552734375,identifier,toString
63.400169372558594,-71.55709075927734,(,(
-16.548105239868164,143.82327270507812,),)
-54.27127456665039,164.5370635986328,),)
-171.56365966796875,21.93634796142578,;,;
90.86925506591797,72.30525970458984,},}
119.50798034667969,114.35686492919922,},}
67.84336853027344,44.351478576660156,identifier,Test
-34.914306640625,31.9162654876709,identifier,submitWhenSubmitInputSubmitsRequest
83.58518981933594,-60.463600158691406,(,(
-28.55888557434082,121.12275695800781,),)
-41.45729446411133,44.89918899536133,identifier,InterruptedException
183.5987091064453,-20.50262451171875,{,{
24.4615421295166,-11.071699142456055,identifier,server
78.36028289794922,-68.55156707763672,(,(
-28.896018981933594,131.84461975097656,),)
-24.480819702148438,-157.60768127441406,.,.
4.839892387390137,8.619061470031738,identifier,enqueue
94.9619140625,-124.37854766845703,(,(
197.66856384277344,45.767032623291016,new,new
-33.443599700927734,9.994510650634766,identifier,MockResponse
77.15098571777344,-69.20512390136719,(,(
-28.804264068603516,131.97413635253906,),)
-24.210208892822266,-157.59054565429688,.,.
6.724399089813232,33.91618728637695,identifier,setBody
83.01054382324219,-135.927978515625,(,(
-21.35717010498047,6.084930419921875,"""","""<html><body>"""
13.709293365478516,-79.84281921386719,+,+
-21.41967010498047,6.4048261642456055,"""","""<form name='f' action='/x'>"""
13.673955917358398,-79.84601593017578,+,+
-21.326940536499023,6.3580169677734375,"""","""<input type='submit'/>"""
13.002336502075195,-80.35452270507812,+,+
-11.834698677062988,5.927945613861084,"""","""</form>"""
13.070268630981445,-80.27936553955078,+,+
-11.828042030334473,5.920963287353516,"""","""</body></html>"""
-35.19744110107422,160.85256958007812,),)
-58.60744094848633,161.05511474609375,),)
-155.13621520996094,-33.01312255859375,;,;
23.987945556640625,-10.581886291503906,identifier,server
77.39151000976562,-71.85688781738281,(,(
-26.57886505126953,131.31700134277344,),)
-22.565895080566406,-158.9618377685547,.,.
4.8408379554748535,8.62385082244873,identifier,enqueue
85.53144836425781,-125.47958374023438,(,(
197.0443572998047,45.99527359008789,new,new
-33.455806732177734,9.983625411987305,identifier,MockResponse
73.8907241821289,-71.79785919189453,(,(
-17.583755493164062,147.6151580810547,),)
-55.739139556884766,157.6204376220703,),)
-156.13800048828125,-32.176536560058594,;,;
-14.090155601501465,19.387311935424805,identifier,newBrowser
76.58932495117188,-71.35215759277344,(,(
-26.666027069091797,131.619873046875,),)
-22.622745513916016,-158.6157684326172,.,.
3.792323350906372,28.298755645751953,identifier,get
72.63152313232422,-116.62760925292969,(,(
-73.16590118408203,7.374318599700928,identifier,url
83.29875183105469,-109.2414321899414,(,(
23.28019905090332,-10.373133659362793,identifier,server
59.268314361572266,-70.56885528564453,(,(
-19.43026351928711,145.90505981445312,),)
-50.72178649902344,157.79898071289062,),)
-53.6842041015625,155.55404663085938,),)
-21.713096618652344,-158.43479919433594,.,.
-12.304506301879883,33.0195198059082,identifier,getForm
81.75910949707031,-132.9641571044922,(,(
-16.282426834106445,1.5624579191207886,"""","""f"""
-43.112937927246094,167.48622131347656,),)
-21.271011352539062,-158.57923889160156,.,.
-11.517534255981445,9.972689628601074,identifier,submit
72.40306091308594,-75.34099578857422,(,(
-19.222341537475586,132.16160583496094,),)
-156.13446044921875,-32.075477600097656,;,;
23.782949447631836,-10.60588264465332,identifier,server
77.27558135986328,-71.91645050048828,(,(
-26.428674697875977,131.49993896484375,),)
-22.100027084350586,-158.80943298339844,.,.
-7.956982612609863,11.864137649536133,identifier,takeRequest
73.57255554199219,-72.27763366699219,(,(
-19.149208068847656,132.22909545898438,),)
-153.90377807617188,-28.75482940673828,;,;
-3.6647493839263916,13.776168823242188,identifier,assertThat
91.98302459716797,-127.75201416015625,(,(
-16.01129913330078,1.1364916563034058,"""","""request"""
-106.12958526611328,-128.63290405273438,",",","
-7.931922435760498,11.850335121154785,identifier,takeRequest
89.29391479492188,-120.68444061279297,(,(
23.242847442626953,-10.386165618896484,identifier,server
59.321311950683594,-70.59344482421875,(,(
-19.20104217529297,145.1127166748047,),)
-53.438636779785156,155.42831420898438,),)
-19.223596572875977,-156.47171020507812,.,.
-10.617486953735352,36.97640609741211,identifier,getPath
62.81507873535156,-69.61388397216797,(,(
-18.624956130981445,137.85118103027344,),)
-110.26911163330078,-123.44061279296875,",",","
-0.6380086541175842,-5.079183578491211,identifier,is
78.76839447021484,-128.98773193359375,(,(
-15.780397415161133,2.9670283794403076,"""","""/x"""
-34.20151901245117,162.0734100341797,),)
-55.0779914855957,165.0497283935547,),)
-173.26382446289062,23.00985336303711,;,;
107.28646850585938,121.17943572998047,},}
-82.40653228759766,46.729373931884766,identifier,String
-33.9055290222168,28.68338966369629,identifier,encodeHex
114.21259307861328,-47.95255661010742,(,(
-39.46261978149414,-3.4016337394714355,identifier,bytes
-94.65154266357422,98.88674926757812,),)
176.9573211669922,-20.558181762695312,{,{
-72.65071868896484,41.84157943725586,identifier,StringBuffer
-9.022912979125977,-26.15109634399414,identifier,buf
91.0728988647461,8.932363510131836,=,=
198.32418823242188,39.98711013793945,new,new
-72.6211929321289,41.88204574584961,identifier,StringBuffer
92.28902435302734,-111.95051574707031,(,(
-39.24639892578125,-3.2813937664031982,identifier,bytes
10.627340316772461,-187.20037841796875,.,.
-50.398406982421875,-75.07015228271484,identifier,length
-42.413551330566406,171.34060668945312,),)
-159.657470703125,-42.20718765258789,;,;
-66.98263549804688,-53.479915618896484,identifier,i
-180.81170654296875,-32.14370346069336,;,;
130.86849975585938,45.38948059082031,for,for
138.54843139648438,-86.72518920898438,(,(
-68.9919204711914,-54.04017639160156,identifier,i
79.84158325195312,2.1108944416046143,=,=
-171.3405303955078,-38.4351921081543,;,;
-70.53982543945312,-55.75653076171875,identifier,i
25.81089973449707,87.31476593017578,<,<
-39.17050552368164,-3.2355775833129883,identifier,bytes
9.685624122619629,-185.77590942382812,.,.
-51.22510528564453,-74.6109848022461,identifier,length
-171.96395874023438,-35.876808166503906,;,;
-72.42422485351562,-54.3549690246582,identifier,i
-84.2103271484375,134.46090698242188,),)
176.70321655273438,-9.182538986206055,{,{
145.39598083496094,61.07813262939453,if,if
154.19598388671875,-93.30450439453125,(,(
90.81431579589844,-102.24925994873047,(,(
90.3735580444336,-100.90229797363281,(,(
-45.54461669921875,143.2957305908203,),)
-38.85326385498047,-2.8999757766723633,identifier,bytes
-72.77973937988281,-58.728668212890625,identifier,i
-24.399763107299805,167.83839416503906,),)
29.339927673339844,85.5002670288086,<,<
-74.2715835571289,124.11287689208984,),)
162.6165771484375,-1.2060538530349731,{,{
-7.546336650848389,-26.25421714782715,identifier,buf
-12.855934143066406,-169.6232452392578,.,.
9.379108428955078,14.398707389831543,identifier,append
82.05964660644531,-129.26788330078125,(,(
-16.346580505371094,2.3675215244293213,"""","""0"""
-43.20802307128906,164.45179748535156,),)
-163.45489501953125,13.163989067077637,;,;
70.7846908569336,60.73964309692383,},}
-7.48414945602417,-26.256101608276367,identifier,buf
-13.963292121887207,-173.5017852783203,.,.
8.733613014221191,13.823773384094238,identifier,append
86.267333984375,-126.6131591796875,(,(
-76.22352600097656,30.92835235595703,identifier,Long
-1.4845236539840698,-171.45901489257812,.,.
18.151769638061523,21.58587646484375,identifier,toString
81.0637435913086,-125.81185150146484,(,(
90.67578887939453,-100.41654205322266,(,(
-45.20915603637695,143.09176635742188,),)
-38.75255584716797,-2.8036911487579346,identifier,bytes
-73.23001861572266,-58.79096221923828,identifier,i
-99.2475814819336,-129.13717651367188,",",","
-32.800621032714844,164.2017822265625,),)
-55.332759857177734,163.47845458984375,),)
-167.44651794433594,16.01740837097168,;,;
75.01313018798828,63.15992736816406,},}
71.65872192382812,163.1708221435547,return,return
-7.439394950866699,-26.227378845214844,identifier,buf
-5.822607040405273,-172.2523651123047,.,.
17.97042465209961,22.489776611328125,identifier,toString
65.55561828613281,-76.6136245727539,(,(
-12.744172096252441,135.92333984375,),)
-175.38504028320312,20.71926498413086,;,;
109.82243347167969,118.76006317138672,},}
-34.73566436767578,26.32365608215332,identifier,CheckReturnValue
-22.405380249023438,43.009178161621094,identifier,NonNull
-31.83159065246582,25.374679565429688,identifier,BackpressureSupport
100.41244506835938,-121.63250732421875,(,(
-31.865711212158203,25.341819763183594,identifier,BackpressureKind
15.353134155273438,-180.9989471435547,.,.
-30.678081512451172,4.4246978759765625,identifier,NONE
-42.213932037353516,155.82391357421875,),)
-30.0747127532959,25.475919723510742,identifier,SchedulerSupport
100.35395812988281,-121.53092193603516,(,(
-30.037508010864258,25.47252655029297,identifier,SchedulerSupport
15.350809097290039,-180.98916625976562,.,.
-30.673809051513672,4.4214935302734375,identifier,NONE
-42.1650390625,155.88604736328125,),)
-30.65566062927246,13.696602821350098,identifier,Disposable
-28.453744888305664,28.095239639282227,identifier,forEachWhile
109.34519958496094,-49.44525909423828,(,(
-22.67671012878418,10.78116226196289,identifier,Predicate
22.662370681762695,81.44377136230469,<,<
-61.888526916503906,48.21601486206055,identifier,T
42.475318908691406,124.53781127929688,>,>
0.42513102293014526,-12.758456230163574,identifier,onNext
-101.89453125,-100.1645278930664,",",","
-23.3405818939209,21.03814697265625,identifier,Consumer
23.206052780151367,81.39260864257812,<,<
-49.86834716796875,53.93123245239258,identifier,Throwable
42.7461051940918,124.29693603515625,>,>
2.2637391090393066,-11.54245662689209,identifier,onError
-101.73638916015625,-100.23255920410156,",",","
-45.361026763916016,9.379286766052246,identifier,Action
0.9593068361282349,-10.063559532165527,identifier,onComplete
-98.09117889404297,100.17787170410156,),)
174.1268310546875,-18.28883171081543,{,{
-63.81986618041992,15.545869827270508,identifier,ObjectHelper
-20.62435531616211,-178.71435546875,.,.
13.209317207336426,43.52560043334961,identifier,requireNonNull
93.02816009521484,-129.5636444091797,(,(
0.4253523349761963,-12.752599716186523,identifier,onNext
-92.39947509765625,-127.25121307373047,",",","
-18.08636474609375,3.5575814247131348,"""","""onNext is null"""
-41.35285568237305,163.30218505859375,),)
-157.16603088378906,-33.57099533081055,;,;
-63.8146858215332,15.542576789855957,identifier,ObjectHelper
-20.144126892089844,-178.476318359375,.,.
13.096962928771973,43.4967155456543,identifier,requireNonNull
92.67533874511719,-129.59872436523438,(,(
2.258194923400879,-11.543575286865234,identifier,onError
-92.7491683959961,-127.47175598144531,",",","
-17.97188949584961,3.4546921253204346,"""","""onError is null"""
-41.33753204345703,163.58880615234375,),)
-157.1635284423828,-33.498695373535156,;,;
-63.811283111572266,15.540616989135742,identifier,ObjectHelper
-20.05145263671875,-178.4086456298828,.,.
13.051173210144043,43.484500885009766,identifier,requireNonNull
92.55661010742188,-129.56298828125,(,(
0.9696717858314514,-10.102273941040039,identifier,onComplete
-92.81364440917969,-127.55575561523438,",",","
-17.90383529663086,3.3959457874298096,"""","""onComplete is null"""
-41.26224136352539,163.7948760986328,),)
-153.63211059570312,-37.5429801940918,;,;
-27.375581741333008,26.956912994384766,identifier,ForEachWhileSubscriber
27.443923950195312,80.69035339355469,<,<
-61.086177825927734,47.318580627441406,identifier,T
43.8817253112793,123.39190673828125,>,>
-16.219165802001953,-46.54111099243164,identifier,s
87.3579330444336,5.422481060028076,=,=
194.6698455810547,42.5428352355957,new,new
-27.369680404663086,26.95069694519043,identifier,ForEachWhileSubscriber
27.496566772460938,80.49005889892578,<,<
-61.23860549926758,47.67171096801758,identifier,T
41.93103790283203,121.63443756103516,>,>
94.8358383178711,-111.40874481201172,(,(
0.4220142662525177,-12.758831977844238,identifier,onNext
-98.1860580444336,-123.19930267333984,",",","
2.2723512649536133,-11.54360294342041,identifier,onError
-99.3088607788086,-124.75450897216797,",",","
0.9626744389533997,-10.076739311218262,identifier,onComplete
-46.88343811035156,180.5414276123047,),)
-160.27256774902344,-24.600736618041992,;,;
-16.502689361572266,20.762941360473633,identifier,subscribe
80.45738220214844,-119.16344451904297,(,(
-17.547712326049805,-48.839012145996094,identifier,s
-50.86710739135742,176.6781005859375,),)
-149.76564025878906,-23.43902587890625,;,;
70.45454406738281,160.14053344726562,return,return
-16.993696212768555,-49.317047119140625,identifier,s
-182.87374877929688,15.422120094299316,;,;
105.77674102783203,117.46595764160156,},}
68.76155853271484,45.04916763305664,identifier,Override
-34.28324890136719,33.65315246582031,identifier,renderView
108.84066772460938,-46.76076889038086,(,(
-45.3944206237793,9.388745307922363,identifier,ActionRequest
-42.78017807006836,-4.7508673667907715,identifier,actionRequest
-99.99800872802734,-98.42726135253906,",",","
-82.57096862792969,43.745765686035156,identifier,String
-4.0262651443481445,-54.53081512451172,identifier,target
-96.05455780029297,105.25431060791016,),)
-46.60839080810547,50.36469268798828,identifier,Exception
182.23580932617188,-21.090396881103516,{,{
-54.81492614746094,37.42043685913086,identifier,HttpServletRequest
9.13682746887207,-20.73423957824707,identifier,request
97.70957946777344,5.021072864532471,=,=
-42.05912780761719,-4.993935585021973,identifier,actionRequest
-14.400659561157227,-190.48936462402344,.,.
-14.374260902404785,36.92734146118164,identifier,getHttpServletRequest
74.83528137207031,-64.58882904052734,(,(
-18.91765594482422,124.34852600097656,),)
-157.34750366210938,-40.17656707763672,;,;
-53.02045822143555,37.949214935302734,identifier,HttpServletResponse
15.946395874023438,-24.571067810058594,identifier,response
95.3096694946289,0.1794280856847763,=,=
-41.99954605102539,-5.012097358703613,identifier,actionRequest
-14.010869979858398,-190.27374267578125,.,.
-14.34457778930664,37.007633209228516,identifier,getHttpServletResponse
74.57855224609375,-64.85575103759766,(,(
-18.886838912963867,125.34159088134766,),)
-154.30416870117188,-39.23945999145508,;,;
-44.04353713989258,19.21112632751465,identifier,RequestDispatcher
16.807695388793945,-15.855537414550781,identifier,dispatcher
95.52729034423828,1.1000603437423706,=,=
9.578483581542969,-22.08302116394043,identifier,request
-12.661643028259277,-191.11532592773438,.,.
-15.868830680847168,35.4767951965332,identifier,getRequestDispatcher
88.45305633544922,-111.8021469116211,(,(
-3.9049909114837646,-55.68583679199219,identifier,target
-40.754112243652344,186.0135498046875,),)
-184.9137420654297,-25.19457244873047,;,;
139.02713012695312,55.277069091796875,if,if
151.2474822998047,-102.83452606201172,(,(
16.822980880737305,-15.246925354003906,identifier,dispatcher
47.61735534667969,100.3912582397461,==,==
-72.46813201904297,127.0281753540039,),)
165.8206329345703,-3.4999923706054688,{,{
14.717449188232422,-25.82163429260254,identifier,response
-14.363652229309082,-168.45101928710938,.,.
9.370677947998047,32.04612350463867,identifier,sendError
88.68017578125,-128.72848510742188,(,(
-24.17119598388672,4.8214802742004395,identifier,SC_NOT_FOUND
-89.55915832519531,-126.78070068359375,",",","
-17.50636863708496,7.205819606781006,"""","""Result not found: """
16.04125213623047,-75.90397644042969,+,+
-4.041719436645508,-56.46588897705078,identifier,target
-45.79141616821289,183.07798767089844,),)
-152.99826049804688,-23.0841007232666,;,;
79.95845031738281,153.26092529296875,return,return
-175.6522674560547,5.150176525115967,;,;
75.85839080810547,53.8044319152832,},}
130.7605438232422,58.835838317871094,if,if
150.0166015625,-96.3218994140625,(,(
-30.829376220703125,7.744085788726807,identifier,DispatcherUtil
-0.1156284362077713,-183.34567260742188,.,.
-16.307437896728516,13.63975715637207,identifier,isPageIncluded
88.45365905761719,-115.5788345336914,(,(
10.46113109588623,-21.44520378112793,identifier,request
-97.35242462158203,-126.08586883544922,",",","
14.6734619140625,-24.07647705078125,identifier,response
-27.82327651977539,162.14862060546875,),)
-77.93038940429688,135.8894805908203,),)
162.1217041015625,-3.4985275268554688,{,{
16.821815490722656,-14.714568138122559,identifier,dispatcher
-11.546408653259277,-171.27976989746094,.,.
-16.237422943115234,13.186031341552734,identifier,include
82.4603500366211,-121.88240814208984,(,(
10.532272338867188,-21.48586654663086,identifier,request
-97.9584732055664,-126.1967544555664,",",","
14.552213668823242,-24.033802032470703,identifier,response
-47.53677749633789,183.31430053710938,),)
-165.26864624023438,11.5936918258667,;,;
78.75889587402344,56.85281753540039,},}
87.0077133178711,46.00761032104492,else,else
157.06248474121094,-8.453434944152832,{,{
16.822181701660156,-14.621718406677246,identifier,dispatcher
-10.752626419067383,-171.2567901611328,.,.
-9.430830955505371,8.951397895812988,identifier,forward
82.58594512939453,-121.08936309814453,(,(
10.629191398620605,-21.457311630249023,identifier,request
-99.11506652832031,-126.56294250488281,",",","
14.449090957641602,-23.976043701171875,identifier,response
-52.466819763183594,178.922119140625,),)
-171.50146484375,20.070728302001953,;,;
90.93928527832031,70.39055633544922,},}
117.67131805419922,115.58942413330078,},}
-36.138328552246094,38.59791564941406,identifier,delete
85.49082946777344,-59.1563835144043,(,(
-29.07181167602539,120.66419219970703,),)
-42.914058685302734,48.90480041503906,identifier,IOException
181.7041778564453,-20.260114669799805,{,{
-3.096926689147949,-9.016862869262695,identifier,attempts
81.2931900024414,5.205008029937744,=,=
-183.46925354003906,-33.773990631103516,;,;
135.61874389648438,48.111656188964844,while,while
150.95672607421875,-106.76012420654297,(,(
-68.74530792236328,125.78317260742188,),)
176.32374572753906,-10.593594551086426,{,{
156.93153381347656,-16.23297119140625,{,{
-1.0658272504806519,3.4151558876037598,identifier,acquireWriteLock
78.19300079345703,-63.8549919128418,(,(
-15.490718841552734,126.02470397949219,),)
-180.39285278320312,-26.236278533935547,;,;
156.97105407714844,-15.694433212280273,{,{
3.474813938140869,4.574291229248047,identifier,close
72.02999114990234,-76.88497924804688,(,(
-15.474370956420898,126.6474838256836,),)
-181.78518676757812,-25.846031188964844,;,;
140.67315673828125,58.51521682739258,if,if
150.7296142578125,-101.52391052246094,(,(
-46.75556945800781,-17.969528198242188,identifier,osFile
54.906436920166016,103.68907165527344,!=,!=
-76.18352508544922,127.34151458740234,),)
162.4827880859375,0.15288478136062622,{,{
-20.022022247314453,10.887900352478027,identifier,Files
-13.37465763092041,-171.22576904296875,.,.
-4.5568718910217285,11.737004280090332,identifier,deleteIfExists
84.36321258544922,-114.82339477539062,(,(
-46.80026626586914,-17.94991683959961,identifier,osFile
-43.421241760253906,183.0342559814453,),)
-163.60208129882812,14.372790336608887,;,;
88.70133972167969,64.14836120605469,},}
79.13170623779297,61.8690299987793,},}
155.39776611328125,-9.801741600036621,{,{
-1.3053380250930786,3.608684539794922,identifier,releaseWriteLock
72.53781127929688,-71.8118667602539,(,(
-15.753323554992676,130.7790069580078,),)
-156.4786376953125,-24.90944480895996,;,;
-3.073744773864746,-8.696640968322754,identifier,attempts
-165.8259735107422,6.070822715759277,;,;
73.65837860107422,60.44605255126953,},}
-176.5968475341797,8.763315200805664,;,;
78.3056411743164,58.539913177490234,},}
136.08937072753906,-97.69927215576172,(,(
-42.15401077270508,49.65690994262695,identifier,IOException
-28.081195831298828,-62.481117248535156,identifier,ioe
-82.73812103271484,125.68328094482422,),)
158.92880249023438,-5.493154525756836,{,{
-7.719231605529785,6.98604679107666,identifier,OLogManager
-7.345922470092773,-180.89251708984375,.,.
-4.225743293762207,9.055830001831055,identifier,instance
75.60301971435547,-73.57038116455078,(,(
-25.193801879882812,132.89210510253906,),)
-21.16536521911621,-156.40330505371094,.,.
14.241202354431152,28.76812744140625,identifier,error
89.81462097167969,-131.6754608154297,(,(
-89.68524169921875,-124.66057586669922,",",","
-17.624317169189453,8.737672805786133,"""","""Error during deletion of file '"""
15.884268760681152,-78.62109375,+,+
-5.4635009765625,40.49112319946289,identifier,getName
62.74212646484375,-66.73564910888672,(,(
-23.990726470947266,137.18203735351562,),)
10.9672212600708,-81.01959991455078,+,+
-13.584905624389648,6.688161373138428,"""","""' """
15.78849983215332,-77.26266479492188,+,+
-3.036374807357788,-8.394036293029785,identifier,attempts
10.067784309387207,-81.81938171386719,+,+
-15.665226936340332,5.143642902374268,"""","""-th attempt"""
-107.60320281982422,-130.6648406982422,",",","
-28.077861785888672,-62.45016098022461,identifier,ioe
-50.79707717895508,182.9422149658203,),)
-159.39927673339844,-24.119356155395508,;,;
-14.087703704833984,17.04756736755371,identifier,reopenFile
87.43164825439453,-118.31439208984375,(,(
-3.0282254219055176,-8.3444185256958,identifier,attempts
-100.23350524902344,-126.0029525756836,",",","
-28.078628540039062,-62.441741943359375,identifier,ioe
-53.87335968017578,177.79177856445312,),)
-171.04833984375,20.676326751708984,;,;
90.03314208984375,69.80945587158203,},}
87.63595581054688,73.3265609741211,},}
120.02088165283203,113.07331848144531,},}
-26.709211349487305,56.11320495605469,identifier,List
22.312671661376953,76.3602294921875,<,<
-56.59160232543945,7.654720306396484,identifier,Task
46.39329147338867,127.02851867675781,>,>
-32.283912658691406,34.48369598388672,identifier,executeTask
112.04578399658203,-46.176578521728516,(,(
-80.1997299194336,45.0882568359375,identifier,String
-57.631038665771484,4.935784339904785,identifier,taskId
-95.7203369140625,-99.67638397216797,",",","
-80.35159301757812,41.55889892578125,identifier,String
-56.83271789550781,-1.0318902730941772,identifier,operator
-94.59877014160156,-100.732177734375,",",","
-29.598363876342773,62.98063659667969,identifier,Map
23.609529495239258,79.1935043334961,<,<
-86.72699737548828,43.9615592956543,identifier,String
-93.9400863647461,-109.26882934570312,",",","
-83.22562408447266,27.386760711669922,identifier,Object
43.493690490722656,126.0543441772461,>,>
-63.798770904541016,0.8415285348892212,identifier,args
-95.65579223632812,98.3615951538086,),)
175.05349731445312,-20.86879539489746,{,{
-45.27963638305664,17.235504150390625,identifier,Execution
4.368043422698975,-25.584901809692383,identifier,execution
97.33538055419922,6.860921382904053,=,=
-23.732524871826172,39.705020904541016,identifier,execute
91.63002014160156,-110.19215393066406,(,(
-57.641212463378906,4.926140785217285,identifier,taskId
-96.18988800048828,-121.83121490478516,",",","
-56.83128356933594,-1.0283271074295044,identifier,operator
-95.6100082397461,-124.14042663574219,",",","
-64.02302551269531,1.0118207931518555,identifier,args
-36.7163200378418,183.77781677246094,),)
-186.05311584472656,-25.458663940429688,;,;
140.5636444091797,55.152896881103516,if,if
150.50872802734375,-102.46562194824219,(,(
4.376621723175049,-25.08562660217285,identifier,execution
47.87531661987305,100.03093719482422,==,==
-63.37043380737305,143.0314178466797,),)
78.93549346923828,157.9861297607422,return,return
-0.1898297816514969,-1.3610213994979858,identifier,Collections
-19.362825393676758,-184.1222381591797,.,.
-4.118900775909424,5.902259826660156,identifier,emptyList
71.27455139160156,-58.40122604370117,(,(
-20.266019821166992,126.27973175048828,),)
-154.17794799804688,-39.459590911865234,;,;
-43.284149169921875,16.669361114501953,identifier,ProcessModel
-19.384082794189453,-21.49110221862793,identifier,model
95.6612548828125,1.7422977685928345,=,=
4.361832141876221,-24.5678768157959,identifier,execution
-12.326375961303711,-190.27471923828125,.,.
-9.995145797729492,32.851261138916016,identifier,getProcess
74.65560150146484,-67.93031311035156,(,(
-27.540313720703125,134.0846405029297,),)
-22.469470977783203,-155.29869079589844,.,.
-11.490585327148438,33.6215934753418,identifier,getModel
73.9078140258789,-67.68276977539062,(,(
-18.011581420898438,128.10235595703125,),)
-183.36390686035156,-24.388919830322266,;,;
138.69088745117188,57.779197692871094,if,if
146.5818634033203,-101.14616394042969,(,(
-18.96394920349121,-21.597593307495117,identifier,model
55.75810623168945,103.33233642578125,!=,!=
-74.38591766357422,126.57774353027344,),)
161.14205932617188,-6.824249744415283,{,{
-43.376426696777344,16.789628982543945,identifier,NodeModel
-20.309005737304688,-21.17389488220215,identifier,nodeModel
91.09931182861328,0.011503090150654316,=,=
-18.91673469543457,-21.601089477539062,identifier,model
-8.890588760375977,-188.7611846923828,.,.
-9.991836547851562,33.143001556396484,identifier,getNode
91.27046966552734,-121.9817123413086,(,(
4.3676838874816895,-24.66242790222168,identifier,execution
1.2230201959609985,-176.421875,.,.
-4.759796142578125,31.447954177856445,identifier,getTask
60.42304229736328,-68.37174224853516,(,(
-25.72865867614746,135.87319946289062,),)
-18.661197662353516,-156.13119506835938,.,.
-4.621204376220703,31.36773681640625,identifier,getTaskName
64.17900085449219,-67.22908020019531,(,(
-18.47817039489746,146.3029327392578,),)
-54.30836868286133,160.89620971679688,),)
-158.7095489501953,-26.01508903503418,;,;
-20.418519973754883,-21.100479125976562,identifier,nodeModel
-9.45150089263916,-172.16685485839844,.,.
-23.716684341430664,39.708221435546875,identifier,execute
80.7618179321289,-120.02978515625,(,(
4.379117012023926,-24.807161331176758,identifier,execution
-50.75722885131836,178.3038330078125,),)
-167.5563507080078,15.07662582397461,;,;
74.04035186767578,63.416221618652344,},}
71.79549407958984,163.21978759765625,return,return
4.359745502471924,-24.56003189086914,identifier,execution
-5.731325626373291,-171.6236572265625,.,.
-6.059926509857178,28.471323013305664,identifier,getTasks
65.43685913085938,-75.16081237792969,(,(
-12.327577590942383,135.46994018554688,),)
-175.18663024902344,21.300674438476562,;,;
108.74854278564453,118.84362030029297,},}
-39.401588439941406,24.78335952758789,identifier,IURLProtocolHandler
-34.522438049316406,30.27032470703125,identifier,mapIO
112.43700408935547,-46.143272399902344,(,(
-80.68647003173828,44.589027404785156,identifier,String
-72.70643615722656,4.680196762084961,identifier,url
-95.95401763916016,-97.01602935791016,",",","
-39.4365119934082,24.42949867248535,identifier,IURLProtocolHandler
-55.061161041259766,-3.8742921352386475,identifier,handler
-99.04225158691406,-100.1338119506836,",",","
-40.41511917114258,-8.882195472717285,identifier,unmapUrlOnOpen
-97.68852233886719,102.48429107666016,),)
177.6225128173828,-15.37064266204834,{,{
179.13397216796875,-11.10441780090332,{,{
148.36465454101562,60.90418243408203,if,if
155.5972900390625,-102.38507080078125,(,(
-72.9537353515625,5.923394680023193,identifier,url
49.125301361083984,100.5263900756836,==,==
-72.94625854492188,6.136251449584961,identifier,url
5.871991157531738,-188.37603759765625,.,.
-50.544593811035156,-72.80165100097656,identifier,length
65.34468078613281,-59.8050537109375,(,(
-29.0649471282959,141.7762451171875,),)
-63.803951263427734,143.2720489501953,),)
190.03810119628906,46.330501556396484,new,new
-36.491111755371094,53.036346435546875,identifier,IllegalArgumentException
85.1993179321289,-136.2360076904297,(,(
-19.946805953979492,7.173307418823242,"""","""must pass in non-zero url"""
-41.921146392822266,162.3091583251953,),)
-187.20974731445312,-23.282304763793945,;,;
136.05966186523438,56.768333435058594,if,if
148.39834594726562,-100.25193786621094,(,(
-55.09047317504883,-3.891326904296875,identifier,handler
47.78052520751953,98.80835723876953,==,==
-73.51502990722656,127.58489990234375,),)
153.19149780273438,0.42324957251548767,{,{
190.70399475097656,47.41466522216797,new,new
-36.178104400634766,53.0693359375,identifier,IllegalArgumentException
85.44297790527344,-136.0879669189453,(,(
-19.233867645263672,6.788487434387207,"""","""must pass in a non null handler"""
-42.345516204833984,163.0026092529297,),)
-159.70860290527344,12.010892868041992,;,;
67.81864166259766,60.05228042602539,},}
-83.57958984375,37.05667495727539,identifier,String
-59.3776741027832,-30.79621696472168,identifier,streamName
99.09346771240234,-0.45306944847106934,=,=
-30.36263084411621,9.622655868530273,identifier,URLProtocolManager
-17.448686599731445,-187.61570739746094,.,.
-10.22071361541748,31.196998596191406,identifier,getResourceFromURL
86.78365325927734,-111.84134674072266,(,(
-73.44397735595703,5.799185276031494,identifier,url
-40.251251220703125,184.3445281982422,),)
-154.7499542236328,-38.76939010620117,;,;
-44.800594329833984,11.836530685424805,identifier,RegistrationInformation
-35.96171569824219,-33.824676513671875,identifier,tuple
88.60533142089844,6.004319190979004,=,=
195.88221740722656,42.50965118408203,new,new
-44.78334426879883,11.821730613708496,identifier,RegistrationInformation
93.04502868652344,-114.38848876953125,(,(
-59.36640167236328,-30.78489875793457,identifier,streamName
-97.65116119384766,-120.90574645996094,",",","
-55.0887565612793,-3.8851234912872314,identifier,handler
-96.73641204833984,-123.50074005126953,",",","
-33.374359130859375,-15.380730628967285,identifier,unmapUrlOnOpen
-42.02461624145508,177.51766967773438,),)
-154.8597869873047,-38.10213851928711,;,;
-44.81209182739258,11.828818321228027,identifier,RegistrationInformation
-37.817543029785156,-32.73857498168945,identifier,oldTuple
96.2428207397461,-0.5384945273399353,=,=
-23.40503692626953,-6.958559989929199,identifier,mURLs
-11.677925109863281,-187.61045837402344,.,.
5.463424205780029,21.656455993652344,identifier,putIfAbsent
90.63729858398438,-116.70905303955078,(,(
-59.36144256591797,-30.786075592041016,identifier,streamName
-98.47877502441406,-124.76982879638672,",",","
-35.93593978881836,-33.856231689453125,identifier,tuple
-47.26844787597656,180.38792419433594,),)
-150.62062072753906,-26.01285171508789,;,;
72.73218536376953,159.15341186523438,return,return
-38.09052276611328,-33.58548355102539,identifier,oldTuple
48.04581069946289,97.97229766845703,==,==
-38.12729263305664,-33.68833541870117,identifier,oldTuple
-5.152980327606201,-173.7493896484375,.,.
-5.970458984375,29.30301284790039,identifier,getHandler
64.49056243896484,-75.6552963256836,(,(
-12.642054557800293,134.58653259277344,),)
-173.0756378173828,20.1610050201416,;,;
91.51316833496094,71.61399841308594,},}
119.98473358154297,114.96857452392578,},}
-69.08658599853516,22.860240936279297,identifier,URL
-34.68532943725586,31.15614891052246,identifier,fixPureQueryTargets
111.38310241699219,-48.22395706176758,(,(
-70.55564880371094,23.0152530670166,identifier,URL
-28.553020477294922,-44.02204132080078,identifier,base
-96.9029769897461,-98.10813903808594,",",","
-80.26219940185547,42.819149017333984,identifier,String
-4.032400131225586,-54.64198303222656,identifier,target
-95.72897338867188,105.30606842041016,),)
-45.206565856933594,44.85108947753906,identifier,MalformedURLException
182.7140655517578,-16.406015396118164,{,{
149.391357421875,60.323333740234375,if,if
157.29847717285156,-97.21066284179688,(,(
-2.976928949356079,-55.582767486572266,identifier,target
2.9418013095855713,-188.2549591064453,.,.
14.348560333251953,12.48250961303711,identifier,startsWith
75.73514556884766,-129.6524658203125,(,(
-13.590027809143066,0.669071614742279,"""","""?"""
-29.477949142456055,158.47357177734375,),)
-63.26987075805664,144.5120391845703,),)
79.36670684814453,157.76829528808594,return,return
193.32852172851562,44.66008758544922,new,new
-70.31985473632812,20.54197883605957,identifier,URL
90.55927276611328,-112.05856323242188,(,(
-28.72858238220215,-44.513248443603516,identifier,base
-94.97607421875,-123.37709045410156,",",","
-4.157947063446045,-56.007625579833984,identifier,target
-38.11882019042969,183.494873046875,),)
-157.87960815429688,-40.824283599853516,;,;
-83.65079498291016,38.67682647705078,identifier,String
-43.90779113769531,-44.728233337402344,identifier,basePath
98.93462371826172,0.2343059629201889,=,=
-28.65604591369629,-44.61450958251953,identifier,base
-9.470073699951172,-191.58116149902344,.,.
-10.709858894348145,36.88673400878906,identifier,getPath
72.25418853759766,-66.87397003173828,(,(
-20.415451049804688,124.46195983886719,),)
-158.39207458496094,-40.416053771972656,;,;
-84.23162078857422,38.830406188964844,identifier,String
-35.17707061767578,-21.850778579711914,identifier,baseRightMost
83.51298522949219,3.9506032466888428,=,=
-12.510530471801758,-1.6076138019561768,"""",""""""
-163.7567901611328,-41.368385314941406,;,;
-35.32725143432617,-21.739748001098633,identifier,baseRightMostIdx
96.74002838134766,-2.6687843799591064,=,=
-43.902793884277344,-44.745059967041016,identifier,basePath
-10.402068138122559,-191.41600036621094,.,.
14.727925300598145,15.518369674682617,identifier,lastIndexOf
75.39641571044922,-128.11622619628906,(,(
-12.938599586486816,2.187060594558716,"""","""/"""
-40.422019958496094,166.53602600097656,),)
-183.96420288085938,-24.46188735961914,;,;
138.9912567138672,56.99289321899414,if,if
148.04684448242188,-101.85396575927734,(,(
-36.122432708740234,-21.33489990234375,identifier,baseRightMostIdx
55.16022491455078,105.71956634521484,!=,!=
-73.377685546875,130.397705078125,),)
163.17626953125,-6.448173999786377,{,{
-35.8184700012207,-21.613603591918945,identifier,baseRightMost
89.94705963134766,-1.121448278427124,=,=
-43.90302658081055,-44.75080108642578,identifier,basePath
-7.876101493835449,-188.4431610107422,.,.
19.476688385009766,10.772632598876953,identifier,substring
76.79425048828125,-122.79326629638672,(,(
-36.21305465698242,-21.237167358398438,identifier,baseRightMostIdx
6.9899582862854,-81.80226135253906,+,+
-44.48033142089844,170.96697998046875,),)
-163.25836181640625,12.698457717895508,;,;
75.94828033447266,52.777103424072266,},}
129.60523986816406,59.9444694519043,if,if
146.43858337402344,-96.45111083984375,(,(
-2.7886393070220947,-56.41473388671875,identifier,target
6.517269134521484,-180.5800323486328,.,.
14.384103775024414,12.340069770812988,identifier,startsWith
77.5813980102539,-128.89114379882812,(,(
-13.586640357971191,0.6646376848220825,"""","""?"""
-29.658767700195312,156.95945739746094,),)
-60.31346130371094,144.81443786621094,),)
-3.0377583503723145,-57.35085678100586,identifier,target
90.61275482177734,-4.190221309661865,=,=
-36.29411697387695,-21.347017288208008,identifier,baseRightMost
8.879746437072754,-78.57109832763672,+,+
-3.646725654602051,-57.09464645385742,identifier,target
-163.54666137695312,-23.437292098999023,;,;
73.5390853881836,159.9501953125,return,return
194.1453094482422,46.0198860168457,new,new
-70.38090515136719,20.03702163696289,identifier,URL
87.05673217773438,-118.74906158447266,(,(
-28.78938865661621,-44.69732666015625,identifier,base
-99.62232208251953,-126.85745239257812,",",","
-4.234241008758545,-56.72014617919922,identifier,target
-53.65873718261719,179.47296142578125,),)
-174.6161651611328,22.180395126342773,;,;
107.90764617919922,118.3426742553711,},}
-36.14372634887695,30.061866760253906,identifier,postMultiplyDiagonal
114.66619873046875,-46.0567626953125,(,(
-35.47712707519531,15.936244010925293,identifier,MAVector
-44.27850341796875,0.08584299683570862,identifier,diag
-92.29727935791016,101.26472473144531,),)
180.44960021972656,-14.54033374786377,{,{
150.13510131835938,59.0188102722168,if,if
156.2624053955078,-102.84542846679688,(,(
-38.89750289916992,0.1285402923822403,identifier,ncols
56.73051452636719,106.52362060546875,!=,!=
-44.099945068359375,0.14480848610401154,identifier,diag
1.8534374237060547,-190.2326202392578,.,.
-21.02566146850586,33.909244537353516,identifier,getNelems
71.00344848632812,-61.116065979003906,(,(
-22.32834815979004,149.36643981933594,),)
-63.73214340209961,144.1128387451172,),)
189.802001953125,46.99611282348633,new,new
-36.29601287841797,52.90321350097656,identifier,IllegalArgumentException
86.4321517944336,-136.98968505859375,(,(
-23.35902976989746,10.185890197753906,"""","""MAMatrix.postMultiplyDiagonal """
15.987422943115234,-77.59895324707031,+,+
-38.888465881347656,0.14023804664611816,identifier,ncols
10.708396911621094,-81.83799743652344,+,+
-13.867873191833496,7.540683746337891,"""",""" != """
16.76723289489746,-77.19200134277344,+,+
-43.99958038330078,0.1831032931804657,identifier,diag
-1.870916485786438,-191.83334350585938,.,.
-21.024656295776367,33.91118621826172,identifier,getNelems
70.3663558959961,-63.040672302246094,(,(
-18.014814376831055,149.307861328125,),)
-57.95820236206055,158.5328826904297,),)
-189.1817169189453,-26.772449493408203,;,;
129.81790161132812,44.82968521118164,for,for
139.4685516357422,-87.6651840209961,(,(
-67.89141082763672,-53.80816650390625,identifier,i
80.07040405273438,2.613646984100342,=,=
-171.19293212890625,-38.94019317626953,;,;
-70.69953918457031,-55.59602737426758,identifier,i
25.994495391845703,87.54093170166016,<,<
-38.835182189941406,0.3124028146266937,identifier,nrows
-171.85276794433594,-36.21117401123047,;,;
-72.38243103027344,-54.363399505615234,identifier,i
-83.9435043334961,134.5367431640625,),)
175.45240783691406,-9.182575225830078,{,{
129.66221618652344,43.70771789550781,for,for
140.02651977539062,-88.27637481689453,(,(
-72.81538391113281,-49.406341552734375,identifier,j
80.8814926147461,1.4632461071014404,=,=
-170.475830078125,-38.26274108886719,;,;
-73.92485046386719,-50.18354415893555,identifier,j
25.70348358154297,86.30223083496094,<,<
-38.87290954589844,0.19133847951889038,identifier,ncols
-171.27474975585938,-35.848419189453125,;,;
-74.23819732666016,-50.38508224487305,identifier,j
-83.29146575927734,134.56027221679688,),)
169.74063110351562,-8.811725616455078,{,{
-0.2266877144575119,-43.161991119384766,identifier,val
92.97644805908203,2.3375301361083984,=,=
-16.066804885864258,-39.95349884033203,identifier,a
-7.078514575958252,-192.18431091308594,.,.
-1.1769299507141113,26.498462677001953,identifier,getDouble
91.72534942626953,-122.36198425292969,(,(
-33.498138427734375,-1.6768946647644043,identifier,ima
-1.2081552743911743,-177.2895965576172,.,.
7.3237996101379395,25.034038543701172,identifier,set
75.98750305175781,-116.70699310302734,(,(
-71.1593246459961,-58.559288024902344,identifier,i
-97.44294738769531,-128.86532592773438,",",","
-75.10809326171875,-49.74150466918945,identifier,j
-26.619590759277344,164.32498168945312,),)
-54.47071838378906,155.42282104492188,),)
-43.81975173950195,0.2537781298160553,identifier,diag
-7.406619071960449,-169.0104217529297,.,.
-1.177237629890442,26.499780654907227,identifier,getDouble
81.89750671386719,-117.33143615722656,(,(
-75.19894409179688,-49.720645904541016,identifier,j
-46.50257873535156,185.8784942626953,),)
-160.05148315429688,-25.86603546142578,;,;
-15.730463027954102,-41.061378479003906,identifier,a
-9.886106491088867,-167.5742645263672,.,.
-7.54657506942749,16.278247833251953,identifier,setDouble
87.50193786621094,-118.87859344482422,(,(
-33.58595657348633,-1.6541050672531128,identifier,ima
-100.18396759033203,-127.1287612915039,",",","
-0.1265975534915924,-43.3145866394043,identifier,val
-52.488128662109375,179.31349182128906,),)
-170.2061004638672,20.033437728881836,;,;
89.64055633544922,68.77564239501953,},}
87.4344711303711,72.74153137207031,},}
119.62246704101562,113.39832305908203,},}
-21.688465118408203,44.47703552246094,identifier,Nullable
-30.580820083618164,29.27457618713379,identifier,getBitmap
115.54975128173828,-49.95526885986328,(,(
-34.03379821777344,17.202051162719727,identifier,RandomAccessFile
13.114941596984863,-1.6200207471847534,identifier,raf
-94.4433364868164,106.08873748779297,),)
-42.735191345214844,48.45336151123047,identifier,IOException
182.57308959960938,-16.830978393554688,{,{
149.85450744628906,60.2551383972168,if,if
155.71278381347656,-103.44158172607422,(,(
-41.4732551574707,-18.678993225097656,identifier,bitMapIndicator
45.97700881958008,98.40611267089844,==,==
-63.45615768432617,142.43772888183594,),)
78.93801879882812,156.45822143554688,return,return
-184.76498413085938,-31.094667434692383,;,;
135.44833374023438,58.11764907836914,if,if
150.65350341796875,-98.26792907714844,(,(
-41.384254455566406,-18.7603816986084,identifier,bitMapIndicator
45.71909713745117,98.13078308105469,==,==
-62.3604736328125,142.2268829345703,),)
30.817081451416016,21.63291358947754,identifier,logger
-17.496000289916992,-168.43392944335938,.,.
20.71034812927246,32.13613510131836,identifier,debug
84.5550765991211,-138.86239624023438,(,(
-21.710397720336914,9.327974319458008,"""","""HEY bitMapIndicator=254 previously defined bitmap"""
-41.61934280395508,161.5940399169922,),)
-187.33131408691406,-23.501611709594727,;,;
136.1959228515625,56.20017623901367,if,if
149.9888916015625,-100.1364974975586,(,(
-41.345096588134766,-18.794166564941406,identifier,bitMapIndicator
54.100738525390625,104.96843719482422,!=,!=
-71.1963882446289,128.91769409179688,),)
153.159423828125,1.2982603311538696,{,{
190.59864807128906,46.30674362182617,new,new
-35.34532165527344,52.111366271972656,identifier,UnsupportedOperationException
86.39306640625,-136.51364135742188,(,(
-22.150800704956055,10.01683235168457,"""","""Grib2 Bit map section pre-defined (provided by center) = """
16.332487106323242,-75.84761047363281,+,+
-41.25135040283203,-18.900375366210938,identifier,bitMapIndicator
-38.561126708984375,179.0428009033203,),)
-159.30242919921875,11.69569206237793,;,;
68.1220474243164,62.305320739746094,},}
12.65973949432373,-1.8070317506790161,identifier,raf
-16.40921974182129,-175.86053466796875,.,.
-18.8453311920166,18.236194610595703,identifier,seek
83.33977508544922,-113.47107696533203,(,(
-21.042146682739258,11.173222541809082,identifier,startingPosition
-40.282344818115234,181.1229705810547,),)
-158.36448669433594,-39.381134033203125,;,;
-49.028141021728516,-73.8171615600586,identifier,length
99.49256134033203,-1.576232671737671,=,=
-27.31749725341797,8.888055801391602,identifier,GribNumbers
-11.899664878845215,-187.09629821777344,.,.
-24.688180923461914,6.661316394805908,identifier,int4
86.59437561035156,-111.16133117675781,(,(
12.956109046936035,-1.6868938207626343,identifier,raf
-41.31612777709961,183.9608612060547,),)
-160.34231567382812,-30.276826858520508,;,;
12.688336372375488,-1.7967946529388428,identifier,raf
-16.23759651184082,-175.52622985839844,.,.
-19.514453887939453,18.410058975219727,identifier,skipBytes
72.09811401367188,-126.91334533691406,(,(
-40.66011428833008,171.16073608398438,),)
-157.77943420410156,-37.9764404296875,;,;
-1.1748621463775635,-33.37736129760742,identifier,data
87.5041732788086,4.702384948730469,=,=
197.81675720214844,43.88957214355469,new,new
-53.17887496948242,-73.94813537597656,identifier,length
-161.62294006347656,-27.09235382080078,;,;
12.647497177124023,-1.8122806549072266,identifier,raf
-7.617527961730957,-170.66600036621094,.,.
-20.189918518066406,26.676877975463867,identifier,readFully
81.97756958007812,-118.57433319091797,(,(
0.49586042761802673,-33.27726364135742,identifier,data
-50.43787384033203,177.4813995361328,),)
-149.99594116210938,-23.675046920776367,;,;
70.64305114746094,160.2116241455078,return,return
-0.158918097615242,-31.318140029907227,identifier,data
-182.2036895751953,15.402522087097168,;,;
107.33220672607422,118.45553588867188,},}
6.890552043914795,39.9182243347168,identifier,setProperty
112.72989654541016,-44.266197204589844,(,(
-80.66008758544922,45.191741943359375,identifier,String
-50.31501770019531,-37.20499038696289,identifier,name
-97.32014465332031,-99.06059265136719,",",","
-80.58238220214844,41.933692932128906,identifier,String
2.9837982654571533,-41.23681640625,identifier,value
-93.20331573486328,99.29927825927734,),)
180.524658203125,-13.201618194580078,{,{
149.86813354492188,59.38469696044922,if,if
154.54017639160156,-103.9383773803711,(,(
3.0152854919433594,-42.58173751831055,identifier,value
48.73881912231445,100.72261810302734,==,==
-70.04766845703125,127.23648834228516,),)
156.69200134277344,5.150343894958496,{,{
78.82685089111328,153.75791931152344,return,return
-175.0811309814453,4.049450397491455,;,;
68.91695404052734,57.501705169677734,},}
-48.508792877197266,-38.350772857666016,identifier,name
101.15221405029297,-0.5979162454605103,=,=
-28.812843322753906,10.755083084106445,identifier,Introspector
-17.387001037597656,-191.00637817382812,.,.
-30.002012252807617,12.091429710388184,identifier,decapitalize
87.87582397460938,-109.92974090576172,(,(
-51.309505462646484,-37.688480377197266,identifier,name
-39.55961990356445,184.0559844970703,),)
-154.94659423828125,-42.022708892822266,;,;
-49.46894836425781,19.21507453918457,identifier,PropertyDescriptor
-32.34914016723633,-47.52231979370117,identifier,prop
100.34805297851562,2.505847930908203,=,=
-14.444427490234375,27.599748611450195,identifier,getPropertyDescriptor
89.1343994140625,-111.30591583251953,(,(
-51.401039123535156,-37.65571975708008,identifier,name
-40.773738861083984,185.96173095703125,),)
-184.8587646484375,-26.028860092163086,;,;
138.18214416503906,55.87620544433594,if,if
149.72317504882812,-101.15386199951172,(,(
-32.364402770996094,-47.55412292480469,identifier,prop
47.78779602050781,99.32747650146484,==,==
-72.74816131591797,126.93962860107422,),)
166.31838989257812,-4.466007709503174,{,{
0.4032626450061798,13.543313026428223,identifier,addWarn
86.86300659179688,-138.4940643310547,(,(
-18.4739933013916,9.705642700195312,"""","""No such property ["""
15.180020332336426,-77.98348236083984,+,+
-52.13051986694336,-36.203800201416016,identifier,name
10.759204864501953,-83.1764144897461,+,+
-13.934864044189453,7.760591506958008,"""","""] in """
16.809823989868164,-77.55096435546875,+,+
-24.289220809936523,10.678910255432129,identifier,objClass
0.034599706530570984,-177.72560119628906,.,.
-5.640292167663574,39.84516143798828,identifier,getName
63.368385314941406,-66.05013275146484,(,(
-24.199289321899414,137.2559356689453,),)
10.857683181762695,-80.66999053955078,+,+
-12.036380767822266,3.130601167678833,"""","""."""
-41.93501281738281,165.72409057617188,),)
-162.0006866455078,10.802188873291016,;,;
78.24334716796875,55.79239273071289,},}
86.31685638427734,45.56178665161133,else,else
160.83627319335938,-11.717669486999512,{,{
156.7917022705078,-14.585087776184082,{,{
7.71834135055542,39.095821380615234,identifier,setProperty
91.63145446777344,-118.59419250488281,(,(
-32.37078857421875,-47.56474304199219,identifier,prop
-97.19257354736328,-121.6322021484375,",",","
-52.326114654541016,-36.83213424682617,identifier,name
-100.09635162353516,-124.0532455444336,",",","
2.1718666553497314,-43.86603546142578,identifier,value
-46.90480041503906,183.23985290527344,),)
-165.07400512695312,10.188155174255371,;,;
80.927978515625,58.20981979370117,},}
134.64859008789062,-97.9585952758789,(,(
-26.77376365661621,17.52864646911621,identifier,PropertySetterException
-30.838274002075195,-69.83232116699219,identifier,ex
-83.18718719482422,126.94168853759766,),)
157.19949340820312,-3.3757944107055664,{,{
0.41450077295303345,13.467903137207031,identifier,addWarn
87.19623565673828,-138.4320831298828,(,(
-16.05727195739746,7.890269756317139,"""","""Failed to set property ["""
14.607831954956055,-77.64237213134766,+,+
-52.38401412963867,-36.10977554321289,identifier,name
10.22225570678711,-83.22154998779297,+,+
-15.048998832702637,7.708471298217773,"""","""] to value \"""""
14.58926010131836,-78.1003646850586,+,+
2.3839330673217773,-44.61602020263672,identifier,value
9.956377983093262,-82.616943359375,+,+
-13.873174667358398,6.767807483673096,"""","""\"". """
-108.75361633300781,-130.64234924316406,",",","
-31.54616928100586,-68.31309509277344,identifier,ex
-54.85141372680664,177.29627990722656,),)
-170.56495666503906,20.341848373413086,;,;
90.27872467041016,69.19271850585938,},}
87.83113861083984,73.06565856933594,},}
119.07925415039062,113.70901489257812,},}
-26.7154541015625,56.142337799072266,identifier,List
22.496145248413086,76.4263916015625,<,<
-56.64171600341797,20.70475196838379,identifier,Field
46.14680862426758,126.4287338256836,>,>
-13.494532585144043,32.679439544677734,identifier,getFormFields
112.68952941894531,-47.65339279174805,(,(
-47.847938537597656,21.416471481323242,identifier,Form
-38.7994499206543,-9.605921745300293,identifier,formToGetFieldsForParam
-98.75021362304688,-98.90506744384766,",",","
-40.337337493896484,-9.774896621704102,identifier,includeTableFieldsParam
-96.12366485595703,102.38561248779297,),)
179.63174438476562,-13.623199462890625,{,{
148.51002502441406,58.035335540771484,if,if
154.65328979492188,-102.75312042236328,(,(
-38.067665100097656,-9.787674903869629,identifier,formToGetFieldsForParam
53.77425765991211,103.92156219482422,!=,!=
-2.6444296836853027,-158.78907775878906,.,.
-20.532434463500977,21.891010284423828,identifier,serviceTicket
53.656192779541016,103.40711212158203,!=,!=
-71.4501953125,125.18185424804688,),)
165.40853881835938,-4.324434280395508,{,{
-37.71210861206055,-9.795784950256348,identifier,formToGetFieldsForParam
-8.6433687210083,-179.59161376953125,.,.
-20.395042419433594,21.86690330505371,identifier,setServiceTicket
86.29043579101562,-112.90985870361328,(,(
-2.785886764526367,-159.60182189941406,.,.
-20.55511474609375,21.89963150024414,identifier,serviceTicket
-39.85453796386719,180.31385803222656,),)
-159.5444793701172,8.938189506530762,;,;
72.2984619140625,57.532569885253906,},}
155.94058227539062,-17.334300994873047,{,{
-44.912322998046875,14.595026969909668,identifier,FormFieldListing
-27.959508895874023,-19.509851455688477,identifier,formFieldListing
90.68492889404297,5.907378196716309,=,=
195.79559326171875,41.64006805419922,new,new
-44.92176818847656,14.541321754455566,identifier,FormFieldListing
94.85282135009766,-119.38603973388672,(,(
-4.04634952545166,-159.54185485839844,.,.
-18.07988739013672,12.767375946044922,identifier,postJson
93.44789123535156,-117.4277572631836,(,(
-37.78181457519531,-9.824305534362793,identifier,formToGetFieldsForParam
-97.15895080566406,-118.59034729003906,",",","
-20.567583084106445,-3.4758102893829346,identifier,WS
7.49672794342041,-168.08328247070312,.,.
-24.215131759643555,16.20656394958496,identifier,Path
7.4848456382751465,-168.62722778320312,.,.
-25.382848739624023,7.654338359832764,identifier,SQLUtil
7.343293190002441,-168.728271484375,.,.
-21.60271453857422,3.5288403034210205,identifier,Version1
6.943488121032715,-168.82998657226562,.,.
-12.878718376159668,32.63483428955078,identifier,getFormFields
80.82173919677734,-107.99246215820312,(,(
-37.07793045043945,-11.129117012023926,identifier,includeTableFieldsParam
-29.46589469909668,162.8121795654297,),)
-50.0683708190918,158.8275146484375,),)
-57.59918975830078,161.7554168701172,),)
-149.74639892578125,-26.36408805847168,;,;
72.58204650878906,159.0666961669922,return,return
-27.957277297973633,-19.07213592529297,identifier,formFieldListing
-5.969395160675049,-173.94174194335938,.,.
-6.825601577758789,27.864002227783203,identifier,getListing
70.78563690185547,-72.95069122314453,(,(
-13.979255676269531,131.23350524902344,),)
-166.8374786376953,9.57923698425293,;,;
79.65626525878906,57.37770080566406,},}
135.36509704589844,-97.8390121459961,(,(
-47.819000244140625,42.22258758544922,identifier,JSONException
-27.5203800201416,-72.14532470703125,identifier,e
-82.5999526977539,127.00505828857422,),)
154.65809631347656,-1.5930635929107666,{,{
192.089599609375,46.98088836669922,new,new
-28.794713973999023,14.625587463378906,identifier,FluidClientException
94.21309661865234,-121.05107116699219,(,(
-25.20387077331543,-71.37519073486328,identifier,e
1.0902142524719238,-171.6944122314453,.,.
-0.8795579075813293,42.572113037109375,identifier,getMessage
62.518470764160156,-68.54639434814453,(,(
-19.64164161682129,138.57803344726562,),)
-109.18264770507812,-123.22198486328125,",",","
-25.247201919555664,-70.7886962890625,identifier,e
-103.87317657470703,-123.17047882080078,",",","
-28.790454864501953,14.584202766418457,identifier,FluidClientException
9.636185646057129,-168.45179748535156,.,.
-15.604165077209473,9.623396873474121,identifier,ErrorCode
9.789026260375977,-168.71421813964844,.,.
-23.607280731201172,3.9697635173797607,identifier,JSON_PARSING
-49.66481399536133,169.17898559570312,),)
-170.8020477294922,21.700448989868164,;,;
91.75065612792969,71.25311279296875,},}
119.75645446777344,115.3027114868164,},}
-82.79631042480469,46.98951721191406,identifier,String
-35.44606399536133,28.6221923828125,identifier,normalize
115.76726531982422,-47.772911071777344,(,(
-79.27510833740234,44.205665588378906,identifier,String
-43.97105026245117,-9.189581871032715,identifier,publicId
-93.80458068847656,101.96501922607422,),)
177.64906311035156,-21.034198760986328,{,{
-81.526611328125,38.66389465332031,identifier,String
-27.61634635925293,-54.89359664916992,identifier,normal
98.58515167236328,5.327521800994873,=,=
-44.00630187988281,-9.179636001586914,identifier,publicId
-14.787398338317871,-186.2821044921875,.,.
7.804206371307373,10.121127128601074,identifier,replace
81.20133972167969,-131.29063415527344,(,(
-100.12251281738281,-134.97311401367188,",",","
-38.29366683959961,165.56607055664062,),)
-163.7919158935547,-30.94549560546875,;,;
-27.62196922302246,-54.478302001953125,identifier,normal
92.74644470214844,-5.598551273345947,=,=
-26.378507614135742,-53.519039154052734,identifier,normal
-8.407846450805664,-186.6159210205078,.,.
7.796142101287842,10.141443252563477,identifier,replace
81.42008209228516,-131.19912719726562,(,(
-100.13206481933594,-134.9407958984375,",",","
-38.081626892089844,165.70257568359375,),)
-163.97283935546875,-30.556392669677734,;,;
-27.62346076965332,-54.32575607299805,identifier,normal
92.60723876953125,-5.603916645050049,=,=
-26.418983459472656,-53.46263885498047,identifier,normal
-8.368778228759766,-186.60289001464844,.,.
7.794543743133545,10.148271560668945,identifier,replace
81.49629211425781,-131.17153930664062,(,(
-100.13967895507812,-134.92941284179688,",",","
-37.99834060668945,165.75869750976562,),)
-164.04556274414062,-30.415178298950195,;,;
-27.610387802124023,-54.24644470214844,identifier,normal
92.44853973388672,-5.589570999145508,=,=
-26.5190486907959,-53.38311004638672,identifier,normal
-8.294549942016602,-186.7240447998047,.,.
-19.902935028076172,5.646446704864502,identifier,trim
73.78287506103516,-75.47171020507812,(,(
-20.02788543701172,128.30560302734375,),)
-160.00564575195312,-40.255653381347656,;,;
-55.48141860961914,-49.227378845214844,identifier,pos
-180.69973754882812,-31.979736328125,;,;
135.08572387695312,47.8746337890625,while,while
154.10067749023438,-92.35012817382812,(,(
89.50279998779297,-102.05780792236328,(,(
-55.34743881225586,-49.04408645629883,identifier,pos
88.8242416381836,-5.225146293640137,=,=
-26.27467918395996,-53.38577651977539,identifier,normal
4.053410053253174,-180.426513671875,.,.
16.51491928100586,14.742178916931152,identifier,indexOf
76.58346557617188,-131.57752990722656,(,(
-14.085427284240723,4.660380840301514,"""","""  """
-31.14497947692871,157.6908416748047,),)
-51.1298942565918,156.21591186523438,),)
-73.63530731201172,131.28074645996094,),)
163.76429748535156,-8.48362922668457,{,{
-27.638917922973633,-54.25871276855469,identifier,normal
89.17292785644531,-1.269508957862854,=,=
-26.411245346069336,-53.36593246459961,identifier,normal
-7.806139945983887,-188.10470581054688,.,.
19.57399559020996,10.714226722717285,identifier,substring
72.21321868896484,-128.4795379638672,(,(
-100.56747436523438,-130.88063049316406,",",","
-55.14352798461914,-48.67337417602539,identifier,pos
-47.32193374633789,174.329345703125,),)
9.411587715148926,-79.1554946899414,+,+
-26.92375946044922,-53.139949798583984,identifier,normal
-7.2277350425720215,-168.6399688720703,.,.
19.043014526367188,10.341978073120117,identifier,substring
76.8370361328125,-122.3066177368164,(,(
-55.094303131103516,-48.58773422241211,identifier,pos
7.006526470184326,-81.45687103271484,+,+
-45.39961242675781,170.97042846679688,),)
-168.88992309570312,16.974050521850586,;,;
74.42425537109375,64.54364013671875,},}
69.60813903808594,162.92379760742188,return,return
-27.392908096313477,-52.90474319458008,identifier,normal
-180.66583251953125,14.886558532714844,;,;
109.058349609375,116.2195816040039,},}
-29.360614776611328,38.89616012573242,identifier,log
111.99081420898438,-43.62651443481445,(,(
-73.56783294677734,-8.504724502563477,identifier,level
-97.32926940917969,-98.8766098022461,",",","
-81.1146240234375,42.72880935668945,identifier,String
-45.82230758666992,-50.90424346923828,identifier,msg
-93.15972137451172,99.01826477050781,),)
179.79763793945312,-14.251443862915039,{,{
149.9984893798828,58.15022277832031,if,if
156.85400390625,-104.7164077758789,(,(
-21.29944610595703,16.60525894165039,identifier,inDebugMode
-70.81404876708984,122.37649536132812,),)
167.68919372558594,-2.2638416290283203,{,{
30.783143997192383,21.09761619567871,identifier,logger
-18.411447525024414,-169.41403198242188,.,.
16.166467666625977,34.61237716674805,identifier,info
80.46406555175781,-115.0849838256836,(,(
-46.10969161987305,-51.44795608520508,identifier,msg
-43.527687072753906,187.41673278808594,),)
-160.91058349609375,7.0940399169921875,;,;
71.89094543457031,56.783565521240234,},}
147.63177490234375,-105.79090118408203,(,(
-73.7374038696289,-8.530632972717285,identifier,level
-77.29777526855469,119.80294799804688,),)
171.71290588378906,-3.52827787399292,{,{
-25.906877517700195,-9.31782341003418,identifier,LogChute
17.25008201599121,-173.79043579101562,.,.
-10.11364459991455,4.323415756225586,identifier,DEBUG_ID
30.590866088867188,20.063858032226562,identifier,logger
-5.3443922996521,-177.14292907714844,.,.
21.1569881439209,32.64174270629883,identifier,debug
80.39984130859375,-115.51380920410156,(,(
-46.23686981201172,-51.69446563720703,identifier,msg
-44.58829116821289,187.01412963867188,),)
-155.04844665527344,-21.922969818115234,;,;
-167.93601989746094,-19.1165714263916,;,;
-26.06378936767578,-9.58131217956543,identifier,LogChute
17.157115936279297,-173.31478881835938,.,.
-9.967175483703613,4.417239665985107,identifier,ERROR_ID
30.56243324279785,19.867061614990234,identifier,logger
-5.411901473999023,-176.93133544921875,.,.
14.327478408813477,28.36290740966797,identifier,error
80.4300308227539,-115.98314666748047,(,(
-46.30401611328125,-51.828121185302734,identifier,msg
-45.045448303222656,186.79396057128906,),)
-154.9372100830078,-22.040761947631836,;,;
-167.902587890625,-19.14619255065918,;,;
-26.13286590576172,-9.679587364196777,identifier,LogChute
17.007787704467773,-173.06967163085938,.,.
-9.73591136932373,4.520336151123047,identifier,INFO_ID
30.559368133544922,19.746158599853516,identifier,logger
-5.461337566375732,-176.7342987060547,.,.
16.06215476989746,34.662841796875,identifier,info
80.38633728027344,-116.22782897949219,(,(
-46.36016082763672,-51.94178009033203,identifier,msg
-45.409210205078125,186.621337890625,),)
-154.8780059814453,-22.090993881225586,;,;
-167.87933349609375,-19.15877914428711,;,;
-26.176111221313477,-9.748237609863281,identifier,LogChute
16.940658569335938,-172.81544494628906,.,.
-9.326879501342773,4.544088363647461,identifier,TRACE_ID
30.56055450439453,19.650272369384766,identifier,logger
-5.5506591796875,-176.47244262695312,.,.
-27.554302215576172,39.45650100708008,identifier,trace
80.31877899169922,-116.64884948730469,(,(
-46.41281509399414,-52.04534149169922,identifier,msg
-45.78234100341797,186.5206756591797,),)
-154.77252197265625,-22.141841888427734,;,;
-167.8373260498047,-19.166444778442383,;,;
-26.221858978271484,-9.861913681030273,identifier,LogChute
16.93019676208496,-172.50123596191406,.,.
-9.385191917419434,4.827171802520752,identifier,WARN_ID
30.542722702026367,19.48515510559082,identifier,logger
-7.947788715362549,-171.7288360595703,.,.
0.09146546572446823,12.485832214355469,identifier,warn
80.30085754394531,-117.51041412353516,(,(
-46.474456787109375,-52.18296432495117,identifier,msg
-50.97119140625,179.2677001953125,),)
-151.00250244140625,-22.48079490661621,;,;
-177.86692810058594,11.173014640808105,;,;
91.71273803710938,72.4612808227539,},}
120.57299041748047,113.39662170410156,},}
-12.830927848815918,53.9686164855957,identifier,Optional
22.835805892944336,75.91309356689453,<,<
-46.924827575683594,16.79796600341797,identifier,CommandResource
46.6795539855957,126.7172622680664,>,>
-30.211668014526367,34.65799331665039,identifier,createCommandResource
112.00238800048828,-47.56279373168945,(,(
-27.373437881469727,10.941165924072266,identifier,Identification
-47.15156555175781,-0.3753773868083954,identifier,provider
-95.71473693847656,-99.06745910644531,",",","
-81.63949584960938,43.27470397949219,identifier,String
-60.924888610839844,-15.334261894226074,identifier,command
-95.9772720336914,-101.03643798828125,",",","
-65.23506927490234,6.507732391357422,identifier,Capabilities
-65.350341796875,6.236467361450195,identifier,capabilities
-99.41210174560547,-101.12777709960938,",",","
-39.108917236328125,19.57508087158203,identifier,Context
-7.325924873352051,-11.488351821899414,identifier,context
-96.51335906982422,98.58204650878906,),)
175.11399841308594,-20.620223999023438,{,{
-46.71018981933594,16.837810516357422,identifier,CommandResource
-28.64620590209961,-26.77886962890625,identifier,commandResource
91.33014678955078,7.580893516540527,=,=
196.25082397460938,41.14649200439453,new,new
-46.78882598876953,16.805971145629883,identifier,CommandResource
92.98423767089844,-112.84083557128906,(,(
-47.15163803100586,-0.37437891960144043,identifier,provider
-95.5570297241211,-122.00538635253906,",",","
-60.91889572143555,-15.51170825958252,identifier,command
-95.57415008544922,-123.71908569335938,",",","
-65.40990447998047,6.11405611038208,identifier,capabilities
-36.93550491333008,183.9641876220703,),)
-186.17770385742188,-25.96848487854004,;,;
139.34544372558594,54.484161376953125,if,if
156.6806182861328,-96.1274185180664,(,(
-11.216727256774902,12.989721298217773,identifier,verifyCommand
82.1600341796875,-110.64695739746094,(,(
-60.91032028198242,-15.693840026855469,identifier,command
-26.972761154174805,161.84243774414062,),)
-77.04462432861328,137.9222869873047,),)
166.0537109375,-3.1793105602264404,{,{
-8.610342979431152,-12.220610618591309,identifier,context
-14.995397567749023,-168.68675231933594,.,.
25.55936622619629,20.213302612304688,identifier,getLogger
77.80878448486328,-74.52152252197266,(,(
-26.059598922729492,134.23403930664062,),)
-20.886531829833984,-155.81170654296875,.,.
14.500033378601074,28.90996551513672,identifier,error
83.84103393554688,-137.29974365234375,(,(
-18.266775131225586,6.380007266998291,"""","""IllegalCommand!"""
-43.220863342285156,163.42344665527344,),)
-153.64952087402344,-25.24163055419922,;,;
75.22957611083984,158.92645263671875,return,return
-12.251836776733398,53.82036209106445,identifier,Optional
-3.670154094696045,-167.5028076171875,.,.
-5.877429008483887,4.715972423553467,identifier,empty
70.22819519042969,-75.7562484741211,(,(
-13.622703552246094,130.33407592773438,),)
-165.75799560546875,9.086007118225098,;,;
75.96424865722656,53.76839828491211,},}
130.40838623046875,59.57420349121094,if,if
152.33169555664062,-94.83609008789062,(,(
-11.208993911743164,12.994065284729004,identifier,verifyCapabilities
88.17748260498047,-115.42688751220703,(,(
-60.911067962646484,-15.674982070922852,identifier,command
-97.2436294555664,-125.80023193359375,",",","
-65.46701049804688,5.985161304473877,identifier,capabilities
-27.963115692138672,161.9897003173828,),)
-79.00038146972656,135.9255828857422,),)
161.2730712890625,-4.500819206237793,{,{
-8.581844329833984,-12.297286033630371,identifier,context
-13.354787826538086,-167.725341796875,.,.
25.558609008789062,20.2111759185791,identifier,getLogger
77.75437927246094,-74.53759002685547,(,(
-25.063060760498047,134.00282287597656,),)
-20.51782989501953,-156.4610137939453,.,.
14.476015090942383,28.92707061767578,identifier,error
83.93128204345703,-137.34222412109375,(,(
-16.808317184448242,7.454705238342285,"""","""Player is not able to handle Command!"""
-44.17582702636719,163.29718017578125,),)
-153.02316284179688,-24.832414627075195,;,;
75.03016662597656,159.14715576171875,return,return
-12.17613697052002,53.80191421508789,identifier,Optional
-3.642948865890503,-167.5647430419922,.,.
-5.915624618530273,4.681650638580322,identifier,empty
69.78187561035156,-75.75947570800781,(,(
-14.268009185791016,133.04246520996094,),)
-168.4029998779297,13.930281639099121,;,;
73.87722778320312,63.304630279541016,},}
72.32723999023438,164.1566162109375,return,return
-12.15777587890625,53.797691345214844,identifier,Optional
-2.9238438606262207,-167.9202880859375,.,.
-23.732398986816406,35.998313903808594,identifier,of
79.82377624511719,-121.17717742919922,(,(
-30.096460342407227,-11.722132682800293,identifier,commandResource
-52.85315704345703,180.9902801513672,),)
-175.01361083984375,22.506486892700195,;,;
109.52543640136719,119.06626892089844,},}
69.04206848144531,45.601524353027344,identifier,Override
-44.13700485229492,35.79651641845703,identifier,Authentication
-43.17346954345703,36.61370086669922,identifier,authenticate
115.91439056396484,-49.57217788696289,(,(
-44.224029541015625,35.81023406982422,identifier,Authentication
-44.84474563598633,37.179168701171875,identifier,authentication
-95.01226806640625,106.93328857421875,),)
-43.48454666137695,41.46036911010742,identifier,AuthenticationException
182.71275329589844,-21.221052169799805,{,{
-36.775997161865234,18.694061279296875,identifier,BearerTokenAuthenticationToken
-41.39986038208008,1.8292508125305176,identifier,bearer
94.41658782958984,9.50541877746582,=,=
93.72962951660156,-102.10822296142578,(,(
-36.78490447998047,18.628995895385742,identifier,BearerTokenAuthenticationToken
-47.543827056884766,144.45407104492188,),)
-45.369998931884766,37.48048782348633,identifier,authentication
-158.32594299316406,-44.509944915771484,;,;
-28.446197509765625,21.91048812866211,identifier,Jwt
-28.561233520507812,23.05589485168457,identifier,jwt
-179.671630859375,-31.709095001220703,;,;
155.92694091796875,-16.452495574951172,{,{
-28.60943603515625,23.122800827026367,identifier,jwt
92.7384033203125,3.6941089630126953,=,=
-4.31222677230835,-158.79296875,.,.
-27.018394470214844,23.654640197753906,identifier,jwtDecoder
-15.886754989624023,-183.79627990722656,.,.
-26.683414459228516,24.447200775146484,identifier,decode
92.62972259521484,-123.79887390136719,(,(
-41.36946487426758,1.7893614768981934,identifier,bearer
2.2791075706481934,-178.4298095703125,.,.
-3.712926149368286,35.31636428833008,identifier,getToken
62.112548828125,-65.10265350341797,(,(
-19.9554443359375,149.1794891357422,),)
-54.79836654663086,159.0563507080078,),)
-162.05911254882812,9.08679485321045,;,;
80.74716186523438,56.258750915527344,},}
135.91392517089844,-98.02825164794922,(,(
-27.36505699157715,17.985641479492188,identifier,JwtException
-43.73271942138672,3.747525215148926,identifier,failed
-81.92721557617188,125.07276153564453,),)
159.47584533691406,-6.241816520690918,{,{
-30.79973030090332,17.28580093383789,identifier,OAuth2Error
-3.907637596130371,-13.298665046691895,identifier,invalidToken
92.18991088867188,0.5640884637832642,=,=
-3.8688623905181885,-13.107879638671875,identifier,invalidToken
92.63567352294922,-121.04744720458984,(,(
-43.733184814453125,3.743440628051758,identifier,failed
2.4873239994049072,-179.1942901611328,.,.
-0.9307413697242737,42.51375961303711,identifier,getMessage
63.048274993896484,-67.92273712158203,(,(
-19.92967414855957,147.5938720703125,),)
-55.00019836425781,158.19790649414062,),)
-152.9915313720703,-26.226886749267578,;,;
192.28424072265625,46.081058502197266,new,new
-30.46720314025879,17.44346046447754,identifier,OAuth2AuthenticationException
94.21214294433594,-120.76277923583984,(,(
-3.8721725940704346,-13.117138862609863,identifier,invalidToken
-96.58488464355469,-119.87669372558594,",",","
-3.869257688522339,-13.084734916687012,identifier,invalidToken
1.2891209125518799,-178.25881958007812,.,.
-4.23334264755249,40.657371520996094,identifier,getDescription
63.10536575317383,-67.93058013916016,(,(
-19.902637481689453,137.6531524658203,),)
-109.01424407958984,-124.32696533203125,",",","
-43.74510955810547,3.7700228691101074,identifier,failed
-49.81113052368164,183.81924438476562,),)
-160.84622192382812,13.15603256225586,;,;
67.72256469726562,61.22246551513672,},}
-35.64080810546875,18.187217712402344,identifier,AbstractAuthenticationToken
-4.041197299957275,-15.219782829284668,identifier,token
99.0656509399414,-3.1454246044158936,=,=
-4.993061065673828,-159.70327758789062,.,.
-27.02937889099121,23.48382568359375,identifier,jwtAuthenticationConverter
-16.791728973388672,-184.4565887451172,.,.
-26.9896240234375,30.15252685546875,identifier,convert
82.78553771972656,-119.76145935058594,(,(
-28.643693923950195,23.237682342529297,identifier,jwt
-42.19012451171875,184.0050506591797,),)
-161.10447692871094,-28.654787063598633,;,;
-4.037158966064453,-15.253257751464844,identifier,token
-16.02005958557129,-173.85427856445312,.,.
-7.84835147857666,15.463809967041016,identifier,setDetails
87.5062255859375,-120.9870834350586,(,(
-41.365562438964844,1.7712676525115967,identifier,bearer
0.3960830271244049,-175.74557495117188,.,.
-5.784091949462891,26.013572692871094,identifier,getDetails
65.31487274169922,-71.32261657714844,(,(
-16.362688064575195,144.7729949951172,),)
-54.45629119873047,163.14352416992188,),)
-149.4453125,-23.874048233032227,;,;
70.27249145507812,160.33982849121094,return,return
-4.030073165893555,-15.437821388244629,identifier,token
-181.72994995117188,15.72470474243164,;,;
108.10585021972656,119.01119232177734,},}
-32.23632049560547,38.045204162597656,identifier,configure
85.56829071044922,-59.39798355102539,(,(
-29.96824836730957,121.5091781616211,),)
178.26092529296875,-20.262372970581055,{,{
4.315816402435303,-7.334057807922363,identifier,elapsed
95.08528137207031,6.735483646392822,=,=
28.493167877197266,-1.380919337272644,identifier,System
-20.985017776489258,-185.60797119140625,.,.
-21.48084259033203,29.090070724487305,identifier,currentTimeMillis
75.17259979248047,-61.283668518066406,(,(
-17.829063415527344,123.44136047363281,),)
-162.65908813476562,-37.29810333251953,;,;
-49.42835998535156,9.38780689239502,identifier,ClassScanner
-47.10606384277344,-12.368165969848633,identifier,classScanner
90.83948516845703,6.966526985168457,=,=
196.83888244628906,41.813133239746094,new,new
-49.4344367980957,9.357069969177246,identifier,ClassScanner
77.58377838134766,-62.25790023803711,(,(
-18.046297073364258,123.68596649169922,),)
-161.0211181640625,-34.206932067871094,;,;
-47.373905181884766,-11.709776878356934,identifier,classScanner
-16.850879669189453,-178.7301483154297,.,.
-19.332727432250977,16.835899353027344,identifier,detectEntriesMode
71.98848724365234,-125.48209381103516,(,(
-40.3919563293457,169.3018798828125,),)
-159.76625061035156,-33.47795104980469,;,;
-47.44868469238281,-11.653192520141602,identifier,classScanner
-16.747787475585938,-178.57473754882812,.,.
-19.57564353942871,16.542022705078125,identifier,scanDefaultClasspath
73.72884368896484,-64.81900024414062,(,(
-19.401376724243164,126.17085266113281,),)
-159.5171356201172,-33.397159576416016,;,;
-47.230167388916016,-11.295536041259766,identifier,classScannerConsumers
-14.459481239318848,-180.11044311523438,.,.
20.7189884185791,2.792004108428955,identifier,accept
84.536865234375,-113.83312225341797,(,(
-48.1302375793457,-12.009209632873535,identifier,classScanner
-40.87902069091797,182.30960083007812,),)
-158.5624237060547,-32.76654052734375,;,;
-16.67329216003418,20.628765106201172,identifier,registerAsConsumer
85.68387603759766,-114.15802001953125,(,(
-48.15455627441406,-12.005561828613281,identifier,classScanner
-40.878822326660156,182.2868194580078,),)
-178.3305206298828,-26.403467178344727,;,;
156.19259643554688,-14.41175651550293,{,{
-47.810630798339844,-11.680241584777832,identifier,classScanner
-8.930719375610352,-176.6124267578125,.,.
-1.202991008758545,7.61505651473999,identifier,start
71.58497619628906,-75.9479751586914,(,(
-14.552340507507324,130.5778045654297,),)
-165.75814819335938,9.437623977661133,;,;
80.9392318725586,56.605384826660156,},}
135.43772888183594,-98.64833068847656,(,(
-48.97121047973633,50.82706832885742,identifier,Exception
-30.792875289916992,-69.89905548095703,identifier,ex
-82.40003967285156,126.3881607055664,),)
154.7102813720703,-1.6107817888259888,{,{
192.23431396484375,46.53887176513672,new,new
-28.795501708984375,16.42689323425293,identifier,PetiteException
87.13228607177734,-135.47689819335938,(,(
-18.419431686401367,7.622276306152344,"""","""Scan classpath error"""
-107.29853057861328,-130.9615936279297,",",","
-31.511699676513672,-68.37600708007812,identifier,ex
-49.973731994628906,183.35989379882812,),)
-161.4054718017578,12.959480285644531,;,;
68.09654998779297,63.22214889526367,},}
4.285082817077637,-7.339694499969482,identifier,elapsed
100.59590148925781,-3.21602725982666,=,=
28.788984298706055,-1.8103408813476562,identifier,System
-19.642759323120117,-185.61033630371094,.,.
-21.474830627441406,29.120954513549805,identifier,currentTimeMillis
72.0409927368164,-70.05094909667969,(,(
-23.235082626342773,133.40765380859375,),)
4.13524055480957,-7.363284587860107,identifier,elapsed
-163.6708984375,-23.994340896606445,;,;
28.28342056274414,26.159526824951172,identifier,log
-16.542865753173828,-166.0962371826172,.,.
16.339181900024414,34.50794982910156,identifier,info
85.99274444580078,-139.10426330566406,(,(
-17.511844635009766,9.079111099243164,"""","""Petite configured in """
15.884079933166504,-77.58814239501953,+,+
4.0897369384765625,-7.373717784881592,identifier,elapsed
10.301643371582031,-82.01758575439453,+,+
-16.92885971069336,9.783476829528809,"""",""" ms. Total beans: """
17.137956619262695,-77.34131622314453,+,+
-19.534473419189453,12.885055541992188,identifier,container
-1.1164745092391968,-175.5986785888672,.,.
-16.555065155029297,10.214296340942383,identifier,beansCount
64.09246826171875,-72.359130859375,(,(
-15.870275497436523,144.4827880859375,),)
-54.5607795715332,165.06204223632812,),)
-173.7305450439453,23.207550048828125,;,;
108.5679931640625,121.01599884033203,},}
-82.34217071533203,46.83251953125,identifier,String
-36.016483306884766,32.157344818115234,identifier,labelName
110.15650177001953,-45.200260162353516,(,(
-57.057926177978516,-10.561820030212402,identifier,typeId
-92.35514068603516,99.60409545898438,),)
178.92828369140625,-15.591070175170898,{,{
147.68603515625,-105.82707214355469,(,(
-57.05541229248047,-10.572949409484863,identifier,typeId
-77.33116149902344,119.61421203613281,),)
171.69857788085938,-3.4944539070129395,{,{
-29.322824478149414,-6.344458103179932,identifier,PublisherLimit
16.428424835205078,-175.03750610351562,.,.
-27.13300895690918,3.061021566390991,identifier,PUBLISHER_LIMIT_TYPE_ID
78.38601684570312,161.33152770996094,return,return
-29.362462997436523,-6.417108058929443,identifier,PublisherLimit
14.59567928314209,-176.932861328125,.,.
18.997819900512695,-3.6193599700927734,identifier,NAME
-168.7891845703125,-23.797592163085938,;,;
-30.503503799438477,-9.127118110656738,identifier,SenderPos
15.320329666137695,-174.79347229003906,.,.
-26.807729721069336,2.729381799697876,identifier,SENDER_POSITION_TYPE_ID
78.0943603515625,161.3885498046875,return,return
-30.512767791748047,-8.966439247131348,identifier,SenderPos
14.364022254943848,-176.88809204101562,.,.
19.089048385620117,-3.664047956466675,identifier,NAME
-168.66595458984375,-23.729215621948242,;,;
-27.711721420288086,-4.828980445861816,identifier,ReceiverHwm
15.373679161071777,-174.914794921875,.,.
-26.534696578979492,2.882906198501587,identifier,RECEIVER_HWM_TYPE_ID
77.80741119384766,161.4989013671875,return,return
-27.7231388092041,-4.8361430168151855,identifier,ReceiverHwm
14.165369033813477,-177.35757446289062,.,.
19.297327041625977,-3.7642929553985596,identifier,NAME
-168.34800720214844,-23.564254760742188,;,;
-30.91306495666504,-7.926968574523926,identifier,SubscriberPos
14.908172607421875,-174.30006408691406,.,.
-26.208251953125,2.3187801837921143,identifier,SUBSCRIBER_POSITION_TYPE_ID
77.61278533935547,161.5040283203125,return,return
-30.87248420715332,-7.930054187774658,identifier,SubscriberPos
13.875,-176.8729248046875,.,.
19.36087417602539,-3.795067548751831,identifier,NAME
-168.20346069335938,-23.47307014465332,;,;
-30.49429702758789,-8.370704650878906,identifier,ReceiverPos
14.88875961303711,-174.0884552001953,.,.
-26.12613868713379,2.184248447418213,identifier,RECEIVER_POS_TYPE_ID
77.41922760009766,161.5922393798828,return,return
-30.48920249938965,-8.398406028747559,identifier,ReceiverPos
13.731266975402832,-176.87164306640625,.,.
19.446292877197266,-3.830979108810425,identifier,NAME
-168.0613555908203,-23.403160095214844,;,;
-29.05780792236328,-8.612196922302246,identifier,SenderLimit
14.960371971130371,-173.9012451171875,.,.
-25.963598251342773,1.7704750299453735,identifier,SENDER_LIMIT_TYPE_ID
77.2605209350586,161.65953063964844,return,return
-29.086383819580078,-8.584931373596191,identifier,SenderLimit
13.602932929992676,-176.87496948242188,.,.
19.55992317199707,-3.8816304206848145,identifier,NAME
-167.9061279296875,-23.324569702148438,;,;
-30.74025535583496,-7.401274681091309,identifier,PublisherPos
14.917594909667969,-173.7965087890625,.,.
-25.939590454101562,1.753650426864624,identifier,PUBLISHER_POS_TYPE_ID
77.06216430664062,161.69349670410156,return,return
-30.68222999572754,-7.3994622230529785,identifier,PublisherPos
13.465192794799805,-176.96214294433594,.,.
19.641780853271484,-3.9124627113342285,identifier,NAME
-167.70225524902344,-23.245525360107422,;,;
-28.63835906982422,-9.854473114013672,identifier,SenderBpe
15.240066528320312,-173.40106201171875,.,.
-25.75970458984375,1.581286907196045,identifier,SENDER_BPE_TYPE_ID
76.76454162597656,161.74095153808594,return,return
-28.613000869750977,-9.908668518066406,identifier,SenderBpe
13.117264747619629,-177.39845275878906,.,.
19.920503616333008,-4.022679328918457,identifier,NAME
-167.08187866210938,-23.01541519165039,;,;
75.25272369384766,161.18309020996094,return,return
-16.54855728149414,5.674991130828857,"""","""<unknown>"""
-176.5838623046875,15.937417030334473,;,;
92.86009979248047,72.29788208007812,},}
121.19232940673828,113.79161834716797,},}
-37.40896224975586,32.630279541015625,identifier,isDriverActive
109.33560943603516,-47.55339050292969,(,(
-62.084346771240234,30.064594268798828,identifier,File
-68.01166534423828,2.4522602558135986,identifier,directory
-99.50994110107422,-97.18185424804688,",",","
-59.735233306884766,-3.7612552642822266,identifier,driverTimeoutMs
-100.49754333496094,-100.04820251464844,",",","
-23.346513748168945,21.043302536010742,identifier,Consumer
22.963781356811523,79.31398010253906,<,<
-85.08067321777344,43.637428283691406,identifier,String
44.4860954284668,126.13054656982422,>,>
31.713022232055664,21.50179672241211,identifier,logger
-96.48371124267578,100.54374694824219,),)
177.56942749023438,-18.13792610168457,{,{
-62.0691032409668,30.052322387695312,identifier,File
-27.880952835083008,-30.02962875366211,identifier,cncFile
91.31012725830078,7.6353912353515625,=,=
196.9149169921875,40.45225143432617,new,new
-62.0433349609375,30.045984268188477,identifier,File
93.07832336425781,-112.64701080322266,(,(
-68.0123291015625,2.4538679122924805,identifier,directory
-93.95629119873047,-122.50507354736328,",",","
-32.74095916748047,12.24057674407959,identifier,CncFileDescriptor
10.850772857666016,-172.1947021484375,.,.
-28.17567253112793,3.1865994930267334,identifier,CNC_FILE
-38.27237319946289,177.23939514160156,),)
-186.91920471191406,-25.073450088500977,;,;
138.0968475341797,53.72468185424805,if,if
153.29881286621094,-100.45555877685547,(,(
-29.45345687866211,-30.286252975463867,identifier,cncFile
5.238412857055664,-187.5537109375,.,.
-24.077680587768555,18.231639862060547,identifier,exists
68.31919860839844,-59.72509765625,(,(
-26.028717041015625,143.6607208251953,),)
-29.455459594726562,-30.32927894592285,identifier,cncFile
5.7475056648254395,-187.29165649414062,.,.
-50.51436233520508,-72.81470489501953,identifier,length
65.15521240234375,-60.40105056762695,(,(
-28.514610290527344,141.39256286621094,),)
45.460426330566406,115.84811401367188,>,>
-70.56573486328125,129.71624755859375,),)
167.11758422851562,-4.2797770500183105,{,{
30.507585525512695,21.40360450744629,identifier,logger
-16.896800994873047,-168.1189727783203,.,.
20.703588485717773,2.804901599884033,identifier,accept
85.34249114990234,-138.4473876953125,(,(
-21.05339813232422,9.039632797241211,"""","""INFO: Aeron CnC file exists: """
16.23764419555664,-76.1460189819336,+,+
-29.426170349121094,-30.52739715576172,identifier,cncFile
-38.91371536254883,179.73390197753906,),)
-160.78750610351562,-37.39375305175781,;,;
-64.76746368408203,26.146963119506836,identifier,MappedByteBuffer
-27.983722686767578,-30.199420928955078,identifier,cncByteBuffer
97.43541717529297,-0.4319247603416443,=,=
-30.70657730102539,7.536667823791504,identifier,IoUtil
-17.925752639770508,-187.712646484375,.,.
-14.801974296569824,17.939077377319336,identifier,mapExistingFile
91.12451171875,-115.67588806152344,(,(
-29.43501091003418,-30.54412841796875,identifier,cncFile
-91.76061248779297,-127.65707397460938,",",","
-18.36243438720703,4.276810169219971,"""","""CnC file"""
-40.59096908569336,163.24961853027344,),)
-178.45828247070312,-26.28193473815918,;,;
155.47618103027344,-13.596700668334961,{,{
73.20338439941406,155.01071166992188,return,return
-15.671746253967285,14.873224258422852,identifier,isDriverActive
89.4044189453125,-117.48466491699219,(,(
-59.64380645751953,-3.9346683025360107,identifier,driverTimeoutMs
-98.94683074951172,-122.60574340820312,",",","
31.35386085510254,20.302968978881836,identifier,logger
-99.41326141357422,-125.00857543945312,",",","
-28.656085968017578,-31.1741943359375,identifier,cncByteBuffer
-45.70820617675781,179.36474609375,),)
-165.71334838867188,12.412793159484863,;,;
79.677978515625,57.81386184692383,},}
155.6636962890625,-8.917237281799316,{,{
-30.818456649780273,7.456728458404541,identifier,IoUtil
-7.925806522369385,-173.2247772216797,.,.
-13.117048263549805,14.81607723236084,identifier,unmap
81.5601577758789,-119.90177154541016,(,(
-28.628067016601562,-31.271556854248047,identifier,cncByteBuffer
-48.834957122802734,177.1190643310547,),)
-168.27899169921875,17.6208553314209,;,;
89.59494018554688,66.8634262084961,},}
77.30008697509766,65.33409881591797,},}
70.41634368896484,165.5328826904297,return,return
-178.07823181152344,15.681023597717285,;,;
110.64521026611328,117.84107971191406,},}
-35.863304138183594,34.7095832824707,identifier,setByte
112.54830169677734,-44.551025390625,(,(
-62.62303161621094,-45.002933502197266,identifier,index
-97.28455352783203,-98.92620086669922,",",","
3.0252296924591064,-41.17250061035156,identifier,value
-93.96598815917969,100.20635986328125,),)
174.81558227539062,-18.848648071289062,{,{
14.885464668273926,43.939388275146484,identifier,checkArgument
94.40200805664062,-129.44203186035156,(,(
-63.32197952270508,-43.877410888671875,identifier,index
26.77529525756836,85.0594253540039,<,<
-39.30012893676758,-5.24343204498291,identifier,bytesUsed
-90.03695678710938,-126.99574279785156,",",","
-19.487077713012695,9.49657154083252,"""","""Index: """
16.557533264160156,-78.0990219116211,+,+
-64.64131927490234,-43.78071594238281,identifier,index
10.800947189331055,-82.09547424316406,+,+
-19.7833251953125,8.903562545776367,"""",""" is >= the current size of: """
17.135225296020508,-76.5299072265625,+,+
-39.30769348144531,-5.251264572143555,identifier,bytesUsed
-37.57755661010742,178.75289916992188,),)
-159.6235809326172,-42.69450759887695,;,;
-20.705055236816406,-30.3459529876709,identifier,seen
81.88860321044922,4.774150371551514,=,=
-183.63095092773438,-32.92060470581055,;,;
130.2362060546875,45.16752624511719,for,for
139.2660675048828,-87.66014862060547,(,(
-67.86421203613281,-54.13102722167969,identifier,i
80.19807434082031,1.9288417100906372,=,=
-170.9736328125,-38.26372146606445,;,;
-70.40559387207031,-55.89794158935547,identifier,i
25.985868453979492,87.1900863647461,<,<
-29.94443702697754,-4.20245361328125,identifier,slabs
7.982444763183594,-187.7430877685547,.,.
-49.46428298950195,-67.31910705566406,identifier,size
65.54931640625,-61.75856018066406,(,(
-21.118465423583984,130.32293701171875,),)
-169.37875366210938,-35.84888458251953,;,;
-72.27787780761719,-54.63705062866211,identifier,i
-83.49482727050781,134.6854248046875,),)
169.07945251464844,-8.6311674118042,{,{
-64.77888488769531,26.152498245239258,identifier,ByteBuffer
-14.826128005981445,-25.704315185546875,identifier,slab
94.94403839111328,2.3982436656951904,=,=
-29.958179473876953,-4.223857879638672,identifier,slabs
-11.00097370147705,-187.65228271484375,.,.
4.457577705383301,28.38617706298828,identifier,get
73.11378479003906,-115.52369689941406,(,(
-71.49024963378906,-59.10429000854492,identifier,i
-41.41550827026367,188.09527587890625,),)
-182.1944580078125,-24.481277465820312,;,;
139.1529541015625,58.790592193603516,if,if
149.23190307617188,-94.20887756347656,(,(
-63.418914794921875,-43.36965560913086,identifier,index
26.688114166259766,85.56997680664062,<,<
-20.512964248657227,-30.279857635498047,identifier,seen
8.543987274169922,-78.35128784179688,+,+
-14.593060493469238,-25.50800323486328,identifier,slab
7.744894981384277,-188.23513793945312,.,.
-5.569888591766357,0.5909797549247742,identifier,limit
64.5615463256836,-62.47903823852539,(,(
-22.0682373046875,144.92276000976562,),)
-77.34893798828125,135.61724853515625,),)
161.91390991210938,-1.8976150751113892,{,{
-14.567093849182129,-25.489723205566406,identifier,slab
-12.27868938446045,-170.08839416503906,.,.
8.932218551635742,20.6314754486084,identifier,put
81.48790740966797,-125.47111511230469,(,(
90.4839859008789,-100.54596710205078,(,(
-44.55487060546875,142.62733459472656,),)
83.00969696044922,-106.9142837524414,(,(
-63.65594482421875,-42.84206771850586,identifier,index
-20.477205276489258,-30.2681827545166,identifier,seen
-29.16598129272461,167.17483520507812,),)
-109.0792007446289,-125.07933044433594,",",","
2.0880327224731445,-43.68724822998047,identifier,value
-49.495521545410156,181.96075439453125,),)
-153.62750244140625,-23.553659439086914,;,;
-176.3136444091797,9.280611991882324,;,;
71.59803771972656,62.051795959472656,},}
-20.55531883239746,-30.281530380249023,identifier,seen
-14.52670669555664,-25.44925308227539,identifier,slab
-6.852100849151611,-172.05516052246094,.,.
-5.563729763031006,0.596500039100647,identifier,limit
66.8379898071289,-76.06402587890625,(,(
-13.110294342041016,134.98158264160156,),)
-173.41043090820312,19.56841278076172,;,;
90.46167755126953,72.06822204589844,},}
118.88573455810547,114.42433166503906,},}
-33.78715896606445,36.93145751953125,identifier,open
85.54911804199219,-59.05095291137695,(,(
-29.089473724365234,120.6902847290039,),)
-42.82884979248047,48.8851318359375,identifier,IOException
182.34266662597656,-18.72406768798828,{,{
100.47084045410156,-112.22296142578125,(,(
-0.4692234694957733,2.7073066234588623,identifier,lockObject
-91.39160919189453,103.86116790771484,),)
166.30271911621094,-9.842653274536133,{,{
-23.244327545166016,14.008491516113281,identifier,lastAccessTime
94.97393798828125,6.616977691650391,=,=
28.47096061706543,-1.387215256690979,identifier,System
-20.98675537109375,-185.62339782714844,.,.
-21.492353439331055,28.99020767211914,identifier,nanoTime
74.9167251586914,-60.99435806274414,(,(
-17.984764099121094,123.19337463378906,),)
-162.49722290039062,-34.64540100097656,;,;
-17.413150787353516,15.846423149108887,identifier,initFile
77.02153015136719,-64.01876068115234,(,(
-17.634517669677734,124.10814666748047,),)
-158.94618225097656,-41.37507629394531,;,;
-35.16334915161133,-29.151811599731445,identifier,pagesCount
98.18788146972656,0.44652116298675537,=,=
-23.13987159729004,-11.100584983825684,identifier,segChannel
-14.778372764587402,-187.9598388671875,.,.
-48.87916564941406,-67.17884063720703,identifier,size
66.85725402832031,-60.302337646484375,(,(
-29.962181091308594,134.959228515625,),)
-31.69536781311035,0.12135308235883713,identifier,OWALPage
12.705772399902344,-173.83944702148438,.,.
-29.656089782714844,1.8424018621444702,identifier,PAGE_SIZE
-182.9486083984375,-29.404804229736328,;,;
137.75152587890625,53.38132858276367,if,if
153.144287109375,-99.95054626464844,(,(
-23.13087272644043,-11.112754821777344,identifier,segChannel
5.780380725860596,-186.41714477539062,.,.
-49.23111343383789,-67.9599838256836,identifier,size
66.4395751953125,-60.891571044921875,(,(
-28.18806266784668,140.1069793701172,),)
-31.735286712646484,0.0841052457690239,identifier,OWALPage
12.580549240112305,-173.52818298339844,.,.
-29.682310104370117,1.7376554012298584,identifier,PAGE_SIZE
45.568763732910156,115.92108154296875,>,>
-70.2481918334961,129.88461303710938,),)
167.93008422851562,-4.679055690765381,{,{
-7.670600414276123,6.9982590675354,identifier,OLogManager
-7.339780807495117,-180.94076538085938,.,.
-4.222439289093018,9.058263778686523,identifier,instance
75.68919372558594,-73.52644348144531,(,(
-25.316011428833008,132.77439880371094,),)
-21.41924476623535,-156.21212768554688,.,.
14.169175148010254,28.72710418701172,identifier,error
89.81581115722656,-131.7171173095703,(,(
-89.72053527832031,-124.65837097167969,",",","
-21.281789779663086,10.373883247375488,"""","""Last WAL page was written partially, auto fix"""
-106.34516143798828,-131.8118438720703,",",","
-41.694862365722656,169.1269989013672,),)
-158.8721923828125,-30.74565315246582,;,;
-23.100540161132812,-11.122794151306152,identifier,segChannel
-12.562628746032715,-175.32884216308594,.,.
-20.239187240600586,11.741877555847168,identifier,truncate
87.38385009765625,-125.98897552490234,(,(
-31.772565841674805,0.07785315066576004,identifier,OWALPage
12.224441528320312,-169.11572265625,.,.
-29.700849533081055,1.6738238334655762,identifier,PAGE_SIZE
-35.01725769042969,-28.89226722717285,identifier,pagesCount
-39.29362869262695,178.78561401367188,),)
-159.83128356933594,13.715954780578613,;,;
68.48680877685547,63.855228424072266,},}
-27.870464324951172,-16.289348602294922,identifier,firstCachedPage
85.60345458984375,3.2976231575012207,=,=
-164.25271606445312,-26.195606231689453,;,;
-27.561100006103516,-16.08489990234375,identifier,pageCache
-11.54831314086914,-175.21372985839844,.,.
1.9661035537719727,10.593092918395996,identifier,clear
70.15750122070312,-74.46578979492188,(,(
-16.714773178100586,131.55906677246094,),)
-155.97071838378906,-27.043563842773438,;,;
-28.254413604736328,-16.440351486206055,identifier,lastWrittenPage
85.06407928466797,2.6146810054779053,=,=
-164.4954833984375,-26.15059471130371,;,;
-28.247608184814453,-16.441558837890625,identifier,lastWrittenPageIndex
85.7034683227539,2.3427934646606445,=,=
-176.23379516601562,16.642807006835938,;,;
92.64213562011719,71.2046890258789,},}
120.32489776611328,114.14818572998047,},}
-38.41386413574219,24.97786521911621,identifier,Urlencoded
-52.914642333984375,14.33806037902832,identifier,ServiceType
-33.73688507080078,29.162355422973633,identifier,decodeLeadProtocol
115.01908874511719,-48.84629821777344,(,(
-80.85904693603516,44.056575775146484,identifier,String
-6.756156921386719,-32.24875259399414,identifier,protocol
-94.82662963867188,105.88082122802734,),)
-42.88650894165039,48.20540237426758,identifier,IOException
182.58123779296875,-16.905569076538086,{,{
149.56494140625,60.85505294799805,if,if
156.55810546875,-101.7143783569336,(,(
-7.055513381958008,-31.86733627319336,identifier,protocol
3.7961790561676025,-184.0601806640625,.,.
28.410560607910156,8.731950759887695,identifier,equals
77.78018188476562,-131.14404296875,(,(
-19.640796661376953,-0.21087583899497986,"""","""dods"""
-32.52145004272461,159.58023071289062,),)
-62.71470260620117,144.73439025878906,),)
78.99713134765625,158.8848114013672,return,return
-53.70903015136719,13.807299613952637,identifier,ServiceType
11.599328994750977,-175.72950744628906,.,.
-28.659378051757812,4.367792129516602,identifier,OPENDAP
-169.97483825683594,-1.5555150508880615,;,;
83.54143524169922,47.27332305908203,else,else
135.1177215576172,62.254638671875,if,if
148.63294982910156,-95.70924377441406,(,(
-7.306857109069824,-31.55478858947754,identifier,protocol
3.6473116874694824,-183.33692932128906,.,.
28.138261795043945,9.02226734161377,identifier,equals
78.08769226074219,-130.9470672607422,(,(
-19.33144760131836,0.6917223930358887,"""","""dap4"""
-32.885032653808594,159.63597106933594,),)
-62.30382537841797,145.08746337890625,),)
78.55797576904297,159.2152862548828,return,return
-53.95252227783203,13.691922187805176,identifier,ServiceType
11.383404731750488,-175.82901000976562,.,.
-28.69928550720215,4.651071548461914,identifier,DAP4
-169.9916534423828,-1.36600661277771,;,;
83.75566101074219,47.29544448852539,else,else
135.1231689453125,62.444786071777344,if,if
148.4276123046875,-95.62850189208984,(,(
-7.4169206619262695,-31.41257095336914,identifier,protocol
3.6220004558563232,-182.92108154296875,.,.
27.98981475830078,9.155318260192871,identifier,equals
78.370849609375,-130.81903076171875,(,(
-19.261625289916992,1.0149928331375122,"""","""httpserver"""
-35.632320404052734,158.7898712158203,),)
-7.507387161254883,-31.280534744262695,identifier,protocol
3.645372152328491,-182.7389678955078,.,.
27.933597564697266,9.422606468200684,identifier,equals
78.3792724609375,-130.4451141357422,(,(
-19.66965675354004,-0.3218533396720886,"""","""nodods"""
-33.24076843261719,159.8065948486328,),)
-61.96588897705078,145.55450439453125,),)
78.1420669555664,159.47116088867188,return,return
-54.070404052734375,13.6390962600708,identifier,ServiceType
11.085029602050781,-175.9541015625,.,.
-20.454195022583008,0.9216451644897461,identifier,HTTPServer
-169.99671936035156,-1.2355209589004517,;,;
84.02105712890625,47.456668853759766,else,else
135.2570343017578,62.768272399902344,if,if
147.91729736328125,-95.4752426147461,(,(
-7.477929592132568,-31.329042434692383,identifier,protocol
3.7140161991119385,-182.55282592773438,.,.
27.917882919311523,9.301519393920898,identifier,equals
79.2250747680664,-128.18943786621094,(,(
-24.257076263427734,-1.4875471591949463,identifier,CdmRemote
9.094780921936035,-173.0076141357422,.,.
-10.691937446594238,-3.633934497833252,identifier,PROTOCOL
-30.9099178314209,162.4600830078125,),)
-61.888877868652344,145.79653930664062,),)
77.95504760742188,159.56927490234375,return,return
-54.21750259399414,13.585455894470215,identifier,ServiceType
10.908124923706055,-176.01663208007812,.,.
-24.306819915771484,-1.4844392538070679,identifier,CdmRemote
-169.98492431640625,-1.1630222797393799,;,;
84.3214340209961,47.44292449951172,else,else
135.1583251953125,63.146339416503906,if,if
147.51284790039062,-95.37293243408203,(,(
-7.530282497406006,-31.245281219482422,identifier,protocol
3.8097729682922363,-182.3204345703125,.,.
27.814950942993164,9.504715919494629,identifier,equals
79.15211486816406,-128.19606018066406,(,(
-20.95379638671875,4.184006214141846,identifier,DataFactory
8.96451187133789,-172.91244506835938,.,.
-10.690292358398438,-3.6364638805389404,identifier,PROTOCOL
-30.864641189575195,162.56591796875,),)
-61.903987884521484,146.25006103515625,),)
77.53762817382812,159.62713623046875,return,return
-54.29074478149414,13.559868812561035,identifier,ServiceType
10.51806640625,-176.1166534423828,.,.
-24.920442581176758,3.7172393798828125,identifier,THREDDS
-150.1937713623047,-21.772798538208008,;,;
74.51110076904297,160.84544372558594,return,return
-177.7156982421875,15.568885803222656,;,;
106.99258422851562,118.64698791503906,},}
-36.4045295715332,38.845458984375,identifier,remove
114.43022918701172,-43.10781478881836,(,(
-73.63398742675781,42.48578643798828,identifier,StringBuilder
0.6274445652961731,-20.70384979248047,identifier,sb
-97.26432037353516,-97.85116577148438,",",","
-80.390869140625,42.306339263916016,identifier,String
13.922950744628906,-8.816614151000977,identifier,out
-93.98816680908203,97.96524047851562,),)
177.9300994873047,-19.4058895111084,{,{
-67.47122192382812,-53.478721618652344,identifier,i
80.05431365966797,3.728590488433838,=,=
-183.54104614257812,-33.60601806640625,;,;
135.44921875,47.98659133911133,while,while
154.01953125,-97.9258041381836,(,(
-69.93297576904297,-56.225677490234375,identifier,i
26.488788604736328,86.93462371826172,<,<
0.24347209930419922,-20.758249282836914,identifier,sb
8.083758354187012,-187.5369415283203,.,.
-51.15306854248047,-73.23236083984375,identifier,length
65.61963653564453,-61.40749740600586,(,(
-23.229856491088867,147.64901733398438,),)
-79.49407958984375,139.5529022216797,),)
169.60707092285156,-8.230952262878418,{,{
-23.725271224975586,-35.84172439575195,identifier,c
100.6825180053711,4.412601947784424,=,=
0.13259674608707428,-20.775983810424805,identifier,sb
-10.472089767456055,-192.49412536621094,.,.
20.005525588989258,15.887663841247559,identifier,charAt
87.98746490478516,-111.23517608642578,(,(
-71.50648498535156,-59.06355285644531,identifier,i
-41.32609176635742,188.0253448486328,),)
-159.82882690429688,-41.390872955322266,;,;
-14.335886001586914,-32.70863342285156,identifier,ok
82.48542785644531,4.612951278686523,=,=
-183.4752655029297,-32.31960678100586,;,;
130.22581481933594,45.855072021484375,for,for
139.8565673828125,-88.42613983154297,(,(
-72.79663848876953,-49.39046859741211,identifier,j
80.91069030761719,1.3070229291915894,=,=
-170.3793487548828,-38.33591079711914,;,;
-73.8913345336914,-50.182838439941406,identifier,j
25.53605842590332,86.2674560546875,<,<
13.105334281921387,-8.727802276611328,identifier,out
8.795818328857422,-183.45559692382812,.,.
-52.00568389892578,-73.31063079833984,identifier,length
64.69669342041016,-62.1973762512207,(,(
-21.045005798339844,130.43490600585938,),)
-169.40426635742188,-35.91130447387695,;,;
-74.22576141357422,-50.40775680541992,identifier,j
-83.70231628417969,133.96762084960938,),)
176.4456024169922,-8.01607894897461,{,{
144.4987030029297,61.01742935180664,if,if
148.9991912841797,-93.31239318847656,(,(
13.000732421875,-8.704620361328125,identifier,out
5.357518196105957,-180.39154052734375,.,.
20.006797790527344,15.88397216796875,identifier,charAt
77.48009490966797,-114.11068725585938,(,(
-75.14729309082031,-49.743465423583984,identifier,j
-24.49370002746582,166.18560791015625,),)
43.89595413208008,96.5115966796875,==,==
-27.319177627563477,-36.76387405395508,identifier,c
-79.07765197753906,129.63621520996094,),)
161.72047424316406,-1.3033186197280884,{,{
-0.03135516121983528,-20.799638748168945,identifier,sb
-12.098226547241211,-170.01763916015625,.,.
-4.527482509613037,11.736471176147461,identifier,delete
82.64838409423828,-122.2499771118164,(,(
-71.48908996582031,-58.00539016723633,identifier,i
-97.67698669433594,-128.63999938964844,",",","
-74.32369232177734,-57.95948791503906,identifier,i
6.801438808441162,-81.26162719726562,+,+
-44.837677001953125,170.57080078125,),)
-154.9092254638672,-24.075233459472656,;,;
-14.341545104980469,-32.716087341308594,identifier,ok
84.8404541015625,1.224506139755249,=,=
-157.70370483398438,-19.99959373474121,;,;
-176.4844512939453,9.552003860473633,;,;
90.32282257080078,65.22374725341797,},}
78.19530487060547,63.84688949584961,},}
129.12782287597656,60.40022277832031,if,if
144.53305053710938,-97.047119140625,(,(
-14.353599548339844,-32.727874755859375,identifier,ok
-58.719966888427734,146.55714416503906,),)
-73.84056091308594,-55.090850830078125,identifier,i
-173.8055877685547,18.29806900024414,;,;
90.02870178222656,72.52861022949219,},}
118.53606414794922,113.59004974365234,},}
-49.0637092590332,33.60629653930664,identifier,Annotation
-33.57021713256836,32.02206039428711,identifier,extractAllAnnotationsForProperty
112.71862030029297,-48.637184143066406,(,(
-66.44249725341797,35.86289978027344,identifier,Class
21.804386138916016,80.75033569335938,<,<
41.948936462402344,127.17694091796875,>,>
-17.541147232055664,-60.499549865722656,identifier,clazz
-95.65499877929688,-99.0521469116211,",",","
-81.66567993164062,42.79326629638672,identifier,String
-55.83259201049805,-29.344999313354492,identifier,propertyName
-98.46638488769531,-100.68742370605469,",",","
-50.08686447143555,-14.375682830810547,identifier,useRead
-97.39401245117188,102.07923126220703,),)
178.46536254882812,-14.893027305603027,{,{
156.63426208496094,-17.301372528076172,{,{
-49.22688674926758,33.56851577758789,identifier,Annotation
-31.97865104675293,-28.56328010559082,identifier,annotations
95.67708587646484,3.9275403022766113,=,=
-15.021890640258789,26.16107940673828,identifier,findPropertyAnnotations
91.00555419921875,-110.49856567382812,(,(
-16.743288040161133,-59.4083366394043,identifier,clazz
-95.65235137939453,-121.90459442138672,",",","
-55.72657775878906,-29.527101516723633,identifier,propertyName
-95.9525146484375,-123.8774642944336,",",","
-50.4614143371582,-14.782028198242188,identifier,useRead
-38.387054443359375,181.30426025390625,),)
-185.57936096191406,-24.73040199279785,;,;
139.25894165039062,56.130882263183594,if,if
151.59957885742188,-101.51995086669922,(,(
-32.0118408203125,-28.615076065063477,identifier,annotations
7.8658881187438965,-186.0773468017578,.,.
-50.058712005615234,-73.37566375732422,identifier,length
45.005149841308594,99.9836654663086,==,==
-71.96171569824219,128.96485900878906,),)
164.0507354736328,-6.911642074584961,{,{
-31.979108810424805,-28.57265281677246,identifier,annotations
89.4923324584961,0.29506608843803406,=,=
-15.004606246948242,26.075660705566406,identifier,findPropertyAnnotations
92.648193359375,-120.34231567382812,(,(
-16.81620979309082,-58.894989013671875,identifier,clazz
1.9728094339370728,-176.57066345214844,.,.
-15.815902709960938,32.868568420410156,identifier,getSuperclass
61.323848724365234,-64.23722839355469,(,(
-21.358747482299805,137.80467224121094,),)
-108.11992645263672,-122.72693634033203,",",","
-55.696414947509766,-29.584239959716797,identifier,propertyName
-99.73715209960938,-124.23656463623047,",",","
-50.56557846069336,-14.907096862792969,identifier,useRead
-44.95933151245117,182.05526733398438,),)
-164.0799560546875,13.872982025146484,;,;
73.2813720703125,62.51075744628906,},}
68.86958312988281,161.8922119140625,return,return
-31.99170684814453,-28.59613037109375,identifier,annotations
-173.9806671142578,7.045151710510254,;,;
78.60742950439453,58.10649108886719,},}
135.53854370117188,-98.539794921875,(,(
-48.99738311767578,50.75172805786133,identifier,Exception
-30.805709838867188,-69.87335205078125,identifier,ex
-82.70565032958984,126.28697967529297,),)
154.316162109375,-1.5421687364578247,{,{
73.02714538574219,154.401123046875,return,return
-27.620277404785156,16.373870849609375,identifier,Exceptions
-9.392946243286133,-181.4531707763672,.,.
-35.674564361572266,42.259578704833984,identifier,handle
88.44078826904297,-127.05091857910156,(,(
-49.269134521484375,33.56399154663086,identifier,Annotation
-16.305397033691406,-156.32008361816406,.,.
-94.41268157958984,-118.09810638427734,",",","
-18.159576416015625,11.396029472351074,identifier,sputs
86.77037811279297,-139.78602600097656,(,(
-16.8342227935791,8.204208374023438,"""","""Unable to extract annotation for property"""
-108.15296936035156,-129.556640625,",",","
-55.69025802612305,-29.600982666015625,identifier,propertyName
-91.02762603759766,-129.4621124267578,",",","
-14.938813209533691,6.247596740722656,"""",""" of class """
-108.49903869628906,-129.81300354003906,",",","
-15.785573959350586,-59.36530303955078,identifier,clazz
-91.08824920654297,-129.4862518310547,",",","
-14.8767671585083,6.12269926071167,"""","""  useRead """
-108.7847671508789,-130.2040252685547,",",","
-50.66193389892578,-15.039145469665527,identifier,useRead
-45.07253646850586,176.1270294189453,),)
-110.28042602539062,-125.53697204589844,",",","
-31.576297760009766,-68.25619506835938,identifier,ex
-55.57747268676758,177.27459716796875,),)
-171.4003448486328,22.639957427978516,;,;
90.89921569824219,72.7811508178711,},}
119.78378295898438,114.46500396728516,},}
-34.354583740234375,32.55059814453125,identifier,copyTemplateForTieCommands
110.14383697509766,-46.27121353149414,(,(
-67.93950653076172,13.911893844604492,identifier,Sheet
-68.77517700195312,12.03292179107666,identifier,sheet
-92.84123992919922,101.51673126220703,),)
180.4264373779297,-14.070722579956055,{,{
149.44149780273438,58.74567413330078,if,if
156.78794860839844,-103.18757629394531,(,(
-10.116156578063965,39.86904525756836,identifier,parent
1.386492371559143,-189.49234008789062,.,.
-21.106897354125977,17.599897384643555,identifier,isSkipConfiguration
71.03138732910156,-60.5251579284668,(,(
-22.86003875732422,149.5387420654297,),)
-76.10809326171875,138.9950714111328,),)
156.1072235107422,4.996986389160156,{,{
78.80812072753906,153.669189453125,return,return
-175.26783752441406,4.024342060089111,;,;
68.2952880859375,58.434322357177734,},}
-34.45366668701172,5.936712265014648,identifier,Workbook
-12.138056755065918,-29.2956600189209,identifier,wb
99.1780014038086,2.289639711380005,=,=
-68.84479522705078,11.89161491394043,identifier,sheet
-14.001921653747559,-191.31431579589844,.,.
-9.467480659484863,28.149423599243164,identifier,getWorkbook
76.29569244384766,-65.07515716552734,(,(
-18.247209548950195,124.85649871826172,),)
-157.84620666503906,-41.51152038574219,;,;
-82.84910583496094,39.114830017089844,identifier,String
-46.01181411743164,-34.6424446105957,identifier,copyName
98.51240539550781,-1.318826675415039,=,=
-27.357032775878906,7.7435221672058105,identifier,TieConstants
-18.352222442626953,-188.7149200439453,.,.
-26.794660568237305,3.8919451236724854,identifier,COPY_SHEET_PREFIX
9.504600524902344,-78.15978240966797,+,+
-68.85546875,11.872672080993652,identifier,sheet
-2.2612228393554688,-191.8883056640625,.,.
-3.797492265701294,30.43302345275879,identifier,getSheetName
73.84490966796875,-64.00321197509766,(,(
-17.787639617919922,126.26028442382812,),)
-184.75738525390625,-25.55280876159668,;,;
137.52748107910156,56.30009078979492,if,if
151.23988342285156,-99.70467376708984,(,(
-11.925063133239746,-28.75507164001465,identifier,wb
-3.978213310241699,-190.1161346435547,.,.
-3.236785650253296,30.100341796875,identifier,getSheet
82.2483139038086,-110.74053192138672,(,(
-45.822147369384766,-33.91543960571289,identifier,copyName
-24.675216674804688,163.53855895996094,),)
45.830772399902344,101.05928802490234,==,==
-73.13558959960938,125.5251693725586,),)
167.93519592285156,-8.084209442138672,{,{
-67.9156265258789,13.975507736206055,identifier,Sheet
-36.76800537109375,-29.999658584594727,identifier,newSheet
91.97848510742188,1.0331333875656128,=,=
-11.898513793945312,-28.600271224975586,identifier,wb
-5.724493980407715,-190.36721801757812,.,.
-8.507006645202637,17.76378631591797,identifier,cloneSheet
92.29723358154297,-121.08182525634766,(,(
-11.892668724060059,-28.578161239624023,identifier,wb
-4.4268035888671875,-190.1592559814453,.,.
-3.6009583473205566,30.09129524230957,identifier,getSheetIndex
85.0979995727539,-110.34869384765625,(,(
-68.85061645507812,11.890095710754395,identifier,sheet
-26.88605499267578,163.1363067626953,),)
-56.182498931884766,159.35452270507812,),)
-158.10205078125,-39.293479919433594,;,;
-59.799583435058594,-40.28803634643555,identifier,sheetIndex
94.77871704101562,-2.5170738697052,=,=
-11.88468074798584,-28.509321212768555,identifier,wb
-5.312286853790283,-190.28932189941406,.,.
-3.572990655899048,30.020809173583984,identifier,getSheetIndex
87.22451782226562,-112.78413391113281,(,(
-36.921592712402344,-29.963624954223633,identifier,newSheet
-42.5706787109375,181.2984161376953,),)
-160.39443969726562,-29.46249771118164,;,;
-11.842425346374512,-28.270591735839844,identifier,wb
-16.800016403198242,-172.40362548828125,.,.
-8.251838684082031,16.746397018432617,identifier,setSheetName
89.08251953125,-116.71189880371094,(,(
-60.17792892456055,-39.84554672241211,identifier,sheetIndex
-98.12401580810547,-124.3400650024414,",",","
-45.79933547973633,-33.823917388916016,identifier,copyName
-44.79377365112305,179.3680419921875,),)
-159.63002014160156,-27.560073852539062,;,;
-11.801852226257324,-28.07575798034668,identifier,wb
-16.758573532104492,-172.3866424560547,.,.
-8.230042457580566,16.588205337524414,identifier,setSheetHidden
89.17887115478516,-117.86640930175781,(,(
-60.21641540527344,-39.79530715942383,identifier,sheetIndex
-102.47775268554688,-124.02789306640625,",",","
-34.419734954833984,5.864043235778809,identifier,Workbook
11.390149116516113,-168.8363800048828,.,.
-24.83900260925293,3.74613881111145,identifier,SHEET_STATE_VERY_HIDDEN
-49.608890533447266,169.2081298828125,),)
-170.43890380859375,22.01140022277832,;,;
92.10037994384766,72.26073455810547,},}
120.4556655883789,114.42538452148438,},}
-42.368370056152344,32.70294189453125,identifier,Term
-39.435672760009766,33.949134826660156,identifier,variable
84.23576354980469,-59.15786361694336,(,(
-29.087238311767578,120.57325744628906,),)
-34.57054138183594,21.22011375427246,identifier,SourceCodeException
181.67173767089844,-22.193893432617188,{,{
-37.0365104675293,19.517362594604492,identifier,Token
-48.86872863769531,-37.92304992675781,identifier,name
97.78911590576172,6.340404987335205,=,=
-17.57712745666504,20.95677375793457,identifier,consumeToken
89.60034942626953,-109.18492889404297,(,(
-29.650636672973633,5.7100138664245605,identifier,VAR
-37.47950744628906,185.9010772705078,),)
-158.9224395751953,-41.83470916748047,;,;
-47.18265914916992,-35.78462219238281,identifier,nameId
97.93599700927734,-2.0712249279022217,=,=
-28.44860076904297,9.365278244018555,identifier,interner
-16.687639236450195,-191.40005493164062,.,.
-18.00718879699707,19.297100067138672,identifier,internVariableName
87.70088195800781,-110.0104751586914,(,(
-51.311317443847656,-36.865562438964844,identifier,name
11.772862434387207,-186.5179443359375,.,.
-15.029399871826172,-3.6807515621185303,identifier,image
-38.07225799560547,183.98228454589844,),)
-156.29440307617188,-40.5768928527832,;,;
-51.37763595581055,28.337387084960938,identifier,Variable
-10.169300079345703,-44.84770584106445,identifier,var
83.59602355957031,5.030129432678223,=,=
-183.50857543945312,-31.694076538085938,;,;
139.52413940429688,55.17831802368164,if,if
155.88177490234375,-96.19645690917969,(,(
-11.740371704101562,0.946670413017273,"""","""_"""
2.3816819190979004,-194.6118927001953,.,.
29.133853912353516,9.245095252990723,identifier,equals
79.45591735839844,-111.71922302246094,(,(
-51.70654296875,-36.807472229003906,identifier,name
11.844457626342773,-186.42947387695312,.,.
-15.02096176147461,-3.6807103157043457,identifier,image
-27.639677047729492,161.6003875732422,),)
-78.42879486083984,138.3280487060547,),)
165.59326171875,-6.31544303894043,{,{
-10.301918029785156,-44.7471923828125,identifier,var
89.97789001464844,-0.30921393632888794,=,=
-10.544180870056152,-11.286384582519531,identifier,variableContext
-15.261004447937012,-183.93167114257812,.,.
4.747217178344727,28.464580535888672,identifier,get
73.0520248413086,-115.3655776977539,(,(
-49.56074142456055,-34.38200759887695,identifier,nameId
-43.44801712036133,183.45913696289062,),)
-162.3208465576172,9.91069221496582,;,;
75.1929931640625,52.996360778808594,},}
131.6829376220703,59.59135055541992,if,if
146.89752197265625,-99.99954223632812,(,(
-9.766361236572266,-44.00736618041992,identifier,var
57.037322998046875,103.2795181274414,!=,!=
-73.96488189697266,127.9381332397461,),)
156.31277465820312,1.8596203327178955,{,{
75.10895538330078,154.77017211914062,return,return
-9.461994171142578,-43.60287094116211,identifier,var
-172.99961853027344,6.113107681274414,;,;
77.91375732421875,56.352752685546875,},}
86.80303955078125,45.309654235839844,else,else
159.9375457763672,-10.376139640808105,{,{
-10.41631031036377,-44.74833297729492,identifier,var
88.83724212646484,1.7866182327270508,=,=
195.55630493164062,43.92411804199219,new,new
-50.966644287109375,29.856359481811523,identifier,Variable
94.60977935791016,-115.10971069335938,(,(
-49.83744430541992,-34.3154296875,identifier,nameId
-97.82193756103516,-119.34835052490234,",",","
-101.95372009277344,-129.83311462402344,",",","
-52.45233154296875,-36.45974349975586,identifier,name
2.7921459674835205,-174.13560485839844,.,.
-15.006011009216309,-3.685728073120117,identifier,image
2.1805195808410645,-173.62646484375,.,.
28.226144790649414,10.06640625,identifier,equals
77.82748413085938,-128.9810333251953,(,(
-12.019150733947754,1.0562149286270142,"""","""_"""
-29.663503646850586,156.95138549804688,),)
-54.49439239501953,161.45980834960938,),)
-159.143310546875,-26.366626739501953,;,;
-10.540428161621094,-11.30009937286377,identifier,variableContext
-10.273809432983398,-173.44618225097656,.,.
8.668530464172363,20.34699821472168,identifier,put
82.41943359375,-123.34980773925781,(,(
-49.825904846191406,-34.29199981689453,identifier,nameId
-100.91728973388672,-127.16129302978516,",",","
-9.646574020385742,-43.81635284423828,identifier,var
-50.33431625366211,179.92617797851562,),)
-150.45872497558594,-23.319889068603516,;,;
70.80998992919922,159.66622924804688,return,return
-9.381103515625,-43.45395278930664,identifier,var
-180.35171508789062,13.623345375061035,;,;
91.3607177734375,72.01018524169922,},}
119.17747497558594,114.77851104736328,},}
-35.1593132019043,32.62177658081055,identifier,decrementSizeAndCount
115.43115997314453,-46.32613754272461,(,(
-46.73124694824219,27.520423889160156,identifier,E
-72.8062744140625,-14.976418495178223,identifier,record
-92.13485717773438,101.76492309570312,),)
180.6142120361328,-14.54556655883789,{,{
149.3857421875,58.198848724365234,if,if
156.8654327392578,-104.15505981445312,(,(
-24.93977165222168,8.785823822021484,identifier,atomicallyCounted
-70.80575561523438,122.33110046386719,),)
167.9839630126953,-2.1802635192871094,{,{
-34.70811462402344,-53.276084899902344,identifier,count
-18.354812622070312,-169.85997009277344,.,.
1.3039181232452393,19.081600189208984,identifier,decrementAndGet
78.5436019897461,-64.66777801513672,(,(
-14.006753921508789,125.7616958618164,),)
-160.3170928955078,7.488522529602051,;,;
73.8656997680664,52.569358825683594,},}
131.52183532714844,57.66339111328125,if,if
152.38296508789062,-98.61035919189453,(,(
-68.05917358398438,-10.559453964233398,identifier,sizeable
89.92091369628906,-103.41038513183594,(,(
-72.7991714477539,-14.98662281036377,identifier,record
-68.65814971923828,-9.767745971679688,identifier,Sizeable
-28.71361541748047,160.51763916015625,),)
-78.31585693359375,139.4522247314453,),)
169.1241455078125,-7.288369655609131,{,{
-39.50361251831055,-28.691781997680664,identifier,recordSize
93.51681518554688,8.991914749145508,=,=
92.9549331665039,-104.58499145507812,(,(
89.80323028564453,-100.32733154296875,(,(
-68.65104675292969,-9.777303695678711,identifier,Sizeable
-46.62251281738281,143.8785858154297,),)
-72.79682922363281,-14.986364364624023,identifier,record
-47.99311065673828,172.05868530273438,),)
-20.99614715576172,-153.172607421875,.,.
-59.08664321899414,-12.271845817565918,identifier,sizeof
63.7771110534668,-59.37211227416992,(,(
-19.942007064819336,125.44501495361328,),)
-159.11866760253906,-38.83995819091797,;,;
-38.88233947753906,-31.952543258666992,identifier,oldSize
95.90362548828125,-2.1983633041381836,=,=
1.696343183517456,-16.59990882873535,identifier,dataSize
-6.361096382141113,-186.93951416015625,.,.
1.7633084058761597,18.83613395690918,identifier,getAndAdd
84.75409698486328,-112.79695892333984,(,(
-39.752403259277344,-28.600637435913086,identifier,recordSize
-41.17732620239258,181.17953491210938,),)
-158.90711975097656,-38.38927459716797,;,;
-41.59201431274414,-35.80264663696289,identifier,newSize
95.21294403076172,-3.2464516162872314,=,=
-40.09474563598633,-32.68920135498047,identifier,oldSize
8.790045738220215,-78.51455688476562,+,+
-39.760223388671875,-28.587249755859375,identifier,recordSize
-163.52003479003906,-24.54755401611328,;,;
-14.644255638122559,13.536489486694336,identifier,signalOnSizeThresholdCrossing
89.69996643066406,-116.01577758789062,(,(
-40.31471633911133,-32.594112396240234,identifier,oldSize
-97.41336059570312,-124.29634094238281,",",","
-41.747528076171875,-35.783695220947266,identifier,newSize
-45.39661407470703,182.091552734375,),)
-163.33091735839844,11.916308403015137,;,;
78.98048400878906,55.38584518432617,},}
84.50221252441406,46.30589294433594,else,else
133.56373596191406,62.91020202636719,if,if
145.8334503173828,-98.65062713623047,(,(
-68.0477066040039,-10.569259643554688,identifier,sizeable
-77.1119613647461,124.7665786743164,),)
160.8719940185547,-6.064957618713379,{,{
-39.33107376098633,-32.06768035888672,identifier,oldSize
90.90986633300781,-1.1240742206573486,=,=
1.6962134838104248,-16.60249900817871,identifier,dataSize
-6.317432880401611,-186.872802734375,.,.
1.617095947265625,18.908082962036133,identifier,getAndDecrement
69.39643096923828,-72.79415893554688,(,(
-16.823274612426758,131.4980010986328,),)
-156.7628936767578,-36.09083557128906,;,;
-41.61675262451172,-35.7958984375,identifier,newSize
91.09616088867188,-3.430615186691284,=,=
-40.11426544189453,-32.725616455078125,identifier,oldSize
-164.03184509277344,-25.982173919677734,;,;
-14.490782737731934,13.449393272399902,identifier,signalOnSizeThresholdCrossing
88.42976379394531,-117.80313873291016,(,(
-40.3699951171875,-32.627506256103516,identifier,oldSize
-100.45539855957031,-126.35966491699219,",",","
-41.75154495239258,-35.78314971923828,identifier,newSize
-52.72711944580078,179.38917541503906,),)
-171.42001342773438,21.070730209350586,;,;
91.97106170654297,71.69113159179688,},}
120.36314392089844,115.02604675292969,},}
-33.300540924072266,43.193199157714844,identifier,process
113.45207977294922,-43.5179328918457,(,(
-29.049894332885742,62.30776596069336,identifier,Map
23.33247184753418,78.2449722290039,<,<
-86.82577514648438,44.80253219604492,identifier,String
-94.39261627197266,-109.5483627319336,",",","
-83.43699645996094,27.41635513305664,identifier,Object
43.7943229675293,126.73802947998047,>,>
-31.410062789916992,39.9532356262207,identifier,config
-94.4986343383789,-100.06118774414062,",",","
-29.01443862915039,63.165706634521484,identifier,Map
24.02440643310547,79.58967590332031,<,<
-87.50750732421875,43.93977355957031,identifier,String
-93.9551773071289,-109.41259002685547,",",","
-83.44316101074219,27.39414405822754,identifier,Object
43.57351303100586,126.36939239501953,>,>
-17.708660125732422,-17.795066833496094,identifier,templateParams
-99.86577606201172,-102.27385711669922,",",","
-53.1048469543457,37.88842010498047,identifier,HttpServletResponse
16.148014068603516,-24.49130630493164,identifier,response
-99.48462677001953,-102.34123229980469,",",","
-47.656864166259766,4.8017683029174805,identifier,ProxyResponse
-47.70784378051758,4.602039337158203,identifier,proxyResponse
-97.32938385009766,106.40660095214844,),)
-42.33086395263672,48.375518798828125,identifier,IOException
182.78811645507812,-19.760738372802734,{,{
30.817119598388672,26.504592895507812,identifier,LOG
-19.396778106689453,-167.00343322753906,.,.
20.385711669921875,32.16522216796875,identifier,debug
85.02967071533203,-139.68032836914062,(,(
-23.370994567871094,10.683365821838379,"""","""process(Map<String, Object> {}, SlingHttpServletResponse response, ProxyResponse proxyResponse)"""
-107.66442108154297,-132.06790161132812,",",","
-17.601003646850586,-18.081811904907227,identifier,templateParams
-37.04673767089844,181.3643798828125,),)
-187.5525665283203,-24.468860626220703,;,;
135.9698028564453,54.699546813964844,if,if
153.05332946777344,-101.30856323242188,(,(
-17.54230308532715,-18.494752883911133,identifier,templateParams
46.92715072631836,100.4599838256836,==,==
-24.63886260986328,-4.999937534332275,identifier,tltppp
7.627808570861816,-190.60414123535156,.,.
-21.289182662963867,-0.2367246001958847,identifier,hostname
-0.2609703540802002,-184.633544921875,.,.
29.076520919799805,9.60210132598877,identifier,equals
88.52690887451172,-123.03606414794922,(,(
-17.256990432739258,-18.71436882019043,identifier,templateParams
-3.8867859840393066,-179.69728088378906,.,.
5.550596237182617,28.208309173583984,identifier,get
76.11640167236328,-133.7095489501953,(,(
-18.23859214782715,1.237404227256775,"""","""hostname"""
-32.020477294921875,158.98828125,),)
-52.135459899902344,157.3763885498047,),)
-24.6588077545166,-5.028014183044434,identifier,tltppp
7.648477077484131,-190.59889221191406,.,.
-20.247943878173828,-1.828269600868225,identifier,port
56.713191986083984,105.80994415283203,!=,!=
91.20294189453125,-104.06856536865234,(,(
-77.56035614013672,33.86572265625,identifier,Integer
-46.025535583496094,143.17489624023438,),)
-17.221601486206055,-18.74873161315918,identifier,templateParams
-4.217112064361572,-179.6156005859375,.,.
5.538355350494385,27.788246154785156,identifier,get
76.14282989501953,-133.81141662597656,(,(
-17.752683639526367,1.3604795932769775,"""","""port"""
-33.41145706176758,159.2582244873047,),)
-78.57685089111328,135.62013244628906,),)
161.9596710205078,-3.0553696155548096,{,{
14.641682624816895,-25.89592933654785,identifier,response
-13.714234352111816,-168.22412109375,.,.
9.361909866333008,32.04695510864258,identifier,sendError
89.2547378540039,-128.1357879638672,(,(
-52.7867317199707,38.07086944580078,identifier,HttpServletResponse
10.931546211242676,-169.56573486328125,.,.
-24.17162322998047,4.6705780029296875,identifier,SC_BAD_REQUEST
-39.50053405761719,174.61962890625,),)
-152.76522827148438,-23.256563186645508,;,;
80.04607391357422,153.22454833984375,return,return
-175.73744201660156,5.402746677398682,;,;
69.80696105957031,62.47515106201172,},}
-24.18501091003418,-4.723676681518555,identifier,dpppi
-11.396098136901855,-176.24295043945312,.,.
-31.846956253051758,45.388343811035156,identifier,process
84.46316528320312,-120.93500518798828,(,(
-31.259605407714844,40.320377349853516,identifier,config
-98.26821899414062,-121.73250579833984,",",","
-17.26803207397461,-18.634645462036133,identifier,templateParams
-99.83244323730469,-122.53713989257812,",",","
14.639774322509766,-24.23277473449707,identifier,response
-100.27649688720703,-125.01870727539062,",",","
-47.751068115234375,4.390692234039307,identifier,proxyResponse
-49.3681755065918,179.25796508789062,),)
-149.34967041015625,-22.86507797241211,;,;
69.54728698730469,158.74798583984375,return,return
-181.49000549316406,13.35046100616455,;,;
108.29615020751953,119.50807189941406,},}
68.711669921875,45.487430572509766,identifier,Override
-42.97997283935547,24.532318115234375,identifier,ODocument
-20.648223876953125,38.13507843017578,identifier,getRecord
83.83428192138672,-60.054649353027344,(,(
-30.35938262939453,121.99375915527344,),)
181.8471221923828,-13.909459114074707,{,{
149.58384704589844,57.368896484375,if,if
155.27879333496094,-104.68386840820312,(,(
-42.83271026611328,-7.292806625366211,identifier,rawElement
47.97596740722656,101.84697723388672,==,==
-70.32074737548828,125.31151580810547,),)
169.4154052734375,-5.833998680114746,{,{
-43.18004608154297,24.344512939453125,identifier,ODocument
6.541906833648682,-30.20061492919922,identifier,tmp
90.57347106933594,9.525330543518066,=,=
196.366455078125,41.40571594238281,new,new
-43.19928741455078,24.388538360595703,identifier,ODocument
95.33758544921875,-118.6719970703125,(,(
-7.585953712463379,41.72270584106445,identifier,getClassName
84.85079193115234,-108.56778717041016,(,(
-59.28647994995117,-26.325761795043945,identifier,label
-25.976537704467773,162.75604248046875,),)
-54.567832946777344,155.7897186279297,),)
-23.38938331604004,-155.3787384033203,.,.
-18.234275817871094,17.15349006652832,identifier,setTrackingChanges
72.00160217285156,-125.36639404296875,(,(
-40.23356246948242,169.29766845703125,),)
-161.01280212402344,-32.33774948120117,;,;
6.970880508422852,-30.23046112060547,identifier,tmp
-19.849424362182617,-173.0243682861328,.,.
13.657628059387207,4.2865095138549805,identifier,field
86.89828491210938,-130.474365234375,(,(
-33.75900650024414,3.6650917530059814,identifier,OrientBaseGraph
13.493334770202637,-170.7495574951172,.,.
-27.362449645996094,6.023501396179199,identifier,CONNECTION_IN
-104.81906127929688,-126.5147705078125,",",","
-17.21352195739746,-6.514970302581787,identifier,vIn
4.813200950622559,-176.24307250976562,.,.
-0.02355978451669216,33.170936584472656,identifier,getIdentity
67.7001724243164,-66.3292007446289,(,(
-19.475765228271484,148.87112426757812,),)
-56.06394577026367,158.92967224121094,),)
-159.42266845703125,-31.45090675354004,;,;
7.07094669342041,-30.25905990600586,identifier,tmp
-19.67510986328125,-172.86709594726562,.,.
13.585624694824219,4.415720462799072,identifier,field
86.84918212890625,-130.59657287597656,(,(
-33.86344528198242,3.551356554031372,identifier,OrientBaseGraph
13.324219703674316,-170.3451385498047,.,.
-27.374549865722656,6.001772880554199,identifier,CONNECTION_OUT
-104.42058563232422,-126.87212371826172,",",","
-17.237499237060547,-6.5853471755981445,identifier,vOut
4.738068580627441,-176.21517944335938,.,.
-0.020149171352386475,33.164459228515625,identifier,getIdentity
67.698974609375,-66.87910461425781,(,(
-18.034456253051758,148.01499938964844,),)
-56.54053497314453,159.97816467285156,),)
-185.42539978027344,-22.840293884277344,;,;
136.99508666992188,58.330780029296875,if,if
148.5742645263672,-99.1678466796875,(,(
-59.28403854370117,-26.32928466796875,identifier,label
56.08864974975586,104.03353118896484,!=,!=
-16.719097137451172,-8.471217155456543,identifier,settings
55.53131866455078,102.80575561523438,!=,!=
-16.723613739013672,-8.482155799865723,identifier,settings
1.123043417930603,-185.16455078125,.,.
-16.296600341796875,14.123634338378906,identifier,isUseClassForEdgeLabel
66.85725402832031,-69.23982238769531,(,(
-19.785615921020508,144.67771911621094,),)
-60.29893112182617,145.7846221923828,),)
7.13740873336792,-30.296175003051758,identifier,tmp
-19.493696212768555,-172.5748291015625,.,.
13.499818801879883,4.546830654144287,identifier,field
86.82459259033203,-130.78240966796875,(,(
-34.02764892578125,3.45002818107605,identifier,OrientEdge
12.415654182434082,-169.46493530273438,.,.
-24.147489547729492,2.9551749229431152,identifier,LABEL_FIELD_NAME
-103.9602279663086,-125.57748413085938,",",","
-59.281192779541016,-26.332014083862305,identifier,label
-50.07101058959961,180.8065643310547,),)
-150.58346557617188,-23.90090560913086,;,;
71.32569122314453,159.8717803955078,return,return
7.319875717163086,-30.437198638916016,identifier,tmp
-175.5050048828125,11.59431266784668,;,;
74.8973159790039,63.749698638916016,},}
71.92955017089844,163.7792510986328,return,return
-6.659413814544678,-161.28244018554688,.,.
-20.61408042907715,38.13547897338867,identifier,getRecord
65.3089370727539,-75.4539794921875,(,(
-12.093095779418945,135.61209106445312,),)
-175.67434692382812,21.180368423461914,;,;
109.77680206298828,119.5545425415039,},}
-38.371368408203125,27.76299285888672,identifier,HollowHistoricalStateDataAccess
-33.396820068359375,33.072914123535156,identifier,createBasedOnNewDelta
111.62818908691406,-46.92411804199219,(,(
-11.07992172241211,-35.451053619384766,identifier,version
-96.44812774658203,-96.44120788574219,",",","
-38.29890060424805,16.605085372924805,identifier,HollowReadStateEngine
-12.791850090026855,-14.281991004943848,identifier,stateEngine
-95.08808898925781,102.62773132324219,),)
175.81434631347656,-20.595745086669922,{,{
-30.700014114379883,12.578627586364746,identifier,IntMapOrdinalRemapper
-35.801937103271484,-16.31976318359375,identifier,typeRemovedOrdinalMapping
90.21527099609375,7.3808746337890625,=,=
197.1448974609375,41.735389709472656,new,new
-30.562681198120117,12.438605308532715,identifier,IntMapOrdinalRemapper
77.70761108398438,-61.738929748535156,(,(
-17.054912567138672,123.168212890625,),)
-156.6746368408203,-42.667381286621094,;,;
-25.385835647583008,58.34837341308594,identifier,List
26.826622009277344,77.4490966796875,<,<
-35.171905517578125,8.330053329467773,identifier,HollowTypeReadState
46.3316650390625,124.04852294921875,>,>
-35.05846405029297,-17.12531280517578,identifier,historicalTypeStates
89.37464904785156,7.14540433883667,=,=
199.14305114746094,41.74223709106445,new,new
-23.750507354736328,54.042598724365234,identifier,ArrayList
27.633474349975586,78.51497650146484,<,<
-35.16035079956055,8.256248474121094,identifier,HollowTypeReadState
43.27605438232422,121.3812026977539,>,>
94.82894134521484,-109.74236297607422,(,(
-12.947198867797852,-13.693602561950684,identifier,stateEngine
-1.382383108139038,-181.7478790283203,.,.
-8.414380073547363,35.97479248046875,identifier,getTypeStates
69.50820922851562,-63.60405731201172,(,(
-27.605167388916016,136.1935577392578,),)
-20.975210189819336,-153.85935974121094,.,.
-49.6721076965332,-66.99710845947266,identifier,size
64.63765716552734,-60.51966094970703,(,(
-18.955202102661133,149.72488403320312,),)
-57.08948516845703,158.11097717285156,),)
-188.9995574951172,-27.223621368408203,;,;
128.99606323242188,45.273582458496094,for,for
137.4401397705078,-89.2135009765625,(,(
-35.25060272216797,8.177247047424316,identifier,HollowTypeReadState
-51.38130187988281,-11.467474937438965,identifier,typeState
-12.981424331665039,-13.708465576171875,identifier,stateEngine
-1.3568919897079468,-182.140380859375,.,.
-8.370347023010254,36.0103759765625,identifier,getTypeStates
69.04236602783203,-64.06299591064453,(,(
-22.22059440612793,146.59518432617188,),)
-79.84150695800781,137.63128662109375,),)
163.86602783203125,-2.254072666168213,{,{
-15.451409339904785,16.226022720336914,identifier,createDeltaHistoricalTypeState
92.28462219238281,-115.62142181396484,(,(
-36.32332229614258,-16.31987762451172,identifier,typeRemovedOrdinalMapping
-99.40206909179688,-121.542236328125,",",","
-35.30739974975586,-17.61635971069336,identifier,historicalTypeStates
-101.15743255615234,-122.50900268554688,",",","
-51.37168884277344,-11.467057228088379,identifier,typeState
-40.2742919921875,179.26718139648438,),)
-160.0668182373047,12.908354759216309,;,;
68.2059555053711,61.081024169921875,},}
-36.37025451660156,8.072858810424805,identifier,HollowHistoricalStateDataAccess
-2.663403272628784,-30.73211669921875,identifier,dataAccess
90.22298431396484,6.106447219848633,=,=
194.65162658691406,41.409339904785156,new,new
-36.491798400878906,8.276366233825684,identifier,HollowHistoricalStateDataAccess
93.2722396850586,-114.92870330810547,(,(
-22.193567276000977,13.240337371826172,identifier,totalHistory
-98.51685333251953,-120.00154113769531,",",","
-10.870433807373047,-35.48172378540039,identifier,version
-100.24327087402344,-119.373779296875,",",","
-13.186225891113281,-13.718073844909668,identifier,stateEngine
-100.5553970336914,-118.80926513671875,",",","
-35.3203239440918,-17.625680923461914,identifier,historicalTypeStates
-100.52735137939453,-118.5489730834961,",",","
-36.38290023803711,-16.33055877685547,identifier,typeRemovedOrdinalMapping
-100.20903778076172,-117.80571746826172,",",","
-0.181660458445549,-1.3567510843276978,identifier,Collections
-0.5494044423103333,-168.56982421875,.,.
27.24844741821289,81.98745727539062,<,<
-88.13722229003906,41.48556900024414,identifier,String
-96.09559631347656,-112.83162689208984,",",","
-36.018280029296875,7.3681182861328125,identifier,HollowHistoricalSchemaChange
44.95113754272461,121.48249053955078,>,>
-4.3118510246276855,6.319436550140381,identifier,emptyMap
63.1549072265625,-73.15506744384766,(,(
-16.319332122802734,146.354248046875,),)
-55.82919692993164,162.23562622070312,),)
-157.5596160888672,-27.178373336791992,;,;
-2.324617385864258,-30.395273208618164,identifier,dataAccess
-11.424812316894531,-174.54330444335938,.,.
-10.023981094360352,16.935134887695312,identifier,setNextState
83.51956176757812,-118.1778793334961,(,(
-13.243691444396973,-13.727701187133789,identifier,stateEngine
-48.51976013183594,178.52761840820312,),)
-149.45460510253906,-24.167917251586914,;,;
70.99390411376953,160.731689453125,return,return
-2.2291617393493652,-30.31269073486328,identifier,dataAccess
-181.2183380126953,17.272687911987305,;,;
106.29583740234375,118.86823272705078,},}
-35.751136779785156,31.554391860961914,identifier,hashTableSize
114.0518569946289,-47.26006317138672,(,(
-55.31406784057617,-21.869985580444336,identifier,numElements
-94.24805450439453,105.33218383789062,),)
-37.31055450439453,52.9207878112793,identifier,IllegalArgumentException
182.73077392578125,-16.911701202392578,{,{
148.6652374267578,59.933143615722656,if,if
155.3852081298828,-103.29923248291016,(,(
-55.5640869140625,-22.417322158813477,identifier,numElements
30.332334518432617,86.70500183105469,<,<
-70.0688705444336,127.97233581542969,),)
153.61485290527344,2.657963275909424,{,{
190.22146606445312,46.853004455566406,new,new
-36.34931182861328,53.10460662841797,identifier,IllegalArgumentException
85.45819854736328,-136.39846801757812,(,(
-20.49188232421875,7.978216171264648,"""","""cannot be negative; numElements="""
16.488182067871094,-76.4893798828125,+,+
-54.70646286010742,-22.488178253173828,identifier,numElements
-37.399959564208984,179.46958923339844,),)
-159.05169677734375,10.4441556930542,;,;
78.8028335571289,54.69651412963867,},}
84.06017303466797,46.13848876953125,else,else
133.98822021484375,62.12779998779297,if,if
149.82464599609375,-98.17975616455078,(,(
-55.61872482299805,-22.850858688354492,identifier,numElements
44.94071578979492,118.16656494140625,>,>
-27.001426696777344,4.198925018310547,identifier,HASH_TABLE_MAX_SIZE
-74.16020202636719,122.77734375,),)
153.08140563964844,2.037419319152832,{,{
190.68740844726562,46.808868408203125,new,new
-36.22987747192383,52.991573333740234,identifier,IllegalArgumentException
86.1146469116211,-136.5199737548828,(,(
-21.293012619018555,9.606152534484863,"""","""exceeds maximum number of buckets; numElements="""
16.654052734375,-76.58068084716797,+,+
-54.71066665649414,-22.551156997680664,identifier,numElements
-37.48772430419922,179.43585205078125,),)
-159.24887084960938,10.692630767822266,;,;
74.52920532226562,52.75270462036133,},}
130.771484375,57.501564025878906,if,if
149.7970733642578,-98.47901916503906,(,(
-55.58196258544922,-22.86127471923828,identifier,numElements
45.66442108154297,99.50475311279297,==,==
-62.98839569091797,142.7947235107422,),)
78.8772201538086,157.01544189453125,return,return
-184.72390747070312,-31.03386878967285,;,;
135.57313537597656,58.727821350097656,if,if
150.16043090820312,-98.01811218261719,(,(
-55.55167007446289,-22.96192741394043,identifier,numElements
29.36358642578125,86.67469024658203,<,<
-62.93043518066406,142.79562377929688,),)
79.36616516113281,158.51394653320312,return,return
-55.215538024902344,-23.218353271484375,identifier,numElements
-163.67852783203125,-41.77509689331055,;,;
-34.80825424194336,-19.912960052490234,identifier,sizeAfterLoadFactor
94.75492858886719,10.587430953979492,=,=
93.6992416381836,-102.962158203125,(,(
-43.927337646484375,142.184326171875,),)
92.89232635498047,-104.66950225830078,(,(
90.1948013305664,-100.67745208740234,(,(
-45.959110260009766,143.43093872070312,),)
-55.18860626220703,-23.290422439575195,identifier,numElements
-42.701961517333984,171.69091796875,),)
-158.14755249023438,-38.78387451171875,;,;
-31.280948638916016,-23.28702163696289,identifier,bits
97.49267578125,-5.418332576751709,=,=
-77.48145294189453,33.776222229003906,identifier,Integer
-5.640864849090576,-185.95144653320312,.,.
-17.396759033203125,14.438444137573242,identifier,numberOfLeadingZeros
86.28418731689453,-120.46482849121094,(,(
-35.013580322265625,-19.759519577026367,identifier,sizeAfterLoadFactor
-44.381385803222656,171.60264587402344,),)
-150.21652221679688,-24.26386070251465,;,;
71.6490478515625,159.02992248535156,return,return
-31.271150588989258,-23.28190040588379,identifier,bits
-182.630859375,16.330154418945312,;,;
107.6512451171875,119.53484344482422,},}
21.066362380981445,76.05518341064453,<,<
-62.37430191040039,46.82382583618164,identifier,T
46.23408508300781,128.21971130371094,>,>
-40.53296661376953,9.179760932922363,identifier,QueryResults
21.999900817871094,78.02001953125,<,<
-62.21800231933594,47.443641662597656,identifier,T
45.80253601074219,127.7541275024414,>,>
-35.93472671508789,28.11679458618164,identifier,queryNormal
109.75044250488281,-48.01835632324219,(,(
-38.34553527832031,15.507784843444824,identifier,EntityQuery
-52.86129379272461,2.1243844032287598,identifier,query
-99.76435089111328,-98.19402313232422,",",","
-64.0240478515625,-8.751336097717285,identifier,chunkSize
-95.89090728759766,100.59042358398438,),)
175.2847137451172,-17.72532844543457,{,{
28.57246208190918,26.058269500732422,identifier,log
-18.56401824951172,-168.05393981933594,.,.
-27.602590560913086,39.443973541259766,identifier,trace
83.8513412475586,-139.34262084960938,(,(
-20.766109466552734,10.391438484191895,"""","""Starting normal query"""
-40.91155242919922,161.98033142089844,),)
-161.75782775878906,-37.732662200927734,;,;
-40.17470932006836,15.834315299987793,identifier,LoadEngine
-15.530460357666016,-14.419189453125,identifier,loadEngine
96.96111297607422,2.4507899284362793,=,=
-26.556196212768555,12.146099090576172,identifier,loader
-13.792045593261719,-191.65733337402344,.,.
-14.02846622467041,21.405967712402344,identifier,createLoadEngine
77.96187591552734,-61.56804656982422,(,(
-19.29681968688965,122.06017303466797,),)
-161.33848571777344,-36.951698303222656,;,;
-40.06990432739258,8.9417085647583,identifier,QueryResults
26.66844367980957,80.4312973022461,<,<
-38.34680938720703,15.258035659790039,identifier,Entity
44.93954086303711,123.75897979736328,>,>
-42.95578384399414,-21.599897384643555,identifier,entityResults
96.98184967041016,2.2166543006896973,=,=
10.987142562866211,-14.369331359863281,identifier,ds
-11.03973388671875,-188.83856201171875,.,.
-27.117856979370117,43.8513298034668,identifier,run
83.39250946044922,-112.71672058105469,(,(
-52.862735748291016,2.1250243186950684,identifier,query
-39.858741760253906,184.72007751464844,),)
-161.00830078125,-36.5865364074707,;,;
-39.95436096191406,8.875530242919922,identifier,QueryResults
26.762590408325195,80.71588134765625,<,<
-23.51578712463379,9.033501625061035,identifier,com
1.5415892601013184,-162.62481689453125,.,.
-24.09437370300293,8.512418746948242,identifier,google
2.173389434814453,-162.63893127441406,.,.
-24.232511520385742,7.664792537689209,identifier,cloud
2.4953794479370117,-162.64060974121094,.,.
-22.61356544494629,9.703006744384766,identifier,datastore
3.348771810531616,-162.55474853515625,.,.
-41.18245315551758,4.562061309814453,identifier,Key
44.60346221923828,123.18128967285156,>,>
-32.839046478271484,-21.673063278198242,identifier,stuffed
88.19304656982422,5.397069931030273,=,=
195.4735870361328,42.13398361206055,new,new
-37.988197326660156,8.766748428344727,identifier,StuffingQueryResults
92.46971130371094,-114.04096984863281,(,(
-15.054450035095215,-13.604060173034668,identifier,loadEngine
-97.77992248535156,-123.6404037475586,",",","
-43.002479553222656,-21.624080657958984,identifier,entityResults
-41.77468490600586,179.07232666015625,),)
-160.69573974609375,-36.447425842285156,;,;
-39.863555908203125,8.831487655639648,identifier,QueryResults
26.612634658813477,80.78620910644531,<,<
-41.182212829589844,4.566141605377197,identifier,Key
26.036922454833984,81.68000793457031,<,<
-60.98661422729492,47.64651107788086,identifier,T
41.3924560546875,123.22686004638672,>,>
45.448509216308594,122.38451385498047,>,>
-43.840110778808594,-21.825946807861328,identifier,keyResults
88.12206268310547,5.102031230926514,=,=
195.9336700439453,43.1898078918457,new,new
-38.729679107666016,8.93610668182373,identifier,KeyQueryResults
17.734935760498047,67.71029663085938,<,<>
94.43460083007812,-111.33856964111328,(,(
-32.83229446411133,-21.649150848388672,identifier,stuffed
-42.455142974853516,182.18753051757812,),)
-150.73748779296875,-25.851404190063477,;,;
73.07394409179688,159.8668670654297,return,return
193.9976043701172,47.23965835571289,new,new
-38.455787658691406,8.970808982849121,identifier,HybridQueryResults
17.66526985168457,67.58321380615234,<,<>
94.91219329833984,-112.67622375488281,(,(
-15.026348114013672,-13.538368225097656,identifier,loadEngine
-98.43328094482422,-122.30638122558594,",",","
-43.75837326049805,-21.915910720825195,identifier,keyResults
-100.38572692871094,-125.62559509277344,",",","
-64.02818298339844,-8.755492210388184,identifier,chunkSize
-53.1552734375,180.12063598632812,),)
-173.87374877929688,21.775827407836914,;,;
106.38607025146484,119.83103942871094,},}
-38.530086517333984,28.656389236450195,identifier,CalendarDate
-24.522632598876953,36.09128952026367,identifier,of
115.69670867919922,-43.38670349121094,(,(
-63.796993255615234,21.075332641601562,identifier,Calendar
-70.0441665649414,-26.952131271362305,identifier,cal
-94.24334716796875,-98.37774658203125,",",","
-68.9990005493164,-1.3739100694656372,identifier,year
-96.134033203125,-102.41448211669922,",",","
-68.53125762939453,-2.612785577774048,identifier,monthOfYear
-96.5779800415039,-102.89273071289062,",",","
-69.72225189208984,-4.4611287117004395,identifier,dayOfMonth
-96.71867370605469,-102.92744445800781,",",","
-67.03750610351562,-4.022755146026611,identifier,hourOfDay
-97.1559066772461,-103.01495361328125,",",","
-66.32281494140625,-4.4354939460754395,identifier,minuteOfHour
-97.74504089355469,-102.90393829345703,",",","
-66.02130126953125,-4.599010944366455,identifier,secondOfMinute
-97.89669036865234,101.50785827636719,),)
175.07492065429688,-20.00218391418457,{,{
-40.23521423339844,17.443225860595703,identifier,Chronology
-29.058439254760742,-43.330078125,identifier,base
96.18669891357422,5.232280254364014,=,=
-63.68170928955078,20.74562644958496,identifier,Calendar
-16.227506637573242,-189.5087127685547,.,.
-8.895804405212402,27.696561813354492,identifier,getChronology
88.91478729248047,-110.54975128173828,(,(
-69.89392852783203,-27.362815856933594,identifier,cal
-38.92589569091797,186.7416534423828,),)
-156.9002227783203,-42.10243225097656,;,;
-46.5389404296875,19.306550979614258,identifier,DateTime
-17.339113235473633,-30.097490310668945,identifier,dt
87.68569946289062,6.724338054656982,=,=
197.35069274902344,42.760215759277344,new,new
-46.54145431518555,19.30452537536621,identifier,DateTime
93.88723754882812,-114.02000427246094,(,(
-69.02301788330078,-1.3206477165222168,identifier,year
-98.86080932617188,-120.36186981201172,",",","
-68.53584289550781,-2.6306865215301514,identifier,monthOfYear
-101.71923065185547,-119.13423919677734,",",","
-69.7304916381836,-4.468362331390381,identifier,dayOfMonth
-101.9231185913086,-119.22301483154297,",",","
-67.06317901611328,-4.058114051818848,identifier,hourOfDay
-102.07337951660156,-119.50648498535156,",",","
-66.427978515625,-4.53167200088501,identifier,minuteOfHour
-102.34807586669922,-119.85677337646484,",",","
-66.18168640136719,-4.724580764770508,identifier,secondOfMinute
-101.87421417236328,-122.3879165649414,",",","
-29.403730392456055,-44.720306396484375,identifier,base
-45.062564849853516,183.092529296875,),)
-185.8382110595703,-23.520387649536133,;,;
135.6631317138672,55.42802047729492,if,if
156.1290740966797,-95.52461242675781,(,(
-63.642913818359375,20.626100540161133,identifier,Calendar
0.6939902901649475,-182.13731384277344,.,.
-5.515992641448975,20.260095596313477,identifier,isDefaultChronology
81.69479370117188,-111.3928451538086,(,(
-69.82189178466797,-27.558778762817383,identifier,cal
-27.842517852783203,163.3317108154297,),)
-60.656898498535156,144.79713439941406,),)
-17.110807418823242,-29.877504348754883,identifier,dt
91.25257110595703,-4.871121883392334,=,=
-16.461589813232422,-29.177614212036133,identifier,dt
-6.791268348693848,-184.4623260498047,.,.
-5.835190773010254,19.161108016967773,identifier,withChronology
90.31015014648438,-124.61845397949219,(,(
-63.640804290771484,20.627490997314453,identifier,Calendar
0.5799363851547241,-181.56997680664062,.,.
-8.549835205078125,27.444538116455078,identifier,getChronology
81.70903778076172,-111.64662170410156,(,(
-69.81228637695312,-27.58422088623047,identifier,cal
-27.8692684173584,163.7522430419922,),)
-55.419464111328125,160.69932556152344,),)
-157.5668487548828,-27.64344024658203,;,;
-17.020729064941406,-29.796648025512695,identifier,dt
91.18065643310547,-4.894583702087402,=,=
-16.442005157470703,-29.196393966674805,identifier,dt
-6.759742259979248,-184.35626220703125,.,.
-5.87487268447876,18.954137802124023,identifier,withZone
89.99224853515625,-124.82318115234375,(,(
-12.915205955505371,9.645798683166504,identifier,DateTimeZone
7.862105846405029,-173.37135314941406,.,.
-21.492042541503906,1.8885962963104248,identifier,UTC
-43.266387939453125,174.58822631835938,),)
-150.5114288330078,-25.32168960571289,;,;
73.00579833984375,160.07342529296875,return,return
194.08079528808594,46.83164978027344,new,new
-36.68565368652344,10.840964317321777,identifier,CalendarDate
87.15186309814453,-118.65464782714844,(,(
-69.80911254882812,-27.593555450439453,identifier,cal
-99.70862579345703,-126.86713409423828,",",","
-16.371742248535156,-29.366933822631836,identifier,dt
-53.28965759277344,179.64334106445312,),)
-174.3513946533203,21.517332077026367,;,;
107.18073272705078,119.05145263671875,},}
-34.438385009765625,33.012142181396484,identifier,createRuleFlowSampleLauncher
114.04407501220703,-46.41368865966797,(,(
-35.72105407714844,21.555334091186523,identifier,IJavaProject
-53.710018157958984,4.934714317321777,identifier,project
-94.77388000488281,106.5890121459961,),)
-34.640350341796875,21.323383331298828,identifier,JavaModelException
-102.89445495605469,-104.49368286132812,",",","
-43.40952682495117,48.62466049194336,identifier,IOException
181.34080505371094,-20.949966430664062,{,{
-81.72681427001953,39.79289245605469,identifier,String
-15.687854766845703,-46.630615234375,identifier,s
-156.99057006835938,-43.95591735839844,;,;
-41.61653518676758,15.758075714111328,identifier,Version
-11.401201248168945,-35.36186599731445,identifier,version
98.96678924560547,3.8829257488250732,=,=
-25.651180267333984,13.502775192260742,identifier,startPage
-15.575160026550293,-191.65060424804688,.,.
-9.751993179321289,30.667253494262695,identifier,getRuntime
76.59272003173828,-66.56494903564453,(,(
-28.948862075805664,134.68467712402344,),)
-22.79570198059082,-154.70164489746094,.,.
-1.1009681224822998,38.00960159301758,identifier,getVersion
71.91999053955078,-66.23837280273438,(,(
-16.96611976623535,125.42227172851562,),)
-185.33303833007812,-26.751543045043945,;,;
138.88558959960938,54.29136276245117,if,if
152.5020294189453,-99.717529296875,(,(
-10.606867790222168,-34.4212532043457,identifier,version
2.788668394088745,-186.0087127685547,.,.
-13.632061958312988,46.32644271850586,identifier,getMajor
68.29545593261719,-61.98072814941406,(,(
-27.847705841064453,141.33981323242188,),)
43.83919906616211,98.68408203125,==,==
-71.2579574584961,130.43768310546875,),)
165.28094482421875,-5.87918758392334,{,{
-16.080459594726562,-47.46124267578125,identifier,s
85.95820617675781,-3.3640520572662354,=,=
-23.434106826782227,6.821825981140137,"""","""org/drools/eclipse/wizard/project/RuleFlowLauncherSample_4.java.template"""
-156.60130310058594,8.24161434173584,;,;
77.9431381225586,54.78638458251953,},}
83.74071502685547,46.32931137084961,else,else
134.04925537109375,62.24625015258789,if,if
149.1293182373047,-97.44731140136719,(,(
-10.521201133728027,-34.31114196777344,identifier,version
2.7339868545532227,-185.27357482910156,.,.
-13.644201278686523,46.30510330200195,identifier,getMajor
68.0219955444336,-62.365936279296875,(,(
-27.47672462463379,141.01309204101562,),)
43.81499481201172,98.4026107788086,==,==
-10.48416805267334,-34.24320983886719,identifier,version
2.6210415363311768,-185.11827087402344,.,.
-13.953351020812988,45.8018798828125,identifier,getMinor
67.83468627929688,-62.55046844482422,(,(
-27.304019927978516,141.22470092773438,),)
43.97319793701172,99.32135772705078,==,==
-71.72784423828125,130.2550506591797,),)
164.4924774169922,-5.8300700187683105,{,{
-16.118215560913086,-47.60887145996094,identifier,s
85.98843383789062,-3.3669259548187256,=,=
-23.158571243286133,6.279679298400879,"""","""org/drools/eclipse/wizard/project/RuleFlowLauncherSample.java.template"""
-156.53347778320312,8.238992691040039,;,;
77.81136322021484,54.96553421020508,},}
83.84848022460938,46.35822677612305,else,else
133.72015380859375,62.55158996582031,if,if
148.50308227539062,-97.53826141357422,(,(
-10.479945182800293,-34.267478942871094,identifier,version
2.7550926208496094,-184.9134063720703,.,.
-13.641178131103516,46.31147384643555,identifier,getMajor
67.85752868652344,-62.506710052490234,(,(
-27.14341926574707,141.1316680908203,),)
43.76839828491211,98.6045913696289,==,==
-71.87640380859375,130.60902404785156,),)
164.3751220703125,-5.8075761795043945,{,{
-16.14359474182129,-47.71247100830078,identifier,s
85.98944854736328,-3.3817248344421387,=,=
-23.02827262878418,6.124505519866943,"""","""org/drools/eclipse/wizard/project/ProcessLauncherSample_bpmn_5.java.template"""
-156.44918823242188,8.242498397827148,;,;
77.48892974853516,55.53086853027344,},}
86.99089050292969,45.173789978027344,else,else
159.6953887939453,-10.236207008361816,{,{
-16.150882720947266,-47.8342170715332,identifier,s
85.98511505126953,-3.4034998416900635,=,=
-22.83401870727539,5.703367710113525,"""","""org/drools/eclipse/wizard/project/ProcessLauncherSample_bpmn_6.java.template"""
-156.21231079101562,8.267580032348633,;,;
69.82148742675781,63.88431167602539,},}
-14.119189262390137,17.444061279296875,identifier,createProjectJavaFile
91.90928649902344,-116.11975860595703,(,(
-53.71217346191406,4.933373928070068,identifier,project
-97.62317657470703,-121.57601165771484,",",","
-16.9367733001709,-48.648963928222656,identifier,s
-92.56265258789062,-129.06674194335938,",",","
-17.081857681274414,4.641059398651123,"""","""ProcessTest.java"""
-46.08604431152344,164.55133056640625,),)
-174.4773712158203,23.847633361816406,;,;
109.36351013183594,121.63372039794922,},}
-32.044456481933594,36.999794006347656,identifier,initializeControls
84.92395782470703,-60.11481475830078,(,(
-30.200305938720703,121.86602020263672,),)
181.14865112304688,-14.448689460754395,{,{
149.54957580566406,57.98249816894531,if,if
155.54859924316406,-104.43961334228516,(,(
-44.799461364746094,-17.944551467895508,identifier,originalFile
54.01478576660156,103.59276580810547,!=,!=
-70.654052734375,125.63699340820312,),)
167.9100799560547,-3.528013229370117,{,{
-19.24250602722168,-9.036750793457031,identifier,resourceGroup
-17.88663673400879,-180.33700561523438,.,.
-20.468645095825195,15.397526741027832,identifier,setContainerFullPath
93.40518951416016,-123.25190734863281,(,(
-44.64582824707031,-18.04351806640625,identifier,originalFile
-0.9536429047584534,-180.3076629638672,.,.
-9.751749992370605,39.299739837646484,identifier,getParent
59.32567596435547,-65.94267272949219,(,(
-27.797592163085938,135.75,),)
-22.045358657836914,-154.03575134277344,.,.
-11.226147651672363,37.04377365112305,identifier,getFullPath
67.24579620361328,-66.074462890625,(,(
-19.269855499267578,149.30133056640625,),)
-56.88956832885742,158.64064025878906,),)
-157.48448181152344,-41.08171081542969,;,;
-83.00264739990234,38.887062072753906,identifier,String
-44.2866096496582,-39.93044662475586,identifier,fileName
98.92431640625,0.061299871653318405,=,=
-44.58759689331055,-18.06827163696289,identifier,originalFile
-12.67172908782959,-186.4773712158203,.,.
-5.697311878204346,39.76082229614258,identifier,getName
71.59417724609375,-66.7962646484375,(,(
-18.51369285583496,126.34693908691406,),)
-159.05001831054688,-40.4502067565918,;,;
-62.496299743652344,-45.51374053955078,identifier,index
95.91046905517578,-2.9578521251678467,=,=
-44.14387130737305,-40.97645950317383,identifier,fileName
-10.361230850219727,-191.33924865722656,.,.
14.712577819824219,15.526237487792969,identifier,lastIndexOf
75.38414764404297,-128.13059997558594,(,(
-12.071818351745605,3.067662477493286,"""","""."""
-40.47504425048828,166.49559020996094,),)
-184.04550170898438,-24.558443069458008,;,;
139.1164093017578,57.02208709716797,if,if
148.26144409179688,-101.19922637939453,(,(
-64.04154205322266,-44.244102478027344,identifier,index
55.48048400878906,105.49852752685547,!=,!=
-73.31327056884766,129.8054962158203,),)
163.7559051513672,-6.34519100189209,{,{
-44.24079132080078,-40.157047271728516,identifier,fileName
89.85987091064453,-1.2205605506896973,=,=
-44.137420654296875,-40.96120071411133,identifier,fileName
-7.852414131164551,-188.55909729003906,.,.
19.592500686645508,10.885797500610352,identifier,substring
72.1712875366211,-128.44906616210938,(,(
-100.5478744506836,-131.09982299804688,",",","
-64.8158950805664,-43.167625427246094,identifier,index
-46.0532112121582,182.49050903320312,),)
-162.8238525390625,13.516570091247559,;,;
70.74951934814453,60.86154556274414,},}
-44.24046325683594,-40.19667053222656,identifier,fileName
-15.636573791503906,4.4911675453186035,"""","""-image.png"""
-163.46710205078125,-27.90595817565918,;,;
-19.25018310546875,-9.075030326843262,identifier,resourceGroup
-10.237300872802734,-174.6515655517578,.,.
8.770285606384277,35.85565948486328,identifier,setResource
83.33110046386719,-116.91963195800781,(,(
-44.26665496826172,-40.78618621826172,identifier,fileName
-46.01459503173828,184.4573516845703,),)
-164.2891082763672,11.494325637817383,;,;
79.16983032226562,55.87560272216797,},}
84.64445495605469,46.60186767578125,else,else
133.78616333007812,63.167076110839844,if,if
145.6872100830078,-97.99467468261719,(,(
-45.19025421142578,-32.140933990478516,identifier,originalName
55.87144088745117,102.2289047241211,!=,!=
-75.52001190185547,128.50384521484375,),)
160.94384765625,-3.607255697250366,{,{
-19.247737884521484,-9.091598510742188,identifier,resourceGroup
-9.70811653137207,-174.38414001464844,.,.
8.779980659484863,35.866539001464844,identifier,setResource
83.27298736572266,-117.12232208251953,(,(
-45.207889556884766,-32.17005920410156,identifier,originalName
-46.68509292602539,178.42198181152344,),)
-167.49952697753906,13.757360458374023,;,;
70.24844360351562,63.92304229736328,},}
-9.230842590332031,14.340600967407227,identifier,setDialogComplete
87.68231201171875,-120.62194061279297,(,(
-14.458464622497559,10.446318626403809,identifier,validatePage
64.40156555175781,-74.22032165527344,(,(
-15.4348783493042,144.07342529296875,),)
-53.990230560302734,165.448974609375,),)
-175.09475708007812,22.966089248657227,;,;
109.57154083251953,120.43497467041016,},}
21.017942428588867,76.06644439697266,<,<
-62.420631408691406,46.65180587768555,identifier,T
-79.2447738647461,0.9435619115829468,identifier,Entry
22.236581802368164,78.7607650756836,<,<
-62.42362976074219,47.70381164550781,identifier,T
-92.530517578125,-110.13939666748047,",",","
40.897300720214844,126.5526123046875,>,>
45.47975540161133,128.8189697265625,>,>
-61.176326751708984,45.06352615356445,identifier,T
-30.77488899230957,31.237337112426758,identifier,findStructural
113.28286743164062,-50.12272644042969,(,(
-79.24552917480469,0.9471322894096375,identifier,Entry
23.626972198486328,80.45436096191406,<,<
-62.13740921020508,47.894222259521484,identifier,T
-92.52989196777344,-110.16234588623047,",",","
41.8900146484375,126.55880737304688,>,>
-77.90679931640625,-1.2531495094299316,identifier,entry
-95.85382843017578,99.62178802490234,),)
177.65419006347656,-19.75177574157715,{,{
-25.339725494384766,-40.33631134033203,identifier,h
99.98502349853516,5.063225269317627,=,=
-79.16441345214844,-2.187674045562744,identifier,entry
-14.331209182739258,-192.65606689453125,.,.
-6.464040756225586,9.815735816955566,identifier,structuralHashCode
75.7618179321289,-61.55010986328125,(,(
-16.98261070251465,123.84127044677734,),)
-159.1874542236328,-41.33617401123047,;,;
-66.9991226196289,-53.95890426635742,identifier,i
96.1928939819336,-4.1768975257873535,=,=
-16.150598526000977,17.76432228088379,identifier,indexFor
91.23611450195312,-109.49152374267578,(,(
-25.447546005249023,-40.82133483886719,identifier,h
-94.52699279785156,-121.92697143554688,",",","
-30.71269416809082,-1.7194095849990845,identifier,buckets
10.049908638000488,-187.3463134765625,.,.
-49.98239517211914,-74.28689575195312,identifier,length
-35.12016296386719,181.99530029296875,),)
-156.49290466308594,-40.341251373291016,;,;
-60.760040283203125,45.23295211791992,identifier,T
17.371606826782227,-43.19182205200195,identifier,result
83.50593566894531,5.005086898803711,=,=
-183.19161987304688,-32.2384033203125,;,;
129.6349334716797,45.54074478149414,for,for
138.0906524658203,-88.18264770507812,(,(
-46.62034225463867,27.525257110595703,identifier,E
-20.615686416625977,-43.8951301574707,identifier,r
88.89518737792969,-5.984418869018555,=,=
-30.720190048217773,-1.7323020696640015,identifier,buckets
-72.3069839477539,-59.67413330078125,identifier,i
-169.2001190185547,-36.611690521240234,;,;
-21.03061866760254,-43.530250549316406,identifier,r
57.0993537902832,103.7470474243164,!=,!=
-169.8810272216797,-37.34789276123047,;,;
-20.888782501220703,-43.666988372802734,identifier,r
89.59077453613281,-5.764466762542725,=,=
-21.313005447387695,-42.99954605102539,identifier,r
-8.523921012878418,-191.052734375,.,.
-18.42009925842285,29.55072784423828,identifier,getNext
69.51617431640625,-71.02711486816406,(,(
-22.808862686157227,144.8673858642578,),)
-81.03462219238281,137.15325927734375,),)
176.79713439941406,-7.885831356048584,{,{
144.57498168945312,61.27294921875,if,if
149.23121643066406,-93.21268463134766,(,(
-21.39250946044922,-42.942718505859375,identifier,r
5.1916937828063965,-180.58786010742188,.,.
-6.730888843536377,9.750060081481934,identifier,structuralHashCode
68.30708312988281,-69.9080581665039,(,(
-25.76969337463379,140.11448669433594,),)
43.868839263916016,96.53285217285156,==,==
-25.48786163330078,-40.92409133911133,identifier,h
89.61495208740234,-103.94359588623047,(,(
18.763662338256836,-38.31336975097656,identifier,result
88.96712493896484,-4.889638900756836,=,=
-79.29885864257812,-2.334282398223877,identifier,entry
5.884337425231934,-178.59043884277344,.,.
-6.9653167724609375,9.726934432983398,identifier,structuralEquals
77.06046295166016,-112.47465515136719,(,(
-21.861305236816406,-43.15866470336914,identifier,r
-26.709163665771484,165.06204223632812,),)
-51.723331451416016,160.8602294921875,),)
54.89860916137695,101.1659164428711,!=,!=
-62.67546463012695,147.05636596679688,),)
76.72338104248047,158.87591552734375,return,return
16.470157623291016,-38.02912902832031,identifier,result
-175.30368041992188,11.58800220489502,;,;
74.57460021972656,65.1511001586914,},}
70.83654022216797,165.3241424560547,return,return
-178.41490173339844,15.611550331115723,;,;
108.45602416992188,116.36206817626953,},}
-34.73688507080078,32.384178161621094,identifier,activatedServiceWhichDefineEventAsInitial
114.04603576660156,-46.990604400634766,(,(
-52.16944122314453,11.182156562805176,identifier,ServiceComponent
-52.76670837402344,9.451639175415039,identifier,serviceComponent
-94.2760009765625,102.96678924560547,),)
175.8174591064453,-20.06855010986328,{,{
-20.7012939453125,57.34713363647461,identifier,SortedSet
26.155376434326172,76.91673278808594,<,<
-52.39040756225586,10.945606231689453,identifier,ServiceComponent
46.45832824707031,124.72769165039062,>,>
-32.49238586425781,-14.264059066772461,identifier,activeServicesWhichDefineEventAsInitial
89.76729583740234,7.325039863586426,=,=
199.03834533691406,41.441017150878906,new,new
-20.62620735168457,57.08098220825195,identifier,TreeSet
27.24764060974121,78.97718811035156,<,<
-52.46957778930664,10.819744110107422,identifier,ServiceComponent
43.31418228149414,121.49798583984375,>,>
95.01625061035156,-109.51394653320312,(,(
198.64447021484375,45.95565414428711,new,new
-32.1012077331543,8.932692527770996,identifier,ActiveServicesWhichDefineEventAsInitialComparator
72.2115478515625,-60.32362365722656,(,(
-20.23737335205078,150.84304809570312,),)
-58.66709518432617,158.2632293701172,),)
-155.64686584472656,-42.029144287109375,;,;
-51.04531478881836,13.555669784545898,identifier,ServiceID
-38.41766357421875,-31.854040145874023,identifier,oldVersion
97.81556701660156,1.3143987655639648,=,=
-52.777427673339844,10.01064682006836,identifier,serviceComponent
-15.156047821044922,-189.5045166015625,.,.
-10.253569602966309,28.51811981201172,identifier,getOldVersion
76.56749725341797,-64.99159240722656,(,(
-17.32567596435547,125.215087890625,),)
-185.19700622558594,-26.517152786254883,;,;
138.3296356201172,55.20353698730469,if,if
152.02110290527344,-102.85982513427734,(,(
-41.74721908569336,-32.50424575805664,identifier,oldVersion
47.228431701660156,100.89523315429688,==,==
-72.38868713378906,126.2818832397461,),)
166.03903198242188,-4.677758693695068,{,{
-31.934812545776367,-13.561716079711914,identifier,activeServicesWhichDefineEventAsInitial
-13.544525146484375,-181.00770568847656,.,.
4.86909294128418,19.612953186035156,identifier,addAll
76.96961975097656,-119.2265625,(,(
-3.0070199966430664,-159.46731567382812,.,.
-32.09854507446289,-13.719551086425781,identifier,activeServicesWhichDefineEventAsInitial
-39.92909240722656,178.2152862548828,),)
-159.68614196777344,9.363422393798828,;,;
79.11959838867188,54.57978820800781,},}
86.10985565185547,45.20943069458008,else,else
161.36021423339844,-12.023179054260254,{,{
128.9684600830078,43.96747970581055,for,for
138.0772705078125,-89.11190032958984,(,(
-52.278873443603516,11.172662734985352,identifier,ServiceComponent
-31.727357864379883,-11.018006324768066,identifier,existentServiceComponent
-3.119274139404297,-159.22848510742188,.,.
-31.987022399902344,-13.719711303710938,identifier,activeServicesWhichDefineEventAsInitial
-77.77616119384766,122.93841552734375,),)
175.83029174804688,-7.938740253448486,{,{
144.69735717773438,60.406803131103516,if,if
155.54273986816406,-95.25453186035156,(,(
-31.733736038208008,-11.027985572814941,identifier,existentServiceComponent
-1.0295219421386719,-182.54019165039062,.,.
-8.403124809265137,33.956905364990234,identifier,getServiceID
67.67584991455078,-69.43830871582031,(,(
-26.722593307495117,136.52041625976562,),)
-19.94756317138672,-154.51394653320312,.,.
28.98073387145996,9.849931716918945,identifier,equals
78.80796813964844,-111.60557556152344,(,(
-41.688236236572266,-32.52656173706055,identifier,oldVersion
-28.943281173706055,161.81454467773438,),)
-77.71753692626953,135.25643920898438,),)
161.73899841308594,-0.9499852061271667,{,{
-31.56440544128418,-13.601521492004395,identifier,activeServicesWhichDefineEventAsInitial
-9.21530818939209,-177.90548706054688,.,.
4.879375457763672,16.12589454650879,identifier,add
80.0479507446289,-122.60237884521484,(,(
-31.728214263916016,-11.043676376342773,identifier,existentServiceComponent
-47.98126983642578,177.0483856201172,),)
-166.05368041992188,16.683971405029297,;,;
88.40129852294922,65.56759643554688,},}
85.10897827148438,67.20775604248047,},}
69.66555786132812,65.74298858642578,},}
-31.19369125366211,-13.795808792114258,identifier,activeServicesWhichDefineEventAsInitial
-9.903687477111816,-178.45506286621094,.,.
4.830623626708984,15.104964256286621,identifier,add
79.78379821777344,-122.23699188232422,(,(
-52.91114044189453,9.43909740447998,identifier,serviceComponent
-43.795265197753906,180.48849487304688,),)
-152.8379364013672,-31.298662185668945,;,;
-6.254910469055176,-157.84947204589844,.,.
-31.025747299194336,-14.0195951461792,identifier,activeServicesWhichDefineEventAsInitial
87.45205688476562,-0.38642364740371704,=,=
-31.0142765045166,-14.307952880859375,identifier,activeServicesWhichDefineEventAsInitial
-180.464599609375,18.337987899780273,;,;
108.3190689086914,121.89833068847656,},}
-34.45545196533203,39.54034423828125,identifier,stop
111.61721801757812,-43.667545318603516,(,(
-59.91394805908203,-3.1873018741607666,identifier,timeoutMS
-94.09778594970703,105.33163452148438,),)
-46.60606384277344,50.36024856567383,identifier,Exception
183.19679260253906,-20.035402297973633,{,{
28.57274055480957,26.054006576538086,identifier,log
-18.78886604309082,-168.2827911376953,.,.
16.296112060546875,34.538230895996094,identifier,info
83.7346420288086,-139.34481811523438,(,(
-21.972396850585938,10.403501510620117,"""","""Robot Framework remote server stopping"""
-41.518558502197266,161.21359252929688,),)
-188.0803680419922,-24.571624755859375,;,;
136.74771118164062,53.990108489990234,if,if
152.1036376953125,-102.04541778564453,(,(
-59.66569900512695,-2.886885404586792,identifier,timeoutMS
45.684017181396484,115.81979370117188,>,>
-70.81970977783203,128.8526153564453,),)
167.31617736816406,-5.280762195587158,{,{
24.37581443786621,-11.335705757141113,identifier,server
-17.309423446655273,-170.42404174804688,.,.
-20.03357696533203,14.267813682556152,identifier,setGracefulShutdown
86.23188781738281,-114.18682861328125,(,(
-59.74877166748047,-2.9673123359680176,identifier,timeoutMS
-39.399288177490234,182.34115600585938,),)
-154.6779327392578,-41.711585998535156,;,;
-59.43381881713867,33.5653076171875,identifier,Thread
-27.3829288482666,-13.61837100982666,identifier,stopper
89.83258056640625,5.621703624725342,=,=
196.26901245117188,40.515968322753906,new,new
-59.42760467529297,33.56587219238281,identifier,Thread
78.98849487304688,-62.24660110473633,(,(
-29.055795669555664,124.9426498413086,),)
172.47549438476562,-5.933842658996582,{,{
69.86862182617188,45.88153076171875,identifier,Override
-27.195772171020508,43.831993103027344,identifier,run
74.77725219726562,-77.45487213134766,(,(
-29.54073143005371,125.05615997314453,),)
173.61436462402344,-7.092422962188721,{,{
155.8882293701172,-15.085332870483398,{,{
23.979381561279297,-11.257735252380371,identifier,server
-13.871953010559082,-170.12330627441406,.,.
1.283011555671692,7.847443103790283,identifier,stop
71.7654800415039,-76.32162475585938,(,(
-13.65286636352539,129.48260498046875,),)
-165.2108154296875,8.55467414855957,;,;
81.64566802978516,57.32345199584961,},}
135.67788696289062,-98.95684814453125,(,(
-49.828495025634766,53.71901321411133,identifier,Throwable
-27.455602645874023,-71.82129669189453,identifier,e
-81.7398910522461,127.04016876220703,),)
158.3551483154297,-3.7698066234588623,{,{
28.1707763671875,26.13337516784668,identifier,log
-15.763532638549805,-166.79635620117188,.,.
14.36086654663086,28.80084228515625,identifier,error
89.66048431396484,-127.72603607177734,(,(
-87.43846130371094,40.76232147216797,identifier,String
-1.5905109643936157,-171.62918090820312,.,.
-15.488645553588867,8.70411491394043,identifier,format
82.0704345703125,-137.1631317138672,(,(
-16.623201370239258,7.657334804534912,"""","""Failed to stop the server: %s"""
-107.01884460449219,-129.981689453125,",",","
-24.766630172729492,-71.28790283203125,identifier,e
1.222750186920166,-171.7203369140625,.,.
-0.9600215554237366,42.412174224853516,identifier,getMessage
61.875457763671875,-69.30658721923828,(,(
-17.247581481933594,145.96142578125,),)
-52.64939880371094,159.74781799316406,),)
-109.77621459960938,-125.10186004638672,",",","
-25.12392234802246,-69.87588500976562,identifier,e
-55.75608444213867,176.71337890625,),)
-165.4691162109375,16.297468185424805,;,;
88.44380950927734,66.32264709472656,},}
84.6238021850586,67.11724090576172,},}
81.34204864501953,66.50990295410156,},}
-162.30442810058594,-26.806711196899414,;,;
-27.264999389648438,-13.066783905029297,identifier,stopper
-10.848244667053223,-175.8369598388672,.,.
-1.1845134496688843,7.621227264404297,identifier,start
69.01680755615234,-75.9688491821289,(,(
-14.986473083496094,134.30056762695312,),)
-167.81602478027344,12.096242904663086,;,;
77.35755157470703,58.9217529296875,},}
87.02116394042969,46.51109313964844,else,else
156.8217315673828,-8.362070083618164,{,{
23.562509536743164,-11.263434410095215,identifier,server
-9.056448936462402,-170.66700744628906,.,.
1.2801302671432495,7.845993995666504,identifier,stop
67.51411437988281,-76.13768768310547,(,(
-13.36136531829834,135.06886291503906,),)
-173.6749267578125,19.50128746032715,;,;
89.80753326416016,71.98944854736328,},}
117.74666595458984,114.25379180908203,},}
-27.344436645507812,55.67086410522461,identifier,Collection
22.639951705932617,76.99836730957031,<,<
-85.38694763183594,44.712257385253906,identifier,String
45.53219985961914,126.62364196777344,>,>
-31.92981719970703,31.480871200561523,identifier,listHosts
113.9543685913086,-49.39017105102539,(,(
-42.567630767822266,29.96265983581543,identifier,JMX
-77.39991760253906,-22.085824966430664,identifier,jmx
-93.1311264038086,102.66937255859375,),)
175.62493896484375,-19.960186004638672,{,{
-21.54274559020996,58.92579650878906,identifier,Set
25.570404052734375,77.3823013305664,<,<
-51.3566780090332,17.53742218017578,identifier,ObjectName
45.75607681274414,124.11808776855469,>,>
-48.4941520690918,-28.147953033447266,identifier,objectNames
97.66065979003906,3.3952152729034424,=,=
-77.90238952636719,-22.151498794555664,identifier,jmx
-16.079105377197266,-191.05088806152344,.,.
-16.87198829650879,18.814109802246094,identifier,searchObjectNames
82.83956146240234,-138.925048828125,(,(
-22.72509002685547,9.08726978302002,"""","""GemFire:type=Member,member=*"""
-41.82347106933594,160.43255615234375,),)
-187.77828979492188,-25.119403839111328,;,;
138.0667266845703,54.6016731262207,if,if
152.3051300048828,-101.49456787109375,(,(
-49.32440948486328,-28.05805015563965,identifier,objectNames
47.021522521972656,100.3763656616211,==,==
-49.475921630859375,-28.06475067138672,identifier,objectNames
4.078272342681885,-187.70469665527344,.,.
4.6353020668029785,45.30985641479492,identifier,isEmpty
68.7299575805664,-58.77605438232422,(,(
-22.418697357177734,148.4738006591797,),)
-76.31242370605469,138.24745178222656,),)
155.8245849609375,3.048771858215332,{,{
76.66062927246094,154.87692260742188,return,return
-171.1923370361328,6.7190022468566895,;,;
68.90837097167969,59.01814651489258,},}
-19.840415954589844,55.11056137084961,identifier,HashSet
26.486148834228516,79.05432891845703,<,<
-86.56288146972656,41.52635192871094,identifier,String
44.434505462646484,123.77081298828125,>,>
-24.219593048095703,-20.3516845703125,identifier,hostLists
89.07524108886719,6.257294178009033,=,=
198.15924072265625,42.45515441894531,new,new
-19.908140182495117,55.102664947509766,identifier,HashSet
27.0197811126709,79.44635009765625,<,<
-86.88133239746094,41.5223274230957,identifier,String
42.527198791503906,121.46710968017578,>,>
94.56454467773438,-110.13829040527344,(,(
-49.54880142211914,-28.12435531616211,identifier,objectNames
8.154726028442383,-185.0537567138672,.,.
-49.81015396118164,-67.05384826660156,identifier,size
65.07754516601562,-61.475093841552734,(,(
-19.970258712768555,147.9946746826172,),)
-56.320682525634766,158.01724243164062,),)
-154.16375732421875,-39.024959564208984,;,;
-43.08855056762695,15.088159561157227,identifier,MemberMXBean
-25.40410804748535,-15.523396492004395,identifier,memberMXBean
84.08758544921875,4.6563591957092285,=,=
-183.01869201660156,-32.08013916015625,;,;
129.1607208251953,45.86919403076172,for,for
138.70864868164062,-89.41679382324219,(,(
-51.35622024536133,17.5429744720459,identifier,ObjectName
-52.126251220703125,-28.574304580688477,identifier,objectName
-49.6206169128418,-28.17507553100586,identifier,objectNames
-78.41678619384766,123.69811248779297,),)
165.2655487060547,-8.350914001464844,{,{
-25.32843780517578,-15.399815559387207,identifier,memberMXBean
90.72168731689453,0.01978871412575245,=,=
-78.11602020263672,-22.316238403320312,identifier,jmx
-9.095954895019531,-188.122802734375,.,.
-14.385781288146973,19.577428817749023,identifier,newBean
90.26057434082031,-123.94813537597656,(,(
-24.991979598999023,-14.671852111816406,identifier,MemberMXBean
11.36748218536377,-181.26939392089844,.,.
-101.3655776977539,-124.29561614990234,",",","
-52.130035400390625,-28.58924102783203,identifier,objectName
-46.27486801147461,180.63873291015625,),)
-159.44140625,-26.21579360961914,;,;
-24.1352481842041,-20.567888259887695,identifier,hostLists
-11.179137229919434,-173.2172088623047,.,.
4.566484451293945,15.964493751525879,identifier,add
80.92234802246094,-123.76556396484375,(,(
-24.99919319152832,-14.751567840576172,identifier,memberMXBean
-4.139072895050049,-173.93162536621094,.,.
-12.601702690124512,39.92213439941406,identifier,getHost
61.766666412353516,-72.0125732421875,(,(
-17.31285858154297,144.39027404785156,),)
-53.683170318603516,163.3486328125,),)
-168.77098083496094,16.379337310791016,;,;
74.31646728515625,63.8206672668457,},}
70.28582000732422,162.59066772460938,return,return
-24.09939193725586,-20.828975677490234,identifier,hostLists
-181.60179138183594,16.78566551208496,;,;
109.27421569824219,117.96780395507812,},}
-82.38972473144531,47.05091857910156,identifier,String
-33.73139572143555,31.8914852142334,identifier,getMetaDataForTableField
113.12858581542969,-47.187564849853516,(,(
-47.84479904174805,21.418548583984375,identifier,Form
-39.43544387817383,-10.648133277893066,identifier,formDefinitionParam
-98.6270751953125,-98.78761291503906,",",","
-40.62665939331055,-9.833702087402344,identifier,sumDecimalsParam
-95.77589416503906,102.04622650146484,),)
176.95970153808594,-20.044416427612305,{,{
-73.54027557373047,42.410526275634766,identifier,StringBuilder
-9.419724464416504,-25.138254165649414,identifier,returnBuffer
90.66948699951172,8.303885459899902,=,=
198.6670379638672,40.119136810302734,new,new
-73.2736587524414,42.338680267333984,identifier,StringBuilder
77.13309478759766,-60.80048751831055,(,(
-16.933446884155273,122.4412612915039,),)
-157.1957244873047,-42.87910079956055,;,;
-76.23242950439453,30.950780868530273,identifier,Long
-47.29824447631836,-35.75475311279297,identifier,definitionId
94.32440948486328,10.381664276123047,=,=
93.04620361328125,-102.36329650878906,(,(
-39.196754455566406,-11.110834121704102,identifier,formDefinitionParam
47.514259338378906,102.30812072753906,==,==
-45.93471145629883,153.50535583496094,),)
-39.12237548828125,-11.238668441772461,identifier,formDefinitionParam
-12.835142135620117,-184.6439666748047,.,.
-4.825350761413574,38.64069747924805,identifier,getId
70.8320083618164,-66.29264068603516,(,(
-19.778730392456055,124.30766296386719,),)
-155.05523681640625,-30.58064842224121,;,;
-9.20038890838623,-24.332216262817383,identifier,returnBuffer
-15.101613998413086,-176.51837158203125,.,.
9.674530982971191,14.14915943145752,identifier,append
83.18334197998047,-113.59530639648438,(,(
-48.81576156616211,-34.483604431152344,identifier,definitionId
-40.97832489013672,181.50942993164062,),)
-155.2233123779297,-30.168373107910156,;,;
-9.05435562133789,-24.05900001525879,identifier,returnBuffer
-14.890515327453613,-176.2078399658203,.,.
9.341336250305176,13.897997856140137,identifier,append
85.61213684082031,-127.28529357910156,(,(
-59.55910110473633,17.402196884155273,identifier,FieldMetaData
9.568475723266602,-171.05030822753906,.,.
-57.6895751953125,16.291658401489258,identifier,TableField
10.84769344329834,-171.3199005126953,.,.
-26.08383560180664,5.297701358795166,identifier,UNDERSCORE
-39.78779220581055,175.37950134277344,),)
-155.1765899658203,-29.72085189819336,;,;
-8.94881534576416,-23.920534133911133,identifier,returnBuffer
-14.627586364746094,-175.8444061279297,.,.
9.228804588317871,13.833610534667969,identifier,append
85.42247772216797,-127.31947326660156,(,(
-59.6036491394043,17.378372192382812,identifier,FieldMetaData
9.527278900146484,-170.95692443847656,.,.
-57.691871643066406,16.279817581176758,identifier,TableField
10.82805061340332,-171.19094848632812,.,.
-26.280954360961914,4.614657402038574,identifier,SUM_DECIMALS
-39.96824264526367,175.3162384033203,),)
-155.12527465820312,-29.414939880371094,;,;
-8.881370544433594,-23.832660675048828,identifier,returnBuffer
-14.418438911437988,-175.58299255371094,.,.
9.148134231567383,13.793618202209473,identifier,append
85.24703216552734,-127.34063720703125,(,(
-59.619083404541016,17.37091827392578,identifier,FieldMetaData
9.147163391113281,-170.7703399658203,.,.
-10.002185821533203,-1.4096603393554688,identifier,Decimal
10.325591087341309,-169.927734375,.,.
-25.004209518432617,0.24676187336444855,identifier,SQ_OPEN
-40.2126350402832,174.3573455810547,),)
-155.0896453857422,-29.00004005432129,;,;
-8.72873592376709,-23.652036666870117,identifier,returnBuffer
-14.054669380187988,-175.10977172851562,.,.
9.038895606994629,13.712124824523926,identifier,append
84.57539367675781,-127.1260757446289,(,(
-36.87314987182617,-11.252861022949219,identifier,sumDecimalsParam
-44.84857177734375,178.74346923828125,),)
-154.98654174804688,-28.562397003173828,;,;
-8.604642868041992,-23.540945053100586,identifier,returnBuffer
-13.955583572387695,-174.98574829101562,.,.
8.887521743774414,13.64521312713623,identifier,append
84.85356140136719,-127.34757232666016,(,(
-59.679771423339844,17.35184097290039,identifier,FieldMetaData
8.935233116149902,-170.67352294921875,.,.
-10.000663757324219,-1.4114079475402832,identifier,Decimal
10.230691909790039,-169.43690490722656,.,.
-24.979007720947266,0.2392752319574356,identifier,SQ_CLOSE
-40.436336517333984,174.07725524902344,),)
-151.06454467773438,-24.23016929626465,;,;
73.09534454345703,161.3111114501953,return,return
-8.281903266906738,-23.479894638061523,identifier,returnBuffer
-5.778995513916016,-172.5613250732422,.,.
18.131425857543945,22.350414276123047,identifier,toString
65.53870391845703,-76.47986602783203,(,(
-12.668413162231445,135.68983459472656,),)
-175.1597442626953,20.97517967224121,;,;
106.73113250732422,119.22406768798828,},}
-29.273784637451172,61.622798919677734,identifier,Map
22.923198699951172,77.70685577392578,<,<
-86.91409301757812,45.044921875,identifier,String
-94.8476791381836,-109.92449188232422,",",","
-89.2087631225586,45.27509689331055,identifier,String
45.66074752807617,126.46333312988281,>,>
-31.70082664489746,30.032442092895508,identifier,superclassArgs
113.26640319824219,-49.098270416259766,(,(
-28.831256866455078,62.69914245605469,identifier,Map
23.77611541748047,79.93791198730469,<,<
-87.63754272460938,44.3772087097168,identifier,String
-93.85501861572266,-109.81249237060547,",",","
-89.12718963623047,45.17618179321289,identifier,String
43.54357147216797,125.69436645507812,>,>
-63.81251525878906,0.8517624735832214,identifier,args
-95.380126953125,98.5882797241211,),)
176.4508514404297,-19.47579574584961,{,{
-27.702836990356445,63.15281677246094,identifier,Map
25.131454467773438,79.48352813720703,<,<
-88.01310729980469,43.34746170043945,identifier,String
-94.5058822631836,-111.34381103515625,",",","
-89.42230224609375,44.367958068847656,identifier,String
44.50972366333008,124.57250213623047,>,>
17.62395668029785,-43.17652130126953,identifier,result
89.46354675292969,8.7908353805542,=,=
197.78269958496094,41.38837814331055,new,new
-20.557523727416992,53.00668716430664,identifier,HashMap
17.963396072387695,68.13200378417969,<,<>
77.44290161132812,-59.067291259765625,(,(
-18.250825881958008,121.42813873291016,),)
-184.8647918701172,-27.305904388427734,;,;
139.1803436279297,55.28020477294922,if,if
156.2662353515625,-95.96381378173828,(,(
19.906532287597656,-39.7441520690918,identifier,result
2.4451770782470703,-187.58033752441406,.,.
2.926208734512329,21.803579330444336,identifier,containsKey
76.57638549804688,-131.48876953125,(,(
-18.199199676513672,-0.8918789625167847,"""","""dictionary"""
-32.28451919555664,158.77049255371094,),)
-77.54149627685547,137.71095275878906,),)
165.09144592285156,-3.311506509780884,{,{
17.864177703857422,-40.59621047973633,identifier,result
-15.354195594787598,-169.90936279296875,.,.
9.474481582641602,21.14080047607422,identifier,put
82.4962387084961,-128.43569946289062,(,(
-18.033401489257812,-1.1729270219802856,"""","""dictionary"""
-104.77169799804688,-129.53448486328125,",",","
-26.26892852783203,11.976035118103027,identifier,JdbcResourceLoader
10.172842025756836,-172.9490509033203,.,.
-28.144372940063477,6.267428398132324,identifier,DATABASE
-38.55730438232422,174.98468017578125,),)
-160.8218994140625,10.456242561340332,;,;
73.32685089111328,55.048301696777344,},}
127.70439910888672,46.089115142822266,for,for
139.48760986328125,-89.79251098632812,(,(
-83.78575897216797,40.674739837646484,identifier,String
-65.5253677368164,-23.16994857788086,identifier,arg
-25.125850677490234,14.767899513244629,identifier,ImmutableList
-1.664944052696228,-168.29600524902344,.,.
-23.783615112304688,35.99849319458008,identifier,of
79.3385009765625,-130.50640869140625,(,(
-18.010393142700195,-1.2175569534301758,"""","""dictionary"""
-103.92957305908203,-132.4314422607422,",",","
-15.207718849182129,-0.44348934292793274,"""","""ignoreCase"""
-33.78813934326172,158.88900756835938,),)
-80.93215942382812,138.27590942382812,),)
168.745849609375,-9.768226623535156,{,{
-82.19659423828125,37.60409164428711,identifier,String
1.6160783767700195,-42.21493148803711,identifier,value
93.05255126953125,-0.6159082055091858,=,=
-64.17414855957031,1.1237152814865112,identifier,args
-10.057275772094727,-188.45538330078125,.,.
4.579082489013672,28.069913864135742,identifier,get
73.39144897460938,-115.39749145507812,(,(
-65.52213287353516,-23.1767635345459,identifier,arg
-44.28757095336914,184.88198852539062,),)
-181.6669158935547,-23.448944091796875,;,;
139.3046875,59.81505584716797,if,if
146.0518798828125,-100.76019287109375,(,(
2.74503231048584,-43.04743194580078,identifier,value
56.505882263183594,103.15045928955078,!=,!=
-76.46755981445312,128.45828247070312,),)
160.69580078125,-1.105081558227539,{,{
17.60312843322754,-39.51460266113281,identifier,result
-10.413166999816895,-170.3844757080078,.,.
9.351174354553223,20.122547149658203,identifier,put
82.3523941040039,-122.96958923339844,(,(
-65.520263671875,-23.183088302612305,identifier,arg
-99.09744262695312,-127.24790954589844,",",","
2.1351211071014404,-43.9599494934082,identifier,value
-51.68421173095703,178.85092163085938,),)
-167.9579315185547,17.711090087890625,;,;
90.09313201904297,66.187744140625,},}
76.58870697021484,65.2721176147461,},}
69.99010467529297,163.3448028564453,return,return
16.092453002929688,-37.753387451171875,identifier,result
-181.19972229003906,15.312798500061035,;,;
109.93544006347656,117.36492156982422,},}
-31.598949432373047,36.459686279296875,identifier,controlsToProperties
84.5405502319336,-59.94991683959961,(,(
-30.15935516357422,121.4974365234375,),)
175.60360717773438,-16.96283531188965,{,{
-15.76807975769043,-195.32139587402344,.,.
-31.193641662597656,36.53184127807617,identifier,controlsToProperties
76.42416381835938,-63.39065170288086,(,(
-16.246950149536133,122.216796875,),)
-158.0092010498047,-42.06086349487305,;,;
-82.97478485107422,39.314048767089844,identifier,String
-35.17349624633789,-37.22517013549805,identifier,strHost
98.76585388183594,3.4733259677886963,=,=
-24.101024627685547,-7.3246355056762695,identifier,m_tfHost
-12.320236206054688,-185.53831481933594,.,.
-4.2470903396606445,45.92692565917969,identifier,getText
72.44216918945312,-65.93521881103516,(,(
-18.934627532958984,123.86750793457031,),)
-161.16213989257812,-33.33205795288086,;,;
-22.169198989868164,-8.848698616027832,identifier,m_properties
-14.278894424438477,-178.20065307617188,.,.
7.069587230682373,39.08575439453125,identifier,setProperty
85.32958221435547,-130.01812744140625,(,(
-22.6549015045166,-0.30061304569244385,identifier,FTP_HOST
-103.45061492919922,-126.36101531982422,",",","
-36.85896682739258,-37.44370651245117,identifier,strHost
-41.20695877075195,179.90875244140625,),)
-157.12672424316406,-38.494667053222656,;,;
-83.9603271484375,38.53780746459961,identifier,String
-35.28398513793945,-37.53369903564453,identifier,strPort
94.29725646972656,-2.8399646282196045,=,=
-24.077472686767578,-7.638814449310303,identifier,m_tfPort
-11.837890625,-185.41282653808594,.,.
-4.192208290100098,45.89278793334961,identifier,getText
70.99207305908203,-68.36614227294922,(,(
-18.47618865966797,129.72352600097656,),)
-159.3556365966797,-30.006757736206055,;,;
-22.09591293334961,-8.866986274719238,identifier,m_properties
-13.968043327331543,-178.01382446289062,.,.
7.170100688934326,38.8807258605957,identifier,setProperty
85.07076263427734,-129.9687957763672,(,(
-22.687719345092773,-0.327840119600296,identifier,FTP_PORT
-103.2638931274414,-126.43327331542969,",",","
-36.82704544067383,-37.61662292480469,identifier,strPort
-41.589759826660156,179.733154296875,),)
-156.93685913085938,-38.04312515258789,;,;
-84.06962585449219,38.332679748535156,identifier,String
-35.18767547607422,-37.745731353759766,identifier,strUser
94.00806427001953,-2.892397403717041,=,=
-24.025543212890625,-7.791065216064453,identifier,m_tfUser
-11.548410415649414,-185.31163024902344,.,.
-4.177138805389404,45.90022659301758,identifier,getText
71.00228881835938,-68.72577667236328,(,(
-18.326858520507812,130.0220489501953,),)
-159.30502319335938,-29.656814575195312,;,;
-22.056753158569336,-8.842547416687012,identifier,m_properties
-13.706937789916992,-177.9147186279297,.,.
7.1925530433654785,38.80470275878906,identifier,setProperty
84.75825500488281,-129.99417114257812,(,(
-23.140295028686523,0.790804922580719,identifier,USER_NAME
-103.2308578491211,-126.4832992553711,",",","
-36.87811279296875,-37.72739028930664,identifier,strUser
-42.17207717895508,179.45237731933594,),)
-156.77761840820312,-37.648685455322266,;,;
-84.1299819946289,38.134613037109375,identifier,String
-35.25048828125,-37.86238479614258,identifier,strPassword
93.59761810302734,-3.085322380065918,=,=
-23.92672348022461,-7.81633186340332,identifier,m_tfPassword
-11.188409805297852,-185.1404571533203,.,.
-4.160569190979004,45.897796630859375,identifier,getText
70.87460327148438,-69.13790893554688,(,(
-18.028053283691406,130.57603454589844,),)
-159.1765899658203,-29.017812728881836,;,;
-21.97770881652832,-8.796652793884277,identifier,m_properties
-13.359058380126953,-177.77362060546875,.,.
7.216967582702637,38.73249435424805,identifier,setProperty
84.59656524658203,-129.97283935546875,(,(
-22.10211181640625,-1.3332343101501465,identifier,PASSWORD
-102.77306365966797,-126.47945404052734,",",","
-36.860530853271484,-37.8563232421875,identifier,strPassword
-43.071468353271484,179.05599975585938,),)
-156.65992736816406,-37.26441955566406,;,;
-84.09991455078125,37.990013122558594,identifier,String
-35.33063507080078,-38.160667419433594,identifier,strDir
93.36528778076172,-3.1654350757598877,=,=
-23.908462524414062,-7.933977127075195,identifier,m_tfDir
-10.923263549804688,-185.03973388671875,.,.
-4.141516208648682,45.90403366088867,identifier,getText
70.70035552978516,-69.42688751220703,(,(
-17.720726013183594,130.9199676513672,),)
-159.16152954101562,-28.148561477661133,;,;
-21.860504150390625,-8.653372764587402,identifier,m_properties
-13.017411231994629,-177.5833740234375,.,.
7.24597692489624,38.612220764160156,identifier,setProperty
84.26273345947266,-129.97998046875,(,(
-22.26262092590332,0.8044823408126831,identifier,ROOT_DIR
-102.27426147460938,-126.82424926757812,",",","
-36.709251403808594,-38.386627197265625,identifier,strDir
-52.893672943115234,180.51853942871094,),)
-173.35231018066406,22.603084564208984,;,;
106.41727447509766,121.01110076904297,},}
-35.862464904785156,33.53984069824219,identifier,visitTypeDeclaration
114.46546173095703,-45.80449676513672,(,(
-51.39731979370117,22.614896774291992,identifier,TypeDeclaration
-19.268686294555664,-34.695777893066406,identifier,d
-91.13140869140625,99.98169708251953,),)
176.02210998535156,-17.340686798095703,{,{
-18.267133712768555,-34.813602447509766,identifier,d
-19.75266456604004,-169.15777587890625,.,.
20.06624412536621,3.015686273574829,identifier,accept
82.02838897705078,-113.22393035888672,(,(
-21.92323875427246,11.171687126159668,identifier,pre
-38.18193054199219,187.53565979003906,),)
-188.18519592285156,-26.93207550048828,;,;
128.390625,44.66390609741211,for,for
137.56275939941406,-90.23249816894531,(,(
-51.21873474121094,22.32056999206543,identifier,TypeParameterDeclaration
-22.261445999145508,-18.60723304748535,identifier,tpDecl
-18.09903907775879,-35.14181900024414,identifier,d
-2.304523229598999,-188.3908233642578,.,.
-12.197112083435059,30.88714027404785,identifier,getFormalTypeParameters
69.8911361694336,-64.08183288574219,(,(
-22.035654067993164,147.2658233642578,),)
-78.8421859741211,137.70748901367188,),)
163.9011688232422,-3.0875706672668457,{,{
-21.928966522216797,-18.56827163696289,identifier,tpDecl
-9.091296195983887,-175.95950317382812,.,.
20.094236373901367,3.3119282722473145,identifier,accept
78.29290008544922,-118.15337371826172,(,(
-51.245872497558594,172.92236328125,),)
-162.48944091796875,8.212273597717285,;,;
73.02574157714844,55.3784294128418,},}
127.05184173583984,45.42774963378906,for,for
138.51646423339844,-90.93672943115234,(,(
-51.98861312866211,21.975841522216797,identifier,FieldDeclaration
-21.999509811401367,-17.362468719482422,identifier,fieldDecl
-17.918272018432617,-35.2442741394043,identifier,d
-2.4401395320892334,-187.91268920898438,.,.
-13.331310272216797,30.89556121826172,identifier,getFields
68.89306640625,-65.42924499511719,(,(
-21.85063362121582,146.09503173828125,),)
-79.12522888183594,137.18199157714844,),)
163.43246459960938,-3.205268383026123,{,{
-21.495750427246094,-17.902557373046875,identifier,fieldDecl
-9.088891983032227,-175.80679321289062,.,.
20.068357467651367,3.422272205352783,identifier,accept
78.36128997802734,-118.23405456542969,(,(
-51.27431106567383,173.13328552246094,),)
-163.1395263671875,8.438874244689941,;,;
73.10066986083984,55.537208557128906,},}
126.908447265625,45.675315856933594,for,for
138.7790985107422,-91.14563751220703,(,(
-52.12821960449219,21.863481521606445,identifier,MethodDeclaration
-21.714780807495117,-17.098264694213867,identifier,methodDecl
-17.804641723632812,-35.28352355957031,identifier,d
-2.571272134780884,-187.8021240234375,.,.
-13.640189170837402,30.085514068603516,identifier,getMethods
68.78905487060547,-65.50585174560547,(,(
-21.60706329345703,145.34408569335938,),)
-79.25709533691406,136.64993286132812,),)
162.91012573242188,-3.127570152282715,{,{
-21.337093353271484,-17.673547744750977,identifier,methodDecl
-9.07153606414795,-175.55810546875,.,.
20.0374813079834,3.5188820362091064,identifier,accept
78.44115447998047,-118.28841400146484,(,(
-51.30874252319336,173.26805114746094,),)
-163.41598510742188,8.578460693359375,;,;
73.04991912841797,55.71383285522461,},}
126.84263610839844,45.96348190307617,for,for
138.98971557617188,-91.13347625732422,(,(
-52.01752471923828,22.18260955810547,identifier,TypeDeclaration
-21.931699752807617,-17.256261825561523,identifier,typeDecl
-17.743988037109375,-35.319087982177734,identifier,d
-3.1188695430755615,-187.28985595703125,.,.
-11.151102066040039,29.462247848510742,identifier,getNestedTypes
66.4124984741211,-70.44782257080078,(,(
-20.976274490356445,144.3380584716797,),)
-78.99479675292969,134.59671020507812,),)
160.7598419189453,-2.4996142387390137,{,{
-21.34746551513672,-17.868141174316406,identifier,typeDecl
-8.999789237976074,-174.6935272216797,.,.
19.972524642944336,3.674417018890381,identifier,accept
78.70189666748047,-118.5833511352539,(,(
-51.473880767822266,173.5319366455078,),)
-168.1570281982422,14.545669555664062,;,;
71.08110046386719,62.50389862060547,},}
-17.150217056274414,-35.36238098144531,identifier,d
-10.173789024353027,-169.48394775390625,.,.
19.885101318359375,3.889592409133911,identifier,accept
79.41357421875,-119.32029724121094,(,(
-17.906824111938477,12.634736061096191,identifier,post
-54.12017822265625,178.91989135742188,),)
-175.47853088378906,23.03154945373535,;,;
110.59617614746094,120.05032348632812,},}
-44.22487258911133,27.817794799804688,identifier,V
-36.45914840698242,38.879913330078125,identifier,remove
116.5624771118164,-47.27280044555664,(,(
-81.75040435791016,27.822538375854492,identifier,Object
-47.389793395996094,-22.058406829833984,identifier,key
-93.61145782470703,101.00914764404297,),)
177.62290954589844,-21.303001403808594,{,{
-78.19940948486328,34.59436798095703,identifier,Integer
-62.47267150878906,-45.4676628112793,identifier,index
98.66165161132812,5.321616172790527,=,=
-49.75800704956055,-19.454858779907227,identifier,keyToIndex
-14.963624000549316,-186.09999084472656,.,.
4.980668544769287,29.242359161376953,identifier,get
72.36980438232422,-114.83499145507812,(,(
-47.670265197753906,-22.62912940979004,identifier,key
-40.093238830566406,186.71583557128906,),)
-186.48370361328125,-26.575450897216797,;,;
140.6620635986328,54.352149963378906,if,if
152.85690307617188,-103.64197540283203,(,(
-63.976261138916016,-44.13291931152344,identifier,index
48.35061264038086,100.51780700683594,==,==
-70.7239990234375,127.46887969970703,),)
156.19189453125,3.7118048667907715,{,{
76.9498062133789,154.70831298828125,return,return
-171.05674743652344,6.573435306549072,;,;
69.9736099243164,59.70792770385742,},}
-49.81904602050781,-19.766334533691406,identifier,keyToIndex
-15.401310920715332,-178.76275634765625,.,.
4.662876129150391,11.816169738769531,identifier,remove
81.33805847167969,-114.21224212646484,(,(
-47.756370544433594,-22.818828582763672,identifier,key
-42.49664306640625,186.00192260742188,),)
-159.7008514404297,-32.475120544433594,;,;
1.7743061780929565,23.980772018432617,identifier,keySet
-15.456050872802734,-178.6202850341797,.,.
4.666836261749268,11.813887596130371,identifier,remove
81.31417083740234,-114.23700714111328,(,(
-47.74325942993164,-22.855817794799805,identifier,key
-42.49050521850586,186.0098876953125,),)
-155.4982147216797,-39.52055358886719,;,;
-44.3930778503418,27.81707000732422,identifier,V
-1.3179560899734497,-39.5093879699707,identifier,removedValue
95.23976135253906,-0.5584353804588318,=,=
-0.3076047897338867,-32.6108512878418,identifier,data
-10.530122756958008,-188.96495056152344,.,.
4.659488201141357,11.824369430541992,identifier,remove
86.88108825683594,-123.86412048339844,(,(
-63.767906188964844,-43.16939926147461,identifier,index
7.695960521697998,-184.51502990722656,.,.
-19.70556640625,24.629796981811523,identifier,intValue
65.49934387207031,-63.39828109741211,(,(
-18.887704849243164,148.09359741210938,),)
-57.13336181640625,159.09852600097656,),)
-189.34048461914062,-27.823747634887695,;,;
129.05035400390625,45.81541442871094,for,for
137.9917755126953,-89.09117889404297,(,(
-46.02133560180664,27.541362762451172,identifier,K
-44.99501037597656,-24.28343391418457,identifier,nextKey
-49.784881591796875,-19.86147117614746,identifier,keyToIndex
-1.6708457469940186,-185.8259735107422,.,.
1.8884494304656982,23.845272064208984,identifier,keySet
68.40615844726562,-64.56481170654297,(,(
-22.324575424194336,145.55670166015625,),)
-80.58853912353516,137.60218811035156,),)
168.419677734375,-9.727519035339355,{,{
-78.14483642578125,34.50245666503906,identifier,Integer
-62.200469970703125,-35.86300277709961,identifier,nextIndex
91.74108123779297,-1.1275509595870972,=,=
-49.786346435546875,-19.886632919311523,identifier,keyToIndex
-10.513901710510254,-187.36126708984375,.,.
5.021377086639404,27.938173294067383,identifier,get
73.56936645507812,-115.22113800048828,(,(
-44.9827995300293,-24.307064056396484,identifier,nextKey
-43.51772689819336,181.7877197265625,),)
-181.97799682617188,-23.570404052734375,;,;
139.23538208007812,59.472415924072266,if,if
146.13507080078125,-100.08389282226562,(,(
-62.2233772277832,-35.85697555541992,identifier,nextIndex
44.92216491699219,117.96656799316406,>,>
-64.18409729003906,-42.968170166015625,identifier,index
-78.38937377929688,126.907958984375,),)
161.13992309570312,-1.4454647302627563,{,{
-49.82238006591797,-20.07594108581543,identifier,keyToIndex
-9.261032104492188,-173.77316284179688,.,.
9.01374340057373,20.223583221435547,identifier,put
82.51142120361328,-123.1816635131836,(,(
-44.95841979980469,-24.32140350341797,identifier,nextKey
-99.67658233642578,-127.82923889160156,",",","
-62.21445846557617,-35.8660774230957,identifier,nextIndex
-45.38956832885742,170.85317993164062,),)
-168.64527893066406,17.82377052307129,;,;
90.08795928955078,67.18529510498047,},}
76.67144775390625,64.89852142333984,},}
69.74374389648438,163.74407958984375,return,return
-1.62769615650177,-26.966861724853516,identifier,removedValue
-180.513916015625,16.59954071044922,;,;
109.34842681884766,116.9587631225586,},}
-36.95524215698242,30.962982177734375,identifier,proofStep
114.79830169677734,-46.34381103515625,(,(
-38.290401458740234,16.928386688232422,identifier,ResolutionState
-11.713652610778809,-15.016641616821289,identifier,state
-93.14862823486328,101.61527252197266,),)
175.8545379638672,-21.4556884765625,{,{
-34.63655090332031,12.529220581054688,identifier,Functor
-36.37119674682617,-4.322324275970459,identifier,isOp
97.38485717773438,4.13353967666626,=,=
-11.048070907592773,-15.086935997009277,identifier,state
-14.479795455932617,-191.85025024414062,.,.
-9.992222785949707,27.95907211303711,identifier,getGoalStack
77.1648178100586,-65.24190521240234,(,(
-28.62955093383789,134.57537841796875,),)
-23.215757369995117,-154.385986328125,.,.
-7.197279930114746,22.93068504333496,identifier,poll
77.528564453125,-66.44171142578125,(,(
-28.46735382080078,134.0809326171875,),)
-23.093971252441406,-154.45840454101562,.,.
-34.61989212036133,12.516748428344727,identifier,getFunctor
75.50479125976562,-64.47887420654297,(,(
-19.362075805664062,125.34415435791016,),)
-155.6888427734375,-41.35765075683594,;,;
-42.402503967285156,32.71018600463867,identifier,Term
-1.1865818500518799,-39.698604583740234,identifier,expressionValue
98.27808380126953,-1.0258671045303345,=,=
-28.64508056640625,8.597947120666504,identifier,BuiltInUtils
-17.78013801574707,-188.0203857421875,.,.
-18.78583335876465,20.346025466918945,identifier,evaluateAsNumeric
91.40771484375,-120.34500122070312,(,(
-36.305641174316406,-4.274607181549072,identifier,isOp
-0.2835135757923126,-180.05406188964844,.,.
-8.446450233459473,46.34116744995117,identifier,getArgument
70.48090362548828,-127.07931518554688,(,(
-27.250696182250977,158.60963439941406,),)
-57.903724670410156,158.82981872558594,),)
-156.58616638183594,-41.40748596191406,;,;
-25.378646850585938,58.344356536865234,identifier,List
26.591270446777344,77.76051330566406,<,<
-51.48395538330078,29.112022399902344,identifier,Variable
45.44794464111328,124.48323822021484,>,>
-31.23736572265625,-25.471345901489258,identifier,boundVariables
89.0860595703125,6.554659366607666,=,=
198.59825134277344,41.91352462768555,new,new
-22.94313621520996,52.082420349121094,identifier,LinkedList
27.33778953552246,78.8489990234375,<,<
-51.46232223510742,29.23834800720215,identifier,Variable
43.09278869628906,122.0052261352539,>,>
76.64452362060547,-57.77470779418945,(,(
-18.813674926757812,126.14302825927734,),)
-159.16323852539062,-40.27531433105469,;,;
-0.05593381077051163,-25.515819549560547,identifier,matched
94.86865234375,-1.6690443754196167,=,=
-10.972360610961914,-15.081941604614258,identifier,state
-11.138381004333496,-190.45242309570312,.,.
-10.634967803955078,23.572463989257812,identifier,getUnifier
76.0141372680664,-70.74583435058594,(,(
-26.7209529876709,133.4152069091797,),)
-22.417057037353516,-156.5540771484375,.,.
-13.297557830810547,15.131987571716309,identifier,unifyInternal
91.3974609375,-120.07572937011719,(,(
-36.28097152709961,-4.266559600830078,identifier,isOp
-0.21891739964485168,-179.947021484375,.,.
-8.443120002746582,46.341007232666016,identifier,getArgument
70.50619506835938,-127.12464904785156,(,(
-38.59539031982422,170.4217987060547,),)
-107.61975860595703,-122.25567626953125,",",","
-0.8885024189949036,-40.154296875,identifier,expressionValue
-101.18446350097656,-120.77243041992188,",",","
-30.979293823242188,-25.729440689086914,identifier,boundVariables
-101.32548522949219,-122.11453247070312,",",","
-30.97088623046875,-25.740921020507812,identifier,boundVariables
-41.992130279541016,178.62071228027344,),)
-190.0204620361328,-27.839651107788086,;,;
129.0699462890625,46.32661819458008,for,for
138.9483184814453,-89.9281997680664,(,(
-51.58525466918945,28.78679084777832,identifier,Variable
-9.407474517822266,-8.063742637634277,identifier,binding
-30.95766258239746,-25.75113868713379,identifier,boundVariables
-78.4876480102539,124.21565246582031,),)
161.19456481933594,-2.6454312801361084,{,{
-10.833390235900879,-15.08004093170166,identifier,state
-12.559245109558105,-167.73568725585938,.,.
-12.31514835357666,27.445663452148438,identifier,getVariableBindings
66.93084716796875,-72.70386505126953,(,(
-24.86045265197754,134.85067749023438,),)
-19.635343551635742,-156.9546356201172,.,.
6.9935078620910645,17.90916633605957,identifier,offer
80.80967712402344,-120.14218139648438,(,(
-9.405945777893066,-8.066781997680664,identifier,binding
-51.376258850097656,178.02735900878906,),)
-168.4044647216797,15.857150077819824,;,;
74.38971710205078,64.42645263671875,},}
69.6002426147461,162.41775512695312,return,return
-0.09120684862136841,-25.562971115112305,identifier,matched
-180.4373016357422,15.291510581970215,;,;
107.93975830078125,117.30787658691406,},}
68.66996002197266,45.28939437866211,identifier,Override
-37.941776275634766,26.640419006347656,identifier,DirContextOperations
-30.417360305786133,32.63631057739258,identifier,searchForUser
115.14007568359375,-49.01384735107422,(,(
-80.9906234741211,44.14357376098633,identifier,String
-70.3504638671875,-20.031415939331055,identifier,username
-92.83403778076172,100.47879028320312,),)
181.0220489501953,-13.295340538024902,{,{
148.8179168701172,58.749629974365234,if,if
156.0726776123047,-102.28571319580078,(,(
31.15774154663086,21.64092445373535,identifier,logger
2.98268985748291,-188.84649658203125,.,.
-0.3426293432712555,21.238861083984375,identifier,isDebugEnabled
69.6913833618164,-58.9367790222168,(,(
-23.223594665527344,149.3287353515625,),)
-76.95277404785156,139.0955352783203,),)
167.12411499023438,-3.330181121826172,{,{
30.284957885742188,21.293960571289062,identifier,logger
-17.22427749633789,-168.30319213867188,.,.
20.756610870361328,32.15274429321289,identifier,debug
84.93194580078125,-138.98193359375,(,(
-19.342872619628906,9.845585823059082,"""","""Searching for user '"""
15.589011192321777,-78.59346008300781,+,+
-70.66828918457031,-21.30378532409668,identifier,username
11.32885456085205,-82.75590515136719,+,+
-19.115949630737305,8.869536399841309,"""","""', with user search """
17.38712501525879,-75.7988052368164,+,+
-51.1468391418457,172.15467834472656,),)
-158.73529052734375,11.755572319030762,;,;
66.94129180908203,61.07417678833008,},}
-32.77777862548828,14.72784423828125,identifier,SpringSecurityLdapTemplate
-15.52881908416748,-17.20358657836914,identifier,template
90.3515396118164,6.250457286834717,=,=
195.47299194335938,41.575355529785156,new,new
-32.75709533691406,14.717074394226074,identifier,SpringSecurityLdapTemplate
91.61225891113281,-112.66015625,(,(
-38.3036994934082,-13.356901168823242,identifier,contextSource
-40.08784866333008,182.68350219726562,),)
-160.4470977783203,-34.209938049316406,;,;
-15.486146926879883,-17.215862274169922,identifier,template
-17.079801559448242,-176.9685821533203,.,.
-17.91701889038086,17.559967041015625,identifier,setSearchControls
86.58920288085938,-114.21754455566406,(,(
-33.884639739990234,-4.013134956359863,identifier,searchControls
-39.94781494140625,182.2587890625,),)
-178.358642578125,-26.395442962646484,;,;
155.49310302734375,-13.873153686523438,{,{
73.67733001708984,154.49742126464844,return,return
-15.485374450683594,-17.221723556518555,identifier,template
-10.936619758605957,-182.4846954345703,.,.
-15.87337875366211,18.471845626831055,identifier,searchForSingleEntry
92.88793182373047,-116.73058319091797,(,(
-33.91165542602539,-4.072873115539551,identifier,searchBase
-97.096435546875,-120.41802215576172,",",","
-33.90836715698242,-4.063066482543945,identifier,searchFilter
-96.0583267211914,-118.63870239257812,",",","
197.44778442382812,47.2744140625,new,new
-87.42819213867188,39.61575698852539,identifier,String
163.7843780517578,2.2257120609283447,{,{
-70.68871307373047,-21.179407119750977,identifier,username
83.51034545898438,63.563873291015625,},}
-50.393192291259766,163.4396514892578,),)
-164.11720275878906,10.499078750610352,;,;
80.0217056274414,57.088008880615234,},}
135.1011505126953,-97.29603576660156,(,(
-26.239423751831055,16.082481384277344,identifier,IncorrectResultSizeDataAccessException
-4.173882484436035,-5.246503829956055,identifier,notFound
-77.89483642578125,122.55133056640625,),)
176.34165954589844,-7.0426177978515625,{,{
144.0607452392578,59.940921783447266,if,if
149.91607666015625,-94.23004913330078,(,(
-4.172274112701416,-5.250931739807129,identifier,notFound
3.1583943367004395,-180.32846069335938,.,.
-15.304025650024414,31.002363204956055,identifier,getActualSize
67.54411315917969,-69.89212036132812,(,(
-26.60386848449707,140.9308624267578,),)
44.2613525390625,99.76567077636719,==,==
-74.85015869140625,129.42630004882812,),)
154.64979553222656,-0.49505814909935,{,{
191.94288635253906,47.286434173583984,new,new
-29.78002166748047,17.79463768005371,identifier,UsernameNotFoundException
86.6868667602539,-135.6407928466797,(,(
-15.550512313842773,6.878815650939941,"""","""User """
15.021306991577148,-77.26947021484375,+,+
-70.68553161621094,-21.393508911132812,identifier,username
10.036357879638672,-82.22882080078125,+,+
-16.627944946289062,6.8023786544799805,"""",""" not found in directory."""
-45.09489822387695,163.7164764404297,),)
-169.3822479248047,15.885390281677246,;,;
72.79483032226562,64.48394775390625,},}
-4.169799327850342,-5.253634452819824,identifier,notFound
-179.6917266845703,14.85891056060791,;,;
89.86097717285156,71.340576171875,},}
117.954833984375,114.52391052246094,},}
-22.523656845092773,42.80081558227539,identifier,SuppressWarnings
100.67534637451172,-122.29643249511719,(,(
-20.019712448120117,1.9276660680770874,"""","""deprecation"""
-42.016361236572266,156.0571746826172,),)
-33.793373107910156,32.96873474121094,identifier,additionalAuthenticationChecks
111.98331451416016,-48.231727600097656,(,(
-46.41949462890625,2.43170428276062,identifier,UserDetails
-46.364646911621094,2.219906806945801,identifier,userDetails
-97.18366241455078,-96.65393829345703,",",","
-36.907527923583984,18.64809226989746,identifier,UsernamePasswordAuthenticationToken
-45.00301742553711,37.291603088378906,identifier,authentication
-95.80365753173828,106.39932250976562,),)
-43.48240661621094,41.463623046875,identifier,AuthenticationException
183.3967742919922,-16.65011215209961,{,{
148.2102813720703,58.59333419799805,if,if
157.0297393798828,-102.41342163085938,(,(
-45.555057525634766,37.5432014465332,identifier,authentication
2.115678310394287,-188.590576171875,.,.
-6.248541355133057,34.60317611694336,identifier,getCredentials
70.00724029541016,-61.50647735595703,(,(
-27.861989974975586,143.41162109375,),)
45.845523834228516,101.43080139160156,==,==
-71.20462036132812,126.4437026977539,),)
166.82423400878906,-3.4021053314208984,{,{
30.646392822265625,21.567190170288086,identifier,logger
-17.186954498291016,-168.18206787109375,.,.
20.542020797729492,31.947799682617188,identifier,debug
84.42945861816406,-138.46896362304688,(,(
-19.550331115722656,7.543752193450928,"""","""Authentication failed: no credentials provided"""
-42.6623420715332,162.32386779785156,),)
-153.33950805664062,-26.049814224243164,;,;
191.2742462158203,45.48973846435547,new,new
-30.338443756103516,18.697341918945312,identifier,BadCredentialsException
94.5868911743164,-121.58391571044922,(,(
6.42290735244751,0.38042396306991577,identifier,messages
-2.632254123687744,-178.09219360351562,.,.
-0.764593243598938,42.819149017333984,identifier,getMessage
81.06476593017578,-136.3186798095703,(,(
-23.581878662109375,7.637264728546143,"""","""AbstractUserDetailsAuthenticationProvider.badCredentials"""
-104.41184997558594,-132.30447387695312,",",","
-19.442001342773438,4.59925651550293,"""","""Bad credentials"""
-34.6971549987793,160.69114685058594,),)
-58.03097915649414,160.82196044921875,),)
-158.8243408203125,12.384699821472168,;,;
67.36437225341797,60.34624481201172,},}
-83.54573822021484,36.965789794921875,identifier,String
-33.4041748046875,-18.968830108642578,identifier,presentedPassword
98.57721710205078,1.2725751399993896,=,=
-45.663169860839844,37.60300064086914,identifier,authentication
-11.839146614074707,-189.8482666015625,.,.
-6.239347457885742,34.656246185302734,identifier,getCredentials
74.92599487304688,-68.524169921875,(,(
-27.172218322753906,133.74252319335938,),)
-21.717151641845703,-155.06285095214844,.,.
18.966711044311523,21.95876693725586,identifier,toString
70.51576232910156,-67.12683868408203,(,(
-18.72044563293457,127.80194091796875,),)
-183.5821990966797,-26.635622024536133,;,;
136.90463256835938,57.24370574951172,if,if
155.71774291992188,-95.21256256103516,(,(
-21.68822479248047,-1.777948021888733,identifier,passwordEncoder
-0.5400517582893372,-183.47938537597656,.,.
-10.214272499084473,10.992287635803223,identifier,matches
87.01921081542969,-122.52579498291016,(,(
-33.39972686767578,-18.94731330871582,identifier,presentedPassword
-96.51686096191406,-120.07154083251953,",",","
-46.18877029418945,1.9692860841751099,identifier,userDetails
1.0447583198547363,-178.51231384277344,.,.
-6.098506450653076,35.064579010009766,identifier,getPassword
63.912654876708984,-65.28668212890625,(,(
-19.95768165588379,146.52066040039062,),)
-49.90380096435547,157.2880401611328,),)
-79.64082336425781,136.1297149658203,),)
161.258544921875,-4.590402603149414,{,{
30.15311050415039,21.17473793029785,identifier,logger
-15.619475364685059,-167.1719970703125,.,.
20.8033447265625,31.61627197265625,identifier,debug
84.42620849609375,-137.8839111328125,(,(
-17.49262809753418,7.524867057800293,"""","""Authentication failed: password does not match stored value"""
-43.79360580444336,162.91195678710938,),)
-152.60252380371094,-25.39807891845703,;,;
192.67779541015625,47.049503326416016,new,new
-30.245031356811523,18.65536880493164,identifier,BadCredentialsException
94.57940673828125,-121.24060821533203,(,(
6.4310622215271,0.3813166618347168,identifier,messages
-2.6456382274627686,-178.00003051757812,.,.
-0.7423223853111267,42.83781051635742,identifier,getMessage
81.00275421142578,-136.3873291015625,(,(
-22.142553329467773,4.882933139801025,"""","""AbstractUserDetailsAuthenticationProvider.badCredentials"""
-104.3266372680664,-132.32101440429688,",",","
-19.33416175842285,4.472545146942139,"""","""Bad credentials"""
-34.3593635559082,161.9956817626953,),)
-55.1500129699707,164.63748168945312,),)
-171.91815185546875,22.23654556274414,;,;
91.50538635253906,73.26730346679688,},}
120.84160614013672,115.51719665527344,},}
-35.25517654418945,36.393226623535156,identifier,injectAttributes
109.613525390625,-46.43361282348633,(,(
-54.82634735107422,37.39063262939453,identifier,HttpServletRequest
-43.18973922729492,-4.659337997436523,identifier,servletRequest
-99.7576675415039,-98.33184814453125,",",","
-47.3079948425293,10.255228042602539,identifier,Targets
-3.1117658615112305,-53.58341598510742,identifier,targets
-95.00868225097656,99.29583740234375,),)
177.558349609375,-18.082462310791016,{,{
-22.590436935424805,23.331071853637695,identifier,Enumeration
25.10235023498535,78.05142211914062,<,<
-85.5860366821289,43.25075149536133,identifier,String
45.1517448425293,125.15013122558594,>,>
-47.97639465332031,-27.81679344177246,identifier,attributeNames
97.55754852294922,3.143341064453125,=,=
-25.11246681213379,-12.135149955749512,identifier,servletRequest
-14.869126319885254,-190.48951721191406,.,.
-12.343592643737793,35.21030807495117,identifier,getAttributeNames
75.44061279296875,-62.6546516418457,(,(
-16.890172958374023,124.61969757080078,),)
-186.91392517089844,-28.734899520874023,;,;
135.375,48.05540084838867,while,while
153.96058654785156,-97.94290924072266,(,(
-48.27951431274414,-27.000934600830078,identifier,attributeNames
3.749976873397827,-187.14453125,.,.
-21.800796508789062,23.987911224365234,identifier,hasMoreElements
68.81909942626953,-60.61293411254883,(,(
-23.205768585205078,147.4044189453125,),)
-79.46406555175781,139.15711975097656,),)
169.3493194580078,-6.566095352172852,{,{
-85.20846557617188,40.15584182739258,identifier,String
-56.746803283691406,-33.8780517578125,identifier,attrName
94.13480377197266,-0.2995946407318115,=,=
-48.26431655883789,-26.91583824157715,identifier,attributeNames
-12.179605484008789,-188.7986602783203,.,.
-21.718931198120117,24.055553436279297,identifier,nextElement
74.92638397216797,-65.8453369140625,(,(
-16.03122329711914,127.62750244140625,),)
-164.19580078125,-33.40940856933594,;,;
-2.5783419609069824,-53.86149978637695,identifier,targets
-18.11189842224121,-177.86370849609375,.,.
-15.81501579284668,18.943805694580078,identifier,forEachTargetAndIn
95.1014633178711,-116.96839141845703,(,(
-91.85293579101562,-120.33750915527344,",",","
88.6856689453125,-101.45512390136719,(,(
-3.943936586380005,-55.4422721862793,identifier,target
-95.45611572265625,-122.79724884033203,",",","
-16.70088005065918,-5.296695709228516,identifier,in
-80.64026641845703,122.91450500488281,),)
172.2692413330078,-10.286401748657227,{,{
-85.3080825805664,40.235313415527344,identifier,String
-49.16486358642578,-38.40322494506836,identifier,name
92.95709991455078,-1.0656033754348755,=,=
-16.689668655395508,-5.280505657196045,identifier,in
-8.420270919799805,-193.21722412109375,.,.
-10.16182804107666,11.062467575073242,identifier,matchedName
85.49392700195312,-111.58660125732422,(,(
-56.62086486816406,-33.79758071899414,identifier,attrName
-44.221920013427734,184.72486877441406,),)
-182.22677612304688,-23.738990783691406,;,;
139.48431396484375,58.49974822998047,if,if
146.3970184326172,-101.22636413574219,(,(
-51.968990325927734,-38.72087860107422,identifier,name
56.21305847167969,103.37724304199219,!=,!=
-75.53539276123047,127.62388610839844,),)
159.5240478515625,-3.4467499256134033,{,{
-81.6965560913086,26.006637573242188,identifier,Object
-57.653160095214844,-34.59389877319336,identifier,attrValue
91.15149688720703,-0.7076542377471924,=,=
-25.089706420898438,-12.141459465026855,identifier,servletRequest
-8.581646919250488,-185.00816345214844,.,.
3.215085506439209,35.68964385986328,identifier,getAttribute
82.40855407714844,-116.52027130126953,(,(
-56.62428665161133,-33.80323028564453,identifier,attrName
-45.09085464477539,184.80203247070312,),)
-159.5408935546875,-25.33761978149414,;,;
-2.8752822875976562,-56.63581848144531,identifier,target
-8.964149475097656,-169.20925903320312,.,.
-0.4505383372306824,16.527721405029297,identifier,writeValue
83.72372436523438,-121.7892074584961,(,(
-52.70399856567383,-37.31867980957031,identifier,name
-98.66683959960938,-127.61319732666016,",",","
-57.666927337646484,-34.6097526550293,identifier,attrValue
-99.09187316894531,-128.79034423828125,",",","
-46.265953063964844,169.6387481689453,),)
-166.97738647460938,18.036869049072266,;,;
88.77421569824219,67.25856018066406,},}
82.86663818359375,66.32603454589844,},}
-58.42981719970703,165.9474334716797,),)
-171.7517852783203,23.847429275512695,;,;
90.25281524658203,73.28445434570312,},}
118.68707275390625,113.09088897705078,},}
14.5174560546875,15.754987716674805,identifier,lastIndexOf
108.74958038330078,-47.745845794677734,(,(
-82.09365844726562,44.95851516723633,identifier,String
-16.670257568359375,-10.898855209350586,identifier,src
-99.4549331665039,-96.64022064208984,",",","
-23.788251876831055,-36.08513641357422,identifier,c
-94.5469741821289,-101.70022583007812,",",","
-65.9539566040039,-33.10441970825195,identifier,startIndex
-97.9927978515625,-101.83364868164062,",",","
-64.69776153564453,-32.229652404785156,identifier,endIndex
-97.00041198730469,99.98802947998047,),)
177.4875946044922,-19.50111198425293,{,{
-32.937034606933594,-33.006996154785156,identifier,total
99.05113220214844,4.942392349243164,=,=
-17.45081901550293,-11.756753921508789,identifier,src
-11.564824104309082,-194.1894073486328,.,.
-50.8763542175293,-72.56478118896484,identifier,length
66.16645050048828,-59.108123779296875,(,(
-30.153362274169922,140.6121368408203,),)
-184.12156677246094,-30.628877639770508,;,;
140.18157958984375,55.89495849609375,if,if
149.4077911376953,-102.10626983642578,(,(
-32.64715576171875,-33.07592010498047,identifier,total
30.138896942138672,86.72893524169922,<,<
-72.46694946289062,128.48489379882812,),)
156.87574768066406,3.4381704330444336,{,{
77.11289978027344,153.74758911132812,return,return
-170.64974975585938,7.5685319900512695,;,;
73.62663269042969,53.47541046142578,},}
132.0202178955078,59.12020492553711,if,if
147.443115234375,-99.27828216552734,(,(
-65.72942352294922,-33.545654296875,identifier,startIndex
-32.58417892456055,-33.08653259277344,identifier,total
-77.12751770019531,125.9350814819336,),)
162.60760498046875,-7.507965564727783,{,{
-65.63092803955078,-33.605186462402344,identifier,startIndex
86.02503204345703,-0.6233131885528564,=,=
-32.53026580810547,-33.09227752685547,identifier,total
-172.72825622558594,6.803133964538574,;,;
73.71247863769531,53.727210998535156,},}
131.70079040527344,59.63613510131836,if,if
147.3265380859375,-99.2730941772461,(,(
-64.44403076171875,-32.50247573852539,identifier,endIndex
29.784467697143555,87.13638305664062,<,<
-73.91004943847656,128.94317626953125,),)
162.5326690673828,-7.507469654083252,{,{
-64.43544006347656,-32.596004486083984,identifier,endIndex
85.43367767333984,-0.20881778001785278,=,=
-170.6838836669922,8.105453491210938,;,;
72.34123992919922,54.68912124633789,},}
127.86937713623047,46.52218246459961,for,for
140.07159423828125,-89.09552764892578,(,(
-67.56803131103516,-54.767086029052734,identifier,i
88.0480728149414,-6.238969802856445,=,=
-65.72196960449219,-33.57569885253906,identifier,startIndex
-171.80938720703125,-37.23968505859375,;,;
-71.49612426757812,-55.96672058105469,identifier,i
-64.4385986328125,-32.44896697998047,identifier,endIndex
-171.20266723632812,-36.198020935058594,;,;
-72.35323333740234,-55.402000427246094,identifier,i
-83.64485168457031,133.5508575439453,),)
176.33851623535156,-7.584997177124023,{,{
143.8668212890625,60.95884704589844,if,if
148.56671142578125,-93.15900421142578,(,(
-17.46017074584961,-11.769378662109375,identifier,src
5.73362922668457,-180.3252410888672,.,.
20.005279541015625,15.89545726776123,identifier,charAt
77.37962341308594,-114.07479095458984,(,(
-71.85067749023438,-58.58329391479492,identifier,i
-24.49911117553711,166.12611389160156,),)
43.77438735961914,96.49542999267578,==,==
-27.353805541992188,-36.79070281982422,identifier,c
-79.10375213623047,129.72027587890625,),)
157.7717742919922,0.02292022295296192,{,{
74.44854736328125,156.74948120117188,return,return
-74.6563949584961,-59.06489944458008,identifier,i
-174.25733947753906,11.74335765838623,;,;
90.88539123535156,65.87905883789062,},}
76.64012145996094,66.0186538696289,},}
72.10581970214844,165.82904052734375,return,return
-177.70925903320312,16.940196990966797,;,;
110.8685302734375,118.46942138671875,},}
-39.58150100708008,38.45368194580078,identifier,fireEvent
109.2405014038086,-45.02756118774414,(,(
-67.20579528808594,35.293251037597656,identifier,Class
-51.98108673095703,-7.069700241088867,identifier,listenerType
-94.37745666503906,101.84677124023438,),)
177.7886505126953,-17.923526763916016,{,{
-21.544824600219727,58.925514221191406,identifier,Set
25.03514862060547,77.78085327148438,<,<
-85.46348571777344,43.25095748901367,identifier,String
45.3247184753418,125.27926635742188,>,>
-41.85932159423828,-30.08327865600586,identifier,existing
89.54622650146484,8.955044746398926,=,=
198.3829803466797,41.094024658203125,new,new
-19.923097610473633,55.0750732421875,identifier,HashSet
18.001436233520508,68.20166015625,<,<>
77.45272827148438,-59.11216735839844,(,(
-17.957935333251953,121.78178405761719,),)
-186.7893524169922,-28.837644577026367,;,;
135.56227111816406,48.15276336669922,while,while
150.946533203125,-106.759765625,(,(
-68.77760314941406,125.80365753173828,),)
169.7340545654297,-7.754743576049805,{,{
-71.28913879394531,29.45209312438965,identifier,MutableInteger
-35.66553497314453,-30.085912704467773,identifier,newCount
94.99079132080078,5.259490489959717,=,=
-71.2882080078125,29.444820404052734,identifier,MutableInteger
-15.503652572631836,-187.64010620117188,.,.
-23.923295974731445,36.01622009277344,identifier,of
74.10728454589844,-127.35089111328125,(,(
-39.934810638427734,170.7001190185547,),)
-164.12701416015625,-33.5047492980957,;,;
-25.734180450439453,10.874000549316406,identifier,madpc
-18.079742431640625,-178.09219360351562,.,.
-15.699139595031738,19.3599853515625,identifier,forEachBeanType
93.93621063232422,-116.84857940673828,(,(
-52.16931915283203,-7.161426067352295,identifier,listenerType
-94.90686798095703,-119.47801208496094,",",","
-49.92646789550781,-38.53168487548828,identifier,name
173.31326293945312,-10.189437866210938,{,{
146.06398010253906,60.4638671875,if,if
158.23025512695312,-101.5791015625,(,(
-41.87126541137695,-30.105426788330078,identifier,existing
3.2611076831817627,-178.80030822753906,.,.
5.158911228179932,16.404857635498047,identifier,add
79.80530548095703,-113.23429107666016,(,(
-51.77741241455078,-37.84111022949219,identifier,name
-27.092914581298828,162.34066772460938,),)
-77.22081756591797,136.76272583007812,),)
164.80018615722656,-2.5297887325286865,{,{
-35.157676696777344,-30.90646743774414,identifier,newCount
8.968356132507324,-185.09164428710938,.,.
3.9285929203033447,-43.42583084106445,identifier,value
-152.7990264892578,-40.53628158569336,;,;
-81.74461364746094,26.341026306152344,identifier,Object
-53.99943923950195,-6.683331489562988,identifier,listener
94.0061264038086,1.0015510320663452,=,=
-17.88640785217285,22.70096206665039,identifier,lookupComponent
88.70772552490234,-111.60552978515625,(,(
-51.980384826660156,-37.69990921020508,identifier,name
-43.85074996948242,184.89617919921875,),)
-181.67529296875,-23.9477481842041,;,;
139.98556518554688,59.15127944946289,if,if
146.82679748535156,-100.69672393798828,(,(
-53.98654556274414,-6.6844162940979,identifier,listener
56.020782470703125,103.56716918945312,!=,!=
-76.39656066894531,127.81703186035156,),)
162.0452117919922,0.2679968774318695,{,{
-25.019807815551758,11.794841766357422,identifier,MadvocComponentLifecycle
-8.11217975616455,-177.5484161376953,.,.
-11.39388656616211,8.2351713180542,identifier,invoke
83.03307342529297,-121.65267181396484,(,(
-53.97031784057617,-6.690428733825684,identifier,listener
-98.84281921386719,-126.27449035644531,",",","
-52.27458572387695,-7.250312805175781,identifier,listenerType
-48.512752532958984,176.88128662109375,),)
-166.3463897705078,17.329708099365234,;,;
88.6532211303711,66.13236999511719,},}
84.61177062988281,66.97659301757812,},}
82.09925842285156,66.70906829833984,},}
-59.00250244140625,165.3723907470703,),)
-184.49598693847656,-21.293642044067383,;,;
137.12310791015625,60.383583068847656,if,if
145.26394653320312,-96.6424331665039,(,(
-35.0823860168457,-31.01886558532715,identifier,newCount
6.654679775238037,-182.9812469482422,.,.
3.541768789291382,-43.66606521606445,identifier,value
45.07897186279297,99.23773956298828,==,==
-77.24417877197266,130.49356079101562,),)
157.96031188964844,-0.9954096674919128,{,{
-177.31039428710938,10.703699111938477,;,;
91.2114028930664,68.33374786376953,},}
88.49874114990234,73.00092315673828,},}
118.49029541015625,114.09626007080078,},}
-45.59360122680664,31.531143188476562,identifier,SecurityContext
-33.01118469238281,35.33699417114258,identifier,createSecurityContext
110.13834381103516,-45.49666213989258,(,(
-82.2479248046875,44.407310485839844,identifier,String
-64.62322235107422,-12.875528335571289,identifier,domain
-92.80361938476562,100.46385955810547,),)
181.2368927001953,-13.283628463745117,{,{
148.9822998046875,57.65144729614258,if,if
158.12548828125,-103.49215698242188,(,(
-33.15398406982422,7.783792018890381,identifier,WildFlySecurityManager
3.079508066177368,-190.71145629882812,.,.
-21.62619400024414,18.20967674255371,identifier,isChecking
70.68441009521484,-60.016700744628906,(,(
-23.455774307250977,149.46975708007812,),)
-77.88579559326172,139.806640625,),)
154.06903076171875,4.406676292419434,{,{
74.07813262939453,153.55062866210938,return,return
-33.19416427612305,7.722804546356201,identifier,WildFlySecurityManager
-13.865912437438965,-182.214111328125,.,.
-13.936264038085938,15.360849380493164,identifier,doUnchecked
95.23518371582031,-124.23587799072266,(,(
198.3308563232422,45.78985595703125,new,new
-23.773649215698242,26.214628219604492,identifier,PrivilegedAction
25.0406551361084,81.20056915283203,<,<
-45.7230224609375,31.55665397644043,identifier,SecurityContext
42.77214431762695,122.39374542236328,>,>
75.82801818847656,-56.95314025878906,(,(
-29.243783950805664,124.917724609375,),)
172.491943359375,-5.95212984085083,{,{
69.88844299316406,45.89069366455078,identifier,Override
-45.699684143066406,31.553133010864258,identifier,SecurityContext
-27.191471099853516,43.83286666870117,identifier,run
74.75519561767578,-77.46856689453125,(,(
-29.541933059692383,125.06103515625,),)
173.55091857910156,-7.033298015594482,{,{
154.94613647460938,-14.211531639099121,{,{
73.6572265625,155.4394073486328,return,return
-42.23044204711914,11.134590148925781,identifier,SecurityContextFactory
-7.272776126861572,-176.3050994873047,.,.
-10.035187721252441,21.08417510986328,identifier,createSecurityContext
84.71267700195312,-115.3763198852539,(,(
-64.63135528564453,-12.900532722473145,identifier,domain
-43.61124801635742,185.55186462402344,),)
-164.77508544921875,8.19050121307373,;,;
81.56118774414062,57.7882194519043,},}
135.4533233642578,-99.39124298095703,(,(
-49.49021911621094,51.16386032104492,identifier,Exception
-27.199752807617188,-71.46585083007812,identifier,e
-81.0294189453125,127.37342071533203,),)
154.68861389160156,-2.6504056453704834,{,{
-10.806310653686523,-6.067941665649414,identifier,UndertowLogger
4.780292987823486,-167.28561401367188,.,.
-9.362085342407227,2.0279879570007324,identifier,ROOT_LOGGER
2.996610641479492,-167.77322387695312,.,.
-9.490425109863281,20.3880615234375,identifier,failToCreateSecurityContext
84.72787475585938,-116.00675201416016,(,(
-25.925125122070312,-70.17758178710938,identifier,e
-53.22648239135742,175.35231018066406,),)
-164.07725524902344,16.182912826538086,;,;
87.73809814453125,66.09111022949219,},}
84.4321517944336,67.01493835449219,},}
82.07235717773438,66.89842224121094,},}
-59.24153137207031,165.08985900878906,),)
-161.15191650390625,15.007170677185059,;,;
76.98869323730469,58.25771713256836,},}
86.35102081298828,46.061588287353516,else,else
160.4605712890625,-11.548534393310547,{,{
155.4768524169922,-12.99030876159668,{,{
72.6953125,155.95167541503906,return,return
-42.242733001708984,11.081082344055176,identifier,SecurityContextFactory
-7.158653259277344,-175.54222106933594,.,.
-10.028603553771973,21.068756103515625,identifier,createSecurityContext
84.431396484375,-116.09150695800781,(,(
-64.63290405273438,-12.909180641174316,identifier,domain
-46.816688537597656,184.7935028076172,),)
-165.85476684570312,10.608059883117676,;,;
80.22400665283203,58.849246978759766,},}
134.4488525390625,-99.37129211425781,(,(
-49.764801025390625,50.636077880859375,identifier,Exception
-26.918813705444336,-70.91773986816406,identifier,e
-82.39152526855469,128.1809844970703,),)
155.73040771484375,-2.7114486694335938,{,{
-10.807074546813965,-6.076189994812012,identifier,UndertowLogger
4.764514923095703,-167.38658142089844,.,.
-9.306753158569336,1.9514153003692627,identifier,ROOT_LOGGER
3.0731940269470215,-168.0917205810547,.,.
-9.466286659240723,20.347505569458008,identifier,failToCreateSecurityContext
84.88453674316406,-116.68362426757812,(,(
-25.74344825744629,-69.93196868896484,identifier,e
-53.61420822143555,176.04530334472656,),)
-171.05494689941406,19.041391372680664,;,;
90.83075714111328,69.19571685791016,},}
88.1746597290039,73.29312133789062,},}
117.85191345214844,113.27153778076172,},}
-39.61501693725586,26.141881942749023,identifier,SessionID
-33.21276092529297,34.30449295043945,identifier,createSessionRemote
84.52252197265625,-59.45936965942383,(,(
-30.34617805480957,121.35504150390625,),)
176.19679260253906,-21.742944717407227,{,{
-42.01634216308594,20.790748596191406,identifier,ControlPoint
-42.387821197509766,-16.302412033081055,identifier,controlPoint
98.25894165039062,6.780186176300049,=,=
-16.479955673217773,28.625764846801758,identifier,getControlPoint
75.43119812011719,-63.252323150634766,(,(
-15.389862060546875,123.53255462646484,),)
-186.14529418945312,-27.47749900817871,;,;
139.44247436523438,53.524044036865234,if,if
153.19921875,-103.2397232055664,(,(
-42.3739013671875,-15.995017051696777,identifier,controlPoint
47.697975158691406,101.508544921875,==,==
-70.7339859008789,126.63227081298828,),)
154.94406127929688,4.056588172912598,{,{
74.91385650634766,154.0714874267578,return,return
-11.713366508483887,21.0279541015625,identifier,createSession
75.87591552734375,-64.5453109741211,(,(
-14.404109001159668,126.73029327392578,),)
-160.71932983398438,7.566991806030273,;,;
78.63666534423828,54.11723709106445,},}
86.0844955444336,44.98101806640625,else,else
161.3634796142578,-12.02527904510498,{,{
156.52243041992188,-16.789718627929688,{,{
-39.83747482299805,11.540006637573242,identifier,RunResult
17.641782760620117,-42.881591796875,identifier,result
95.33998107910156,3.239722490310669,=,=
-42.3592643737793,-15.486952781677246,identifier,controlPoint
-14.791627883911133,-189.32301330566406,.,.
-9.24653434753418,12.949538230895996,identifier,beginRequest
75.38179016113281,-65.27265167236328,(,(
-16.35947036743164,127.10065460205078,),)
-182.59359741210938,-25.522138595581055,;,;
138.2914581298828,58.44048309326172,if,if
149.2576141357422,-99.5544204711914,(,(
19.795652389526367,-38.59273910522461,identifier,result
45.27852249145508,96.59790802001953,==,==
-39.80905532836914,11.483234405517578,identifier,RunResult
11.869614601135254,-172.60813903808594,.,.
-25.702789306640625,3.113969564437866,identifier,REJECTED
-73.99502563476562,123.26029968261719,),)
154.21754455566406,1.2163594961166382,{,{
-26.321514129638672,7.873404502868652,identifier,EjbLogger
4.827547550201416,-167.23907470703125,.,.
-9.424372673034668,2.079441547393799,identifier,ROOT_LOGGER
2.6173954010009766,-167.3975830078125,.,.
-19.7700138092041,12.821043968200684,identifier,containerSuspended
71.029296875,-71.94490051269531,(,(
-15.512613296508789,130.1829376220703,),)
-162.2819366455078,11.495821952819824,;,;
72.97335815429688,58.974124908447266,},}
155.4174346923828,-13.25733757019043,{,{
73.14566040039062,155.8959503173828,return,return
-11.675005912780762,20.927993774414062,identifier,createSession
72.62281799316406,-71.65280151367188,(,(
-15.442400932312012,130.96145629882812,),)
-166.6195068359375,10.806815147399902,;,;
79.4448471069336,59.316001892089844,},}
155.61865234375,-9.473962783813477,{,{
-42.355499267578125,-15.371773719787598,identifier,controlPoint
-7.593967914581299,-174.49301147460938,.,.
-9.303942680358887,13.165343284606934,identifier,requestComplete
71.20719146728516,-72.35452270507812,(,(
-15.13953971862793,131.1708221435547,),)
-166.94757080078125,11.030111312866211,;,;
88.30859375,64.55384826660156,},}
79.27311706542969,61.88924789428711,},}
134.80706787109375,-97.0638198852539,(,(
-25.699138641357422,17.04572105407715,identifier,EJBComponentUnavailableException
-25.954269409179688,16.99513816833496,identifier,ComponentIsStoppedException
-26.700658798217773,-72.1622085571289,identifier,e
-81.9490966796875,128.31483459472656,),)
156.0412139892578,-1.9965556859970093,{,{
-25.6876277923584,-71.67354583740234,identifier,e
-168.6836395263672,10.416057586669922,;,;
80.26870727539062,59.11156463623047,},}
134.33396911621094,-99.2993392944336,(,(
-49.47136688232422,50.44234848022461,identifier,Exception
-26.633140563964844,-71.17537689208984,identifier,e
-82.33722686767578,128.29379272460938,),)
155.93145751953125,-2.3028206825256348,{,{
192.56690979003906,47.73309326171875,new,new
-28.99528694152832,19.348798751831055,identifier,EJBException
85.21805572509766,-118.55008697509766,(,(
-25.676071166992188,-70.16656494140625,identifier,e
-53.50799560546875,176.11683654785156,),)
-171.17543029785156,18.890785217285156,;,;
90.503173828125,68.77702331542969,},}
87.96800231933594,72.55073547363281,},}
117.6929931640625,113.733154296875,},}
-40.61038589477539,27.35175132751465,identifier,DataResult
-38.18221664428711,35.35150146484375,identifier,readData
112.81197357177734,-45.834434509277344,(,(
-57.75106430053711,38.12009811401367,identifier,InputStream
0.30121198296546936,-5.926495552062988,identifier,is
-94.92049407958984,-96.42508697509766,",",","
-32.844810485839844,13.017484664916992,identifier,NetcdfFile
-49.23299789428711,-1.7858357429504395,identifier,ncfile
-98.03699493408203,-100.01213836669922,",",","
-81.10645294189453,42.72364807128906,identifier,String
-57.08998489379883,-14.470585823059082,identifier,location
-96.4013442993164,104.79612731933594,),)
-42.974365234375,47.960174560546875,identifier,IOException
181.9511260986328,-20.481277465820312,{,{
-22.517847061157227,-37.90731430053711,identifier,b
87.66863250732422,8.47480297088623,=,=
198.41671752929688,43.20410919189453,new,new
-161.13233947753906,-42.266910552978516,;,;
-38.9240608215332,-25.652780532836914,identifier,bytesRead
98.95254516601562,-1.1118577718734741,=,=
-26.31654167175293,-6.489218235015869,identifier,NcStream
-15.227797508239746,-188.69717407226562,.,.
-20.197473526000977,26.685443878173828,identifier,readFully
89.63360595703125,-112.5287857055664,(,(
0.019312618300318718,-5.7241902351379395,identifier,is
-95.51604461669922,-125.79866790771484,",",","
-22.15680503845215,-39.02588653564453,identifier,b
-40.106082916259766,187.59136962890625,),)
-185.64808654785156,-25.647533416748047,;,;
141.01133728027344,55.51325988769531,if,if
151.35845947265625,-98.30863189697266,(,(
-38.929195404052734,-25.643009185791016,identifier,bytesRead
27.15717315673828,85.7445297241211,<,<
-22.103931427001953,-39.08089065551758,identifier,b
8.747954368591309,-187.00074768066406,.,.
-50.33319854736328,-73.7793197631836,identifier,length
-64.2120590209961,143.26649475097656,),)
190.2095947265625,45.725914001464844,new,new
-39.770694732666016,49.52783203125,identifier,EOFException
88.8231430053711,-113.18933868408203,(,(
-57.08855056762695,-14.495232582092285,identifier,location
-40.44333267211914,185.48434448242188,),)
-184.1038818359375,-23.0283203125,;,;
135.71839904785156,58.71234893798828,if,if
150.29510498046875,-95.90821838378906,(,(
-26.52489471435547,-6.8016357421875,identifier,NcStream
-4.240724086761475,-181.73135375976562,.,.
-6.982959270477295,2.519055128097534,identifier,test
85.33755493164062,-122.46353149414062,(,(
-22.278745651245117,-39.4007568359375,identifier,b
-92.791015625,-124.60032653808594,",",","
-26.845252990722656,-7.027320384979248,identifier,NcStream
11.330859184265137,-170.94467163085938,.,.
-24.47823715209961,1.5824556350708008,identifier,MAGIC_DATA
-31.507526397705078,161.91883850097656,),)
-62.36854553222656,145.1783447265625,),)
78.61308288574219,158.74729919433594,return,return
-11.40185546875,14.986686706542969,identifier,readData1
87.57315063476562,-116.32915496826172,(,(
-0.14824837446212769,-5.599879264831543,identifier,is
-95.74384307861328,-125.92497253417969,",",","
-49.241580963134766,-1.7791827917099,identifier,ncfile
-42.78620147705078,180.0303497314453,),)
-183.90089416503906,-22.62582778930664,;,;
136.6077423095703,59.63053512573242,if,if
149.53680419921875,-95.62006378173828,(,(
-26.65316390991211,-7.02451753616333,identifier,NcStream
-4.292599201202393,-181.69285583496094,.,.
-6.981266021728516,2.5212182998657227,identifier,test
85.2748031616211,-122.46134185791016,(,(
-22.311464309692383,-39.539146423339844,identifier,b
-92.78807067871094,-124.66664123535156,",",","
-26.9288387298584,-7.128918170928955,identifier,NcStream
11.362722396850586,-170.2901611328125,.,.
-24.44501495361328,1.6273638010025024,identifier,MAGIC_DATA2
-31.933324813842773,162.2132568359375,),)
-61.87689971923828,146.05630493164062,),)
77.44429779052734,159.43179321289062,return,return
-11.379412651062012,14.977160453796387,identifier,readData2
86.4341049194336,-116.70026397705078,(,(
-0.2822236120700836,-5.518610000610352,identifier,is
-50.93952560424805,175.41004943847656,),)
-151.65362548828125,-25.111862182617188,;,;
191.5156707763672,47.736995697021484,new,new
-41.64841079711914,49.475318908691406,identifier,IOException
87.61799621582031,-135.93869018554688,(,(
-16.612661361694336,8.536831855773926,"""","""Data transfer corrupted on """
15.669612884521484,-76.4332046508789,+,+
-57.085113525390625,-14.510696411132812,identifier,location
-54.30047607421875,180.31687927246094,),)
-174.0491180419922,22.272377014160156,;,;
107.3916244506836,120.03753662109375,},}
-50.07435989379883,29.26600456237793,identifier,Variable
-35.148895263671875,34.13150405883789,identifier,addStringVariable
113.23605346679688,-45.400611877441406,(,(
-36.68614959716797,15.99143123626709,identifier,Group
-24.030813217163086,-47.267677307128906,identifier,g
-94.26378631591797,-98.20855712890625,",",","
-79.65043640136719,42.96837615966797,identifier,String
-58.061988830566406,-18.5413761138916,identifier,shortName
-96.79185485839844,-101.23196411132812,",",","
-79.86494445800781,41.94823455810547,identifier,String
-44.952579498291016,-29.348705291748047,identifier,dims
-98.31185913085938,-101.52649688720703,",",","
-61.48003005981445,-11.556314468383789,identifier,strlen
-97.45915222167969,99.12322998046875,),)
179.64633178710938,-13.091340065002441,{,{
150.473876953125,59.967376708984375,if,if
156.28260803222656,-104.36705017089844,(,(
-21.64723014831543,7.650628566741943,identifier,immutable
-64.44181060791016,143.0623016357422,),)
189.65692138671875,46.55540084838867,new,new
-36.16706085205078,51.083126068115234,identifier,IllegalStateException
84.94113159179688,-136.0806121826172,(,(
-20.87222671508789,7.485345840454102,"""","""Cant modify"""
-41.20341110229492,162.04881286621094,),)
-188.18246459960938,-23.324993133544922,;,;
135.27040100097656,57.224666595458984,if,if
150.09637451171875,-103.06037902832031,(,(
-23.07100486755371,-47.12417984008789,identifier,g
48.03277587890625,100.23701477050781,==,==
-61.73170471191406,141.63095092773438,),)
-22.763517379760742,-47.18230438232422,identifier,g
102.37427520751953,2.8110461235046387,=,=
-28.217321395874023,12.74332332611084,identifier,rootGroup
-159.00430297851562,-44.343055725097656,;,;
-83.23157501220703,38.63510513305664,identifier,String
-46.61176681518555,-35.20949172973633,identifier,dimName
96.6045913696289,-2.919248342514038,=,=
-58.052093505859375,-18.557479858398438,identifier,shortName
9.898271560668945,-81.13651275634766,+,+
-15.349126815795898,4.103573322296143,"""","""_strlen"""
-163.59378051757812,-28.11520004272461,;,;
-5.412807464599609,15.22170639038086,identifier,addDimension
91.83148193359375,-117.36859893798828,(,(
-23.53359603881836,-47.0224494934082,identifier,g
-93.72708892822266,-120.0073471069336,",",","
197.6626739501953,46.765411376953125,new,new
-5.420339107513428,15.137092590332031,identifier,Dimension
86.34300231933594,-109.33161926269531,(,(
-47.709354400634766,-32.676055908203125,identifier,dimName
-97.0110092163086,-124.6982421875,",",","
-61.48339080810547,-11.562607765197754,identifier,strlen
-28.775638580322266,163.16665649414062,),)
-58.00220489501953,159.49806213378906,),)
-155.52947998046875,-39.99679183959961,;,;
-51.372920989990234,28.371212005615234,identifier,Variable
-12.914678573608398,-39.161685943603516,identifier,v
87.3669662475586,6.546106338500977,=,=
196.5277557373047,42.95268249511719,new,new
-50.921791076660156,29.77925682067871,identifier,Variable
94.33970642089844,-114.42955017089844,(,(
-91.55728912353516,-121.8181381225586,",",","
-23.58010482788086,-47.011619567871094,identifier,g
-93.59797668457031,-120.2279281616211,",",","
-101.37732696533203,-129.51109313964844,",",","
-58.05769729614258,-18.556171417236328,identifier,shortName
-45.38777160644531,180.73529052734375,),)
-160.19708251953125,-30.4660587310791,;,;
-11.904341697692871,-39.51070022583008,identifier,v
-17.35047149658203,-173.4518280029297,.,.
-7.26226282119751,14.880682945251465,identifier,setDataType
89.60710144042969,-125.33081817626953,(,(
-7.065704345703125,14.153403282165527,identifier,DataType
7.870998382568359,-173.42713928222656,.,.
-22.9658260345459,1.7985737323760986,identifier,CHAR
-42.85248947143555,174.84762573242188,),)
-159.8900604248047,-28.846574783325195,;,;
-11.826554298400879,-39.55288314819336,identifier,v
-17.209115982055664,-173.3293914794922,.,.
-7.351909637451172,15.543635368347168,identifier,setDimensions
87.3190689086914,-121.16488647460938,(,(
-44.96406555175781,-29.296247482299805,identifier,dims
9.329571723937988,-81.88367462158203,+,+
-13.909797668457031,5.632804870605469,"""",""" """
15.415312767028809,-76.23238372802734,+,+
-47.7200813293457,-32.65291976928711,identifier,dimName
-45.06138610839844,178.5535430908203,),)
-159.03079223632812,-27.183265686035156,;,;
-23.393156051635742,-46.75080490112305,identifier,g
-10.035000801086426,-168.39341735839844,.,.
3.217885732650757,15.697043418884277,identifier,addVariable
82.75695037841797,-118.09587860107422,(,(
-11.14375114440918,-40.1956787109375,identifier,v
-50.9442253112793,176.894287109375,),)
-149.96824645996094,-23.284353256225586,;,;
70.57662200927734,160.51600646972656,return,return
-11.041404724121094,-40.24836349487305,identifier,v
-182.51820373535156,14.93945026397705,;,;
106.89482116699219,117.89652252197266,},}
-69.10823059082031,22.854616165161133,identifier,URL
-35.3214225769043,30.729883193969727,identifier,removeTrailingSlash
114.5265884399414,-47.089996337890625,(,(
-70.53300476074219,23.013320922851562,identifier,URL
-72.68925476074219,4.60413932800293,identifier,url
-93.56181335449219,101.07819366455078,),)
177.6038360595703,-21.36969757080078,{,{
-81.56482696533203,39.186370849609375,identifier,String
-40.83646011352539,-39.78953170776367,identifier,file
99.197021484375,5.590527534484863,=,=
-72.87096405029297,6.328461170196533,identifier,url
-13.603991508483887,-193.3144989013672,.,.
-10.622943878173828,35.778648376464844,identifier,getFile
73.57658386230469,-66.49761199951172,(,(
-15.464411735534668,124.09376525878906,),)
-185.7132568359375,-27.70796012878418,;,;
138.58505249023438,53.16460418701172,if,if
153.59178161621094,-100.15496063232422,(,(
-40.535179138183594,-41.154747009277344,identifier,file
2.968827247619629,-187.64471435546875,.,.
14.244028091430664,12.896708488464355,identifier,endsWith
75.66678619384766,-129.51512145996094,(,(
-12.955434799194336,2.1872596740722656,"""","""/"""
-29.58742332458496,158.56143188476562,),)
-78.67613983154297,139.26828002929688,),)
166.5758056640625,-6.797952175140381,{,{
-40.80880355834961,-39.945777893066406,identifier,file
90.59752655029297,1.0144118070602417,=,=
-40.61488342285156,-41.1923942565918,identifier,file
-7.874644756317139,-189.15582275390625,.,.
19.65485954284668,10.926127433776855,identifier,substring
72.19127655029297,-128.45950317382812,(,(
-101.00259399414062,-131.36160278320312,",",","
-40.392295837402344,-41.245758056640625,identifier,file
8.96291446685791,-183.92788696289062,.,.
-51.502437591552734,-72.73361206054688,identifier,length
64.81790924072266,-60.85752487182617,(,(
-29.430160522460938,140.95912170410156,),)
-42.68488693237305,171.13648986816406,),)
-178.88613891601562,-27.181798934936523,;,;
155.21507263183594,-14.148784637451172,{,{
73.81779479980469,154.336669921875,return,return
193.64956665039062,44.75071716308594,new,new
-70.33844757080078,20.343643188476562,identifier,URL
93.16806030273438,-119.61592102050781,(,(
-73.52847290039062,6.781476974487305,identifier,url
2.0438616275787354,-175.9822235107422,.,.
-13.799753189086914,38.25798034667969,identifier,getProtocol
60.115203857421875,-67.46904754638672,(,(
-19.83832550048828,136.58718872070312,),)
-107.29662322998047,-123.32661437988281,",",","
-73.77007293701172,6.838347434997559,identifier,url
2.423459053039551,-175.00111389160156,.,.
-12.685137748718262,39.86783218383789,identifier,getHost
60.3741340637207,-67.4920425415039,(,(
-19.553680419921875,136.8327178955078,),)
-107.55574798583984,-123.54473114013672,",",","
-73.87535858154297,6.86832857131958,identifier,url
2.52085542678833,-174.85426330566406,.,.
-13.400283813476562,39.45792007446289,identifier,getPort
60.681434631347656,-67.68773651123047,(,(
-19.434757232666016,137.02381896972656,),)
-108.82075500488281,-124.91743469238281,",",","
-40.00916290283203,-41.403324127197266,identifier,file
-47.58763885498047,182.6718292236328,),)
-164.45713806152344,12.225516319274902,;,;
80.44747161865234,57.67388916015625,},}
134.28424072265625,-97.94603729248047,(,(
-46.06105422973633,45.033050537109375,identifier,MalformedURLException
-27.390750885009766,-72.02581787109375,identifier,e
-82.11585235595703,127.56835174560547,),)
157.83584594726562,-4.19409704208374,{,{
21.909608840942383,42.44200134277344,identifier,Assert
-4.625390529632568,-167.16983032226562,.,.
-15.541473388671875,12.019989967346191,identifier,isTrue
90.09614562988281,-129.08880615234375,(,(
-102.89354705810547,-129.65528869628906,",",","
-24.942136764526367,-71.1572494506836,identifier,e
1.158727765083313,-171.69142150878906,.,.
-0.9412587285041809,42.409149169921875,identifier,getMessage
62.007728576660156,-70.83854675292969,(,(
-17.31818199157715,143.400634765625,),)
-53.515472412109375,163.1253662109375,),)
-167.1552276611328,16.67413902282715,;,;
89.3465805053711,66.09516143798828,},}
78.67301177978516,63.05803298950195,},}
87.34065246582031,46.448246002197266,else,else
155.39889526367188,-5.703845500946045,{,{
72.94193267822266,157.3559112548828,return,return
-74.1947250366211,5.896679401397705,identifier,url
-175.8870086669922,11.923736572265625,;,;
73.71654510498047,65.26704406738281,},}
70.76618957519531,165.3448028564453,return,return
-178.30406188964844,15.670406341552734,;,;
110.37921142578125,117.41373443603516,},}
-24.46048927307129,54.385223388671875,identifier,ArrayList
22.31684112548828,76.71331024169922,<,<
-85.45125579833984,44.74319076538086,identifier,String
45.94910430908203,126.79472351074219,>,>
-32.51389694213867,31.930809020996094,identifier,getConsequenceChildrenList
112.29838562011719,-46.712398529052734,(,(
-80.31713104248047,44.26996994018555,identifier,String
-43.28989791870117,-12.795087814331055,identifier,text
-97.88768768310547,-99.03880310058594,",",","
-44.353939056396484,-11.119009017944336,identifier,addChildren
-96.01720428466797,101.72224426269531,),)
175.50360107421875,-21.016124725341797,{,{
-43.59510803222656,17.08586311340332,identifier,Node
-23.618438720703125,-35.76863479614258,identifier,c
101.05404663085938,3.486807107925415,=,=
-29.433067321777344,30.827159881591797,identifier,getConsequenceChildren
89.49187469482422,-109.99954986572266,(,(
-43.29079055786133,-12.825986862182617,identifier,text
-38.79396057128906,185.02098083496094,),)
-162.82904052734375,-33.688934326171875,;,;
-3.962282419204712,-158.2393035888672,.,.
7.805784225463867,-9.930072784423828,identifier,suggestions
-15.792078018188477,-181.28016662597656,.,.
1.959610104560852,10.593437194824219,identifier,clear
79.32801055908203,-65.09223175048828,(,(
-16.138389587402344,124.88162231445312,),)
-188.014404296875,-28.009647369384766,;,;
129.98699951171875,45.12654495239258,for,for
139.2113037109375,-87.5606689453125,(,(
-66.02091979980469,-48.13736343383789,identifier,idx
80.6754150390625,2.6965839862823486,=,=
-171.31321716308594,-38.84846878051758,;,;
-66.5538330078125,-47.74898910522461,identifier,idx
26.397117614746094,86.55175018310547,<,<
-26.47677993774414,-36.444393157958984,identifier,c
9.120041847229004,-186.6696319580078,.,.
-50.17997360229492,-73.99000549316406,identifier,length
-171.93096923828125,-35.88200378417969,;,;
-66.61356353759766,-47.74063491821289,identifier,idx
-84.0561294555664,134.46046447753906,),)
176.46820068359375,-9.244362831115723,{,{
145.62274169921875,59.803890228271484,if,if
150.51292419433594,-104.32867431640625,(,(
-44.4267578125,-11.198572158813477,identifier,addChildren
-76.62454986572266,124.26058197021484,),)
166.1614227294922,-2.086735486984253,{,{
-4.484818935394287,-161.219970703125,.,.
-3.005966901779175,16.854331970214844,identifier,addChildToList
92.54804229736328,-119.12252807617188,(,(
-26.000141143798828,-37.01313400268555,identifier,c
-67.39656066894531,-46.74592590332031,identifier,idx
-106.50442504882812,-124.01595306396484,",",","
-25.937414169311523,-37.070213317871094,identifier,c
-67.41201782226562,-46.7312126159668,identifier,idx
-16.035240173339844,-157.1066131591797,.,.
-3.6585121154785156,35.33083724975586,identifier,getToken
60.92072296142578,-68.05821990966797,(,(
-20.396520614624023,137.95645141601562,),)
-108.14112854003906,-124.19158935546875,",",","
-2.9363536834716797,-161.14698791503906,.,.
7.805307865142822,-9.956628799438477,identifier,suggestions
-48.26498031616211,183.1701202392578,),)
-164.30966186523438,12.121782302856445,;,;
79.01727294921875,56.39906311035156,},}
86.92902374267578,45.87513732910156,else,else
157.5361785888672,-8.638134956359863,{,{
-4.024590969085693,-161.64295959472656,.,.
7.8059983253479,-9.966501235961914,identifier,suggestions
-11.647171974182129,-172.9698944091797,.,.
4.554337501525879,15.747939109802246,identifier,add
81.12030029296875,-124.12530517578125,(,(
-25.99163055419922,-37.09537124633789,identifier,c
-67.48120880126953,-46.67075729370117,identifier,idx
-16.01151466369629,-157.18211364746094,.,.
-3.5403897762298584,35.23759460449219,identifier,getToken
61.809776306152344,-71.47158813476562,(,(
-17.26987075805664,143.93234252929688,),)
-53.48060607910156,163.54779052734375,),)
-167.59617614746094,16.989912033081055,;,;
89.5993423461914,66.43455505371094,},}
76.73448181152344,64.72371673583984,},}
71.18148803710938,163.52577209472656,return,return
-6.315246105194092,-161.0966033935547,.,.
7.808588027954102,-9.992297172546387,identifier,suggestions
-182.0577392578125,16.452360153198242,;,;
109.6639633178711,117.49817657470703,},}
-37.705867767333984,32.302024841308594,identifier,isMoreSpecific
113.25267028808594,-48.168582916259766,(,(
-66.27729797363281,35.563777923583984,identifier,Class
-47.069602966308594,-7.673736572265625,identifier,classes1
-97.76107788085938,-97.23440551757812,",",","
-65.8857421875,35.31095886230469,identifier,Class
-47.10212326049805,-7.6637797355651855,identifier,classes2
-96.89213562011719,101.749755859375,),)
178.42588806152344,-13.688782691955566,{,{
130.35044860839844,43.847557067871094,for,for
139.26284790039062,-86.78392791748047,(,(
-62.61939239501953,-45.399417877197266,identifier,index
80.8525161743164,3.0304908752441406,=,=
-100.96990966796875,-132.18301391601562,",",","
-34.79219436645508,-52.80501937866211,identifier,count
97.24908447265625,-4.1824049949646,=,=
-46.494773864746094,-8.618976593017578,identifier,classes1
9.951141357421875,-187.6671142578125,.,.
-50.06944274902344,-74.23892974853516,identifier,length
-172.8047332763672,-37.23390579223633,;,;
-63.78620529174805,-43.967010498046875,identifier,index
26.47494125366211,86.35224914550781,<,<
-34.693992614746094,-53.42082977294922,identifier,count
-172.60696411132812,-35.20504379272461,;,;
-64.37190246582031,-43.60661697387695,identifier,index
-76.68379974365234,121.04244995117188,),)
169.6921844482422,-9.128242492675781,{,{
-66.46795654296875,34.489479064941406,identifier,Class
-24.126239776611328,-34.615055084228516,identifier,c1
92.92510986328125,1.2279223203659058,=,=
-46.466304779052734,-8.672334671020508,identifier,classes1
-65.09609985351562,-43.10685348510742,identifier,index
-106.00285339355469,-123.42351531982422,",",","
-24.318998336791992,-34.547637939453125,identifier,c2
94.34712982177734,-5.652725696563721,=,=
-46.466026306152344,-8.679718971252441,identifier,classes2
-65.11183166503906,-43.0308723449707,identifier,index
-182.5307159423828,-22.194765090942383,;,;
141.61624145507812,56.11988830566406,if,if
148.90647888183594,-102.99047088623047,(,(
-26.590906143188477,-34.35471725463867,identifier,c1
45.23888397216797,95.98338317871094,==,==
-27.87216567993164,-34.66773986816406,identifier,c2
-63.926170349121094,142.096923828125,),)
-171.22607421875,0.8287287950515747,;,;
83.79669189453125,47.97416687011719,else,else
135.9395294189453,62.534889221191406,if,if
147.04840087890625,-94.42803955078125,(,(
-26.717561721801758,-34.26947784423828,identifier,c1
7.644842147827148,-178.13563537597656,.,.
-3.942445755004883,21.224428176879883,identifier,isPrimitive
62.151039123535156,-63.04665756225586,(,(
-20.975326538085938,148.1812286376953,),)
-62.91618347167969,145.54364013671875,),)
78.0267105102539,157.54273986816406,return,return
-170.81446838378906,0.748992383480072,;,;
83.99820709228516,47.96555709838867,else,else
135.93719482421875,62.77254867553711,if,if
146.92955017089844,-94.43221282958984,(,(
-26.7618408203125,-34.2265510559082,identifier,c1
7.603921413421631,-178.11505126953125,.,.
-3.734893560409546,20.929174423217773,identifier,isAssignableFrom
77.76789093017578,-113.17918395996094,(,(
-28.001943588256836,-34.501617431640625,identifier,c2
-29.74860191345215,164.44032287597656,),)
-62.66604995727539,145.98681640625,),)
77.5958023071289,157.79782104492188,return,return
-170.7311553955078,0.7543042302131653,;,;
84.32633209228516,47.94107437133789,else,else
135.91758728027344,63.19740676879883,if,if
146.53140258789062,-94.49117279052734,(,(
-26.95172882080078,-34.13031768798828,identifier,c2
7.559760570526123,-178.0960235595703,.,.
-3.5966784954071045,20.852737426757812,identifier,isAssignableFrom
77.61447143554688,-113.19938659667969,(,(
-28.094451904296875,-34.390811920166016,identifier,c1
-29.8261775970459,164.53611755371094,),)
-62.28892135620117,146.6269989013672,),)
76.96492767333984,158.46038818359375,return,return
-173.68272399902344,11.110625267028809,;,;
74.51394653320312,65.20645904541016,},}
70.7841567993164,165.7018280029297,return,return
-178.38075256347656,16.132688522338867,;,;
110.3606185913086,116.68705749511719,},}
69.05318450927734,45.18326950073242,identifier,Override
-33.283451080322266,43.231658935546875,identifier,process
108.47692108154297,-46.69342803955078,(,(
-48.42295837402344,16.40066146850586,identifier,Resource
-49.013641357421875,16.141069412231445,identifier,resource
-99.79462432861328,-97.18061828613281,",",","
-50.79912567138672,6.579713344573975,identifier,Reader
-50.72037124633789,4.97011137008667,identifier,reader
-100.70677947998047,-99.46758270263672,",",","
-50.784889221191406,6.4977803230285645,identifier,Writer
-50.712886810302734,5.675694942474365,identifier,writer
-97.01097869873047,105.95613861083984,),)
-42.36534118652344,48.64806365966797,identifier,IOException
182.88368225097656,-19.9668025970459,{,{
30.811893463134766,26.50267791748047,identifier,LOG
-19.379013061523438,-167.04837036132812,.,.
20.549678802490234,32.174007415771484,identifier,debug
84.69599914550781,-139.4055938720703,(,(
-20.245073318481445,9.749141693115234,"""","""processing resource: {}"""
-107.58802795410156,-131.91004943847656,",",","
-49.15235137939453,16.07976722717285,identifier,resource
-37.73817443847656,183.09365844726562,),)
-161.37496948242188,-37.8663444519043,;,;
-84.99684143066406,40.0309944152832,identifier,String
-4.471848964691162,-44.605796813964844,identifier,content
100.01974487304688,-0.9689143896102905,=,=
-29.787315368652344,7.576260566711426,identifier,IOUtils
-18.81029510498047,-185.43629455566406,.,.
18.951824188232422,21.858749389648438,identifier,toString
86.19454956054688,-111.53512573242188,(,(
-50.70894241333008,4.822880744934082,identifier,reader
-40.40204620361328,184.23171997070312,),)
-161.22857666015625,-37.632381439208984,;,;
-50.258766174316406,21.618959426879883,identifier,TypeScriptCompiler
-6.765275478363037,-8.117790222167969,identifier,compiler
95.79840850830078,1.813353180885315,=,=
-13.468025207519531,-11.654704093933105,identifier,enginePool
-14.144054412841797,-188.57919311523438,.,.
-9.20845890045166,29.454660415649414,identifier,getObject
73.58629608154297,-67.05682373046875,(,(
-18.151695251464844,126.88068389892578,),)
-179.41261291503906,-26.028213500976562,;,;
155.99794006347656,-14.765088081359863,{,{
-11.704498291015625,-9.009709358215332,identifier,writer
-14.843964576721191,-169.89109802246094,.,.
0.21845680475234985,15.798800468444824,identifier,write
86.64569091796875,-125.0304946899414,(,(
-6.779990196228027,-8.093503952026367,identifier,compiler
-0.46565666794776917,-176.7012176513672,.,.
-20.699731826782227,5.118114948272705,identifier,compile
78.81719970703125,-114.8027572631836,(,(
-4.482590675354004,-44.64204788208008,identifier,content
-27.23650360107422,163.4329833984375,),)
-54.19928741455078,159.9705810546875,),)
-164.8231658935547,10.757529258728027,;,;
80.56555938720703,57.23299789428711,},}
135.98536682128906,-99.34954833984375,(,(
-49.18113708496094,51.30195617675781,identifier,Exception
-27.055309295654297,-71.86660766601562,identifier,e
-81.7049331665039,126.96429443359375,),)
158.85116577148438,-4.457278728485107,{,{
-12.528773307800293,11.247332572937012,identifier,onException
85.42535400390625,-119.38013458251953,(,(
-25.509740829467773,-70.6589584350586,identifier,e
-97.13928985595703,-127.58151245117188,",",","
-4.479712963104248,-44.64069747924805,identifier,content
-47.46168518066406,184.2437744140625,),)
-165.5928192138672,11.323107719421387,;,;
79.40504455566406,58.32326126098633,},}
155.8707275390625,-9.524417877197266,{,{
-13.50093936920166,-11.509392738342285,identifier,enginePool
-8.512114524841309,-174.10208129882812,.,.
-6.015807628631592,12.71848201751709,identifier,returnObject
84.6684799194336,-118.63019561767578,(,(
-6.782125949859619,-8.09007740020752,identifier,compiler
-48.23863220214844,185.868408203125,),)
-157.89703369140625,-25.287857055664062,;,;
-12.15612506866455,-8.664867401123047,identifier,reader
-9.750694274902344,-171.192626953125,.,.
3.6568071842193604,5.218174934387207,identifier,close
69.32191467285156,-76.18026733398438,(,(
-15.615609169006348,133.4510955810547,),)
-158.1383819580078,-25.263139724731445,;,;
-11.764445304870605,-8.966073036193848,identifier,writer
-9.416707992553711,-170.93194580078125,.,.
3.720886468887329,5.319952964782715,identifier,close
68.17447662353516,-76.35865020751953,(,(
-13.362421035766602,134.71340942382812,),)
-172.89280700683594,19.25222396850586,;,;
90.44438934326172,70.85535430908203,},}
117.7611083984375,114.93341064453125,},}
-39.555118560791016,38.434486389160156,identifier,fireEvent
113.20348358154297,-43.67251968383789,(,(
-55.802734375,2.7225728034973145,identifier,EventTypeID
-56.046287536621094,2.1669156551361084,identifier,eventTypeId
-95.58661651611328,-100.32327270507812,",",","
-82.01118469238281,27.68680763244629,identifier,Object
-59.21871566772461,1.6355080604553223,identifier,event
-95.58887481689453,-101.47770690917969,",",","
-59.52736282348633,12.595589637756348,identifier,Address
-59.55792999267578,12.572193145751953,identifier,address
-95.76177215576172,-101.9055404663086,",",","
-51.07399368286133,13.532452583312988,identifier,ServiceID
-56.50918197631836,10.694266319274902,identifier,serviceID
-98.54330444335938,-103.58705139160156,",",","
-43.13826370239258,8.444732666015625,identifier,EventProcessingSucceedCallback
-44.58616256713867,6.1205525398254395,identifier,succeedCallback
-99.41407775878906,-103.79383850097656,",",","
-43.17841339111328,8.261055946350098,identifier,EventProcessingFailedCallback
-44.41754913330078,5.995906352996826,identifier,failedCallback
-99.48239135742188,-103.68571472167969,",",","
-43.115108489990234,8.041831016540527,identifier,EventUnreferencedCallback
-42.92472839355469,6.908008098602295,identifier,unreferencedCallback
-97.63057708740234,106.70455932617188,),)
-30.890228271484375,15.568253517150879,identifier,ActivityIsEndingException
-102.18453216552734,-104.64469909667969,",",","
-34.06354904174805,19.966415405273438,identifier,SLEEException
183.7416534423828,-17.306716918945312,{,{
147.60604858398438,58.007591247558594,if,if
157.43788146972656,-104.15449523925781,(,(
-21.655946731567383,18.591522216796875,identifier,isEnding
70.2293701171875,-60.34697723388672,(,(
-23.622987747192383,148.56756591796875,),)
-76.97489166259766,138.83541870117188,),)
153.8030548095703,2.0162692070007324,{,{
191.8981475830078,45.80672836303711,new,new
-30.801040649414062,15.55241870880127,identifier,ActivityIsEndingException
94.2149887084961,-122.02677154541016,(,(
-12.834996223449707,25.603734970092773,identifier,getActivityContextHandle
71.34891510009766,-63.90791320800781,(,(
-27.45803451538086,135.6759033203125,),)
-21.055471420288086,-154.1452178955078,.,.
18.887611389160156,22.033193588256836,identifier,toString
66.41732788085938,-64.89002227783203,(,(
-18.830408096313477,149.3446807861328,),)
-55.12965393066406,159.00823974609375,),)
-160.51773071289062,9.32576847076416,;,;
76.07698059082031,54.23868942260742,},}
130.47145080566406,58.11282730102539,if,if
150.4862060546875,-99.28804779052734,(,(
-31.83233070373535,-5.2746477127075195,identifier,acReferencesHandler
54.615779876708984,103.65144348144531,!=,!=
-73.44107818603516,126.46456146240234,),)
163.5393829345703,-4.395110607147217,{,{
-31.826263427734375,-5.2849836349487305,identifier,acReferencesHandler
-8.441024780273438,-179.3408203125,.,.
-19.030271530151367,15.119623184204102,identifier,eventReferenceCreated
71.21036529541016,-71.7707748413086,(,(
-15.053862571716309,128.69430541992188,),)
-163.0294952392578,7.2901387214660645,;,;
69.15123748779297,62.41794967651367,},}
-39.74738311767578,38.59922409057617,identifier,fireEvent
95.73639678955078,-122.54088592529297,(,(
-22.093923568725586,-4.886989116668701,identifier,sleeContainer
-2.4845268726348877,-181.49327087402344,.,.
-11.19552230834961,25.493581771850586,identifier,getEventContextFactory
75.18266296386719,-70.55613708496094,(,(
-26.24811363220215,132.91310119628906,),)
-22.553529739379883,-156.66009521484375,.,.
-11.316987991333008,25.310409545898438,identifier,createEventContext
93.1916275024414,-115.71693420410156,(,(
-56.116397857666016,2.0020079612731934,identifier,eventTypeId
-98.75749206542969,-119.87808227539062,",",","
-59.919918060302734,1.907056212425232,identifier,event
-100.05696105957031,-119.64008331298828,",",","
-91.48171997070312,-121.64627838134766,",",","
-59.56907653808594,12.564895629882812,identifier,address
-100.74475860595703,-119.73481750488281,",",","
-56.51321029663086,10.695693016052246,identifier,serviceID
-101.12203979492188,-119.82685089111328,",",","
-44.61640548706055,5.8122172355651855,identifier,succeedCallback
-102.29872131347656,-120.75334167480469,",",","
-44.42814254760742,5.767902851104736,identifier,failedCallback
-102.41192626953125,-120.99356842041016,",",","
-42.89462661743164,6.758571147918701,identifier,unreferencedCallback
-44.892723083496094,176.176513671875,),)
-110.96372985839844,-124.10354614257812,",",","
-22.103790283203125,-4.933920383453369,identifier,sleeContainer
-3.7408363819122314,-174.934326171875,.,.
-7.0964531898498535,29.91021156311035,identifier,getTransactionManager
66.02989959716797,-73.2215805053711,(,(
-24.86849594116211,135.469482421875,),)
-18.705970764160156,-156.82940673828125,.,.
-7.107842922210693,30.118425369262695,identifier,getTransactionContext
65.12834167480469,-73.1642837524414,(,(
-15.963274955749512,143.8496856689453,),)
-54.80634307861328,165.3613739013672,),)
-173.54774475097656,23.934934616088867,;,;
107.98287200927734,120.92290496826172,},}
-36.02957534790039,35.564300537109375,identifier,insertDiscovery
114.32249450683594,-45.37735366821289,(,(
-26.450416564941406,57.496585845947266,identifier,List
24.025436401367188,76.66938781738281,<,<
-36.727352142333984,22.745506286621094,identifier,IMetric
44.5141716003418,127.3388900756836,>,>
-80.23001861572266,-13.445168495178223,identifier,batch
-95.41329193115234,105.77098846435547,),)
-42.68881607055664,48.67150115966797,identifier,IOException
183.1585693359375,-20.196834564208984,{,{
-23.37331199645996,12.806048393249512,identifier,batchHistogram
-17.329463958740234,-180.89674377441406,.,.
-21.049394607543945,13.275747299194336,identifier,update
92.83216857910156,-123.7849349975586,(,(
-79.94715118408203,-13.834856986999512,identifier,batch
7.10973596572876,-186.83499145507812,.,.
-49.13972854614258,-67.04735565185547,identifier,size
65.89717864990234,-61.32145690917969,(,(
-20.259368896484375,149.877197265625,),)
-57.384830474853516,157.44032287597656,),)
-187.30111694335938,-25.160581588745117,;,;
137.05718994140625,54.66775894165039,if,if
152.2884063720703,-100.0937728881836,(,(
-79.91282653808594,-13.883152961730957,identifier,batch
6.43801736831665,-186.35496520996094,.,.
-49.27760696411133,-67.89543914794922,identifier,size
66.27924346923828,-60.95252227783203,(,(
-28.264978408813477,141.8989715576172,),)
44.38225555419922,99.88360595703125,==,==
-70.69351196289062,129.13706970214844,),)
167.0900421142578,-4.209605693817139,{,{
28.41702651977539,26.09817886352539,identifier,log
-17.37763023376465,-167.69883728027344,.,.
20.646696090698242,32.03887176513672,identifier,debug
85.03326416015625,-138.91891479492188,(,(
-21.109783172607422,10.023659706115723,"""","""ElasticIO: batch size for insertDiscovery is zero, so skip calling Elasticsearch ingest."""
-43.646202087402344,161.23831176757812,),)
-152.74899291992188,-22.599184036254883,;,;
79.88040924072266,153.2740478515625,return,return
-175.64080810546875,4.792684555053711,;,;
67.01656341552734,59.680694580078125,},}
-39.02016067504883,21.882535934448242,identifier,Timer
3.8590452671051025,-162.4674835205078,.,.
-39.109169006347656,19.57050132751465,identifier,Context
-7.873202800750732,-13.35456371307373,identifier,ctx
100.63713836669922,2.457395315170288,=,=
-22.47572898864746,15.401737213134766,identifier,writeTimer
-13.789953231811523,-188.02157592773438,.,.
-23.577510833740234,14.89281177520752,identifier,time
73.4538345336914,-61.48395538330078,(,(
-19.342344284057617,127.24993896484375,),)
-178.52195739746094,-25.594043731689453,;,;
158.35140991210938,-16.6544189453125,{,{
129.32969665527344,44.25624465942383,for,for
138.92039489746094,-88.79539489746094,(,(
-81.73655700683594,26.856008529663086,identifier,Object
-53.47358322143555,-26.282609939575195,identifier,obj
-80.21600341796875,-13.496994018554688,identifier,batch
-79.02645874023438,123.51325988769531,),)
176.0070343017578,-8.169410705566406,{,{
144.76907348632812,60.47866439819336,if,if
155.04794311523438,-95.17120361328125,(,(
88.94076538085938,-103.28238677978516,(,(
-53.47345733642578,-26.282480239868164,identifier,obj
-36.73654556274414,22.76784896850586,identifier,IMetric
-28.921844482421875,160.70516967773438,),)
-76.76795959472656,135.45420837402344,),)
162.0052490234375,-0.3667563199996948,{,{
-24.610666275024414,12.273682594299316,identifier,classCastExceptionMeter
-8.275094032287598,-177.42684936523438,.,.
-19.18022346496582,11.263009071350098,identifier,mark
69.91818237304688,-73.74044799804688,(,(
-15.464593887329102,132.22494506835938,),)
-154.05322265625,-23.592254638671875,;,;
-175.50567626953125,8.953120231628418,;,;
89.40631103515625,64.47351837158203,},}
69.71754455566406,65.49176025390625,},}
-21.16742515563965,12.190462112426758,identifier,elasticsearchRestHelper
-7.370930194854736,-178.73175048828125,.,.
-16.126352310180664,16.8182373046875,identifier,indexMetrics
85.2049560546875,-117.42886352539062,(,(
-80.23979949951172,-13.480701446533203,identifier,batch
-50.24575424194336,178.40182495117188,),)
-167.0099334716797,13.049811363220215,;,;
78.48550415039062,59.682926177978516,},}
155.26385498046875,-8.920045852661133,{,{
-8.133256912231445,-13.210470199584961,identifier,ctx
-9.177925109863281,-170.69007873535156,.,.
1.2714155912399292,7.845565319061279,identifier,stop
67.65663146972656,-76.16438293457031,(,(
-13.28725814819336,134.55747985839844,),)
-172.74725341796875,19.304418563842773,;,;
90.72212219238281,71.11759948730469,},}
118.52993774414062,115.25431060791016,},}
-28.487354278564453,39.15812301635742,identifier,trace
107.92919921875,-45.90013122558594,(,(
-21.37649917602539,45.067203521728516,identifier,Nullable
-83.06838989257812,44.63248062133789,identifier,String
-59.170711517333984,1.6156389713287354,identifier,event
-101.47550964355469,-97.87848663330078,",",","
-21.134159088134766,45.46754455566406,identifier,Nullable
-83.34526062011719,44.428306579589844,identifier,String
8.533238410949707,1.0023037195205688,identifier,message
-101.71922302246094,-98.3224868774414,",",","
-21.072132110595703,45.56574249267578,identifier,Nullable
-29.724292755126953,63.00505065917969,identifier,Map
23.636863708496094,78.8434066772461,<,<
-86.47894287109375,43.87831497192383,identifier,String
-94.1737289428711,-108.98838806152344,",",","
-83.15633392333984,27.36304473876953,identifier,Object
44.226558685302734,126.24437713623047,>,>
-1.0848307609558105,-33.42319107055664,identifier,data
-101.92742919921875,-99.08647918701172,",",","
-20.993494033813477,45.6900634765625,identifier,Nullable
-49.867462158203125,53.92958068847656,identifier,Throwable
-61.35095977783203,5.508880138397217,identifier,throwable
-98.07569122314453,100.58563232421875,),)
179.5051727294922,-12.6083984375,{,{
147.66708374023438,58.55168151855469,if,if
155.7795867919922,-100.82475280761719,(,(
-26.55243682861328,-1.8446860313415527,identifier,getSlf4jLogger
71.09732055664062,-62.253360748291016,(,(
-28.288013458251953,135.66465759277344,),)
-22.200088500976562,-152.9392852783203,.,.
-0.36008796095848083,21.233369827270508,identifier,isTraceEnabled
69.68156433105469,-59.27479934692383,(,(
-24.179460525512695,147.9512939453125,),)
-77.80999755859375,139.16615295410156,),)
168.4355010986328,-4.695769309997559,{,{
-6.826726913452148,7.160758972167969,identifier,LogLevel
-17.801239013671875,-166.6088104248047,.,.
-8.609230995178223,4.297229766845703,identifier,TRACE
-17.89211082458496,-165.89976501464844,.,.
27.629093170166016,26.42329216003418,identifier,log
87.97936248779297,-127.26994323730469,(,(
-26.563627243041992,-1.836904764175415,identifier,getSlf4jLogger
74.7391357421875,-70.20116424560547,(,(
-20.14559555053711,135.88926696777344,),)
-107.1561050415039,-121.9719467163086,",",","
-59.94884490966797,1.917758584022522,identifier,event
-94.81512451171875,-118.51905059814453,",",","
-13.260970115661621,18.53234100341797,identifier,createKeysFromCollection
90.4708480834961,-120.4659652709961,(,(
0.8095329403877258,-33.334632873535156,identifier,data
48.824153900146484,98.81108856201172,==,==
-0.19228795170783997,-1.3618851900100708,identifier,Collections
-1.2939335107803345,-169.65106201171875,.,.
-3.9603428840637207,5.7473955154418945,identifier,emptyList
64.94316101074219,-68.96263122558594,(,(
-24.06296730041504,139.3948516845703,),)
0.8540473580360413,-32.38767623901367,identifier,data
0.6185145974159241,-173.7833709716797,.,.
1.8589426279067993,23.875736236572266,identifier,keySet
65.00428009033203,-68.63275146484375,(,(
-20.48084259033203,138.54335021972656,),)
-109.55361938476562,-122.27597045898438,",",","
-24.27643585205078,3.0421838760375977,identifier,MESSAGE_DATA_KEY
-41.401676177978516,175.9453887939453,),)
-111.36261749267578,-123.91902160644531,",",","
-13.124505043029785,18.488298416137695,identifier,createValuesFromCollection
90.10417938232422,-120.39575958251953,(,(
1.0287048816680908,-33.2539176940918,identifier,data
48.512271881103516,98.18793487548828,==,==
-0.19063764810562134,-1.3610544204711914,identifier,Collections
-1.2773797512054443,-169.67364501953125,.,.
-3.906891107559204,5.700320720672607,identifier,emptyList
64.77549743652344,-69.2123031616211,(,(
-23.993488311767578,139.36328125,),)
0.9701104164123535,-32.20292663574219,identifier,data
0.5218581557273865,-173.6769256591797,.,.
-5.28751802444458,-2.368591785430908,identifier,values
64.3056869506836,-70.48983764648438,(,(
-20.62737274169922,138.9909210205078,),)
-109.7129135131836,-124.72864532470703,",",","
8.323526382446289,1.1350665092468262,identifier,message
-49.113895416259766,180.5033721923828,),)
-110.38090515136719,-125.29981231689453,",",","
-61.353538513183594,5.5061492919921875,identifier,throwable
-55.72092056274414,178.10581970214844,),)
-170.91329956054688,22.973876953125,;,;
91.13101196289062,72.8892593383789,},}
120.03394317626953,113.66043853759766,},}
-42.54694747924805,29.968307495117188,identifier,JMX
-33.81877136230469,30.596817016601562,identifier,reconnectJMX
112.7127456665039,-46.54043197631836,(,(
-80.61329650878906,44.62690734863281,identifier,String
-57.45139694213867,-6.599692344665527,identifier,locatorHost
-97.99878692626953,-98.6028060913086,",",","
-57.46485900878906,-6.61658239364624,identifier,locatorPort
-95.65006256103516,101.55611419677734,),)
178.6319122314453,-15.098305702209473,{,{
156.63607788085938,-17.34357452392578,{,{
-40.71371078491211,14.123873710632324,identifier,ClientCache
-3.6471614837646484,-23.345157623291016,identifier,cache
83.25100708007812,6.724326133728027,=,=
-166.58721923828125,-40.243228912353516,;,;
-3.7126100063323975,-23.274431228637695,identifier,cache
101.53765106201172,0.40076181292533875,=,=
-40.71864700317383,13.94696044921875,identifier,ClientCacheFactory
-16.741413116455078,-187.67098999023438,.,.
-10.104280471801758,28.542512893676758,identifier,getAnyInstance
77.5295181274414,-64.913330078125,(,(
-16.369932174682617,124.29298400878906,),)
-184.4267120361328,-26.83991050720215,;,;
140.42697143554688,55.79712677001953,if,if
151.88555908203125,-101.27485656738281,(,(
-4.1516900062561035,-22.70973777770996,identifier,cache
55.45687484741211,103.9718246459961,!=,!=
-4.235975742340088,-22.582902908325195,identifier,cache
2.099964141845703,-187.03489685058594,.,.
-21.41447639465332,19.87172508239746,identifier,isClosed
68.93090057373047,-59.430641174316406,(,(
-21.993030548095703,148.1748809814453,),)
-76.72325134277344,136.51266479492188,),)
163.0045166015625,-1.548620343208313,{,{
-4.297607898712158,-22.48902130126953,identifier,cache
-13.403833389282227,-170.35118103027344,.,.
3.42997407913208,4.922994136810303,identifier,close
71.49906921386719,-76.18936157226562,(,(
-13.688530921936035,130.584716796875,),)
-164.4048309326172,14.83039665222168,;,;
88.59661102294922,64.3893814086914,},}
79.32494354248047,61.91672897338867,},}
135.55447387695312,-98.46805572509766,(,(
-48.880889892578125,50.86369705200195,identifier,Exception
-27.590784072875977,-71.29888153076172,identifier,e
-81.74087524414062,126.5652084350586,),)
158.7451171875,-5.529921054840088,{,{
29.14308738708496,-1.7434536218643188,identifier,System
-5.088030815124512,-165.42269897460938,.,.
13.631315231323242,-7.869703769683838,identifier,out
-7.566478252410889,-165.5956573486328,.,.
7.932089805603027,5.7624192237854,identifier,println
83.99662780761719,-136.9213104248047,(,(
-17.729164123535156,6.40245246887207,"""","""Cache was closed"""
-42.51490020751953,163.4628143310547,),)
-161.64649963378906,11.48181438446045,;,;
75.34578704833984,54.72939682006836,},}
130.1005401611328,59.027645111083984,if,if
146.63693237304688,-98.6438980102539,(,(
-77.85050964355469,-22.772470474243164,identifier,jmx
55.776180267333984,102.05200958251953,!=,!=
-74.73666381835938,127.62013244628906,),)
162.33604431152344,-4.519405364990234,{,{
-78.07588958740234,-22.75568199157715,identifier,jmx
-9.95610523223877,-176.1319580078125,.,.
1.7537550926208496,4.665368556976318,identifier,dispose
70.84011840820312,-75.10002899169922,(,(
-16.399066925048828,131.03717041015625,),)
-156.1383819580078,-26.937219619750977,;,;
-78.12275695800781,-23.02121925354004,identifier,jmx
84.71967315673828,2.0165092945098877,=,=
-171.49232482910156,8.459339141845703,;,;
68.93388366699219,61.43672180175781,},}
-26.24080467224121,-3.582481861114502,identifier,SingletonGemFireJmx
-10.449823379516602,-179.1450958251953,.,.
-9.683832168579102,16.048925399780273,identifier,setLocatorJmxHost
85.97784423828125,-114.93104553222656,(,(
-57.47751998901367,-7.519381523132324,identifier,locatorHost
-43.46039962768555,180.71717834472656,),)
-156.95449829101562,-28.96573829650879,;,;
-26.268945693969727,-3.6394712924957275,identifier,SingletonGemFireJmx
-10.37681770324707,-178.89512634277344,.,.
-9.512113571166992,16.084638595581055,identifier,setLocatorPort
84.15234375,-117.49067687988281,(,(
-57.47922134399414,-7.527523517608643,identifier,locatorPort
-47.06467819213867,178.62001037597656,),)
-150.67034912109375,-24.630752563476562,;,;
72.1080551147461,160.6434783935547,return,return
-78.98387145996094,-22.857807159423828,identifier,getJmx
65.69820404052734,-75.2804183959961,(,(
-12.143230438232422,135.3040313720703,),)
-175.70626831054688,21.60223388671875,;,;
108.88887023925781,119.94481658935547,},}
68.8125,45.60485076904297,identifier,Override
-49.71116256713867,40.76836395263672,identifier,JSONObject
-27.59429168701172,33.27476501464844,identifier,toJsonObject
83.73114776611328,-60.2340202331543,(,(
-28.719587326049805,121.0423812866211,),)
-47.80619812011719,42.21824264526367,identifier,JSONException
182.44139099121094,-21.266847610473633,{,{
-49.72715759277344,40.768089294433594,identifier,JSONObject
23.308923721313477,-28.168264389038086,identifier,returnVal
96.97345733642578,6.93784236907959,=,=
-15.733034133911133,-195.20179748535156,.,.
-27.50988006591797,33.25809097290039,identifier,toJsonObject
76.49638366699219,-63.121307373046875,(,(
-15.96297550201416,123.72921752929688,),)
-185.79019165039062,-27.459190368652344,;,;
139.45205688476562,53.869686126708984,if,if
154.43789672851562,-101.18049621582031,(,(
-2.6477694511413574,-158.22120666503906,.,.
-4.658363342285156,33.58542251586914,identifier,getAccessToken
69.9734878540039,-61.71734619140625,(,(
-27.557523727416992,143.487060546875,),)
54.30964279174805,102.5692138671875,!=,!=
-71.42891693115234,126.05917358398438,),)
166.221923828125,-3.6068532466888428,{,{
23.023950576782227,-28.374155044555664,identifier,returnVal
-15.475940704345703,-170.83819580078125,.,.
9.640694618225098,21.15258026123047,identifier,put
83.1546859741211,-127.38143157958984,(,(
-12.363447189331055,-18.554656982421875,identifier,JSONMapping
13.660634994506836,-170.63153076171875,.,.
-23.005016326904297,2.868955135345459,identifier,ACCESS_TOKEN
-105.10296630859375,-127.060546875,",",","
-2.4986565113067627,-160.99441528320312,.,.
-4.61866569519043,33.59929656982422,identifier,getAccessToken
68.17061614990234,-66.8525619506836,(,(
-18.510099411010742,148.9034881591797,),)
-55.5386962890625,159.59280395507812,),)
-161.642578125,9.963536262512207,;,;
74.72209167480469,54.814178466796875,},}
131.36195373535156,58.6582145690918,if,if
146.63580322265625,-97.8171157836914,(,(
-1.6906485557556152,-159.669189453125,.,.
-2.189009428024292,34.597286224365234,identifier,getIdToken
68.64022064208984,-68.85008239746094,(,(
-25.71921157836914,141.76644897460938,),)
54.815895080566406,102.10503387451172,!=,!=
-74.4125747680664,127.8825912475586,),)
162.82574462890625,-4.204708099365234,{,{
22.919620513916016,-28.451313018798828,identifier,returnVal
-14.85465145111084,-171.2582550048828,.,.
9.836864471435547,20.77277374267578,identifier,put
83.13475799560547,-127.01558685302734,(,(
-12.37410831451416,-18.565086364746094,identifier,JSONMapping
13.953567504882812,-169.5312957763672,.,.
-22.906068801879883,2.5872926712036133,identifier,ID_TOKEN
-105.01199340820312,-127.3323974609375,",",","
-2.2154998779296875,-161.33181762695312,.,.
-2.18709659576416,34.58711624145508,identifier,getIdToken
67.93004608154297,-67.72676086425781,(,(
-18.033817291259766,147.655517578125,),)
-55.4294548034668,160.06491088867188,),)
-162.8014678955078,10.538987159729004,;,;
74.7070541381836,54.89183807373047,},}
130.70086669921875,59.815311431884766,if,if
146.47267150878906,-97.70819854736328,(,(
-1.678519606590271,-159.8016815185547,.,.
-2.730024814605713,34.08559799194336,identifier,getTokenType
68.46724700927734,-69.13095092773438,(,(
-25.597192764282227,141.6792449951172,),)
55.0580940246582,101.85845947265625,!=,!=
-75.06108093261719,128.3506622314453,),)
161.63729858398438,-4.078814506530762,{,{
22.85482406616211,-28.501678466796875,identifier,returnVal
-14.488000869750977,-171.40174865722656,.,.
9.773241996765137,20.486047744750977,identifier,put
83.08483123779297,-126.79065704345703,(,(
-12.375778198242188,-18.563194274902344,identifier,JSONMapping
13.773591041564941,-169.42251586914062,.,.
-23.068016052246094,2.5758020877838135,identifier,TOKEN_TYPE
-104.92955780029297,-127.59129333496094,",",","
-2.185380220413208,-161.54840087890625,.,.
-2.7668070793151855,33.97428512573242,identifier,getTokenType
64.92768859863281,-72.52824401855469,(,(
-17.030839920043945,144.24774169921875,),)
-54.04325866699219,163.58984375,),)
-169.43380737304688,16.625961303710938,;,;
73.34892272949219,64.04485321044922,},}
70.21784973144531,163.67005920410156,return,return
22.501949310302734,-28.78908348083496,identifier,returnVal
-180.851318359375,15.789545059204102,;,;
109.69000244140625,118.14312744140625,},}
-37.611026763916016,32.49460220336914,identifier,isCacheSafe
113.4054183959961,-47.84968566894531,(,(
-66.49267578125,35.91804122924805,identifier,Class
21.488529205322266,80.62973022460938,<,<
42.10960388183594,127.25479125976562,>,>
-17.624176025390625,-60.57735061645508,identifier,clazz
-96.72116088867188,-97.43722534179688,",",","
-66.75022888183594,30.712764739990234,identifier,ClassLoader
-49.43758010864258,-6.689320087432861,identifier,classLoader
-95.82733917236328,100.05179595947266,),)
175.75714111328125,-19.068952560424805,{,{
15.151590347290039,43.99858474731445,identifier,Preconditions
-22.000097274780273,-178.2637939453125,.,.
14.088460922241211,43.74587631225586,identifier,checkNotNull
94.13916778564453,-129.4490203857422,(,(
-17.053726196289062,-59.52653503417969,identifier,clazz
-90.96573638916016,-127.2811050415039,",",","
-19.776954650878906,6.900226593017578,"""","""Class must not be null"""
-41.150848388671875,161.18753051757812,),)
-178.9469757080078,-27.57490348815918,;,;
156.30621337890625,-17.46122169494629,{,{
-66.74382019042969,30.691560745239258,identifier,ClassLoader
-4.248773097991943,-54.579471588134766,identifier,target
96.2444076538086,3.6462104320526123,=,=
-17.42211151123047,-58.7006950378418,identifier,clazz
-13.559346199035645,-192.96514892578125,.,.
-13.95352554321289,34.766056060791016,identifier,getClassLoader
74.08271789550781,-66.42752838134766,(,(
-16.296491622924805,126.02508544921875,),)
-183.04595947265625,-26.084321975708008,;,;
140.31764221191406,57.0097541809082,if,if
149.3047332763672,-102.2788314819336,(,(
-3.295238733291626,-55.75459289550781,identifier,target
48.643280029296875,99.7251968383789,==,==
-72.35807800292969,127.75981140136719,),)
157.0408935546875,3.323018789291382,{,{
76.81719207763672,155.6613006591797,return,return
-171.5207977294922,7.079362869262695,;,;
67.5138931274414,57.836021423339844,},}
-66.74463653564453,30.68631935119629,identifier,ClassLoader
-38.42314529418945,-48.22163009643555,identifier,cur
94.77831268310547,1.5584423542022705,=,=
-49.417076110839844,-6.6949143409729,identifier,classLoader
-181.30618286132812,-29.444053649902344,;,;
140.0092010498047,57.734867095947266,if,if
147.5083465576172,-100.85050964355469,(,(
-39.13612747192383,-48.306732177734375,identifier,cur
46.53437042236328,96.16648864746094,==,==
-3.6358039379119873,-56.292667388916016,identifier,target
-77.4785385131836,126.131103515625,),)
157.27471923828125,2.655233144760132,{,{
76.30609130859375,156.18194580078125,return,return
-171.89874267578125,7.523018836975098,;,;
72.78533172607422,54.01451110839844,},}
134.6807403564453,47.787479400634766,while,while
144.54043579101562,-99.82768249511719,(,(
-39.18547439575195,-48.31501007080078,identifier,cur
56.696495056152344,102.5185317993164,!=,!=
-75.2611083984375,126.74092102050781,),)
164.8444061279297,-8.33560562133789,{,{
-38.98386001586914,-48.31581115722656,identifier,cur
89.05955505371094,-0.5688287615776062,=,=
-39.55542755126953,-48.339752197265625,identifier,cur
-8.34052848815918,-190.3573455810547,.,.
-9.680615425109863,39.182373046875,identifier,getParent
69.15243530273438,-71.39043426513672,(,(
-16.301328659057617,132.6798858642578,),)
-181.0659942626953,-23.30610466003418,;,;
139.64456176757812,60.26411819458008,if,if
145.43006896972656,-95.2532730102539,(,(
-39.28947067260742,-48.32616424560547,identifier,cur
46.57014465332031,96.14115142822266,==,==
-3.6435251235961914,-56.532569885253906,identifier,target
-78.19478607177734,127.37284851074219,),)
157.80941772460938,0.20936796069145203,{,{
75.63630676269531,156.8478240966797,return,return
-173.43063354492188,10.071051597595215,;,;
90.00731658935547,65.19689178466797,},}
77.19356536865234,66.04183197021484,},}
71.5933609008789,166.31773376464844,return,return
-172.38919067382812,9.993795394897461,;,;
78.59484100341797,59.156829833984375,},}
133.88998413085938,-98.44596099853516,(,(
-49.3388671875,48.403648376464844,identifier,SecurityException
-31.0203800201416,-69.4810791015625,identifier,ex
-83.12171173095703,128.3794708251953,),)
156.96383666992188,-1.819174885749817,{,{
75.05250549316406,157.44309997558594,return,return
-176.748779296875,14.382841110229492,;,;
90.11699676513672,71.09137725830078,},}
117.07156372070312,114.9292221069336,},}
-35.62855529785156,42.21543884277344,identifier,handle
113.71894836425781,-43.264617919921875,(,(
-54.8354606628418,37.376338958740234,identifier,HttpServletRequest
9.114014625549316,-20.601476669311523,identifier,request
-95.61982727050781,-97.76117706298828,",",","
-53.106380462646484,37.89333724975586,identifier,HttpServletResponse
16.132816314697266,-24.47018814086914,identifier,response
-99.33582305908203,-102.23573303222656,",",","
-47.354007720947266,7.8077263832092285,identifier,AccessDeniedException
-47.520118713378906,7.358487129211426,identifier,accessDeniedException
-96.9674072265625,106.4271011352539,),)
-42.15534591674805,48.03994369506836,identifier,IOException
-102.99223327636719,-104.96617126464844,",",","
-33.6116828918457,23.430261611938477,identifier,ServletException
183.83302307128906,-16.672399520874023,{,{
148.19300842285156,57.954795837402344,if,if
157.23313903808594,-96.82328796386719,(,(
15.406332015991211,-25.26428985595703,identifier,response
1.7718472480773926,-189.04641723632812,.,.
-21.673828125,18.540298461914062,identifier,isCommitted
70.18340301513672,-60.03925704956055,(,(
-23.71076202392578,148.5379180908203,),)
-78.74407196044922,140.2423858642578,),)
176.8508758544922,-9.923169136047363,{,{
146.24075317382812,59.32663345336914,if,if
151.40087890625,-103.87348937988281,(,(
-41.119590759277344,-1.1984214782714844,identifier,errorPage
54.433349609375,103.75787353515625,!=,!=
-71.93589782714844,126.38002014160156,),)
166.86117553710938,-2.824958324432373,{,{
9.586325645446777,-21.842954635620117,identifier,request
-15.494518280029297,-169.18984985351562,.,.
4.77140998840332,35.73409652709961,identifier,setAttribute
86.0122299194336,-129.91859436035156,(,(
-24.23006820678711,9.84887981414795,identifier,WebAttributes
12.616463661193848,-171.03738403320312,.,.
-24.462507247924805,5.195839881896973,identifier,ACCESS_DENIED_403
-104.33441925048828,-125.640380859375,",",","
-47.55060577392578,7.280515670776367,identifier,accessDeniedException
-40.67074203491211,177.01644897460938,),)
-159.94735717773438,-31.453420639038086,;,;
14.816559791564941,-25.59306526184082,identifier,response
-15.136168479919434,-173.17764282226562,.,.
7.057164192199707,33.70456314086914,identifier,setStatus
89.3726806640625,-126.56299591064453,(,(
-32.221187591552734,5.738883972167969,identifier,HttpStatus
5.795158863067627,-171.6678924560547,.,.
-7.875741004943848,-0.3102979362010956,identifier,FORBIDDEN
3.276499032974243,-170.87368774414062,.,.
4.068416118621826,-43.71552276611328,identifier,value
65.68126678466797,-64.4455795288086,(,(
-19.26725196838379,148.25035095214844,),)
-56.29193878173828,158.765380859375,),)
-154.31805419921875,-39.10311508178711,;,;
-44.047096252441406,19.20587730407715,identifier,RequestDispatcher
16.808305740356445,-15.83397102355957,identifier,dispatcher
95.08343505859375,1.1174962520599365,=,=
9.650218963623047,-22.067935943603516,identifier,request
-12.120583534240723,-191.08685302734375,.,.
-15.8909912109375,35.4721565246582,identifier,getRequestDispatcher
88.48400115966797,-112.05583953857422,(,(
-41.16423416137695,-1.2346090078353882,identifier,errorPage
-42.503196716308594,181.436767578125,),)
-160.7140655517578,-29.244630813598633,;,;
16.821666717529297,-14.70333194732666,identifier,dispatcher
-11.771623611450195,-172.06039428710938,.,.
-9.436370849609375,8.950102806091309,identifier,forward
82.76844787597656,-120.84890747070312,(,(
10.540079116821289,-21.437755584716797,identifier,request
-98.04964447021484,-125.78376007080078,",",","
14.550543785095215,-23.983308792114258,identifier,response
-47.58757019042969,183.1791534423828,),)
-164.62356567382812,11.400274276733398,;,;
79.03851318359375,56.483306884765625,},}
86.69380187988281,46.0605583190918,else,else
157.33567810058594,-8.621381759643555,{,{
14.591343879699707,-25.7757568359375,identifier,response
-13.334409713745117,-168.04229736328125,.,.
9.369577407836914,32.04248046875,identifier,sendError
89.4750747680664,-127.71311950683594,(,(
-32.22988510131836,5.732017517089844,identifier,HttpStatus
5.6228227615356445,-171.65304565429688,.,.
-7.866908073425293,-0.31241482496261597,identifier,FORBIDDEN
3.2630763053894043,-170.82835388183594,.,.
4.034969329833984,-43.877098083496094,identifier,value
64.11436462402344,-69.0160903930664,(,(
-19.796375274658203,138.39913940429688,),)
-109.3847427368164,-123.22492980957031,",",","
-32.23487854003906,5.723735332489014,identifier,HttpStatus
5.514675617218018,-171.52621459960938,.,.
-7.860994338989258,-0.31543806195259094,identifier,FORBIDDEN
3.4834821224212646,-169.45570373535156,.,.
-2.4776511192321777,32.58570861816406,identifier,getReasonPhrase
64.7126693725586,-72.50277709960938,(,(
-16.76081085205078,143.7386474609375,),)
-53.87411117553711,164.22592163085938,),)
-170.3456268310547,20.782821655273438,;,;
90.0223617553711,69.10887908935547,},}
87.65824890136719,72.92069244384766,},}
119.28779602050781,113.12772369384766,},}
-34.453487396240234,39.54338836669922,identifier,stop
111.61563110351562,-43.587867736816406,(,(
-60.63646697998047,-2.9485552310943604,identifier,timeout
-94.81793975830078,105.07377624511719,),)
-41.46129608154297,44.89730453491211,identifier,InterruptedException
182.82240295410156,-16.17897605895996,{,{
148.7303009033203,59.477359771728516,if,if
157.34519958496094,-97.0948715209961,(,(
-21.599267959594727,19.240386962890625,identifier,isclosed
4.230695724487305,-190.2154998779297,.,.
-17.3979549407959,24.800264358520508,identifier,compareAndSet
70.8603286743164,-124.26238250732422,(,(
-93.65249633789062,-132.49667358398438,",",","
-27.65817642211914,158.75535583496094,),)
-76.31521606445312,139.7820281982422,),)
155.85659790039062,5.363360404968262,{,{
78.976318359375,153.5478057861328,return,return
-175.31895446777344,4.220999240875244,;,;
67.04035186767578,58.702396392822266,},}
-25.372034072875977,58.1815185546875,identifier,List
26.604352951049805,77.65474700927734,<,<
-60.18001174926758,24.455419540405273,identifier,WebSocket
46.12110137939453,124.79691314697266,>,>
-32.864158630371094,-16.938505172729492,identifier,socketsToClose
-179.17066955566406,-31.776226043701172,;,;
100.6734848022461,-112.15453338623047,(,(
-53.938533782958984,-15.629476547241211,identifier,connections
-79.16353607177734,122.2367935180664,),)
166.05441284179688,-9.081140518188477,{,{
-32.8497200012207,-16.935930252075195,identifier,socketsToClose
90.17003631591797,4.764995098114014,=,=
199.0677947998047,42.21504592895508,new,new
-23.7200870513916,54.01953125,identifier,ArrayList
27.823381423950195,78.7379379272461,<,<
-60.18052291870117,24.454689025878906,identifier,WebSocket
42.84022521972656,121.59261322021484,>,>
94.22750091552734,-110.36625671386719,(,(
-53.93358612060547,-15.633474349975586,identifier,connections
-39.22119140625,184.91748046875,),)
-161.19192504882812,8.245323181152344,;,;
72.40280151367188,55.13336181640625,},}
127.99588012695312,45.90214538574219,for,for
138.58993530273438,-89.81011199951172,(,(
-60.17560577392578,24.45379066467285,identifier,WebSocket
-20.02436637878418,-4.26996374130249,identifier,ws
-32.87821960449219,-16.925371170043945,identifier,socketsToClose
-77.94329071044922,123.3884506225586,),)
163.47763061523438,-3.470673084259033,{,{
-20.0766544342041,-4.134722709655762,identifier,ws
-16.040830612182617,-169.77537536621094,.,.
3.5938503742218018,4.998575687408447,identifier,close
87.2100601196289,-126.49420928955078,(,(
-22.918729782104492,11.792694091796875,identifier,CloseFrame
11.962971687316895,-171.48165893554688,.,.
-25.02638816833496,4.716642379760742,identifier,GOING_AWAY
-39.05674362182617,175.27078247070312,),)
-160.90565490722656,11.315474510192871,;,;
70.23914337158203,62.13984680175781,},}
-19.82685089111328,-3.5420799255371094,identifier,wsf
-11.745159149169922,-176.06240844726562,.,.
3.6869430541992188,5.164457321166992,identifier,close
73.1394271850586,-75.64251708984375,(,(
-19.943044662475586,127.6928482055664,),)
-177.8343048095703,-25.3812313079834,;,;
100.8620376586914,-112.09783935546875,(,(
-80.4177017211914,124.53446960449219,),)
176.44082641601562,-7.393033504486084,{,{
144.3244171142578,60.122535705566406,if,if
149.94558715820312,-94.00137329101562,(,(
-14.549418449401855,-6.297818660736084,identifier,selectorthread
55.17072296142578,104.3936996459961,!=,!=
-13.24637508392334,-6.460397720336914,identifier,selector
55.45184326171875,102.7420654296875,!=,!=
-76.01778411865234,127.9809341430664,),)
161.52536010742188,-1.7705292701721191,{,{
-13.244698524475098,-6.4690985679626465,identifier,selector
-12.006111145019531,-168.2529296875,.,.
-9.958927154541016,6.756500720977783,identifier,wakeup
69.49686431884766,-73.2164077758789,(,(
-15.672956466674805,132.7660369873047,),)
-159.04153442382812,-25.229156494140625,;,;
-14.535009384155273,-6.337611198425293,identifier,selectorthread
-10.20658016204834,-172.2552947998047,.,.
-14.231637954711914,9.20305061340332,identifier,join
80.61980438232422,-120.38948822021484,(,(
-60.86714553833008,-2.7966678142547607,identifier,timeout
-52.24503707885742,178.4198760986328,),)
-170.51333618164062,19.51430892944336,;,;
90.16740417480469,68.32656860351562,},}
87.84738159179688,72.61412048339844,},}
119.19068908691406,114.03813171386719,},}
-40.759002685546875,27.353727340698242,identifier,ProcessResult
-27.294189453125,43.77539825439453,identifier,run
108.8176498413086,-45.10151290893555,(,(
-41.63933181762695,27.463136672973633,identifier,Process
-32.86506652832031,44.80443572998047,identifier,process
-94.97193908691406,106.3683090209961,),)
-41.459007263183594,44.89699172973633,identifier,InterruptedException
181.85638427734375,-19.59588623046875,{,{
-54.27198791503906,33.69407272338867,identifier,ByteArrayOutputStream
-7.929032325744629,-17.116201400756836,identifier,baos
90.3267822265625,8.46747875213623,=,=
198.9827117919922,40.53810119628906,new,new
-54.27626419067383,33.62864303588867,identifier,ByteArrayOutputStream
77.00421142578125,-61.002601623535156,(,(
-16.95619773864746,122.87940216064453,),)
-162.56381225585938,-37.24605178833008,;,;
-36.60619354248047,5.400415897369385,identifier,StreamGobbler
-28.521337509155273,-13.778260231018066,identifier,outputGobbler
91.44530487060547,6.242791175842285,=,=
196.31234741210938,42.03598403930664,new,new
-36.469482421875,4.885224342346191,identifier,StreamGobbler
94.74813842773438,-118.7394790649414,(,(
-32.47637939453125,45.29060745239258,identifier,process
1.2020319700241089,-179.93272399902344,.,.
-16.980852127075195,38.083656311035156,identifier,getInputStream
65.50619506835938,-67.07086181640625,(,(
-21.157005310058594,136.97584533691406,),)
-108.1467514038086,-122.31504821777344,",",","
-7.843348503112793,-16.857585906982422,identifier,baos
-95.07831573486328,-127.99047088623047,",",","
-28.25409698486328,0.7118059992790222,identifier,OUTPUT_PREFIX
-40.35283660888672,176.61767578125,),)
-160.75721740722656,-36.7529411315918,;,;
-36.61478805541992,5.361518859863281,identifier,StreamGobbler
-28.507131576538086,-13.713653564453125,identifier,errorGobbler
91.49256134033203,6.004830837249756,=,=
195.97132873535156,42.52296829223633,new,new
-36.46696472167969,4.85628080368042,identifier,StreamGobbler
94.53382873535156,-118.88497924804688,(,(
-32.3852424621582,45.333736419677734,identifier,process
1.160607933998108,-179.882080078125,.,.
-10.729066848754883,31.475936889648438,identifier,getErrorStream
65.66876220703125,-67.49040985107422,(,(
-20.80476188659668,137.22064208984375,),)
-108.21330261230469,-122.55840301513672,",",","
-7.828136920928955,-16.81751823425293,identifier,baos
-95.11559295654297,-128.01882934570312,",",","
-28.21955680847168,0.6735055446624756,identifier,ERROR_PREFIX
-40.572265625,176.54483032226562,),)
-159.9003448486328,-30.716609954833984,;,;
-27.93984603881836,-11.965150833129883,identifier,outputGobbler
-11.34599494934082,-177.8352508544922,.,.
-1.2324256896972656,7.616065502166748,identifier,start
71.66051483154297,-74.79415893554688,(,(
-18.421283721923828,131.5035858154297,),)
-158.43466186523438,-29.83397674560547,;,;
-27.892892837524414,-11.885677337646484,identifier,errorGobbler
-11.136817932128906,-177.69979858398438,.,.
-1.214367151260376,7.605515956878662,identifier,start
71.64412689208984,-74.82943725585938,(,(
-18.40679168701172,131.6167449951172,),)
-160.1393585205078,-36.66031265258789,;,;
17.23794937133789,-42.821022033691406,identifier,result
94.7760238647461,-1.7795968055725098,=,=
-32.28463363647461,45.38831329345703,identifier,process
-10.68115520477295,-189.8865966796875,.,.
-1.745893120765686,10.854475975036621,identifier,waitFor
72.45287322998047,-73.50261688232422,(,(
-18.20412826538086,131.91238403320312,),)
-158.37930297851562,-29.48336410522461,;,;
-27.868579864501953,-11.909552574157715,identifier,outputGobbler
-10.823150634765625,-177.52378845214844,.,.
-1.7398489713668823,10.851126670837402,identifier,waitFor
72.25352478027344,-73.53823852539062,(,(
-17.973384857177734,132.28907775878906,),)
-158.06582641601562,-29.058090209960938,;,;
-27.85312271118164,-11.79758071899414,identifier,errorGobbler
-10.728545188903809,-177.41043090820312,.,.
-1.7391808032989502,10.845829963684082,identifier,waitFor
72.13285827636719,-73.61041259765625,(,(
-17.759668350219727,132.7388153076172,),)
-150.95565795898438,-25.226165771484375,;,;
73.2052993774414,160.2781982421875,return,return
193.83543395996094,46.74136734008789,new,new
-38.11986541748047,10.306314468383789,identifier,ProcessResult
88.44859313964844,-119.19586181640625,(,(
18.06147003173828,-38.173152923583984,identifier,result
-101.24903869628906,-125.46502685546875,",",","
-7.789427280426025,-16.72463035583496,identifier,baos
-0.022023703902959824,-175.01071166992188,.,.
18.261140823364258,22.063213348388672,identifier,toString
63.54276657104492,-71.5304946899414,(,(
-16.187236785888672,144.1077117919922,),)
-54.013389587402344,165.0723114013672,),)
-174.07504272460938,21.787429809570312,;,;
106.71134948730469,119.8290786743164,},}
-35.33098602294922,34.50387191772461,identifier,returnObject
115.27472686767578,-45.58671569824219,(,(
-81.72330474853516,27.927724838256836,identifier,Object
-3.8489935398101807,-19.57782554626465,identifier,cached
-91.7817611694336,101.95854187011719,),)
178.9134063720703,-15.29967212677002,{,{
158.2406005859375,-16.95142364501953,{,{
135.89788818359375,47.80853271484375,while,while
158.21302795410156,-96.60741424560547,(,(
-1.058746337890625,2.3892791271209717,identifier,cacheLock
4.196796417236328,-190.1358642578125,.,.
-17.400001525878906,24.80197525024414,identifier,compareAndSet
70.85426330566406,-124.25453186035156,(,(
-93.65084838867188,-132.498779296875,",",","
-27.65399932861328,158.76722717285156,),)
-77.12621307373047,140.22296142578125,),)
170.71310424804688,-4.944477081298828,{,{
66.43690490722656,58.46376037597656,},}
-25.393301010131836,58.21321487426758,identifier,List
26.453567504882812,77.68730926513672,<,<
-38.910709381103516,3.3333873748779297,identifier,SoftReference
45.678218841552734,124.39327239990234,>,>
-40.293365478515625,-55.9676628112793,identifier,li
99.30987548828125,2.470959424972534,=,=
-6.512953281402588,-19.684511184692383,identifier,cachedObjects
-14.907859802246094,-185.24249267578125,.,.
4.38456916809082,28.828479766845703,identifier,get
72.2773666381836,-115.90034484863281,(,(
-4.09910774230957,-19.534751892089844,identifier,cached
2.6987733840942383,-178.01243591308594,.,.
-9.80838680267334,42.682281494140625,identifier,getClass
61.371341705322266,-65.30194854736328,(,(
-19.881149291992188,150.16665649414062,),)
-57.37944412231445,157.45907592773438,),)
-186.1138916015625,-24.873918533325195,;,;
137.72593688964844,55.32935333251953,if,if
151.0132598876953,-102.82649993896484,(,(
-40.45314025878906,-56.53267288208008,identifier,li
47.43551254272461,100.18887329101562,==,==
-73.27616882324219,126.0165786743164,),)
165.5310821533203,-7.124637126922607,{,{
-40.335487365722656,-56.252872467041016,identifier,li
89.1829833984375,2.7754435539245605,=,=
198.88449096679688,42.64519500732422,new,new
-23.713905334472656,54.017086029052734,identifier,ArrayList
27.76378059387207,79.00557708740234,<,<
-38.903324127197266,3.315422534942627,identifier,SoftReference
42.983158111572266,121.71880340576172,>,>
76.64320373535156,-57.776458740234375,(,(
-16.561302185058594,128.22642517089844,),)
-161.46885681152344,-31.1347713470459,;,;
-6.51646614074707,-19.692256927490234,identifier,cachedObjects
-13.622201919555664,-179.49822998046875,.,.
8.879870414733887,20.96059799194336,identifier,put
83.05059051513672,-124.63304138183594,(,(
-4.144076824188232,-19.520416259765625,identifier,cached
2.5873444080352783,-177.61610412597656,.,.
-9.830937385559082,42.69185256958008,identifier,getClass
60.87546920776367,-66.22737121582031,(,(
-20.331483840942383,137.7938232421875,),)
-108.33074188232422,-124.61874389648438,",",","
-40.521141052246094,-56.697120666503906,identifier,li
-46.76656723022461,182.41688537597656,),)
-163.22750854492188,11.005082130432129,;,;
75.53216552734375,53.04077911376953,},}
129.58221435546875,59.40534591674805,if,if
147.2567901611328,-96.67393493652344,(,(
-40.48136520385742,-56.71212387084961,identifier,li
6.577332973480225,-185.2967071533203,.,.
-49.93830871582031,-67.40330505371094,identifier,size
64.09213256835938,-61.49802017211914,(,(
-27.568815231323242,139.83421325683594,),)
29.361703872680664,85.85835266113281,<,<
-59.11006164550781,145.4521026611328,),)
-40.446128845214844,-56.7269401550293,identifier,li
-12.895633697509766,-172.80548095703125,.,.
4.642222881317139,15.751341819763184,identifier,add
80.93673706054688,-124.15928649902344,(,(
196.46971130371094,46.93497848510742,new,new
-38.903221130371094,3.303140640258789,identifier,SoftReference
84.63798522949219,-118.0589370727539,(,(
-4.120456695556641,-19.489791870117188,identifier,cached
-28.103811264038086,164.4717559814453,),)
-53.72024917602539,162.34413146972656,),)
-166.7892303466797,13.091992378234863,;,;
78.46180725097656,59.784244537353516,},}
155.2461395263672,-8.957799911499023,{,{
-1.5976741313934326,2.317056655883789,identifier,cacheLock
-8.619550704956055,-173.0356903076172,.,.
7.330122470855713,24.955596923828125,identifier,set
78.48007202148438,-121.33114624023438,(,(
-54.130157470703125,174.08636474609375,),)
-172.30935668945312,19.539165496826172,;,;
90.57379150390625,71.57481384277344,},}
118.44158935546875,114.8961181640625,},}
-34.6881103515625,35.50834274291992,identifier,findServices
114.9007339477539,-44.853153228759766,(,(
-26.44402313232422,57.485416412353516,identifier,List
24.088088989257812,76.62511444091797,<,<
-48.48196029663086,12.810776710510254,identifier,InvService
44.41690444946289,127.45612335205078,>,>
18.698089599609375,-43.000553131103516,identifier,result
-97.16177368164062,-96.79440307617188,",",","
-47.54502868652344,13.101210594177246,identifier,InvDataset
11.162649154663086,-14.452767372131348,identifier,ds
-94.01692962646484,99.22022247314453,),)
180.14476013183594,-13.25745677947998,{,{
150.21385192871094,59.50448226928711,if,if
155.90933227539062,-103.633544921875,(,(
10.997968673706055,-14.377141952514648,identifier,ds
-26.66741943359375,9.911418914794922,identifier,InvCatalogRef
-64.050048828125,141.83447265625,),)
79.6133804321289,154.7444305419922,return,return
-175.8562469482422,3.1196229457855225,;,;
128.66685485839844,44.756813049316406,for,for
137.66075134277344,-90.2099380493164,(,(
-48.17376708984375,13.214286804199219,identifier,InvAccess
-17.584596633911133,-39.608882904052734,identifier,a
10.887341499328613,-14.335453987121582,identifier,ds
-1.1238102912902832,-187.3657989501953,.,.
-6.425928115844727,32.77499771118164,identifier,getAccess
69.83430480957031,-65.21986389160156,(,(
-22.903873443603516,147.2898406982422,),)
-79.37539672851562,138.91725158691406,),)
167.72207641601562,-7.4953436851501465,{,{
-48.196937561035156,13.046947479248047,identifier,InvService
-16.07282066345215,-46.723751068115234,identifier,s
93.45938873291016,3.8793766498565674,=,=
-16.104129791259766,-40.11680221557617,identifier,a
-7.515761375427246,-192.2691650390625,.,.
-8.441149711608887,33.91967010498047,identifier,getService
74.58330535888672,-67.24826049804688,(,(
-16.847097396850586,127.66602325439453,),)
-153.7530517578125,-39.96983337402344,;,;
-47.44290542602539,13.127235412597656,identifier,InvDataset
-19.632122039794922,-34.619224548339844,identifier,d
93.60133361816406,3.8896632194519043,=,=
-16.002042770385742,-40.233787536621094,identifier,a
-7.561688423156738,-192.2960662841797,.,.
-6.224367618560791,26.018146514892578,identifier,getDataset
74.78119659423828,-67.167236328125,(,(
-17.075725555419922,127.7710952758789,),)
-183.0034637451172,-25.062328338623047,;,;
138.11070251464844,58.78643798828125,if,if
154.32020568847656,-95.6103744506836,(,(
45.327003479003906,95.86735534667969,==,==
-18.370237350463867,-35.58525085449219,identifier,d
-3.413508176803589,-187.51458740234375,.,.
-14.665159225463867,24.413576126098633,identifier,findService
90.69900512695312,-121.23807525634766,(,(
-17.855722427368164,-48.56868362426758,identifier,s
3.83575439453125,-177.6628875732422,.,.
-5.553009510040283,40.11915969848633,identifier,getName
63.06346893310547,-66.45838165283203,(,(
-19.21659278869629,146.57774353027344,),)
-52.13346481323242,157.0957794189453,),)
88.95413970947266,-103.78351593017578,(,(
18.78407096862793,-39.073463439941406,identifier,result
4.0874857902526855,-179.26467895507812,.,.
12.292852401733398,8.948616981506348,identifier,contains
78.53030395507812,-112.36619567871094,(,(
-17.72813606262207,-48.8443489074707,identifier,s
-26.823890686035156,164.9076385498047,),)
-50.63338851928711,158.5563507080078,),)
-60.53515625,146.0039825439453,),)
17.994190216064453,-40.22636795043945,identifier,result
-12.755308151245117,-172.61920166015625,.,.
4.300051212310791,15.8055419921875,identifier,add
80.57299041748047,-122.43934631347656,(,(
-17.533775329589844,-48.98996353149414,identifier,s
-51.193565368652344,175.0481414794922,),)
-164.12197875976562,11.084257125854492,;,;
73.96822357177734,55.87602233886719,},}
127.10173797607422,46.42609405517578,for,for
139.21009826660156,-91.2970199584961,(,(
-47.23478698730469,13.122252464294434,identifier,InvDataset
-12.75820541381836,-4.0384979248046875,identifier,nested
10.819652557373047,-14.310419082641602,identifier,ds
-3.1597864627838135,-186.7466583251953,.,.
-5.902503967285156,26.022972106933594,identifier,getDatasets
66.14457702636719,-71.01985168457031,(,(
-20.65440559387207,143.8043212890625,),)
-78.89964294433594,134.201171875,),)
159.42225646972656,-2.1139023303985596,{,{
-14.667305946350098,24.365766525268555,identifier,findServices
87.75946807861328,-117.98792266845703,(,(
17.882719039916992,-38.43550491333008,identifier,result
-99.67489624023438,-126.47488403320312,",",","
-12.756454467773438,-4.046806335449219,identifier,nested
-53.21391677856445,178.46820068359375,),)
-171.48687744140625,20.132671356201172,;,;
91.4927978515625,70.47059631347656,},}
118.36332702636719,115.89463806152344,},}
21.54804039001465,75.81721496582031,<,<
-62.32246017456055,46.82801818847656,identifier,T
46.177398681640625,128.2622833251953,>,>
-61.17802047729492,45.105018615722656,identifier,T
-32.69832229614258,30.56186866760254,identifier,accessMember
109.65184020996094,-47.57234191894531,(,(
-34.41063690185547,14.822280883789062,identifier,AccessibleObject
-45.074859619140625,-6.013237953186035,identifier,member
-99.50719451904297,-97.47386932373047,",",","
-49.50501251220703,2.099430799484253,identifier,Callable
22.975425720214844,79.60940551757812,<,<
-62.03123092651367,47.57338333129883,identifier,T
42.90208053588867,125.5711441040039,>,>
-49.70712661743164,1.4978371858596802,identifier,callable
-98.44641876220703,-100.08143615722656,",",","
-81.72347259521484,42.42250442504883,identifier,String
-42.36195755004883,-2.1174404621124268,identifier,errorMessage
-96.68544006347656,100.2483139038086,),)
180.32398986816406,-12.771240234375,{,{
148.13511657714844,59.10736846923828,if,if
154.5276336669922,-103.5467758178711,(,(
-49.79468536376953,1.250213623046875,identifier,callable
48.13553237915039,100.8701171875,==,==
-70.9706802368164,127.18780517578125,),)
156.17138671875,4.006747245788574,{,{
77.03526306152344,155.0098114013672,return,return
-170.88050842285156,6.247786998748779,;,;
71.13273620605469,58.511566162109375,},}
74.92312622070312,163.15150451660156,return,return
-23.013669967651367,26.512128829956055,identifier,AccessController
-19.158428192138672,-183.21932983398438,.,.
-23.034040451049805,26.498973846435547,identifier,doPrivileged
95.7777328491211,-124.23861694335938,(,(
89.31180572509766,-100.95771789550781,(,(
-23.94921875,26.157283782958984,identifier,PrivilegedAction
24.704801559448242,81.59394073486328,<,<
-61.414669036865234,47.85800552368164,identifier,T
41.69095230102539,123.0727767944336,>,>
-43.756187438964844,142.05221557617188,),)
75.1778564453125,-56.64614486694336,(,(
-29.407501220703125,126.43928527832031,),)
172.1706085205078,-10.317327499389648,{,{
-22.942119598388672,17.434762954711914,identifier,wasAccessible
94.01263427734375,2.4059314727783203,=,=
-22.610111236572266,-14.06851577758789,identifier,member
-11.850481986999512,-192.2136688232422,.,.
-22.753442764282227,17.620512008666992,identifier,isAccessible
72.65634155273438,-64.78079986572266,(,(
-17.056825637817383,127.08589172363281,),)
-179.6940460205078,-25.99641990661621,;,;
155.98291015625,-14.757448196411133,{,{
-22.734195709228516,-14.042893409729004,identifier,member
-13.852644920349121,-169.34364318847656,.,.
-2.256357192993164,19.63071632385254,identifier,setAccessible
72.9916763305664,-125.09098052978516,(,(
-40.49830627441406,169.68679809570312,),)
-154.0983123779297,-25.174991607666016,;,;
73.74593353271484,158.26426696777344,return,return
-49.81909942626953,1.1758534908294678,identifier,callable
-11.728591918945312,-171.92677307128906,.,.
-11.511727333068848,8.069393157958984,identifier,call
70.26343536376953,-77.47342681884766,(,(
-14.369063377380371,131.97763061523438,),)
-166.42832946777344,10.421609878540039,;,;
80.28414154052734,58.32946014404297,},}
134.8705291748047,-99.16477966308594,(,(
-49.54151916503906,50.93619918823242,identifier,Exception
-52.66952896118164,48.865108489990234,identifier,exception
-81.28258514404297,128.06890869140625,),)
155.3210906982422,-2.086772918701172,{,{
191.22230529785156,47.70877456665039,new,new
-36.1032829284668,51.09577941894531,identifier,IllegalStateException
85.01058197021484,-119.57164764404297,(,(
-42.30152130126953,-2.0745954513549805,identifier,errorMessage
-98.10726928710938,-127.04396057128906,",",","
-52.67174530029297,48.86347961425781,identifier,exception
-48.114871978759766,184.21920776367188,),)
-166.26470947265625,11.774577140808105,;,;
79.5673828125,59.446800231933594,},}
155.81626892089844,-8.961071014404297,{,{
-22.790361404418945,-14.02659797668457,identifier,member
-9.165068626403809,-169.49681091308594,.,.
-2.260366201400757,19.616867065429688,identifier,setAccessible
77.99327087402344,-116.12934112548828,(,(
-12.766810417175293,4.634230613708496,identifier,wasAccessible
-48.929710388183594,176.7203826904297,),)
-167.57794189453125,18.363683700561523,;,;
88.94396209716797,67.5648422241211,},}
82.70928955078125,66.31200408935547,},}
-58.48694610595703,165.8918914794922,),)
-172.4815673828125,24.144084930419922,;,;
111.41423797607422,117.86547088623047,},}
-33.33995819091797,36.37996292114258,identifier,create
85.42363739013672,-58.85439682006836,(,(
-30.315168380737305,121.12556457519531,),)
175.60043334960938,-22.115819931030273,{,{
-19.11534881591797,51.54414749145508,identifier,ConcurrentHashMap
24.64073371887207,78.636962890625,<,<
-86.51109313964844,43.21584701538086,identifier,String
-95.6985855102539,-110.90885925292969,",",","
-35.45127487182617,-9.761602401733398,identifier,UsageParamSetLocalData
46.598052978515625,123.85394287109375,>,>
-35.58940124511719,-14.545149803161621,identifier,notificationSourceUsageParamSets
97.75753021240234,2.7952656745910645,=,=
-35.97760772705078,-12.82722282409668,identifier,notificationSourceUsageParamSetsMap
-14.511695861816406,-184.4930419921875,.,.
4.495020389556885,29.37898063659668,identifier,get
72.03763580322266,-114.99077606201172,(,(
-37.49575424194336,-13.459944725036621,identifier,notificationSource
-39.032928466796875,185.727294921875,),)
-187.02218627929688,-26.138505935668945,;,;
137.19369506835938,54.26005554199219,if,if
152.71458435058594,-102.59794616699219,(,(
-35.562294006347656,-13.57507038116455,identifier,notificationSourceUsageParamSets
46.78245544433594,101.68709564208984,==,==
-72.04840087890625,125.27159881591797,),)
168.3009033203125,-6.553980827331543,{,{
-19.127883911132812,51.5623779296875,identifier,ConcurrentHashMap
25.739484786987305,79.862548828125,<,<
-87.30200958251953,42.476009368896484,identifier,String
-95.4272232055664,-111.86837005615234,",",","
-35.12144470214844,-10.05873966217041,identifier,UsageParamSetLocalData
45.84981155395508,123.04435729980469,>,>
-35.32402801513672,-14.4352445602417,identifier,newNotificationSourceUsageParamSets
89.22933197021484,6.6665263175964355,=,=
197.68458557128906,42.11325454711914,new,new
-19.16790008544922,51.601837158203125,identifier,ConcurrentHashMap
26.213529586791992,80.01494598388672,<,<
-87.71165466308594,42.21542739868164,identifier,String
-95.66374206542969,-112.32913970947266,",",","
-34.98323440551758,-10.127363204956055,identifier,UsageParamSetLocalData
43.67204284667969,121.78113555908203,>,>
77.1992416381836,-57.59149932861328,(,(
-20.051250457763672,122.3852310180664,),)
-154.5959014892578,-35.83247756958008,;,;
-35.017372131347656,-14.194762229919434,identifier,notificationSourceUsageParamSets
96.4892349243164,0.2626760005950928,=,=
-35.613800048828125,-12.843785285949707,identifier,notificationSourceUsageParamSetsMap
-13.568830490112305,-183.66590881347656,.,.
5.449404239654541,21.640335083007812,identifier,putIfAbsent
90.76811218261719,-116.94215393066406,(,(
-37.39668273925781,-13.475669860839844,identifier,notificationSource
-96.79173278808594,-122.95184326171875,",",","
-35.13838577270508,-12.794514656066895,identifier,newNotificationSourceUsageParamSets
-41.0252571105957,178.64385986328125,),)
-184.69940185546875,-23.48175048828125,;,;
137.643798828125,57.365901947021484,if,if
149.5890655517578,-100.19845581054688,(,(
-35.031593322753906,-13.512983322143555,identifier,notificationSourceUsageParamSets
46.62860107421875,99.58522033691406,==,==
-73.68085479736328,126.97318267822266,),)
163.4218292236328,-6.97034215927124,{,{
-34.69821548461914,-13.96810531616211,identifier,notificationSourceUsageParamSets
87.77349090576172,-0.052636247128248215,=,=
-35.02717971801758,-12.69500732421875,identifier,newNotificationSourceUsageParamSets
-171.52406311035156,4.3881425857543945,;,;
87.93917083740234,64.51671600341797,},}
75.06659698486328,57.14823913574219,},}
129.80162048339844,58.16622543334961,if,if
155.97979736328125,-94.35531616210938,(,(
-34.77772521972656,-13.336441040039062,identifier,notificationSourceUsageParamSets
-1.21019446849823,-183.82537841796875,.,.
2.9379165172576904,21.801088333129883,identifier,containsKey
78.57600402832031,-110.65222930908203,(,(
-33.81250762939453,-11.560282707214355,identifier,usageParameterSetName
-29.085208892822266,161.75338745117188,),)
-79.69075012207031,136.10617065429688,),)
155.54977416992188,0.17591215670108795,{,{
72.90106964111328,154.5006103515625,return,return
-34.543270111083984,-13.234699249267578,identifier,notificationSourceUsageParamSets
-12.795641899108887,-182.86572265625,.,.
5.482365608215332,21.673038482666016,identifier,putIfAbsent
90.78191375732422,-117.33134460449219,(,(
-33.825260162353516,-11.596580505371094,identifier,usageParameterSetName
-96.41600036621094,-118.74214172363281,",",","
196.8211212158203,47.13896179199219,new,new
-34.54172134399414,-10.099137306213379,identifier,UsageParamSetLocalData
80.82064056396484,-108.0063705444336,(,(
-33.77018356323242,-11.53959846496582,identifier,usageParameterSetName
-29.366479873657227,162.63372802734375,),)
-51.90085220336914,161.0716094970703,),)
44.393226623535156,101.04934692382812,==,==
-172.70065307617188,11.175942420959473,;,;
78.33670806884766,57.42934799194336,},}
87.54737091064453,46.339759826660156,else,else
155.38626098632812,-5.708098888397217,{,{
74.9859619140625,157.81890869140625,return,return
-176.96316528320312,14.828814506530762,;,;
92.3104476928711,70.31884002685547,},}
119.48584747314453,116.22097778320312,},}
-36.549129486083984,28.091222763061523,identifier,PlaneNormal3D_F64
-27.048410415649414,30.1846981048584,identifier,convert
111.89542388916016,-49.12241744995117,(,(
-35.996707916259766,15.118377685546875,identifier,Se3_F64
-35.026573181152344,-6.774739742279053,identifier,planeToWorld
-97.85127258300781,-96.81705474853516,",",","
-35.80563735961914,14.400177001953125,identifier,PlaneNormal3D_F64
12.708629608154297,-31.435474395751953,identifier,output
-96.64229583740234,101.21885681152344,),)
179.18759155273438,-13.559342384338379,{,{
150.77001953125,58.47731018066406,if,if
154.3004913330078,-104.88469696044922,(,(
12.87820816040039,-31.52952766418457,identifier,output
48.03068923950195,101.33065795898438,==,==
-61.68756866455078,141.48953247070312,),)
12.93707275390625,-31.547468185424805,identifier,output
88.6240005493164,9.311410903930664,=,=
194.87277221679688,41.868080139160156,new,new
-35.67647171020508,14.106523513793945,identifier,PlaneNormal3D_F64
78.19515228271484,-60.81517791748047,(,(
-19.000411987304688,121.73223114013672,),)
-162.13809204101562,-32.82094192504883,;,;
13.533978462219238,-31.862272262573242,identifier,output
-21.083553314208984,-173.4901123046875,.,.
-19.42926597595215,-6.366552352905273,identifier,n
-22.832963943481445,-172.49240112304688,.,.
-7.299855709075928,-5.164719104766846,identifier,x
95.58312225341797,-6.702351093292236,=,=
-34.53921127319336,-7.024149417877197,identifier,planeToWorld
-6.44114875793457,-195.9592742919922,.,.
-31.774442672729492,2.535306930541992,identifier,R
-24.0528564453125,-183.8733367919922,.,.
-7.146183013916016,22.01519775390625,identifier,unsafe_get
69.7522201538086,-128.81053161621094,(,(
-97.04637908935547,-133.85073852539062,",",","
-41.133949279785156,171.52822875976562,),)
-161.7601776123047,-30.35070037841797,;,;
13.642321586608887,-31.997802734375,identifier,output
-21.51511001586914,-174.0492706298828,.,.
-19.427440643310547,-6.37802791595459,identifier,n
-22.83707046508789,-172.5897216796875,.,.
-8.175028800964355,-4.755252838134766,identifier,y
95.29296112060547,-6.524240016937256,=,=
-34.22303009033203,-7.213782787322998,identifier,planeToWorld
-6.328537940979004,-195.9334716796875,.,.
-31.772010803222656,2.5262086391448975,identifier,R
-24.05918312072754,-183.85458374023438,.,.
-7.133598804473877,21.81298065185547,identifier,unsafe_get
69.78099822998047,-128.91261291503906,(,(
-97.27452850341797,-133.6061248779297,",",","
-41.243896484375,171.6994171142578,),)
-161.7584991455078,-29.823726654052734,;,;
13.726658821105957,-32.10847091674805,identifier,output
-21.599702835083008,-174.18157958984375,.,.
-19.429763793945312,-6.380725860595703,identifier,n
-22.85838508605957,-172.610595703125,.,.
-8.195109367370605,-3.2106142044067383,identifier,z
95.29660034179688,-6.603522300720215,=,=
-34.05265426635742,-7.302978992462158,identifier,planeToWorld
-6.2690935134887695,-195.92909240722656,.,.
-31.775432586669922,2.5227246284484863,identifier,R
-24.067123413085938,-183.8461151123047,.,.
-7.117336750030518,21.716285705566406,identifier,unsafe_get
69.72222900390625,-129.00856018066406,(,(
-97.4588851928711,-133.45225524902344,",",","
-41.346656799316406,171.888916015625,),)
-161.76107788085938,-29.337474822998047,;,;
13.752256393432617,-32.21989822387695,identifier,output
-21.59428596496582,-174.28970336914062,.,.
-17.730852127075195,-24.405635833740234,identifier,p
-17.772232055664062,-172.5207977294922,.,.
7.327678680419922,25.00935173034668,identifier,set
84.11307525634766,-124.3238754272461,(,(
-33.826393127441406,-7.396765232086182,identifier,planeToWorld
11.938380241394043,-166.7173614501953,.,.
-59.654563903808594,49.3006591796875,identifier,T
9.381346702575684,-164.6711883544922,.,.
-7.362486839294434,-5.128100395202637,identifier,x
-104.2557144165039,-121.53803253173828,",",","
-33.60714340209961,-7.521966934204102,identifier,planeToWorld
11.678656578063965,-166.73963928222656,.,.
-59.66747283935547,49.29493713378906,identifier,T
9.361807823181152,-164.6584930419922,.,.
-8.13037109375,-4.7870283126831055,identifier,y
-104.24590301513672,-121.60748291015625,",",","
-33.472957611083984,-7.597718715667725,identifier,planeToWorld
11.491901397705078,-166.81344604492188,.,.
-59.674564361572266,49.28838348388672,identifier,T
9.321310997009277,-164.61973571777344,.,.
-8.197184562683105,-3.193966865539551,identifier,z
-51.26231002807617,181.1564483642578,),)
-148.7234649658203,-23.500511169433594,;,;
70.11935424804688,160.87005615234375,return,return
13.673213958740234,-32.98667526245117,identifier,output
-181.75071716308594,14.821642875671387,;,;
106.70690155029297,117.5617904663086,},}
-37.75192642211914,27.759000778198242,identifier,OpenImmoTransferDocument
-27.580018997192383,35.85165786743164,identifier,newDocument
112.64737701416016,-49.898887634277344,(,(
-36.169677734375,-0.28002896904945374,identifier,Openimmo
-36.06184005737305,-0.6060290336608887,identifier,openimmo
-93.8816146850586,106.44429016113281,),)
-32.82942581176758,21.541667938232422,identifier,ParserConfigurationException
-102.78764343261719,-104.5526123046875,",",","
-33.58612823486328,22.676095962524414,identifier,JAXBException
183.50123596191406,-17.41420555114746,{,{
148.9839324951172,60.764774322509766,if,if
156.93096923828125,-102.52411651611328,(,(
-35.579063415527344,-0.8303986191749573,identifier,openimmo
1.8729432821273804,-190.50350952148438,.,.
-28.386337280273438,-2.4076147079467773,identifier,getUebertragung
71.65457153320312,-62.154441833496094,(,(
-27.988420486450195,143.4530792236328,),)
45.66341781616211,101.66142272949219,==,==
-61.64468765258789,142.38259887695312,),)
-35.407371520996094,-0.9725935459136963,identifier,openimmo
-12.500779151916504,-180.98098754882812,.,.
-28.350069046020508,-2.4819090366363525,identifier,setUebertragung
94.11510467529297,-122.90784454345703,(,(
-34.25074768066406,0.695927083492279,identifier,OpenImmoUtils
-1.2506576776504517,-180.59356689453125,.,.
-10.735783576965332,25.836515426635742,identifier,getFactory
71.28026580810547,-64.45999908447266,(,(
-27.726722717285156,134.73924255371094,),)
-22.24374008178711,-154.16552734375,.,.
-28.348731994628906,-2.597015380859375,identifier,createUebertragung
71.97403717041016,-63.13081359863281,(,(
-17.73154067993164,149.50990295410156,),)
-57.40412521362305,158.541748046875,),)
-186.36376953125,-22.680707931518555,;,;
136.49734497070312,57.93568801879883,if,if
152.2320098876953,-96.6725082397461,(,(
-74.41162872314453,37.166465759277344,identifier,StringUtils
-2.647186756134033,-170.05001831054688,.,.
4.822408676147461,45.7446403503418,identifier,isBlank
89.18707275390625,-122.98177337646484,(,(
-35.19120788574219,-0.9302952885627747,identifier,openimmo
-2.5455129146575928,-183.23329162597656,.,.
-28.366008758544922,-2.678178548812866,identifier,getUebertragung
71.68806457519531,-63.200801849365234,(,(
-27.102500915527344,135.3290252685547,),)
-20.778011322021484,-154.552490234375,.,.
-1.0833336114883423,38.01240921020508,identifier,getVersion
66.42720031738281,-66.1156234741211,(,(
-18.807209014892578,147.3407745361328,),)
-50.413246154785156,158.19869995117188,),)
-60.577274322509766,145.84815979003906,),)
-35.159358978271484,-1.06851065158844,identifier,openimmo
-12.003523826599121,-180.8172607421875,.,.
-28.350170135498047,-2.7898809909820557,identifier,getUebertragung
73.82738494873047,-70.26594543457031,(,(
-26.892982482910156,132.7416534423828,),)
-21.8201961517334,-157.58999633789062,.,.
-0.5989730954170227,37.98931884765625,identifier,setVersion
89.31652069091797,-126.22071838378906,(,(
-34.19939422607422,0.7126937508583069,identifier,OpenImmoUtils
8.36160945892334,-170.29759216308594,.,.
-21.49648666381836,3.0450005531311035,identifier,VERSION
6.117984294891357,-170.21749877929688,.,.
-15.538915634155273,10.858861923217773,identifier,toReadableVersion
66.86348724365234,-67.00221252441406,(,(
-17.201583862304688,148.15663146972656,),)
-57.21888732910156,160.0371551513672,),)
-154.87574768066406,-40.148990631103516,;,;
-44.807621002197266,24.4204044342041,identifier,Document
-63.386802673339844,-26.877199172973633,identifier,document
99.84943389892578,-2.341982364654541,=,=
-29.245866775512695,7.736621379852295,identifier,XmlUtils
-18.768430709838867,-185.9620819091797,.,.
-27.504974365234375,35.86906051635742,identifier,newDocument
72.35504150390625,-69.99623107910156,(,(
-19.04429054260254,130.46726989746094,),)
-157.45797729492188,-29.981914520263672,;,;
-34.178993225097656,0.8904460072517395,identifier,OpenImmoUtils
-11.248797416687012,-179.81781005859375,.,.
-11.310721397399902,18.930999755859375,identifier,createMarshaller
84.861083984375,-133.75424194335938,(,(
-16.523090362548828,3.131197690963745,"""","""UTF-8"""
-106.06369018554688,-131.86631774902344,",",","
-42.905738830566406,168.12464904785156,),)
-20.72272491455078,-157.58921813964844,.,.
-11.06620979309082,18.52898406982422,identifier,marshal
83.18473052978516,-120.65462493896484,(,(
-34.84257888793945,-1.0867620706558228,identifier,openimmo
-98.63008117675781,-124.02941131591797,",",","
-63.39363479614258,-26.885684967041016,identifier,document
-48.083065032958984,180.60995483398438,),)
-150.0858154296875,-25.235139846801758,;,;
72.8134994506836,160.12457275390625,return,return
193.9231719970703,47.03361892700195,new,new
-34.27058410644531,1.4367419481277466,identifier,OpenImmoTransferDocument
85.74117279052734,-117.8094253540039,(,(
-63.39430618286133,-26.88866424560547,identifier,document
-53.54645538330078,179.62960815429688,),)
-174.69235229492188,21.68791389465332,;,;
106.11894226074219,119.59336853027344,},}
-21.547283172607422,44.78030014038086,identifier,Nullable
-84.24287414550781,46.39448165893555,identifier,String
-31.667613983154297,33.50469970703125,identifier,createKeysFromArray
109.98560333251953,-49.1768913269043,(,(
-21.2489070892334,45.28152847290039,identifier,Nullable
-84.11918640136719,45.19461441040039,identifier,String
8.147355079650879,-3.850888729095459,identifier,array
-102.04106903076172,-98.55815887451172,",",","
-21.065509796142578,45.574798583984375,identifier,Nullable
-84.2010726928711,44.93803787231445,identifier,String
-49.68264389038086,-23.263118743896484,identifier,keys
-95.33609771728516,98.24091339111328,),)
180.5478515625,-12.339460372924805,{,{
147.8546142578125,59.82979965209961,if,if
156.4175262451172,-99.85336303710938,(,(
7.479400157928467,45.427146911621094,identifier,isNullOrEmpty
80.48039245605469,-110.47012329101562,(,(
-49.86579513549805,-23.450021743774414,identifier,keys
-26.739118576049805,161.29367065429688,),)
-76.0359115600586,137.73683166503906,),)
156.26988220214844,3.184248208999634,{,{
75.52025604248047,154.70022583007812,return,return
8.503388404846191,-4.690695762634277,identifier,array
-172.84661865234375,6.2405805587768555,;,;
73.34711456298828,53.305423736572266,},}
131.99913024902344,60.08681106567383,if,if
151.4803924560547,-95.20718383789062,(,(
7.483260154724121,45.4276123046875,identifier,isNullOrEmpty
80.2763442993164,-110.47671508789062,(,(
8.194948196411133,-4.319989204406738,identifier,array
-27.024953842163086,161.375244140625,),)
-76.36517333984375,137.36920166015625,),)
156.19305419921875,2.4625673294067383,{,{
74.82652282714844,154.9403839111328,return,return
-50.027584075927734,-23.51978302001953,identifier,keys
-173.01918029785156,6.391744613647461,;,;
69.67369842529297,58.84117126464844,},}
-86.40985870361328,39.423274993896484,identifier,String
8.067854881286621,-36.21685028076172,identifier,combined
99.26651000976562,-4.733202934265137,=,=
-2.429518699645996,-2.476858139038086,identifier,Arrays
-19.317487716674805,-186.97438049316406,.,.
-7.927263259887695,19.478580474853516,identifier,copyOf
91.38294219970703,-114.73998260498047,(,(
-50.02606964111328,-23.56620979309082,identifier,keys
-95.47583770751953,-120.72614288330078,",",","
8.011357307434082,-4.5335516929626465,identifier,array
10.162137985229492,-184.18731689453125,.,.
-50.762969970703125,-75.41018676757812,identifier,length
8.574141502380371,-78.7175521850586,+,+
-50.38105773925781,-23.85654067993164,identifier,keys
10.493699073791504,-185.14151000976562,.,.
-51.290313720703125,-75.17445373535156,identifier,length
-35.04792785644531,181.908447265625,),)
-189.5409698486328,-28.199012756347656,;,;
129.9854278564453,46.4046516418457,for,for
140.2281951904297,-88.00403594970703,(,(
-68.03597259521484,-54.21582794189453,identifier,i
80.02831268310547,1.703673243522644,=,=
-170.64491271972656,-38.6920166015625,;,;
-70.79898834228516,-56.19956588745117,identifier,i
25.42546844482422,87.12942504882812,<,<
8.04997730255127,-4.598683834075928,identifier,array
9.897233963012695,-184.32435607910156,.,.
-51.75162124633789,-74.86689758300781,identifier,length
-172.05258178710938,-35.00049591064453,;,;
-72.55281066894531,-56.178192138671875,identifier,i
-78.71505737304688,128.25196838378906,),)
163.58155822753906,-8.729673385620117,{,{
8.104117393493652,-36.211463928222656,identifier,combined
-50.38493728637695,-23.832427978515625,identifier,keys
8.84103775024414,-181.3441619873047,.,.
-52.457763671875,-75.21533966064453,identifier,length
7.969532489776611,-79.40442657470703,+,+
-72.48625946044922,-57.30466079711914,identifier,i
90.74565124511719,-8.247355461120605,=,=
8.192339897155762,-5.0243239402771,identifier,array
-73.40971374511719,-59.55030822753906,identifier,i
-171.02232360839844,15.185946464538574,;,;
73.5865707397461,64.61212158203125,},}
69.24163818359375,163.122802734375,return,return
8.681085586547852,-36.106590270996094,identifier,combined
-180.84645080566406,14.486294746398926,;,;
108.99015045166016,117.27571105957031,},}
69.13097381591797,45.29613494873047,identifier,Override
-36.649349212646484,36.090641021728516,identifier,push
116.60906982421875,-48.95330047607422,(,(
-24.67392921447754,25.8870792388916,identifier,Runnable
-56.35028076171875,7.171397686004639,identifier,task
-92.53221893310547,102.48345947265625,),)
175.40614318847656,-17.272382736206055,{,{
-0.13190345466136932,2.8660030364990234,identifier,lock
79.57678985595703,-64.19209289550781,(,(
-16.042320251464844,121.68212127685547,),)
-163.0895538330078,-37.77415466308594,;,;
-29.695945739746094,-42.00323486328125,identifier,_base
-178.98158264160156,-32.011085510253906,;,;
-30.292125701904297,-41.01091384887695,identifier,_top
-179.52255249023438,-31.841781616210938,;,;
156.1863250732422,-16.671133041381836,{,{
-29.66132926940918,-42.08517837524414,identifier,_base
96.00555419921875,4.934422492980957,=,=
-20.37797737121582,-11.707670211791992,identifier,UNSAFE
-18.79627227783203,-190.11155700683594,.,.
-2.0180609226226807,24.07322883605957,identifier,getLongVolatile
89.90573120117188,-113.35993957519531,(,(
-92.18196105957031,-123.13663482666016,",",","
-29.193363189697266,0.06446310877799988,identifier,OFFS_BASE
-38.907508850097656,177.00772094726562,),)
-159.76268005371094,-34.8701171875,;,;
-30.39462661743164,-40.882469177246094,identifier,_top
94.95079040527344,-4.679766654968262,=,=
-20.431692123413086,-11.725081443786621,identifier,UNSAFE
-18.852458953857422,-190.086669921875,.,.
-1.9805772304534912,23.951984405517578,identifier,getLongVolatile
89.87442016601562,-113.55167388916016,(,(
-92.06255340576172,-123.10636901855469,",",","
-29.217084884643555,-0.18696393072605133,identifier,OFFS_TOP
-38.95394515991211,177.06846618652344,),)
-184.9866180419922,-24.204395294189453,;,;
138.48565673828125,56.07355880737305,if,if
151.66574096679688,-100.47285461425781,(,(
-30.83525848388672,-40.607418060302734,identifier,_top
45.393829345703125,96.40564727783203,==,==
-29.746091842651367,-42.132568359375,identifier,_base
8.574090003967285,-78.23645782470703,+,+
-21.82621955871582,8.525498390197754,identifier,mask
-75.94700622558594,123.0988998413086,),)
153.4652557373047,0.8846413493156433,{,{
191.75477600097656,46.377052307128906,new,new
-26.825611114501953,15.5437650680542,identifier,RejectedExecutionExceptionWithoutStacktrace
85.98369598388672,-134.99139404296875,(,(
-20.581727981567383,8.635978698730469,"""","""Shared queue overflow"""
-42.230411529541016,163.26658630371094,),)
-161.32960510253906,12.274130821228027,;,;
69.13951873779297,61.309364318847656,},}
-20.474170684814453,-11.73384952545166,identifier,UNSAFE
-10.645551681518555,-180.16197204589844,.,.
-1.813342809677124,23.358774185180664,identifier,putObjectVolatile
92.53793334960938,-117.323974609375,(,(
-55.698970794677734,6.668120384216309,identifier,tasks
-95.7517318725586,-120.0689926147461,",",","
-22.079931259155273,12.072882652282715,identifier,taskOffset
84.77992248535156,-109.71051025390625,(,(
-31.114662170410156,-40.424102783203125,identifier,_top
-29.429244995117188,167.6089324951172,),)
-108.62520599365234,-125.04415130615234,",",","
-56.13854217529297,6.9681925773620605,identifier,task
-47.84621047973633,181.11178588867188,),)
-156.9677734375,-28.810842514038086,;,;
-20.495126724243164,-11.739582061767578,identifier,UNSAFE
-10.715659141540527,-180.113037109375,.,.
-1.8130247592926025,23.41928482055664,identifier,putLongVolatile
89.90339660644531,-118.22372436523438,(,(
-91.61720275878906,-122.92418670654297,",",","
-29.207231521606445,-0.39949434995651245,identifier,OFFS_TOP
-102.8269271850586,-127.50845336914062,",",","
-31.225759506225586,-40.350440979003906,identifier,_top
6.941121578216553,-81.78468322753906,+,+
-44.63600158691406,171.24627685546875,),)
-166.36888122558594,13.48359203338623,;,;
78.34283447265625,59.86735916137695,},}
154.84776306152344,-8.986224174499512,{,{
-1.67418372631073,3.967169761657715,identifier,unlock
68.12047576904297,-75.87797546386719,(,(
-14.11883544921875,133.8218994140625,),)
-168.83885192871094,13.794395446777344,;,;
70.92401123046875,63.27988815307617,},}
-13.551077842712402,-10.89888858795166,identifier,pool
-5.731039047241211,-171.35464477539062,.,.
-12.500274658203125,11.621004104614258,identifier,onAvailableTask
65.08271026611328,-74.81333923339844,(,(
-11.874926567077637,135.4484100341797,),)
-175.69090270996094,22.055561065673828,;,;
109.68717956542969,120.28598022460938,},}
-83.69286346435547,47.18362045288086,identifier,String
-33.726688385009766,29.151811599731445,identifier,decodeLocaleCode
114.46515655517578,-48.066768646240234,(,(
-79.3409652709961,44.086307525634766,identifier,String
-49.909751892089844,-9.056134223937988,identifier,localeCode
-94.36161804199219,101.53789520263672,),)
177.5730743408203,-20.566869735717773,{,{
-81.36170959472656,38.599056243896484,identifier,String
18.218318939208984,-42.966217041015625,identifier,result
87.38250732421875,9.023199081420898,=,=
198.24916076660156,43.089019775390625,new,new
-87.86426544189453,39.3741569519043,identifier,String
-161.23239135742188,-42.24868392944336,;,;
-85.65860748291016,38.21571731567383,identifier,String
-1.1865657567977905,-33.410003662109375,identifier,data
101.13508605957031,-0.5569607615470886,=,=
-25.29888343811035,9.891976356506348,identifier,CharKit
-17.507930755615234,-190.81948852539062,.,.
-23.58025550842285,31.201824188232422,identifier,splitc
91.1706314086914,-114.15753936767578,(,(
-49.91250991821289,-9.076507568359375,identifier,localeCode
-90.96147918701172,-127.00226593017578,",",","
-38.742950439453125,165.36740112304688,),)
-163.62991333007812,-31.465560913085938,;,;
18.684593200683594,-41.17139434814453,identifier,result
92.23487854003906,-8.117618560791016,=,=
0.3055582344532013,-32.19843673706055,identifier,data
-164.72508239746094,-31.410255432128906,;,;
18.841325759887695,-40.9788932800293,identifier,result
92.35387420654297,-8.14268970489502,=,=
19.47808074951172,-40.83828353881836,identifier,result
92.77117919921875,-8.135272979736328,=,=
-29.948598861694336,9.806086540222168,identifier,StringPool
-13.103742599487305,-187.3390350341797,.,.
-5.676552772521973,4.888711452484131,identifier,EMPTY
-183.14947509765625,-30.093442916870117,;,;
139.7615966796875,56.758079528808594,if,if
148.19976806640625,-102.174560546875,(,(
1.4968712329864502,-33.09373092651367,identifier,data
7.856222152709961,-185.82089233398438,.,.
-51.325592041015625,-73.9763412475586,identifier,length
-73.25871276855469,130.5587615966797,),)
164.42640686035156,-4.5912394523620605,{,{
17.524585723876953,-40.1377067565918,identifier,result
91.44974517822266,-8.031923294067383,=,=
0.5554074048995972,-32.042362213134766,identifier,data
-181.4474639892578,-22.575885772705078,;,;
138.77435302734375,60.34440231323242,if,if
145.20425415039062,-95.56380462646484,(,(
1.6119263172149658,-33.032958984375,identifier,data
7.441639423370361,-181.79612731933594,.,.
-52.50706100463867,-74.49020385742188,identifier,length
-76.07658386230469,129.7262725830078,),)
160.2759552001953,-0.6792658567428589,{,{
17.224430084228516,-39.73933792114258,identifier,result
90.7118148803711,-8.163373947143555,=,=
0.6662006974220276,-31.814102172851562,identifier,data
-171.143310546875,15.284525871276855,;,;
90.64119720458984,66.27503967285156,},}
76.65470886230469,65.20025634765625,},}
69.48175811767578,163.4296417236328,return,return
16.021629333496094,-37.697975158691406,identifier,result
-181.40647888183594,15.053194046020508,;,;
109.8741226196289,116.245849609375,},}
-81.43414306640625,28.197237014770508,identifier,Object
-31.374834060668945,34.505653381347656,identifier,newObjectInstance
110.03792572021484,-45.680076599121094,(,(
-67.20549774169922,35.259918212890625,identifier,Class
-8.399434089660645,-53.14107894897461,identifier,targetType
-93.07611846923828,100.99137115478516,),)
180.80770874023438,-13.69149112701416,{,{
149.5509490966797,58.764549255371094,if,if
155.49317932128906,-103.1577377319336,(,(
-8.535553932189941,-53.390647888183594,identifier,targetType
49.00911331176758,101.07563018798828,==,==
-8.581562995910645,-53.481407165527344,identifier,targetType
45.48900604248047,97.09361267089844,==,==
-29.515640258789062,63.772308349609375,identifier,Map
12.56118106842041,-183.2268829345703,.,.
-70.75114440917969,123.56773376464844,),)
155.120361328125,4.444118022918701,{,{
74.87886047363281,153.98011779785156,return,return
-24.403165817260742,13.650443077087402,identifier,mapSupplier
-15.317924499511719,-183.66566467285156,.,.
5.292784690856934,29.265756607055664,identifier,get
79.87149047851562,-66.75796508789062,(,(
-13.92867374420166,125.48773956298828,),)
-160.10275268554688,7.7791056632995605,;,;
69.23808288574219,58.16143035888672,},}
-49.472816467285156,19.21771812438965,identifier,ClassDescriptor
-22.980337142944336,-33.175270080566406,identifier,cd
100.68795776367188,1.4081063270568848,=,=
-28.81671905517578,10.752533912658691,identifier,ClassIntrospector
-15.440152168273926,-185.00918579101562,.,.
5.408914089202881,28.880538940429688,identifier,get
79.90100860595703,-66.84105682373047,(,(
-28.419872283935547,134.4975128173828,),)
-23.394508361816406,-154.24266052246094,.,.
-17.903934478759766,22.723556518554688,identifier,lookup
83.5516128540039,-112.53791046142578,(,(
-8.564902305603027,-53.566078186035156,identifier,targetType
-39.174076080322266,183.78024291992188,),)
-160.80963134765625,-37.864070892333984,;,;
-32.90845489501953,12.107583045959473,identifier,CtorDescriptor
-28.746952056884766,-24.107807159423828,identifier,ctorDescriptor
96.6280288696289,0.20482003688812256,=,=
-23.38327407836914,-32.07914733886719,identifier,cd
-13.053933143615723,-191.79725646972656,.,.
-14.33107852935791,27.871305465698242,identifier,getDefaultCtorDescriptor
72.04679107666016,-125.69000244140625,(,(
-40.58913803100586,169.38377380371094,),)
-184.36550903320312,-24.863605499267578,;,;
138.1808624267578,56.83826446533203,if,if
148.92335510253906,-100.41328430175781,(,(
-28.557241439819336,-23.827409744262695,identifier,ctorDescriptor
47.398887634277344,99.06713104248047,==,==
-73.24591064453125,127.388671875,),)
153.9979705810547,0.443218469619751,{,{
191.3271026611328,46.442535400390625,new,new
-27.844900131225586,19.695188522338867,identifier,JsonException
87.1254653930664,-136.33981323242188,(,(
-17.590465545654297,7.592808246612549,"""","""Default ctor not found for: """
15.789185523986816,-76.93449401855469,+,+
-8.620611190795898,-53.688072204589844,identifier,targetType
0.43311184644699097,-177.4675750732422,.,.
-5.4738874435424805,40.07426071166992,identifier,getName
63.51625442504883,-66.30386352539062,(,(
-18.33513641357422,146.6204071044922,),)
-54.686195373535156,160.2567901611328,),)
-162.7568359375,11.372673988342285,;,;
73.05435180664062,59.02568435668945,},}
155.5625,-13.199071884155273,{,{
72.86061096191406,155.87623596191406,return,return
-28.486865997314453,-23.75969123840332,identifier,ctorDescriptor
-6.9792070388793945,-175.21694946289062,.,.
-13.997098922729492,28.709564208984375,identifier,getConstructor
68.682373046875,-74.21664428710938,(,(
-24.886987686157227,134.92250061035156,),)
-19.402639389038086,-157.1820526123047,.,.
-9.104077339172363,23.514284133911133,identifier,newInstance
68.88980102539062,-74.55296325683594,(,(
-14.646562576293945,132.57318115234375,),)
-167.0837860107422,11.417862892150879,;,;
79.72553253173828,58.540889739990234,},}
134.41844177246094,-98.96167755126953,(,(
-49.35302734375,50.4395637512207,identifier,Exception
-26.825807571411133,-71.85282897949219,identifier,e
-82.52399444580078,128.13307189941406,),)
155.8813018798828,-2.3085057735443115,{,{
192.3367462158203,47.954463958740234,new,new
-27.947654724121094,19.694774627685547,identifier,JsonException
85.19342041015625,-118.60137939453125,(,(
-25.71739387512207,-70.22899627685547,identifier,e
-53.5446662902832,176.13685607910156,),)
-171.945068359375,19.27534294128418,;,;
90.94366455078125,70.8515625,},}
118.41865539550781,115.31766510009766,},}
-31.55399513244629,39.57708740234375,identifier,config
108.079833984375,-46.123207092285156,(,(
-41.30579376220703,23.940120697021484,identifier,OServer
-44.706302642822266,-3.064150333404541,identifier,oServer
-100.38746643066406,-97.24977111816406,",",","
-41.007423400878906,23.367900848388672,identifier,OServerConfigurationManager
-45.93940734863281,-3.1960208415985107,identifier,serverCfg
-100.68558502197266,-99.45514678955078,",",","
-43.045448303222656,24.4272403717041,identifier,ODocument
-47.221763610839844,-5.0704426765441895,identifier,jsonConfig
-97.30235290527344,100.92735290527344,),)
173.7264862060547,-20.166276931762695,{,{
24.68738555908203,-11.469372749328613,identifier,server
101.06916046142578,6.893198490142822,=,=
-44.69975280761719,-3.0411195755004883,identifier,oServer
-159.4885711669922,-45.13331604003906,;,;
-46.413108825683594,-2.675546407699585,identifier,serverConfig
101.25334167480469,6.7611918449401855,=,=
-45.9288444519043,-3.1112449169158936,identifier,serverCfg
-181.5138702392578,-29.410123825073242,;,;
140.05810546875,53.3541374206543,if,if
154.56639099121094,-100.23291015625,(,(
-14.42501449584961,-21.70989227294922,identifier,jsonConfig
1.1517016887664795,-187.94140625,.,.
12.953453063964844,8.279374122619629,identifier,containsField
77.4872055053711,-132.76593017578125,(,(
-18.012561798095703,0.4009553790092468,"""","""name"""
-32.361446380615234,158.41676330566406,),)
-77.97174835205078,137.81240844726562,),)
165.2265167236328,-5.508145809173584,{,{
-48.79731369018555,-38.5737190246582,identifier,name
89.658203125,-1.968266248703003,=,=
-13.551027297973633,-21.222288131713867,identifier,jsonConfig
-9.659557342529297,-183.97329711914062,.,.
13.572593688964844,4.930762767791748,identifier,field
78.59162902832031,-134.59861755371094,(,(
-17.51910972595215,0.7757441401481628,"""","""name"""
-43.105430603027344,165.2388458251953,),)
-162.37046813964844,9.610618591308594,;,;
74.93467712402344,53.692020416259766,},}
131.74363708496094,58.5859375,if,if
148.49143981933594,-96.8064193725586,(,(
-14.362824440002441,-21.391063690185547,identifier,jsonConfig
1.3129440546035767,-183.66392517089844,.,.
12.75541877746582,8.37067985534668,identifier,containsField
77.89822387695312,-133.14913940429688,(,(
-17.23841667175293,-0.09816638380289078,"""","""debug"""
-33.05343246459961,158.297119140625,),)
-78.23316955566406,136.7617950439453,),)
163.04562377929688,-5.556277751922607,{,{
21.728492736816406,32.38198471069336,identifier,debug
89.15377807617188,-2.244542360305786,=,=
-13.53064250946045,-21.09674644470215,identifier,jsonConfig
-9.331559181213379,-183.87432861328125,.,.
13.47150707244873,4.992067813873291,identifier,field
78.52916717529297,-134.63246154785156,(,(
-17.067554473876953,0.19291044771671295,"""","""debug"""
-43.16777801513672,165.2610626220703,),)
-162.95254516601562,9.998384475708008,;,;
74.8800048828125,53.97459030151367,},}
131.3984375,58.95253372192383,if,if
148.09951782226562,-96.7677001953125,(,(
-14.401833534240723,-21.296945571899414,identifier,jsonConfig
1.301332712173462,-183.5603485107422,.,.
12.756755828857422,8.342086791992188,identifier,containsField
77.94287872314453,-133.23712158203125,(,(
-16.715988159179688,-0.5523066520690918,"""","""enabled"""
-33.31510543823242,158.16213989257812,),)
-78.4917221069336,136.35116577148438,),)
162.44911193847656,-5.811346054077148,{,{
-16.471389770507812,-1.7413280010223389,identifier,enabled
89.02803802490234,-2.3852100372314453,=,=
-13.49496841430664,-20.970346450805664,identifier,jsonConfig
-9.150181770324707,-183.80108642578125,.,.
13.430862426757812,5.039222717285156,identifier,field
78.45494079589844,-134.72637939453125,(,(
-16.65848731994629,-0.2748568058013916,"""","""enabled"""
-43.33668899536133,165.2516632080078,),)
-163.38829040527344,9.991061210632324,;,;
74.70220184326172,54.0587158203125,},}
130.68357849121094,60.166446685791016,if,if
147.4474639892578,-96.62163543701172,(,(
-14.426523208618164,-21.162994384765625,identifier,jsonConfig
1.3400441408157349,-183.4767303466797,.,.
12.723700523376465,8.332974433898926,identifier,containsField
77.97804260253906,-133.3328399658203,(,(
-15.098496437072754,-0.9208871126174927,"""","""caseSensitive"""
-33.67678451538086,157.9945831298828,),)
-79.07154083251953,135.31658935546875,),)
161.94773864746094,-5.778872013092041,{,{
-14.683083534240723,-1.4675483703613281,identifier,caseSensitive
88.79654693603516,-2.570826530456543,=,=
-13.390403747558594,-20.80828857421875,identifier,jsonConfig
-8.838541030883789,-183.52740478515625,.,.
13.3623685836792,5.090827941894531,identifier,field
78.26280975341797,-135.0830535888672,(,(
-15.016778945922852,-0.9910274147987366,"""","""caseSensitive"""
-45.778621673583984,164.7576141357422,),)
-171.6246337890625,21.016124725341797,;,;
91.40931701660156,71.05111694335938,},}
119.17780303955078,115.6517562866211,},}
-56.37263107299805,28.578664779663086,identifier,Element
-36.0208854675293,29.754995346069336,identifier,writeCoordTransform
114.8878402709961,-47.11395263671875,(,(
-36.259769439697266,25.183319091796875,identifier,CoordinateTransform
-21.892353057861328,-27.467775344848633,identifier,ct
-91.37406921386719,100.90634155273438,),)
176.69769287109375,-21.013927459716797,{,{
-56.72917175292969,28.316265106201172,identifier,Element
-20.13017463684082,-26.183130264282227,identifier,ctElem
91.42143249511719,8.120158195495605,=,=
197.2493133544922,40.48265075683594,new,new
-57.029388427734375,29.476673126220703,identifier,Element
82.5676040649414,-134.41407775878906,(,(
-26.002700805664062,9.119664192199707,"""","""coordTransform"""
-39.71289825439453,162.128662109375,),)
-161.52651977539062,-33.037681579589844,;,;
-20.527475357055664,-25.615177154541016,identifier,ctElem
-15.527788162231445,-177.61209106445312,.,.
5.087118148803711,35.96944808959961,identifier,setAttribute
83.59870147705078,-132.31468200683594,(,(
-17.912199020385742,0.4986909031867981,"""","""name"""
-105.17152404785156,-129.19358825683594,",",","
-22.267578125,-27.32830238342285,identifier,ct
4.835653781890869,-174.82789611816406,.,.
-6.24907112121582,40.06667709350586,identifier,getName
64.88103485107422,-65.6331558227539,(,(
-19.70844841003418,148.99684143066406,),)
-56.214969635009766,158.51206970214844,),)
-159.2027587890625,-31.898561477661133,;,;
-20.58281135559082,-25.431209564208984,identifier,ctElem
-15.295145988464355,-177.35633850097656,.,.
5.128299713134766,36.00550842285156,identifier,setAttribute
83.53520202636719,-132.13983154296875,(,(
-18.968217849731445,1.9209668636322021,"""","""transformType"""
-105.40282440185547,-129.13877868652344,",",","
-22.284536361694336,-27.328392028808594,identifier,ct
4.856269836425781,-174.78204345703125,.,.
-10.897706031799316,29.601423263549805,identifier,getTransformType
66.9802017211914,-68.2119140625,(,(
-26.966384887695312,135.743408203125,),)
-20.955636978149414,-154.48448181152344,.,.
18.859865188598633,22.032846450805664,identifier,toString
66.50482177734375,-65.00981140136719,(,(
-17.573835372924805,148.48745727539062,),)
-57.35875701904297,159.69821166992188,),)
-189.39842224121094,-27.305931091308594,;,;
128.86221313476562,45.3834114074707,for,for
138.20529174804688,-89.72761535644531,(,(
-50.62031936645508,22.77361297607422,identifier,Parameter
-18.219390869140625,-14.684863090515137,identifier,param
-22.289743423461914,-27.348066329956055,identifier,ct
-0.9957292675971985,-186.963134765625,.,.
-12.286306381225586,31.129249572753906,identifier,getParameters
68.72671508789062,-65.11263275146484,(,(
-22.676973342895508,146.00698852539062,),)
-80.34579467773438,138.06768798828125,),)
168.30027770996094,-9.233403205871582,{,{
-56.78935623168945,28.28217887878418,identifier,Element
-18.968059539794922,-25.935279846191406,identifier,pElem
89.40155792236328,3.4907004833221436,=,=
196.52455139160156,43.72609329223633,new,new
-57.04739761352539,29.502090454101562,identifier,Element
82.5733413696289,-134.3921661376953,(,(
-17.055274963378906,1.2483397722244263,"""","""parameter"""
-39.52419662475586,163.0948944091797,),)
-160.302978515625,-28.43596649169922,;,;
-18.416799545288086,-25.194988250732422,identifier,pElem
-13.232383728027344,-176.10171508789062,.,.
5.129920959472656,36.04620361328125,identifier,setAttribute
83.33164978027344,-132.03123474121094,(,(
-16.672269821166992,0.8599926233291626,"""","""name"""
-105.7505874633789,-129.26028442382812,",",","
-18.193880081176758,-14.678065299987793,identifier,param
3.6161720752716064,-174.41549682617188,.,.
-6.251911640167236,40.38632583618164,identifier,getName
64.02810668945312,-66.50338745117188,(,(
-18.4316349029541,146.00445556640625,),)
-55.02286148071289,160.9547882080078,),)
-159.43321228027344,-27.97340965270996,;,;
-18.353788375854492,-25.130355834960938,identifier,pElem
-13.125628471374512,-175.79783630371094,.,.
5.169193744659424,36.0875129699707,identifier,setAttribute
83.28688049316406,-131.8352813720703,(,(
-16.343292236328125,0.9627091288566589,"""","""value"""
-105.92906951904297,-129.35877990722656,",",","
-18.189321517944336,-14.676131248474121,identifier,param
3.543316125869751,-174.26214599609375,.,.
-6.272087097167969,36.864112854003906,identifier,getStringValue
62.98720932006836,-70.65573120117188,(,(
-18.0954532623291,145.15167236328125,),)
-54.69850540161133,161.84095764160156,),)
-158.58065795898438,-26.57771873474121,;,;
-20.760730743408203,-24.87763214111328,identifier,ctElem
-8.721210479736328,-172.3247528076172,.,.
3.379629611968994,16.752376556396484,identifier,addContent
81.12477111816406,-119.19770050048828,(,(
-18.39850425720215,-25.36287498474121,identifier,pElem
-49.34417724609375,178.04493713378906,),)
-168.5203857421875,16.164443969726562,;,;
74.77285766601562,64.03395080566406,},}
70.54764556884766,162.51531982421875,return,return
-20.976350784301758,-24.529611587524414,identifier,ctElem
-180.92092895507812,16.598066329956055,;,;
107.87004089355469,117.05268859863281,},}
-35.900604248046875,33.62472915649414,identifier,visitRete
109.3207015991211,-45.47629928588867,(,(
-36.94218444824219,12.768471717834473,identifier,Rete
-64.2806396484375,-18.006406784057617,identifier,rete
-93.47968292236328,102.8254165649414,),)
176.45335388183594,-17.197542190551758,{,{
-4.912187099456787,-157.07821655273438,.,.
-25.541339874267578,-25.92252540588379,identifier,rootVertex
94.27293395996094,9.58010482788086,=,=
93.7858657836914,-102.17424011230469,(,(
-36.877803802490234,12.598198890686035,identifier,ReteVertex
-47.50428771972656,144.40953063964844,),)
-3.958998203277588,-158.41372680664062,.,.
-31.786365509033203,-3.1006267070770264,identifier,visitedNodes
-15.601085662841797,-181.99574279785156,.,.
4.222354412078857,29.106441497802734,identifier,get
72.01828002929688,-115.91108703613281,(,(
-17.743209838867188,-3.5970001220703125,identifier,dotId
84.72032165527344,-109.42765808105469,(,(
-64.34271240234375,-18.3461856842041,identifier,rete
-25.391672134399414,161.71484375,),)
-57.94750213623047,157.542724609375,),)
-187.2138214111328,-25.48925018310547,;,;
137.41407775878906,54.19418716430664,if,if
152.2350616455078,-104.21747589111328,(,(
-2.381256103515625,-158.66114807128906,.,.
-26.07636833190918,-25.60198402404785,identifier,rootVertex
47.21411895751953,101.54180145263672,==,==
-72.3069839477539,125.69786071777344,),)
166.8940887451172,-5.669295787811279,{,{
-5.112254619598389,-157.3201446533203,.,.
-25.61798095703125,-25.63541603088379,identifier,rootVertex
89.59557342529297,4.111582279205322,=,=
195.4408416748047,42.54888153076172,new,new
-36.847747802734375,12.511096000671387,identifier,ReteVertex
91.5831298828125,-112.9166488647461,(,(
-64.37471008300781,-18.518495559692383,identifier,rete
-41.85600662231445,182.5405731201172,),)
-161.41424560546875,-31.501569747924805,;,;
-4.067973613739014,-160.51644897460938,.,.
-31.783756256103516,-3.112339735031128,identifier,visitedNodes
-13.769449234008789,-179.64691162109375,.,.
8.705283164978027,21.08968162536621,identifier,put
83.00633239746094,-124.9049301147461,(,(
-17.740095138549805,-3.597571849822998,identifier,dotId
84.54322814941406,-109.6828842163086,(,(
-64.38079071044922,-18.566131591796875,identifier,rete
-29.4786376953125,167.72242736816406,),)
-107.89459228515625,-124.34049224853516,",",","
-2.953580141067505,-160.59007263183594,.,.
-26.37542724609375,-25.383390426635742,identifier,rootVertex
-40.38602828979492,179.35821533203125,),)
-160.43292236328125,12.352713584899902,;,;
68.22428131103516,62.33974838256836,},}
-5.9063401222229,-158.66433715820312,.,.
-33.33000946044922,3.9659056663513184,identifier,graph
-17.1134090423584,-176.43861389160156,.,.
-2.9710404872894287,16.84882354736328,identifier,addChild
77.07054138183594,-119.45917510986328,(,(
-3.068608522415161,-160.24075317382812,.,.
-26.341398239135742,-25.358858108520508,identifier,rootVertex
-42.56104278564453,180.28636169433594,),)
-152.9520263671875,-31.408016204833984,;,;
-6.073068141937256,-157.8766326904297,.,.
-25.24864387512207,-25.280275344848633,identifier,parentVertex
92.44088745117188,-2.604281425476074,=,=
-4.573733806610107,-160.19654846191406,.,.
-26.27593421936035,-25.26321029663086,identifier,rootVertex
-181.32725524902344,-30.62554359436035,;,;
129.12547302246094,46.44947814941406,for,for
137.45840454101562,-88.75486755371094,(,(
-17.589515686035156,27.17792510986328,identifier,EntryPointNode
-14.562713623046875,-8.836454391479492,identifier,node
-64.4557876586914,-18.907243728637695,identifier,rete
-2.923926591873169,-185.1907501220703,.,.
-17.477006912231445,27.232662200927734,identifier,getEntryPointNodes
66.41622924804688,-70.32076263427734,(,(
-26.21142578125,136.215087890625,),)
-19.316389083862305,-155.28323364257812,.,.
-5.338809013366699,-2.3318772315979004,identifier,values
64.71244812011719,-70.51393127441406,(,(
-20.566816329956055,144.2346649169922,),)
-78.51873779296875,134.3315887451172,),)
159.3450469970703,-1.9806253910064697,{,{
-12.870630264282227,13.242891311645508,identifier,visit
79.92407989501953,-120.20246124267578,(,(
-14.556825637817383,-8.827861785888672,identifier,node
-52.53192138671875,178.11985778808594,),)
-171.58465576171875,19.809894561767578,;,;
91.73011016845703,70.2708969116211,},}
118.60718536376953,116.25917053222656,},}
-29.302011489868164,61.495635986328125,identifier,Map
22.8602294921875,77.52459716796875,<,<
-86.34004974365234,45.001312255859375,identifier,String
-95.31796264648438,-109.98413848876953,",",","
-57.29872131347656,20.514659881591797,identifier,FieldAccess
46.623985290527344,125.99528503417969,>,>
-33.04692459106445,31.269357681274414,identifier,getPropertyFieldAccessMapFieldFirst
113.7453384399414,-49.163551330566406,(,(
-66.4140853881836,35.894493103027344,identifier,Class
21.90816879272461,80.8414306640625,<,<
41.800025939941406,126.95204162597656,>,>
-17.485109329223633,-60.55722427368164,identifier,clazz
-94.96452331542969,100.7496337890625,),)
176.2228240966797,-19.533828735351562,{,{
-27.79841423034668,63.15737533569336,identifier,Map
25.1766357421875,79.26651000976562,<,<
-87.3220443725586,42.94978713989258,identifier,String
-95.08869934082031,-111.4921875,",",","
-57.61247634887695,20.388080596923828,identifier,FieldAccess
45.678314208984375,123.55699157714844,>,>
-30.284530639648438,-19.187448501586914,identifier,combinedFieldsFieldFirst
93.6676025390625,5.7134504318237305,=,=
-15.425395011901855,28.567293167114258,identifier,getCombinedFieldsFieldFirst
89.31517028808594,-110.06602478027344,(,(
-16.604843139648438,-59.78995895385742,identifier,clazz
-39.606712341308594,186.2770538330078,),)
-186.29637145996094,-26.479249954223633,;,;
140.1523895263672,54.378684997558594,if,if
153.3434295654297,-102.49777221679688,(,(
-30.379940032958984,-18.64301872253418,identifier,combinedFieldsFieldFirst
54.547752380371094,104.04490661621094,!=,!=
-71.47280883789062,127.2437744140625,),)
155.26806640625,3.135188102722168,{,{
75.44456481933594,153.9573516845703,return,return
-30.245010375976562,-18.552898406982422,identifier,combinedFieldsFieldFirst
-171.39102172851562,4.774885177612305,;,;
80.09231567382812,54.582305908203125,},}
86.2951889038086,44.896541595458984,else,else
161.0630340576172,-10.537798881530762,{,{
-27.818178176879883,63.46549606323242,identifier,Map
25.652149200439453,79.62344360351562,<,<
-87.39835357666016,42.4826774597168,identifier,String
-95.06278228759766,-111.96642303466797,",",","
-57.726497650146484,20.337223052978516,identifier,FieldAccess
45.09103775024414,123.1626205444336,>,>
-31.558433532714844,-20.26254653930664,identifier,fieldsFallbacks
84.72477722167969,4.82098913192749,=,=
-165.8387451171875,-39.81160354614258,;,;
-28.042278289794922,63.656246185302734,identifier,Map
25.84748077392578,79.87602233886719,<,<
-87.70740509033203,42.35493850708008,identifier,String
-95.10609436035156,-112.08634185791016,",",","
-57.7674560546875,20.324234008789062,identifier,FieldAccess
44.96794891357422,123.03309631347656,>,>
-29.882152557373047,-21.074316024780273,identifier,fieldsPrimary
84.36492156982422,4.488429069519043,=,=
-166.0726318359375,-39.73640441894531,;,;
-29.88705825805664,-21.091838836669922,identifier,fieldsPrimary
93.88851928710938,-4.414764881134033,=,=
-31.570898056030273,10.558703422546387,identifier,Reflection
-19.975391387939453,-188.2231903076172,.,.
-12.840474128723145,28.8305721282959,identifier,getAllAccessorFields
88.19147491455078,-114.00527954101562,(,(
-16.38493537902832,-59.51899719238281,identifier,clazz
-94.17521667480469,-125.37416076660156,",",","
-40.919315338134766,169.23634338378906,),)
-157.84344482421875,-31.50538444519043,;,;
-31.59667205810547,-20.274988174438477,identifier,fieldsFallbacks
93.71414947509766,-4.408302307128906,=,=
-31.5759220123291,10.556339263916016,identifier,Reflection
-19.997230529785156,-188.2221221923828,.,.
-12.821582794189453,28.5704345703125,identifier,getPropertyFieldAccessors
87.8450698852539,-114.08577728271484,(,(
-16.240224838256836,-59.57224655151367,identifier,clazz
-41.72238540649414,184.08042907714844,),)
-157.5712432861328,-31.004390716552734,;,;
-12.312952995300293,17.007396697998047,identifier,combineFieldMaps
88.11991882324219,-114.74665832519531,(,(
-31.754514694213867,-20.337196350097656,identifier,fieldsFallbacks
-98.81121826171875,-123.4258041381836,",",","
-29.526655197143555,-21.098602294921875,identifier,fieldsPrimary
-43.01131820678711,178.44479370117188,),)
-157.5284881591797,-31.36146354675293,;,;
-29.709999084472656,-18.948360443115234,identifier,combinedFieldsFieldFirst
91.6253890991211,-3.4300339221954346,=,=
-29.416658401489258,-21.130388259887695,identifier,fieldsPrimary
-163.4635772705078,-24.610458374023438,;,;
-12.087176322937012,16.93329620361328,identifier,putCombinedFieldsFieldFirst
89.03228759765625,-117.2396240234375,(,(
-15.975293159484863,-59.34672927856445,identifier,clazz
-98.83251953125,-125.48516082763672,",",","
-29.629417419433594,-18.51803970336914,identifier,combinedFieldsFieldFirst
-45.374176025390625,177.5712890625,),)
-149.3890838623047,-24.790634155273438,;,;
71.67008209228516,160.3202667236328,return,return
-29.5064754486084,-18.436508178710938,identifier,combinedFieldsFieldFirst
-179.91854858398438,17.756147384643555,;,;
92.60508728027344,71.6983871459961,},}
121.00106811523438,114.49888610839844,},}
-34.435089111328125,31.626094818115234,identifier,systemJarInWebinf
115.07037353515625,-47.87192153930664,(,(
-80.47705841064453,43.87890625,identifier,String
-48.36525344848633,-44.07424545288086,identifier,path
-92.36997985839844,100.28680419921875,),)
180.61569213867188,-13.869318008422852,{,{
149.00857543945312,59.65385818481445,if,if
156.38497924804688,-101.74607849121094,(,(
-49.097618103027344,-44.96857452392578,identifier,path
2.9871068000793457,-188.11932373046875,.,.
16.5335750579834,14.670053482055664,identifier,indexOf
76.52470397949219,-131.2777557373047,(,(
-22.614124298095703,8.282294273376465,"""","""/WEB-INF/"""
-32.7794189453125,156.7303924560547,),)
30.223962783813477,85.693115234375,<,<
-69.531982421875,128.46046447753906,),)
156.6460418701172,4.506854057312012,{,{
77.5733871459961,155.20700073242188,return,return
-170.2792205810547,6.029245853424072,;,;
67.23583221435547,58.825157165527344,},}
-73.8184814453125,33.14310836791992,identifier,Boolean
-35.87889862060547,-24.52867317199707,identifier,useMyFaces
94.9596939086914,10.249940872192383,=,=
93.78424835205078,-102.56220245361328,(,(
-73.79396057128906,33.13872146606445,identifier,Boolean
-47.37589645385742,144.29342651367188,),)
-26.899778366088867,13.744550704956055,identifier,ctxt
-15.530858993530273,-192.87570190429688,.,.
-14.501836776733398,36.25518798828125,identifier,getServletContext
76.2665786743164,-67.02814483642578,(,(
-29.121318817138672,133.94654846191406,),)
-22.777618408203125,-155.04867553710938,.,.
3.268587350845337,35.69227600097656,identifier,getAttribute
80.60867309570312,-135.10694885253906,(,(
-23.423072814941406,8.568277359008789,"""","""com.sun.faces.useMyFaces"""
-40.99557113647461,161.5302734375,),)
-186.7010498046875,-24.267414093017578,;,;
136.92652893066406,55.67229080200195,if,if
150.62728881835938,-100.57367706298828,(,(
-36.30816650390625,-24.35508918762207,identifier,useMyFaces
46.653194427490234,100.2891845703125,==,==
-36.35392761230469,-24.339441299438477,identifier,useMyFaces
-77.03878784179688,123.34423065185547,),)
175.06236267089844,-8.933043479919434,{,{
128.97377014160156,43.985843658447266,for,for
139.0882568359375,-89.15774536132812,(,(
-83.84976959228516,40.64561080932617,identifier,String
-75.77123260498047,-31.11760139465332,identifier,jar
-25.17326545715332,-3.0124058723449707,identifier,systemJsfJars
-77.72892761230469,123.6382064819336,),)
175.69740295410156,-7.547116279602051,{,{
143.78346252441406,60.76948928833008,if,if
148.14938354492188,-93.57186126708984,(,(
-49.3297233581543,-45.23912811279297,identifier,path
6.416965007781982,-181.09703063964844,.,.
16.705812454223633,14.537873268127441,identifier,indexOf
79.04827880859375,-113.17040252685547,(,(
-75.6841049194336,-31.183673858642578,identifier,jar
-24.48800277709961,167.26429748535156,),)
45.036338806152344,116.03154754638672,>,>
-76.77379608154297,130.5918426513672,),)
157.91197204589844,0.8832606077194214,{,{
75.88311004638672,156.39158630371094,return,return
-172.8988800048828,8.89747142791748,;,;
89.21773529052734,65.05245208740234,},}
85.1087417602539,66.70357513427734,},}
74.8543701171875,57.973060607910156,},}
127.10182189941406,46.65964889526367,for,for
139.67347717285156,-90.81603240966797,(,(
-83.92401885986328,40.73032760620117,identifier,String
-75.74749755859375,-31.13556480407715,identifier,jar
-25.11369514465332,-3.0434930324554443,identifier,systemJars
-78.21250915527344,124.21753692626953,),)
176.21133422851562,-6.8462910652160645,{,{
143.3385467529297,60.758724212646484,if,if
147.8910369873047,-93.46466064453125,(,(
-49.43962097167969,-45.36943054199219,identifier,path
6.580631732940674,-180.9912567138672,.,.
16.7996883392334,14.445850372314453,identifier,indexOf
78.84166717529297,-113.296142578125,(,(
-75.66878509521484,-31.195589065551758,identifier,jar
-24.49183464050293,167.1951446533203,),)
44.940528869628906,116.11588287353516,>,>
-77.06330871582031,130.5153350830078,),)
157.8443145751953,-0.055140137672424316,{,{
75.39138793945312,156.94992065429688,return,return
-173.70199584960938,10.533210754394531,;,;
90.6250991821289,66.87147521972656,},}
76.70316314697266,65.86652374267578,},}
71.33463287353516,165.81617736816406,return,return
-178.30531311035156,16.370969772338867,;,;
110.41436767578125,118.63155364990234,},}
-32.78288650512695,28.339488983154297,identifier,desDecrypt
111.6312484741211,-49.3274040222168,(,(
-42.67143249511719,-7.619704246520996,identifier,rawKeyData
-98.5478286743164,-95.19761657714844,",",","
-3.5354578495025635,-27.604595184326172,identifier,encryptedData
-96.66571044921875,107.18949890136719,),)
-31.913827896118164,20.79885482788086,identifier,IllegalBlockSizeException
-101.36305236816406,-105.76930236816406,",",","
-31.773502349853516,20.381071090698242,identifier,BadPaddingException
-101.14845275878906,-105.76290893554688,",",","
-30.843252182006836,21.52735710144043,identifier,InvalidKeyException
-101.10279846191406,-105.60979461669922,",",","
-30.86457061767578,21.507997512817383,identifier,NoSuchAlgorithmException
-101.10472106933594,-105.39846801757812,",",","
-31.844709396362305,20.401432037353516,identifier,NoSuchPaddingException
-101.718505859375,-104.83718872070312,",",","
-32.29880142211914,20.166627883911133,identifier,InvalidKeySpecException
182.28964233398438,-22.052032470703125,{,{
-33.57474899291992,17.098068237304688,identifier,SecureRandom
-1.1877549886703491,-16.8306884765625,identifier,sr
88.30664825439453,7.855561256408691,=,=
197.1414794921875,41.483280181884766,new,new
-33.382686614990234,17.048809051513672,identifier,SecureRandom
78.03629302978516,-61.08416748046875,(,(
-17.54364013671875,122.0189208984375,),)
-158.9380340576172,-36.97630310058594,;,;
-38.912689208984375,13.212620735168457,identifier,DESKeySpec
-21.097902297973633,-33.60399627685547,identifier,dks
88.14961242675781,7.092925071716309,=,=
195.2940673828125,41.018619537353516,new,new
-38.86565399169922,13.1738862991333,identifier,DESKeySpec
91.5351791381836,-112.5876693725586,(,(
-42.648990631103516,-7.6454548835754395,identifier,rawKeyData
-40.248390197753906,182.5731201171875,),)
-158.6048583984375,-37.12282180786133,;,;
-42.162391662597656,13.041247367858887,identifier,SecretKeyFactory
-45.60629653930664,-21.014726638793945,identifier,keyFactory
96.80402374267578,-1.1674385070800781,=,=
-42.03498458862305,12.94147777557373,identifier,SecretKeyFactory
-16.812793731689453,-186.19493103027344,.,.
-8.419435501098633,24.933795928955078,identifier,getInstance
80.47265625,-134.32550048828125,(,(
-15.034136772155762,2.046732187271118,"""","""DES"""
-39.951988220214844,163.24221801757812,),)
-158.27537536621094,-37.17222213745117,;,;
-42.40400314331055,13.14439582824707,identifier,SecretKey
-46.538124084472656,-21.849061965942383,identifier,key
95.85004425048828,-1.8463990688323975,=,=
-45.59922790527344,-20.761503219604492,identifier,keyFactory
-16.506881713867188,-185.97816467285156,.,.
-18.4804744720459,14.071996688842773,identifier,generateSecret
86.9722671508789,-113.0372085571289,(,(
-21.1318416595459,-33.534767150878906,identifier,dks
-41.02743148803711,183.04258728027344,),)
-155.9158172607422,-38.44309997558594,;,;
5.841150283813477,-14.367398262023926,identifier,Cipher
5.586061000823975,-15.46043872833252,identifier,cipher
96.74625396728516,-1.452405333518982,=,=
5.822861194610596,-14.392746925354004,identifier,Cipher
-17.046268463134766,-186.06161499023438,.,.
-8.44102954864502,24.871902465820312,identifier,getInstance
80.4970932006836,-134.24815368652344,(,(
-15.092371940612793,2.0319340229034424,"""","""DES"""
-39.86944580078125,163.37335205078125,),)
-161.1726531982422,-29.612279891967773,;,;
5.569258213043213,-15.444921493530273,identifier,cipher
-15.748804092407227,-174.88975524902344,.,.
-17.368980407714844,15.834568977355957,identifier,init
88.04571533203125,-125.54634857177734,(,(
5.82903528213501,-14.353975296020508,identifier,Cipher
12.466936111450195,-170.6950225830078,.,.
-24.36347770690918,2.395230293273926,identifier,DECRYPT_MODE
-104.08037567138672,-124.94105529785156,",",","
-47.07685470581055,-22.890689849853516,identifier,key
-101.01763916015625,-123.40731811523438,",",","
-1.188452124595642,-16.825923919677734,identifier,sr
-48.41958999633789,181.6414794921875,),)
-157.3091583251953,-37.302894592285156,;,;
-2.6733503341674805,-27.970788955688477,identifier,decryptedData
91.73756408691406,-8.71339225769043,=,=
5.558736324310303,-15.457737922668457,identifier,cipher
-7.2355756759643555,-170.85874938964844,.,.
-13.942479133605957,11.709775924682617,identifier,doFinal
82.04264831542969,-118.8620834350586,(,(
-3.227663516998291,-27.7224063873291,identifier,encryptedData
-48.33279800415039,178.35252380371094,),)
-149.7635498046875,-24.337116241455078,;,;
71.22731018066406,160.5906219482422,return,return
-2.6808624267578125,-27.88202667236328,identifier,decryptedData
-181.2458953857422,17.19671630859375,;,;
106.23863983154297,118.41954803466797,},}
-83.74117279052734,47.163124084472656,identifier,String
-24.289791107177734,31.989469528198242,identifier,split
111.61066436767578,-50.25558090209961,(,(
-78.9349365234375,44.619903564453125,identifier,String
-38.211578369140625,-7.386023044586182,identifier,toSplit
-97.81845092773438,-97.88272857666016,",",","
-79.5924072265625,42.356571197509766,identifier,String
-60.540802001953125,-21.840726852416992,identifier,delimiter
-95.07066345214844,100.2503433227539,),)
175.62791442871094,-18.74040412902832,{,{
21.90329360961914,42.44550323486328,identifier,Assert
-21.73234748840332,-177.99935913085938,.,.
-59.746376037597656,8.687235832214355,identifier,hasLength
95.02967834472656,-126.90816497802734,(,(
-38.04051208496094,-7.347607612609863,identifier,toSplit
-90.92981719970703,-127.31324768066406,",",","
-20.124448776245117,6.695300579071045,"""","""Cannot split a null or empty string"""
-42.072479248046875,161.9936065673828,),)
-157.02696228027344,-34.4447021484375,;,;
21.91707420349121,42.44443893432617,identifier,Assert
-20.768047332763672,-177.33168029785156,.,.
-59.74698257446289,8.68503189086914,identifier,hasLength
94.97454071044922,-126.85127258300781,(,(
-60.513824462890625,-21.885395050048828,identifier,delimiter
-90.95985412597656,-127.71448516845703,",",","
-19.78853988647461,6.412818908691406,"""","""Cannot use a null or empty delimiter to split a string"""
-42.219207763671875,161.5204620361328,),)
-187.00123596191406,-23.719329833984375,;,;
137.00953674316406,55.243316650390625,if,if
151.86776733398438,-99.55779266357422,(,(
-60.50246810913086,-21.895748138427734,identifier,delimiter
6.397668838500977,-186.12164306640625,.,.
-51.25578689575195,-72.99191284179688,identifier,length
65.83959197998047,-60.402557373046875,(,(
-28.551504135131836,142.11489868164062,),)
53.62008285522461,105.22559356689453,!=,!=
-71.5567398071289,129.4174346923828,),)
153.5982666015625,1.0922389030456543,{,{
190.55538940429688,46.911468505859375,new,new
-36.15621566772461,52.89052200317383,identifier,IllegalArgumentException
85.8863525390625,-136.1454620361328,(,(
-19.865604400634766,7.813940525054932,"""","""Delimiter can only be one character in length"""
-42.527793884277344,162.74630737304688,),)
-159.68206787109375,11.785377502441406,;,;
67.7192153930664,59.79621505737305,},}
-56.96533966064453,-44.610496520996094,identifier,offset
99.98989868164062,0.5619255304336548,=,=
-37.157020568847656,-7.098824501037598,identifier,toSplit
-12.623339653015137,-187.81768798828125,.,.
16.390363693237305,14.87399673461914,identifier,indexOf
84.62198638916016,-112.54676818847656,(,(
-60.514774322509766,-21.882177352905273,identifier,delimiter
-41.151634216308594,185.64488220214844,),)
-183.93052673339844,-25.002864837646484,;,;
138.3623809814453,57.15747833251953,if,if
148.2254638671875,-101.18704223632812,(,(
-56.517967224121094,-44.370330810546875,identifier,offset
30.028179168701172,86.98757934570312,<,<
-73.22071838378906,128.91856384277344,),)
156.6197509765625,1.9297529458999634,{,{
76.3975830078125,154.98587036132812,return,return
-171.4083251953125,7.522521495819092,;,;
68.6999740600586,59.49532699584961,},}
-84.09432983398438,37.16703414916992,identifier,String
-25.83013343811035,-18.06829071044922,identifier,beforeDelimiter
95.6819839477539,-1.052344799041748,=,=
-37.09878921508789,-7.078145980834961,identifier,toSplit
-10.20596981048584,-186.16270446777344,.,.
19.589885711669922,10.736512184143066,identifier,substring
72.12335205078125,-128.33816528320312,(,(
-100.48056030273438,-131.0756378173828,",",","
-56.45271301269531,-44.347042083740234,identifier,offset
-45.38197708129883,181.2172393798828,),)
-156.2707977294922,-37.17900848388672,;,;
-84.37503814697266,37.76063537597656,identifier,String
-25.785877227783203,-18.054214477539062,identifier,afterDelimiter
92.62401580810547,-3.569983959197998,=,=
-37.020103454589844,-7.055378437042236,identifier,toSplit
-9.964512825012207,-185.9694366455078,.,.
19.218814849853516,10.486735343933105,identifier,substring
76.83509063720703,-122.50018310546875,(,(
-56.404170989990234,-44.32105255126953,identifier,offset
7.011466026306152,-81.66783905029297,+,+
-44.101036071777344,171.5132293701172,),)
-150.996826171875,-25.76663589477539,;,;
73.48137664794922,159.89749145507812,return,return
194.2423858642578,46.186546325683594,new,new
-87.39568328857422,39.38579559326172,identifier,String
163.4315643310547,2.2362332344055176,{,{
-25.591093063354492,-18.033740997314453,identifier,beforeDelimiter
-100.67510986328125,-128.1441650390625,",",","
-25.576526641845703,-18.03348159790039,identifier,afterDelimiter
83.54000854492188,63.45370101928711,},}
-177.03302001953125,20.797779083251953,;,;
108.52165222167969,117.927734375,},}
-36.11955261230469,32.707366943359375,identifier,annotationEquals
112.80941772460938,-48.457176208496094,(,(
-66.45455932617188,36.027339935302734,identifier,Class
21.435327529907227,80.57011413574219,<,<
-49.014076232910156,33.62910079956055,identifier,Annotation
43.574195861816406,127.5592269897461,>,>
-54.00538635253906,-9.843062400817871,identifier,type
-94.60829162597656,-99.91737365722656,",",","
-29.618663787841797,63.0059928894043,identifier,Map
23.769193649291992,78.89635467529297,<,<
-86.35186004638672,44.0767707824707,identifier,String
-94.24066925048828,-109.07317352294922,",",","
-83.3773193359375,27.396137237548828,identifier,Object
43.79643249511719,126.28443908691406,>,>
-45.087730407714844,-6.02313756942749,identifier,members
-99.66478729248047,-101.06092834472656,",",","
-82.39822387695312,27.93271255493164,identifier,Object
-68.08800506591797,-15.468646049499512,identifier,other
-97.57762145996094,105.36038970947266,),)
-46.61995315551758,50.36701965332031,identifier,Exception
183.17913818359375,-16.569242477416992,{,{
148.0059356689453,59.61566925048828,if,if
156.9805145263672,-96.8890609741211,(,(
-54.15179443359375,-11.416017532348633,identifier,type
2.075634717941284,-187.62843322753906,.,.
-4.309473514556885,21.046884536743164,identifier,isInstance
81.25406646728516,-110.69371032714844,(,(
-68.08943176269531,-15.491292953491211,identifier,other
-26.49553871154785,161.60101318359375,),)
-76.3794937133789,137.95335388183594,),)
156.80722045898438,4.058691501617432,{,{
77.5351791381836,155.397216796875,return,return
-170.43759155273438,6.079253196716309,;,;
72.70416259765625,54.59051513671875,},}
127.67301940917969,45.66041946411133,for,for
138.46861267089844,-90.2345199584961,(,(
-52.654052734375,21.2752628326416,identifier,Method
-20.837196350097656,-15.981058120727539,identifier,method
-54.13618850708008,-11.352909088134766,identifier,type
0.1987553983926773,-186.5938720703125,.,.
-13.671316146850586,29.935123443603516,identifier,getDeclaredMethods
69.11058044433594,-64.68047332763672,(,(
-22.90278434753418,146.3865203857422,),)
-80.0969009399414,138.4972381591797,),)
169.05935668945312,-9.523954391479492,{,{
-82.13389587402344,37.874847412109375,identifier,String
-49.03911209106445,-38.45887756347656,identifier,name
93.29437255859375,-0.4658678472042084,=,=
-20.500486373901367,-15.58653450012207,identifier,method
-9.490510940551758,-190.26670837402344,.,.
-5.913504600524902,39.52185821533203,identifier,getName
71.68897247314453,-67.46668243408203,(,(
-17.64967155456543,128.43568420410156,),)
-182.52821350097656,-24.96120834350586,;,;
138.22195434570312,59.30557632446289,if,if
154.26927185058594,-94.91757202148438,(,(
-2.4274375438690186,-2.474353075027466,identifier,Arrays
-1.9918756484985352,-169.78488159179688,.,.
-7.7313737869262695,9.790002822875977,identifier,deepEquals
89.8327865600586,-122.15047454833984,(,(
196.73526000976562,46.341766357421875,new,new
-81.65204620361328,25.148746490478516,identifier,Object
164.1565704345703,2.0843043327331543,{,{
-20.496675491333008,-15.597908973693848,identifier,method
-1.0151540040969849,-173.63560485839844,.,.
-11.413938522338867,8.203914642333984,identifier,invoke
78.69625091552734,-114.98566436767578,(,(
-68.09015655517578,-15.497186660766602,identifier,other
-28.180706024169922,165.92013549804688,),)
82.47459411621094,60.69416809082031,},}
-106.5759506225586,-124.74526977539062,",",","
196.97056579589844,47.57994079589844,new,new
-81.65052795410156,25.075361251831055,identifier,Object
164.10629272460938,2.1001696586608887,{,{
-23.181026458740234,-13.9165620803833,identifier,members
-0.9433959722518921,-173.5550537109375,.,.
5.061460494995117,27.489280700683594,identifier,get
74.53314208984375,-115.3108901977539,(,(
-52.7474250793457,-37.8687858581543,identifier,name
-27.951213836669922,165.4621124267578,),)
83.11215209960938,64.75090026855469,},}
-49.188499450683594,159.6959991455078,),)
-77.81442260742188,133.73858642578125,),)
157.5680694580078,-0.9958364963531494,{,{
75.40965270996094,157.24217224121094,return,return
-173.74729919433594,10.8587646484375,;,;
90.38574981689453,66.55599975585938,},}
76.85379791259766,65.60726165771484,},}
71.18670654296875,165.4539794921875,return,return
-178.3745880126953,16.1417236328125,;,;
110.90571594238281,117.12535858154297,},}
-36.90073013305664,34.027530670166016,identifier,continueTx
109.24347686767578,-46.43537521362305,(,(
-41.31412887573242,19.15011215209961,identifier,JtxTransaction
-39.762577056884766,-13.92263412475586,identifier,sourceTx
-100.15357971191406,-97.90926361083984,",",","
-41.325164794921875,18.972640991210938,identifier,JtxTransactionMode
-39.23155212402344,-16.386281967163086,identifier,destMode
-95.44844055175781,101.83625030517578,),)
179.96023559570312,-13.705059051513672,{,{
148.90811157226562,58.77267837524414,if,if
157.25808715820312,-96.76123046875,(,(
-21.46687889099121,14.467065811157227,identifier,validateExistingTransaction
-70.85498046875,122.54531860351562,),)
156.27500915527344,5.142569541931152,{,{
78.74224090576172,153.66912841796875,return,return
-175.18515014648438,3.963412284851074,;,;
68.36750030517578,58.3437614440918,},}
-41.43273162841797,18.53594207763672,identifier,JtxTransactionMode
-38.53462219238281,-15.445229530334473,identifier,sourceMode
97.55960083007812,1.8445230722427368,=,=
-39.67976760864258,-14.177581787109375,identifier,sourceTx
-14.85379695892334,-190.8516845703125,.,.
-7.6746416091918945,30.91088104248047,identifier,getTransactionMode
75.0988540649414,-63.29120635986328,(,(
-18.491668701171875,124.57512664794922,),)
-155.0518798828125,-40.839534759521484,;,;
-41.39406204223633,18.026649475097656,identifier,JtxIsolationLevel
-37.748233795166016,-18.280311584472656,identifier,destIsolationLevel
96.91006469726562,0.6728896498680115,=,=
-39.424774169921875,-16.064857482910156,identifier,destMode
-13.424639701843262,-190.25360107421875,.,.
-18.736324310302734,34.9549560546875,identifier,getIsolationLevel
74.58541107177734,-63.43537139892578,(,(
-17.480316162109375,125.69674682617188,),)
-184.58778381347656,-25.938030242919922,;,;
137.6601104736328,55.829627990722656,if,if
150.43667602539062,-100.3056411743164,(,(
-38.46339416503906,-18.40276527404785,identifier,destIsolationLevel
55.94095230102539,106.44597625732422,!=,!=
-27.549110412597656,3.979386806488037,identifier,ISOLATION_DEFAULT
-72.59851837158203,124.07271575927734,),)
167.96368408203125,-7.19318151473999,{,{
-41.39393615722656,17.98048210144043,identifier,JtxIsolationLevel
-37.55671691894531,-18.54224967956543,identifier,currentIsolationLevel
96.52022552490234,0.7569636702537537,=,=
-39.22382736206055,-15.224432945251465,identifier,sourceMode
-13.310277938842773,-190.18800354003906,.,.
-18.737150192260742,34.95840072631836,identifier,getIsolationLevel
74.4597396850586,-63.53215026855469,(,(
-17.258285522460938,126.28630828857422,),)
-183.80369567871094,-25.58088493347168,;,;
137.8558807373047,57.04183578491211,if,if
149.6626739501953,-99.71855163574219,(,(
-38.26787185668945,-18.878623962402344,identifier,currentIsolationLevel
56.34264373779297,106.26214599609375,!=,!=
-38.57146072387695,-18.397563934326172,identifier,destIsolationLevel
-76.14553833007812,123.33072662353516,),)
153.81484985351562,0.8029634356498718,{,{
191.49984741210938,45.63075637817383,new,new
-28.57040023803711,18.60053253173828,identifier,JtxException
87.4994125366211,-136.84552001953125,(,(
-20.57447624206543,9.226300239562988,"""","""Participating TX specifies isolation level: """
16.431577682495117,-77.86389923095703,+,+
-38.781280517578125,-18.491397857666016,identifier,destIsolationLevel
10.943106651306152,-82.02485656738281,+,+
-18.925273895263672,8.522787094116211,"""",""" which is incompatible with existing TX: """
17.11586570739746,-76.40877532958984,+,+
-38.65287399291992,-19.22686767578125,identifier,currentIsolationLevel
-38.38275146484375,178.8813934326172,),)
-158.27572631835938,10.846333503723145,;,;
87.47860717773438,64.93721771240234,},}
75.05036926269531,57.322879791259766,},}
129.6131591796875,57.95753860473633,if,if
155.26486206054688,-93.12983703613281,(,(
90.26216888427734,-102.14835357666016,(,(
-39.50936508178711,-16.055858612060547,identifier,destMode
1.9072628021240234,-182.0882568359375,.,.
-4.699139595031738,23.591655731201172,identifier,isReadOnly
64.24620819091797,-64.24838256835938,(,(
-20.69510841369629,146.09959411621094,),)
-52.007049560546875,156.68482971191406,),)
89.89310455322266,-103.94319152832031,(,(
-39.24277114868164,-15.316096305847168,identifier,sourceMode
1.9986276626586914,-181.89364624023438,.,.
-4.7002973556518555,23.589921951293945,identifier,isReadOnly
64.14932250976562,-64.4786148071289,(,(
-20.021196365356445,146.15455627441406,),)
-49.81816864013672,157.27227783203125,),)
-79.9090347290039,135.59104919433594,),)
154.3963623046875,-0.4918982684612274,{,{
192.2860565185547,46.82402038574219,new,new
-28.571977615356445,18.64536476135254,identifier,JtxException
87.67852020263672,-136.37603759765625,(,(
-17.765262603759766,8.414722442626953,"""","""Participating TX is not marked as read-only, but existing TX is"""
-45.802337646484375,164.38758850097656,),)
-171.894775390625,21.569902420043945,;,;
92.12034606933594,71.1125259399414,},}
119.94387817382812,115.80496978759766,},}
-40.58000946044922,24.594680786132812,identifier,OServerUserConfiguration
-30.126272201538086,33.30892562866211,identifier,getUser
109.7520980834961,-44.30973434448242,(,(
-82.17406463623047,44.32341766357422,identifier,String
-70.3587646484375,-20.054786682128906,identifier,username
-93.49275207519531,100.456787109375,),)
176.21621704101562,-22.06959342956543,{,{
-41.34947967529297,23.057838439941406,identifier,OServerUserConfiguration
-23.182220458984375,-23.514896392822266,identifier,userCfg
83.13969421386719,6.77308464050293,=,=
-182.3468780517578,-33.56952667236328,;,;
158.44883728027344,-16.864208221435547,{,{
147.06678771972656,58.92670822143555,if,if
157.75575256347656,-102.35643768310547,(,(
-15.709732055664062,41.88970184326172,identifier,getServer
70.08468627929688,-61.457435607910156,(,(
-27.58211326599121,143.70106506347656,),)
54.23520278930664,102.60460662841797,!=,!=
-71.23773193359375,125.75061798095703,),)
167.85491943359375,-6.424178123474121,{,{
-42.04951477050781,22.88878631591797,identifier,OUser
-31.71626091003418,-36.592864990234375,identifier,user
95.32051086425781,3.2118048667907715,=,=
-15.708821296691895,41.88222885131836,identifier,getServer
75.30436706542969,-68.02870178222656,(,(
-28.108840942382812,133.55726623535156,),)
-23.998598098754883,-155.15985107421875,.,.
-7.946266174316406,32.298255920410156,identifier,getSecurity
75.93115997314453,-67.94818115234375,(,(
-28.11956787109375,133.39585876464844,),)
-23.092239379882812,-155.33963012695312,.,.
-9.309818267822266,31.689573287963867,identifier,getSystemUser
88.10820007324219,-112.87232971191406,(,(
-70.6714859008789,-21.179691314697266,identifier,username
-94.52613830566406,-125.1455078125,",",","
-41.52363967895508,169.75506591796875,),)
-185.27024841308594,-23.524202346801758,;,;
137.74476623535156,58.455284118652344,if,if
148.6611328125,-99.45914459228516,(,(
-31.55400848388672,-36.59214401245117,identifier,user
55.74613952636719,104.23123931884766,!=,!=
-31.496614456176758,-36.590736389160156,identifier,user
1.3477380275726318,-186.02647399902344,.,.
-7.527950286865234,32.46238327026367,identifier,getAccountStatus
67.0719985961914,-68.84537506103516,(,(
-26.385913848876953,140.20663452148438,),)
44.40310287475586,96.95155334472656,==,==
-35.07151412963867,10.201926231384277,identifier,OSecurityUser
11.752943992614746,-172.73171997070312,.,.
-26.087263107299805,4.050521373748779,identifier,STATUSES
11.191904067993164,-173.55953979492188,.,.
-26.30719757080078,6.483621597290039,identifier,ACTIVE
-73.8783950805664,123.15230560302734,),)
164.40330505371094,-7.563455581665039,{,{
-23.146198272705078,-23.393653869628906,identifier,userCfg
89.3918685913086,2.566930055618286,=,=
195.07151794433594,43.117740631103516,new,new
-35.525779724121094,10.387486457824707,identifier,OServerUserConfiguration
93.43948364257812,-119.82038116455078,(,(
-31.472511291503906,-36.58840560913086,identifier,user
1.662420630455017,-177.4618377685547,.,.
-5.373619556427002,40.26624298095703,identifier,getName
62.99100875854492,-66.60358428955078,(,(
-21.08193588256836,138.2631072998047,),)
-108.79689025878906,-121.85403442382812,",",","
-12.566513061523438,-1.5957856178283691,"""",""""""
-98.38341522216797,-131.48593139648438,",",","
-12.580389022827148,-1.5912106037139893,"""",""""""
-45.7591438293457,168.2344512939453,),)
-165.084716796875,15.750699043273926,;,;
88.54364776611328,65.39251708984375,},}
85.18080139160156,66.89681243896484,},}
79.42716217041016,62.17390823364258,},}
134.9592742919922,-98.24098205566406,(,(
-48.93777847290039,50.57111358642578,identifier,Exception
-30.803483963012695,-69.8644027709961,identifier,ex
-82.96188354492188,126.53512573242188,),)
158.80435180664062,-5.419410228729248,{,{
-7.754786968231201,6.964211940765381,identifier,OLogManager
-7.376501083374023,-180.79815673828125,.,.
-4.228252410888672,9.053866386413574,identifier,instance
75.4825439453125,-73.72769927978516,(,(
-24.84228515625,132.98023986816406,),)
-20.622957229614258,-156.5238037109375,.,.
14.253847122192383,28.73984146118164,identifier,error
89.78214263916016,-131.6453094482422,(,(
-89.79462432861328,-124.55767059326172,",",","
-17.045194625854492,5.367064476013184,"""","""getUser()"""
-107.58729553222656,-130.74887084960938,",",","
-31.524335861206055,-68.35094451904297,identifier,ex
-54.629150390625,177.35704040527344,),)
-169.85870361328125,16.942325592041016,;,;
73.9311294555664,63.82625198364258,},}
70.40457153320312,162.68711853027344,return,return
-23.09512710571289,-22.891016006469727,identifier,userCfg
-181.1697235107422,16.62986183166504,;,;
109.43362426757812,118.25061798095703,},}
-35.412288665771484,36.28567123413086,identifier,appendAttribute
112.63489532470703,-44.96482467651367,(,(
-80.23591613769531,45.24443817138672,identifier,String
-52.569400787353516,-31.65591812133789,identifier,clearname
-96.18498229980469,-99.7927017211914,",",","
-54.00628662109375,-9.828266143798828,identifier,type
-96.72136688232422,-100.85157775878906,",",","
-80.74058532714844,41.87602233886719,identifier,String
3.0068893432617188,-41.2378044128418,identifier,value
-98.29695129394531,-100.80097961425781,",",","
-51.584068298339844,-3.74129581451416,identifier,check
-97.21080017089844,105.15019989013672,),)
-34.14017105102539,20.361112594604492,identifier,DASException
181.77085876464844,-22.104236602783203,{,{
-49.54444885253906,25.619083404541016,identifier,Attribute
-17.64590072631836,-39.55125427246094,identifier,a
95.90027618408203,9.398272514343262,=,=
93.82463073730469,-102.27548217773438,(,(
-49.54052734375,25.639455795288086,identifier,Attribute
-47.42564010620117,144.34286499023438,),)
-21.75580406188965,-6.90643835067749,identifier,_attr
-15.673317909240723,-182.6077117919922,.,.
4.517274856567383,29.09638214111328,identifier,get
72.16259765625,-115.2891845703125,(,(
-52.374908447265625,-31.87100601196289,identifier,clearname
-39.34299087524414,185.95767211914062,),)
-186.509033203125,-25.714881896972656,;,;
139.7144012451172,54.87369155883789,if,if
153.81829833984375,-101.2534408569336,(,(
-17.15659523010254,-41.124351501464844,identifier,a
56.45466613769531,104.2741470336914,!=,!=
89.89261627197266,-103.64234161376953,(,(
-54.01799392700195,-11.497939109802246,identifier,type
56.75664520263672,106.1698226928711,!=,!=
-16.621883392333984,-40.76603317260742,identifier,a
4.023111343383789,-178.08456420898438,.,.
-8.180194854736328,36.60633850097656,identifier,getType
61.71489715576172,-64.59028625488281,(,(
-21.183977127075195,149.59266662597656,),)
-49.86246871948242,157.2614288330078,),)
-77.691162109375,138.50271606445312,),)
153.5306396484375,1.6833651065826416,{,{
191.3067169189453,46.011558532714844,new,new
-29.59970474243164,17.427886962890625,identifier,AttributeExistsException
87.15995025634766,-136.565673828125,(,(
-18.277746200561523,10.008489608764648,"""","""The Attribute `"""
15.745258331298828,-78.19036865234375,+,+
-52.17707443237305,-32.08769989013672,identifier,clearname
11.082951545715332,-82.34862518310547,+,+
-19.079565048217773,8.26458740234375,"""","""' was previously defined with a different type."""
-43.67415237426758,161.48379516601562,),)
-159.67886352539062,10.441913604736328,;,;
78.58023071289062,55.24803924560547,},}
84.1902847290039,46.39399337768555,else,else
133.6900177001953,62.76277542114258,if,if
145.50323486328125,-98.69732666015625,(,(
-17.15241241455078,-41.282291412353516,identifier,a
56.34133529663086,101.90170288085938,!=,!=
-74.60620880126953,127.1900405883789,),)
162.90652465820312,-4.473326206207275,{,{
-16.02883529663086,-41.0160026550293,identifier,a
-10.408509254455566,-166.56643676757812,.,.
-4.7928147315979,17.143917083740234,identifier,appendValue
88.90178680419922,-116.15668487548828,(,(
2.770406723022461,-43.60089111328125,identifier,value
-97.61652374267578,-124.59363555908203,",",","
-51.59358596801758,-3.7348008155822754,identifier,check
-46.714622497558594,183.6439666748047,),)
-164.0475311279297,9.410243034362793,;,;
77.584716796875,56.30290603637695,},}
87.07865905761719,45.32793045043945,else,else
159.65614318847656,-10.21981430053711,{,{
-15.866905212402344,-41.640777587890625,identifier,a
88.54405212402344,1.5688512325286865,=,=
195.64117431640625,44.17775344848633,new,new
-49.51667022705078,25.7193603515625,identifier,Attribute
94.49224853515625,-115.03378295898438,(,(
-53.68986129760742,-11.332769393920898,identifier,type
-98.15738677978516,-121.0348129272461,",",","
-51.94396209716797,-32.286521911621094,identifier,clearname
-100.09406280517578,-122.0567398071289,",",","
2.434830665588379,-44.17692947387695,identifier,value
-100.4230728149414,-123.74478912353516,",",","
-51.594642639160156,-3.735243320465088,identifier,check
-46.87211227416992,181.14675903320312,),)
-159.94454956054688,-26.152677536010742,;,;
-21.65891456604004,-7.058644771575928,identifier,_attr
-10.314380645751953,-172.92945861816406,.,.
8.574161529541016,20.23627281188965,identifier,put
82.39735412597656,-123.28077697753906,(,(
-51.88692855834961,-32.325340270996094,identifier,clearname
-101.06985473632812,-127.02650451660156,",",","
-17.176342010498047,-41.722190856933594,identifier,a
-53.677284240722656,177.29544067382812,),)
-172.01351928710938,20.523542404174805,;,;
91.08135223388672,71.64302062988281,},}
119.16925811767578,115.13937377929688,},}
-39.79310607910156,30.05379867553711,identifier,MetricTimeSeries
-39.71796798706055,30.209686279296875,identifier,getMetricTimeSeries
113.3498306274414,-46.127174377441406,(,(
-79.64854431152344,44.73589324951172,identifier,String
-42.39985656738281,-9.910834312438965,identifier,actualMetricPath
-94.52342987060547,102.28024291992188,),)
176.16329956054688,-21.085676193237305,{,{
-27.857515335083008,62.86821746826172,identifier,Map
24.526123046875,78.4385986328125,<,<
-87.02133178710938,43.71678161621094,identifier,String
-94.72343444824219,-110.55828094482422,",",","
-89.18655395507812,44.57471466064453,identifier,String
45.32373046875,125.31815338134766,>,>
-41.72530746459961,-26.213111877441406,identifier,actualDimensions
89.52159118652344,8.323616027832031,=,=
198.17425537109375,41.17044448852539,new,new
-20.55648422241211,53.00413513183594,identifier,HashMap
17.99688148498535,68.19422912597656,<,<>
77.47017669677734,-59.01369094848633,(,(
-18.317424774169922,122.08747863769531,),)
-162.35621643066406,-33.9857177734375,;,;
-41.86235046386719,-26.084789276123047,identifier,actualDimensions
-16.063879013061523,-180.2612762451172,.,.
4.9718780517578125,19.809537887573242,identifier,putAll
83.52870178222656,-112.59918975830078,(,(
-43.64798355102539,-27.867284774780273,identifier,dimensions
-38.77724075317383,184.54356384277344,),)
-157.9045867919922,-40.85575485229492,;,;
-85.38934326171875,38.225589752197266,identifier,String
-48.3250846862793,-44.03888702392578,identifier,path
99.9664306640625,-0.10379274934530258,=,=
-42.33179473876953,-9.999905586242676,identifier,actualMetricPath
-13.74746036529541,-187.06961059570312,.,.
-23.865922927856445,31.691490173339844,identifier,split
76.4187240600586,-126.72037506103516,(,(
-14.231269836425781,3.511810064315796,"""","""\\|"""
-39.41300964355469,165.25975036621094,),)
-188.20191955566406,-28.201566696166992,;,;
130.09645080566406,45.6324462890625,for,for
139.41175842285156,-87.57256317138672,(,(
-68.05916595458984,-53.96710968017578,identifier,i
80.10553741455078,2.00349760055542,=,=
-171.0511474609375,-38.45320510864258,;,;
-70.55947875976562,-55.920921325683594,identifier,i
25.85091781616211,87.08776092529297,<,<
-44.227970123291016,-27.737201690673828,identifier,dimensionsPath
8.974394798278809,-185.6290283203125,.,.
-50.7903938293457,-74.10266876220703,identifier,length
-171.790283203125,-35.79043960571289,;,;
-72.31103515625,-54.70109176635742,identifier,i
-83.89491271972656,134.19366455078125,),)
176.43209838867188,-8.384600639343262,{,{
144.72323608398438,60.90324020385742,if,if
154.03668212890625,-95.59546661376953,(,(
-11.480168342590332,0.8253969550132751,"""","""-"""
2.381824016571045,-194.62152099609375,.,.
29.14293098449707,9.610543251037598,identifier,equals
79.24532318115234,-111.84099578857422,(,(
-44.3713493347168,-27.762163162231445,identifier,dimensionsPath
-72.54683685302734,-58.702178955078125,identifier,i
-30.980037689208984,160.059814453125,),)
-76.65945434570312,135.91259765625,),)
158.17259216308594,2.0135481357574463,{,{
-175.45797729492188,8.754772186279297,;,;
70.84879302978516,61.02284240722656,},}
-42.030513763427734,-25.89394187927246,identifier,actualDimensions
-11.677017211914062,-173.60992431640625,.,.
8.989704132080078,20.649520874023438,identifier,put
82.69678497314453,-124.3636245727539,(,(
-44.44139862060547,-27.801586151123047,identifier,dimensionsPath
-72.62601470947266,-58.08518981933594,identifier,i
-106.8059310913086,-124.65966033935547,",",","
-49.780235290527344,-45.856109619140625,identifier,path
-73.46014404296875,-59.088321685791016,identifier,i
-51.61423110961914,163.33729553222656,),)
-166.29335021972656,14.52955436706543,;,;
74.7857666015625,62.6501579284668,},}
72.80667877197266,162.9961395263672,return,return
194.42581176757812,46.87670135498047,new,new
-36.69895553588867,9.586965560913086,identifier,MetricTimeSeries
88.73535919189453,-119.29426574707031,(,(
-49.80097579956055,-45.87910461425781,identifier,path
-49.68561935424805,-45.688514709472656,identifier,path
8.613075256347656,-181.17723083496094,.,.
-52.82717514038086,-74.48896026611328,identifier,length
-109.8031997680664,-126.77062225341797,",",","
-42.199127197265625,-25.707910537719727,identifier,actualDimensions
-53.49276351928711,180.77867126464844,),)
-174.35292053222656,22.67537498474121,;,;
108.63275909423828,118.76754760742188,},}
-45.222572326660156,22.086788177490234,identifier,Connection
-32.58352279663086,33.13703536987305,identifier,randomGet
115.8200454711914,-47.051307678222656,(,(
-26.437898635864258,57.51778030395508,identifier,List
24.14318084716797,76.77458953857422,<,<
-45.21309280395508,22.022235870361328,identifier,Connection
44.42890548706055,127.4090576171875,>,>
-54.154483795166016,-17.705097198486328,identifier,conns
-93.88522338867188,99.5437240600586,),)
181.0072021484375,-13.874574661254883,{,{
149.40646362304688,59.52829360961914,if,if
157.54127502441406,-99.85873413085938,(,(
45.59685516357422,95.66915893554688,==,==
-53.928260803222656,-17.904380798339844,identifier,conns
-53.80720901489258,-17.992233276367188,identifier,conns
3.7964630126953125,-188.81576538085938,.,.
4.603339672088623,45.2422981262207,identifier,isEmpty
68.74238586425781,-58.67231750488281,(,(
-22.68031883239746,148.8999481201172,),)
-75.8966293334961,138.7090301513672,),)
155.9688262939453,4.243422985076904,{,{
76.88833618164062,154.6282501220703,return,return
-170.8598175048828,6.397539138793945,;,;
68.16162109375,58.78614807128906,},}
-48.454986572265625,-66.43924713134766,identifier,size
99.40461730957031,0.5439420342445374,=,=
-53.633056640625,-18.103015899658203,identifier,conns
-11.457862854003906,-194.21434020996094,.,.
-48.969669342041016,-67.53215026855469,identifier,size
73.2895278930664,-61.492549896240234,(,(
-18.134977340698242,125.67293548583984,),)
-159.65789794921875,-41.1579475402832,;,;
-3.2196602821350098,-9.67448616027832,identifier,tries
81.64591217041016,4.822179794311523,=,=
-164.22079467773438,-41.18825149536133,;,;
-45.1507682800293,21.890439987182617,identifier,Connection
17.373775482177734,-43.286415100097656,identifier,result
83.52313232421875,5.122003555297852,=,=
-183.0432586669922,-32.34151840209961,;,;
135.1574249267578,47.8876953125,while,while
154.1483612060547,-92.4273910522461,(,(
89.63362121582031,-102.05866241455078,(,(
19.763023376464844,-39.0643424987793,identifier,result
48.503814697265625,99.31661987304688,==,==
19.84395408630371,-39.73137283325195,identifier,result
2.0834715366363525,-186.2495574951172,.,.
-3.2535743713378906,0.08590243011713028,identifier,isFine
68.59752655029297,-61.30336380004883,(,(
-20.70296287536621,147.38973999023438,),)
-51.6600456237793,156.84417724609375,),)
-3.242716073989868,-9.708094596862793,identifier,tries
28.202861785888672,85.12017059326172,<,<
-26.762807846069336,4.595473289489746,identifier,MAX_TIMES
-74.51547241210938,122.60238647460938,),)
165.09393310546875,-7.740621089935303,{,{
17.03084373474121,-40.87166213989258,identifier,result
90.0293197631836,0.2824043333530426,=,=
-53.48263931274414,-18.199342727661133,identifier,conns
-10.341418266296387,-187.9166717529297,.,.
4.21146821975708,28.053258895874023,identifier,get
72.73804473876953,-117.16350555419922,(,(
-3.5415148735046387,-159.8574676513672,.,.
-32.825199127197266,16.916339874267578,identifier,random
2.900820016860962,-176.76084899902344,.,.
-19.749553680419922,24.646577835083008,identifier,nextInt
82.57803344726562,-114.71846008300781,(,(
-50.29616165161133,-66.24594116210938,identifier,size
-27.538576126098633,164.14175415039062,),)
-53.924922943115234,160.5751953125,),)
-162.942626953125,11.314760208129883,;,;
75.30425262451172,53.483985900878906,},}
129.93106079101562,59.9897575378418,if,if
146.07073974609375,-96.98055267333984,(,(
19.194297790527344,-38.90784454345703,identifier,result
56.3259162902832,102.69917297363281,!=,!=
19.36393165588379,-39.448020935058594,identifier,result
6.195423603057861,-179.05807495117188,.,.
-3.2541611194610596,0.08612078428268433,identifier,isFine
67.03496551513672,-71.7072525024414,(,(
-20.135089874267578,143.41746520996094,),)
-78.64862060546875,133.8517303466797,),)
159.6011505126953,-0.7888322472572327,{,{
16.6710262298584,-39.80963134765625,identifier,result
84.94036865234375,1.1681612730026245,=,=
-173.22833251953125,10.948719024658203,;,;
73.62501525878906,64.8867416381836,},}
70.41048431396484,163.3017120361328,return,return
16.16431427001953,-37.7965202331543,identifier,result
-181.31260681152344,15.211169242858887,;,;
108.5338134765625,117.7840576171875,},}
-26.80103302001953,56.15618896484375,identifier,List
22.883182525634766,76.31694030761719,<,<
-39.39533233642578,5.947287559509277,identifier,EnvVar
46.6793098449707,126.60570526123047,>,>
-32.90401077270508,31.978487014770508,identifier,convertToEnvVarList
113.37760925292969,-48.12838363647461,(,(
-28.959444046020508,62.67475891113281,identifier,Map
23.733257293701172,79.54460144042969,<,<
-87.13418579101562,44.60536575317383,identifier,String
-94.06348419189453,-109.91262817382812,",",","
-89.12983703613281,45.193946838378906,identifier,String
43.87473678588867,125.69459533691406,>,>
-40.4371337890625,-7.097616672515869,identifier,envVars
-95.67345428466797,100.88481903076172,),)
176.48992919921875,-19.918066024780273,{,{
-25.684553146362305,58.5417594909668,identifier,List
26.14335823059082,78.18428802490234,<,<
-39.257789611816406,6.049769878387451,identifier,EnvVar
45.08025360107422,124.02320861816406,>,>
-26.62779998779297,-21.12894058227539,identifier,envList
89.65374755859375,8.138850212097168,=,=
198.29176330566406,41.34669876098633,new,new
-22.932897567749023,52.05941390991211,identifier,LinkedList
17.976757049560547,68.15451049804688,<,<>
77.33777618408203,-59.075653076171875,(,(
-15.797863006591797,124.60009765625,),)
-187.70291137695312,-28.524288177490234,;,;
129.53009033203125,45.15130615234375,for,for
138.173828125,-88.5574951171875,(,(
-28.468002319335938,63.83451843261719,identifier,Map
4.567941665649414,-185.28683471679688,.,.
-79.24166870117188,0.9351559281349182,identifier,Entry
24.89143943786621,80.53633880615234,<,<
-88.00566864013672,43.28107833862305,identifier,String
-94.02304077148438,-111.18197631835938,",",","
-89.35778045654297,44.49460983276367,identifier,String
43.67521286010742,124.43014526367188,>,>
-77.96146392822266,-1.275823712348938,identifier,entry
-40.41641616821289,-7.088230133056641,identifier,envVars
-1.6028494834899902,-185.98410034179688,.,.
2.1222877502441406,23.598543167114258,identifier,entrySet
68.41168212890625,-64.45957946777344,(,(
-23.07680320739746,146.68429565429688,),)
-80.16321563720703,138.80616760253906,),)
169.1097412109375,-9.279114723205566,{,{
-82.17826843261719,37.97020721435547,identifier,String
-49.107261657714844,-38.39303970336914,identifier,name
93.33303833007812,-0.5917192697525024,=,=
-79.15601348876953,-2.1866602897644043,identifier,entry
-9.746055603027344,-190.24176025390625,.,.
-6.44683313369751,37.95543670654297,identifier,getKey
72.09016418457031,-67.53435516357422,(,(
-17.156278610229492,128.50115966796875,),)
-157.15408325195312,-39.519287109375,;,;
-83.10399627685547,37.82474899291992,identifier,String
1.7117880582809448,-42.214698791503906,identifier,value
93.78242492675781,-1.4839926958084106,=,=
-79.19535064697266,-2.2315127849578857,identifier,entry
-9.657544136047363,-190.1149444580078,.,.
-6.484546661376953,37.401100158691406,identifier,getValue
71.74566650390625,-67.85584259033203,(,(
-17.6425724029541,128.736572265625,),)
-182.85260009765625,-24.19066619873047,;,;
139.27542114257812,57.91897201538086,if,if
146.4617919921875,-101.43128967285156,(,(
-51.95283126831055,-38.74578094482422,identifier,name
56.48423385620117,103.34367370605469,!=,!=
-74.34349060058594,126.46016693115234,),)
161.09194946289062,-6.836404323577881,{,{
-39.011993408203125,6.25557279586792,identifier,EnvVar
-26.22528648376465,-21.94002914428711,identifier,env
89.47930145263672,2.4081664085388184,=,=
195.17652893066406,43.509239196777344,new,new
-38.74669647216797,6.4343719482421875,identifier,EnvVarBuilder
75.64665985107422,-71.87433624267578,(,(
-25.7425479888916,133.98985290527344,),)
-19.868064880371094,-158.71290588378906,.,.
-5.771468639373779,17.937341690063477,identifier,withName
82.45956420898438,-115.58141326904297,(,(
-52.42524337768555,-37.6168098449707,identifier,name
-47.47511672973633,174.05796813964844,),)
-19.802518844604492,-158.44052124023438,.,.
-5.676329135894775,17.910205841064453,identifier,withValue
82.44283294677734,-115.6668930053711,(,(
2.4631826877593994,-43.73457717895508,identifier,value
-47.52029800415039,174.0447540283203,),)
-19.910797119140625,-157.6875,.,.
2.6346774101257324,14.253393173217773,identifier,build
70.0079574584961,-77.10444641113281,(,(
-15.13705062866211,133.02639770507812,),)
-158.33787536621094,-25.55586814880371,;,;
-24.575101852416992,-21.7360897064209,identifier,envList
-9.616868019104004,-172.3763427734375,.,.
4.34520959854126,15.990372657775879,identifier,add
80.45696258544922,-121.9549560546875,(,(
-26.06633186340332,-22.051889419555664,identifier,env
-51.56470489501953,177.48623657226562,),)
-167.78802490234375,17.4042911529541,;,;
89.69779968261719,66.51136779785156,},}
77.01969909667969,64.7411117553711,},}
70.54703521728516,163.14186096191406,return,return
-24.484121322631836,-21.740346908569336,identifier,envList
-180.8562469482422,16.46159553527832,;,;
109.78641510009766,116.64309692382812,},}
-37.13821792602539,30.21875762939453,identifier,coeff
111.81925964355469,-44.92210388183594,(,(
24.277822494506836,-19.282733917236328,identifier,block
-95.58724975585938,-98.5138931274414,",",","
-70.31031036376953,-38.885711669921875,identifier,ind
-98.06462860107422,-101.58878326416016,",",","
-73.59555053710938,-8.49385929107666,identifier,level
-96.8576889038086,99.4397201538086,),)
178.38636779785156,-13.583962440490723,{,{
130.56285095214844,43.88194274902344,for,for
139.7188262939453,-86.71142578125,(,(
-68.13069152832031,-53.579559326171875,identifier,i
79.85948181152344,2.5002477169036865,=,=
-171.74658203125,-38.805213928222656,;,;
-70.51763916015625,-55.151329040527344,identifier,i
26.789031982421875,87.64575958251953,<,<
-171.05088806152344,-36.887901306152344,;,;
-71.3515853881836,-54.392913818359375,identifier,i
-71.69764709472656,131.84033203125,),)
166.64146423339844,-0.8906996846199036,{,{
23.69074249267578,-19.375411987304688,identifier,block
-73.0624008178711,-58.00334167480469,identifier,i
3.7261297702789307,-2.915523052215576,identifier,COEFF
-70.31938171386719,-39.481040954589844,identifier,ind
-73.16543579101562,-58.11600875854492,identifier,i
-75.04935455322266,-8.394588470458984,identifier,level
-167.7432861328125,-28.720129013061523,;,;
23.587066650390625,-19.382036209106445,identifier,block
-73.64507293701172,-57.04216384887695,identifier,i
5.904786586761475,-80.58857727050781,+,+
3.646573066711426,-3.0453081130981445,identifier,COEFF
-70.31889343261719,-39.69719314575195,identifier,ind
-74.00144958496094,-57.23614501953125,identifier,i
6.079714775085449,-80.50590515136719,+,+
-75.18256378173828,-8.38817024230957,identifier,level
-167.7228240966797,-28.687414169311523,;,;
23.450227737426758,-19.400497436523438,identifier,block
-73.93973541259766,-57.01782989501953,identifier,i
6.0852131843566895,-80.29100036621094,+,+
3.612788200378418,-3.0992648601531982,identifier,COEFF
-70.3213882446289,-39.81314468383789,identifier,ind
-74.26249694824219,-57.22758483886719,identifier,i
6.225783824920654,-80.27685546875,+,+
-75.26546478271484,-8.385168075561523,identifier,level
-167.7048797607422,-28.6578369140625,;,;
23.361696243286133,-19.409252166748047,identifier,block
-74.3158187866211,-57.03657531738281,identifier,i
6.235500335693359,-80.09296417236328,+,+
3.56492280960083,-3.1687049865722656,identifier,COEFF
-70.32581329345703,-39.9423828125,identifier,ind
-74.79277038574219,-57.42745590209961,identifier,i
6.3753509521484375,-80.05990600585938,+,+
-75.49220275878906,-8.381540298461914,identifier,level
-182.95584106445312,13.963247299194336,;,;
92.48171997070312,73.22701263427734,},}
119.42996215820312,112.48008728027344,},}
