x,y,role,token
122.4725570678711,105.89344024658203,def,def
41.3344612121582,-28.041946411132812,identifier,calculate_pair_to_kern_mapping
-80.3349380493164,133.66688537597656,(,(
61.06060028076172,-49.075016021728516,identifier,measurer
-171.36801147460938,4.529193878173828,:,:
60.70598602294922,-46.682125091552734,identifier,text_measurer
-49.237396240234375,-127.16239166259766,.,.
59.12680435180664,-46.82240676879883,identifier,TextMeasurer
-31.824453353881836,162.6481475830078,",",","
91.82603454589844,-19.79935073852539,identifier,char_to_length
-170.71771240234375,3.940286636352539,:,:
71.47227478027344,-0.5155380368232727,identifier,Mapping
33.031166076660156,43.32731246948242,identifier,str
-10.851664543151855,101.94815063476562,",",","
30.932025909423828,27.29669189453125,identifier,float
-31.639530181884766,161.52915954589844,",",","
84.6907958984375,29.86212730407715,identifier,characters
-170.3572998046875,3.307513952255249,:,:
26.003463745117188,5.410922050476074,identifier,Iterable
32.67377853393555,43.21650695800781,identifier,str
-122.9697036743164,106.74930572509766,),)
71.47005462646484,-0.5161150097846985,identifier,Mapping
32.396732330322266,42.834617614746094,identifier,str
-11.01214599609375,102.22752380371094,",",","
30.912504196166992,27.311437606811523,identifier,float
-179.07260131835938,17.72531509399414,:,:
84.47584533691406,-29.463918685913086,identifier,pair_to_kerning
68.33094787597656,134.0782928466797,for,for
101.046875,33.242408752441406,identifier,a
-14.347373008728027,114.033935546875,",",","
101.93521881103516,29.129899978637695,identifier,b
47.71755599975586,-6.570861339569092,identifier,itertools
-42.714805603027344,-112.2889175415039,.,.
59.32828140258789,-9.542309761047363,identifier,permutations
-67.25028991699219,-26.038179397583008,(,(
84.68938446044922,29.8649845123291,identifier,characters
-1.869083046913147,91.16069793701172,",",","
-109.93816375732422,77.11795806884766,),)
-179.99298095703125,-11.858234405517578,:,:
86.19932556152344,-31.23233985900879,identifier,kerned_width
61.004852294921875,-49.799163818359375,identifier,measurer
-37.29550552368164,-125.2492446899414,.,.
44.97278594970703,-8.992667198181152,identifier,text_width
-72.43524169921875,-30.846721649169922,(,(
101.326416015625,33.146854400634766,identifier,a
-25.131351470947266,91.81414794921875,+,+
101.97715759277344,29.523401260375977,identifier,b
-81.21935272216797,74.59600067138672,),)
85.76461791992188,-31.69504165649414,identifier,unkerned_width
91.83829498291016,-20.776641845703125,identifier,char_to_length
101.4257583618164,33.088077545166016,identifier,a
-26.1744327545166,92.8373031616211,+,+
92.0936508178711,-20.942272186279297,identifier,char_to_length
101.97880554199219,29.658992767333984,identifier,b
83.9017333984375,-32.35316467285156,identifier,kerning
85.80431365966797,-31.81672477722168,identifier,unkerned_width
25.504762649536133,73.98983001708984,-,-
86.29774475097656,-31.720455169677734,identifier,kerned_width
47.97137451171875,150.9562530517578,if,if
43.796539306640625,0.3282964825630188,identifier,abs
-87.35221862792969,-21.22519302368164,(,(
83.44369506835938,-32.715492248535156,identifier,kerning
-105.8717269897461,67.50605010986328,),)
-7.612620830535889,72.91224670410156,>,>
-177.9928436279297,-22.272022247314453,:,:
84.44554138183594,-28.886791229248047,identifier,pair_to_kerning
101.42900848388672,33.1105842590332,identifier,a
-24.718692779541016,91.26773071289062,+,+
101.98145294189453,29.67245864868164,identifier,b
26.874650955200195,30.127565383911133,identifier,round
-83.05142974853516,-36.09519577026367,(,(
83.37472534179688,-32.73563003540039,identifier,kerning
-2.7621800899505615,88.18113708496094,",",","
-78.81554412841797,58.10332107543945,),)
84.36969757080078,-28.391094207763672,identifier,pair_to_kerning
123.02989196777344,108.86729431152344,def,def
95.4725341796875,29.072736740112305,identifier,indent
-77.51844787597656,138.1831817626953,(,(
85.1584243774414,-2.8608241081237793,identifier,instr
-33.50551223754883,172.04591369628906,",",","
79.82038879394531,-16.111190795898438,identifier,nspaces
-34.93975067138672,159.0429229736328,",",","
76.46272277832031,-26.435346603393555,identifier,ntabs
-34.49551773071289,158.30361938476562,",",","
76.8887710571289,-12.638290405273438,identifier,flatten
-124.39950561523438,110.87715148925781,),)
-182.5431365966797,23.1558780670166,:,:
63.35184860229492,156.74722290039062,if,if
85.15142822265625,-2.860915422439575,identifier,instr
-162.6521759033203,-26.874073028564453,:,:
122.50809478759766,-28.975263595581055,identifier,ind
47.23686218261719,17.627918243408203,"""",'\t'
76.45775604248047,-26.43129539489746,identifier,ntabs
-24.788843154907227,93.38433074951172,+,+
50.13407897949219,20.438770294189453,"""",' '
79.8130111694336,-16.112817764282227,identifier,nspaces
53.15049743652344,157.14845275878906,if,if
76.874755859375,-12.634797096252441,identifier,flatten
-167.850341796875,-21.381603240966797,:,:
83.30384063720703,-0.16217085719108582,identifier,pat
22.321762084960938,-42.13027572631836,identifier,re
-40.239501953125,-113.64766693115234,.,.
36.067569732666016,-16.1873779296875,identifier,compile
-63.462886810302734,-28.117712020874023,(,(
50.37623596191406,16.560651779174805,"""",r'^\s*'
3.895531415939331,92.6912612915039,",",","
22.20429801940918,-42.379425048828125,identifier,re
-49.93210983276367,-135.63296508789062,.,.
65.14177703857422,-1.165657877922058,identifier,MULTILINE
-89.78211212158203,58.10664367675781,),)
32.21675109863281,173.38035583496094,else,else
-187.1844482421875,-37.63475799560547,:,:
83.29608154296875,-0.1567671298980713,identifier,pat
22.297801971435547,-42.17859649658203,identifier,re
-40.22365188598633,-113.61272430419922,.,.
36.06637191772461,-16.188026428222656,identifier,compile
-63.45661544799805,-28.10835075378418,(,(
50.39216232299805,16.53871726989746,"""",r'^'
4.001091957092285,92.74451446533203,",",","
22.202648162841797,-42.38274002075195,identifier,re
-49.93848419189453,-135.6425018310547,.,.
65.14409637451172,-1.1649839878082275,identifier,MULTILINE
-81.58360290527344,72.55685424804688,),)
113.96284484863281,-46.50495529174805,identifier,outstr
22.307819366455078,-42.151023864746094,identifier,re
-40.187286376953125,-113.3855972290039,.,.
32.90283966064453,16.235179901123047,identifier,sub
-72.97138977050781,-37.96021270751953,(,(
83.2933578491211,-0.15118417143821716,identifier,pat
3.9777700901031494,104.31822204589844,",",","
122.58675384521484,-28.857797622680664,identifier,ind
5.32114839553833,100.48075866699219,",",","
85.15260314941406,-2.8553168773651123,identifier,instr
-86.61517333984375,62.69825744628906,),)
53.468257904052734,149.09854125976562,if,if
113.78227233886719,-46.66645431518555,identifier,outstr
-30.347227096557617,-108.97004699707031,.,.
-10.291361808776855,56.15671157836914,identifier,endswith
-90.04865264892578,-21.1948184967041,(,(
40.25181579589844,28.99116325378418,identifier,os
-48.14553451538086,-116.80658721923828,.,.
44.46747970581055,18.727705001831055,identifier,linesep
-26.13186264038086,93.94597625732422,+,+
122.5977783203125,-28.83428192138672,identifier,ind
-105.92200469970703,75.21166229248047,),)
-169.25418090820312,-28.393972396850586,:,:
113.6651611328125,-46.69818115234375,identifier,outstr
-162.129638671875,-5.886215686798096,:,:
27.482730865478516,72.61750030517578,-,-
-2.743143081665039,25.316986083984375,identifier,len
-82.56002807617188,-23.119897842407227,(,(
122.61223602294922,-28.81695556640625,identifier,ind
-97.65583038330078,49.80750274658203,),)
33.816917419433594,176.90638732910156,else,else
-186.81427001953125,-42.35390853881836,:,:
113.4170913696289,-46.73900604248047,identifier,outstr
131.04042053222656,112.88101959228516,def,def
38.682254791259766,-31.246286392211914,identifier,get_partitions
-81.19876098632812,136.21182250976562,(,(
-3.8930647373199463,-204.28871154785156,identifier,self
-35.01605987548828,184.06919860839844,",",","
107.3862075805664,1.8353219032287598,identifier,database_name
-31.170757293701172,169.5240936279297,",",","
106.83647155761719,0.4481123387813568,identifier,table_name
-32.49344253540039,168.0288543701172,",",","
82.91960906982422,18.41462516784668,identifier,expression
50.30991744995117,25.633853912353516,"""",''
-34.02735137939453,156.6719970703125,",",","
97.66815185546875,10.245416641235352,identifier,page_size
-35.38824462890625,155.996337890625,",",","
88.58686065673828,2.6433193683624268,identifier,max_items
-123.97161865234375,109.76225280761719,),)
-177.32913208007812,22.479528427124023,:,:
121.7757568359375,28.206323623657227,identifier,config
72.86001586914062,9.745495796203613,"""",'PageSize'
-152.18545532226562,-0.36259788274765015,:,:
97.67704010009766,10.263389587402344,identifier,page_size
2.574392318725586,129.0441131591797,",",","
72.1654281616211,9.54552173614502,"""",'MaxItems'
-151.9088592529297,-0.9728671908378601,:,:
88.59326934814453,2.6420462131500244,identifier,max_items
-3.121777296066284,125.5445785522461,",",","
60.96341323852539,-35.712989807128906,identifier,paginator
59.56710433959961,-154.39358520507812,identifier,self
-75.48554229736328,-151.44747924804688,.,.
50.00884246826172,-19.367887496948242,identifier,get_conn
-90.13887786865234,-57.336585998535156,(,(
-118.01295471191406,51.83027267456055,),)
-41.43063735961914,-103.9559097290039,.,.
51.68208694458008,-18.062376022338867,identifier,get_paginator
-60.515995025634766,-28.14250946044922,(,(
62.82697677612305,9.156149864196777,"""",'get_partitions'
-89.54163360595703,76.51826477050781,),)
119.58793640136719,52.02235412597656,identifier,response
60.9607048034668,-35.70973587036133,identifier,paginator
-35.94891357421875,-118.39966583251953,.,.
51.69932556152344,-18.46181297302246,identifier,paginate
-64.2297134399414,-42.01971435546875,(,(
106.74127197265625,2.2516841888427734,identifier,DatabaseName
107.32835388183594,1.8192341327667236,identifier,database_name
2.800722360610962,118.79634857177734,",",","
105.84765625,1.7598538398742676,identifier,TableName
106.74161529541016,0.4527268707752228,identifier,table_name
3.106687068939209,119.91825103759766,",",","
82.7330093383789,18.438955307006836,identifier,Expression
82.95594024658203,18.411283493041992,identifier,expression
3.582400321960449,121.3862075805664,",",","
73.5850601196289,9.559066772460938,identifier,PaginationConfig
122.01282501220703,28.026649475097656,identifier,config
-83.94685363769531,71.05977630615234,),)
99.78025817871094,-41.33564376831055,identifier,partitions
19.13692283630371,-5.036070823669434,identifier,set
-94.78287506103516,-56.734073638916016,(,(
-111.24691009521484,58.10218048095703,),)
69.33976745605469,131.4550018310547,for,for
97.85689544677734,12.48004150390625,identifier,page
119.91608428955078,53.514461517333984,identifier,response
-180.90670776367188,-16.554731369018555,:,:
67.52742004394531,130.2296905517578,for,for
84.0584487915039,-67.90873718261719,identifier,p
97.8804702758789,12.448073387145996,identifier,page
66.68965911865234,17.11252212524414,"""",'Partitions'
-181.38104248046875,-19.66690444946289,:,:
99.78394317626953,-41.33761978149414,identifier,partitions
-19.99411392211914,-113.77671813964844,.,.
-8.029404640197754,-53.315032958984375,identifier,add
-88.04643249511719,-40.84687042236328,(,(
20.45976448059082,3.420018196105957,identifier,tuple
-89.19524383544922,-29.267406463623047,(,(
83.1427001953125,-66.33181762695312,identifier,p
66.51881408691406,16.950550079345703,"""",'Values'
-94.292724609375,46.32314682006836,),)
-74.48580169677734,59.780601501464844,),)
99.7785415649414,-41.35633087158203,identifier,partitions
121.85154724121094,106.441162109375,def,def
42.56668472290039,-31.1968994140625,identifier,apply_conversation_reference
-79.00405883789062,134.171142578125,(,(
135.65562438964844,-45.3107795715332,identifier,activity
-171.9883575439453,4.297713756561279,:,:
134.70697021484375,-46.99634552001953,identifier,Activity
-32.9128303527832,164.18099975585938,",",","
142.49758911132812,-28.243114471435547,identifier,reference
-171.843017578125,3.5815656185150146,:,:
43.60628128051758,-31.897897720336914,identifier,ConversationReference
-33.11553192138672,164.4346466064453,",",","
78.17415618896484,-5.266900062561035,identifier,is_incoming
-170.90350341796875,2.974799871444702,:,:
34.80177307128906,34.76979446411133,identifier,bool
-122.3802261352539,108.45793151855469,),)
134.708984375,-46.99308395385742,identifier,Activity
-178.2272186279297,17.369245529174805,:,:
135.9490203857422,-44.77653121948242,identifier,activity
-40.766624450683594,-147.3081817626953,.,.
115.19126892089844,-1.279619574546814,identifier,channel_id
142.05908203125,-28.83916664123535,identifier,reference
-42.12086486816406,-145.3427276611328,.,.
115.19103240966797,-1.2748478651046753,identifier,channel_id
136.7588348388672,-44.7370491027832,identifier,activity
-41.06731414794922,-146.97093200683594,.,.
83.95399475097656,14.681098937988281,identifier,service_url
141.58740234375,-28.540206909179688,identifier,reference
-42.32548904418945,-145.2967071533203,.,.
83.94751739501953,14.672922134399414,identifier,service_url
136.77308654785156,-44.62811279296875,identifier,activity
-41.305145263671875,-147.0169219970703,.,.
86.16371154785156,18.366825103759766,identifier,conversation
141.47250366210938,-28.539459228515625,identifier,reference
-42.987911224365234,-145.36520385742188,.,.
86.1643295288086,18.36699104309082,identifier,conversation
52.24028396606445,155.5743408203125,if,if
78.16057586669922,-5.269540309906006,identifier,is_incoming
-171.22671508789062,-20.95098304748535,:,:
135.9535675048828,-44.411006927490234,identifier,activity
-41.82291793823242,-148.5872039794922,.,.
74.17811584472656,-4.543086051940918,identifier,from_property
141.71080017089844,-29.204132080078125,identifier,reference
-43.161964416503906,-145.5864715576172,.,.
122.53754425048828,-13.382359504699707,identifier,user
136.8095703125,-44.354618072509766,identifier,activity
-42.06829071044922,-147.26913452148438,.,.
75.81998443603516,14.626091957092285,identifier,recipient
141.3961181640625,-29.131343841552734,identifier,reference
-43.308380126953125,-145.69097900390625,.,.
29.633373260498047,-41.52704620361328,identifier,bot
51.2076530456543,155.00628662109375,if,if
140.8797607421875,-28.36189079284668,identifier,reference
-45.309024810791016,-146.46580505371094,.,.
118.60591125488281,-9.413991928100586,identifier,activity_id
-169.94009399414062,-23.45477867126465,:,:
135.87054443359375,-44.176063537597656,identifier,activity
-42.288177490234375,-148.05715942382812,.,.
121.97940063476562,-3.353625774383545,identifier,id
140.879638671875,-28.885372161865234,identifier,reference
-44.46678161621094,-146.48660278320312,.,.
118.62700653076172,-9.492504119873047,identifier,activity_id
31.847394943237305,174.6285400390625,else,else
-188.5784149169922,-38.628299713134766,:,:
135.98355102539062,-43.982032775878906,identifier,activity
-42.152320861816406,-148.75779724121094,.,.
74.17545318603516,-4.543757915496826,identifier,from_property
141.2382049560547,-29.414648056030273,identifier,reference
-43.54669952392578,-146.07345581054688,.,.
29.619489669799805,-41.5162239074707,identifier,bot
136.8182830810547,-44.05003356933594,identifier,activity
-42.55270004272461,-147.4342803955078,.,.
75.8183364868164,14.62674617767334,identifier,recipient
140.96353149414062,-29.372684478759766,identifier,reference
-43.73152542114258,-146.10696411132812,.,.
122.49658203125,-13.384568214416504,identifier,user
49.129737854003906,151.347900390625,if,if
140.544921875,-28.612110137939453,identifier,reference
-45.306610107421875,-146.5875701904297,.,.
118.62472534179688,-9.479053497314453,identifier,activity_id
-176.7623291015625,-24.65549659729004,:,:
135.9919891357422,-43.824195861816406,identifier,activity
-42.53444290161133,-149.04104614257812,.,.
61.588253021240234,-15.284612655639648,identifier,reply_to_id
140.4331512451172,-29.189281463623047,identifier,reference
-44.61165237426758,-147.0300750732422,.,.
118.65380859375,-9.59077262878418,identifier,activity_id
135.86465454101562,-43.063331604003906,identifier,activity
122.66410827636719,110.53363037109375,def,def
39.84062194824219,-31.614856719970703,identifier,log_calls
-84.92939758300781,143.56967163085938,(,(
152.39279174804688,-17.62594985961914,identifier,func
-129.66819763183594,118.09928894042969,),)
-179.30433654785156,29.461212158203125,:,:
120.29633331298828,115.1650619506836,def,def
29.024995803833008,-35.31945037841797,identifier,wrapper
-63.476810455322266,-32.867515563964844,(,(
80.56428527832031,49.12815475463867,identifier,args
-2.463545560836792,110.29592895507812,",",","
63.24453353881836,31.145029067993164,identifier,kargs
-110.79212951660156,79.23487854003906,),)
-179.21461486816406,-7.837862968444824,:,:
118.7798080444336,-22.058076858520508,identifier,callStr
45.21942901611328,10.247209548950195,"""","""%s(%s)"""
-72.08113861083984,-16.15736961364746,(,(
152.33668518066406,-18.27724838256836,identifier,func
-35.42029571533203,-131.78720092773438,.,.
44.5423698425293,40.00723648071289,identifier,__name__
-5.533404350280762,108.1941909790039,",",","
49.0103874206543,19.548643112182617,"""",""", """
-27.072513580322266,-98.96472930908203,.,.
4.107595443725586,-1.0159986019134521,identifier,join
-92.30776977539062,-38.337223052978516,(,(
39.87718200683594,16.816659927368164,identifier,repr
-78.97477722167969,-22.723604202270508,(,(
83.42942810058594,-67.57242584228516,identifier,p
-95.69440460205078,60.3852653503418,),)
69.97025299072266,125.7238998413086,for,for
83.86082458496094,-67.18069458007812,identifier,p
79.92300415039062,49.101219177246094,identifier,args
-26.092086791992188,96.37715148925781,+,+
45.59528732299805,10.09079647064209,"""","""%s=%s"""
-73.75542449951172,-15.848764419555664,(,(
145.64779663085938,15.536320686340332,identifier,k
-0.36521032452583313,106.4736099243164,",",","
39.87916946411133,16.818546295166016,identifier,repr
-78.98953247070312,-22.801429748535156,(,(
94.23637390136719,48.98461151123047,identifier,v
-101.36290740966797,48.46846008300781,),)
-65.08928680419922,68.12321472167969,),)
71.51483154296875,126.63675689697266,for,for
-76.09974670410156,-13.46747875213623,(,(
145.6127166748047,15.432235717773438,identifier,k
-0.6663159728050232,106.3270492553711,",",","
94.99840545654297,48.70500183105469,identifier,v
-105.11140441894531,70.9189682006836,),)
20.928300857543945,1.3878979682922363,identifier,list
-90.57779693603516,-30.311195373535156,(,(
63.243621826171875,31.144012451171875,identifier,kargs
-35.53150939941406,-109.61764526367188,.,.
23.65349578857422,15.1052827835083,identifier,items
-84.36011505126953,-65.61808013916016,(,(
-111.22467041015625,49.862483978271484,),)
-91.12405395507812,43.665611267089844,),)
-93.7096176147461,42.44755172729492,),)
-69.72551727294922,66.49296569824219,),)
-22.46994400024414,-31.042207717895508,identifier,debug
-47.759315490722656,-32.51163101196289,(,(
46.529911041259766,8.893410682678223,"""",""">> %s"""
7.9731855392456055,90.27455139160156,",",","
118.9414291381836,-21.991802215576172,identifier,callStr
-80.29043579101562,71.01892852783203,),)
105.24546813964844,-67.7117691040039,identifier,ret
151.75062561035156,-18.134199142456055,identifier,func
-71.55534362792969,-40.969486236572266,(,(
80.13277435302734,48.79253387451172,identifier,args
10.01197338104248,105.32681274414062,",",","
63.24323654174805,31.144603729248047,identifier,kargs
-78.4339370727539,67.00105285644531,),)
-22.580900192260742,-31.052427291870117,identifier,debug
-47.83768081665039,-32.82883071899414,(,(
46.32881546020508,8.97631549835205,"""","""<< %s: %s"""
8.404130935668945,90.50835418701172,",",","
118.96595764160156,-21.981569290161133,identifier,callStr
10.035433769226074,103.41171264648438,",",","
39.87953567504883,16.813827514648438,identifier,repr
-80.66815948486328,-24.586650848388672,(,(
106.65080261230469,-67.24967193603516,identifier,ret
-97.35118103027344,49.03044891357422,),)
-74.58797454833984,60.5250244140625,),)
106.92713928222656,-67.21023559570312,identifier,ret
29.01249885559082,-35.32688522338867,identifier,wrapper
130.80532836914062,109.5191650390625,def,def
39.770118713378906,-27.387014389038086,identifier,_set_missing_to_none
-83.5618896484375,137.5281524658203,(,(
-1.4949382543563843,-207.20175170898438,identifier,self
-31.76106071472168,185.53936767578125,",",","
70.07530975341797,37.65143966674805,identifier,currency
-126.54345703125,116.80701446533203,),)
-177.9164276123047,26.33238410949707,:,:
65.81339263916016,-54.31499099731445,identifier,rates
58.01607131958008,-151.21282958984375,identifier,self
-73.46165466308594,-147.5333251953125,.,.
59.55165100097656,-19.458967208862305,identifier,_rates
70.06922149658203,37.647430419921875,identifier,currency
98.02478790283203,2.127000093460083,identifier,first_date
-14.69754695892334,118.55432891845703,",",","
97.94681549072266,3.2187740802764893,identifier,last_date
57.5460319519043,-151.4008331298828,identifier,self
-73.88240814208984,-141.5306396484375,.,.
65.5869140625,-5.97745418548584,identifier,bounds
70.0673599243164,37.646522521972656,identifier,currency
68.83821868896484,133.79563903808594,for,for
64.55580139160156,40.68654251098633,identifier,date
55.63376998901367,-12.199158668518066,identifier,list_dates_between
-69.9415054321289,-32.519432067871094,(,(
98.40862274169922,2.33663272857666,identifier,first_date
0.8861845135688782,100.93303680419922,",",","
98.22117614746094,3.175814628601074,identifier,last_date
-110.32599639892578,77.84846496582031,),)
-179.29229736328125,-13.166604995727539,:,:
62.47187805175781,151.3194122314453,if,if
64.4916000366211,40.71127700805664,identifier,date
65.78629302978516,-54.33080291748047,identifier,rates
-172.6204376220703,-19.9707088470459,:,:
65.78746795654297,-54.33009338378906,identifier,rates
64.39632415771484,40.74862289428711,identifier,date
53.01552963256836,154.20248413085938,if,if
61.49110412597656,-142.57232666015625,identifier,self
-68.71155548095703,-141.5800323486328,.,.
-20.284257888793945,-29.975175857543945,identifier,verbose
-173.41574096679688,-19.974393844604492,:,:
103.5007095336914,-30.353490829467773,identifier,missing
-2.338844060897827,25.878557205200195,identifier,len
-93.2541732788086,-38.9356803894043,(,(
93.014404296875,41.0333366394043,identifier,r
69.11963653564453,125.29497528076172,for,for
93.56941986083984,41.025550842285156,identifier,r
86.02271270751953,57.420223236083984,identifier,itervalues
-79.22557067871094,-25.384241104125977,(,(
65.7844009399414,-54.33356857299805,identifier,rates
-95.38506317138672,61.230491638183594,),)
54.689476013183594,144.1426239013672,if,if
93.85418701171875,41.63313674926758,identifier,r
-68.24600982666016,64.92610931396484,),)
51.112518310546875,150.59524536132812,if,if
103.52715301513672,-30.34933853149414,identifier,missing
-175.6190948486328,-26.6595458984375,:,:
-40.173675537109375,-31.21500015258789,identifier,print
-48.199398040771484,-34.93981170654297,(,(
44.545265197753906,8.49181842803955,"""",'{0}: {1} missing rates from {2} to {3} ({4} days)'
-25.555471420288086,-96.39926147460938,.,.
16.38178062438965,60.32402420043945,identifier,format
-78.0680160522461,-18.283754348754883,(,(
70.05776977539062,37.647525787353516,identifier,currency
14.952363014221191,102.40433502197266,",",","
103.53984069824219,-30.3597412109375,identifier,missing
15.388617515563965,101.97516632080078,",",","
98.92719268798828,2.4740233421325684,identifier,first_date
15.588584899902344,101.79431915283203,",",","
99.03491973876953,3.1161606311798096,identifier,last_date
16.351041793823242,101.41291046142578,",",","
-27.017730712890625,91.27418518066406,+,+
-76.64581298828125,-11.106668472290039,(,(
99.27877044677734,3.215925931930542,identifier,last_date
25.542110443115234,73.93363189697266,-,-
99.57994842529297,2.824885606765747,identifier,first_date
-101.71237182617188,54.678627014160156,),)
-30.829689025878906,-141.6017303466797,.,.
49.3387336730957,12.678231239318848,identifier,days
-92.87969970703125,47.19474792480469,),)
-63.085601806640625,46.806331634521484,),)
122.81765747070312,104.65338134765625,def,def
40.77775955200195,-26.583208084106445,identifier,_sparse_block_diag
-86.61161041259766,138.8314666748047,(,(
88.86708068847656,-30.10622787475586,identifier,sp_a
-130.14889526367188,117.34249877929688,),)
-174.9069366455078,26.4100341796875,:,:
88.83540344238281,-28.97316551208496,identifier,sp_a_shape
46.5964469909668,-76.70143127441406,identifier,tf
-41.25421142578125,-116.95573425292969,.,.
37.669559478759766,-12.668050765991211,identifier,convert_to_tensor
-64.50030517578125,-39.98494338989258,(,(
96.32567596435547,60.71439743041992,identifier,value
53.09878158569336,-16.171661376953125,identifier,_get_shape
-73.56369018554688,-25.964622497558594,(,(
89.13346862792969,-30.087709426879883,identifier,sp_a
-0.7420686483383179,102.06590270996094,",",","
46.40053939819336,-75.9369888305664,identifier,tf
-49.647972106933594,-138.412109375,.,.
32.97564697265625,30.867530822753906,identifier,int64
-99.09378814697266,43.193939208984375,),)
-69.74462127685547,71.15617370605469,),)
120.65045928955078,-30.576953887939453,identifier,ind_mat
47.3695068359375,-76.51182556152344,identifier,tf
-41.81648254394531,-115.29850006103516,.,.
32.6124153137207,-9.58070182800293,identifier,concat
-92.42391204833984,-39.36907958984375,(,(
89.37223052978516,-28.9595890045166,identifier,sp_a_shape
27.285573959350586,72.06678771972656,-,-
-162.40660095214844,-7.605583190917969,:,:
6.119238376617432,109.13710021972656,",",","
46.963775634765625,-76.19766998291016,identifier,tf
-44.34597396850586,-116.69810485839844,.,.
34.37417221069336,-7.261724472045898,identifier,eye
-76.04083251953125,-23.535551071166992,(,(
1.2161579132080078,114.98241424560547,",",","
66.33902740478516,-37.08717346191406,identifier,dtype
46.749839782714844,-75.80643463134766,identifier,tf
-49.72999572753906,-138.47862243652344,.,.
32.975685119628906,30.868366241455078,identifier,int64
-97.37566375732422,42.33932876586914,),)
1.5226802825927734,123.30342864990234,",",","
67.248779296875,-38.18046569824219,identifier,axis
-84.44474029541016,70.54431915283203,),)
129.67237854003906,22.823566436767578,identifier,indices
47.24781036376953,-76.62614440917969,identifier,tf
-42.53999328613281,-115.76927185058594,.,.
39.29912185668945,-9.692476272583008,identifier,matmul
-82.71952819824219,-34.543033599853516,(,(
89.61878204345703,-30.065832138061523,identifier,sp_a
-35.9727668762207,-139.22537231445312,.,.
129.67025756835938,22.906063079833984,identifier,indices
6.121576309204102,102.8756103515625,",",","
120.65705108642578,-30.57267951965332,identifier,ind_mat
-81.6218490600586,73.2283935546875,),)
69.21104431152344,-37.85906982421875,identifier,dense_shape
89.57974243164062,-28.866796493530273,identifier,sp_a_shape
89.6449203491211,-28.812671661376953,identifier,sp_a_shape
-162.25787353515625,-7.6778564453125,:,:
47.43741989135742,-77.15886688232422,identifier,tf
-25.59328842163086,-129.6475372314453,.,.
36.45870590209961,-13.48858642578125,identifier,SparseTensor
-70.0651626586914,-46.658363342285156,(,(
129.67205810546875,22.869205474853516,identifier,indices
129.67320251464844,22.904300689697266,identifier,indices
6.684335708618164,118.3343734741211,",",","
88.77437591552734,58.23771286010742,identifier,values
89.80548095703125,-30.070995330810547,identifier,sp_a
-34.61498260498047,-139.79193115234375,.,.
88.47731018066406,58.15401840209961,identifier,values
8.732832908630371,120.99615478515625,",",","
69.15766906738281,-37.87307357788086,identifier,dense_shape
69.29131317138672,-37.91627883911133,identifier,dense_shape
-61.339149475097656,44.586910247802734,),)
127.18428802490234,111.46846008300781,def,def
37.118900299072266,-31.260251998901367,identifier,find_function
-81.10383605957031,137.928466796875,(,(
-2.3414175510406494,-205.4287567138672,identifier,self
-33.26911163330078,184.1197509765625,",",","
151.557373046875,-38.518829345703125,identifier,context
-28.10778045654297,171.01963806152344,",",","
143.83828735351562,-9.653841018676758,identifier,funname
-126.58396911621094,114.24500274658203,),)
-182.10421752929688,25.042966842651367,:,:
63.883758544921875,156.20338439941406,if,if
144.25856018066406,-9.454877853393555,identifier,funname
61.651885986328125,-149.98126220703125,identifier,self
-69.66450500488281,-140.09022521972656,.,.
66.62920379638672,-3.8302996158599854,identifier,builtins
-163.20660400390625,-25.565187454223633,:,:
61.550743103027344,-154.43409729003906,identifier,self
-72.33191680908203,-140.60243225097656,.,.
66.62875366210938,-3.837228775024414,identifier,builtins
144.35105895996094,-10.21105670928955,identifier,funname
150.6577911376953,-17.13871955871582,identifier,func
59.780540466308594,153.41213989257812,if,if
6.860307216644287,32.163536071777344,identifier,isinstance
-87.13555145263672,-17.164892196655273,(,(
151.03060913085938,-38.286224365234375,identifier,context
-2.9768807888031006,95.62151336669922,",",","
13.870243072509766,0.35235199332237244,identifier,dict
-108.49785614013672,78.75103759765625,),)
-176.20242309570312,-15.195722579956055,:,:
62.52257537841797,151.28041076660156,if,if
144.55233764648438,-9.539973258972168,identifier,funname
150.68617248535156,-38.33183288574219,identifier,context
-172.47254943847656,-20.06802749633789,:,:
150.1809539794922,-17.47431182861328,identifier,func
149.97030639648438,-37.84659194946289,identifier,context
144.6523895263672,-10.313314437866211,identifier,funname
58.699989318847656,152.0793914794922,if,if
7.735379219055176,32.01105499267578,identifier,isinstance
-87.91256713867188,-18.133256912231445,(,(
150.3887939453125,-18.477142333984375,identifier,func
-2.5633676052093506,95.52808380126953,",",","
32.233917236328125,41.39397048950195,identifier,str
-107.25384521484375,78.24076843261719,),)
-173.82591247558594,-18.33136749267578,:,:
150.0159149169922,-17.567543029785156,identifier,func
56.71342849731445,-155.48638916015625,identifier,self
-72.53572082519531,-152.5767822265625,.,.
54.75487518310547,-17.547895431518555,identifier,_deferred_add
-76.15785217285156,-34.99736404418945,(,(
150.29132080078125,-18.677644729614258,identifier,func
-79.15265655517578,75.0304183959961,),)
149.97695922851562,-37.53934860229492,identifier,context
144.75460815429688,-10.37077808380127,identifier,funname
150.1236572265625,-18.75002098083496,identifier,func
40.894378662109375,169.9542694091797,elif,elif
11.575124740600586,26.205232620239258,identifier,hasattr
-89.5565414428711,-17.842748641967773,(,(
150.8994903564453,-37.97579574584961,identifier,context
6.109280586242676,97.35865783691406,",",","
145.065673828125,-9.94447135925293,identifier,funname
-106.41044616699219,75.92501068115234,),)
-174.50318908691406,-18.770200729370117,:,:
150.16273498535156,-17.674644470214844,identifier,func
14.223048210144043,22.336620330810547,identifier,getattr
-70.61556243896484,-21.877973556518555,(,(
150.9654998779297,-37.785064697265625,identifier,context
6.366549015045166,97.51343536376953,",",","
145.23556518554688,-10.049354553222656,identifier,funname
-86.22384643554688,62.30908966064453,),)
50.8983268737793,149.0910186767578,if,if
150.5619659423828,-18.54924201965332,identifier,func
-168.32510375976562,-29.95386505126953,:,:
41.28235626220703,6.432618141174316,identifier,NotFoundError
-51.79094696044922,-38.0054931640625,(,(
46.01715850830078,4.036004066467285,"""","""Function not found"""
8.848898887634277,91.82510375976562,",",","
87.86167907714844,-3.688544988632202,identifier,function
145.54452514648438,-10.079000473022461,identifier,funname
-78.11820983886719,59.20619201660156,),)
149.80897521972656,-19.434099197387695,identifier,func
130.62254333496094,110.55509185791016,def,def
38.25106430053711,-28.21717071533203,identifier,_check_symbol
-82.14874267578125,137.05584716796875,(,(
-1.5625145435333252,-206.4610595703125,identifier,self
-32.91957092285156,183.87376403808594,",",","
138.69566345214844,-4.2438273429870605,identifier,msgid
-26.861740112304688,170.93875122070312,",",","
128.78237915039062,0.09732169657945633,identifier,symbol
-126.2093276977539,115.76177978515625,),)
-178.8175811767578,25.276256561279297,:,:
110.27925109863281,-19.493749618530273,identifier,other_message
58.21399688720703,-151.7323760986328,identifier,self
-73.36356353759766,-148.65530395507812,.,.
58.96519470214844,-18.18175506591797,identifier,_messages_definitions
-34.17197799682617,-113.6856689453125,.,.
6.275619029998779,-29.459421157836914,identifier,get
-71.03251647949219,-27.7785587310791,(,(
129.09361267089844,0.16670778393745422,identifier,symbol
-92.99597930908203,70.20758056640625,),)
57.53939437866211,153.8560028076172,if,if
110.40599060058594,-19.683067321777344,identifier,other_message
-168.22157287597656,-22.477657318115234,:,:
68.71528625488281,-140.35641479492188,identifier,self
-70.75135803222656,-155.4146270751953,.,.
60.300201416015625,-15.829869270324707,identifier,_raise_duplicate_msg_id
-68.67906951904297,-33.461585998535156,(,(
129.1951141357422,0.29933151602745056,identifier,symbol
2.4190127849578857,104.33551788330078,",",","
138.5335693359375,-4.462416648864746,identifier,msgid
5.1555705070495605,104.25930786132812,",",","
110.45841217041016,-19.827322006225586,identifier,other_message
-38.41618728637695,-138.90184020996094,.,.
138.2032928466797,-4.281495571136475,identifier,msgid
-90.16567993164062,57.74188995361328,),)
32.092716217041016,172.26670837402344,else,else
-186.58914184570312,-36.57077407836914,:,:
112.89608764648438,-18.668397903442383,identifier,alternative_msgid
112.28656768798828,-20.10016441345215,identifier,alternative_message
56.97294998168945,-153.74241638183594,identifier,self
-71.9271469116211,-150.50201416015625,.,.
59.649932861328125,-18.077211380004883,identifier,_alternative_names
-33.530391693115234,-113.52405548095703,.,.
6.71848726272583,-29.74877166748047,identifier,get
-71.6319808959961,-27.74837303161621,(,(
129.2176971435547,0.12209506332874298,identifier,symbol
-93.30015563964844,69.49810028076172,),)
56.38820266723633,153.56195068359375,if,if
112.35948944091797,-20.502647399902344,identifier,alternative_message
-176.30459594726562,-16.291290283203125,:,:
63.052001953125,149.92555236816406,if,if
112.48275756835938,-20.96278953552246,identifier,alternative_message
-38.95153045654297,-140.7239990234375,.,.
130.0606689453125,-0.3879149854183197,identifier,symbol
-11.432303428649902,60.09857940673828,==,==
129.2777862548828,-0.6386937499046326,identifier,symbol
-170.42849731445312,-24.00410270690918,:,:
113.22402954101562,-18.80532455444336,identifier,alternative_msgid
112.529541015625,-21.094629287719727,identifier,alternative_message
-38.535343170166016,-139.94290161132812,.,.
138.21792602539062,-4.389859199523926,identifier,msgid
30.770118713378906,173.7834930419922,else,else
-189.19078063964844,-37.152645111083984,:,:
66.62429809570312,130.8588409423828,for,for
114.58728790283203,-17.721355438232422,identifier,old_msgid
-12.52392292022705,114.12303924560547,",",","
115.48593139648438,-16.2116641998291,identifier,old_symbol
112.5376205444336,-21.112823486328125,identifier,alternative_message
-38.21792221069336,-140.6405792236328,.,.
70.86314392089844,-8.899604797363281,identifier,old_names
-180.9498748779297,-15.356048583984375,:,:
62.42189025878906,148.6416015625,if,if
115.48419952392578,-16.215364456176758,identifier,old_symbol
-11.04211711883545,60.37348175048828,==,==
129.33901977539062,-0.611091673374176,identifier,symbol
-170.67095947265625,-24.219802856445312,:,:
113.37744140625,-18.84762954711914,identifier,alternative_msgid
114.64806365966797,-17.77855682373047,identifier,old_msgid
48.11311340332031,147.96005249023438,if,if
138.5841827392578,-4.782827377319336,identifier,msgid
-6.051161766052246,66.98815155029297,!=,!=
113.88963317871094,-19.170528411865234,identifier,alternative_msgid
-176.14865112304688,-27.832345962524414,:,:
66.10450744628906,-135.58856201171875,identifier,self
-65.93761444091797,-155.31503295898438,.,.
60.38048553466797,-15.811463356018066,identifier,_raise_duplicate_msg_id
-75.64051818847656,-42.61288070678711,(,(
129.50791931152344,0.4666198492050171,identifier,symbol
13.220402717590332,102.33065795898438,",",","
138.5068817138672,-4.63594388961792,identifier,msgid
11.994388580322266,100.84626770019531,",",","
114.13542938232422,-19.31715202331543,identifier,alternative_msgid
-63.003726959228516,43.9499397277832,),)
128.78660583496094,111.52549743652344,def,def
39.00426483154297,-22.004566192626953,identifier,pre_build
-81.73094177246094,138.8505401611328,(,(
0.13488763570785522,-204.69898986816406,identifier,self
-33.207542419433594,186.84251403808594,",",","
90.19705963134766,-38.97065353393555,identifier,traj
-128.43017578125,115.62369537353516,),)
-179.5474853515625,27.478506088256836,:,:
67.04257202148438,-142.77340698242188,identifier,self
-73.61807250976562,-156.2665557861328,.,.
20.236591339111328,-55.624691009521484,identifier,_logger
-13.629182815551758,-120.01459503173828,.,.
-27.43808364868164,-29.39781951904297,identifier,info
-51.61800765991211,-29.472253799438477,(,(
54.33301544189453,2.3263957500457764,"""",'Pre-Building Components'
-92.1506576538086,75.26838684082031,),)
69.58104705810547,133.80661010742188,for,for
110.79572296142578,16.407154083251953,identifier,component
58.55952835083008,-147.629150390625,identifier,self
-67.75350189208984,-139.7683563232422,.,.
110.7592544555664,16.47815704345703,identifier,components
-183.6046905517578,-16.06749725341797,:,:
110.79467010498047,16.41002082824707,identifier,component
-29.4094295501709,-122.30701446533203,.,.
39.257015228271484,-20.91252899169922,identifier,pre_build
-68.52374267578125,-35.92740249633789,(,(
90.23125457763672,-38.961971282958984,identifier,traj
2.523115634918213,106.25900268554688,",",","
46.158565521240234,-146.11447143554688,identifier,self
-61.99061584472656,-147.4014129638672,.,.
71.3748779296875,-17.006290435791016,identifier,_brian_list
6.541011810302734,104.52782440185547,",",","
45.94827651977539,-145.9763946533203,identifier,self
-61.8516731262207,-147.15281677246094,.,.
68.08072662353516,-20.899763107299805,identifier,_network_dict
-89.05927276611328,69.62384796142578,),)
56.989315032958984,151.6343231201172,if,if
58.29499816894531,-142.51263427734375,identifier,self
-67.31742095947266,-141.465576171875,.,.
69.88518524169922,1.7602555751800537,identifier,analysers
-170.71759033203125,-21.478626251220703,:,:
67.64978790283203,-139.89439392089844,identifier,self
-69.67805480957031,-157.53956604003906,.,.
20.1583194732666,-55.72359848022461,identifier,_logger
-14.829605102539062,-119.95477294921875,.,.
-28.0889835357666,-29.050256729125977,identifier,info
-51.40327835083008,-31.571733474731445,(,(
54.30842208862305,2.1096978187561035,"""",'Pre-Building Analysers'
-92.41263580322266,75.1864242553711,),)
68.49691772460938,131.33572387695312,for,for
74.71356201171875,-33.75375747680664,identifier,analyser
54.67675018310547,-144.18637084960938,identifier,self
-67.18165588378906,-141.2584686279297,.,.
69.88426971435547,1.7581676244735718,identifier,analysers
-182.96527099609375,-19.440757751464844,:,:
74.70897674560547,-33.755279541015625,identifier,analyser
-29.135313034057617,-122.69676971435547,.,.
39.3369255065918,-20.765422821044922,identifier,pre_build
-71.97657012939453,-38.71410369873047,(,(
90.24542999267578,-38.96112823486328,identifier,traj
3.0024075508117676,106.48167419433594,",",","
46.451900482177734,-145.42811584472656,identifier,self
-61.08238983154297,-147.43663024902344,.,.
71.38654327392578,-17.03992462158203,identifier,_brian_list
7.375415802001953,104.61006164550781,",",","
46.30575180053711,-144.96115112304688,identifier,self
-60.74104309082031,-147.18614196777344,.,.
68.04620361328125,-20.845867156982422,identifier,_network_dict
-78.70336151123047,70.64950561523438,),)
70.99808502197266,-136.13192749023438,identifier,self
-68.84526824951172,-157.5220489501953,.,.
20.151456832885742,-55.741943359375,identifier,_logger
-15.166382789611816,-120.03467559814453,.,.
-28.34870719909668,-28.643943786621094,identifier,info
-50.971641540527344,-32.24501037597656,(,(
54.313838958740234,2.13547682762146,"""",'Pre-Building NetworkRunner'
-81.03361511230469,66.10733032226562,),)
70.98699951171875,-135.48480224609375,identifier,self
-60.94800567626953,-153.3397979736328,.,.
67.2019271850586,-20.225826263427734,identifier,network_runner
-29.03199577331543,-122.93315887451172,.,.
39.48998260498047,-20.615713119506836,identifier,pre_build
-73.61685943603516,-41.718448638916016,(,(
90.25493621826172,-38.96187210083008,identifier,traj
3.3973453044891357,106.76427459716797,",",","
46.910186767578125,-144.8061065673828,identifier,self
-60.236328125,-147.32235717773438,.,.
71.39684295654297,-17.057519912719727,identifier,_brian_list
8.312572479248047,104.4307861328125,",",","
46.894596099853516,-144.2865447998047,identifier,self
-59.746273040771484,-147.0843963623047,.,.
68.01800537109375,-20.803377151489258,identifier,_network_dict
-77.01720428466797,63.633460998535156,),)
71.71575164794922,-133.54525756835938,identifier,self
-62.366886138916016,-156.0031280517578,.,.
40.10646057128906,-20.036500930786133,identifier,_pre_built
129.89617919921875,110.82266998291016,def,def
36.154510498046875,-29.90283966064453,identifier,_flush_results
-83.0421142578125,138.67330932617188,(,(
-0.7095158696174622,-206.2134552001953,identifier,self
-32.635215759277344,185.88771057128906,",",","
84.37423706054688,5.623814582824707,identifier,sock
-126.92042541503906,117.26576232910156,),)
-179.01797485351562,26.88782501220703,:,:
121.97771453857422,-37.212684631347656,identifier,idents
-14.466423034667969,119.0296401977539,",",","
141.130859375,2.6579058170318604,identifier,msg
58.71070098876953,-151.14707946777344,identifier,self
-74.90118408203125,-144.1785125732422,.,.
5.299994945526123,-11.368165016174316,identifier,session
-36.13072967529297,-116.76548767089844,.,.
27.880353927612305,-20.65322494506836,identifier,recv
-67.02571868896484,-36.40634536743164,(,(
84.36821746826172,5.629034996032715,identifier,sock
2.3988611698150635,113.3048324584961,",",","
59.721778869628906,34.570621490478516,identifier,mode
37.66108703613281,2.0176680088043213,identifier,zmq
-52.83768081665039,-131.82315063476562,.,.
63.088226318359375,0.6107814311981201,identifier,NOBLOCK
-90.4058609008789,71.9357681274414,),)
64.7860336303711,140.16848754882812,while,while
139.7483367919922,2.017713785171509,identifier,msg
-176.98008728027344,-12.814570426940918,:,:
63.61250686645508,152.23458862304688,if,if
61.26002502441406,-142.64669799804688,identifier,self
-68.73234558105469,-141.58372497558594,.,.
-21.316207885742188,-30.311321258544922,identifier,debug
-170.03810119628906,-20.145832061767578,:,:
35.59617233276367,-23.032861709594727,identifier,pprint
-76.1183853149414,-33.398441314697266,(,(
140.00967407226562,1.5150034427642822,identifier,msg
-81.98111724853516,76.87299346923828,),)
96.66645050048828,-15.158394813537598,identifier,msg_type
140.14187622070312,0.3225308060646057,identifier,msg
65.46361541748047,13.43248462677002,"""",'header'
66.21702575683594,10.515229225158691,"""",'msg_type'
131.39418029785156,-59.841026306152344,identifier,handler
55.96540069580078,-153.67987060546875,identifier,self
-71.81623077392578,-151.64190673828125,.,.
58.195980072021484,-18.437118530273438,identifier,_queue_handlers
-32.93627166748047,-114.06256103515625,.,.
7.122514247894287,-28.909366607666016,identifier,get
-74.45861053466797,-31.41164779663086,(,(
96.42040252685547,-14.649672508239746,identifier,msg_type
-0.6180034279823303,88.60999298095703,",",","
-88.82310485839844,63.87095260620117,),)
52.03669357299805,149.79478454589844,if,if
131.5869598388672,-60.99813461303711,identifier,handler
-168.0326690673828,-29.803049087524414,:,:
31.928546905517578,10.874405860900879,identifier,Exception
-51.615962982177734,-36.57844924926758,(,(
46.21675491333008,5.909755706787109,"""","""Unhandled message type: %s"""
139.6887969970703,0.7313849925994873,identifier,msg
-41.478416442871094,-136.92236328125,.,.
96.33334350585938,-14.518409729003906,identifier,msg_type
-86.8019027709961,57.2337760925293,),)
32.76668930053711,174.8671112060547,else,else
-188.6942901611328,-39.77529525756836,:,:
131.2996826171875,-61.788978576660156,identifier,handler
-75.35660552978516,-40.224029541015625,(,(
140.0476837158203,1.5419570207595825,identifier,msg
-77.79497528076172,68.0020523071289,),)
122.37488555908203,-36.75770950317383,identifier,idents
-10.636972427368164,118.12525939941406,",",","
140.52882385253906,2.7534916400909424,identifier,msg
54.504966735839844,-155.3506317138672,identifier,self
-64.48515319824219,-151.18392944335938,.,.
5.097487449645996,-11.351154327392578,identifier,session
-30.060306549072266,-120.22187805175781,.,.
27.879650115966797,-20.650943756103516,identifier,recv
-74.44697570800781,-42.413997650146484,(,(
84.36707305908203,5.630610466003418,identifier,sock
7.754928112030029,116.08456420898438,",",","
59.7722053527832,34.60857009887695,identifier,mode
37.66261291503906,2.0185890197753906,identifier,zmq
-52.99496841430664,-132.0059814453125,.,.
63.093780517578125,0.6135551333427429,identifier,NOBLOCK
-61.950496673583984,43.77136993408203,),)
128.39642333984375,115.65373992919922,def,def
32.22908020019531,-29.6346378326416,identifier,update
-80.16937255859375,139.85801696777344,(,(
-3.886557102203369,-202.65834045410156,identifier,self
-32.833709716796875,187.3994140625,",",","
125.57643127441406,-51.5601692199707,identifier,alert
-125.9102554321289,118.01444244384766,),)
-176.4774932861328,23.999635696411133,:,:
91.70439910888672,-75.823974609375,identifier,data
68.89464569091797,12.574850082397461,"""",'id'
-152.89585876464844,-0.6095818877220154,:,:
125.25497436523438,-51.05144119262695,identifier,alert
67.74441528320312,12.406469345092773,"""",'id'
2.4249343872070312,131.35028076171875,",",","
69.8522720336914,12.003604888916016,"""",'args'
-152.651611328125,-1.358040452003479,:,:
124.92462921142578,-51.00837707519531,identifier,alert
67.25492095947266,12.749177932739258,"""",'args'
2.729206085205078,131.39697265625,",",","
70.53771209716797,9.580864906311035,"""",'rate_count'
-152.50538635253906,-1.7909928560256958,:,:
124.90890502929688,-50.620094299316406,identifier,alert
68.41497802734375,9.321503639221191,"""",'rate_count'
3.0815329551696777,131.37286376953125,",",","
70.18057250976562,9.48780632019043,"""",'rate_range'
-152.23410034179688,-2.0794670581817627,:,:
124.72498321533203,-50.52415084838867,identifier,alert
68.38859558105469,9.259549140930176,"""",'rate_range'
3.359015703201294,131.41004943847656,",",","
70.38282775878906,9.344640731811523,"""",'limit_count'
-151.9438934326172,-2.3156392574310303,:,:
124.4383316040039,-50.51109313964844,identifier,alert
68.5648422241211,9.060007095336914,"""",'limit_count'
3.641573667526245,131.3450927734375,",",","
70.0270004272461,9.213102340698242,"""",'limit_range'
-151.72789001464844,-2.575660228729248,:,:
124.28759002685547,-50.63075256347656,identifier,alert
68.55095672607422,8.983160972595215,"""",'limit_range'
3.987485408782959,131.3518524169922,",",","
71.3221206665039,10.885542869567871,"""",'schedule'
-151.43753051757812,-2.844057083129883,:,:
124.2661361694336,-50.9887809753418,identifier,alert
68.19466400146484,10.847212791442871,"""",'schedule'
4.204404354095459,131.2382049560547,",",","
71.208251953125,11.589407920837402,"""",'enabled'
-151.27395629882812,-3.079385995864868,:,:
124.12860107421875,-50.96723937988281,identifier,alert
67.47208404541016,14.306952476501465,"""",'enabled'
4.472965717315674,131.1929473876953,",",","
70.778564453125,11.985795021057129,"""",'type'
-150.82981872558594,-3.0789735317230225,:,:
124.26085662841797,-51.43280029296875,identifier,alert
66.6895523071289,15.159219741821289,"""",'type'
-2.742201566696167,125.44940185546875,",",","
59.96845245361328,-157.45108032226562,identifier,self
-74.50801849365234,-154.1460418701172,.,.
53.203704833984375,-19.55826187133789,identifier,_post
-69.83673858642578,-46.57059860229492,(,(
89.79456329345703,18.18544578552246,identifier,request
39.71702575683594,-51.373291015625,identifier,ApiActions
-53.778602600097656,-133.15206909179688,.,.
31.753469467163086,-29.726619720458984,identifier,UPDATE
-32.67311096191406,-138.34173583984375,.,.
93.56986999511719,59.899864196777344,identifier,value
9.400604248046875,121.62487030029297,",",","
89.13648986816406,13.73062515258789,identifier,uri
39.72332000732422,-51.38322448730469,identifier,ApiUri
-53.70722198486328,-133.1676025390625,.,.
58.535789489746094,-2.815448045730591,identifier,ACTIONS
-32.73427200317383,-138.3755645751953,.,.
93.58588409423828,59.866695404052734,identifier,value
9.448225975036621,121.3949966430664,",",","
71.62152862548828,43.78924560546875,identifier,params
91.92867279052734,-75.65705871582031,identifier,data
-61.72296905517578,45.7529411315918,),)
130.6162567138672,111.89183044433594,def,def
37.04827117919922,-31.24884605407715,identifier,find_symbol
-80.44789123535156,137.38656616210938,(,(
-3.0380208492279053,-204.9731903076172,identifier,self
-36.31635665893555,184.20765686035156,",",","
161.5919189453125,12.181801795959473,identifier,name
-36.25583267211914,157.78855895996094,",",","
116.85527801513672,-12.49171257019043,identifier,kind
-123.29907989501953,112.03833770751953,),)
-181.1461181640625,23.789091110229492,:,:
66.68419647216797,133.7035369873047,for,for
80.71092987060547,-59.44579315185547,identifier,s
41.7628288269043,-6.201240062713623,identifier,reversed
-67.9010238647461,-24.65455436706543,(,(
50.26953887939453,-153.2970733642578,identifier,self
-65.16377258300781,-137.92955017089844,.,.
54.074378967285156,-53.474891662597656,identifier,stack
-111.9498291015625,78.44776916503906,),)
-178.5694122314453,-13.596114158630371,:,:
66.66226959228516,132.43063354492188,for,for
113.2269287109375,-10.42461109161377,identifier,symbol_name
-13.449007034301758,114.5294418334961,",",","
118.74604797363281,-57.0674934387207,identifier,handle
81.43250274658203,-60.36790466308594,identifier,s
-40.77435302734375,-130.11854553222656,.,.
131.0429229736328,-0.5410209894180298,identifier,symbols
-35.118831634521484,-111.41679382324219,.,.
23.375782012939453,14.894805908203125,identifier,items
-82.54536437988281,-64.81703186035156,(,(
-119.03044891357422,55.474159240722656,),)
-180.15386962890625,-12.328934669494629,:,:
114.05005645751953,-11.160616874694824,identifier,symbol_kind
118.17139434814453,-57.354957580566406,identifier,handle
-34.42143249511719,-133.04421997070312,.,.
45.501258850097656,41.27164840698242,identifier,__class__
-34.05132293701172,-135.14097595214844,.,.
45.387054443359375,40.18185806274414,identifier,__name__
54.35645294189453,155.65081787109375,if,if
160.11590576171875,8.144927978515625,identifier,name
-11.119701385498047,59.34132385253906,==,==
113.73096466064453,-10.35671615600586,identifier,symbol_name
27.853097915649414,130.4036865234375,and,and
116.92984771728516,-13.004965782165527,identifier,kind
-10.832220077514648,59.466793060302734,==,==
114.1418228149414,-10.847574234008789,identifier,symbol_kind
-166.25213623046875,-30.188034057617188,:,:
118.96257019042969,-57.77214431762695,identifier,handle
40.36106491088867,169.94911193847656,elif,elif
159.64854431152344,7.825234413146973,identifier,name
27.475055694580078,130.4658203125,and,and
116.93535614013672,-13.071038246154785,identifier,kind
-10.431600570678711,60.02517318725586,==,==
118.12864685058594,-57.439697265625,identifier,handle
-33.87781524658203,-133.5879669189453,.,.
45.749656677246094,41.27860641479492,identifier,__class__
-33.702117919921875,-135.16436767578125,.,.
45.693965911865234,40.251304626464844,identifier,__name__
-166.48658752441406,-30.333662033081055,:,:
118.97714233398438,-57.85002136230469,identifier,handle
40.18680953979492,170.25645446777344,elif,elif
159.8072967529297,7.835000514984131,identifier,name
-10.404614448547363,59.59159469604492,==,==
113.83650207519531,-10.293931007385254,identifier,symbol_name
27.25737190246582,130.764404296875,and,and
116.9300308227539,-13.045571327209473,identifier,kind
-167.3791961669922,-30.993627548217773,:,:
118.94305419921875,-57.86198806762695,identifier,handle
48.30071258544922,147.473388671875,if,if
159.3308563232422,7.564582824707031,identifier,name
26.93035316467285,130.70274353027344,and,and
116.94856262207031,-13.14286994934082,identifier,kind
-9.986852645874023,60.52471160888672,==,==
81.61231994628906,-60.660221099853516,identifier,s
-33.14802551269531,-133.61590576171875,.,.
118.01946258544922,-57.84806442260742,identifier,handle
-33.23884582519531,-134.42025756835938,.,.
45.8446044921875,41.2851676940918,identifier,__class__
-33.28996658325195,-135.09954833984375,.,.
45.84939193725586,40.29962158203125,identifier,__name__
-169.6551055908203,-31.732906341552734,:,:
81.64373016357422,-60.73116683959961,identifier,s
-56.350730895996094,-155.4507293701172,.,.
118.52208709716797,-58.55009841918945,identifier,handle
122.0754165649414,106.92123413085938,def,def
40.401302337646484,-28.07330894470215,identifier,fetch_val_for_key
-84.8941879272461,135.47108459472656,(,(
148.5049591064453,22.49951934814453,identifier,key
-34.161380767822266,171.6061553955078,",",","
84.04127502441406,-5.408727169036865,identifier,delete_key
-124.47588348388672,112.05288696289062,),)
-181.33905029296875,24.65667152404785,:,:
-186.33773803710938,-7.445643901824951,:,:
63.92934036254883,155.17445373535156,if,if
84.02481842041016,-5.399229526519775,identifier,delete_key
-163.30023193359375,-24.79104995727539,:,:
60.36200714111328,-5.306046962738037,identifier,MSAF_FLAGS_DICT
-33.80866622924805,-112.51863098144531,.,.
11.373199462890625,-36.09383773803711,identifier,pop
-71.10567474365234,-28.408369064331055,(,(
148.72352600097656,23.652971267700195,identifier,key
-94.17752838134766,72.54161834716797,),)
60.365089416503906,-5.317756652832031,identifier,MSAF_FLAGS_DICT
148.94384765625,23.47226333618164,identifier,key
38.01530456542969,8.8436279296875,identifier,KeyError
-173.1539306640625,-35.340675354003906,:,:
102.9993667602539,-24.370149612426758,identifier,key_tokens
149.5723114013672,23.207073211669922,identifier,key
-32.771873474121094,-108.5844497680664,.,.
9.77318000793457,11.431550979614258,identifier,rsplit
-57.48781967163086,-25.841856002807617,(,(
54.344749450683594,11.391820907592773,"""",'.'
-1.4458354711532593,91.54222869873047,",",","
-90.97843170166016,66.82247924804688,),)
55.53214645385742,151.87513732910156,if,if
-1.1451367139816284,25.852035522460938,identifier,len
-85.72474670410156,-19.424049377441406,(,(
103.157958984375,-23.75801658630371,identifier,key_tokens
-107.05046844482422,69.16189575195312,),)
-15.188323020935059,61.412113189697266,==,==
-166.74949645996094,-18.231050491333008,:,:
114.90470123291016,25.740577697753906,identifier,section
-12.420924186706543,118.3971176147461,",",","
124.97828674316406,8.89965534210205,identifier,option
103.15680694580078,-23.64920997619629,identifier,key_tokens
32.16244125366211,173.6956329345703,else,else
-188.17483520507812,-37.85995101928711,:,:
114.89442443847656,25.769756317138672,identifier,section
-11.967408180236816,118.50521850585938,",",","
124.94640350341797,8.97362232208252,identifier,option
58.55735397338867,17.01702117919922,"""",'global'
-5.628666877746582,117.80191040039062,",",","
148.1945037841797,24.893585205078125,identifier,key
-188.32986450195312,-9.810624122619629,:,:
-188.6122283935547,-9.503710746765137,:,:
69.46260070800781,-18.657100677490234,identifier,msaf_cfg
-31.865928649902344,-113.4583740234375,.,.
7.5497026443481445,-29.683305740356445,identifier,get
-74.72541046142578,-32.10299301147461,(,(
114.87548828125,25.82193946838379,identifier,section
7.031037330627441,99.1910400390625,",",","
124.84022521972656,9.214059829711914,identifier,option
-87.30624389648438,60.567100524902344,),)
54.06089401245117,-2.2438156604766846,identifier,InterpolationError
-172.47674560546875,-32.304752349853516,:,:
69.44359588623047,-18.650707244873047,identifier,msaf_raw_cfg
-31.79336929321289,-113.45926666259766,.,.
7.756997585296631,-30.07695960998535,identifier,get
-74.85145568847656,-32.27037811279297,(,(
114.87225341796875,25.83322525024414,identifier,section
7.557950019836426,99.3718032836914,",",","
124.8271713256836,9.24480152130127,identifier,option
-86.84475708007812,60.528324127197266,),)
-66.97410583496094,-13.314913749694824,(,(
40.89229202270508,4.5594987869262695,identifier,NoOptionError
9.818657875061035,96.23863983154297,",",","
40.84718322753906,4.568371295928955,identifier,NoSectionError
-104.41963195800781,76.00421905517578,),)
-171.66055297851562,-31.538284301757812,:,:
38.1207160949707,8.897188186645508,identifier,KeyError
-78.28152465820312,-46.39280319213867,(,(
147.13771057128906,25.390932083129883,identifier,key
-61.7833137512207,41.328372955322266,),)
128.28677368164062,109.64569091796875,def,def
41.24829864501953,-34.779361724853516,identifier,_profile_package
-84.64065551757812,141.41123962402344,(,(
1.0054010152816772,-206.1625518798828,identifier,self
-129.08505249023438,119.98348999023438,),)
-179.15774536132812,26.056262969970703,:,:
99.41290283203125,-49.068458557128906,identifier,prof
41.66856002807617,-35.72908020019531,identifier,cProfile
-47.5604362487793,-125.20568084716797,.,.
41.805816650390625,-36.12139129638672,identifier,Profile
-92.2702407836914,-58.01543426513672,(,(
-116.84078216552734,61.51089859008789,),)
99.98450469970703,-48.73373031616211,identifier,prof
-26.412202835083008,-117.75003814697266,.,.
42.7332649230957,-3.7955973148345947,identifier,enable
-91.55685424804688,-55.444644927978516,(,(
-116.78348541259766,60.17082214355469,),)
-188.01840209960938,-7.474067211151123,:,:
50.50142288208008,-29.182323455810547,identifier,runpy
-40.27469253540039,-120.89004516601562,.,.
45.634376525878906,-18.65939712524414,identifier,run_path
-66.81632232666016,-34.3231086730957,(,(
50.31511688232422,-152.09429931640625,identifier,self
-68.10076141357422,-148.85586547851562,.,.
61.25261306762695,-19.24897003173828,identifier,_run_object
1.6074939966201782,112.60885620117188,",",","
103.50126647949219,-6.746059894561768,identifier,run_name
45.54963684082031,34.94929122924805,"""",'__main__'
-91.8072280883789,58.786014556884766,),)
38.02387619018555,5.045148849487305,identifier,SystemExit
-172.80296325683594,-35.189029693603516,:,:
99.99468994140625,-48.7910270690918,identifier,prof
-26.380847930908203,-117.66829681396484,.,.
42.738128662109375,-3.7782135009765625,identifier,disable
-91.30791473388672,-55.00961685180664,(,(
-115.3223876953125,62.712669372558594,),)
99.55258178710938,-45.598480224609375,identifier,prof_stats
55.87001037597656,-38.865325927734375,identifier,pstats
-47.529151916503906,-125.13328552246094,.,.
55.48643112182617,-38.78713607788086,identifier,Stats
-74.76912689208984,-28.9466609954834,(,(
99.91072082519531,-48.53443145751953,identifier,prof
-80.98523712158203,78.10074615478516,),)
100.03199005126953,-45.8201789855957,identifier,prof_stats
-27.503602981567383,-119.39192962646484,.,.
58.01659393310547,-11.14544677734375,identifier,calc_callees
-87.76712036132812,-56.648704528808594,(,(
-113.54887390136719,59.29682540893555,),)
71.35162353515625,15.247313499450684,"""",'objectName'
-150.8826446533203,0.01305233221501112,:,:
53.157020568847656,-153.9568328857422,identifier,self
-67.7333984375,-150.98849487304688,.,.
62.06114959716797,-19.2124080657959,identifier,_object_name
5.231497764587402,130.09979248046875,",",","
71.3511734008789,7.079112529754639,"""",'callStats'
-150.74603271484375,-0.6297125816345215,:,:
53.54773712158203,-153.82456970214844,identifier,self
-70.18140411376953,-152.8097381591797,.,.
55.89852523803711,-19.217124938964844,identifier,_transform_stats
-78.06600952148438,-27.52720832824707,(,(
100.24519348144531,-45.540245056152344,identifier,prof_stats
-98.11052703857422,51.500755310058594,),)
4.74666166305542,129.60560607910156,",",","
71.90776824951172,7.801875114440918,"""",'totalTime'
-150.37841796875,-1.2209670543670654,:,:
100.56432342529297,-45.744964599609375,identifier,prof_stats
-36.36177062988281,-141.21109008789062,.,.
73.64604949951172,6.754823207855225,identifier,total_tt
5.542603492736816,129.80612182617188,",",","
71.58006286621094,5.547873497009277,"""",'primitiveCalls'
-150.04490661621094,-1.3500545024871826,:,:
100.60608673095703,-45.74767303466797,identifier,prof_stats
-36.28130340576172,-141.25048828125,.,.
72.55596160888672,5.270602703094482,identifier,prim_calls
5.7517290115356445,129.6588897705078,",",","
71.96802520751953,7.3370819091796875,"""",'totalCalls'
-149.55975341796875,-1.693121314048767,:,:
100.68737030029297,-45.76304626464844,identifier,prof_stats
-36.248573303222656,-141.3086700439453,.,.
73.14555358886719,6.636340618133545,identifier,total_calls
6.2589921951293945,129.68711853027344,",",","
70.3959732055664,17.444984436035156,"""",'timestamp'
-148.52975463867188,-1.3276530504226685,:,:
27.19356346130371,31.208454132080078,identifier,int
-88.32058715820312,-31.69507598876953,(,(
57.64485549926758,47.32698440551758,identifier,time
-26.187023162841797,-106.95044708251953,.,.
59.179996490478516,46.33481216430664,identifier,time
-86.33007049560547,-65.06732177734375,(,(
-108.9858169555664,49.74467468261719,),)
-77.7754898071289,53.478092193603516,),)
124.11546325683594,106.8280258178711,def,def
37.5068473815918,-27.44713592529297,identifier,_convert_types
-84.6312484741211,137.10215759277344,(,(
79.68486022949219,27.332185745239258,identifier,schema
-31.73200798034668,173.4842071533203,",",","
89.36803436279297,-12.854491233825684,identifier,col_type_dict
-28.003610610961914,168.7255401611328,",",","
104.08146667480469,7.610330581665039,identifier,row
-126.88126373291016,115.26935577392578,),)
-178.3297119140625,26.609113693237305,:,:
99.56304168701172,-25.38828468322754,identifier,converted_row
67.91333770751953,134.4774932861328,for,for
111.12406921386719,-10.005207061767578,identifier,col_name
-13.947494506835938,114.76826477050781,",",","
111.9435043334961,-25.335439682006836,identifier,col_val
25.057052612304688,-10.807347297668457,identifier,zip
-67.75199890136719,-25.079444885253906,(,(
79.68148803710938,27.331052780151367,identifier,schema
0.021533383056521416,99.25094604492188,",",","
104.0820541381836,7.609970569610596,identifier,row
-110.64692687988281,78.27967071533203,),)
-178.94046020507812,-13.218216896057129,:,:
65.38172149658203,152.47232055664062,if,if
53.68897247314453,37.981529235839844,identifier,type
-83.36622619628906,-16.570537567138672,(,(
112.5228271484375,-25.6112060546875,identifier,col_val
-106.17627716064453,70.89551544189453,),)
-70.22327423095703,-12.26424789428711,(,(
62.66071319580078,41.69206619262695,identifier,datetime
-0.1778721958398819,98.91849517822266,",",","
63.42817687988281,41.198448181152344,identifier,date
-108.15213012695312,77.96446228027344,),)
-173.37973022460938,-17.514190673828125,:,:
111.32496643066406,-26.189123153686523,identifier,col_val
57.563201904296875,47.044036865234375,identifier,time
-39.391143798828125,-110.4936294555664,.,.
56.27720260620117,-6.573129177093506,identifier,mktime
-86.6177978515625,-34.76155090332031,(,(
113.21940612792969,-25.65055274963379,identifier,col_val
-34.0833625793457,-127.33920288085938,.,.
56.26532745361328,-6.676661491394043,identifier,timetuple
-87.84485626220703,-63.45649719238281,(,(
-111.53755950927734,50.515106201171875,),)
-66.7767105102539,67.03662872314453,),)
40.44746017456055,168.75860595703125,elif,elif
7.7904953956604,32.635494232177734,identifier,isinstance
-88.10917663574219,-17.905481338500977,(,(
112.71930694580078,-25.876079559326172,identifier,col_val
-2.093127489089966,96.3267593383789,",",","
52.07229232788086,1.283254861831665,identifier,Decimal
-106.89395904541016,77.95475769042969,),)
-173.54258728027344,-17.959936141967773,:,:
111.3363265991211,-26.444358825683594,identifier,col_val
30.76518440246582,27.429752349853516,identifier,float
-85.17505645751953,-29.79405403137207,(,(
112.95219421386719,-26.178895950317383,identifier,col_val
-87.7004623413086,57.15751266479492,),)
40.020103454589844,168.96888732910156,elif,elif
89.54105377197266,-13.184670448303223,identifier,col_type_dict
-31.70650291442871,-112.21702575683594,.,.
7.173347473144531,-29.95616912841797,identifier,get
-74.95738220214844,-30.83439064025879,(,(
110.87158966064453,-10.006789207458496,identifier,col_name
-105.89746856689453,66.59093475341797,),)
-13.80840015411377,60.74789047241211,==,==
59.19097900390625,11.932563781738281,"""","""BYTES"""
-170.6752471923828,-25.98812484741211,:,:
111.31827545166016,-26.608564376831055,identifier,col_val
57.659706115722656,24.590286254882812,identifier,base64
-33.45134735107422,-123.42786407470703,.,.
55.97502517700195,24.180938720703125,identifier,standard_b64encode
-77.88308715820312,-36.99858093261719,(,(
113.09540557861328,-26.362398147583008,identifier,col_val
-101.19844055175781,61.98031234741211,),)
-38.361412048339844,-103.79461669921875,.,.
21.369897842407227,-15.857522964477539,identifier,decode
-59.64260482788086,-20.811973571777344,(,(
55.5921745300293,20.274112701416016,"""",'ascii'
-85.88688659667969,54.943199157714844,),)
33.388126373291016,175.1085968017578,else,else
-187.72271728515625,-40.35212326049805,:,:
111.31133270263672,-26.788890838623047,identifier,col_val
113.07843780517578,-26.975542068481445,identifier,col_val
99.6171646118164,-25.334909439086914,identifier,converted_row
-18.946672439575195,-113.42475128173828,.,.
-13.913554191589355,-55.80893325805664,identifier,append
-81.40985870361328,-42.54069519042969,(,(
113.13267517089844,-26.825180053710938,identifier,col_val
-77.6236801147461,60.105377197265625,),)
99.76296997070312,-25.168638229370117,identifier,converted_row
129.17755126953125,113.76689910888672,def,def
27.323606491088867,-25.792673110961914,identifier,read
-79.34602355957031,139.11732482910156,(,(
-0.9240466952323914,-202.78955078125,identifier,self
-35.16539764404297,185.19558715820312,",",","
95.84638214111328,-4.257781028747559,identifier,input_buffer
-32.6113166809082,168.8528289794922,",",","
80.14985656738281,-39.47500228881836,identifier,kmip_version
28.608287811279297,1.0389702320098877,identifier,enums
-51.74761199951172,-127.40641021728516,.,.
77.46821594238281,-41.46707534790039,identifier,KMIPVersion
-49.94450759887695,-129.26295471191406,.,.
61.9638557434082,-6.668768405914307,identifier,KMIP_1_0
-126.61905670166016,108.3115234375,),)
-179.76966857910156,21.265535354614258,:,:
23.080150604248047,-35.479732513427734,identifier,super
-66.76712799072266,-18.879966735839844,(,(
50.86882400512695,-3.3591833114624023,identifier,GetAttributeListRequestPayload
12.364702224731445,94.58491516113281,",",","
46.490291595458984,-159.88829040527344,identifier,self
-99.05747985839844,62.899871826171875,),)
-40.35525131225586,-103.05757141113281,.,.
26.322275161743164,-25.501054763793945,identifier,read
-66.5896987915039,-36.33515167236328,(,(
95.90177154541016,-4.194746494293213,identifier,input_buffer
2.3646559715270996,112.19656372070312,",",","
80.7056655883789,-39.92461395263672,identifier,kmip_version
81.97686004638672,-39.38198471069336,identifier,kmip_version
-85.84474182128906,74.42835235595703,),)
100.1891098022461,-4.362536907196045,identifier,local_buffer
51.59325408935547,-32.376365661621094,identifier,utils
-48.20707702636719,-123.1708984375,.,.
35.02637481689453,-0.5135220289230347,identifier,BytearrayStream
-86.86567687988281,-35.13040542602539,(,(
95.91726684570312,-4.152132034301758,identifier,input_buffer
-32.838356018066406,-111.00559997558594,.,.
26.21001434326172,-25.291244506835938,identifier,read
-74.36743927001953,-24.542125701904297,(,(
48.62265396118164,-150.310791015625,identifier,self
-62.129249572753906,-137.41188049316406,.,.
49.53076171875,30.62870216369629,identifier,length
-101.0982894897461,46.38753128051758,),)
-68.09522247314453,68.0717544555664,),)
55.059722900390625,150.26031494140625,if,if
59.340110778808594,-142.10415649414062,identifier,self
-67.7452163696289,-146.94073486328125,.,.
52.12687683105469,-12.004846572875977,identifier,is_tag_next
-71.7945556640625,-32.88255310058594,(,(
28.613445281982422,1.0514109134674072,identifier,enums
-53.33861541748047,-128.1246337890625,.,.
84.06066131591797,37.420860290527344,identifier,Tags
-48.625877380371094,-133.79205322265625,.,.
68.18851470947266,-16.378536224365234,identifier,UNIQUE_IDENTIFIER
6.36123514175415,102.6441421508789,",",","
99.26404571533203,-3.902143716812134,identifier,local_buffer
-107.39038848876953,76.53600311279297,),)
-172.9364013671875,-18.02060890197754,:,:
70.79497528076172,-138.9187469482422,identifier,self
-64.96495819091797,-158.3644256591797,.,.
66.49842071533203,-16.899063110351562,identifier,_unique_identifier
71.50232696533203,4.9398417472839355,identifier,primitives
-47.47015380859375,-122.68571472167969,.,.
45.50881576538086,-8.490181922912598,identifier,TextString
-65.6148910522461,-44.3419303894043,(,(
85.03655242919922,34.51665115356445,identifier,tag
28.612468719482422,1.0499346256256104,identifier,enums
-53.353370666503906,-128.1417999267578,.,.
84.06380462646484,37.42333984375,identifier,Tags
-48.621604919433594,-133.8306427001953,.,.
68.19084167480469,-16.386329650878906,identifier,UNIQUE_IDENTIFIER
-79.43598937988281,67.83515930175781,),)
70.57437133789062,-135.2706298828125,identifier,self
-67.92857360839844,-156.2975616455078,.,.
66.38532257080078,-17.19658851623535,identifier,_unique_identifier
-29.7014217376709,-117.94656372070312,.,.
26.363147735595703,-25.235788345336914,identifier,read
-73.0731430053711,-40.5689697265625,(,(
99.07449340820312,-3.894721746444702,identifier,local_buffer
5.805240154266357,114.41519927978516,",",","
80.8145751953125,-40.593597412109375,identifier,kmip_version
82.45027160644531,-39.78032684326172,identifier,kmip_version
-85.63583374023438,58.00345230102539,),)
34.45330810546875,175.3909454345703,else,else
-187.94883728027344,-40.59991455078125,:,:
68.43174743652344,-135.46762084960938,identifier,self
-63.26000213623047,-155.8695068359375,.,.
66.53717803955078,-17.238609313964844,identifier,_unique_identifier
70.2795181274414,-132.47723388671875,identifier,self
-63.290470123291016,-153.9749755859375,.,.
52.66122817993164,-9.308993339538574,identifier,is_oversized
-78.16944885253906,-44.88800048828125,(,(
98.84747314453125,-3.7953953742980957,identifier,local_buffer
-63.22478485107422,42.583473205566406,),)
129.81179809570312,110.29080200195312,def,def
37.691192626953125,-28.511240005493164,identifier,_fetch_file
-82.86952209472656,137.59970092773438,(,(
-1.0130650997161865,-206.6658172607422,identifier,self
-32.81809997558594,184.67843627929688,",",","
102.25357818603516,0.7835878133773804,identifier,remote
-27.364551544189453,170.3292694091797,",",","
101.29695892333984,-2.207791805267334,identifier,local
-126.33084869384766,115.29229736328125,),)
-177.5035858154297,25.228147506713867,:,:
92.50090789794922,-2.878631114959717,identifier,full_remote
45.31964111328125,10.151703834533691,"""","""%s:%s"""
-72.47430419921875,-15.793103218078613,(,(
50.0442008972168,-150.54823303222656,identifier,self
-63.884342193603516,-138.6824951171875,.,.
108.5968246459961,21.625873565673828,identifier,location
0.9742783904075623,99.57303619384766,",",","
102.24809265136719,0.7858754992485046,identifier,remote
-88.8393325805664,73.41069030761719,),)
66.4080810546875,-141.7392120361328,identifier,self
-74.39102172851562,-157.90670776367188,.,.
15.516829490661621,-52.80752944946289,identifier,log
-13.377534866333008,-120.95021057128906,.,.
-26.8430233001709,-28.455537796020508,identifier,info
-50.92058181762695,-30.192424774169922,(,(
46.4908561706543,7.879745006561279,"""","""fetching %s from %s"""
7.910192966461182,89.12686920166016,",",","
101.2855224609375,-2.2176451683044434,identifier,local
2.5937020778656006,99.66937255859375,",",","
92.54208374023438,-2.8834662437438965,identifier,full_remote
-89.20243835449219,70.67250061035156,),)
69.07890319824219,132.91973876953125,for,for
104.08118438720703,41.01747131347656,identifier,i
23.594453811645508,10.154759407043457,identifier,range
-55.38896942138672,-24.156198501586914,(,(
-110.1043472290039,76.86898040771484,),)
-179.78668212890625,-11.972318649291992,:,:
108.4252700805664,-24.206636428833008,identifier,check
46.24551773071289,-13.36452579498291,identifier,check_output
-85.06449127197266,-41.03048324584961,(,(
51.95130157470703,-151.22930908203125,identifier,self
-63.4070930480957,-144.2105255126953,.,.
55.16329574584961,-25.300060272216797,identifier,ssh_cmd
-25.436077117919922,94.89078521728516,+,+
47.116119384765625,-149.40228271484375,identifier,self
-63.318817138671875,-144.1824951171875,.,.
55.25792694091797,-25.411832809448242,identifier,ssh_args
-25.577388763427734,95.89326477050781,+,+
47.19902801513672,-149.27047729492188,identifier,self
-62.112823486328125,-138.9970245361328,.,.
108.59600067138672,21.582529067993164,identifier,location
-4.410036087036133,104.17394256591797,",",","
52.96804428100586,8.07273006439209,"""",'test -e'
4.463206768035889,95.6856918334961,",",","
102.24301147460938,0.7897624969482422,identifier,remote
-3.437174081802368,105.00496673583984,",",","
52.27361297607422,7.042709827423096,"""","""&& echo 'yes' || echo 'no'"""
-68.54431915283203,65.13236236572266,),)
108.58921813964844,-24.051612854003906,identifier,check
109.00997161865234,-23.655651092529297,identifier,check
-31.366575241088867,-109.01428985595703,.,.
37.73055648803711,20.30327606201172,identifier,strip
-83.90811920166016,-60.233665466308594,(,(
-112.35062408447266,57.62705612182617,),)
52.500396728515625,149.28692626953125,if,if
108.96507263183594,-23.681493759155273,identifier,check
-12.852494239807129,60.523902893066406,==,==
60.30079650878906,17.882543563842773,"""",'no'
-172.2431182861328,-27.36799430847168,:,:
57.00791549682617,47.64280700683594,identifier,time
-16.58757209777832,-115.81291198730469,.,.
37.583824157714844,54.49784469604492,identifier,sleep
-54.66167068481445,-23.405664443969727,(,(
-86.48090362548828,55.53742599487305,),)
38.94163131713867,168.94334411621094,elif,elif
109.01161193847656,-23.633573532104492,identifier,check
-12.797529220581055,60.41514587402344,==,==
60.30729293823242,17.92355728149414,"""",'yes'
-168.0460205078125,-31.881202697753906,:,:
46.27986526489258,-13.33388900756836,identifier,check_output
-77.48899841308594,-41.88664245605469,(,(
51.96070098876953,-154.83941650390625,identifier,self
-56.823055267333984,-144.88204956054688,.,.
54.989749908447266,-25.060335159301758,identifier,scp_cmd
-25.19873046875,96.05624389648438,+,+
92.58247375488281,-2.9176371097564697,identifier,full_remote
10.642906188964844,99.29391479492188,",",","
101.26817321777344,-2.2291650772094727,identifier,local
-63.68285369873047,45.14119338989258,),)
129.33602905273438,110.97772216796875,def,def
35.236087799072266,-27.19062042236328,identifier,_load
-81.02178192138672,139.10897827148438,(,(
-0.11575331538915634,-205.66220092773438,identifier,self
-33.882015228271484,186.94430541992188,",",","
87.01575469970703,-12.777926445007324,identifier,load_dict
-127.94849395751953,114.19976806640625,),)
-183.15509033203125,26.125513076782227,:,:
65.38441467285156,156.16116333007812,if,if
60.175437927246094,-145.0999298095703,identifier,self
-69.41759490966797,-144.37399291992188,.,.
67.82489013671875,-13.44372272491455,identifier,v_locked
-164.02186584472656,-25.55246925354004,:,:
53.5561637878418,-3.396268844604492,identifier,pex
-46.81657791137695,-124.9835205078125,.,.
50.872867584228516,1.4101594686508179,identifier,ParameterLockedException
-54.31075668334961,-36.06755447387695,(,(
47.84815216064453,6.710611820220947,"""",'Parameter `%s` is locked!'
43.45726013183594,-147.18917846679688,identifier,self
-61.816349029541016,-143.5948028564453,.,.
68.56856536865234,-11.557363510131836,identifier,v_full_name
-89.72013854980469,69.72628021240234,),)
57.6658935546875,150.80154418945312,if,if
68.3786392211914,13.976948738098145,"""",'data'
87.02598571777344,-13.292003631591797,identifier,load_dict
-169.5602569580078,-21.114696502685547,:,:
71.46501159667969,-139.89158630371094,identifier,self
-65.4677963256836,-160.7616729736328,.,.
67.26429748535156,-24.057735443115234,identifier,_data
87.35472106933594,-13.936319351196289,identifier,load_dict
66.51898193359375,13.678778648376465,"""",'data'
66.5100326538086,13.743534088134766,"""",'data'
74.5523452758789,-138.2979736328125,identifier,self
-65.31988525390625,-160.27816772460938,.,.
58.66475296020508,-24.867107391357422,identifier,_default
52.87601089477539,-146.82403564453125,identifier,self
-65.40562438964844,-148.80824279785156,.,.
67.2881851196289,-24.05469512939453,identifier,_data
33.66920852661133,172.64004516601562,else,else
-186.37147521972656,-39.01527786254883,:,:
66.98352813720703,-139.586181640625,identifier,self
-70.67485809326172,-157.51026916503906,.,.
19.855154037475586,-55.75722122192383,identifier,_logger
-15.194096565246582,-120.66039276123047,.,.
-26.223430633544922,-25.431926727294922,identifier,warning
-51.55186462402344,-34.43141555786133,(,(
47.83370590209961,6.515449523925781,"""","'Your parameter `%s` is empty, '"
48.72317123413086,3.1529057025909424,"""",'I did not find any data on disk.'
43.4714469909668,-147.14549255371094,identifier,self
-61.70777130126953,-143.64389038085938,.,.
68.57449340820312,-11.520170211791992,identifier,v_full_name
-86.2704849243164,65.98821258544922,),)
55.372684478759766,148.28167724609375,if,if
68.07557678222656,-0.36858683824539185,"""",'explored_data'
87.03599548339844,-13.408175468444824,identifier,load_dict
-175.49142456054688,-22.662612915039062,:,:
70.73301696777344,-138.62069702148438,identifier,self
-64.11162567138672,-158.10035705566406,.,.
68.08966064453125,-1.0420695543289185,identifier,_explored_range
74.86030578613281,58.32794189453125,identifier,x
68.93962097167969,125.75320434570312,for,for
75.63804626464844,59.08203887939453,identifier,x
87.39949035644531,-14.018204689025879,identifier,load_dict
68.097412109375,-0.3675186336040497,"""",'explored_data'
66.372802734375,14.564489364624023,"""",'data'
-36.950016021728516,-107.76668548583984,.,.
38.58613967895508,-11.089377403259277,identifier,tolist
-84.58490753173828,-63.8458366394043,(,(
-110.00272369384766,52.18532180786133,),)
72.58757019042969,-133.16661071777344,identifier,self
-62.61778259277344,-156.46533203125,.,.
68.07245635986328,-1.1874271631240845,identifier,_explored
71.74264526367188,-132.70724487304688,identifier,self
-62.24034881591797,-155.72390747070312,.,.
67.99151611328125,-14.10883903503418,identifier,_locked
130.4660186767578,112.5353775024414,def,def
40.56237030029297,-30.010141372680664,identifier,common_logger_config
-82.82396697998047,137.00660705566406,(,(
-2.483154535293579,-205.00962829589844,identifier,self
-33.73981475830078,183.7570037841797,",",","
19.648027420043945,-60.42272186279297,identifier,logger
-31.957857131958008,170.8573455810547,",",","
122.05958557128906,27.864065170288086,identifier,config
-34.17578887939453,168.00283813476562,",",","
76.400146484375,-3.6995584964752197,identifier,incremental
-124.9736328125,111.49629211425781,),)
-178.5337371826172,23.637527465820312,:,:
109.93075561523438,29.95598030090332,identifier,level
122.55305480957031,28.419404983520508,identifier,config
-30.690570831298828,-110.63249206542969,.,.
5.678815841674805,-30.703166961669922,identifier,get
-61.74893569946289,-25.28123664855957,(,(
64.0691909790039,11.713177680969238,"""",'level'
1.885593056678772,89.47313690185547,",",","
-91.14806365966797,68.12918090820312,),)
57.812931060791016,155.76036071777344,if,if
109.57444763183594,30.064062118530273,identifier,level
-168.7955780029297,-16.590497970581055,:,:
18.898239135742188,-59.64130401611328,identifier,logger
-24.513700485229492,-115.87724304199219,.,.
109.07850646972656,31.008256912231445,identifier,setLevel
-86.82159423828125,-35.905426025390625,(,(
52.54576110839844,-15.241604804992676,identifier,_checkLevel
-76.21258544921875,-26.254934310913086,(,(
109.30816650390625,29.93327522277832,identifier,level
-100.87213897705078,46.988189697265625,),)
-67.94486236572266,68.42929077148438,),)
56.23766326904297,158.01820373535156,if,if
76.3904037475586,-3.698345422744751,identifier,incremental
-175.84506225585938,-17.006330490112305,:,:
67.02904510498047,131.6121368408203,for,for
95.788330078125,34.549381256103516,identifier,h
19.047937393188477,-59.78805160522461,identifier,logger
-40.447078704833984,-130.81822204589844,.,.
128.20770263671875,-59.80062484741211,identifier,handlers
-162.97564697265625,-6.628807067871094,:,:
-183.27838134765625,-18.285694122314453,:,:
18.94001007080078,-59.6615104675293,identifier,logger
-24.545310974121094,-115.95675659179688,.,.
51.65230941772461,-22.96200180053711,identifier,removeHandler
-76.39224243164062,-33.97593688964844,(,(
95.78681182861328,34.548179626464844,identifier,h
-81.53009033203125,76.55420684814453,),)
128.545166015625,-59.75069808959961,identifier,handlers
122.63587188720703,28.507305145263672,identifier,config
-30.126827239990234,-110.52613830566406,.,.
6.641424179077148,-30.70513343811035,identifier,get
-61.79242706298828,-24.363361358642578,(,(
64.06051635742188,12.720907211303711,"""",'handlers'
1.724254846572876,89.19557189941406,",",","
-88.890380859375,63.754669189453125,),)
51.75994873046875,152.09938049316406,if,if
128.4627227783203,-59.807743072509766,identifier,handlers
-176.11456298828125,-25.9189453125,:,:
66.67001342773438,-136.37733459472656,identifier,self
-65.33905029296875,-154.01600646972656,.,.
51.73451614379883,-22.363805770874023,identifier,add_handlers
-75.06270599365234,-38.96065139770508,(,(
19.73965835571289,-60.11759948730469,identifier,logger
7.322055339813232,100.1220474243164,",",","
128.46615600585938,-59.82897186279297,identifier,handlers
-78.57889556884766,68.90829467773438,),)
118.17364501953125,-26.536226272583008,identifier,filters
122.62740325927734,28.529584884643555,identifier,config
-30.018789291381836,-110.61089324951172,.,.
7.209575176239014,-30.738784790039062,identifier,get
-61.673316955566406,-24.064985275268555,(,(
64.10417175292969,12.941631317138672,"""",'filters'
1.6655774116516113,89.04045867919922,",",","
-88.4886474609375,63.174503326416016,),)
50.446903228759766,150.7135009765625,if,if
118.17351531982422,-26.533905029296875,identifier,filters
-176.86322021484375,-26.190021514892578,:,:
66.45724487304688,-135.86837768554688,identifier,self
-64.68863677978516,-154.12417602539062,.,.
51.713478088378906,-22.20848846435547,identifier,add_filters
-76.51287078857422,-43.2269287109375,(,(
19.785736083984375,-60.156246185302734,identifier,logger
10.674570083618164,100.70278930664062,",",","
118.17903900146484,-26.536577224731445,identifier,filters
-63.50431442260742,43.11802673339844,),)
123.96441650390625,111.21400451660156,def,def
44.818599700927734,-26.58152961730957,identifier,RegisterFreeformKey
-83.26439666748047,134.2832794189453,(,(
63.30965042114258,-122.7230224609375,identifier,cls
-33.14809799194336,179.9795379638672,",",","
148.25559997558594,22.548534393310547,identifier,key
-30.87643051147461,171.4708709716797,",",","
160.57846069335938,11.671917915344238,identifier,name
-34.711177825927734,168.08888244628906,",",","
62.311946868896484,26.436918258666992,identifier,mean
56.218997955322266,3.907802104949951,"""","b""com.apple.iTunes"""
-126.6315689086914,109.03144073486328,),)
-178.3843231201172,21.308908462524414,:,:
122.88670349121094,-9.329198837280273,identifier,atomid
55.214752197265625,7.724071979522705,"""","b""----:"""
-28.222185134887695,93.58372497558594,+,+
62.3083381652832,26.434682846069336,identifier,mean
-24.958229064941406,93.2764892578125,+,+
55.206626892089844,7.9868340492248535,"""","b"":"""
-28.040422439575195,93.69947814941406,+,+
159.210205078125,12.04218578338623,identifier,name
119.3698501586914,114.96340942382812,def,def
32.09292984008789,5.5997633934021,identifier,getter
-64.51961517333984,-32.98706817626953,(,(
85.64523315429688,35.95948791503906,identifier,tags
3.1581387519836426,98.30391693115234,",",","
148.1202392578125,23.98395538330078,identifier,key
-110.0689697265625,78.6475830078125,),)
-179.31370544433594,-6.528661727905273,:,:
81.29241180419922,-60.187984466552734,identifier,s
-33.49073028564453,-109.61885070800781,.,.
21.38810157775879,-15.88817310333252,identifier,decode
-60.938697814941406,-26.670957565307617,(,(
54.643375396728516,18.211593627929688,"""","""utf-8"""
0.812358558177948,93.0410385131836,",",","
61.59263229370117,9.705448150634766,"""","""replace"""
-93.90940856933594,63.10844039916992,),)
70.78351593017578,126.34874725341797,for,for
80.68177032470703,-59.430240631103516,identifier,s
86.0074462890625,36.40105438232422,identifier,tags
123.16929626464844,-9.144495010375977,identifier,atomid
119.24422454833984,115.55244445800781,def,def
30.169471740722656,5.2251129150390625,identifier,setter
-64.5138168334961,-33.517433166503906,(,(
85.7895278930664,36.013912200927734,identifier,tags
3.7250704765319824,98.20915222167969,",",","
147.8900909423828,24.22010612487793,identifier,key
4.349730014801025,99.22130584716797,",",","
95.52850341796875,59.3928108215332,identifier,value
-107.19598388671875,77.1833724975586,),)
-180.10171508789062,-8.996708869934082,:,:
86.21241760253906,36.4801025390625,identifier,tags
123.1580810546875,-9.153133392333984,identifier,atomid
53.84626770019531,18.792497634887695,identifier,utf8
-78.42626953125,-28.781949996948242,(,(
94.16432189941406,48.93772506713867,identifier,v
-93.92082977294922,61.5499382019043,),)
69.8402099609375,126.5544204711914,for,for
95.07462310791016,48.35256576538086,identifier,v
94.67082977294922,59.103294372558594,identifier,value
119.09288024902344,115.63739776611328,def,def
76.31404113769531,-29.150554656982422,identifier,deleter
-73.70015716552734,-39.04262161254883,(,(
85.81843566894531,35.988555908203125,identifier,tags
4.234894275665283,98.11714935302734,",",","
147.75396728515625,24.607919692993164,identifier,key
-105.83826446533203,76.05643463134766,),)
-180.5500030517578,-9.342092514038086,:,:
-86.18704223632812,-25.822189331054688,(,(
86.18001556396484,36.4552001953125,identifier,tags
123.24662017822266,-9.106066703796387,identifier,atomid
-75.72933959960938,67.00859069824219,),)
63.322383880615234,-122.82335662841797,identifier,cls
-24.3804988861084,-129.85443115234375,.,.
45.75000762939453,-26.167970657348633,identifier,RegisterKey
-74.8763198852539,-43.83168029785156,(,(
147.313720703125,24.900354385375977,identifier,key
12.58950424194336,102.84848022460938,",",","
32.09749984741211,5.602415084838867,identifier,getter
12.448954582214355,102.13275146484375,",",","
30.16690444946289,5.227468490600586,identifier,setter
12.083822250366211,101.51416778564453,",",","
76.31936645507812,-29.152359008789062,identifier,deleter
-61.59708023071289,43.248130798339844,),)
131.12408447265625,112.08576202392578,def,def
40.18851852416992,-29.603984832763672,identifier,prepare_user_module
-80.61063385009766,135.62965393066406,(,(
-4.758418083190918,-204.48789978027344,identifier,self
-36.46685791015625,184.73666381835938,",",","
106.60405731201172,-15.347479820251465,identifier,user_module
-36.64458084106445,157.60382080078125,",",","
104.70664978027344,-16.59600257873535,identifier,user_ns
-123.16281127929688,111.45533752441406,),)
-183.3184814453125,23.86859703063965,:,:
64.23311614990234,157.58639526367188,if,if
106.8274154663086,-15.8642578125,identifier,user_module
29.23460578918457,130.4567108154297,and,and
104.91674041748047,-17.09069061279297,identifier,user_ns
-169.0965118408203,-16.502269744873047,:,:
105.19331359863281,-17.20516014099121,identifier,user_ns
-24.230737686157227,-110.56048583984375,.,.
1.8722013235092163,-33.980865478515625,identifier,setdefault
-59.80842971801758,-25.65262794494629,(,(
44.8787841796875,36.473060607910156,"""","""__name__"""
0.747042179107666,93.96281433105469,",",","
45.04452896118164,35.92024612426758,"""","""__main__"""
-88.91117095947266,75.41749572753906,),)
54.74489212036133,-31.1315860748291,identifier,DummyMod
-65.25108337402344,-30.722448348999023,(,(
68.93093872070312,31.686016082763672,identifier,object
-110.04023742675781,80.35315704345703,),)
-177.2406768798828,-7.411895275115967,:,:
49.33924102783203,0.5222200751304626,"""","""A dummy module used for IPython's interactive namespace."""
107.42888641357422,-16.18686866760254,identifier,user_module
54.7469482421875,-31.128707885742188,identifier,DummyMod
-90.70178985595703,-58.749046325683594,(,(
-115.01722717285156,61.56365966796875,),)
107.3311767578125,-16.933149337768555,identifier,user_module
-30.560123443603516,-134.14175415039062,.,.
44.74130630493164,42.595516204833984,identifier,__dict__
104.79956817626953,-17.414783477783203,identifier,user_ns
53.3638801574707,155.41909790039062,if,if
106.94889831542969,-16.236385345458984,identifier,user_module
-174.55545043945312,-20.474327087402344,:,:
107.57781219482422,-16.483346939086914,identifier,user_module
52.90431213378906,34.39706039428711,identifier,types
-47.58059310913086,-122.79553985595703,.,.
74.01580047607422,0.6852628588676453,identifier,ModuleType
-60.09086227416992,-35.16393280029297,(,(
45.07373809814453,35.89333724975586,"""","""__main__"""
0.0767967700958252,115.03082275390625,",",","
53.901092529296875,4.113056182861328,identifier,doc
49.15504837036133,0.23212206363677979,"""","""Automatically created module for IPython interactive environment"""
-83.21278381347656,69.03108215332031,),)
107.43989562988281,-17.307727813720703,identifier,user_module
-30.65117835998535,-134.3441925048828,.,.
44.86587905883789,42.49456787109375,identifier,__dict__
-24.56171417236328,-109.56529998779297,.,.
1.8540867567062378,-34.03265380859375,identifier,setdefault
-60.008827209472656,-24.519792556762695,(,(
46.95247268676758,35.89324188232422,"""",'__builtin__'
5.965909957885742,93.15989685058594,",",","
82.1767807006836,-2.8194527626037598,identifier,builtin_mod
-79.35316467285156,70.84918212890625,),)
107.45455169677734,-17.437406539916992,identifier,user_module
-30.708457946777344,-134.455322265625,.,.
44.85404968261719,42.48939514160156,identifier,__dict__
-24.614809036254883,-109.52721405029297,.,.
1.848731517791748,-34.06231689453125,identifier,setdefault
-60.00503921508789,-24.33561897277832,(,(
47.023685455322266,35.880615234375,"""",'__builtins__'
6.280630588531494,93.1525650024414,",",","
82.18099212646484,-2.8217973709106445,identifier,builtin_mod
-85.25508880615234,62.65803909301758,),)
51.19805908203125,148.3355712890625,if,if
104.7627944946289,-18.317556381225586,identifier,user_ns
-176.74636840820312,-22.91403579711914,:,:
104.72795867919922,-18.537250518798828,identifier,user_ns
107.3158187866211,-17.831632614135742,identifier,user_module
-31.212570190429688,-135.10699462890625,.,.
44.51346206665039,42.24700927734375,identifier,__dict__
107.13217163085938,-18.237260818481445,identifier,user_module
17.258861541748047,114.23512268066406,",",","
104.24463653564453,-19.336877822875977,identifier,user_ns
128.540283203125,110.85811614990234,def,def
40.63864517211914,-29.021568298339844,identifier,f_dir_data
-84.87952423095703,140.50669860839844,(,(
1.4505033493041992,-204.95733642578125,identifier,self
-127.67147827148438,119.837646484375,),)
-183.07920837402344,27.45406150817871,:,:
67.26158142089844,157.53176879882812,if,if
-85.73213195800781,-15.04918098449707,(,(
59.491859436035156,-146.03591918945312,identifier,self
-70.30281829833984,-146.6639862060547,.,.
65.27122497558594,-20.59514045715332,identifier,_nn_interface
28.9898681640625,129.89895629882812,and,and
56.825382232666016,-145.38485717773438,identifier,self
-69.96883392333984,-147.87716674804688,.,.
65.33283996582031,-20.57599639892578,identifier,_nn_interface
-45.215431213378906,-133.17422485351562,.,.
66.00414276123047,-13.337935447692871,identifier,_root_instance
28.80399513244629,129.69271850585938,and,and
56.76228332519531,-145.37115478515625,identifier,self
-69.65715789794922,-147.41624450683594,.,.
66.84713745117188,-13.00736141204834,identifier,v_root
-45.183799743652344,-133.33209228515625,.,.
66.42284393310547,-11.816847801208496,identifier,v_auto_load
-108.37995147705078,81.21599578857422,),)
-176.22479248046875,-14.42776107788086,:,:
-186.49642944335938,-8.733479499816895,:,:
64.65019226074219,151.59530639648438,if,if
59.055206298828125,-143.27610778808594,identifier,self
-67.95074462890625,-144.3470916748047,.,.
66.571044921875,-12.85511302947998,identifier,v_is_root
-169.86097717285156,-22.078596115112305,:,:
68.42823791503906,-138.8054962158203,identifier,self
-66.47679138183594,-153.51710510253906,.,.
49.362396240234375,-24.78130531311035,identifier,f_load
-65.98206329345703,-41.69791030883789,(,(
76.819091796875,-1.106196403503418,identifier,recursive
1.4886338710784912,118.96524047851562,",",","
87.38896942138672,3.6532747745513916,identifier,max_depth
1.4226572513580322,119.73060607910156,",",","
85.24199676513672,-14.096244812011719,identifier,load_data
59.49228286743164,-39.12647247314453,identifier,pypetconstants
-51.61744689941406,-131.28387451171875,.,.
60.48007583618164,-0.9379274249076843,identifier,LOAD_SKELETON
1.5397591590881348,121.06965637207031,",",","
64.50607299804688,-9.412651062011719,identifier,with_meta_data
1.2181367874145508,120.75955200195312,",",","
64.47213745117188,-9.418255805969238,identifier,with_run_information
-85.67084503173828,59.44240188598633,),)
32.82640838623047,174.31394958496094,else,else
-187.35968017578125,-39.55039596557617,:,:
67.5340347290039,-137.17274475097656,identifier,self
-66.33685302734375,-153.53245544433594,.,.
49.33523941040039,-24.746082305908203,identifier,f_load
-66.35282135009766,-42.19981384277344,(,(
76.81904602050781,-1.10928213596344,identifier,recursive
1.3295818567276,119.13365173339844,",",","
87.38434600830078,3.6595942974090576,identifier,max_depth
1.0242443084716797,119.97229766845703,",",","
85.23527526855469,-14.09399700164795,identifier,load_data
59.49441146850586,-39.128173828125,identifier,pypetconstants
-51.73812484741211,-131.36721801757812,.,.
60.5231819152832,-0.8935108780860901,identifier,LOAD_SKELETON
-84.85279083251953,59.36524963378906,),)
30.979686737060547,11.43708610534668,identifier,Exception
23.820451736450195,-5.773212909698486,identifier,exc
-173.6950225830078,-32.114891052246094,:,:
21.090518951416016,0.9209364056587219,identifier,list
-81.94384002685547,-45.63204574584961,(,(
52.18448257446289,-155.46739196777344,identifier,self
-63.36940383911133,-151.7002410888672,.,.
60.39784240722656,-20.8519229888916,identifier,_children
-30.81998634338379,-115.94733428955078,.,.
142.1670684814453,25.811002731323242,identifier,keys
-84.47979736328125,-64.55691528320312,(,(
-108.68268585205078,50.12216567993164,),)
-64.11841583251953,43.96259689331055,),)
131.25552368164062,110.2835693359375,def,def
38.63756561279297,-27.49441146850586,identifier,_on_edges
-81.98018646240234,135.35610961914062,(,(
-3.397667646408081,-206.5168914794922,identifier,self
-33.02742004394531,183.0056610107422,",",","
69.22723388671875,31.872703552246094,identifier,object
-29.733564376831055,171.89620971679688,",",","
160.97752380371094,12.191460609436035,identifier,name
-29.177465438842773,171.78570556640625,",",","
119.29414367675781,-17.757352828979492,identifier,old
-25.95634651184082,169.72598266601562,",",","
94.08770751953125,7.967623710632324,identifier,new
-125.07939147949219,114.17729187011719,),)
-183.20494079589844,24.949012756347656,:,:
65.71636199951172,157.49639892578125,if,if
160.86289978027344,10.368658065795898,identifier,name
-13.636571884155273,58.70435333251953,==,==
60.16672134399414,8.824021339416504,"""","""edges_items"""
-164.4832763671875,-19.05855369567871,:,:
106.88336181640625,-31.799226760864258,identifier,edges
94.09805297851562,7.970054626464844,identifier,new
-41.04975509643555,-133.23287963867188,.,.
-6.400410175323486,-52.34795379638672,identifier,added
41.857749938964844,168.60089111328125,elif,elif
160.7964630126953,10.423812866210938,identifier,name
-13.446914672851562,58.90443801879883,==,==
60.147605895996094,8.928561210632324,"""","""edges"""
-164.4862823486328,-19.244646072387695,:,:
106.88643646240234,-31.799774169921875,identifier,edges
94.00647735595703,8.148390769958496,identifier,new
31.31930160522461,171.9097900390625,else,else
-186.923828125,-36.08414840698242,:,:
106.8836669921875,-31.80560874938965,identifier,edges
100.6530990600586,-23.26463508605957,identifier,all_nodes
92.26966857910156,36.89253234863281,identifier,n
69.68706512451172,124.99559020996094,for,for
84.09001922607422,-54.86449432373047,identifier,g
62.40628433227539,-152.7506561279297,identifier,self
-64.66241455078125,-144.0298614501953,.,.
63.16556167602539,-14.892497062683105,identifier,all_graphs
70.99517822265625,125.07305145263672,for,for
92.27745819091797,36.89762878417969,identifier,n
84.0915298461914,-54.86254119873047,identifier,g
-41.11837387084961,-135.0450439453125,.,.
64.17877960205078,-34.07143020629883,identifier,nodes
69.701416015625,132.55068969726562,for,for
104.49455261230469,-33.72145080566406,identifier,each_edge
106.86536407470703,-31.836055755615234,identifier,edges
-180.66815185546875,-15.478399276733398,:,:
63.223018646240234,149.3642120361328,if,if
104.43669128417969,-34.35334777832031,identifier,each_edge
-38.06862258911133,-141.36529541015625,.,.
79.64875793457031,0.07154114544391632,identifier,tail_node
100.86748504638672,-22.822542190551758,identifier,all_nodes
-172.96868896484375,-24.357515335083008,:,:
69.73785400390625,32.18846893310547,identifier,object
-30.173490524291992,-131.41966247558594,.,.
64.1829833984375,-34.076454162597656,identifier,nodes
-21.04929542541504,-112.69142150878906,.,.
-12.467350959777832,-56.59953689575195,identifier,append
-81.72695922851562,-39.642704010009766,(,(
104.42644500732422,-34.63370132446289,identifier,each_edge
-37.34769058227539,-140.07188415527344,.,.
79.7218246459961,0.05162777751684189,identifier,tail_node
-85.96807861328125,63.9339714050293,),)
52.1140022277832,148.0367431640625,if,if
104.34039306640625,-34.624393463134766,identifier,each_edge
-37.90685272216797,-141.40982055664062,.,.
80.08346557617188,0.00047764109331183136,identifier,head_node
100.92985534667969,-22.687850952148438,identifier,all_nodes
-173.41038513183594,-24.707860946655273,:,:
69.75162506103516,32.197174072265625,identifier,object
-30.136266708374023,-131.39833068847656,.,.
64.18412017822266,-34.07609176635742,identifier,nodes
-20.902360916137695,-112.99783325195312,.,.
-13.152217864990234,-56.788330078125,identifier,append
-81.70755767822266,-39.97378921508789,(,(
104.35698699951172,-34.795631408691406,identifier,each_edge
-37.126434326171875,-140.131591796875,.,.
80.16046142578125,-0.02463003620505333,identifier,head_node
-76.53955078125,64.76763916015625,),)
104.06546783447266,-35.058380126953125,identifier,each_edge
-34.303993225097656,-143.66009521484375,.,.
60.85368728637695,-21.966426849365234,identifier,_nodes
101.10710144042969,-22.294645309448242,identifier,all_nodes
121.62052917480469,106.02362823486328,def,def
42.01664352416992,-28.66745948791504,identifier,get_clinvar_submission
-83.52195739746094,134.90301513671875,(,(
47.433631896972656,-61.16978454589844,identifier,store
-32.05116653442383,173.85902404785156,",",","
77.97997283935547,-32.35659408569336,identifier,institute_id
-30.003040313720703,168.67750549316406,",",","
106.21598052978516,-3.594235420227051,identifier,case_name
-29.65407943725586,168.44113159179688,",",","
114.9847640991211,-5.5137810707092285,identifier,variant_id
-28.70526695251465,167.9359893798828,",",","
117.8118896484375,-6.733718395233154,identifier,submission_id
-126.51353454589844,112.46417236328125,),)
-175.52325439453125,22.70801544189453,:,:
78.27911376953125,-32.173458099365234,identifier,institute_obj
-14.824800491333008,118.03947448730469,",",","
105.11302185058594,-4.767536163330078,identifier,case_obj
77.85397338867188,-31.74518394470215,identifier,institute_and_case
-68.10377502441406,-32.589576721191406,(,(
47.774169921875,-60.93730545043945,identifier,store
1.1601548194885254,103.1379165649414,",",","
78.23193359375,-32.20561981201172,identifier,institute_id
2.5368711948394775,100.76107788085938,",",","
106.17113494873047,-3.665557622909546,identifier,case_name
-86.56751251220703,75.28598022460938,),)
81.08585357666016,-24.502182006835938,identifier,pinned
47.90597152709961,-60.40515899658203,identifier,store
-38.648101806640625,-126.23971557617188,.,.
117.80451202392578,-3.506030321121216,identifier,variant
-73.71461486816406,-27.725513458251953,(,(
115.0613021850586,-6.117854595184326,identifier,variant_id
-108.16918182373047,71.97643280029297,),)
33.853721618652344,126.06464385986328,or,or
115.14007568359375,-6.253182888031006,identifier,variant_id
71.52548217773438,125.58045959472656,for,for
114.9407730102539,-6.2769975662231445,identifier,variant_id
105.02340698242188,-4.851754188537598,identifier,case_obj
-32.04023361206055,-111.40811920166016,.,.
5.423459529876709,-30.173751831054688,identifier,get
-62.31165313720703,-25.60100746154785,(,(
61.49720001220703,4.166241645812988,"""",'suspects'
3.783489942550659,89.92292022705078,",",","
-96.77792358398438,41.852500915527344,),)
113.73478698730469,-7.074496746063232,identifier,variant_obj
47.91311264038086,-60.305992126464844,identifier,store
-38.42570114135742,-126.05054473876953,.,.
117.78547668457031,-3.515410900115967,identifier,variant
-73.65171813964844,-28.16376495361328,(,(
114.77970886230469,-6.2481255531311035,identifier,variant_id
-83.46358489990234,75.35035705566406,),)
81.4372787475586,-27.060104370117188,identifier,clinvar_submission_objs
47.949432373046875,-60.2512092590332,identifier,store
-38.2018928527832,-125.8823471069336,.,.
79.4642333984375,-26.663721084594727,identifier,clinvars
-65.96897888183594,-43.029624938964844,(,(
117.86418914794922,-6.805979251861572,identifier,submission_id
117.84879302978516,-6.786178112030029,identifier,submission_id
-81.72745513916016,63.040069580078125,),)
15.052055358886719,-0.789846658706665,identifier,dict
-69.15031433105469,-48.20252227783203,(,(
41.65256118774414,20.49933624267578,identifier,today
31.023359298706055,40.54521942138672,identifier,str
-89.3935546875,-31.752668380737305,(,(
63.47488021850586,41.14295196533203,identifier,date
-33.05086135864258,-126.30288696289062,.,.
41.65217208862305,20.498384475708008,identifier,today
-87.51947784423828,-64.71653747558594,(,(
-110.1612319946289,49.19839859008789,),)
-90.14537811279297,46.63149642944336,),)
6.150833606719971,123.00617980957031,",",","
78.7271728515625,-33.45503234863281,identifier,institute
78.68842315673828,-32.18794250488281,identifier,institute_obj
6.499253273010254,121.00988006591797,",",","
74.73652648925781,17.220932006835938,identifier,case
105.06755065917969,-4.899112224578857,identifier,case_obj
6.5336995124816895,120.58370208740234,",",","
117.07170104980469,-3.7732908725738525,identifier,variant
113.54288482666016,-7.047896385192871,identifier,variant_obj
7.065666198730469,120.5471420288086,",",","
81.3675765991211,-26.273740768432617,identifier,pinned_vars
81.09144592285156,-24.502809524536133,identifier,pinned
7.927716255187988,120.57755279541016,",",","
79.5344467163086,-26.674922943115234,identifier,clinvars
81.43490600585938,-27.06500816345215,identifier,clinvar_submission_objs
-60.59798049926758,45.187843322753906,),)
127.80156707763672,113.60050964355469,def,def
27.428266525268555,-25.743253707885742,identifier,read
-82.37086486816406,142.737060546875,(,(
1.982669711112976,-204.58258056640625,identifier,self
-127.18800354003906,120.71974182128906,),)
-182.05377197265625,27.255308151245117,:,:
66.26715850830078,156.75747680664062,if,if
60.42015075683594,-145.31515502929688,identifier,self
-69.71685791015625,-145.20980834960938,.,.
62.472103118896484,-30.28971290588379,identifier,_cache
-169.0290985107422,-13.936182975769043,:,:
131.4147491455078,-27.508441925048828,identifier,img
56.52830123901367,-149.193603515625,identifier,self
-71.00560760498047,-149.89353942871094,.,.
62.410240173339844,-30.091903686523438,identifier,_cache
-34.55818557739258,-114.25277709960938,.,.
6.497488498687744,-28.814685821533203,identifier,get
-70.90646362304688,-26.990982055664062,(,(
48.08742904663086,-147.81439208984375,identifier,self
-61.35627746582031,-145.22598266601562,.,.
68.72816467285156,-26.515989303588867,identifier,_position
-91.46951293945312,69.65304565429688,),)
57.33063888549805,155.064208984375,if,if
131.73768615722656,-27.28525161743164,identifier,img
-167.29608154296875,-18.94257926940918,:,:
105.10777282714844,-67.26715087890625,identifier,ret
30.90194320678711,172.98680114746094,else,else
-188.3498077392578,-36.36881637573242,:,:
63.89652633666992,150.6724853515625,if,if
58.09346008300781,-143.2352294921875,identifier,self
-67.43798065185547,-145.75103759765625,.,.
68.67974853515625,-26.624698638916016,identifier,_position
-6.6067070960998535,67.10384368896484,!=,!=
55.55202865600586,-146.4215545654297,identifier,self
-70.10391235351562,-150.26747131347656,.,.
54.79570388793945,-15.258745193481445,identifier,_get_real_position
-89.1019287109375,-60.467918395996094,(,(
-119.77195739746094,56.27690887451172,),)
-171.10304260253906,-18.05666732788086,:,:
69.2055892944336,-138.498779296875,identifier,self
-69.31417083740234,-154.4466552734375,.,.
54.795047760009766,-15.254949569702148,identifier,_set_real_position
-79.39633178710938,-34.82669448852539,(,(
48.31178665161133,-147.000732421875,identifier,self
-60.921302795410156,-145.2332000732422,.,.
68.78733825683594,-26.572717666625977,identifier,_position
-80.45310974121094,72.90946960449219,),)
105.69528198242188,-67.02558135986328,identifier,ret
-11.490508079528809,117.63431549072266,",",","
131.69967651367188,-27.52838897705078,identifier,img
54.540618896484375,-149.29161071777344,identifier,self
-69.4241714477539,-151.59988403320312,.,.
62.22078323364258,-26.895408630371094,identifier,_vcap
-30.737489700317383,-119.1624526977539,.,.
26.57111930847168,-24.934648513793945,identifier,read
-85.27999877929688,-58.6899528503418,(,(
-112.86109924316406,57.41361999511719,),)
51.94961166381836,151.0909881591797,if,if
106.09500885009766,-66.56120300292969,identifier,ret
-173.918701171875,-26.558212280273438,:,:
68.76115417480469,-137.6133270263672,identifier,self
-68.67557525634766,-155.0546875,.,.
62.24843215942383,-29.853477478027344,identifier,_cache
-29.99405288696289,-119.00714874267578,.,.
8.159189224243164,-26.875186920166016,identifier,put
-80.69082641601562,-38.22755432128906,(,(
48.619632720947266,-146.4373321533203,identifier,self
-60.58545684814453,-145.3597412109375,.,.
68.84385681152344,-26.652915954589844,identifier,_position
8.563291549682617,99.88325500488281,",",","
131.98214721679688,-27.41568374633789,identifier,img
-86.23255157470703,57.97468566894531,),)
32.37560272216797,175.1445770263672,else,else
-188.47784423828125,-39.36152267456055,:,:
105.958740234375,-66.93409729003906,identifier,ret
-10.794596672058105,118.09026336669922,",",","
131.79531860351562,-27.57916259765625,identifier,img
54.282508850097656,-149.51927185058594,identifier,self
-68.80582427978516,-151.9957733154297,.,.
62.22622299194336,-26.899208068847656,identifier,_vcap
-30.566621780395508,-119.35763549804688,.,.
26.58740997314453,-24.92338752746582,identifier,read
-84.97489166259766,-58.500144958496094,(,(
-111.62454223632812,57.012001037597656,),)
50.47102737426758,149.96572875976562,if,if
106.32646942138672,-66.53311157226562,identifier,ret
-177.21531677246094,-25.671247482299805,:,:
67.84391021728516,-134.7547607421875,identifier,self
-62.9468879699707,-155.41024780273438,.,.
69.10442352294922,-27.030485153198242,identifier,_position
132.4498748779297,-27.74762535095215,identifier,img
122.374755859375,108.92345428466797,def,def
44.84960174560547,-24.762821197509766,identifier,topoSort
-81.19145965576172,141.3299560546875,(,(
54.090606689453125,-45.84543991088867,identifier,roots
-27.937692642211914,172.8581085205078,",",","
49.942317962646484,-42.244300842285156,identifier,getParents
-129.0564422607422,114.9434585571289,),)
-177.28131103515625,27.30881690979004,:,:
65.86304473876953,-77.17195129394531,identifier,results
80.42131805419922,-21.582260131835938,identifier,visited
19.13176155090332,-5.055144786834717,identifier,set
-94.198486328125,-57.186279296875,(,(
-117.47908020019531,61.43931579589844,),)
54.92573165893555,-54.096004486083984,identifier,stack
-72.89881896972656,-10.068307876586914,(,(
90.46558380126953,32.05927276611328,identifier,node
-3.1460161209106445,90.19950866699219,",",","
-93.08946990966797,63.90400695800781,),)
70.65972137451172,125.59497833251953,for,for
90.46833038330078,32.0592155456543,identifier,node
54.09228515625,-45.84645462036133,identifier,roots
64.64529418945312,139.72071838378906,while,while
55.10581588745117,-53.94783020019531,identifier,stack
-177.08328247070312,-11.312432289123535,:,:
129.048095703125,-17.798288345336914,identifier,current
-12.903550148010254,117.25385284423828,",",","
101.30985260009766,10.316656112670898,identifier,state
55.140316009521484,-54.04311752319336,identifier,stack
-31.905323028564453,-110.00243377685547,.,.
11.356311798095703,-36.11430358886719,identifier,pop
-84.53778076171875,-60.58066177368164,(,(
-114.43444061279297,57.545101165771484,),)
55.5077018737793,153.42002868652344,if,if
101.30955505371094,10.319185256958008,identifier,state
-14.488128662109375,63.11793518066406,==,==
-177.38209533691406,-16.784204483032227,:,:
62.50883102416992,149.91635131835938,if,if
128.64710998535156,-17.828357696533203,identifier,current
80.40593719482422,-21.56560516357422,identifier,visited
-172.33154296875,-24.16533660888672,:,:
80.4029769897461,-21.572193145751953,identifier,visited
-22.15711784362793,-111.85061645507812,.,.
-7.937788009643555,-53.2584114074707,identifier,add
-77.92417907714844,-33.56706619262695,(,(
128.66995239257812,-18.37336540222168,identifier,current
-78.32986450195312,75.82318115234375,),)
55.34675598144531,-54.31249237060547,identifier,stack
-19.792024612426758,-110.59307861328125,.,.
-12.542545318603516,-56.57830047607422,identifier,append
-88.49506378173828,-39.700767517089844,(,(
-74.84676361083984,-10.997446060180664,(,(
128.6148223876953,-18.411550521850586,identifier,current
-2.9229016304016113,89.8484878540039,",",","
-97.4354248046875,45.2239875793457,),)
-72.82818603515625,67.6585922241211,),)
55.36302947998047,-54.319522857666016,identifier,stack
-19.484661102294922,-110.03594970703125,.,.
-13.630423545837402,-52.16181564331055,identifier,extend
-88.66107940673828,-39.290672302246094,(,(
-74.81578063964844,-11.078426361083984,(,(
103.25529479980469,4.25079345703125,identifier,parent
-2.986783981323242,89.83553314208984,",",","
-92.29705810546875,62.88525390625,),)
70.23674774169922,127.91746520996094,for,for
103.2599868774414,4.246826648712158,identifier,parent
49.944496154785156,-42.243953704833984,identifier,getParents
-77.67250061035156,-26.18549346923828,(,(
128.5082550048828,-18.52057647705078,identifier,current
-97.64403533935547,47.921470642089844,),)
-71.4183578491211,61.51924133300781,),)
33.73739242553711,175.1549072265625,else,else
-187.5269775390625,-41.45648956298828,:,:
-86.21165466308594,-25.565114974975586,(,(
128.30982971191406,-18.22903823852539,identifier,current
80.40384674072266,-21.56641960144043,identifier,visited
-76.77298736572266,66.879150390625,),)
66.4832534790039,-77.67308044433594,identifier,results
-18.49009132385254,-112.0391845703125,.,.
-13.67658805847168,-56.84700012207031,identifier,append
-81.15901947021484,-42.595252990722656,(,(
128.2945098876953,-18.68641471862793,identifier,current
-76.91918182373047,59.846195220947266,),)
67.50523376464844,-76.44088745117188,identifier,results
123.12858581542969,105.70091247558594,def,def
41.81784439086914,-28.728343963623047,identifier,parse_hpo_disease
-86.23353576660156,138.36062622070312,(,(
95.38335418701172,-33.305171966552734,identifier,hpo_line
-129.66925048828125,116.51885223388672,),)
-175.71224975585938,26.118383407592773,:,:
95.59111785888672,-33.68324661254883,identifier,hpo_line
95.87785339355469,-33.22954177856445,identifier,hpo_line
-34.370811462402344,-108.22879791259766,.,.
36.421234130859375,19.14336585998535,identifier,rstrip
-83.52775573730469,-61.26537322998047,(,(
-117.76107788085938,52.82658767700195,),)
-36.560543060302734,-105.45008087158203,.,.
8.702784538269043,10.220779418945312,identifier,split
-57.653114318847656,-27.584922790527344,(,(
46.854278564453125,17.844669342041016,"""",'\t'
-88.15850830078125,78.1966781616211,),)
96.29090881347656,-34.67656326293945,identifier,hpo_info
86.67170715332031,-38.39849853515625,identifier,disease
96.27836608886719,-33.22577667236328,identifier,hpo_line
-36.19948196411133,-105.76522827148438,.,.
8.802441596984863,9.95708179473877,identifier,split
-57.517189025878906,-27.198381423950195,(,(
48.718719482421875,14.880661010742188,"""",':'
-87.68067169189453,78.6253890991211,),)
96.82992553710938,-34.72772216796875,identifier,hpo_info
66.30062866210938,12.644753456115723,"""",'source'
86.67559051513672,-38.401939392089844,identifier,disease
97.00757598876953,-34.813385009765625,identifier,hpo_info
65.96271514892578,4.7400665283203125,"""",'disease_nr'
28.070911407470703,31.656856536865234,identifier,int
-85.7452392578125,-29.788915634155273,(,(
86.67279815673828,-38.40346908569336,identifier,disease
-81.56582641601562,74.64387512207031,),)
97.16946411132812,-34.7358283996582,identifier,hpo_info
66.27977752685547,3.935875177383423,"""",'hgnc_symbol'
97.26544952392578,-34.52537536621094,identifier,hpo_info
67.08769226074219,4.628273963928223,"""",'hpo_term'
47.43886184692383,151.40235900878906,if,if
-1.0114134550094604,26.502132415771484,identifier,len
-86.98273468017578,-20.34708595275879,(,(
96.75739288330078,-32.483272552490234,identifier,hpo_line
-106.15384674072266,67.67098236083984,),)
-177.60174560546875,-21.987689971923828,:,:
97.68207550048828,-34.50311279296875,identifier,hpo_info
66.34930419921875,3.931455612182617,"""",'hgnc_symbol'
97.13390350341797,-33.002418518066406,identifier,hpo_line
47.73057556152344,151.00582885742188,if,if
-1.3716720342636108,26.77506446838379,identifier,len
-87.16557312011719,-20.591663360595703,(,(
96.9220962524414,-32.42475509643555,identifier,hpo_line
-106.0169906616211,67.46080780029297,),)
-177.70237731933594,-22.2105712890625,:,:
97.89490509033203,-34.384803771972656,identifier,hpo_info
67.20948791503906,4.626534461975098,"""",'hpo_term'
97.37995147705078,-32.95884323120117,identifier,hpo_line
98.63023376464844,-33.762752532958984,identifier,hpo_info
123.5971908569336,107.65837097167969,def,def
38.471099853515625,-29.76006317138672,identifier,remove_class
-84.73029327392578,142.6248779296875,(,(
50.10305404663086,57.77516555786133,identifier,text
-128.91770935058594,117.56436157226562,),)
-177.17379760742188,27.84801483154297,:,:
119.72259521484375,-71.67147827148438,identifier,lines
50.2108039855957,57.700035095214844,identifier,text
-33.70967483520508,-108.40201568603516,.,.
8.965802192687988,10.370296478271484,identifier,split
-57.74120330810547,-27.756982803344727,(,(
45.51713943481445,18.392581939697266,"""","""\n"""
-88.84207916259766,77.69632720947266,),)
104.95785522460938,-67.64358520507812,identifier,ret
67.84911346435547,133.71585083007812,for,for
117.70250701904297,-67.19364929199219,identifier,line
118.42774200439453,-71.67672729492188,identifier,lines
-182.8092498779297,-15.399456977844238,:,:
105.6281967163086,-27.3887882232666,identifier,tokens
56.32727813720703,-15.025797843933105,identifier,tokenize_line
-70.67691802978516,-30.301713943481445,(,(
117.03846740722656,-67.66023254394531,identifier,line
-84.28553771972656,77.65323638916016,),)
103.9131088256836,-25.098066329956055,identifier,tokens_upper
77.09998321533203,-62.18537521362305,identifier,t
-32.85369873046875,-107.18060302734375,.,.
36.06599426269531,24.748411178588867,identifier,upper
-82.48677825927734,-61.51359939575195,(,(
-115.15560913085938,56.8344612121582,),)
70.32938385009766,125.87578582763672,for,for
77.19056701660156,-61.86091995239258,identifier,t
106.31932830810547,-26.977582931518555,identifier,tokens
56.266014099121094,152.04891967773438,if,if
60.01012420654297,13.34361457824707,"""","""IN"""
104.86896514892578,-24.749998092651367,identifier,tokens_upper
-171.83851623535156,-24.94163703918457,:,:
106.38056945800781,-27.781381607055664,identifier,tokens
-22.92845916748047,-112.9725341796875,.,.
4.927236557006836,-42.823829650878906,identifier,remove
-58.91164779663086,-22.869155883789062,(,(
60.07882308959961,13.189420700073242,"""","""IN"""
-87.52266693115234,54.325130462646484,),)
40.13911437988281,167.9705047607422,elif,elif
60.09782028198242,15.279955863952637,"""","""CS"""
104.97925567626953,-24.693443298339844,identifier,tokens_upper
-172.07778930664062,-25.171552658081055,:,:
106.47692108154297,-27.83892822265625,identifier,tokens
-22.81671142578125,-113.14608764648438,.,.
4.925847053527832,-42.82279968261719,identifier,remove
-58.929107666015625,-22.711570739746094,(,(
60.131736755371094,15.260773658752441,"""","""CS"""
-87.40216827392578,54.367347717285156,),)
39.89426803588867,168.03790283203125,elif,elif
60.22573471069336,14.463305473327637,"""","""CH"""
105.05744934082031,-24.650968551635742,identifier,tokens_upper
-172.41046142578125,-25.35738182067871,:,:
106.53665924072266,-27.864377975463867,identifier,tokens
-22.656587600708008,-113.29483795166016,.,.
4.92402458190918,-42.823204040527344,identifier,remove
-58.91928482055664,-22.548168182373047,(,(
60.29893112182617,14.410858154296875,"""","""CH"""
-87.19139099121094,54.463035583496094,),)
39.537498474121094,168.23780822753906,elif,elif
59.125205993652344,14.472735404968262,"""","""HS"""
105.148193359375,-24.592201232910156,identifier,tokens_upper
-173.1049346923828,-25.384965896606445,:,:
106.56534576416016,-27.86427879333496,identifier,tokens
-22.39093589782715,-113.45999145507812,.,.
4.92345666885376,-42.82646560668945,identifier,remove
-58.81044006347656,-22.458070755004883,(,(
59.05906677246094,14.403009414672852,"""","""HS"""
-79.90650177001953,66.32152557373047,),)
105.64876556396484,-67.76680755615234,identifier,ret
-18.84408187866211,-111.71614074707031,.,.
-13.347891807556152,-56.185096740722656,identifier,append
-87.79379272460938,-41.110904693603516,(,(
53.95043182373047,-21.222841262817383,identifier,serialize
-80.89916229248047,-26.191856384277344,(,(
106.65655517578125,-26.951326370239258,identifier,tokens
-97.64322662353516,48.910255432128906,),)
-74.34160614013672,61.18602752685547,),)
46.06882095336914,19.296831130981445,"""","""\n"""
-24.434370040893555,-100.06945037841797,.,.
4.978363513946533,-0.24830950796604156,identifier,join
-80.22603607177734,-45.51963806152344,(,(
106.74909973144531,-67.22964477539062,identifier,ret
-62.5172233581543,41.319583892822266,),)
127.20584106445312,113.21176147460938,def,def
32.99832534790039,-19.881120681762695,identifier,copy
-82.57828521728516,142.5726318359375,(,(
2.459355115890503,-203.7777557373047,identifier,self
-127.88720703125,120.49699401855469,),)
-182.6471405029297,27.07420539855957,:,:
66.48643493652344,157.19915771484375,if,if
60.02036666870117,-145.6056671142578,identifier,self
-70.25823974609375,-146.40228271484375,.,.
65.33152770996094,-25.553478240966797,identifier,_page_control
29.036447525024414,130.29110717773438,and,and
57.02285385131836,-145.3069610595703,identifier,self
-70.13597106933594,-148.441650390625,.,.
65.31922149658203,-25.689741134643555,identifier,_page_control
-35.54409408569336,-121.82112121582031,.,.
69.05042266845703,-3.518312454223633,identifier,hasFocus
-90.39299774169922,-61.086273193359375,(,(
-119.96868133544922,56.62302780151367,),)
-170.72848510742188,-17.558589935302734,:,:
69.78649139404297,-140.17034912109375,identifier,self
-70.33728790283203,-154.64990234375,.,.
65.32294464111328,-25.6959285736084,identifier,_page_control
-28.736377716064453,-115.05388641357422,.,.
32.995967864990234,-19.835548400878906,identifier,copy
-90.10962677001953,-55.732261657714844,(,(
-116.00363159179688,57.24760818481445,),)
41.022682189941406,168.3311004638672,elif,elif
57.755794525146484,-144.1501007080078,identifier,self
-69.93345642089844,-149.1855010986328,.,.
65.05117797851562,-26.9683895111084,identifier,_control
-35.625877380371094,-121.94097137451172,.,.
69.05079650878906,-3.5174407958984375,identifier,hasFocus
-90.18186950683594,-60.961036682128906,(,(
-119.98762512207031,56.30389404296875,),)
-173.23980712890625,-16.05300521850586,:,:
51.814788818359375,57.14536666870117,identifier,text
55.21281051635742,-150.6215362548828,identifier,self
-70.00952911376953,-150.90533447265625,.,.
65.034912109375,-27.002290725708008,identifier,_control
-36.26246643066406,-122.50716400146484,.,.
44.374961853027344,-7.177913665771484,identifier,textCursor
-88.87053680419922,-58.42122268676758,(,(
-117.63046264648438,51.31880569458008,),)
-40.99714279174805,-105.12799072265625,.,.
44.47346878051758,-6.305526256561279,identifier,selection
-88.76927947998047,-58.214725494384766,(,(
-117.52898406982422,51.21753692626953,),)
-41.02442932128906,-104.81185150146484,.,.
45.620086669921875,-7.63132905960083,identifier,toPlainText
-87.34154510498047,-58.20783233642578,(,(
-113.47329711914062,58.40822219848633,),)
52.41995620727539,151.777587890625,if,if
51.070404052734375,57.12417984008789,identifier,text
-173.08460998535156,-21.648365020751953,:,:
120.18647766113281,-71.58692932128906,identifier,lines
31.081026077270508,-16.233068466186523,identifier,map
-84.50384521484375,-35.176517486572266,(,(
52.21261215209961,-152.46609497070312,identifier,self
-67.23119354248047,-150.2609100341797,.,.
55.84238052368164,-19.10018539428711,identifier,_transform_prompt
7.568776607513428,103.76228332519531,",",","
50.88649368286133,57.093162536621094,identifier,text
-29.800134658813477,-107.11257934570312,.,.
10.11742115020752,8.715692520141602,identifier,splitlines
-85.0148696899414,-63.5298957824707,(,(
-111.14668273925781,51.34074020385742,),)
-72.08509063720703,68.07574462890625,),)
51.584999084472656,57.08980178833008,identifier,text
46.20888900756836,18.811399459838867,"""",'\n'
-25.861183166503906,-99.56741333007812,.,.
4.403359889984131,-0.3151368200778961,identifier,join
-81.30179595947266,-28.612878799438477,(,(
117.82451629638672,-71.57694244384766,identifier,lines
-76.62696075439453,69.24441528320312,),)
48.22821044921875,-2.9452807903289795,identifier,QtGui
-47.89567184448242,-121.54667663574219,.,.
48.59718704223633,-2.4807443618774414,identifier,QApplication
-32.23149490356445,-121.5796127319336,.,.
44.766998291015625,-3.828542470932007,identifier,clipboard
-87.06298065185547,-55.59321212768555,(,(
-117.09080505371094,50.8523063659668,),)
-38.9394645690918,-102.84581756591797,.,.
50.25762939453125,55.13361740112305,identifier,setText
-80.24571990966797,-41.471927642822266,(,(
50.81540298461914,57.07754135131836,identifier,text
-84.94651794433594,57.299583435058594,),)
34.58543395996094,175.9037322998047,else,else
-188.53587341308594,-41.66964340209961,:,:
65.18293762207031,-137.377685546875,identifier,self
-71.90861511230469,-160.19139099121094,.,.
15.163117408752441,-53.200904846191406,identifier,log
-16.20566177368164,-122.5246353149414,.,.
-22.725547790527344,-29.99060821533203,identifier,debug
-49.43497848510742,-33.74446105957031,(,(
46.210304260253906,1.5939490795135498,"""","""frontend widget : unknown copy target"""
-60.09524154663086,41.841331481933594,),)
129.66810607910156,114.50572967529297,def,def
38.899662017822266,-33.905941009521484,identifier,aggregate
-78.70999145507812,138.41302490234375,(,(
-2.634289264678955,-203.28663635253906,identifier,self
-34.608673095703125,183.8014373779297,",",","
83.32476043701172,42.73656463623047,identifier,distance
-33.04393768310547,170.4363555908203,",",","
56.001712799072266,39.008941650390625,identifier,type
57.99641799926758,10.32334041595459,"""","""sum"""
-32.84160614013672,156.9110107421875,",",","
72.28128814697266,2.379645347595215,identifier,decay
57.870540618896484,10.681488037109375,"""","""linear"""
-32.89417266845703,156.56240844726562,",",","
109.18217468261719,-5.101663112640381,identifier,imp_name
-34.96433639526367,155.60647583007812,",",","
162.11363220214844,11.157013893127441,identifier,name
56.914546966552734,11.889451026916504,"""","""tmp"""
-125.45867919921875,109.42294311523438,),)
-177.59022521972656,22.39143943786621,:,:
109.68108367919922,-5.0275797843933105,identifier,imp_num
58.80158615112305,-153.2032928466797,identifier,self
-73.5908432006836,-149.97889709472656,.,.
54.87438201904297,-14.249408721923828,identifier,_imp_name_to_num
-69.63694763183594,-30.885929107666016,(,(
109.2174301147461,-5.131652355194092,identifier,imp_name
-86.24886322021484,74.88013458251953,),)
55.872379302978516,39.380313873291016,identifier,type
55.17768478393555,39.30195236206055,identifier,type
-33.315185546875,-106.87564849853516,.,.
35.789710998535156,23.937849044799805,identifier,lower
-82.59465789794922,-61.157920837402344,(,(
-115.06853485107422,58.04841995239258,),)
56.476295471191406,154.31332397460938,if,if
55.43293762207031,39.331912994384766,identifier,type
-13.40845775604248,59.80472946166992,==,==
59.22551727294922,10.328286170959473,"""","""ave"""
-165.48095703125,-17.07520866394043,:,:
55.68745040893555,39.290767669677734,identifier,type
58.724609375,10.2759370803833,"""","""mean"""
160.19525146484375,9.076838493347168,identifier,name
61.972896575927734,-150.64065551757812,identifier,self
-65.2601547241211,-141.49940490722656,.,.
71.30148315429688,-7.7389092445373535,identifier,variable_names
-6.411829471588135,109.94417572021484,",",","
49.92533874511719,2.391430616378784,"""","""A variable with that name """
48.30791091918945,2.848227024078369,"""","""has not yet been initialized"""
114.76935577392578,44.94140625,identifier,res
56.01242446899414,-153.8373260498047,identifier,self
-73.4014892578125,-145.50807189941406,.,.
66.24456787109375,-20.14165496826172,identifier,net
-37.26887893676758,-120.7742691040039,.,.
53.947410583496094,-11.379377365112305,identifier,get_all_aggregate_accessibility_variables
-72.2790298461914,-36.83583068847656,(,(
83.3232421875,42.738624572753906,identifier,distance
3.9244883060455322,105.72331237792969,",",","
158.8426055908203,8.9966402053833,identifier,name
-28.73642921447754,-107.06417846679688,.,.
20.315046310424805,-13.236167907714844,identifier,encode
-61.5118293762207,-20.536773681640625,(,(
55.25628662109375,18.138290405273438,"""",'utf-8'
-100.16048431396484,52.53913497924805,),)
10.618569374084473,109.81979370117188,",",","
55.112083435058594,38.97338104248047,identifier,type
-28.579191207885742,-106.92849731445312,.,.
20.290966033935547,-13.192103385925293,identifier,encode
-61.112892150878906,-20.531042098999023,(,(
55.374752044677734,18.272029876708984,"""",'utf-8'
-99.658935546875,52.53451919555664,),)
10.793004035949707,110.03224182128906,",",","
72.27400207519531,2.3820860385894775,identifier,decay
-28.327373504638672,-106.83251190185547,.,.
20.28765106201172,-13.186236381530762,identifier,encode
-60.923789978027344,-20.462568283081055,(,(
55.452022552490234,18.425704956054688,"""",'utf-8'
-99.3463134765625,52.501312255859375,),)
11.191683769226074,110.78995513916016,",",","
109.77484893798828,-4.960669040679932,identifier,imp_num
-81.18037414550781,60.40626525878906,),)
49.22692108154297,-125.19678497314453,identifier,pd
-25.709104537963867,-129.47532653808594,.,.
39.22771453857422,-7.429497241973877,identifier,Series
-74.2839126586914,-45.98479461669922,(,(
114.1781005859375,44.94346618652344,identifier,res
7.744302749633789,116.18575286865234,",",","
41.10499572753906,24.01712989807129,identifier,index
52.283058166503906,-155.9847412109375,identifier,self
-56.31760787963867,-144.50608825683594,.,.
61.942352294921875,-16.757034301757812,identifier,node_ids
-62.59642791748047,44.33895492553711,),)
128.0450897216797,112.22618865966797,def,def
37.26526641845703,-30.013729095458984,identifier,search_all
-83.74808502197266,140.7432403564453,(,(
0.45742058753967285,-203.55152893066406,identifier,self
-128.78961181640625,120.69905853271484,),)
-177.84852600097656,27.636043548583984,:,:
65.8626480102539,-77.14533233642578,identifier,results
67.50289916992188,133.95941162109375,for,for
122.97930908203125,-20.601531982421875,identifier,entry
61.06110763549805,-151.8989715576172,identifier,self
-72.92135620117188,-144.4834442138672,.,.
59.323482513427734,-28.02288246154785,identifier,dbx
-40.53858184814453,-122.9056167602539,.,.
56.703224182128906,-12.031943321228027,identifier,files_list_folder
-67.16118621826172,-29.029685974121094,(,(
50.73739242553711,25.20450210571289,"""",''
-98.58135223388672,64.6409683227539,),)
-28.056556701660156,-138.68212890625,.,.
69.72405242919922,-22.955692291259766,identifier,entries
-181.6658477783203,-14.498764991760254,:,:
67.04733276367188,131.98348999023438,for,for
104.69587707519531,50.33066177368164,identifier,item
61.44297790527344,-152.22601318359375,identifier,self
-72.77266693115234,-144.7599639892578,.,.
59.32609558105469,-28.023582458496094,identifier,dbx
-40.515296936035156,-122.974609375,.,.
56.71076583862305,-12.033950805664062,identifier,files_list_folder
-70.85739135742188,-31.618955612182617,(,(
122.95767211914062,-20.634489059448242,identifier,entry
-42.44749069213867,-135.43235778808594,.,.
67.62379455566406,-10.657980918884277,identifier,path_lower
-99.01777648925781,64.76033020019531,),)
-28.010284423828125,-138.6820831298828,.,.
69.7292251586914,-22.955106735229492,identifier,entries
-182.1081085205078,-14.708671569824219,:,:
162.03076171875,7.938690185546875,identifier,name
104.54537963867188,50.1987190246582,identifier,item
-39.431339263916016,-134.52943420410156,.,.
157.20457458496094,11.971482276916504,identifier,name
-31.007747650146484,-106.24625396728516,.,.
32.53965377807617,16.823570251464844,identifier,replace
-58.28375244140625,-24.684650421142578,(,(
54.56297302246094,10.062297821044922,"""",'.simg'
1.191502332687378,90.68416595458984,",",","
51.13372802734375,25.027700424194336,"""",''
-82.24798583984375,70.43939208984375,),)
66.4666748046875,-77.65217590332031,identifier,results
-20.012401580810547,-111.18279266357422,.,.
-12.69681167602539,-55.36971664428711,identifier,append
-91.32500457763672,-39.5036735534668,(,(
45.56526184082031,9.928277969360352,"""","""%s/%s"""
-73.9675521850586,-15.896000862121582,(,(
122.95569610595703,-20.6359806060791,identifier,entry
-39.84895324707031,-135.90455627441406,.,.
157.00743103027344,11.572016716003418,identifier,name
8.581300735473633,98.53026580810547,",",","
157.44775390625,9.826985359191895,identifier,name
-97.7773208618164,46.306087493896484,),)
-68.26482391357422,64.85822296142578,),)
53.5645637512207,147.90756225585938,if,if
-1.802125096321106,26.47370719909668,identifier,len
-86.6966552734375,-19.81477928161621,(,(
66.98377990722656,-77.26670837402344,identifier,results
-105.96418762207031,68.6502685546875,),)
-15.080028533935547,63.209896087646484,==,==
-171.3422393798828,-26.896242141723633,:,:
30.163414001464844,-41.9942626953125,identifier,bot
-20.694143295288086,-121.80062866210938,.,.
-27.764930725097656,-27.667098999023438,identifier,info
-50.392982482910156,-32.9287109375,(,(
47.128726959228516,3.6128346920013428,"""","""No container collections found."""
-81.26654815673828,65.46703338623047,),)
35.80976104736328,-68.14929962158203,identifier,sys
-14.989224433898926,-117.11103820800781,.,.
35.312835693359375,4.082342624664307,identifier,exit
-52.50872802734375,-22.928640365600586,(,(
-78.89752960205078,64.57530975341797,),)
30.18428611755371,-42.01858139038086,identifier,bot
-20.956954956054688,-121.95095825195312,.,.
-28.195493698120117,-27.77765655517578,identifier,info
-50.665889739990234,-32.63981628417969,(,(
58.02495574951172,13.741623878479004,"""","""Collections"""
-79.80839538574219,65.34261322021484,),)
30.194190979003906,-42.028297424316406,identifier,bot
-22.875524520874023,-123.94318389892578,.,.
106.19805145263672,0.14515848457813263,identifier,table
-78.01421356201172,-43.65195846557617,(,(
67.07278442382812,-77.1695785522461,identifier,results
-76.89801788330078,59.34294509887695,),)
67.50849914550781,-76.46551513671875,identifier,results
127.39136505126953,114.06132507324219,def,def
20.789709091186523,-22.398651123046875,identifier,start
-82.28802490234375,143.65753173828125,(,(
1.5976002216339111,-202.96536254882812,identifier,self
-128.531494140625,120.37522888183594,),)
-178.75318908691406,28.320640563964844,:,:
18.328994750976562,-58.07961654663086,identifier,logger
-13.028521537780762,-119.8719253540039,.,.
-26.736352920532227,-28.88167381286621,identifier,info
-51.28500747680664,-29.352319717407227,(,(
51.13955307006836,3.8714983463287354,"""",'Starting agent on localhost'
-89.63510131835938,77.5439224243164,),)
80.38380432128906,50.33327102661133,identifier,args
58.45536804199219,-149.74871826171875,identifier,self
-73.6063003540039,-143.3074493408203,.,.
50.2519416809082,-29.47243309020996,identifier,python
-36.4058952331543,-114.7255630493164,.,.
9.49327564239502,10.328906059265137,identifier,split
-84.42581176757812,-61.64771270751953,(,(
-116.9228515625,54.96935272216797,),)
-26.176061630249023,96.21121978759766,+,+
39.96784973144531,29.543264389038086,identifier,os
-48.67021560668945,-112.93526458740234,.,.
130.4078369140625,37.77467727661133,identifier,path
-30.209362030029297,-103.07501983642578,.,.
3.389470100402832,1.30325186252594,identifier,join
-72.92167663574219,-23.117799758911133,(,(
46.936553955078125,-147.6231689453125,identifier,self
-63.28217315673828,-139.70176696777344,.,.
52.080604553222656,4.346495628356934,identifier,workdir
-1.1024127006530762,104.27339172363281,",",","
46.02049255371094,-147.13385009765625,identifier,self
-57.36069869995117,-140.59649658203125,.,.
58.64174270629883,-1.549404501914978,identifier,AGENT_FILENAME
-93.5593032836914,52.06794738769531,),)
-6.3238067626953125,106.03022766113281,",",","
50.878929138183594,11.003393173217773,"""",'--telegraf'
-7.6142072677612305,103.79906463623047,",",","
45.475181579589844,-146.72921752929688,identifier,self
-64.34869384765625,-142.8768768310547,.,.
131.37567138671875,37.5269889831543,identifier,path
58.173828125,-1.4368253946304321,"""",'TELEGRAF_LOCAL_PATH'
-6.382899284362793,105.98391723632812,",",","
50.510677337646484,11.104519844055176,"""",'--host'
-7.578707695007324,103.51927947998047,",",","
45.09075164794922,-145.7915496826172,identifier,self
-60.620113372802734,-138.6726531982422,.,.
98.8460922241211,22.507158279418945,identifier,host
53.50079345703125,152.1699981689453,if,if
58.08221435546875,-141.8456573486328,identifier,self
-67.46643829345703,-143.56741333007812,.,.
73.54547119140625,-8.639945030212402,identifier,kill_old
-172.3656005859375,-22.573131561279297,:,:
80.049072265625,50.12120819091797,identifier,args
-20.98672103881836,-111.53490447998047,.,.
-12.259432792663574,-55.68948745727539,identifier,append
-81.72595977783203,-38.928199768066406,(,(
48.125526428222656,-146.2731475830078,identifier,self
-59.67912673950195,-143.06060791015625,.,.
73.54913330078125,-8.640846252441406,identifier,kill_old
-80.12580108642578,71.91156005859375,),)
73.20352935791016,-136.2066192626953,identifier,self
-60.25486373901367,-159.73696899414062,.,.
4.525346755981445,-11.56189250946045,identifier,session
54.31941604614258,-148.09075927734375,identifier,self
-65.23257446289062,-152.1495819091797,.,.
54.43367385864258,-23.738988876342773,identifier,popen
-75.45880126953125,-37.37236785888672,(,(
79.58786010742188,49.427581787109375,identifier,args
-78.62926483154297,69.28840637207031,),)
73.57508850097656,-135.78836059570312,identifier,self
-60.58798599243164,-159.28004455566406,.,.
72.10249328613281,-24.498361587524414,identifier,reader_thread
71.74474334716797,-25.270063400268555,identifier,threading
-47.22209548950195,-122.23086547851562,.,.
71.81961059570312,-24.921371459960938,identifier,Thread
-66.02059936523438,-44.88624954223633,(,(
66.2703857421875,20.23312759399414,identifier,target
50.91819763183594,-145.25083923339844,identifier,self
-58.36735534667969,-142.9117431640625,.,.
74.11758422851562,-11.09286117553711,identifier,read_buffer
-77.34230041503906,65.71066284179688,),)
71.00950622558594,-134.38092041015625,identifier,self
-60.9918098449707,-153.6536407470703,.,.
72.10198974609375,-24.46944808959961,identifier,reader_thread
-27.03811264038086,-122.86697387695312,.,.
47.13822937011719,-15.161087989807129,identifier,setDaemon
-81.015625,-48.58493423461914,(,(
-77.65034484863281,58.670631408691406,),)
59.77273178100586,-136.1402587890625,identifier,self
-57.0751838684082,-155.2551727294922,.,.
4.321702480316162,-11.184393882751465,identifier,session
132.04119873046875,110.96212768554688,def,def
38.021018981933594,-25.527679443359375,identifier,__select
-79.85491943359375,137.6248321533203,(,(
-4.425159454345703,-205.5726776123047,identifier,self
-34.69887924194336,182.74453735351562,",",","
75.9649887084961,-38.59535217285156,identifier,iwtd
-31.590221405029297,170.26287841796875,",",","
75.94212341308594,-36.525089263916016,identifier,owtd
-31.847694396972656,169.87435913085938,",",","
77.44158172607422,-36.62721633911133,identifier,ewtd
-33.40234375,167.2296600341797,",",","
116.06334686279297,35.87705612182617,identifier,timeout
-123.78768920898438,111.7303695678711,),)
-182.01333618164062,23.738327026367188,:,:
63.74611282348633,157.7735595703125,if,if
116.88259887695312,35.590877532958984,identifier,timeout
-168.6110382080078,-15.456755638122559,:,:
91.13965606689453,3.603139638900757,identifier,end_time
57.95335006713867,47.695556640625,identifier,time
-38.335182189941406,-111.15667724609375,.,.
59.23664855957031,46.35919189453125,identifier,time
-86.10684204101562,-61.61079406738281,(,(
-116.81260681152344,54.96323776245117,),)
-26.272916793823242,92.31764221191406,+,+
116.67124938964844,35.58004379272461,identifier,timeout
65.12769317626953,139.6907196044922,while,while
-176.40940856933594,-12.321268081665039,:,:
-188.04869079589844,-8.968314170837402,:,:
28.354429244995117,-3.508533239364624,identifier,select
-35.444461822509766,-119.74687194824219,.,.
28.37158966064453,-3.518378257751465,identifier,select
-69.5809326171875,-36.953460693359375,(,(
75.96788787841797,-38.590667724609375,identifier,iwtd
3.834275007247925,103.70901489257812,",",","
75.9473648071289,-36.5244255065918,identifier,owtd
4.211053848266602,103.26484680175781,",",","
77.45162200927734,-36.62434768676758,identifier,ewtd
4.858689785003662,101.00930786132812,",",","
116.64417266845703,35.84200668334961,identifier,timeout
-88.27044677734375,61.035606384277344,),)
28.34957504272461,-3.5056495666503906,identifier,select
-42.359004974365234,-130.72682189941406,.,.
-23.729461669921875,-21.54554557800293,identifier,error
-35.1601676940918,32.19923782348633,identifier,e
-178.74317932128906,-16.22543716430664,:,:
63.94411087036133,150.0833740234375,if,if
-34.72646713256836,31.025684356689453,identifier,e
-42.08999252319336,-131.1549530029297,.,.
79.0406494140625,50.17414855957031,identifier,args
-11.99793815612793,61.84965896606445,==,==
43.003456115722656,2.5701053142547607,identifier,errno
-51.450897216796875,-132.6757354736328,.,.
56.904876708984375,-0.4443559944629669,identifier,EINTR
-177.7811279296875,-17.06983184814453,:,:
62.370826721191406,149.3565673828125,if,if
117.1818618774414,35.67887878417969,identifier,timeout
-175.3082733154297,-20.763263702392578,:,:
117.39024353027344,36.02747344970703,identifier,timeout
91.14701080322266,3.6284406185150146,identifier,end_time
25.483049392700195,74.02522277832031,-,-
57.93672561645508,47.82253646850586,identifier,time
-38.271728515625,-111.15276336669922,.,.
59.2265739440918,46.378780364990234,identifier,time
-86.06231689453125,-61.604549407958984,(,(
-112.24734497070312,56.929141998291016,),)
50.8613395690918,149.4756317138672,if,if
117.38771057128906,35.88398742675781,identifier,timeout
-8.46572494506836,75.49650573730469,<,<
-169.7250213623047,-29.311464309692383,:,:
-74.62115478515625,-12.933374404907227,(,(
10.508816719055176,107.42057037353516,",",","
10.473307609558105,107.43501281738281,",",","
-78.29906463623047,54.512351989746094,),)
32.827186584472656,177.21815490722656,else,else
-186.6383514404297,-42.668609619140625,:,:
129.34783935546875,109.32825469970703,def,def
38.41104507446289,-26.691530227661133,identifier,_include_misc
-84.10204315185547,138.4224395751953,(,(
-2.6108248233795166,-207.52523803710938,identifier,self
-32.25104522705078,183.6974639892578,",",","
160.74124145507812,11.961932182312012,identifier,name
-27.683156967163086,171.12599182128906,",",","
96.20453643798828,59.319732666015625,identifier,value
-126.5285873413086,114.62458801269531,),)
-182.67160034179688,25.670581817626953,:,:
64.20169830322266,159.42626953125,if,if
6.986678123474121,31.344247817993164,identifier,isinstance
-86.69892883300781,-16.473400115966797,(,(
95.84585571289062,58.6744499206543,identifier,value
-3.241421699523926,96.51439666748047,",",","
77.05546569824219,24.189481735229492,identifier,sequence
-109.89979553222656,79.31904602050781,),)
-165.63694763183594,-26.077505111694336,:,:
53.80339050292969,-34.649497985839844,identifier,DistutilsSetupError
-54.5385856628418,-36.666473388671875,(,(
47.71624755859375,6.177227020263672,"""","""%s: setting must be a list (%r)"""
-73.57984161376953,-16.368423461914062,(,(
159.5337677001953,10.80270004272461,identifier,name
1.8705236911773682,99.15630340576172,",",","
95.47489166259766,59.15362548828125,identifier,value
-99.65984344482422,44.780147552490234,),)
-67.47727966308594,69.9678955078125,),)
-187.48678588867188,-8.647895812988281,:,:
118.7701187133789,-18.291685104370117,identifier,old
14.307699203491211,22.321931838989258,identifier,getattr
-70.06218719482422,-22.32186508178711,(,(
45.080509185791016,-157.46595764160156,identifier,self
15.189576148986816,96.8306884765625,",",","
159.1041717529297,10.763690948486328,identifier,name
-88.68434143066406,60.206790924072266,),)
37.30657958984375,8.363686561584473,identifier,AttributeError
-173.8025360107422,-33.844905853271484,:,:
53.80811309814453,-34.64902114868164,identifier,DistutilsSetupError
-54.32060241699219,-37.04335403442383,(,(
47.92012023925781,5.594881057739258,"""","""%s: No such distribution setting"""
158.91139221191406,10.962729454040527,identifier,name
-87.2924575805664,67.57150268554688,),)
56.093231201171875,150.4686737060547,if,if
118.49308776855469,-18.0020809173584,identifier,old
-172.34950256347656,-28.306255340576172,:,:
16.49236297607422,21.535823822021484,identifier,setattr
-70.7826156616211,-42.67323303222656,(,(
45.35728454589844,-157.3734893798828,identifier,self
15.302079200744629,97.11844635009766,",",","
158.90745544433594,10.34781551361084,identifier,name
5.087587356567383,99.603271484375,",",","
95.17245483398438,59.205421447753906,identifier,value
-87.88249206542969,59.357425689697266,),)
39.682308197021484,168.77560424804688,elif,elif
8.158088684082031,31.857425689697266,identifier,isinstance
-88.69580841064453,-18.39543342590332,(,(
118.4649429321289,-17.8828067779541,identifier,old
-0.9087629914283752,96.51991271972656,",",","
77.05545806884766,24.189050674438477,identifier,sequence
-106.14301300048828,76.38462829589844,),)
-168.58242797851562,-28.20530891418457,:,:
53.807395935058594,-34.6507453918457,identifier,DistutilsSetupError
-54.307315826416016,-38.210025787353516,(,(
159.342041015625,9.768250465393066,identifier,name
-22.725597381591797,94.22582244873047,+,+
48.42724609375,1.7710490226745605,"""",""": this setting cannot be changed via include/exclude"""
-83.67333221435547,55.104103088378906,),)
33.28781509399414,175.6237030029297,else,else
-189.14590454101562,-41.007144927978516,:,:
16.498252868652344,21.533971786499023,identifier,setattr
-70.93283081054688,-42.85276412963867,(,(
45.5565071105957,-157.3253631591797,identifier,self
15.601880073547363,97.39796447753906,",",","
158.60533142089844,10.02981185913086,identifier,name
11.07981014251709,102.80854034423828,",",","
118.49481964111328,-17.789241790771484,identifier,old
-25.192035675048828,96.39948272705078,+,+
104.13660430908203,50.92567443847656,identifier,item
68.39546966552734,125.71648406982422,for,for
104.75431060791016,50.9494743347168,identifier,item
94.46778106689453,59.013545989990234,identifier,value
54.32436752319336,144.33482360839844,if,if
104.9969711303711,50.8803825378418,identifier,item
118.25204467773438,-17.67156982421875,identifier,old
-63.76229476928711,45.70893478393555,),)
124.173828125,106.08065795898438,def,def
39.10828399658203,-28.291566848754883,identifier,_validate_input_state
-86.28714752197266,138.671142578125,(,(
77.81463623046875,-18.321767807006836,identifier,quantum_state
-129.50425720214844,116.7212905883789,),)
-176.83103942871094,26.65240478515625,:,:
142.47994995117188,-54.30460739135742,identifier,rho
50.48133850097656,-128.3653564453125,identifier,np
-42.5972785949707,-114.21501922607422,.,.
29.678186416625977,-11.668466567993164,identifier,asarray
-69.61865997314453,-25.729848861694336,(,(
77.8112564086914,-18.324832916259766,identifier,quantum_state
-91.45974731445312,70.970458984375,),)
59.428775787353516,155.13893127441406,if,if
142.87631225585938,-53.43913650512695,identifier,rho
-44.14878463745117,-131.07171630859375,.,.
31.881786346435547,-5.221488952636719,identifier,ndim
-14.831400871276855,61.854122161865234,==,==
-167.43235778808594,-16.429222106933594,:,:
142.4680633544922,-54.07558822631836,identifier,rho
50.207847595214844,-127.9074478149414,identifier,np
-42.972713470458984,-114.42683410644531,.,.
36.14958572387695,-10.492500305175781,identifier,outer
-67.37997436523438,-37.0268440246582,(,(
143.08499145507812,-53.89735794067383,identifier,rho
0.7454413175582886,106.1253433227539,",",","
49.35169219970703,-128.1561737060547,identifier,np
-44.582054138183594,-115.97880554199219,.,.
37.235958099365234,-10.08519172668457,identifier,conj
-77.10771179199219,-24.21757698059082,(,(
143.33970642089844,-53.97481918334961,identifier,rho
-101.19015502929688,47.363792419433594,),)
-70.54083251953125,70.080810546875,),)
79.36136627197266,-51.97837829589844,identifier,shape
49.75495910644531,-127.74384307861328,identifier,np
-43.19261169433594,-113.54641723632812,.,.
78.71070861816406,-52.49558639526367,identifier,shape
-73.89839935302734,-29.240793228149414,(,(
143.46737670898438,-53.853904724121094,identifier,rho
-93.17188262939453,67.99285888671875,),)
54.521209716796875,151.65420532226562,if,if
-1.4950755834579468,25.875530242919922,identifier,len
-86.23900604248047,-19.44180679321289,(,(
79.3336410522461,-52.38762283325195,identifier,shape
-106.40278625488281,68.91297149658203,),)
-7.954684257507324,67.0239486694336,!=,!=
33.72408676147461,126.95478057861328,or,or
79.442138671875,-52.763484954833984,identifier,shape
-6.9719462394714355,66.5914535522461,!=,!=
79.40141296386719,-52.909847259521484,identifier,shape
-167.10328674316406,-28.326671600341797,:,:
41.39380645751953,-1.5963983535766602,identifier,VisualizationError
-53.09883117675781,-37.02640914916992,(,(
47.28886413574219,1.9769337177276611,"""","""Input is not a valid quantum state."""
-85.40399932861328,68.17668914794922,),)
121.31173706054688,13.111627578735352,identifier,num
27.5732479095459,31.352807998657227,identifier,int
-88.84428405761719,-33.0235481262207,(,(
49.14124298095703,-127.2246322631836,identifier,np
-45.07674789428711,-115.21678161621094,.,.
33.61289978027344,-12.452314376831055,identifier,log2
-89.4905014038086,-29.04429054260254,(,(
143.46420288085938,-53.266761779785156,identifier,rho
-37.429420471191406,-134.1336212158203,.,.
78.7520523071289,-53.08403778076172,identifier,shape
-94.51712799072266,45.5591926574707,),)
-70.71188354492188,64.3702392578125,),)
52.01249694824219,146.7317352294922,if,if
121.1999740600586,13.652022361755371,identifier,num
-6.417510986328125,66.65505981445312,!=,!=
143.46835327148438,-53.12092208862305,identifier,rho
-37.351261138916016,-134.07904052734375,.,.
78.84583282470703,-53.11783218383789,identifier,shape
-167.6359405517578,-28.78341293334961,:,:
41.39341735839844,-1.5947538614273071,identifier,VisualizationError
-52.27299118041992,-37.831695556640625,(,(
47.37156295776367,1.5331577062606812,"""","""Input is not a multi-qubit quantum state."""
-80.56973266601562,57.69844055175781,),)
144.24183654785156,-52.9970588684082,identifier,rho
128.57379150390625,114.71484375,def,def
14.739413261413574,-10.227148056030273,identifier,group
-81.1545181274414,142.23193359375,(,(
-3.2130236625671387,-203.60231018066406,identifier,self
-31.56096839904785,184.98684692382812,",",","
160.42843627929688,12.255120277404785,identifier,name
-127.70555114746094,117.05091094970703,),)
-177.5959014892578,26.350000381469727,:,:
80.34306335449219,50.26899719238281,identifier,args
159.24119567871094,12.355993270874023,identifier,name
67.86274719238281,-61.291595458984375,identifier,code
-14.120144844055176,119.00121307373047,",",","
136.69171142578125,4.961155414581299,identifier,message
59.992881774902344,-153.07432556152344,identifier,self
-76.73402404785156,-147.14955139160156,.,.
46.704444885253906,-28.59933853149414,identifier,command
-59.628074645996094,-30.984689712524414,(,(
60.59767150878906,11.973461151123047,"""","""GROUP"""
3.3918092250823975,93.65947723388672,",",","
79.54621887207031,49.544620513916016,identifier,args
-91.26785278320312,70.97988891601562,),)
57.22226333618164,156.29441833496094,if,if
67.9554443359375,-61.29372024536133,identifier,code
-7.686045169830322,67.38278198242188,!=,!=
-164.7485809326172,-27.43609046936035,:,:
56.760826110839844,-33.538291931152344,identifier,NNTPReplyError
-68.55213928222656,-33.270809173583984,(,(
67.99122619628906,-61.349822998046875,identifier,code
1.414997935295105,100.0468978881836,",",","
136.8144073486328,4.894821643829346,identifier,message
-85.72789764404297,72.99066925048828,),)
128.03411865234375,-42.00538635253906,identifier,parts
136.8060760498047,4.8821258544921875,identifier,message
-32.3478889465332,-109.34147644042969,.,.
9.566068649291992,10.089249610900879,identifier,split
-56.76541519165039,-25.472373962402344,(,(
-1.6591362953186035,91.54788208007812,",",","
-90.83627319335938,66.77891540527344,),)
-187.2919921875,-9.045110702514648,:,:
75.92024230957031,7.639985084533691,identifier,total
27.82578468322754,32.32240676879883,identifier,int
-86.01679992675781,-30.5787353515625,(,(
127.41756439208984,-41.358970642089844,identifier,parts
-75.02308654785156,73.03935241699219,),)
100.56407165527344,6.617382049560547,identifier,first
27.67127227783203,32.51887130737305,identifier,int
-86.00162506103516,-30.52252960205078,(,(
127.43077087402344,-41.157737731933594,identifier,parts
-75.06824493408203,72.93192291259766,),)
98.98049926757812,5.561356067657471,identifier,last
27.653596878051758,32.55521011352539,identifier,int
-85.99201965332031,-30.49692153930664,(,(
127.42194366455078,-41.081912994384766,identifier,parts
-75.10401916503906,72.74046325683594,),)
14.527111053466797,-10.210746765136719,identifier,group
127.46670532226562,-40.78942108154297,identifier,parts
-67.14282989501953,-13.287172317504883,(,(
37.207366943359375,10.193547248840332,identifier,IndexError
9.529906272888184,95.65576171875,",",","
36.00663757324219,10.071479797363281,identifier,ValueError
-104.69386291503906,76.40385437011719,),)
-171.67654418945312,-31.480703353881836,:,:
56.765628814697266,-33.55084228515625,identifier,NNTPDataError
-52.616668701171875,-37.85636520385742,(,(
45.313602447509766,5.780143737792969,"""","""Invalid GROUP status '%s'"""
136.8566131591797,4.885654449462891,identifier,message
-80.35892486572266,59.07076644897461,),)
75.90831756591797,7.637274742126465,identifier,total
17.137922286987305,113.16497802734375,",",","
100.531494140625,6.583559036254883,identifier,first
17.646556854248047,113.42182922363281,",",","
99.00959014892578,5.5725789070129395,identifier,last
17.88397216796875,114.7295150756836,",",","
14.426039695739746,-10.20409107208252,identifier,group
124.30924224853516,112.56774139404297,def,def
38.857051849365234,-38.77621841430664,identifier,login
-79.99034881591797,141.81777954101562,(,(
-1.1443908214569092,-201.74830627441406,identifier,self
-35.91032028198242,186.78846740722656,",",","
91.72267150878906,-5.7759013175964355,identifier,login_args
-27.37921142578125,166.72361755371094,",",","
91.65460205078125,-6.223755836486816,identifier,login_kwargs
-127.49295806884766,112.08147430419922,),)
-180.5953369140625,22.20846939086914,:,:
120.31098175048828,115.4564437866211,def,def
36.54873275756836,14.652273178100586,identifier,decorator
-64.13504791259766,-32.14503479003906,(,(
18.33888816833496,38.833229064941406,identifier,f
-111.38785552978516,80.04121398925781,),)
-178.3456573486328,-7.442276477813721,:,:
38.08187484741211,14.16091251373291,identifier,wraps
-68.30827331542969,-27.358667373657227,(,(
18.309873580932617,38.85468673706055,identifier,f
-94.36924743652344,70.65131378173828,),)
119.97832489013672,115.64974975585938,def,def
74.30812072753906,-1.8714653253555298,identifier,decorated
-63.464385986328125,-33.00735855102539,(,(
80.71871948242188,48.900291442871094,identifier,args
-2.3866372108459473,110.26168060302734,",",","
93.0280990600586,23.1022891998291,identifier,kwargs
-109.6043930053711,78.56373596191406,),)
-179.0860137939453,-7.790118217468262,:,:
72.23977661132812,-141.41928100585938,identifier,self
-60.27527618408203,-161.14271545410156,.,.
118.74079132080078,52.54317092895508,identifier,response
53.34893035888672,-17.284780502319336,identifier,make_response
-89.55018615722656,-56.58707046508789,(,(
-114.13225555419922,61.61982345581055,),)
82.74573516845703,-19.853958129882812,identifier,adapter
55.032554626464844,-0.09612004458904266,identifier,WerkzeugAdapter
-71.61933135986328,-34.18450164794922,(,(
89.98943328857422,18.257652282714844,identifier,request
0.48042187094688416,104.25579071044922,",",","
45.17875671386719,-148.2861328125,identifier,self
-60.073951721191406,-141.01678466796875,.,.
118.91679382324219,53.691898345947266,identifier,response
-79.4465560913086,73.47061920166016,),)
92.2613296508789,-7.159504413604736,identifier,login_kwargs
-23.676908493041992,-109.42639923095703,.,.
1.8674914836883545,-34.01321792602539,identifier,setdefault
-60.11263656616211,-24.95224380493164,(,(
63.33272933959961,11.923213005065918,"""",'session'
5.014491558074951,93.30516052246094,",",","
4.561670303344727,-12.580965042114258,identifier,session
-79.22626495361328,73.43041229248047,),)
92.25066375732422,-7.141820430755615,identifier,login_kwargs
-23.644052505493164,-109.3431167602539,.,.
1.853983759880066,-34.06007385253906,identifier,setdefault
-60.10984420776367,-24.835552215576172,(,(
63.465110778808594,5.668874740600586,"""",'session_saver'
4.926346302032471,92.97720336914062,",",","
45.275184631347656,-148.07485961914062,identifier,self
-60.08212661743164,-141.90347290039062,.,.
63.53564453125,5.483797550201416,identifier,session_saver
-79.98123168945312,71.27970123291016,),)
72.76701354980469,-135.3790283203125,identifier,self
-59.81467056274414,-160.325927734375,.,.
65.4385757446289,-71.90155029296875,identifier,result
23.079198837280273,-35.47949981689453,identifier,super
-66.7834243774414,-18.77264404296875,(,(
55.130252838134766,0.7034795880317688,identifier,FlaskAuthomatic
12.28554916381836,95.05630493164062,",",","
46.755126953125,-159.505615234375,identifier,self
-100.04586791992188,62.867034912109375,),)
-40.12186813354492,-102.20124816894531,.,.
38.8568115234375,-38.80605697631836,identifier,login
-73.8619384765625,-40.919189453125,(,(
82.73170471191406,-19.847156524658203,identifier,adapter
10.852590560913086,105.30290222167969,",",","
91.98531341552734,-5.918249130249023,identifier,login_args
10.104104995727539,105.30704498291016,",",","
91.90541076660156,-6.3477463722229,identifier,login_kwargs
-79.55502319335938,60.51596450805664,),)
18.179838180541992,39.60466766357422,identifier,f
-71.58121490478516,-41.08606719970703,(,(
80.3825912475586,48.57416915893555,identifier,args
10.099120140075684,105.30007934570312,",",","
93.0387954711914,23.100257873535156,identifier,kwargs
-78.81257629394531,59.687374114990234,),)
74.30863952636719,-1.8673254251480103,identifier,decorated
36.49077606201172,14.673310279846191,identifier,decorator
121.7319564819336,107.56449127197266,def,def
45.930877685546875,-28.717653274536133,identifier,list_subcommand
-82.43627166748047,140.932861328125,(,(
94.35189056396484,-41.49765396118164,identifier,vcard_list
-28.730915069580078,170.0918731689453,",",","
73.43959045410156,-27.909225463867188,identifier,parsable
-127.4651870727539,114.71702575683594,),)
-183.5799560546875,25.94277000427246,:,:
64.43086242675781,158.90713500976562,if,if
94.4761962890625,-41.43616485595703,identifier,vcard_list
-169.51736450195312,-13.061941146850586,:,:
63.36906433105469,160.11492919921875,if,if
73.43765258789062,-27.9063777923584,identifier,parsable
-165.8432159423828,-23.06507682800293,:,:
-39.89873123168945,-31.07444190979004,identifier,print
-49.13713073730469,-30.370729446411133,(,(
47.737361907958984,3.9181084632873535,"""","""Found no contacts"""
-91.87506866455078,78.13166809082031,),)
35.787601470947266,-68.07096099853516,identifier,sys
-14.586135864257812,-117.07365417480469,.,.
35.31426239013672,4.081441879272461,identifier,exit
-52.36744689941406,-22.922443389892578,(,(
-92.02013397216797,65.78539276123047,),)
41.32099914550781,168.0185546875,elif,elif
73.4422607421875,-27.906780242919922,identifier,parsable
-169.97740173339844,-13.885884284973145,:,:
89.22020721435547,-20.261499404907227,identifier,contact_line_list
68.0477523803711,132.72821044921875,for,for
94.90154266357422,-44.06571960449219,identifier,vcard
94.55216979980469,-41.39769744873047,identifier,vcard_list
-180.1617431640625,-14.939534187316895,:,:
65.38652801513672,151.08200073242188,if,if
121.94318389892578,28.968591690063477,identifier,config
-37.49458312988281,-122.6136474609375,.,.
52.29768371582031,-13.835441589355469,identifier,display_by_name
-89.13626098632812,-60.15618896484375,(,(
-115.47909545898438,53.048954010009766,),)
-13.843697547912598,60.33303451538086,==,==
60.24138259887695,9.986830711364746,"""","""first_name"""
-165.41677856445312,-19.297775268554688,:,:
161.81471252441406,7.7266740798950195,identifier,name
95.43997192382812,-44.13564682006836,identifier,vcard
-36.73765182495117,-127.54727172851562,.,.
63.71112060546875,-12.347518920898438,identifier,get_first_name_last_name
-88.438720703125,-60.45769500732422,(,(
-114.32660675048828,56.05977249145508,),)
31.820425033569336,174.173583984375,else,else
-186.92991638183594,-38.18231964111328,:,:
161.4624481201172,7.514973163604736,identifier,name
95.4782943725586,-44.13594055175781,identifier,vcard
-36.702178955078125,-127.50139617919922,.,.
63.733280181884766,-12.354606628417969,identifier,get_last_name_first_name
-88.2339096069336,-60.16990280151367,(,(
-112.24198913574219,62.34067916870117,),)
89.12224578857422,-20.27608871459961,identifier,contact_line_list
-20.135995864868164,-112.25749969482422,.,.
-13.119562149047852,-55.2768669128418,identifier,append
-89.56570434570312,-40.592041015625,(,(
46.7176513671875,17.64443588256836,"""",'\t'
-25.97921371459961,-99.1992416381836,.,.
4.319430351257324,-0.8451197147369385,identifier,join
-92.26004028320312,-38.21646499633789,(,(
95.4818115234375,-44.13610076904297,identifier,vcard
-36.13032531738281,-127.9858627319336,.,.
64.01536560058594,-13.716548919677734,identifier,get_uid
-88.18892669677734,-65.46095275878906,(,(
-111.86204528808594,48.94740676879883,),)
9.004796981811523,109.44834899902344,",",","
157.717529296875,9.050463676452637,identifier,name
6.04925012588501,105.8094711303711,",",","
95.55490112304688,-44.147884368896484,identifier,vcard
-44.05430603027344,-137.2554168701172,.,.
60.152774810791016,-7.791493892669678,identifier,address_book
-34.81095886230469,-137.73983764648438,.,.
156.8231658935547,11.088047981262207,identifier,name
-94.16078186035156,44.02074432373047,),)
-72.02505493164062,65.72850799560547,),)
-40.188934326171875,-31.221891403198242,identifier,print
-47.780643463134766,-34.052120208740234,(,(
46.1597785949707,18.81359100341797,"""",'\n'
-25.28168296813965,-99.3907699584961,.,.
4.652339935302734,-0.33627310395240784,identifier,join
-81.79876708984375,-27.538822174072266,(,(
88.9969253540039,-20.23442840576172,identifier,contact_line_list
-96.73151397705078,48.2085075378418,),)
-71.71834564208984,61.242366790771484,),)
35.1646614074707,175.99588012695312,else,else
-189.50453186035156,-41.491817474365234,:,:
88.1683120727539,-20.289457321166992,identifier,list_contacts
-77.56298065185547,-44.73899459838867,(,(
94.82881927490234,-41.14845275878906,identifier,vcard_list
-62.630165100097656,42.15655517578125,),)
127.41724395751953,110.76696014404297,def,def
40.92771911621094,-27.501737594604492,identifier,explicit_rel_links
-84.00718688964844,137.72415161132812,(,(
-1.8698772192001343,-203.59902954101562,identifier,self
-36.410011291503906,185.78321838378906,",",","
108.18405151367188,-45.437442779541016,identifier,rels
-71.07420349121094,-10.316649436950684,(,(
62.97334289550781,10.674336433410645,"""",'homepage'
0.5872817039489746,93.10604095458984,",",","
63.00958251953125,10.227716445922852,"""",'download'
-100.05886840820312,42.18407440185547,),)
-126.1710205078125,107.3968505859375,),)
-178.6059112548828,22.56504249572754,:,:
108.18571472167969,-45.425846099853516,identifier,rels
19.132925033569336,-5.044701099395752,identifier,set
-69.60073852539062,-27.39920997619629,(,(
108.18452453613281,-45.43325424194336,identifier,rels
-92.74308013916016,71.46791076660156,),)
68.6535415649414,133.5304718017578,for,for
126.57275390625,-24.057397842407227,identifier,anchor
61.055545806884766,-151.08786010742188,identifier,self
-73.287109375,-143.31919860839844,.,.
50.57765197753906,-7.4111833572387695,identifier,parsed
-36.22861862182617,-114.48023223876953,.,.
14.72519302368164,-26.42555046081543,identifier,findall
-58.86309051513672,-27.255128860473633,(,(
54.8178596496582,9.81639289855957,"""",""".//a"""
-110.95711517333984,75.9329833984375,),)
-178.99853515625,-13.225201606750488,:,:
63.76512145996094,151.54710388183594,if,if
126.40184783935547,-24.46526527404785,identifier,anchor
-27.900177001953125,-110.1322021484375,.,.
5.941869735717773,-31.32659149169922,identifier,get
-62.649810791015625,-23.12485694885254,(,(
62.185420989990234,14.775126457214355,"""","""rel"""
-109.4818344116211,73.07953643798828,),)
28.58490562438965,130.6763153076172,and,and
126.3648910522461,-24.56153678894043,identifier,anchor
-27.908105850219727,-110.10816955566406,.,.
6.167136192321777,-31.530969619750977,identifier,get
-62.56572723388672,-23.15204429626465,(,(
62.68589401245117,13.997658729553223,"""","""href"""
-109.75789642333984,74.34831237792969,),)
-173.45263671875,-16.0707950592041,:,:
96.85639953613281,-24.936458587646484,identifier,found_rels
19.142621994018555,-5.027374267578125,identifier,set
-89.17010498046875,-35.31178283691406,(,(
126.36294555664062,-24.582048416137695,identifier,anchor
-28.531166076660156,-109.9825210571289,.,.
6.605112075805664,-31.643423080444336,identifier,get
-62.51699447631836,-21.746295928955078,(,(
62.21676254272461,14.79982852935791,"""","""rel"""
-101.79036712646484,52.69184112548828,),)
-37.34001922607422,-105.19499206542969,.,.
9.847383499145508,9.80580997467041,identifier,split
-84.55608367919922,-62.86662292480469,(,(
-111.6776123046875,51.44594192504883,),)
-68.16920471191406,67.60916900634766,),)
53.157901763916016,151.34725952148438,if,if
96.84994506835938,-24.944725036621094,identifier,found_rels
108.18125915527344,-45.437496185302734,identifier,rels
-174.41526794433594,-22.29942512512207,:,:
107.81149291992188,8.501301765441895,identifier,href
126.34954833984375,-24.62936782836914,identifier,anchor
-28.96133041381836,-110.27714538574219,.,.
6.927011966705322,-31.302627563476562,identifier,get
-61.82912826538086,-23.203197479248047,(,(
62.71598815917969,14.032537460327148,"""","""href"""
-80.43585205078125,67.26429748535156,),)
86.36234283447266,14.017705917358398,identifier,url
57.19517135620117,-156.27171325683594,identifier,self
-65.38088989257812,-152.68959045410156,.,.
48.79998779296875,-13.677383422851562,identifier,clean_link
-85.15882873535156,-38.41959762573242,(,(
49.241336822509766,-7.4737420082092285,identifier,urllib_parse
-32.6854133605957,-120.16436767578125,.,.
49.03963088989258,-6.973631381988525,identifier,urljoin
-81.82168579101562,-35.74657440185547,(,(
48.79728698730469,-149.40049743652344,identifier,self
-57.65367889404297,-143.75428771972656,.,.
83.71604919433594,11.856931686401367,identifier,base_url
9.325535774230957,99.16484832763672,",",","
107.8111343383789,8.499324798583984,identifier,href
-96.14836120605469,47.55929183959961,),)
-72.89794921875,65.4726333618164,),)
45.22395324707031,28.42217445373535,identifier,Link
-74.76385498046875,-46.01585006713867,(,(
86.33554077148438,14.007268905639648,identifier,url
12.138497352600098,103.41255187988281,",",","
46.95516586303711,-158.54835510253906,identifier,self
9.388648986816406,116.77246856689453,",",","
50.34548568725586,-0.2519771158695221,identifier,trusted
-61.00479507446289,43.6143913269043,),)
129.05625915527344,113.88986206054688,def,def
26.463369369506836,-29.00263786315918,identifier,write
-79.33976745605469,139.00245666503906,(,(
-1.493172526359558,-202.84654235839844,identifier,self
-35.2140998840332,185.341064453125,",",","
96.99774932861328,-6.1208271980285645,identifier,output_stream
-32.65203094482422,168.83917236328125,",",","
80.14418029785156,-39.439666748046875,identifier,kmip_version
28.608192443847656,1.0301777124404907,identifier,enums
-51.71745681762695,-127.36862182617188,.,.
77.46826171875,-41.466739654541016,identifier,KMIPVersion
-49.943511962890625,-129.26966857910156,.,.
61.96231460571289,-6.664083957672119,identifier,KMIP_1_0
-126.5171127319336,108.30207061767578,),)
-178.7821044921875,21.78167152404785,:,:
100.11982727050781,-4.896242141723633,identifier,local_stream
51.593292236328125,-32.37605667114258,identifier,utils
-48.272361755371094,-123.2778549194336,.,.
35.00360107421875,-0.5527136921882629,identifier,BytearrayStream
-91.7547607421875,-58.71525955200195,(,(
-115.87693786621094,58.78596878051758,),)
57.41499710083008,153.15127563476562,if,if
59.7578239440918,-142.9918212890625,identifier,self
-68.37251281738281,-146.40939331054688,.,.
66.33000946044922,-16.610549926757812,identifier,_unique_identifier
-168.85208129882812,-21.99370574951172,:,:
68.96485137939453,-139.7445831298828,identifier,self
-69.83429718017578,-155.7214813232422,.,.
66.26496124267578,-17.151695251464844,identifier,_unique_identifier
-25.87202262878418,-112.91854858398438,.,.
25.726449966430664,-28.973228454589844,identifier,write
-69.41345977783203,-38.39259338378906,(,(
99.36621856689453,-5.076471328735352,identifier,local_stream
3.215648651123047,112.48818969726562,",",","
80.64086151123047,-40.092411041259766,identifier,kmip_version
82.0077896118164,-39.43792724609375,identifier,kmip_version
-89.18144226074219,57.694091796875,),)
30.517208099365234,174.71365356445312,else,else
-184.85858154296875,-39.64795684814453,:,:
35.10820770263672,9.743849754333496,identifier,ValueError
-52.21433639526367,-36.014373779296875,(,(
46.280601501464844,2.857753038406372,"""","""invalid payload missing the unique identifier attribute"""
-86.23338317871094,68.06665802001953,),)
55.969635009765625,150.27407836914062,if,if
59.34225845336914,-142.65101623535156,identifier,self
-68.23290252685547,-146.43295288085938,.,.
64.18720245361328,-18.747358322143555,identifier,_signature_data
-169.88525390625,-22.510923385620117,:,:
68.87667083740234,-139.26370239257812,identifier,self
-69.33480834960938,-155.83628845214844,.,.
64.16719055175781,-18.755523681640625,identifier,_signature_data
-25.7687931060791,-112.90583038330078,.,.
25.693185806274414,-28.98543357849121,identifier,write
-69.74752044677734,-38.56117630004883,(,(
99.25569915771484,-5.0696635246276855,identifier,local_stream
3.7408480644226074,112.71304321289062,",",","
80.86080169677734,-40.32761764526367,identifier,kmip_version
82.16466522216797,-39.60415267944336,identifier,kmip_version
-88.27161407470703,57.80403137207031,),)
31.20401954650879,175.3672332763672,else,else
-185.0703582763672,-40.09046173095703,:,:
35.10858154296875,9.776040077209473,identifier,ValueError
-52.02458572387695,-36.160404205322266,(,(
46.19994354248047,2.9210338592529297,"""","""invalid payload missing the signature attribute"""
-85.6244125366211,68.13633728027344,),)
72.92929077148438,-134.8335723876953,identifier,self
-59.43042755126953,-159.91070556640625,.,.
49.53465270996094,30.633522033691406,identifier,length
99.04135131835938,-5.224532127380371,identifier,local_stream
-31.37356185913086,-116.76815032958984,.,.
49.52701187133789,30.62944221496582,identifier,length
-86.2793960571289,-59.60181427001953,(,(
-110.86800384521484,61.168060302734375,),)
23.074153900146484,-35.484195709228516,identifier,super
-66.77893829345703,-18.783660888671875,(,(
50.63622283935547,-3.347522258758545,identifier,SignResponsePayload
12.287425994873047,95.00813293457031,",",","
46.73297119140625,-159.49888610839844,identifier,self
-100.02886199951172,62.77179718017578,),)
-40.07553482055664,-102.33689880371094,.,.
25.712440490722656,-29.010976791381836,identifier,write
-73.21492767333984,-40.649879455566406,(,(
97.26798248291016,-6.27891206741333,identifier,output_stream
5.981934070587158,114.28738403320312,",",","
80.92908477783203,-40.591705322265625,identifier,kmip_version
82.46137237548828,-39.80575180053711,identifier,kmip_version
-77.24057006835938,65.64420318603516,),)
97.3837890625,-6.422626495361328,identifier,output_stream
-26.472299575805664,-122.53872680664062,.,.
25.626964569091797,-29.041419982910156,identifier,write
-80.64180755615234,-43.59132766723633,(,(
98.74010467529297,-5.206603527069092,identifier,local_stream
-33.68864059448242,-140.44949340820312,.,.
74.4084243774414,-11.086466789245605,identifier,buffer
-62.87626266479492,43.22630310058594,),)
128.7645721435547,112.45557403564453,def,def
40.64815902709961,-30.944902420043945,identifier,dispatch_monitor_traffic
-83.52825927734375,138.68690490722656,(,(
-0.6244573593139648,-204.91038513183594,identifier,self
-32.18769073486328,186.07762145996094,",",","
141.52037048339844,1.8413417339324951,identifier,msg
-127.13152313232422,116.2668228149414,),)
-179.77090454101562,26.934537887573242,:,:
66.80291748046875,-142.44650268554688,identifier,self
-74.4444808959961,-157.6890869140625,.,.
16.069217681884766,-52.7838134765625,identifier,log
-13.379939079284668,-120.7716293334961,.,.
-22.429136276245117,-29.874433517456055,identifier,debug
-50.508399963378906,-29.833812713623047,(,(
46.570831298828125,6.696969509124756,"""","""monitor traffic: %r"""
7.820995807647705,88.89520263671875,",",","
140.83401489257812,0.7708300948143005,identifier,msg
-87.96996307373047,73.40406799316406,),)
65.2525863647461,35.339874267578125,identifier,switch
140.676513671875,0.5714718103408813,identifier,msg
-187.6345672607422,-8.073222160339355,:,:
121.91191101074219,-37.05372619628906,identifier,idents
-13.2069091796875,117.87861633300781,",",","
140.7540740966797,2.6000752449035645,identifier,msg
57.2445182800293,-152.81520080566406,identifier,self
-74.1429214477539,-144.4979705810547,.,.
5.561143398284912,-11.241169929504395,identifier,session
-37.39021301269531,-122.13481140136719,.,.
54.7814826965332,-10.296574592590332,identifier,feed_identities
-71.73502349853516,-31.65268898010254,(,(
140.5294189453125,0.4573621153831482,identifier,msg
-162.20916748046875,-7.499505043029785,:,:
-89.77967834472656,60.61091995239258,),)
36.026947021484375,9.979707717895508,identifier,ValueError
-174.524169921875,-34.4712028503418,:,:
121.86250305175781,-36.82742691040039,identifier,idents
56.70216751098633,159.0612335205078,if,if
121.90653228759766,-36.6231575012207,identifier,idents
-168.25914001464844,-23.93964195251465,:,:
65.86492156982422,-138.76004028320312,identifier,self
-73.07122802734375,-158.70286560058594,.,.
16.407127380371094,-53.56776428222656,identifier,log
-14.919259071350098,-121.5533676147461,.,.
-24.45157241821289,-22.05805206298828,identifier,error
-51.26778030395508,-33.736080169677734,(,(
46.79840850830078,5.794370651245117,"""","""Monitor message without topic: %r"""
8.189525604248047,89.68788146972656,",",","
140.59556579589844,1.6227624416351318,identifier,msg
-84.58357238769531,65.73301696777344,),)
131.3912811279297,-59.92350387573242,identifier,handler
55.433895111083984,-153.8742218017578,identifier,self
-64.86111450195312,-150.92538452148438,.,.
58.07607650756836,-18.546751022338867,identifier,monitor_handlers
-32.737884521484375,-114.23674011230469,.,.
7.29034948348999,-29.087974548339844,identifier,get
-74.45936584472656,-31.93282699584961,(,(
65.2420425415039,35.3306770324707,identifier,switch
-0.7883722186088562,88.46539306640625,",",","
-88.68672943115234,63.607940673828125,),)
51.762725830078125,149.32150268554688,if,if
131.53842163085938,-60.97798538208008,identifier,handler
-172.83775329589844,-28.44170570373535,:,:
131.30894470214844,-61.81144332885742,identifier,handler
-75.18589782714844,-40.43233108520508,(,(
122.30244445800781,-36.671634674072266,identifier,idents
8.715139389038086,100.54061126708984,",",","
140.69302368164062,1.7890654802322388,identifier,msg
-85.21260833740234,57.770076751708984,),)
32.937355041503906,176.4392852783203,else,else
-188.33197021484375,-42.03673553466797,:,:
65.2928466796875,-137.2904510498047,identifier,self
-72.1611557006836,-160.07498168945312,.,.
15.81552505493164,-53.898860931396484,identifier,log
-16.083236694335938,-122.6060562133789,.,.
-24.501850128173828,-22.083332061767578,identifier,error
-50.42427444458008,-34.45159149169922,(,(
46.230445861816406,5.589945316314697,"""","""Unrecognized monitor topic: %r"""
9.456707954406738,90.49478912353516,",",","
65.24128723144531,35.33150863647461,identifier,switch
-62.18852615356445,43.05873107910156,),)
126.82730102539062,113.69388580322266,def,def
34.56147766113281,-27.844951629638672,identifier,reload
-82.4814682006836,143.25662231445312,(,(
1.9786673784255981,-203.36195373535156,identifier,self
-128.34796142578125,121.37600708007812,),)
-178.36996459960938,28.633859634399414,:,:
67.36491394042969,-144.0026092529297,identifier,self
-77.08153533935547,-145.51699829101562,.,.
49.26179122924805,-25.38618278503418,identifier,fload
-92.0216293334961,-56.56734848022461,(,(
-117.17716979980469,62.32939147949219,),)
119.9379653930664,-71.49124145507812,identifier,lines
58.20200729370117,-149.6975860595703,identifier,self
-74.63914489746094,-143.05030822753906,.,.
50.733341217041016,5.612959384918213,identifier,fobj
-35.41370391845703,-115.98750305175781,.,.
25.315826416015625,-23.411182403564453,identifier,readlines
-92.78128814697266,-56.0334587097168,(,(
-116.52425384521484,62.411136627197266,),)
89.97026062011719,-17.474668502807617,identifier,src_b
97.09222412109375,38.55989074707031,identifier,l
69.80902099609375,124.80108642578125,for,for
97.10659790039062,38.558387756347656,identifier,l
118.35909271240234,-71.66053771972656,identifier,lines
54.94004821777344,144.05686950683594,if,if
97.1231689453125,38.559871673583984,identifier,l
-32.1584587097168,-107.30286407470703,.,.
37.73265075683594,20.300615310668945,identifier,strip
-83.76012420654297,-61.691898345947266,(,(
-113.04832458496094,52.358619689941406,),)
85.96223449707031,-18.44843292236328,identifier,nblocks
-1.6553791761398315,25.327255249023438,identifier,len
-84.23303985595703,-20.346986770629883,(,(
89.71637725830078,-17.217506408691406,identifier,src_b
-82.42548370361328,75.78719329833984,),)
74.31819915771484,-136.8786163330078,identifier,self
-61.28158187866211,-160.55520629882812,.,.
88.46338653564453,-16.630414962768555,identifier,src
49.99481964111328,24.584156036376953,"""",''
-27.170089721679688,-100.3345718383789,.,.
3.963231325149536,-0.2909601926803589,identifier,join
-80.91130065917969,-28.807905197143555,(,(
118.04670715332031,-71.47602844238281,identifier,lines
-82.26795959472656,75.84524536132812,),)
74.45809173583984,-136.58258056640625,identifier,self
-65.04269409179688,-159.34335327148438,.,.
59.33112716674805,-23.661537170410156,identifier,_silent
85.65348052978516,-18.000431060791016,identifier,nblocks
75.82516479492188,-136.15223693847656,identifier,self
-65.1585464477539,-159.2481689453125,.,.
65.663330078125,-11.254759788513184,identifier,_auto
85.63191986083984,-17.93541145324707,identifier,nblocks
75.86426544189453,-135.91180419921875,identifier,self
-61.85697937011719,-158.6451873779297,.,.
65.75028991699219,-11.262492179870605,identifier,auto_all
75.22291564941406,-135.20132446289062,identifier,self
-61.139747619628906,-158.69528198242188,.,.
85.94246673583984,-17.96096420288086,identifier,nblocks
85.52488708496094,-17.79839515686035,identifier,nblocks
76.11467742919922,-135.4280548095703,identifier,self
-61.245662689208984,-158.42807006835938,.,.
87.92457580566406,-17.17105484008789,identifier,src_blocks
89.6316909790039,-17.156862258911133,identifier,src_b
76.29522705078125,-135.003173828125,identifier,self
-61.16029357910156,-158.0765380859375,.,.
66.55694580078125,-8.976962089538574,identifier,src_blocks_colored
31.05731201171875,-16.218307495117188,identifier,map
-84.31973266601562,-35.216278076171875,(,(
50.10907745361328,-145.0414581298828,identifier,self
-57.48987579345703,-143.62538146972656,.,.
52.59943389892578,-6.433557987213135,identifier,ip_colorize
8.544864654541016,103.54925537109375,",",","
47.43442153930664,-143.99159240722656,identifier,self
-58.51301574707031,-145.81668090820312,.,.
87.9615249633789,-17.22133445739746,identifier,src_blocks
-77.14686584472656,63.891151428222656,),)
70.73324584960938,-133.3626251220703,identifier,self
-62.52787780761719,-154.10475158691406,.,.
44.77690124511719,-15.379243850708008,identifier,reset
-82.82784271240234,-54.078712463378906,(,(
-64.54594421386719,39.585079193115234,),)
121.20751190185547,108.44623565673828,def,def
45.506103515625,-22.142702102661133,identifier,disassemble
-78.15383911132812,136.73464965820312,(,(
142.1773681640625,1.491939902305603,identifier,msg
-32.55292892456055,173.6836395263672,",",","
73.50556945800781,-15.428627014160156,identifier,msg_nocr
-30.756019592285156,170.65231323242188,",",","
114.66777801513672,26.39622688293457,identifier,section
-31.113216400146484,171.93759155273438,",",","
104.16305541992188,-56.13020706176758,identifier,co
-35.11366271972656,169.14552307128906,",",","
97.21772766113281,6.966913223266602,identifier,lasti
27.023141860961914,70.35132598876953,-,-
-33.02409744262695,154.239990234375,",",","
93.78479766845703,2.338348388671875,identifier,start_line
27.02120590209961,70.42511749267578,-,-
-33.00498580932617,154.34222412109375,",",","
93.33350372314453,2.92466139793396,identifier,end_line
-34.13954544067383,154.50439453125,",",","
90.56137084960938,6.510031223297119,identifier,relative_pos
-34.0352668762207,154.1892547607422,",",","
53.5962028503418,-42.29508590698242,identifier,highlight
56.82625198364258,15.064970970153809,"""",'light'
-32.024147033691406,155.2598114013672,",",","
94.640380859375,3.1679837703704834,identifier,start_offset
-32.39457321166992,154.69683837890625,",",","
94.0556640625,3.7511112689971924,identifier,end_offset
-123.79512023925781,108.83280944824219,),)
-176.25912475585938,20.97455596923828,:,:
45.819427490234375,-21.90205192565918,identifier,disassemble_bytes
-71.8532485961914,-46.5849609375,(,(
141.96022033691406,1.228022813796997,identifier,msg
18.005443572998047,104.78770446777344,",",","
73.48775482177734,-15.424957275390625,identifier,msg_nocr
18.107763290405273,105.6900634765625,",",","
103.9361801147461,-55.41361999511719,identifier,co
-47.46346664428711,-140.95176696777344,.,.
68.77332305908203,-7.961162090301514,identifier,co_code
18.547588348388672,106.47630310058594,",",","
97.23138427734375,6.961239337921143,identifier,lasti
17.88290023803711,106.19781494140625,",",","
104.2891616821289,-55.120121002197266,identifier,co
-47.33483123779297,-141.16116333007812,.,.
68.20600891113281,-7.207515716552734,identifier,co_firstlineno
18.54534149169922,106.93218231201172,",",","
93.75012969970703,2.3728880882263184,identifier,start_line
18.342729568481445,106.91368865966797,",",","
93.27303314208984,2.8723013401031494,identifier,end_line
18.18534278869629,106.96704864501953,",",","
90.53431701660156,6.5501790046691895,identifier,relative_pos
17.550065994262695,106.83949279785156,",",","
104.18600463867188,-54.86247253417969,identifier,co
-47.26591491699219,-141.46231079101562,.,.
68.01422882080078,-6.336089134216309,identifier,co_varnames
17.207345962524414,107.5138168334961,",",","
104.51803588867188,-54.8552131652832,identifier,co
-46.99880599975586,-141.64344787597656,.,.
68.90201568603516,-6.948103427886963,identifier,co_names
17.0253963470459,107.54046630859375,",",","
104.56059265136719,-54.686580657958984,identifier,co
-47.117469787597656,-141.8874969482422,.,.
68.60823822021484,-6.674870014190674,identifier,co_consts
16.79552459716797,107.6253662109375,",",","
104.70581817626953,-54.78949737548828,identifier,co
-47.04418182373047,-142.03614807128906,.,.
69.02259826660156,-6.378912448883057,identifier,co_cellvars
16.445022583007812,107.55174255371094,",",","
104.8160400390625,-54.947723388671875,identifier,co
-47.0494499206543,-142.2178955078125,.,.
69.14418029785156,-6.296249866485596,identifier,co_freevars
15.532852172851562,107.58487701416016,",",","
14.977892875671387,-0.21425502002239227,identifier,dict
-90.29052734375,-32.25313949584961,(,(
54.520626068115234,-8.082777976989746,identifier,findlinestarts
-78.91969299316406,-26.326763153076172,(,(
104.90693664550781,-55.83284378051758,identifier,co
-100.27354431152344,49.535396575927734,),)
-90.58922576904297,46.544090270996094,),)
12.084124565124512,111.75537872314453,",",","
53.59679412841797,-42.294227600097656,identifier,highlight
10.350725173950195,118.716796875,",",","
94.98811340332031,3.6072325706481934,identifier,start_offset
95.16807556152344,3.989539623260498,identifier,start_offset
8.574501991271973,119.75609588623047,",",","
94.6972427368164,4.120185375213623,identifier,end_offset
94.9384994506836,4.414941310882568,identifier,end_offset
-60.850677490234375,45.756954193115234,),)
130.4532928466797,113.29888153076172,def,def
36.314125061035156,-27.321992874145508,identifier,load_bytes
-80.90281677246094,136.4081268310547,(,(
-2.9101967811584473,-204.28732299804688,identifier,self
-35.01249313354492,184.42581176757812,",",","
86.6329574584961,-10.263998031616211,identifier,bytes_data
-30.996545791625977,170.0370635986328,",",","
148.84747314453125,22.256284713745117,identifier,key
-33.35175323486328,168.771484375,",",","
109.0975570678711,-1.9098432064056396,identifier,bucket_name
-36.77204132080078,156.4935760498047,",",","
31.20420265197754,18.39379119873047,identifier,replace
-34.54201126098633,156.89100646972656,",",","
45.065513610839844,24.17540168762207,identifier,encrypt
-124.4732437133789,110.26283264160156,),)
-182.97801208496094,23.001222610473633,:,:
63.55686950683594,158.7560272216797,if,if
109.48043060302734,-1.8098742961883545,identifier,bucket_name
-166.6055145263672,-13.336403846740723,:,:
-71.9073486328125,-12.134273529052734,(,(
109.5107192993164,-1.6297096014022827,identifier,bucket_name
0.7398128509521484,100.33982849121094,",",","
149.01866149902344,24.495515823364258,identifier,key
-106.06434631347656,71.94170379638672,),)
59.001678466796875,-153.73382568359375,identifier,self
-75.22158813476562,-149.77967834472656,.,.
49.935916900634766,-8.378300666809082,identifier,parse_s3_url
-70.37623596191406,-30.525524139404297,(,(
149.18006896972656,24.075149536132812,identifier,key
-92.35904693603516,69.65898895263672,),)
56.7100715637207,157.66763305664062,if,if
31.207462310791016,18.392690658569336,identifier,replace
28.786508560180664,130.8630828857422,and,and
63.1619873046875,-151.27976989746094,identifier,self
-75.32756042480469,-149.37484741210938,.,.
52.873104095458984,-14.536468505859375,identifier,check_for_key
-70.756103515625,-32.561126708984375,(,(
149.2574920654297,24.247467041015625,identifier,key
1.352529764175415,101.0365219116211,",",","
109.47145080566406,-1.4991459846496582,identifier,bucket_name
-108.80947875976562,76.67021179199219,),)
-166.4136199951172,-26.559240341186523,:,:
35.156551361083984,9.625438690185547,identifier,ValueError
-52.7562141418457,-35.71250915527344,(,(
47.99931716918945,4.921886920928955,"""","""The key {key} already exists."""
-25.970792770385742,-96.96629333496094,.,.
16.06745147705078,59.478145599365234,identifier,format
-74.88270568847656,-20.209850311279297,(,(
149.89393615722656,24.768991470336914,identifier,key
149.8238067626953,23.968852996826172,identifier,key
-99.36052703857422,45.48472595214844,),)
-67.76911163330078,70.86686706542969,),)
98.77470397949219,-16.339786529541016,identifier,extra_args
51.22370910644531,153.1717071533203,if,if
45.06440353393555,24.17315673828125,identifier,encrypt
-175.0994415283203,-23.45598030090332,:,:
98.79029083251953,-16.373964309692383,identifier,extra_args
58.64399719238281,3.5820605754852295,"""",'ServerSideEncryption'
56.89051055908203,6.956893444061279,"""","""AES256"""
78.82504272460938,-28.762056350708008,identifier,filelike_buffer
35.35517501831055,0.10272427648305893,identifier,BytesIO
-83.04271697998047,-29.814085006713867,(,(
86.61349487304688,-10.249185562133789,identifier,bytes_data
-79.15898132324219,69.06404113769531,),)
39.1371955871582,-58.01687240600586,identifier,client
55.34621047973633,-155.5330047607422,identifier,self
-76.1629638671875,-151.9210205078125,.,.
49.97623825073242,-19.312219619750977,identifier,get_conn
-88.62702941894531,-56.972835540771484,(,(
-110.60908508300781,61.496917724609375,),)
38.14251708984375,-57.84041976928711,identifier,client
-26.00493812561035,-124.92048645019531,.,.
48.99494934082031,-10.785074234008789,identifier,upload_fileobj
-74.13404846191406,-43.372188568115234,(,(
78.80404663085938,-28.764142990112305,identifier,filelike_buffer
13.187738418579102,103.54826354980469,",",","
109.44717407226562,-1.1347936391830444,identifier,bucket_name
13.292941093444824,102.99874114990234,",",","
148.2454376220703,25.405982971191406,identifier,key
9.61967945098877,117.63697052001953,",",","
98.76941680908203,-15.60641098022461,identifier,ExtraArgs
98.78610229492188,-16.226545333862305,identifier,extra_args
-61.670047760009766,44.25214385986328,),)
130.7444305419922,113.75263977050781,def,def
41.904747009277344,-30.703142166137695,identifier,delete_reference_image
-81.54907989501953,135.91493225097656,(,(
-3.2893595695495605,-204.35618591308594,identifier,self
-33.92006301879883,182.96739196777344,",",","
108.63163757324219,21.38401985168457,identifier,location
-31.551788330078125,171.52017211914062,",",","
113.1597671508789,-3.498478412628174,identifier,product_id
-31.375356674194336,168.4973907470703,",",","
104.59851837158203,-9.768298149108887,identifier,reference_image_id
-31.876371383666992,167.69883728027344,",",","
113.20684051513672,-1.8597815036773682,identifier,project_id
-36.508323669433594,155.7591094970703,",",","
46.43455123901367,-50.30685806274414,identifier,retry
-35.958526611328125,155.4477081298828,",",","
115.96529388427734,36.236690521240234,identifier,timeout
-35.42647171020508,155.03306579589844,",",","
73.34281921386719,20.15819549560547,identifier,metadata
-30.69425392150879,151.27345275878906,",",","
-124.3450698852539,108.18515014648438,),)
-176.78805541992188,21.946208953857422,:,:
39.09604263305664,-57.94600296020508,identifier,client
59.62186050415039,-153.37562561035156,identifier,self
-75.8156509399414,-151.16403198242188,.,.
49.984867095947266,-19.38172149658203,identifier,get_conn
-90.35074615478516,-57.25913619995117,(,(
-115.85240173339844,60.72085952758789,),)
66.24427032470703,-141.44508361816406,identifier,self
-74.14935302734375,-158.1834259033203,.,.
16.07900619506836,-52.82229995727539,identifier,log
-13.707005500793457,-121.19723510742188,.,.
-27.230941772460938,-28.81690788269043,identifier,info
-51.5086784362793,-30.153974533081055,(,(
50.140140533447266,4.732107639312744,"""",'Deleting ReferenceImage'
-89.94429016113281,76.75835418701172,),)
162.23477172851562,8.21812915802002,identifier,name
51.981361389160156,-3.8901901245117188,identifier,ProductSearchClient
-37.92542266845703,-123.76439666748047,.,.
57.32661819458008,-13.575620651245117,identifier,reference_image_path
-65.06210327148438,-42.28143310546875,(,(
114.8057861328125,3.4692296981811523,identifier,project
113.2185287475586,-1.8919587135314941,identifier,project_id
3.0228958129882812,118.31271362304688,",",","
108.62310791015625,21.10245132446289,identifier,location
108.63513946533203,21.22364616394043,identifier,location
3.3976926803588867,119.25567626953125,",",","
112.77802276611328,-3.7905828952789307,identifier,product
113.13858795166016,-3.4866254329681396,identifier,product_id
2.9271295070648193,120.13008117675781,",",","
104.63341522216797,-10.149106979370117,identifier,reference_image
104.6003646850586,-9.903918266296387,identifier,reference_image_id
-83.21043395996094,71.39867401123047,),)
119.6229248046875,51.995784759521484,identifier,response
38.326297760009766,-57.704898834228516,identifier,client
-36.170310974121094,-123.70067596435547,.,.
57.285213470458984,-13.617657661437988,identifier,delete_reference_image
-65.51948547363281,-42.750144958496094,(,(
161.69793701171875,9.388090133666992,identifier,name
157.869384765625,9.535935401916504,identifier,name
3.9910240173339844,118.83969116210938,",",","
45.84586715698242,-49.86160659790039,identifier,retry
45.59885025024414,-49.20872116088867,identifier,retry
4.246570587158203,119.78652954101562,",",","
116.27275085449219,36.670448303222656,identifier,timeout
116.74571990966797,36.737632751464844,identifier,timeout
4.282712936401367,120.5931396484375,",",","
73.3336181640625,20.147397994995117,identifier,metadata
73.34461975097656,20.164342880249023,identifier,metadata
-83.060791015625,65.15727996826172,),)
64.63066864013672,-136.61643981933594,identifier,self
-72.56377410888672,-160.0067138671875,.,.
15.652640342712402,-53.55636215209961,identifier,log
-15.6265287399292,-122.2629165649414,.,.
-27.540050506591797,-28.063032150268555,identifier,info
-50.33479690551758,-33.622947692871094,(,(
47.002437591552734,4.720692157745361,"""",'ReferenceImage with the name [%s] deleted.'
9.059971809387207,90.74993133544922,",",","
157.8625030517578,10.161258697509766,identifier,name
-80.17842102050781,59.63579559326172,),)
47.385719299316406,-8.919986724853516,identifier,MessageToDict
-77.04153442382812,-46.5082893371582,(,(
120.03804779052734,53.86896896362305,identifier,response
-62.143211364746094,40.944217681884766,),)
129.70411682128906,108.86737060546875,def,def
36.5303955078125,-24.2065372467041,identifier,_repr_pretty_
-84.634521484375,137.98828125,(,(
-1.9178487062454224,-207.65933227539062,identifier,self
-32.421852111816406,184.292236328125,",",","
82.8237075805664,-68.20368194580078,identifier,p
-27.07371711730957,171.3217315673828,",",","
78.96455383300781,3.4194438457489014,identifier,cycle
-126.93877410888672,115.6088638305664,),)
-178.73448181152344,25.626413345336914,:,:
110.1968765258789,-8.566571235656738,identifier,class_name
53.62376022338867,37.92567443847656,identifier,type
-82.53681182861328,-16.44080352783203,(,(
44.45145034790039,-157.80862426757812,identifier,self
-98.72088623046875,62.94870376586914,),)
-34.22232437133789,-131.3549041748047,.,.
44.591026306152344,40.12268829345703,identifier,__name__
53.71009063720703,157.23927307128906,if,if
78.95838928222656,3.419743299484253,identifier,cycle
-167.90579223632812,-21.774206161499023,:,:
82.20777130126953,-67.52626037597656,identifier,p
-27.85266876220703,-116.87576293945312,.,.
48.943790435791016,55.568241119384766,identifier,text
-53.25525665283203,-29.098735809326172,(,(
43.14284133911133,10.81534481048584,"""",'{cls}(...)'
-26.708984375,-97.29959869384766,.,.
16.87189483642578,58.61899185180664,identifier,format
-74.46859741210938,-20.365100860595703,(,(
63.33685302734375,-121.86238098144531,identifier,cls
110.15109252929688,-7.829653739929199,identifier,class_name
-2.5991249084472656,107.79086303710938,",",","
-101.26697540283203,43.55352020263672,),)
-66.8136215209961,68.04459381103516,),)
32.93807601928711,172.96804809570312,else,else
-188.4644012451172,-36.983150482177734,:,:
82.35552215576172,-67.49959564208984,identifier,p
-28.09100914001465,-116.82642364501953,.,.
15.218877792358398,-10.199572563171387,identifier,group
-87.781982421875,-36.67143630981445,(,(
-2.07490611076355,25.197803497314453,identifier,len
-81.80000305175781,-21.947935104370117,(,(
110.14921569824219,-7.88749361038208,identifier,class_name
-100.38558959960938,56.6063346862793,),)
-22.253591537475586,90.80042266845703,+,+
-5.732763290405273,108.38062286376953,",",","
43.13895034790039,10.80712890625,"""",'{cls}('
-26.501665115356445,-97.80503845214844,.,.
17.186248779296875,58.64081954956055,identifier,format
-74.59904479980469,-20.328887939453125,(,(
63.336936950683594,-121.86503601074219,identifier,cls
110.14008331298828,-7.718740463256836,identifier,class_name
-98.93091583251953,46.711883544921875,),)
9.687259674072266,111.82038879394531,",",","
43.027069091796875,15.15457820892334,"""",')'
-4.383880138397217,114.42792510986328,",",","
-105.768798828125,80.27755737304688,),)
-180.86407470703125,-11.417819023132324,:,:
112.9463882446289,-34.49856185913086,identifier,prepared
55.85054016113281,-156.55081176757812,identifier,self
-76.42694091796875,-150.0563507080078,.,.
52.63344192504883,-12.749791145324707,identifier,as_json_compatible
-87.20445251464844,-57.9445686340332,(,(
-113.32902526855469,57.93339920043945,),)
54.112998962402344,149.33175659179688,if,if
7.423511981964111,32.52180862426758,identifier,isinstance
-88.36529541015625,-18.758304595947266,(,(
112.8790512084961,-34.7162971496582,identifier,prepared
-1.5610647201538086,95.69940948486328,",",","
71.44043731689453,-0.4813573360443115,identifier,Mapping
-105.5292739868164,77.13278198242188,),)
-174.63743591308594,-25.081830978393555,:,:
82.0644760131836,-67.29168701171875,identifier,p
-23.09174919128418,-122.25757598876953,.,.
49.00285339355469,55.66832733154297,identifier,text
-53.07517623901367,-26.704954147338867,(,(
51.277923583984375,16.99315071105957,"""",'**'
-86.30035400390625,54.7810173034668,),)
39.233070373535156,169.11074829101562,elif,elif
8.219613075256348,32.2933464050293,identifier,isinstance
-88.80176544189453,-18.91243553161621,(,(
112.87738037109375,-34.72370910644531,identifier,prepared
-1.408394694328308,95.51228332519531,",",","
26.030271530151367,5.4382781982421875,identifier,Iterable
-104.90314483642578,77.03667449951172,),)
-175.02479553222656,-25.144588470458984,:,:
81.93667602539062,-67.11720275878906,identifier,p
-23.161579132080078,-122.47478485107422,.,.
48.96720504760742,55.716854095458984,identifier,text
-53.060768127441406,-26.6711368560791,(,(
51.52347946166992,17.21531105041504,"""",'*'
-79.03187561035156,66.06639862060547,),)
81.788818359375,-66.90589141845703,identifier,p
-23.628490447998047,-123.46553802490234,.,.
36.53535079956055,-23.77509880065918,identifier,pretty
-79.28629302978516,-44.16895294189453,(,(
112.87353515625,-34.761348724365234,identifier,prepared
-63.79024887084961,42.06623840332031,),)
127.84620666503906,114.82118225097656,def,def
13.752339363098145,-18.538833618164062,identifier,requests
-83.39717864990234,143.2393035888672,(,(
0.6667109727859497,-203.0872802734375,identifier,self
-129.0187225341797,121.19091796875,),)
-177.6851043701172,28.131338119506836,:,:
13.577824592590332,-18.294940948486328,identifier,requests
67.18004608154297,134.33489990234375,for,for
25.851346969604492,22.67862319946289,identifier,json
60.784454345703125,-151.67466735839844,identifier,self
-73.1187973022461,-144.1827392578125,.,.
67.09652709960938,-48.2926139831543,identifier,skype
-39.4226188659668,-122.06938934326172,.,.
49.198246002197266,-21.200504302978516,identifier,conn
-59.510528564453125,-31.765186309814453,(,(
60.90793228149414,11.445212364196777,"""","""GET"""
1.9323447942733765,93.19508361816406,",",","
43.803489685058594,9.152316093444824,"""","""{0}/users/{1}/invites"""
-27.155834197998047,-97.6540298461914,.,.
16.19415855407715,58.76924133300781,identifier,format
-74.7822494506836,-18.951555252075195,(,(
66.62059783935547,-46.267215728759766,identifier,SkypeConnection
-48.567813873291016,-131.05751037597656,.,.
58.50658416748047,-2.3967649936676025,identifier,API_CONTACTS
-1.120806097984314,103.79016876220703,",",","
47.11155700683594,-151.2980194091797,identifier,self
-62.20908737182617,-141.58450317382812,.,.
67.08755493164062,-48.28767013549805,identifier,skype
-44.26505661010742,-134.64059448242188,.,.
68.84758758544922,19.3597412109375,identifier,userId
-93.56741333007812,51.844581604003906,),)
0.9625892639160156,122.7451400756836,",",","
78.70211029052734,17.63524055480957,identifier,auth
66.53732299804688,-46.28192901611328,identifier,SkypeConnection
-48.25331115722656,-130.37232971191406,.,.
78.93804931640625,17.441320419311523,identifier,Auth
-48.13288879394531,-130.15048217773438,.,.
66.10147857666016,-46.7067985534668,identifier,SkypeToken
-100.1920394897461,65.7416000366211,),)
-40.08917236328125,-104.01943969726562,.,.
24.785160064697266,22.173019409179688,identifier,json
-88.23861694335938,-55.445682525634766,(,(
-118.0103759765625,51.101261138916016,),)
-40.71823501586914,-103.84315490722656,.,.
5.917517185211182,-30.164134979248047,identifier,get
-62.69396209716797,-24.96202850341797,(,(
62.09291458129883,8.540999412536621,"""","""invite_list"""
3.972952365875244,90.23020935058594,",",","
-105.99598693847656,78.96577453613281,),)
-181.8788299560547,-12.944387435913086,:,:
67.64445495605469,130.7926025390625,for,for
109.01933288574219,-34.49013137817383,identifier,invite
25.74281883239746,22.3790283203125,identifier,json
-29.07779312133789,-109.25914764404297,.,.
6.360230445861816,-30.63155174255371,identifier,get
-62.51643753051758,-24.685014724731445,(,(
62.11661148071289,8.22998332977295,"""","""invites"""
3.9434187412261963,90.18714904785156,",",","
-105.78846740722656,78.7405014038086,),)
-180.96963500976562,-18.615406036376953,:,:
109.01094055175781,-34.497501373291016,identifier,invite
68.58078002929688,18.84705352783203,"""","""userId"""
66.04863739013672,-45.913639068603516,identifier,SkypeUtils
-32.82699966430664,-122.00459289550781,.,.
47.76399230957031,-4.815332412719727,identifier,noPrefix
-85.00865936279297,-38.176170349121094,(,(
25.765380859375,22.379072189331055,identifier,json
-28.816753387451172,-108.79589080810547,.,.
7.364932060241699,-31.328760147094727,identifier,get
-62.30678176879883,-21.36073112487793,(,(
62.53692626953125,16.146013259887695,"""","""mri"""
-100.50067138671875,51.15089797973633,),)
-73.39338684082031,65.95693969726562,),)
13.25134563446045,-18.129364013671875,identifier,requests
-19.154800415039062,-112.22113037109375,.,.
-13.555809020996094,-55.51236343383789,identifier,append
-88.39952087402344,-41.13530731201172,(,(
66.15155792236328,-46.28419876098633,identifier,SkypeRequest
-31.195436477661133,-122.29048919677734,.,.
47.37895202636719,-12.125589370727539,identifier,fromRaw
-81.4693832397461,-36.1624641418457,(,(
51.05313491821289,-155.29183959960938,identifier,self
-57.12263488769531,-144.4094696044922,.,.
67.08659362792969,-48.331233978271484,identifier,skype
9.952812194824219,99.751708984375,",",","
109.02034759521484,-34.497528076171875,identifier,invite
-95.52657318115234,48.27003860473633,),)
-74.05792236328125,60.0662956237793,),)
12.983917236328125,-18.133298873901367,identifier,requests
122.61467742919922,107.02007293701172,def,def
42.31642532348633,-28.300756454467773,identifier,add_userrnd_shot
-86.49351501464844,139.78878784179688,(,(
115.30826568603516,3.201374053955078,identifier,project
-128.9250946044922,117.9551773071289,),)
-176.58071899414062,27.053421020507812,:,:
80.10028076171875,-18.729955673217773,identifier,rndseq
115.47807312011719,2.884255886077881,identifier,project
-38.87330627441406,-129.99501037597656,.,.
48.258724212646484,-17.059799194335938,identifier,sequence_set
-34.7691535949707,-113.35646057128906,.,.
5.672347068786621,-29.413837432861328,identifier,get
-65.0634765625,-38.306968688964844,(,(
162.10606384277344,10.363913536071777,identifier,name
57.46487808227539,-1.829128384590149,identifier,RNDSEQ_NAME
-87.31838989257812,75.95841217041016,),)
123.82537841796875,-16.299718856811523,identifier,users
88.82857513427734,44.246334075927734,identifier,u
70.25037384033203,124.6691665649414,for,for
88.74264526367188,44.39171600341797,identifier,u
115.463623046875,2.884273052215576,identifier,project
-39.679473876953125,-130.08871459960938,.,.
123.92078399658203,-16.036251068115234,identifier,users
-30.210289001464844,-114.00758361816406,.,.
37.168331146240234,-5.452658176422119,identifier,all
-82.51162719726562,-63.06789779663086,(,(
-113.04638671875,52.31517028808594,),)
69.65086364746094,133.12045288085938,for,for
121.88263702392578,-14.110154151916504,identifier,user
123.8918685913086,-16.065597534179688,identifier,users
-183.2901611328125,-15.470969200134277,:,:
97.6750717163086,-38.92878341674805,identifier,shot
-12.5160493850708,116.9498519897461,",",","
48.28990173339844,-0.7520843744277954,identifier,created
53.548248291015625,0.6682961583137512,identifier,Shot
-40.424224853515625,-127.58346557617188,.,.
68.064208984375,31.122528076171875,identifier,objects
-37.207149505615234,-120.43897247314453,.,.
51.64031982421875,-15.923385620117188,identifier,get_or_create
-64.734130859375,-42.21101760864258,(,(
161.6754608154297,9.934515953063965,identifier,name
121.44212341308594,-14.034103393554688,identifier,user
-40.59122085571289,-135.95286560058594,.,.
127.9627914428711,15.610742568969727,identifier,username
3.3001928329467773,118.94776916503906,",",","
114.77243041992188,3.4591915607452393,identifier,project
115.12498474121094,2.941927909851074,identifier,project
3.6979641914367676,120.01121520996094,",",","
77.0555419921875,24.183998107910156,identifier,sequence
80.09378814697266,-18.725120544433594,identifier,rndseq
3.618814468383789,120.83892822265625,",",","
58.4625129699707,-25.481115341186523,identifier,defaults
70.55843353271484,14.26391887664795,"""",'description'
-149.8761749267578,1.0427056550979614,:,:
49.13262176513672,5.568263530731201,"""",'rnd shot for user %s'
121.36283874511719,-14.046014785766602,identifier,user
-40.886024475097656,-136.27969360351562,.,.
128.04498291015625,15.578354835510254,identifier,username
-67.32630157470703,62.88932800292969,),)
69.51446533203125,130.8560028076172,for,for
77.20049285888672,-61.876197814941406,identifier,t
97.68203735351562,-38.928646087646484,identifier,shot
-40.465145111083984,-129.6418914794922,.,.
53.849586486816406,-9.187357902526855,identifier,tasks
-30.454736709594727,-114.28379821777344,.,.
37.17142868041992,-5.4554266929626465,identifier,all
-82.6741943359375,-63.27110290527344,(,(
-119.86722564697266,54.685791015625,),)
-181.07469177246094,-19.20169448852539,:,:
77.23617553710938,-63.2885627746582,identifier,t
-29.70387840270996,-130.88478088378906,.,.
123.92020416259766,-16.041921615600586,identifier,users
-20.830272674560547,-113.91314697265625,.,.
-7.9184370040893555,-53.24625778198242,identifier,add
-81.09012603759766,-41.41530990600586,(,(
121.82392883300781,-13.835405349731445,identifier,user
-77.3308334350586,67.4583740234375,),)
77.24064636230469,-63.38970184326172,identifier,t
-24.07120132446289,-124.14410400390625,.,.
48.76407241821289,-13.677063941955566,identifier,full_clean
-84.4482421875,-55.72676467895508,(,(
-109.64423370361328,60.26850128173828,),)
77.23760223388672,-63.44738006591797,identifier,t
-24.0893611907959,-124.05164337158203,.,.
26.628515243530273,-16.292835235595703,identifier,save
-82.32290649414062,-54.310646057128906,(,(
-64.02639770507812,40.292240142822266,),)
129.83326721191406,111.6907958984375,def,def
38.42503356933594,-30.803720474243164,identifier,get_callbacks
-82.84458923339844,139.1621856689453,(,(
-1.1117589473724365,-205.02523803710938,identifier,self
-32.1928825378418,185.5429229736328,",",","
90.46700286865234,32.05921173095703,identifier,node
-126.9195785522461,116.6593246459961,),)
-177.53797912597656,25.936100006103516,:,:
132.33026123046875,-7.572054386138916,identifier,klass
90.46730041503906,32.055789947509766,identifier,node
-34.865413665771484,-131.63595581054688,.,.
44.751319885253906,41.05643844604492,identifier,__class__
98.87822723388672,17.18413543701172,identifier,methods
58.8563346862793,-152.0313720703125,identifier,self
-73.399658203125,-149.07662963867188,.,.
62.352821350097656,-30.12165641784668,identifier,_cache
-34.64519119262695,-114.2087631225586,.,.
6.369163990020752,-28.865079879760742,identifier,get
-70.91053009033203,-27.73003578186035,(,(
132.34881591796875,-7.562510013580322,identifier,klass
-92.61038208007812,70.23021697998047,),)
58.26545715332031,155.1559295654297,if,if
98.86967468261719,17.194509506225586,identifier,methods
-167.94500732421875,-16.303159713745117,:,:
131.6007537841797,-59.77109146118164,identifier,handler
60.087562561035156,-149.54782104492188,identifier,self
-71.00614929199219,-139.3433837890625,.,.
132.3555908203125,-61.88719940185547,identifier,handler
130.44229125976562,8.825041770935059,identifier,kid
132.34571838378906,-7.564212799072266,identifier,klass
-34.98619079589844,-132.04849243164062,.,.
44.85063552856445,40.243831634521484,identifier,__name__
-33.83401107788086,-106.40826416015625,.,.
35.8550910949707,23.939109802246094,identifier,lower
-82.51327514648438,-61.21306228637695,(,(
-113.73973083496094,62.3106689453125,),)
98.6030044555664,-20.254051208496094,identifier,e_method
14.118755340576172,21.98456382751465,identifier,getattr
-70.06171417236328,-21.492708206176758,(,(
132.71640014648438,-60.79993438720703,identifier,handler
-7.67575216293335,98.04493713378906,",",","
46.771278381347656,11.292035102844238,"""","""visit_%s"""
130.4429931640625,8.827812194824219,identifier,kid
2.615177869796753,108.88643646240234,",",","
13.669968605041504,21.833335876464844,identifier,getattr
-71.49002075195312,-19.927385330200195,(,(
132.85276794433594,-60.90995407104492,identifier,handler
-8.419905662536621,97.4524917602539,",",","
63.356014251708984,8.02695083618164,"""","""visit_default"""
2.3416829109191895,88.20978546142578,",",","
-97.15275573730469,44.21366882324219,),)
-70.81311798095703,68.6079330444336,),)
99.01737976074219,-20.384069442749023,identifier,l_method
13.980974197387695,21.90502166748047,identifier,getattr
-70.15308380126953,-21.498777389526367,(,(
132.77320861816406,-60.856842041015625,identifier,handler
-7.738835334777832,97.98333740234375,",",","
46.81560134887695,11.275599479675293,"""","""leave_%s"""
130.44346618652344,8.82895278930664,identifier,kid
2.650444269180298,108.89114379882812,",",","
13.616923332214355,21.787200927734375,identifier,getattr
-71.48373413085938,-19.921865463256836,(,(
132.96900939941406,-61.056365966796875,identifier,handler
-8.49117374420166,97.41073608398438,",",","
63.41876983642578,7.961522579193115,"""","""leave_default"""
2.3364274501800537,88.1460952758789,",",","
-96.96945190429688,44.36653137207031,),)
-71.42887878417969,66.6993179321289,),)
68.59586334228516,-133.14859008789062,identifier,self
-67.16407775878906,-155.97413635253906,.,.
62.105010986328125,-29.750896453857422,identifier,_cache
132.36317443847656,-7.555469512939453,identifier,klass
-74.03694152832031,-11.872918128967285,(,(
99.33609771728516,-19.12123680114746,identifier,e_method
8.435942649841309,101.25223541259766,",",","
99.65019226074219,-20.067691802978516,identifier,l_method
-85.72196960449219,57.96128463745117,),)
35.06683349609375,175.0675048828125,else,else
-189.3163604736328,-39.619956970214844,:,:
99.49610137939453,-19.125635147094727,identifier,e_method
-10.51949405670166,118.3696517944336,",",","
99.66741180419922,-20.21263313293457,identifier,l_method
98.86327362060547,17.203201293945312,identifier,methods
99.76548767089844,-19.097272872924805,identifier,e_method
17.240705490112305,114.21293640136719,",",","
100.21123504638672,-20.111478805541992,identifier,l_method
121.60900115966797,104.66161346435547,def,def
41.899513244628906,-27.40233612060547,identifier,canonicalize_observed_time_series_with_mask
-87.05743408203125,137.52099609375,(,(
91.17887115478516,-26.446338653564453,identifier,maybe_masked_observed_time_series
-130.31878662109375,115.39629364013672,),)
-180.6833953857422,20.390485763549805,:,:
45.67034912109375,-76.88711547851562,identifier,tf
-43.28908920288086,-120.4368896484375,.,.
39.8719367980957,-3.945359706878662,identifier,compat
-42.9993896484375,-121.2912826538086,.,.
62.483734130859375,-7.910643100738525,identifier,v1
-41.78447341918945,-121.67179107666016,.,.
50.11211395263672,-15.01807689666748,identifier,name_scope
-60.32477951049805,-29.168996810913086,(,(
63.206275939941406,-10.873684883117676,"""",'canonicalize_observed_time_series_with_mask'
-111.795166015625,75.50785064697266,),)
-178.388427734375,-12.430593490600586,:,:
65.69424438476562,154.11770629882812,if,if
11.231368064880371,25.75278091430664,identifier,hasattr
-88.00598907470703,-15.588212966918945,(,(
91.66267395019531,-26.55440330505371,identifier,maybe_masked_observed_time_series
-4.998032093048096,98.10421752929688,",",","
64.79674530029297,8.336515426635742,"""",'is_missing'
-110.83528900146484,75.18325805664062,),)
-172.4491424560547,-15.206788063049316,:,:
94.0479736328125,-26.720348358154297,identifier,observed_time_series
-72.68431091308594,-11.69367790222168,(,(
91.95722961425781,-26.7429256439209,identifier,maybe_masked_observed_time_series
-37.164588928222656,-138.4562225341797,.,.
92.62460327148438,-24.855283737182617,identifier,time_series
-84.08960723876953,76.22209167480469,),)
101.3045425415039,-29.174911499023438,identifier,is_missing
92.11251068115234,-26.757789611816406,identifier,maybe_masked_observed_time_series
-37.050819396972656,-138.37852478027344,.,.
100.63423919677734,-28.764192581176758,identifier,is_missing
32.920814514160156,172.03233337402344,else,else
-186.19686889648438,-37.10572052001953,:,:
93.94530487060547,-26.575092315673828,identifier,observed_time_series
92.1333999633789,-26.552654266357422,identifier,maybe_masked_observed_time_series
101.2970962524414,-29.078842163085938,identifier,is_missing
94.02136993408203,-26.480953216552734,identifier,observed_time_series
46.050533294677734,-77.40255737304688,identifier,tf
-41.809940338134766,-117.33807373046875,.,.
37.49253463745117,-12.465364456176758,identifier,convert_to_tensor
-64.56047058105469,-43.310447692871094,(,(
96.00352478027344,60.6741828918457,identifier,value
93.2763442993164,-25.82712173461914,identifier,observed_time_series
3.4037067890167236,117.39303588867188,",",","
163.5726318359375,10.78707504272461,identifier,name
92.37653350830078,-25.32988739013672,"""",'observed_time_series'
-83.4782485961914,69.9478530883789,),)
94.03874206542969,-26.383256912231445,identifier,observed_time_series
53.4176025390625,-12.9039306640625,identifier,_maybe_expand_trailing_dim
-74.029541015625,-34.338775634765625,(,(
93.41183471679688,-25.593488693237305,identifier,observed_time_series
-86.69500732421875,64.46607971191406,),)
52.92247772216797,150.22708129882812,if,if
101.6602783203125,-28.68438720703125,identifier,is_missing
-176.02853393554688,-21.952491760253906,:,:
101.63551330566406,-28.65053939819336,identifier,is_missing
46.362823486328125,-77.561767578125,identifier,tf
-42.06187057495117,-117.51685333251953,.,.
37.41835403442383,-12.311568260192871,identifier,convert_to_tensor
-64.77217102050781,-43.70037841796875,(,(
95.54451751708984,60.56660079956055,identifier,value
101.44940185546875,-28.072534561157227,identifier,is_missing
4.1776347160339355,117.55687713623047,",",","
163.57765197753906,10.752785682678223,identifier,name
64.8066177368164,8.297821044921875,"""",'is_missing'
-0.06509409099817276,119.03074645996094,",",","
66.69983673095703,-37.21517562866211,identifier,dtype_hint
45.99128341674805,-76.1734848022461,identifier,tf
-50.17479705810547,-138.79701232910156,.,.
34.811767578125,34.61618423461914,identifier,bool
-82.20681762695312,60.588504791259766,),)
50.66587829589844,-10.990381240844727,identifier,missing_values_util
-26.248830795288086,-129.73876953125,.,.
39.74656295776367,-7.131114959716797,identifier,MaskedTimeSeries
-73.8712387084961,-45.80901336669922,(,(
93.79096221923828,-25.311948776245117,identifier,observed_time_series
7.039493083953857,116.1136474609375,",",","
101.79949951171875,-27.987964630126953,identifier,is_missing
101.63737487792969,-27.64657974243164,identifier,is_missing
-59.911109924316406,43.72161865234375,),)
120.48870086669922,106.80799102783203,def,def
42.38642883300781,-25.895505905151367,identifier,from_b64
-84.37153625488281,136.49447631835938,(,(
134.52027893066406,37.356895446777344,identifier,path
-31.775135040283203,172.87767028808594,",",","
103.16999053955078,25.96891212463379,identifier,bcontent
-27.78895378112793,169.92935180664062,",",","
19.85541534423828,55.983787536621094,identifier,format
-125.50393676757812,115.4896011352539,),)
-176.69091796875,24.19574737548828,:,:
74.16776275634766,-31.093687057495117,identifier,decoders
58.40257263183594,22.282575607299805,"""",'base64'
-152.53778076171875,0.9200429916381836,:,:
133.4566650390625,37.31053924560547,identifier,path
-10.227522850036621,111.75250244140625,",",","
103.15926361083984,25.984214782714844,identifier,bcontent
-170.2300262451172,-6.653751850128174,:,:
-72.15074157714844,-12.008466720581055,(,(
103.1622543334961,25.975025177001953,identifier,bcontent
-33.60605239868164,-109.87324523925781,.,.
21.380590438842773,-15.875460624694824,identifier,decode
-62.46831512451172,-19.89767837524414,(,(
55.635005950927734,20.241065979003906,"""",'ascii'
-100.81839752197266,52.731266021728516,),)
-4.952224254608154,101.0119400024414,",",","
58.37162780761719,22.248340606689453,"""",'base64'
-93.44381713867188,52.414085388183594,),)
2.196349620819092,129.82675170898438,",",","
69.96272277832031,13.302350044250488,"""",'text'
-152.6299591064453,-3.103391647338867,:,:
61.71709060668945,-11.732171058654785,identifier,_decode_text_from_base64
1.3277735710144043,128.66793823242188,",",","
-152.9944305419922,-3.763162612915039,:,:
61.718196868896484,-11.69406795501709,identifier,_decode_unknown_from_base64
-3.199754476547241,125.51187133789062,",",","
-187.7937469482422,-8.37951946258545,:,:
105.00524139404297,24.41359519958496,identifier,content
-12.908371925354004,117.72335815429688,",",","
94.39527893066406,-9.208351135253906,identifier,real_format
74.16118621826172,-31.092023849487305,identifier,decoders
19.849382400512695,55.9914665222168,identifier,format
-70.11127471923828,-35.863826751708984,(,(
133.43492126464844,37.00634765625,identifier,path
1.9716248512268066,101.26394653320312,",",","
103.17076873779297,25.991464614868164,identifier,bcontent
-88.38459777832031,60.38841247558594,),)
42.640506744384766,4.07450532913208,identifier,HTTPError
-173.4601287841797,-33.853981018066406,:,:
31.036346435546875,11.401944160461426,identifier,Exception
-35.12948226928711,32.47285461425781,identifier,e
-174.0000762939453,-32.86349868774414,:,:
51.505828857421875,-1.0457556247711182,identifier,CorruptedFile
-75.30740356445312,-34.42391586303711,(,(
-35.37359619140625,30.788572311401367,identifier,e
-80.8691635131836,76.07279205322266,),)
77.50943756103516,-21.234649658203125,identifier,default_mimes
69.97953796386719,13.538808822631836,"""",'text'
-149.83038330078125,0.3981555998325348,:,:
58.74684524536133,5.759718894958496,"""",'text/plain'
4.6625494956970215,127.6144027709961,",",","
58.381378173828125,22.263954162597656,"""",'base64'
-149.3314208984375,-0.1968916803598404,:,:
58.69160079956055,5.499216079711914,"""",'application/octet-stream'
-3.162606954574585,125.20242309570312,",",","
84.79668426513672,21.64913558959961,identifier,mimetype
59.902198791503906,4.30967903137207,identifier,mimetypes
-33.57069778442383,-122.32242584228516,.,.
51.99465560913086,-10.95060920715332,identifier,guess_type
-77.97694396972656,-36.62506103515625,(,(
133.44940185546875,36.54379653930664,identifier,path
-102.62271881103516,62.39234161376953,),)
33.84487533569336,126.1260757446289,or,or
77.49418640136719,-21.227092742919922,identifier,default_mimes
94.50386810302734,-9.257177352905273,identifier,real_format
105.02131652832031,24.400938034057617,identifier,content
16.985973358154297,113.49030303955078,",",","
94.53346252441406,-9.281965255737305,identifier,real_format
17.674253463745117,114.90679168701172,",",","
84.79429626464844,21.65067481994629,identifier,mimetype
127.42120361328125,109.8869400024414,def,def
46.14601516723633,-31.248661041259766,identifier,coef_norm
-84.95945739746094,139.7816162109375,(,(
1.1138708591461182,-205.16017150878906,identifier,self
-126.7930908203125,120.04063415527344,),)
-183.11734008789062,27.027551651000977,:,:
66.72996520996094,156.4576416015625,if,if
60.76610565185547,-146.4474639892578,identifier,self
-72.16236877441406,-147.7143096923828,.,.
62.851043701171875,-21.558637619018555,identifier,_model_json
64.14054870605469,18.19380760192871,"""","""output"""
66.76399230957031,9.511824607849121,"""","""model_category"""
-14.781400680541992,59.34296798706055,==,==
65.25286865234375,1.3594543933868408,"""","""Multinomial"""
-164.35498046875,-17.158885955810547,:,:
115.76473999023438,-39.82358169555664,identifier,tbl
56.52803039550781,-152.87490844726562,identifier,self
-72.0657958984375,-149.08349609375,.,.
62.85795974731445,-21.56004524230957,identifier,_model_json
64.19137573242188,18.13536262512207,"""","""output"""
66.02628326416016,1.4292393922805786,"""","""standardized_coefficient_magnitudes"""
55.41270446777344,156.24957275390625,if,if
115.24443817138672,-39.56203079223633,identifier,tbl
-162.8473663330078,-28.08188819885254,:,:
161.04074096679688,8.992448806762695,identifier,name
-154.93064880371094,-1.5829576253890991,:,:
116.11640167236328,-29.939422607421875,identifier,coef
68.69795989990234,126.68682098388672,for,for
158.24169921875,8.111591339111328,identifier,name
-12.118428230285645,112.8493423461914,",",","
116.05691528320312,-29.889005661010742,identifier,coef
25.05721092224121,-10.808492660522461,identifier,zip
-84.64077758789062,-33.49293899536133,(,(
114.73200988769531,-40.01725387573242,identifier,tbl
65.12191009521484,16.75031089782715,"""","""names"""
7.0731201171875,107.92963409423828,",",","
114.57402801513672,-39.93841552734375,identifier,tbl
67.03445434570312,2.0879921913146973,"""","""coefficients"""
-90.0867919921875,59.782569885253906,),)
34.77574920654297,173.69509887695312,else,else
-187.61390686035156,-38.41061782836914,:,:
115.56813049316406,-39.797122955322266,identifier,tbl
55.671878814697266,-154.65496826171875,identifier,self
-71.86003875732422,-149.2913055419922,.,.
62.840084075927734,-21.554080963134766,identifier,_model_json
64.33019256591797,18.102060317993164,"""","""output"""
66.87415313720703,1.9819495677947998,"""","""coefficients_table"""
49.669803619384766,149.84178161621094,if,if
115.15809631347656,-39.524478912353516,identifier,tbl
-166.6665802001953,-31.40277671813965,:,:
160.9084930419922,8.991599082946777,identifier,name
-154.9819793701172,-1.5897133350372314,:,:
116.10986328125,-29.93076515197754,identifier,coef
68.47762298583984,127.09822082519531,for,for
158.17098999023438,8.186990737915039,identifier,name
-12.044761657714844,112.71566009521484,",",","
116.05303955078125,-29.879621505737305,identifier,coef
25.05190658569336,-10.80947494506836,identifier,zip
-84.47284698486328,-33.66129684448242,(,(
114.65452575683594,-40.02846908569336,identifier,tbl
65.19585418701172,16.773441314697266,"""","""names"""
8.608845710754395,107.1926040649414,",",","
114.49714660644531,-39.965293884277344,identifier,tbl
66.80416107177734,1.7686030864715576,"""","""standardized_coefficients"""
-77.92167663574219,53.94919967651367,),)
121.29541778564453,109.10093688964844,def,def
32.11494827270508,-25.34514617919922,identifier,dump
-77.9200210571289,137.28330993652344,(,(
153.77256774902344,-0.920710027217865,identifier,filename
-32.69619369506836,172.67066955566406,",",","
106.68048095703125,5.328373908996582,identifier,dbname
-33.69050598144531,170.20838928222656,",",","
127.5029525756836,16.09784698486328,identifier,username
-37.635128021240234,155.9271697998047,",",","
120.85200500488281,20.469274520874023,identifier,password
-37.1319580078125,155.5546112060547,",",","
98.89373016357422,22.091873168945312,identifier,host
-36.40327072143555,155.07794189453125,",",","
101.88356018066406,14.517184257507324,identifier,port
-35.687278747558594,154.3314971923828,",",","
59.19242477416992,28.953054428100586,identifier,tempdir
56.64278793334961,11.97014331817627,"""",'/tmp'
-32.17057418823242,156.24185180664062,",",","
76.66812896728516,1.5865905284881592,identifier,mysqldump_path
76.5766372680664,1.6932920217514038,"""",'mysqldump'
-125.42837524414062,108.742431640625,),)
-177.51309204101562,21.323381423950195,:,:
132.98997497558594,29.94325828552246,identifier,filepath
39.94091796875,29.595882415771484,identifier,os
-47.986942291259766,-112.726806640625,.,.
130.3190460205078,37.8711051940918,identifier,path
-30.287715911865234,-102.97441101074219,.,.
3.355137825012207,1.346720814704895,identifier,join
-72.11801147460938,-24.093549728393555,(,(
59.18729019165039,28.945802688598633,identifier,tempdir
1.5100345611572266,98.04431915283203,",",","
152.5995635986328,-0.8510439991950989,identifier,filename
-84.8796157836914,73.74039459228516,),)
126.28697967529297,-32.902427673339844,identifier,cmd
76.6541976928711,1.5932236909866333,identifier,mysqldump_path
126.9583969116211,-33.01219940185547,identifier,cmd
49.3170166015625,10.153162956237793,"""",' --result-file='
-28.173513412475586,94.39360809326172,+,+
39.937442779541016,29.57830810546875,identifier,os
-48.087764739990234,-112.81890869140625,.,.
130.3224334716797,37.787654876708984,identifier,path
-30.34709930419922,-102.93445587158203,.,.
3.40981125831604,1.2955052852630615,identifier,join
-72.17507934570312,-24.063434600830078,(,(
59.187042236328125,28.94500732421875,identifier,tempdir
1.6443686485290527,97.89134216308594,",",","
152.43994140625,-0.6473968029022217,identifier,filename
-88.41019439697266,66.69535064697266,),)
52.50336837768555,152.83120727539062,if,if
127.85194396972656,16.141613006591797,identifier,username
-178.78614807128906,-24.483997344970703,:,:
126.82118225097656,-32.633060455322266,identifier,cmd
48.41765594482422,10.369409561157227,"""",' --user=%s'
127.98467254638672,15.889662742614746,identifier,username
49.59774398803711,154.0958709716797,if,if
99.1632080078125,22.05105209350586,identifier,host
-178.7785186767578,-24.772136688232422,:,:
126.88166809082031,-32.49602508544922,identifier,cmd
48.35444641113281,10.561182975769043,"""",' --host=%s'
99.2119140625,22.21751594543457,identifier,host
49.424346923828125,153.9230194091797,if,if
101.8869857788086,14.527318954467773,identifier,port
-178.63272094726562,-24.98584747314453,:,:
126.9518051147461,-32.39394760131836,identifier,cmd
48.16535949707031,10.604698181152344,"""",' --port=%s'
101.88690185546875,14.525079727172852,identifier,port
49.191070556640625,153.58729553222656,if,if
121.66292572021484,19.832748413085938,identifier,password
-178.3859100341797,-25.234542846679688,:,:
127.03387451171875,-32.32851028442383,identifier,cmd
48.16007995605469,10.70356559753418,"""",' --password=%s'
121.98799896240234,20.250192642211914,identifier,password
127.31637573242188,-32.3975944519043,identifier,cmd
50.323097229003906,20.566389083862305,"""",' '
-27.406282424926758,94.67986297607422,+,+
106.67915344238281,5.336245059967041,identifier,dbname
45.3285026550293,-1.076838493347168,identifier,sh
-76.32891845703125,-46.13420486450195,(,(
127.69970703125,-31.8957576751709,identifier,cmd
-61.95954513549805,40.41952896118164,),)
121.68359375,110.68060302734375,def,def
41.215633392333984,-23.037853240966797,identifier,batches
-83.81157684326172,144.2420196533203,(,(
92.30384063720703,-67.15074157714844,identifier,dataset
-129.205322265625,118.56096649169922,),)
-175.95870971679688,28.185579299926758,:,:
94.8838119506836,-22.68397331237793,identifier,seq_lengths
92.36272430419922,-67.12322235107422,identifier,dataset
-38.724552154541016,-130.79937744140625,.,.
63.10911560058594,-38.4080924987793,identifier,variables
66.85693359375,10.77395248413086,"""",'seqLengths'
-29.491703033447266,-139.00172424316406,.,.
91.59931945800781,-78.16140747070312,identifier,data
78.41407775878906,-24.01906967163086,identifier,seq_begins
50.82585525512695,-127.99835968017578,identifier,np
-41.88772201538086,-114.76007843017578,.,.
32.599430084228516,-9.572924613952637,identifier,concatenate
-90.09845733642578,-37.46824645996094,(,(
-74.13847351074219,-9.596470832824707,(,(
5.459828853607178,108.49650573730469,",",","
49.29994201660156,-128.45486450195312,identifier,np
-45.17919158935547,-116.30900573730469,.,.
36.51929473876953,-9.01661205291748,identifier,cumsum
-77.87479400634766,-23.673276901245117,(,(
94.37716674804688,-22.656417846679688,identifier,seq_lengths
-102.80360412597656,50.225013732910156,),)
-162.086669921875,-5.940319061279297,:,:
27.481935501098633,71.6361312866211,-,-
-94.58504486083984,42.61222457885742,),)
-68.78229522705078,69.76588439941406,),)
119.506103515625,115.20491027832031,def,def
-5.020932197570801,-4.696509838104248,identifier,sample
-88.96968078613281,-54.13233947753906,(,(
-121.1470947265625,55.796913146972656,),)
-179.8408966064453,-7.992583274841309,:,:
121.6674575805664,-24.731082916259766,identifier,chosen
49.61176681518555,-127.34182739257812,identifier,np
-45.11927032470703,-114.0890884399414,.,.
34.683197021484375,-3.7922563552856445,identifier,random
-38.531368255615234,-115.22921752929688,.,.
34.68716812133789,-3.798332452774048,identifier,choice
-88.77568817138672,-37.191043853759766,(,(
20.581331253051758,1.487077236175537,identifier,list
-91.34590911865234,-31.409452438354492,(,(
23.60956382751465,10.07077407836914,identifier,range
-91.4815673828125,-31.046344757080078,(,(
-1.681815266609192,23.857494354248047,identifier,len
-80.74909973144531,-22.215471267700195,(,(
94.29835510253906,-22.647069931030273,identifier,seq_lengths
-101.68709564208984,49.1561164855957,),)
-91.81781005859375,44.58580780029297,),)
-90.49038696289062,45.076847076416016,),)
10.26017951965332,111.63567352294922,",",","
58.392669677734375,-0.05663790553808212,identifier,BATCH_SIZE
-0.5079923868179321,120.96012878417969,",",","
31.22630500793457,18.367834091186523,identifier,replace
-82.48080444335938,61.51066970825195,),)
51.15311050415039,-14.357904434204102,identifier,batch_at
-72.56195068359375,-46.62900924682617,(,(
92.36981964111328,-67.12222290039062,identifier,dataset
-38.505828857421875,-132.1212615966797,.,.
63.110355377197266,-38.41040802001953,identifier,variables
65.95841979980469,18.044313430786133,"""",'inputs'
-30.336624145507812,-139.18765258789062,.,.
91.9113540649414,-78.18721008300781,identifier,data
12.964956283569336,107.85163879394531,",",","
92.39701080322266,-67.11054992675781,identifier,dataset
-38.479793548583984,-132.2659912109375,.,.
63.11423873901367,-38.413238525390625,identifier,variables
66.27669525146484,19.41559600830078,"""",'targetClasses'
-30.4345703125,-139.21580505371094,.,.
91.89554595947266,-78.19708251953125,identifier,data
12.907681465148926,107.9552001953125,",",","
78.40919494628906,-24.01438331604004,identifier,seq_begins
121.68888854980469,-24.72942543029785,identifier,chosen
11.609354019165039,108.37208557128906,",",","
94.11192321777344,-22.626041412353516,identifier,seq_lengths
121.68975067138672,-24.729854583740234,identifier,chosen
-77.35053253173828,57.131473541259766,),)
-5.027335166931152,-4.694940090179443,identifier,sample
130.97389221191406,114.5600357055664,def,def
48.30521011352539,-34.327510833740234,identifier,getPhysicalInterface
-80.80619049072266,138.4374542236328,(,(
-1.2937324047088623,-203.4661102294922,identifier,self
-34.66041946411133,185.22010803222656,",",","
118.51513671875,0.024826189503073692,identifier,physicalInterfaceId
-33.09297180175781,167.61036682128906,",",","
84.61660766601562,2.5153748989105225,identifier,draft
-124.67761993408203,111.74333953857422,),)
-182.0936737060547,24.327896118164062,:,:
65.00543212890625,155.38241577148438,if,if
84.61485290527344,2.5136663913726807,identifier,draft
-167.48338317871094,-21.245973587036133,:,:
93.86375427246094,14.812417984008789,identifier,req
39.77760314941406,-52.262229919433594,identifier,ApiClient
-38.753238677978516,-123.83880615234375,.,.
48.917423248291016,-34.5468864440918,identifier,onePhysicalInterfaceUrl
-72.3608169555664,-15.56557846069336,(,(
49.17166519165039,-151.11520385742188,identifier,self
-63.02950668334961,-139.0718536376953,.,.
98.46710205078125,22.560779571533203,identifier,host
-4.236939907073975,103.57909393310547,",",","
58.81854248046875,7.6574177742004395,"""","""/draft"""
3.305314540863037,95.72545623779297,",",","
118.53040313720703,0.012215436436235905,identifier,physicalInterfaceId
-89.9806137084961,57.69959259033203,),)
32.40577697753906,172.70541381835938,else,else
-186.79522705078125,-37.35915756225586,:,:
93.85406494140625,14.82146167755127,identifier,req
39.77482986450195,-52.22780227661133,identifier,ApiClient
-38.69816589355469,-123.88789367675781,.,.
48.966064453125,-34.56481170654297,identifier,onePhysicalInterfaceUrl
-72.42333221435547,-15.526360511779785,(,(
49.02719497680664,-151.09803771972656,identifier,self
-62.65763854980469,-139.12017822265625,.,.
98.57672882080078,22.563472747802734,identifier,host
-4.138311386108398,103.44239044189453,",",","
51.38862991333008,25.519254684448242,"""",""""""
3.2923121452331543,96.1451644897461,",",","
118.53399658203125,0.010898933745920658,identifier,physicalInterfaceId
-83.83328247070312,72.52750396728516,),)
111.18197631835938,-58.70597839355469,identifier,resp
13.271828651428223,-17.575958251953125,identifier,requests
-33.23390197753906,-115.17665100097656,.,.
5.352898597717285,-28.224525451660156,identifier,get
-73.80886840820312,-32.375579833984375,(,(
93.8262939453125,14.84536361694336,identifier,req
3.0339126586914062,114.20934295654297,",",","
78.7154769897461,17.619718551635742,identifier,auth
48.36309814453125,-153.05038452148438,identifier,self
-61.65186309814453,-139.39100646972656,.,.
78.91593170166016,14.606683731079102,identifier,credentials
2.662182569503784,120.78673553466797,",",","
76.82351684570312,5.244521141052246,identifier,verify
48.07360076904297,-153.28173828125,identifier,self
-60.30763626098633,-140.16871643066406,.,.
76.82717895507812,5.236918926239014,identifier,verify
-87.35527038574219,65.58525848388672,),)
53.861289978027344,149.49424743652344,if,if
111.05608367919922,-58.27067184448242,identifier,resp
-42.226539611816406,-140.01370239257812,.,.
71.47731018066406,-20.973377227783203,identifier,status_code
-13.190893173217773,61.82904052734375,==,==
-171.6977996826172,-27.178241729736328,:,:
65.86835479736328,-138.04171752929688,identifier,self
-72.2282943725586,-159.06065368652344,.,.
18.750551223754883,-57.5243034362793,identifier,logger
-15.867588996887207,-120.90819549560547,.,.
-22.58578872680664,-29.97422981262207,identifier,debug
-49.4742317199707,-32.75037384033203,(,(
44.940757751464844,3.2278637886047363,"""","""physical interface retrieved"""
-85.37010192871094,55.08128356933594,),)
31.60129737854004,175.93887329101562,else,else
-185.40191650390625,-40.77014923095703,:,:
56.04819869995117,2.8148765563964844,identifier,ibmiotf
-45.9684944152832,-124.53670501708984,.,.
79.7188491821289,11.606697082519531,identifier,APIException
-73.15605926513672,-43.76445388793945,(,(
111.03685760498047,-58.20864486694336,identifier,resp
-42.76835632324219,-139.65057373046875,.,.
71.48980712890625,-20.97230339050293,identifier,status_code
12.275969505310059,105.07984924316406,",",","
45.071353912353516,3.3029704093933105,"""","""HTTP error getting a physical interface"""
8.843862533569336,91.4731674194336,",",","
111.04145812988281,-58.23245620727539,identifier,resp
-80.30391693115234,59.626197814941406,),)
111.00371551513672,-58.127864837646484,identifier,resp
-24.61141586303711,-125.9054946899414,.,.
24.631851196289062,22.124961853027344,identifier,json
-81.09214782714844,-54.189842224121094,(,(
-63.31001663208008,39.74369812011719,),)
123.93885040283203,107.56806182861328,def,def
33.111202239990234,-23.370328903198242,identifier,_dumps
-82.88903045654297,140.0862274169922,(,(
106.76433563232422,15.93039321899414,identifier,obj
-27.81363296508789,172.17868041992188,",",","
109.61388397216797,29.532451629638672,identifier,level
-127.6515884399414,116.44694519042969,),)
-177.69866943359375,27.182357788085938,:,:
119.81559753417969,-72.27478790283203,identifier,lines
95.65145874023438,28.61896324157715,identifier,indent
47.27424240112305,17.61216163635254,"""",'\t'
109.40070343017578,29.499631881713867,identifier,level
68.45864868164062,134.68800354003906,for,for
147.05712890625,22.68474006652832,identifier,key
-13.905933380126953,113.83442687988281,",",","
96.61341857910156,58.99546432495117,identifier,value
106.76472473144531,15.927964210510254,identifier,obj
-35.114627838134766,-110.67173767089844,.,.
23.406166076660156,14.837491989135742,identifier,items
-82.29307556152344,-64.5312271118164,(,(
-119.20028686523438,55.58191680908203,),)
-179.5960693359375,-13.471566200256348,:,:
65.45354461669922,152.19580078125,if,if
7.1146039962768555,32.64033126831055,identifier,isinstance
-87.18866729736328,-17.82054901123047,(,(
95.738525390625,58.43197250366211,identifier,value
-2.7299129962921143,95.79194641113281,",",","
13.862573623657227,0.36007678508758545,identifier,dict
-107.86894989013672,78.68816375732422,),)
-173.77835083007812,-17.49997329711914,:,:
117.87737274169922,-67.26834106445312,identifier,line
95.64291381835938,28.120407104492188,identifier,indent
-23.823165893554688,93.7822494506836,+,+
45.65133285522461,14.013689041137695,"""","'""{}""\n'"
-26.2230167388916,-98.40873718261719,.,.
17.364940643310547,59.03904342651367,identifier,format
-76.94564056396484,-20.03159523010254,(,(
147.11978149414062,23.813365936279297,identifier,key
-99.45732879638672,56.848148345947266,),)
-25.16189956665039,93.9440689086914,+,+
95.61380767822266,28.08202362060547,identifier,indent
-24.019123077392578,93.49024200439453,+,+
42.999000549316406,14.47575855255127,"""",'{'
119.46244049072266,-73.21920776367188,identifier,lines
-20.382272720336914,-110.38948059082031,.,.
-12.08106517791748,-57.180335998535156,identifier,append
-78.03660583496094,-33.1489372253418,(,(
117.10578918457031,-67.60636138916016,identifier,line
-78.298583984375,75.99616241455078,),)
119.20458984375,-73.31057739257812,identifier,lines
-19.818096160888672,-110.20201873779297,.,.
-13.630478858947754,-52.15650939941406,identifier,extend
-88.57855987548828,-38.703426361083984,(,(
32.995635986328125,-23.231576919555664,identifier,_dumps
-77.20767974853516,-28.04471778869629,(,(
95.24466705322266,58.464454650878906,identifier,value
7.460458278656006,98.25857543945312,",",","
109.23114013671875,29.478673934936523,identifier,level
-22.570680618286133,90.29080200195312,+,+
-97.31342315673828,45.26213455200195,),)
-72.69686126708984,67.42378997802734,),)
119.17790985107422,-73.42108154296875,identifier,lines
-19.1717529296875,-110.75904846191406,.,.
-12.647573471069336,-57.459571838378906,identifier,append
-82.85131072998047,-41.40739822387695,(,(
95.5972900390625,28.060792922973633,identifier,indent
-23.278709411621094,93.52477264404297,+,+
43.012611389160156,14.646142959594727,"""",'}'
-84.2825927734375,54.702606201171875,),)
34.57660675048828,174.50518798828125,else,else
-188.2644805908203,-40.85801315307617,:,:
119.02565002441406,-73.35240936279297,identifier,lines
-18.608449935913086,-111.0577392578125,.,.
-13.312397003173828,-57.43345260620117,identifier,append
-83.41593170166016,-41.725379943847656,(,(
95.5855941772461,28.053253173828125,identifier,indent
-23.524267196655273,94.23218536376953,+,+
45.680320739746094,13.414438247680664,"""","'""{}""'"
-25.194929122924805,-98.73432922363281,.,.
17.72611427307129,59.348915100097656,identifier,format
-77.94585418701172,-20.099647521972656,(,(
146.8702392578125,24.329748153686523,identifier,key
-99.24846649169922,56.126590728759766,),)
-24.190088272094727,94.62084197998047,+,+
46.60284423828125,17.197839736938477,"""",'\t\t'
-23.869836807250977,94.999755859375,+,+
45.657230377197266,13.33697509765625,"""","'""{}""'"
-24.84295654296875,-98.74622344970703,.,.
17.743228912353516,59.6843147277832,identifier,format
-78.13145446777344,-19.957111358642578,(,(
94.75321960449219,58.42985153198242,identifier,value
-96.66559600830078,48.88126754760742,),)
-73.83705139160156,60.19497299194336,),)
117.9592514038086,-73.03376770019531,identifier,lines
122.3127212524414,106.30003356933594,def,def
39.419986724853516,-27.075891494750977,identifier,__get_or_create
-79.8106918334961,134.06680297851562,(,(
87.81522369384766,-34.80466842651367,identifier,ns_cache
-171.57925415039062,4.50705623626709,:,:
57.85805892944336,-30.526865005493164,identifier,NamespaceMap
-32.5106086730957,163.66552734375,",",","
161.41119384765625,11.609312057495117,identifier,name
-171.62667846679688,3.309460163116455,:,:
128.48361206054688,4.393077373504639,identifier,sym
-49.37686538696289,-126.67293548583984,.,.
130.80230712890625,0.9709751009941101,identifier,Symbol
-32.2702751159668,162.80726623535156,",",","
110.28955841064453,-13.781671524047852,identifier,module
-171.53350830078125,2.9844954013824463,:,:
52.90336990356445,34.393898010253906,identifier,types
-49.936588287353516,-126.4118423461914,.,.
74.01791381835938,0.6868969798088074,identifier,ModuleType
-33.74818801879883,155.33627319335938,",",","
101.76850891113281,-16.704492568969727,identifier,core_ns_name
59.84687042236328,-3.3987348079681396,identifier,CORE_NS
-30.599416732788086,151.16790771484375,",",","
-123.81983184814453,106.9509506225586,),)
55.3323860168457,-3.5732715129852295,identifier,lmap
-48.513519287109375,-126.09104919433594,.,.
55.47347640991211,-4.132656574249268,identifier,Map
-178.2421875,17.063566207885742,:,:
105.1045913696289,-21.084474563598633,identifier,ns
88.42305755615234,-34.80868148803711,identifier,ns_cache
-33.05451202392578,-117.83704376220703,.,.
53.38042068481445,-28.44980239868164,identifier,entry
-72.40837860107422,-29.68423843383789,(,(
159.734130859375,10.413905143737793,identifier,name
-0.7278333306312561,89.13793182373047,",",","
-91.10389709472656,67.85612487792969,),)
56.72716522216797,155.94857788085938,if,if
105.11246490478516,-21.05747413635254,identifier,ns
-163.25502014160156,-27.35968780517578,:,:
88.4697036743164,-34.812679290771484,identifier,ns_cache
102.93025970458984,-20.59252166748047,identifier,new_ns
57.851924896240234,-30.533592224121094,identifier,Namespace
-72.37921142578125,-34.24660110473633,(,(
159.62303161621094,10.026677131652832,identifier,name
2.7891347408294678,114.5653076171875,",",","
110.29419708251953,-13.772225379943848,identifier,module
110.30553436279297,-13.789448738098145,identifier,module
-87.78424835205078,65.9649658203125,),)
53.759952545166016,150.77427673339844,if,if
159.6081085205078,8.738317489624023,identifier,name
-40.758941650390625,-140.8243408203125,.,.
157.60818481445312,11.64365291595459,identifier,name
-6.568850994110107,67.05474853515625,!=,!=
101.88394165039062,-17.188901901245117,identifier,core_ns_name
-174.7309112548828,-21.868268966674805,:,:
102.73983764648438,-18.215913772583008,identifier,core_ns
88.59535217285156,-34.80638122558594,identifier,ns_cache
-32.82258605957031,-118.0613021850586,.,.
53.3817024230957,-28.450088500976562,identifier,entry
-85.71995544433594,-36.90644073486328,(,(
128.48294067382812,4.393303394317627,identifier,sym
-34.00365447998047,-126.57130432128906,.,.
130.4658966064453,0.4956507682800293,identifier,symbol
-78.2604751586914,-24.62577247619629,(,(
101.94957733154297,-17.374073028564453,identifier,core_ns_name
-99.40573120117188,50.482566833496094,),)
-0.27962327003479004,87.16754150390625,",",","
-83.708984375,63.64762878417969,),)
102.58546447753906,-18.083974838256836,identifier,core_ns
-6.448484897613525,110.06075286865234,",",","
47.62290954589844,2.731234073638916,"""","""Core namespace not loaded yet!"""
103.05675506591797,-20.466876983642578,identifier,new_ns
-27.881929397583008,-123.87939453125,.,.
53.535648345947266,-11.148234367370605,identifier,refer_all
-77.58280181884766,-37.46695327758789,(,(
102.3573226928711,-17.94577980041504,identifier,core_ns
-79.51234436035156,61.14811706542969,),)
88.73341369628906,-34.794715881347656,identifier,ns_cache
-27.534748077392578,-124.93672943115234,.,.
50.469364166259766,-1.7010467052459717,identifier,assoc
-75.14338684082031,-45.11346435546875,(,(
158.7217254638672,9.612202644348145,identifier,name
11.044720649719238,101.5998764038086,",",","
103.2433090209961,-20.167219161987305,identifier,new_ns
-61.95797348022461,42.599365234375,),)
129.0320587158203,110.04674530029297,def,def
38.94905471801758,-26.140426635742188,identifier,_unregister_engine
-83.68133544921875,139.26812744140625,(,(
-0.05478513985872269,-206.49688720703125,identifier,self
-31.435888290405273,186.13320922851562,",",","
126.8880844116211,-6.324491024017334,identifier,uid
-127.63140869140625,115.83999633789062,),)
-182.09677124023438,25.899364471435547,:,:
65.24617004394531,157.944580078125,if,if
-0.21892578899860382,25.54306983947754,identifier,len
-85.20931243896484,-17.79981231689453,(,(
50.847755432128906,-149.6670379638672,identifier,self
-65.97943878173828,-138.70751953125,.,.
65.6712646484375,23.782562255859375,identifier,targets
-107.98346710205078,69.1769790649414,),)
-15.64790153503418,62.04628372192383,==,==
-161.43698120117188,-25.715118408203125,:,:
68.6274642944336,-142.87158203125,identifier,self
-72.4715805053711,-143.34982299804688,.,.
57.24032211303711,-15.296351432800293,identifier,engine_stream
-34.653926849365234,-116.92525482177734,.,.
35.26771545410156,-30.271448135375977,identifier,flush
-91.0794448852539,-55.512760162353516,(,(
-115.7695083618164,62.51744842529297,),)
127.81106567382812,-12.44158935546875,identifier,idx
55.88987350463867,-149.19190979003906,identifier,self
-71.28854370117188,-142.5771484375,.,.
65.672119140625,23.783445358276367,identifier,targets
-29.19011116027832,-113.83944702148438,.,.
41.10451126098633,24.010915756225586,identifier,index
-73.31778717041016,-29.514389038085938,(,(
127.01534271240234,-6.617834568023682,identifier,uid
-79.96784210205078,77.354248046875,),)
71.69078826904297,-137.2890167236328,identifier,self
-71.15548706054688,-142.70162963867188,.,.
65.672607421875,23.782915115356445,identifier,targets
-28.41061782836914,-113.74665832519531,.,.
10.966547012329102,-36.296424865722656,identifier,pop
-76.90762329101562,-31.763742446899414,(,(
127.84153747558594,-12.427900314331055,identifier,idx
-79.77051544189453,77.35041809082031,),)
71.57237243652344,-137.1514892578125,identifier,self
-71.12899017333984,-142.9842529296875,.,.
48.93967819213867,-26.004093170166016,identifier,loads
-28.171293258666992,-113.76404571533203,.,.
10.830877304077148,-36.36272048950195,identifier,pop
-76.93384552001953,-31.806299209594727,(,(
127.84664916992188,-12.425501823425293,identifier,idx
-93.17855834960938,67.41414642333984,),)
54.908782958984375,150.42054748535156,if,if
56.77621078491211,-141.5422821044922,identifier,self
-68.9296875,-142.6297607421875,.,.
43.73769760131836,-1.3624202013015747,identifier,pending
127.17173767089844,-6.6628642082214355,identifier,uid
-175.55079650878906,-19.26748275756836,:,:
78.65650177001953,-47.7972297668457,identifier,dc
54.7262077331543,-5.444249153137207,identifier,ioloop
-46.372352600097656,-124.19790649414062,.,.
49.412418365478516,-4.381491184234619,identifier,DelayedCallback
-85.4231948852539,-39.503639221191406,(,(
-171.39218139648438,-6.91825008392334,:,:
53.52241516113281,-151.49012756347656,identifier,self
-66.38187408447266,-150.849609375,.,.
53.77738952636719,-9.538153648376465,identifier,handle_stranded_tasks
-77.69900512695312,-26.895727157592773,(,(
127.04373931884766,-6.814586162567139,identifier,uid
-98.6310806274414,50.76238250732422,),)
10.115134239196777,111.46488952636719,",",","
8.205791473388672,105.1824722290039,",",","
46.11164855957031,-143.59707641601562,identifier,self
-59.43293762207031,-139.83633422851562,.,.
43.086090087890625,-23.690092086791992,identifier,loop
-75.53197479248047,69.07452392578125,),)
78.65328979492188,-47.800655364990234,identifier,dc
-25.72199249267578,-120.97494506835938,.,.
20.8060359954834,-21.901939392089844,identifier,start
-84.450927734375,-57.2244873046875,(,(
-110.44292449951172,56.83786392211914,),)
34.07550811767578,175.6600341796875,else,else
-188.5742645263672,-41.22219467163086,:,:
68.15924835205078,-135.8300018310547,identifier,self
-59.96605682373047,-154.06410217285156,.,.
41.86968231201172,0.8603193759918213,identifier,completed
-26.80054473876953,-114.98058319091797,.,.
10.746330261230469,-36.41929244995117,identifier,pop
-79.94686126708984,-42.60011291503906,(,(
127.0505142211914,-6.9168291091918945,identifier,uid
-77.44353485107422,66.95474243164062,),)
69.95902252197266,-133.97946166992188,identifier,self
-60.008819580078125,-154.16973876953125,.,.
40.900699615478516,1.8900725841522217,identifier,failed
-26.760183334350586,-115.00595092773438,.,.
10.645421028137207,-36.47011947631836,identifier,pop
-80.01239013671875,-42.915191650390625,(,(
127.04961395263672,-7.09127140045166,identifier,uid
-64.24259948730469,42.34609603881836,),)
123.33697509765625,106.16808319091797,def,def
39.90953826904297,-28.482162475585938,identifier,_add_lambda_context_data
-86.0055923461914,140.6159210205078,(,(
91.81831359863281,-76.17288970947266,identifier,data
-127.93451690673828,118.39226531982422,),)
-180.80458068847656,29.28104591369629,:,:
61.00907897949219,-3.979142427444458,identifier,_CURRENT_LAMBDA_CONTEXT
150.9814453125,-39.52718734741211,identifier,context
60.98509216308594,-3.9442527294158936,identifier,_CURRENT_LAMBDA_CONTEXT
59.26620864868164,157.8455810546875,if,if
150.57345581054688,-39.230953216552734,identifier,context
-162.23757934570312,-27.14081573486328,:,:
-186.90403747558594,-7.8721489906311035,:,:
96.75302124023438,-18.25027847290039,identifier,lambda_data
72.76092529296875,13.967187881469727,"""",'lambda'
-153.1118621826172,0.7187906503677368,:,:
62.36741256713867,-9.995050430297852,"""",'remaining_time_in_millis'
-151.8401641845703,-0.072468601167202,:,:
149.80235290527344,-39.050262451171875,identifier,context
-37.08942413330078,-127.97798156738281,.,.
62.284244537353516,-10.143193244934082,identifier,get_remaining_time_in_millis
-88.47354888916016,-61.50382995605469,(,(
-113.02458190917969,50.57360076904297,),)
2.9142518043518066,129.7853546142578,",",","
70.02335357666016,10.864242553710938,"""",'function_name'
-151.48065185546875,-1.1044062376022339,:,:
149.6086883544922,-38.90602493286133,identifier,context
-45.02591323852539,-138.96759033203125,.,.
72.0879898071289,-6.3062663078308105,identifier,function_name
3.601527452468872,129.8430938720703,",",","
70.07015991210938,10.728777885437012,"""",'function_version'
-151.3574676513672,-1.421044945716858,:,:
149.47662353515625,-38.84003829956055,identifier,context
-45.13058090209961,-139.0101776123047,.,.
72.19996643066406,-6.221913814544678,identifier,function_version
3.8539021015167236,129.8904571533203,",",","
72.34693145751953,11.887931823730469,"""",'arn'
-151.2430419921875,-1.8248246908187866,:,:
149.32717895507812,-38.83220672607422,identifier,context
-45.4769401550293,-139.06201171875,.,.
71.68782806396484,-5.981478214263916,identifier,invoked_function_arn
3.837796449661255,129.4909210205078,",",","
69.76937103271484,10.801740646362305,"""",'request_id'
-150.84413146972656,-2.1516289710998535,:,:
149.2607421875,-38.828067779541016,identifier,context
-45.602474212646484,-138.9855499267578,.,.
65.40852355957031,-7.888507843017578,identifier,aws_request_id
-2.968841552734375,125.49304962158203,",",","
55.61356735229492,147.76478576660156,if,if
68.9286117553711,15.406693458557129,"""",'custom'
92.70875549316406,-76.05218505859375,identifier,data
-171.3695068359375,-23.189878463745117,:,:
93.63579559326172,-75.89960479736328,identifier,data
68.54290771484375,15.828084945678711,"""",'custom'
49.89690399169922,-11.92685317993164,identifier,dict_merge
-83.26727294921875,-34.44297409057617,(,(
93.49365997314453,-76.00837707519531,identifier,data
68.37633514404297,15.892589569091797,"""",'custom'
7.471989154815674,106.81987762451172,",",","
96.78551483154297,-18.23719596862793,identifier,lambda_data
-86.9607162475586,58.65061950683594,),)
33.30315017700195,174.29835510253906,else,else
-187.830322265625,-39.04130554199219,:,:
93.64310455322266,-75.9718246459961,identifier,data
68.46755981445312,15.95992374420166,"""",'custom'
96.7916259765625,-18.249420166015625,identifier,lambda_data
30.93861198425293,11.456449508666992,identifier,Exception
-35.145179748535156,32.4342155456543,identifier,e
-175.0760498046875,-31.29647445678711,:,:
14.914196014404297,-53.60751724243164,identifier,log
-17.114702224731445,-122.24150848388672,.,.
28.612884521484375,9.356489181518555,identifier,exception
-50.52049255371094,-34.77219009399414,(,(
46.680580139160156,4.919662952423096,"""","""Exception while adding lambda context data: %r"""
9.207239151000977,90.22503662109375,",",","
-35.54450988769531,30.82525634765625,identifier,e
-83.3188705444336,58.4848747253418,),)
-191.1192626953125,-41.79597473144531,:,:
61.1963005065918,-3.6684725284576416,identifier,_CURRENT_LAMBDA_CONTEXT
120.29972839355469,107.64010620117188,def,def
42.83660888671875,-24.162729263305664,identifier,control_loop
-86.63200378417969,142.47496032714844,(,(
-130.9095001220703,120.30158233642578,),)
-177.3316650390625,29.895002365112305,:,:
47.964698791503906,-16.171306610107422,identifier,set_service_status
-66.59713745117188,-33.6320686340332,(,(
80.55668640136719,22.62005043029785,identifier,Service
-49.775657653808594,-131.2415771484375,.,.
68.50032806396484,-33.732887268066406,identifier,CAPTURE
-1.1947654485702515,100.41900634765625,",",","
80.50672912597656,21.591520309448242,identifier,ServiceStatus
-49.81130599975586,-131.25106811523438,.,.
60.31212615966797,0.029127007350325584,identifier,IDLE
-88.59516143798828,74.38489532470703,),)
32.170257568359375,-50.02724075317383,identifier,notify
-23.019716262817383,-116.88343048095703,.,.
32.160526275634766,-48.930755615234375,identifier,notify
-55.67742156982422,-29.125837326049805,(,(
54.54786682128906,6.143380165100098,"""",'READY=1'
-90.78843688964844,76.34757995605469,),)
32.17144775390625,-49.983863830566406,identifier,notify
-22.99508285522461,-116.88385772705078,.,.
32.16049575805664,-48.893280029296875,identifier,notify
-55.66120529174805,-29.148029327392578,(,(
54.497920989990234,6.09708833694458,"""",'STATUS=Waiting'
-91.44599151611328,75.13546752929688,),)
65.07447052001953,140.31741333007812,while,while
46.474117279052734,-1.5855194330215454,identifier,terminate
-90.50713348388672,-54.41286087036133,(,(
-120.41958618164062,56.2608757019043,),)
-174.85105895996094,-13.139595985412598,:,:
32.17091369628906,-50.00225830078125,identifier,notify
-23.037614822387695,-116.86891174316406,.,.
32.15907287597656,-48.83338165283203,identifier,notify
-55.39719772338867,-29.276386260986328,(,(
57.68438720703125,0.02290167659521103,"""",'WATCHDOG=1'
-90.20146942138672,76.46068572998047,),)
118.44976806640625,8.872665405273438,identifier,event
49.903656005859375,-18.494462966918945,identifier,get_session
-89.61154174804688,-57.385746002197266,(,(
-117.95907592773438,51.46472930908203,),)
-40.57406997680664,-105.21527862548828,.,.
76.3660888671875,11.662431716918945,identifier,query
-80.1248779296875,-31.08913803100586,(,(
75.66329193115234,-45.163597106933594,identifier,UpcomingEvent
-99.7696533203125,64.7302017211914,),)
-39.96607971191406,-104.92671966552734,.,.
32.4862060546875,1.7881709337234497,identifier,filter
-80.8333969116211,-31.44496726989746,(,(
75.67160034179688,-45.157901763916016,identifier,UpcomingEvent
-36.05534362792969,-136.6102752685547,.,.
20.84916877746582,-21.450332641601562,identifier,start
69.87178802490234,22.293378829956055,identifier,timestamp
-90.0286636352539,-63.54452896118164,(,(
-110.8056869506836,50.93159866333008,),)
-99.49158477783203,66.47589874267578,),)
-39.57740020751953,-104.86119079589844,.,.
32.485389709472656,1.7880021333694458,identifier,filter
-80.86705017089844,-31.474523544311523,(,(
75.6744613647461,-45.15482711791992,identifier,UpcomingEvent
-36.0418815612793,-136.6483917236328,.,.
92.3049087524414,4.359921932220459,identifier,end
-7.097142696380615,73.05155181884766,>,>
69.87300109863281,22.293359756469727,identifier,timestamp
-90.03064727783203,-63.53705978393555,(,(
-110.63164520263672,51.07762145996094,),)
-99.45604705810547,66.63667297363281,),)
-39.23273468017578,-104.88583374023438,.,.
100.76213836669922,6.898008346557617,identifier,first
-83.93989562988281,-57.889892578125,(,(
-112.16836547851562,58.5579948425293,),)
51.224342346191406,151.3547821044922,if,if
117.69046020507812,9.267022132873535,identifier,event
-176.21339416503906,-26.75747299194336,:,:
51.31595993041992,-13.019798278808594,identifier,safe_start_capture
-76.48035430908203,-37.625492095947266,(,(
117.61260223388672,9.149154663085938,identifier,event
-77.05423736572266,68.4892349243164,),)
56.94831466674805,47.69596862792969,identifier,time
-16.545913696289062,-115.80638885498047,.,.
37.583866119384766,54.49950408935547,identifier,sleep
-54.63618850708008,-23.366384506225586,(,(
-78.65359497070312,65.01245880126953,),)
18.45290184020996,-57.80799865722656,identifier,logger
-16.921875,-120.93144989013672,.,.
-27.069786071777344,-27.830209732055664,identifier,info
-50.0645637512207,-32.85173416137695,(,(
46.356319427490234,-0.4765501320362091,"""",'Shutting down capture service'
-80.0413589477539,65.04418182373047,),)
47.88941192626953,-15.926289558410645,identifier,set_service_status
-76.6641845703125,-42.32562255859375,(,(
80.55735778808594,22.617116928100586,identifier,Service
-52.514652252197266,-134.34730529785156,.,.
68.50006103515625,-33.73421859741211,identifier,CAPTURE
9.478897094726562,102.65388488769531,",",","
80.50738525390625,21.587209701538086,identifier,ServiceStatus
-52.4518928527832,-134.16201782226562,.,.
58.116729736328125,1.2811095714569092,identifier,STOPPED
-60.613040924072266,43.00941467285156,),)
130.6304931640625,108.84529876708984,def,def
39.78158187866211,-26.27250862121582,identifier,_enforce_no_overlap
-82.12828826904297,133.29591369628906,(,(
-0.4033239185810089,-207.55674743652344,identifier,self
-34.81653594970703,187.145263671875,",",","
91.99036407470703,1.192549705505371,identifier,start_at
-123.40312194824219,112.84274291992188,),)
-179.25352478027344,24.464887619018555,:,:
105.39291381835938,41.044010162353516,identifier,i
91.927978515625,1.1658658981323242,identifier,start_at
64.27252960205078,139.83148193359375,while,while
105.92182922363281,40.392581939697266,identifier,i
-21.7560977935791,89.67778778076172,+,+
-8.919731140136719,77.35076141357422,<,<
-0.3801345229148865,24.61806297302246,identifier,len
-84.24244689941406,-18.572647094726562,(,(
50.867576599121094,-149.85662841796875,identifier,self
-65.97636413574219,-138.31201171875,.,.
92.95057678222656,-77.98047637939453,identifier,data
-112.36643981933594,78.11579132080078,),)
-177.55648803710938,-13.481752395629883,:,:
64.27181243896484,150.88800048828125,if,if
55.52021408081055,-141.552734375,identifier,self
-55.015071868896484,-150.4727783203125,.,.
93.86888122558594,-78.0134048461914,identifier,data
105.52841186523438,39.16824722290039,identifier,i
52.5069694519043,-141.38510131835938,identifier,self
-55.527679443359375,-150.4672393798828,.,.
94.17214965820312,-78.16028594970703,identifier,data
106.08892059326172,39.60519027709961,identifier,i
-22.321414947509766,88.98261260986328,+,+
-177.5159912109375,-18.13361358642578,:,:
64.34225463867188,148.7923126220703,if,if
55.4725341796875,-141.4009552001953,identifier,self
-55.334651947021484,-150.7069854736328,.,.
94.03582763671875,-77.84358215332031,identifier,data
105.71562957763672,38.96718978881836,identifier,i
-8.573832511901855,76.20838165283203,<,<
52.478416442871094,-141.38839721679688,identifier,self
-55.79242706298828,-150.67735290527344,.,.
94.3831558227539,-78.01765441894531,identifier,data
106.29639434814453,39.364219665527344,identifier,i
-22.446075439453125,88.81090545654297,+,+
-177.3924560546875,-20.066099166870117,:,:
69.90973663330078,-137.64659118652344,identifier,self
-55.58323669433594,-151.42286682128906,.,.
94.30622100830078,-77.51535034179688,identifier,data
105.93220520019531,38.85029983520508,identifier,i
52.48341369628906,-142.3428955078125,identifier,self
-56.21165084838867,-151.30322265625,.,.
94.6446762084961,-77.76751708984375,identifier,data
106.5079574584961,39.232120513916016,identifier,i
-22.545486450195312,88.6742935180664,+,+
53.986671447753906,-139.68783569335938,identifier,self
-56.33473587036133,-151.57337951660156,.,.
94.7125244140625,-77.54090881347656,identifier,data
106.68264770507812,39.31159591674805,identifier,i
-22.598674774169922,88.52188873291016,+,+
107.26657104492188,39.89741516113281,identifier,i
127.73056030273438,113.2977066040039,def,def
37.674774169921875,-32.85060501098633,identifier,finish
-82.1361083984375,143.140869140625,(,(
2.012542963027954,-204.08514404296875,identifier,self
-127.61783599853516,120.95060729980469,),)
-182.27334594726562,27.783246994018555,:,:
65.25585174560547,156.2698211669922,if,if
60.908226013183594,-145.05226135253906,identifier,self
-69.0675048828125,-139.6197967529297,.,.
39.35206985473633,-0.06630460172891617,identifier,finished
-163.2373809814453,-25.567100524902344,:,:
64.87112426757812,-145.7092742919922,identifier,self
-62.745426177978516,-162.30300903320312,.,.
73.83824920654297,-18.971391677856445,identifier,exit_code
76.46160125732422,-9.988221168518066,identifier,checkpoint_status
56.27777862548828,-148.55624389648438,identifier,self
-75.79925537109375,-145.81524658203125,.,.
76.25727844238281,-9.865093231201172,identifier,checkpoint
-91.15708923339844,-58.104129791259766,(,(
-115.71173095703125,61.10564422607422,),)
73.66835021972656,-137.9237518310547,identifier,self
-62.648773193359375,-161.76394653320312,.,.
74.37847900390625,-19.200834274291992,identifier,exit_code
55.4881477355957,-148.15505981445312,identifier,self
-70.60506439208984,-150.9233856201172,.,.
72.80681610107422,-19.459583282470703,identifier,_exit_code
-89.90642547607422,-59.22734069824219,(,(
-115.43928527832031,58.385589599609375,),)
55.934471130371094,155.15341186523438,if,if
57.46921920776367,-142.48153686523438,identifier,self
-66.62183380126953,-145.17205810546875,.,.
74.24127960205078,-19.684432983398438,identifier,exit_code
-7.447238445281982,67.90505981445312,!=,!=
-165.1822052001953,-27.79022789001465,:,:
57.599327087402344,-35.93815231323242,identifier,TeradataPTError
-53.85903549194336,-36.594600677490234,(,(
44.948463439941406,1.806180477142334,"""","""BulkLoad job finished with return code '{}'"""
-24.76272201538086,-96.5746078491211,.,.
16.8482608795166,59.28753662109375,identifier,format
-76.31825256347656,-18.776601791381836,(,(
47.61134338378906,-146.81121826171875,identifier,self
-60.48148727416992,-144.0460205078125,.,.
73.79244232177734,-20.070520401000977,identifier,exit_code
-99.50989532470703,46.12375259399414,),)
-67.61945343017578,69.1036376953125,),)
56.54783630371094,149.81802368164062,if,if
57.88283157348633,-142.10621643066406,identifier,self
-67.15579223632812,-143.5282440185547,.,.
56.07984161376953,-8.579269409179688,identifier,applied_count
-7.883236408233643,72.84442901611328,>,>
-169.8804473876953,-18.843212127685547,:,:
69.47758483886719,-138.3622589111328,identifier,self
-68.82659149169922,-153.79734802246094,.,.
54.61134719848633,-11.712690353393555,identifier,_end_acquisition
-87.5573501586914,-57.301025390625,(,(
-112.30779266357422,60.46058654785156,),)
71.86944580078125,-136.47268676757812,identifier,self
-68.68892669677734,-153.81381225585938,.,.
55.96659851074219,-18.025955200195312,identifier,_apply_rows
-87.1224365234375,-57.32898712158203,(,(
-112.34146118164062,60.19948196411133,),)
73.5677490234375,-136.26852416992188,identifier,self
-61.66928482055664,-159.4926300048828,.,.
74.60552978515625,-19.479446411132812,identifier,exit_code
54.38446807861328,-147.98178100585938,identifier,self
-69.38395690917969,-152.30931091308594,.,.
72.80144500732422,-19.542936325073242,identifier,_exit_code
-87.29295349121094,-59.16933059692383,(,(
-112.53340148925781,57.49254608154297,),)
51.82830810546875,148.8317413330078,if,if
57.39091110229492,-141.05203247070312,identifier,self
-66.15133666992188,-145.36143493652344,.,.
74.33448791503906,-19.984098434448242,identifier,exit_code
-7.273575305938721,68.00308990478516,!=,!=
-168.14639282226562,-29.57651138305664,:,:
57.60082244873047,-35.93519592285156,identifier,TeradataPTError
-52.924495697021484,-37.762699127197266,(,(
44.9918327331543,1.8541464805603027,"""","""BulkLoad job finished with return code '{}'"""
-24.56778907775879,-96.79563903808594,.,.
17.308656692504883,59.93776321411133,identifier,format
-76.98088073730469,-18.58910369873047,(,(
48.35279083251953,-145.33885192871094,identifier,self
-59.364498138427734,-144.69058227539062,.,.
73.89453887939453,-20.328472137451172,identifier,exit_code
-96.64498138427734,48.27387237548828,),)
-71.86907196044922,64.23116302490234,),)
72.27759552001953,-133.85797119140625,identifier,self
-60.256675720214844,-156.17481994628906,.,.
39.357051849365234,-0.06220977380871773,identifier,finished
59.77835464477539,-136.14166259765625,identifier,self
-57.33171081542969,-155.18943786621094,.,.
74.18707275390625,-20.923105239868164,identifier,exit_code
122.19677734375,107.43869018554688,def,def
42.79059982299805,-29.946252822875977,identifier,uncompress_file
-85.12764739990234,136.69410705566406,(,(
94.78999328613281,-5.510179042816162,identifier,input_file_name
-29.94141960144043,169.907470703125,",",","
107.62081146240234,-11.306696891784668,identifier,file_extension
-28.54771614074707,168.92449951171875,",",","
86.34379577636719,9.025662422180176,identifier,dest_dir
-126.91202545166016,113.40831756591797,),)
-183.91421508789062,25.172779083251953,:,:
65.11067962646484,156.9300994873047,if,if
108.00936126708984,-11.851929664611816,identifier,file_extension
-33.237056732177734,-105.15107727050781,.,.
35.23394012451172,23.81568145751953,identifier,lower
-81.46285247802734,-61.10600280761719,(,(
-116.2566146850586,53.657630920410156,),)
-70.16707611083984,-12.213924407958984,(,(
54.33941650390625,13.32697582244873,"""",'.gz'
1.0156493186950684,93.43084716796875,",",","
53.96169662475586,14.379834175109863,"""",'.bz2'
-110.493896484375,75.81331634521484,),)
-165.8575439453125,-26.191354751586914,:,:
35.837215423583984,8.210640907287598,identifier,NotImplementedError
-53.40138626098633,-35.602195739746094,(,(
49.864356994628906,3.5871737003326416,"""","""Received {} format. Only gz and bz2 """
49.20857238769531,3.193507432937622,"""","""files can currently be uncompressed."""
-26.307065963745117,-96.57010650634766,.,.
16.2169189453125,59.22526168823242,identifier,format
-75.98133850097656,-19.32782554626465,(,(
107.76179504394531,-11.458267211914062,identifier,file_extension
-100.10694885253906,45.45493698120117,),)
-67.56304168701172,69.73251342773438,),)
57.232566833496094,150.44464111328125,if,if
108.06668853759766,-11.931768417358398,identifier,file_extension
-33.10823440551758,-105.04582977294922,.,.
35.18547821044922,23.776220321655273,identifier,lower
-81.57837677001953,-60.79234313964844,(,(
-115.41378021240234,53.3353157043457,),)
-14.370948791503906,60.280372619628906,==,==
54.30602264404297,13.379952430725098,"""",'.gz'
-165.30783081054688,-18.27874183654785,:,:
110.12567138671875,-15.816661834716797,identifier,fmodule
51.76169204711914,13.99551010131836,identifier,gzip
-46.482276916503906,-127.11392211914062,.,.
52.21807861328125,13.74921989440918,identifier,GzipFile
40.924442291259766,169.17750549316406,elif,elif
108.10425567626953,-11.98513126373291,identifier,file_extension
-33.04147720336914,-105.02005767822266,.,.
35.19548416137695,23.75287628173828,identifier,lower
-81.54264831542969,-60.620548248291016,(,(
-115.20044708251953,53.29336929321289,),)
-14.460393905639648,60.290626525878906,==,==
53.94719696044922,14.382997512817383,"""",'.bz2'
-165.37875366210938,-17.73270034790039,:,:
110.1482925415039,-15.812374114990234,identifier,fmodule
53.79120635986328,15.17724323272705,identifier,bz2
-46.49226379394531,-127.0870590209961,.,.
52.85625076293945,14.196918487548828,identifier,BZ2File
110.2751235961914,-15.813773155212402,identifier,fmodule
-71.84272003173828,-35.942787170410156,(,(
94.77418518066406,-5.551908016204834,identifier,input_file_name
3.506993055343628,116.07353973388672,",",","
59.81608963012695,34.65834426879883,identifier,mode
57.32548141479492,16.696666717529297,"""",'rb'
-101.00865173339844,71.4626235961914,),)
85.58534240722656,-24.352893829345703,identifier,f_compressed
-9.868807792663574,116.420654296875,",",","
52.24624252319336,12.867385864257812,identifier,NamedTemporaryFile
-65.6572036743164,-45.24823760986328,(,(
86.96846008300781,9.20499038696289,identifier,dir
86.40617370605469,9.138106346130371,identifier,dest_dir
4.114531993865967,117.55924987792969,",",","
59.84065628051758,34.67427444458008,identifier,mode
57.31468200683594,16.79467010498047,"""",'wb'
-0.21427875757217407,119.28961944580078,",",","
37.65035629272461,-2.184481620788574,identifier,delete
-101.03730010986328,71.59822082519531,),)
84.25176239013672,-25.68257713317871,identifier,f_uncompressed
-180.7659454345703,-20.813732147216797,:,:
47.931602478027344,-10.319013595581055,identifier,shutil
-21.35755157470703,-124.99075317382812,.,.
48.427059173583984,-10.546222686767578,identifier,copyfileobj
-74.12602233886719,-43.179832458496094,(,(
85.59375,-24.347936630249023,identifier,f_compressed
9.15503215789795,101.8190689086914,",",","
84.24465942382812,-25.733551025390625,identifier,f_uncompressed
-78.8244400024414,60.139915466308594,),)
84.24313354492188,-25.79241180419922,identifier,f_uncompressed
-32.813819885253906,-141.015625,.,.
155.60560607910156,10.98800277709961,identifier,name
126.4737548828125,112.49189758300781,def,def
40.80258560180664,-25.200382232666016,identifier,resolves_for
-81.84185028076172,140.19113159179688,(,(
-0.22415192425251007,-204.32484436035156,identifier,self
-32.47214889526367,186.65245056152344,",",","
4.874400615692139,-12.51534366607666,identifier,session
-125.82498931884766,116.95530700683594,),)
-182.08123779296875,26.275272369384766,:,:
66.05841827392578,156.26380920410156,if,if
60.47031021118164,-144.9605712890625,identifier,self
-68.84320831298828,-139.6111297607422,.,.
86.2454833984375,14.001415252685547,identifier,url
-168.25132751464844,-20.888805389404297,:,:
71.11798095703125,-140.92950439453125,identifier,self
-62.557247161865234,-161.48829650878906,.,.
97.0159683227539,-9.691950798034668,identifier,actual_path
5.384307384490967,-12.485971450805664,identifier,session
-42.33820724487305,-133.6760711669922,.,.
84.18245697021484,12.389806747436523,identifier,current_url
31.017654418945312,172.35255432128906,else,else
-187.1938934326172,-36.36335754394531,:,:
65.70636749267578,-72.18524932861328,identifier,result
48.86318588256836,-7.84898567199707,identifier,urlparse
-70.19026184082031,-25.186790466308594,(,(
5.455992221832275,-12.52639102935791,identifier,session
-42.44599914550781,-133.9452667236328,.,.
84.1632080078125,12.36744213104248,identifier,current_url
-91.07543182373047,69.6046142578125,),)
57.16344451904297,153.19947814941406,if,if
58.88655090332031,-143.18667602539062,identifier,self
-67.8505630493164,-143.0660858154297,.,.
70.78958129882812,-10.976401329040527,identifier,only_path
-168.97061157226562,-21.31369972229004,:,:
71.07089233398438,-140.47120666503906,identifier,self
-62.43625259399414,-161.0255584716797,.,.
97.01054382324219,-9.92032241821289,identifier,actual_path
67.02420043945312,-71.93125915527344,identifier,result
-41.540802001953125,-138.02757263183594,.,.
132.69046020507812,38.50294876098633,identifier,path
31.434337615966797,173.2043914794922,else,else
-187.4874267578125,-36.88603210449219,:,:
89.86774444580078,14.26557731628418,identifier,request_uri
67.0755386352539,-71.95869445800781,identifier,result
-41.5662841796875,-138.04818725585938,.,.
132.67776489257812,38.50386428833008,identifier,path
52.36758804321289,154.6396026611328,if,if
67.06222534179688,-71.97657012939453,identifier,result
-41.79011154174805,-139.2303466796875,.,.
76.28939819335938,11.652877807617188,identifier,query
-171.52586364746094,-22.055376052856445,:,:
89.91865539550781,14.30694580078125,identifier,request_uri
44.20941925048828,9.053791046142578,"""","""?{0}"""
-25.715227127075195,-97.69633483886719,.,.
16.579538345336914,59.74321746826172,identifier,format
-76.62606811523438,-18.823604583740234,(,(
67.1258773803711,-71.87208557128906,identifier,result
-40.573482513427734,-137.3585662841797,.,.
76.3089370727539,11.652644157409668,identifier,query
-80.66594696044922,72.9957275390625,),)
72.94503021240234,-135.7947998046875,identifier,self
-61.568016052246094,-159.8152313232422,.,.
97.00555419921875,-10.040812492370605,identifier,actual_path
89.93189239501953,14.326835632324219,identifier,request_uri
49.34967803955078,152.2004852294922,if,if
51.34669876098633,-9.685477256774902,identifier,isregex
-89.58163452148438,-20.405427932739258,(,(
49.20047378540039,-145.8202667236328,identifier,self
-58.990928649902344,-144.1480255126953,.,.
96.60734558105469,-12.008720397949219,identifier,expected_path
-106.50543212890625,75.44976043701172,),)
-169.08729553222656,-28.27659797668457,:,:
53.32675552368164,-148.8931427001953,identifier,self
-60.99879455566406,-152.72845458984375,.,.
96.58814239501953,-12.071728706359863,identifier,expected_path
-30.067142486572266,-117.9077377319336,.,.
16.197559356689453,-26.26219367980957,identifier,search
-80.72843170166016,-37.63399124145508,(,(
48.97177505493164,-145.5531768798828,identifier,self
-58.93952941894531,-144.54969787597656,.,.
96.99886322021484,-10.724032402038574,identifier,actual_path
-86.18495178222656,56.967098236083984,),)
32.80998992919922,175.74017333984375,else,else
-186.5721893310547,-41.03666305541992,:,:
52.234371185302734,-25.58347511291504,identifier,normalize_url
-78.38831329345703,-40.88955307006836,(,(
49.15155029296875,-145.1562042236328,identifier,self
-58.60752868652344,-144.8981170654297,.,.
96.99028015136719,-10.765419006347656,identifier,actual_path
-105.59597778320312,66.34451293945312,),)
-9.62241268157959,61.820884704589844,==,==
52.238773345947266,-25.585311889648438,identifier,normalize_url
-78.38269805908203,-41.0738410949707,(,(
49.051551818847656,-144.4970245361328,identifier,self
-58.013099670410156,-145.3267822265625,.,.
96.6161117553711,-12.007366180419922,identifier,expected_path
-62.80559539794922,42.95893478393555,),)
128.444580078125,113.50526428222656,def,def
36.1285514831543,-32.88349151611328,identifier,acquire
-81.61735534667969,143.93093872070312,(,(
1.2252694368362427,-203.83401489257812,identifier,self
-128.1611785888672,121.17866516113281,),)
-179.09226989746094,28.434598922729492,:,:
67.27828216552734,-144.05487060546875,identifier,self
-77.29193878173828,-145.52835083007812,.,.
20.79741859436035,-22.121793746948242,identifier,start
-65.21133422851562,-37.471073150634766,(,(
47.835296630859375,-19.68430519104004,identifier,test_connection
-90.7184829711914,72.35365295410156,),)
65.1590347290039,140.06597900390625,while,while
-175.92103576660156,-11.75719928741455,:,:
86.2197494506836,-7.286899089813232,identifier,str_response
-13.647579193115234,118.32489776611328,",",","
49.41361999511719,-47.06782150268555,identifier,retries
57.97211456298828,-152.7576904296875,identifier,self
-72.587158203125,-150.61512756347656,.,.
55.19507598876953,-16.903711318969727,identifier,_req_rep_retry
-69.9458236694336,-31.516265869140625,(,(
71.40074157714844,-45.942989349365234,identifier,LockerServer
-49.4784049987793,-132.2318115234375,.,.
57.527713775634766,-4.3723039627075195,identifier,LOCK
-86.68095397949219,73.80615234375,),)
119.8049087524414,51.73057556152344,identifier,response
86.20536804199219,-7.29512882232666,identifier,str_response
-32.4764518737793,-109.84688568115234,.,.
9.60704231262207,10.31613540649414,identifier,split
-70.9269027709961,-25.32069969177246,(,(
71.56207275390625,-45.77423858642578,identifier,LockerServer
-49.62571334838867,-132.260498046875,.,.
59.337860107421875,-0.576996386051178,identifier,DELIMITER
-89.75718688964844,68.1337661743164,),)
55.336692810058594,151.4299774169922,if,if
121.20960998535156,53.13695526123047,identifier,response
-11.660697937011719,61.06932067871094,==,==
71.67317199707031,-45.64117431640625,identifier,LockerServer
-50.524818420410156,-133.11083984375,.,.
56.50018310546875,0.976828932762146,identifier,GO
-165.6744842529297,-30.031280517578125,:,:
40.174320220947266,169.52586364746094,elif,elif
121.22698974609375,53.18978500366211,identifier,response
-11.374738693237305,61.27729797363281,==,==
71.73612213134766,-45.570430755615234,identifier,LockerServer
-50.47551345825195,-133.23829650878906,.,.
57.684913635253906,-4.666116237640381,identifier,LOCK_ERROR
27.77275276184082,130.88116455078125,and,and
49.41349792480469,-47.061798095703125,identifier,retries
-7.81630277633667,72.88063049316406,>,>
-171.393310546875,-27.037675857543945,:,:
66.04883575439453,-138.1461181640625,identifier,self
-70.82044982910156,-157.2862091064453,.,.
19.80674934387207,-55.75433349609375,identifier,_logger
-15.616861343383789,-120.91796875,.,.
-24.26825523376465,-21.93958282470703,identifier,error
-49.816829681396484,-35.35100173950195,(,(
86.2032470703125,-7.281479358673096,identifier,str_response
-22.75244140625,94.21504211425781,+,+
49.12998962402344,1.824507713317871,"""",'; Probably due to retry'
-82.7210922241211,56.181278228759766,),)
39.70358657836914,170.0122528076172,elif,elif
121.16228485107422,53.23648452758789,identifier,response
-11.220258712768555,61.42410659790039,==,==
71.79553985595703,-45.4875373840332,identifier,LockerServer
-50.83336639404297,-133.3773651123047,.,.
42.750892639160156,-18.557710647583008,identifier,WAIT
-172.6520233154297,-27.244754791259766,:,:
56.99559783935547,47.67856216430664,identifier,time
-16.596567153930664,-115.8226318359375,.,.
37.58292007446289,54.49964904785156,identifier,sleep
-81.73543548583984,-37.70193862915039,(,(
50.95210266113281,-155.01622009277344,identifier,self
-56.599082946777344,-142.1959228515625,.,.
60.79436492919922,-0.3113221526145935,identifier,SLEEP
-85.61425018310547,56.405006408691406,),)
32.12081527709961,176.6055908203125,else,else
-185.69610595703125,-41.35690689086914,:,:
33.431365966796875,10.259894371032715,identifier,RuntimeError
-51.112144470214844,-37.69291305541992,(,(
45.530277252197266,5.315133094787598,"""",'Response `%s` not understood'
120.3238525390625,54.06618881225586,identifier,response
-60.97068786621094,42.311500549316406,),)
120.42528533935547,108.38668823242188,def,def
34.421539306640625,-32.019378662109375,identifier,down
-80.1092758178711,143.15667724609375,(,(
80.12456512451172,15.42041015625,identifier,auth_token
-29.717113494873047,170.5861053466797,",",","
79.04901885986328,-2.8193626403808594,identifier,force
-26.701915740966797,169.38739013671875,",",","
107.20201110839844,-6.771903038024902,identifier,app_name
-127.3188705444336,113.73633575439453,),)
-184.42559814453125,25.653034210205078,:,:
63.92505645751953,159.08169555664062,if,if
107.367919921875,-7.216341495513916,identifier,app_name
-166.08612060546875,-22.641090393066406,:,:
74.87725830078125,-114.72265625,identifier,click
-18.06060028076172,-118.67005920410156,.,.
-4.5881500244140625,-20.099445343017578,identifier,echo
-52.7816047668457,-30.49296760559082,(,(
50.422542572021484,2.9790682792663574,"""",'WARNING: Inferring the app name when deleting is deprecated. '
50.71706771850586,2.757962703704834,"""","'Starting with happy 2.0, the app_name parameter will be required.'"
-90.84508514404297,78.70240020751953,),)
107.92717742919922,-8.07964038848877,identifier,app_name
107.4074478149414,-7.650139331817627,identifier,app_name
33.862464904785156,126.08650970458984,or,or
54.874393463134766,-14.165630340576172,identifier,_read_app_name
-90.69195556640625,-59.45447540283203,(,(
-115.82418823242188,58.70671463012695,),)
56.722049713134766,157.60818481445312,if,if
107.36040496826172,-7.573610782623291,identifier,app_name
-166.5439910888672,-23.025531768798828,:,:
74.910400390625,-114.8511962890625,identifier,click
-18.346952438354492,-118.83479309082031,.,.
-4.538172245025635,-20.070865631103516,identifier,echo
-52.84092712402344,-31.11943244934082,(,(
48.88798904418945,4.14300537109375,"""",'No app name given.'
-91.76069641113281,78.28768157958984,),)
35.80356979370117,-68.12301635742188,identifier,sys
-14.614762306213379,-117.06330871582031,.,.
35.31141662597656,4.081860542297363,identifier,exit
-52.405174255371094,-22.927719116210938,(,(
-91.84573364257812,65.93714141845703,),)
55.84042739868164,158.32643127441406,if,if
79.03962707519531,-2.8152122497558594,identifier,force
-167.04953002929688,-23.255094528198242,:,:
75.01029968261719,-114.86644744873047,identifier,click
-18.686277389526367,-118.88856506347656,.,.
50.73500061035156,6.928182125091553,identifier,confirm
-52.750511169433594,-31.90498924255371,(,(
49.3594856262207,6.449080944061279,"""",'Are you sure you want to delete %s?'
106.92363739013672,-8.1768798828125,identifier,app_name
-2.162526845932007,119.43162536621094,",",","
52.09232711791992,6.026828289031982,identifier,abort
-4.360630035400391,114.44581604003906,",",","
-81.86524200439453,69.35208892822266,),)
72.59880065917969,-37.01129913330078,identifier,happy
54.360435485839844,-0.6902399063110352,identifier,Happy
-66.596435546875,-43.461143493652344,(,(
80.10733032226562,15.584328651428223,identifier,auth_token
80.07749938964844,15.634174346923828,identifier,auth_token
-80.26998901367188,69.48582458496094,),)
74.91915130615234,-115.16289520263672,identifier,click
-19.061569213867188,-119.7846450805664,.,.
-4.481914520263672,-20.0374755859375,identifier,echo
-53.060455322265625,-32.452545166015625,(,(
47.216514587402344,7.478852272033691,"""",'Destroying app %s... '
106.92363739013672,-8.343974113464355,identifier,app_name
-2.0888240337371826,119.43627166748047,",",","
52.968360900878906,6.8675336837768555,identifier,nl
-80.85176086425781,69.10779571533203,),)
72.5969009399414,-37.00936508178711,identifier,happy
-27.18465805053711,-121.22950744628906,.,.
37.649200439453125,-2.1925063133239746,identifier,delete
-67.11222076416016,-43.499019622802734,(,(
107.27886199951172,-8.698314666748047,identifier,app_name
106.85105895996094,-8.462427139282227,identifier,app_name
-79.91754150390625,68.9250259399414,),)
54.62101745605469,-13.482094764709473,identifier,_delete_app_name_file
-86.09040069580078,-55.72190475463867,(,(
-110.32268524169922,60.31595993041992,),)
74.91937255859375,-115.26756286621094,identifier,click
-19.411317825317383,-120.32955169677734,.,.
-4.440698623657227,-20.01190185546875,identifier,echo
-53.586158752441406,-32.89362716674805,(,(
61.12975311279297,19.25766372680664,"""",'done'
-79.73429870605469,65.06916809082031,),)
74.92684936523438,-115.34574890136719,identifier,click
-19.416019439697266,-120.41670227050781,.,.
-4.408885478973389,-19.992534637451172,identifier,echo
-53.48303985595703,-33.19221496582031,(,(
45.49794387817383,0.35699352622032166,"""","""It's down. :("""
-59.43444061279297,41.37765884399414,),)
122.3315200805664,109.58811950683594,def,def
36.040035247802734,-19.456714630126953,identifier,imap_unordered
-78.79042053222656,140.57595825195312,(,(
13.88785457611084,-17.9334716796875,identifier,requests
-35.00928497314453,171.41976928710938,",",","
121.57614135742188,4.706181526184082,identifier,stream
-35.86782455444336,158.0203857421875,",",","
89.94049072265625,-59.2330207824707,identifier,pool
-36.00041198730469,156.4010009765625,",",","
78.35413360595703,39.40045166015625,identifier,size
-33.52402114868164,158.2965850830078,",",","
82.0636215209961,-13.276698112487793,identifier,exception_handler
-123.1234130859375,109.96888732910156,),)
-180.89817810058594,22.217790603637695,:,:
119.96440124511719,114.81991577148438,def,def
17.99896240234375,8.447946548461914,identifier,send
-64.36788177490234,-31.930255889892578,(,(
93.02916717529297,41.459564208984375,identifier,r
-111.42528533935547,80.14249420166016,),)
-179.2991943359375,-6.466119766235352,:,:
93.20441436767578,41.884517669677734,identifier,r
-35.21866226196289,-120.032958984375,.,.
17.99994659423828,8.445760726928711,identifier,send
-66.01477813720703,-39.23322677612305,(,(
121.59784698486328,4.677278995513916,identifier,stream
121.65265655517578,4.601406574249268,identifier,stream
-86.32695770263672,73.22410583496094,),)
89.73638916015625,-59.01818084716797,identifier,pool
89.22055053710938,-58.90425491333008,identifier,pool
58.65949249267578,145.59117126464844,if,if
89.2226791381836,-58.874244689941406,identifier,pool
27.767358779907227,172.41253662109375,else,else
87.25875091552734,-59.272029876708984,identifier,Pool
-75.56999969482422,-28.318904876708984,(,(
77.92896270751953,39.79922866821289,identifier,size
-87.64064025878906,71.45466613769531,),)
49.92201614379883,-5.891304016113281,identifier,contextlib
-34.69832992553711,-118.43535614013672,.,.
41.56109619140625,-15.254941940307617,identifier,closing
-87.97916412353516,-38.00434494018555,(,(
87.25364685058594,-59.270816802978516,identifier,Pool
-76.21105194091797,-27.24187469482422,(,(
77.99320220947266,39.80984878540039,identifier,size
-100.42545318603516,47.479736328125,),)
-99.8927001953125,72.33732604980469,),)
89.56700897216797,-58.677608489990234,identifier,pool
-179.61871337890625,-15.923123359680176,:,:
67.6865234375,131.47842407226562,for,for
90.89380645751953,17.281112670898438,identifier,request
89.24153900146484,-58.08633041381836,identifier,pool
-36.01982879638672,-124.6966781616211,.,.
36.03593444824219,-19.39706802368164,identifier,imap_unordered
-74.07860565185547,-37.00157165527344,(,(
17.998735427856445,8.453636169433594,identifier,send
6.9884419441223145,100.30421447753906,",",","
13.6467924118042,-17.80605697631836,identifier,requests
-106.28360748291016,76.7169418334961,),)
-180.90280151367188,-13.452503204345703,:,:
62.957481384277344,148.7474822998047,if,if
91.26089477539062,17.911651611328125,identifier,request
-40.86444091796875,-139.75027465820312,.,.
118.70612335205078,53.056251525878906,identifier,response
-171.10740661621094,-28.267616271972656,:,:
91.3653793334961,17.974258422851562,identifier,request
-40.47021484375,-139.25064086914062,.,.
118.87467193603516,53.595394134521484,identifier,response
39.36589431762695,169.7542724609375,elif,elif
81.96857452392578,-13.565109252929688,identifier,exception_handler
-177.27423095703125,-27.274534225463867,:,:
81.9233169555664,-13.633748054504395,identifier,exception_handler
-75.4706039428711,-41.03266143798828,(,(
91.16156768798828,17.830291748046875,identifier,request
9.765214920043945,101.27268981933594,",",","
91.401611328125,18.02849578857422,identifier,request
-39.794273376464844,-138.4265594482422,.,.
28.597246170043945,9.346711158752441,identifier,exception
-85.27588653564453,61.59276580810547,),)
50.17865753173828,148.51373291015625,if,if
89.75424194335938,-58.36503601074219,identifier,pool
-177.48843383789062,-26.689355850219727,:,:
89.41559600830078,-57.98750686645508,identifier,pool
-24.365434646606445,-123.30549621582031,.,.
41.37189865112305,-16.383596420288086,identifier,close
-82.32530212402344,-54.67778015136719,(,(
-64.75911712646484,40.872650146484375,),)
129.761962890625,112.32095336914062,def,def
38.85466384887695,-22.576200485229492,identifier,pre_save
-81.60275268554688,137.7866973876953,(,(
-1.8739787340164185,-204.56137084960938,identifier,self
-33.96427917480469,185.31439208984375,",",","
86.72734069824219,-0.025831706821918488,identifier,model_instance
-28.198551177978516,169.61898803710938,",",","
-6.974899768829346,-52.69036102294922,identifier,add
-124.75020599365234,115.06564331054688,),)
-177.97662353515625,24.647092819213867,:,:
133.61688232421875,-13.358011245727539,identifier,file
14.228296279907227,22.619705200195312,identifier,getattr
-69.6247329711914,-23.213130950927734,(,(
86.71305847167969,-0.014775062911212444,identifier,model_instance
-1.068921446800232,102.51554870605469,",",","
47.9825439453125,-151.37835693359375,identifier,self
-64.16532135009766,-138.17332458496094,.,.
69.2579345703125,-10.853225708007812,identifier,attname
-90.90052032470703,70.36874389648438,),)
58.87629318237305,155.32456970214844,if,if
134.24269104003906,-12.934135437011719,identifier,file
29.050695419311523,131.5160675048828,and,and
134.261474609375,-13.550630569458008,identifier,file
-44.000511169433594,-132.49554443359375,.,.
51.522491455078125,-5.503954887390137,identifier,_committed
-168.25662231445312,-13.68067741394043,:,:
104.99481964111328,-13.10261058807373,identifier,image_file
134.5767822265625,-12.966655731201172,identifier,file
53.08631896972656,154.9991912841797,if,if
60.260459899902344,-143.30789184570312,identifier,self
-68.0674819946289,-143.8060760498047,.,.
72.31327819824219,-10.93181324005127,identifier,resize_source_to
-170.68406677246094,-20.584407806396484,:,:
134.3470458984375,-13.785165786743164,identifier,file
-24.637760162353516,-115.29279327392578,.,.
51.994964599609375,-7.831724643707275,identifier,seek
-55.71978759765625,-24.625015258789062,(,(
-82.48538970947266,77.58158874511719,),)
104.95321655273438,-13.022346496582031,identifier,image_file
57.30825424194336,-17.20191192626953,identifier,processors
-33.885986328125,-119.1993408203125,.,.
38.64287567138672,-16.90203857421875,identifier,process
-70.74878692626953,-37.13296127319336,(,(
134.7316436767578,-13.123822212219238,identifier,file
0.7765454053878784,104.57938385009766,",",","
46.323272705078125,-150.77723693847656,identifier,self
-60.40919876098633,-142.62869262695312,.,.
72.4169921875,-10.947543144226074,identifier,resize_source_to
-82.14014434814453,72.32048034667969,),)
104.91995239257812,-12.968032836914062,identifier,image_file
57.16716384887695,-17.069774627685547,identifier,post_processors
-33.62621307373047,-119.18550872802734,.,.
38.64094161987305,-16.90151596069336,identifier,process
-70.93981170654297,-37.270652770996094,(,(
104.49168395996094,-12.183987617492676,identifier,image_file
0.9593071341514587,104.63751220703125,",",","
46.10565185546875,-150.93197631835938,identifier,self
-60.180213928222656,-142.6491241455078,.,.
72.4917221069336,-10.946656227111816,identifier,resize_source_to
-81.8219223022461,71.59416198730469,),)
152.74850463867188,-1.991380214691162,identifier,filename
30.87721824645996,40.505088806152344,identifier,str
-88.97277069091797,-32.23991012573242,(,(
65.31538391113281,-15.16933822631836,identifier,shortuuid
-33.36177444458008,-126.98748016357422,.,.
65.26724243164062,-15.070356369018555,identifier,uuid
-87.55228424072266,-64.01542663574219,(,(
-110.58113098144531,49.96295166015625,),)
-89.43474578857422,47.295310974121094,),)
-26.12647819519043,94.35295104980469,+,+
40.01755142211914,29.296878814697266,identifier,os
-48.41428756713867,-113.4005355834961,.,.
130.1027069091797,37.455970764160156,identifier,path
-31.31134605407715,-102.49274444580078,.,.
10.982604026794434,10.646095275878906,identifier,splitext
-80.66511535644531,-36.9382209777832,(,(
134.73606872558594,-13.751917839050293,identifier,file
-39.31175994873047,-135.93496704101562,.,.
156.4503173828125,11.153105735778809,identifier,name
-102.61026763916016,62.42763900756836,),)
134.60769653320312,-14.206525802612305,identifier,file
-22.215042114257812,-123.14373779296875,.,.
26.630741119384766,-16.296175003051758,identifier,save
-74.074462890625,-41.830909729003906,(,(
153.08297729492188,-0.03448672220110893,identifier,filename
12.21146011352539,103.25621795654297,",",","
104.41244506835938,-12.13986587524414,identifier,image_file
9.323784828186035,117.10708618164062,",",","
26.617685317993164,-16.29531478881836,identifier,save
-77.6864013671875,58.10861587524414,),)
135.69845581054688,-13.800562858581543,identifier,file
129.40216064453125,112.4135971069336,def,def
42.41315841674805,-33.000362396240234,identifier,sync_folder
-82.44129943847656,138.09010314941406,(,(
-1.8752163648605347,-205.18324279785156,identifier,self
-33.35176467895508,184.82614135742188,",",","
134.4969940185547,37.14724349975586,identifier,path
-27.656064987182617,170.76177978515625,",",","
111.27266693115234,0.7964940667152405,identifier,bucket
-126.23880767822266,116.07563018798828,),)
-177.82411193847656,25.440519332885742,:,:
111.35328674316406,0.6367291808128357,identifier,bucket
59.05277633666992,-151.64598083496094,identifier,self
-75.18367004394531,-143.8503875732422,.,.
49.20085906982422,-21.204740524291992,identifier,conn
-37.16291809082031,-117.3779296875,.,.
52.06968688964844,-16.974105834960938,identifier,get_bucket
-69.47703552246094,-28.99123764038086,(,(
111.16907501220703,0.9596512913703918,identifier,bucket
-85.89289855957031,77.35069274902344,),)
101.30272674560547,-4.936322212219238,identifier,local_files
58.106319427490234,-153.09825134277344,identifier,self
-73.79535675048828,-150.65704345703125,.,.
53.98234558105469,-15.942303657531738,identifier,_get_local_files
-69.48514556884766,-29.950212478637695,(,(
133.81033325195312,36.80833053588867,identifier,path
-85.6859130859375,77.34529876708984,),)
97.29236602783203,-27.32782554626465,identifier,s3_files
57.70614242553711,-153.4581298828125,identifier,self
-73.60692596435547,-150.81314086914062,.,.
54.031002044677734,-15.916289329528809,identifier,_get_s3_files
-69.60072326660156,-29.98143768310547,(,(
111.09210205078125,1.047550916671753,identifier,bucket
-92.91693878173828,71.08821868896484,),)
69.17876434326172,134.2242431640625,for,for
153.08595275878906,-1.763717770576477,identifier,filename
-13.759710311889648,113.7274398803711,",",","
113.12918090820312,8.046980857849121,identifier,hash
101.34017181396484,-4.9142231941223145,identifier,local_files
-33.780113220214844,-111.48200225830078,.,.
22.61208152770996,15.412775993347168,identifier,iteritems
-82.2573471069336,-64.44123077392578,(,(
-119.34355926513672,55.40176010131836,),)
-180.0294189453125,-12.22060489654541,:,:
97.37362670898438,-27.657920837402344,identifier,s3_key
96.44392395019531,-28.675643920898438,identifier,s3_files
152.13455200195312,-0.3536984324455261,identifier,filename
53.46210479736328,153.2722930908203,if,if
97.23558044433594,-28.30748748779297,identifier,s3_key
-174.7105255126953,-20.568986892700195,:,:
97.35205841064453,-28.22795867919922,identifier,s3_key
149.4097900390625,26.56863021850586,identifier,Key
-77.85404968261719,-29.767438888549805,(,(
110.97313690185547,1.2030974626541138,identifier,bucket
-80.19931030273438,75.27629089355469,),)
97.23683166503906,-28.817914962768555,identifier,s3_key
-36.934574127197266,-143.70233154296875,.,.
149.27455139160156,25.82964515686035,identifier,key
151.95480346679688,-1.045454978942871,identifier,filename
97.19062042236328,-28.95952606201172,identifier,s3_key
-36.87700271606445,-143.4793701171875,.,.
74.71166229248047,3.705946207046509,identifier,etag
46.32600784301758,13.933688163757324,"""","'""!""'"
47.183448791503906,149.93975830078125,if,if
97.21771240234375,-29.225128173828125,identifier,s3_key
-37.25226974487305,-142.35397338867188,.,.
74.71393585205078,3.6993539333343506,identifier,etag
-161.763916015625,-6.708018779754639,:,:
27.552770614624023,71.56478881835938,-,-
-6.576506614685059,66.5925064086914,!=,!=
113.12859344482422,8.053801536560059,identifier,hash
-178.86000061035156,-21.973825454711914,:,:
97.40515899658203,-29.394309997558594,identifier,s3_key
-27.573514938354492,-123.72602844238281,.,.
50.85519027709961,-11.914505958557129,identifier,set_contents_from_filename
-75.61615753173828,-43.48970413208008,(,(
4.231642246246338,1.137213945388794,identifier,join
-81.687744140625,-26.571802139282227,(,(
133.69300842285156,36.26191329956055,identifier,path
9.701952934265137,98.49940490722656,",",","
152.44615173339844,-0.2813091278076172,identifier,filename
-96.99816131591797,50.53596115112305,),)
8.362030029296875,117.75203704833984,",",","
63.3813362121582,-7.193422317504883,identifier,md5
113.12908172607422,8.055645942687988,identifier,hash
-62.14932632446289,44.72311019897461,),)
128.87542724609375,111.95693969726562,def,def
39.45451354980469,-24.886430740356445,identifier,insert_many
-82.37434387207031,138.66885375976562,(,(
-1.295922040939331,-204.0701141357422,identifier,self
-33.69210433959961,186.41888427734375,",",","
88.13614654541016,-11.918822288513184,identifier,data_dict
-128.30026245117188,114.5338363647461,),)
-178.11587524414062,25.562545776367188,:,:
75.91424560546875,-68.35686492919922,identifier,c
59.46299362182617,-151.66827392578125,identifier,self
-75.200439453125,-143.6165008544922,.,.
107.71437072753906,2.6502182483673096,identifier,database
-35.699195861816406,-116.62089538574219,.,.
44.006771087646484,-7.226349830627441,identifier,cursor
-92.0523681640625,-57.66379928588867,(,(
-116.5907974243164,61.419376373291016,),)
76.3955078125,-68.23589324951172,identifier,c
-25.337127685546875,-117.169677734375,.,.
19.930437088012695,-30.611995697021484,identifier,execute
-56.619869232177734,-29.169565200805664,(,(
51.04108810424805,8.706053733825684,"""","""BEGIN TRANSACTION;"""
-91.23404693603516,74.21590423583984,),)
-186.19232177734375,-8.384969711303711,:,:
66.75313568115234,132.8940887451172,for,for
122.08096313476562,1.7615195512771606,identifier,streamname
88.15223693847656,-12.064990997314453,identifier,data_dict
-180.1446990966797,-14.899043083190918,:,:
62.591854095458984,150.62277221679688,if,if
122.38526916503906,2.052863836288452,identifier,streamname
62.104156494140625,-150.6322479248047,identifier,self
-67.99725341796875,-140.36912536621094,.,.
79.19445037841797,6.704919338226318,identifier,streams
-165.91026306152344,-27.497661590576172,:,:
31.91905403137207,10.878822326660156,identifier,Exception
-52.81159210205078,-35.42227554321289,(,(
47.7278938293457,5.210962295532227,"""","""The stream '%s' was not found"""
-73.64737701416016,-16.241085052490234,(,(
122.78819274902344,2.4238064289093018,identifier,streamname
-2.579587459564209,107.67311096191406,",",","
-101.31297302246094,43.64362335205078,),)
-67.12326049804688,69.37152862548828,),)
68.56671142578125,131.28054809570312,for,for
104.0392837524414,-43.18251419067383,identifier,dp
88.22909545898438,-12.224105834960938,identifier,data_dict
122.85993194580078,2.4802041053771973,identifier,streamname
-183.2476043701172,-18.407379150390625,:,:
43.21297836303711,-20.75019645690918,identifier,validate
-71.60726928710938,-38.58045959472656,(,(
104.01165008544922,-42.84212875366211,identifier,dp
63.91999053955078,15.6693115234375,"""","""d"""
6.708459854125977,107.74244689941406,",",","
45.566368103027344,-151.21954345703125,identifier,self
-56.78380584716797,-148.21371459960938,.,.
79.19730377197266,6.7034406661987305,identifier,streams
122.96057891845703,2.556234359741211,identifier,streamname
-76.3935546875,71.36396789550781,),)
76.5533447265625,-68.21826171875,identifier,c
-22.08242416381836,-121.04590606689453,.,.
19.92862319946289,-30.613039016723633,identifier,execute
-54.87030792236328,-32.24388122558594,(,(
49.419532775878906,7.668315887451172,"""","""INSERT INTO cache VALUES (?,?,?);"""
7.536931991577148,91.4253921508789,",",","
-75.38169860839844,-11.6590576171875,(,(
123.13141632080078,2.634794235229492,identifier,streamname
4.515804290771484,105.72774505615234,",",","
104.01052856445312,-42.821266174316406,identifier,dp
63.872520446777344,15.835406303405762,"""","""t"""
8.154895782470703,107.729248046875,",",","
104.00125885009766,-42.74967575073242,identifier,dp
64.0019302368164,15.713364601135254,"""","""d"""
-94.4732437133789,44.363677978515625,),)
-70.93675994873047,62.2613525390625,),)
-189.43409729003906,-42.83539962768555,:,:
76.62102508544922,-68.19441986083984,identifier,c
-22.189544677734375,-121.37007141113281,.,.
19.929059982299805,-30.61253547668457,identifier,execute
-55.0073127746582,-32.97939682006836,(,(
51.14530944824219,8.955493927001953,"""","""ROLLBACK;"""
-78.8603286743164,62.42105484008789,),)
76.74503326416016,-68.15589141845703,identifier,c
-23.915674209594727,-125.24286651611328,.,.
53.87384796142578,-6.830928325653076,identifier,exectute
-55.3404426574707,-33.518768310546875,(,(
51.1551399230957,9.00214958190918,"""","""COMMIT;"""
-60.62226867675781,41.4728889465332,),)
130.37704467773438,111.32379150390625,def,def
40.68009567260742,-28.631189346313477,identifier,get_annotation_data_at_time
-82.66751861572266,135.61248779296875,(,(
-1.440199375152588,-205.4116973876953,identifier,self
-33.93572998046875,185.61146545410156,",",","
85.13477325439453,-21.207599639892578,identifier,id_tier
-27.54800033569336,169.14883422851562,",",","
59.91936492919922,48.53398132324219,identifier,time
-125.73162078857422,114.55240631103516,),)
-184.08245849609375,24.67239761352539,:,:
65.96105194091797,155.57928466796875,if,if
60.98749923706055,-146.3764190673828,identifier,self
-72.93841552734375,-141.42762756347656,.,.
71.74547576904297,-34.159236907958984,identifier,tiers
85.265380859375,-21.42904281616211,identifier,id_tier
-163.4833221435547,-26.157861709594727,:,:
61.148643493652344,-154.70428466796875,identifier,self
-74.72879791259766,-150.15899658203125,.,.
56.064212799072266,-14.201663970947266,identifier,get_ref_annotation_at_time
-68.99539947509766,-32.646305084228516,(,(
85.26823425292969,-21.413724899291992,identifier,id_tier
0.6075466871261597,100.5148696899414,",",","
59.8776741027832,48.55546951293945,identifier,time
-85.56189727783203,73.01360321044922,),)
101.30409240722656,-32.8057746887207,identifier,anns
55.836116790771484,-152.20574951171875,identifier,self
-72.91947937011719,-141.45884704589844,.,.
71.74701690673828,-34.15855026245117,identifier,tiers
85.3125991821289,-21.50001335144043,identifier,id_tier
24.41120147705078,-1.775771141052246,identifier,sorted
-92.61775207519531,-39.76902770996094,(,(
-74.66398620605469,-9.447147369384766,(,(
52.16549301147461,-151.0964813232422,identifier,self
-57.21678161621094,-148.91549682617188,.,.
72.8009033203125,-40.858585357666016,identifier,timeslots
96.45915985107422,-55.234371185302734,identifier,m
6.918681621551514,108.54425048828125,",",","
45.48982238769531,-149.78228759765625,identifier,self
-57.0723876953125,-148.94126892089844,.,.
72.82469177246094,-40.872215270996094,identifier,timeslots
96.31356811523438,-55.11252212524414,identifier,m
7.781777381896973,107.95487213134766,",",","
96.18402862548828,-54.988834381103516,identifier,m
-90.21011352539062,62.120025634765625,),)
70.26402282714844,127.18175506591797,for,for
95.32852172851562,-55.393863677978516,identifier,m
101.30632781982422,-32.81277847290039,identifier,anns
-31.322351455688477,-115.40839385986328,.,.
86.74085235595703,57.651546478271484,identifier,values
-83.35084533691406,-64.55899810791016,(,(
-111.85677337646484,56.35337829589844,),)
53.722999572753906,145.2208709716797,if,if
55.46095275878906,-140.234375,identifier,self
-57.400699615478516,-150.08985900878906,.,.
72.82914733886719,-40.87398910522461,identifier,timeslots
96.15515899658203,-55.087806701660156,identifier,m
59.33623123168945,48.78799057006836,identifier,time
27.253995895385742,129.6966552734375,and,and
54.66326141357422,-139.84457397460938,identifier,self
-57.439292907714844,-150.15184020996094,.,.
72.83987426757812,-40.879295349121094,identifier,timeslots
96.20980834960938,-54.9683723449707,identifier,m
59.3653678894043,48.758567810058594,identifier,time
-63.665367126464844,46.126800537109375,),)
125.04876708984375,112.45426177978516,def,def
54.094078063964844,-53.489925384521484,identifier,stack
-81.26054382324219,142.3694305419922,(,(
-2.060521364212036,-202.50416564941406,identifier,self
-31.767786026000977,186.75682067871094,",",","
78.28414154052734,39.29983901977539,identifier,size
-128.2453155517578,116.47502899169922,),)
-179.80433654785156,28.63328742980957,:,:
120.12338256835938,114.81938934326172,def,def
54.47049331665039,-49.73185729980469,identifier,tostacks
-64.59626007080078,-31.47309112548828,(,(
81.80171203613281,2.6779963970184326,identifier,partition
-111.62665557861328,79.76508331298828,),)
-178.95315551757812,-7.499930381774902,:,:
142.20333862304688,23.66586685180664,identifier,keys
117.16996765136719,-34.944297790527344,identifier,arrs
67.64571380615234,133.15789794921875,for,for
147.2523193359375,22.826902389526367,identifier,key
-13.524776458740234,114.41744995117188,",",","
118.05361938476562,-33.33828353881836,identifier,arr
81.80130767822266,2.6772377490997314,identifier,partition
-182.69842529296875,-16.649730682373047,:,:
142.33023071289062,24.017959594726562,identifier,keys
-21.533519744873047,-110.77136993408203,.,.
-11.707219123840332,-56.73301696777344,identifier,append
-77.85975646972656,-32.71169662475586,(,(
147.72256469726562,23.638988494873047,identifier,key
-78.75809478759766,76.88961029052734,),)
117.3492660522461,-34.92043685913086,identifier,arrs
-21.541379928588867,-110.63276672363281,.,.
-11.729004859924316,-56.317806243896484,identifier,append
-78.00843811035156,-32.737037658691406,(,(
118.07059478759766,-33.42271041870117,identifier,arr
-93.43665313720703,67.43055725097656,),)
55.68413543701172,152.91232299804688,if,if
77.48145294189453,39.77526092529297,identifier,size
28.44140625,131.5510711669922,and,and
77.49613952636719,39.767215728759766,identifier,size
-0.9181244373321533,24.44875717163086,identifier,len
-84.97913360595703,-20.49776840209961,(,(
142.54225158691406,24.755775451660156,identifier,keys
-107.60929107666016,75.28752136230469,),)
-171.90866088867188,-18.502605438232422,:,:
-73.90242767333984,-13.095378875732422,(,(
142.79061889648438,24.680774688720703,identifier,keys
0.9078035354614258,107.11148834228516,",",","
29.67606544494629,-11.676044464111328,identifier,asarray
-79.7460708618164,-24.557130813598633,(,(
117.89544677734375,-34.72944259643555,identifier,arrs
-99.62733459472656,47.893768310546875,),)
-71.52222442626953,68.61100769042969,),)
142.76571655273438,24.390445709228516,identifier,keys
-11.662605285644531,117.95635223388672,",",","
117.48355102539062,-34.86319351196289,identifier,arrs
-5.728572845458984,117.73739624023438,",",","
51.15681457519531,152.2326202392578,if,if
142.4365234375,24.810829162597656,identifier,keys
-175.67294311523438,-26.225847244262695,:,:
-73.99077606201172,-13.099257469177246,(,(
142.91455078125,24.81431770324707,identifier,keys
1.0022034645080566,107.22725677490234,",",","
29.67554473876953,-11.675929069519043,identifier,asarray
-79.9036636352539,-24.619548797607422,(,(
117.969970703125,-34.71350860595703,identifier,arrs
-99.2175521850586,48.29402160644531,),)
-71.93242645263672,67.55023193359375,),)
84.7646713256836,-35.82991409301758,identifier,rdd
57.5870361328125,-156.5811309814453,identifier,self
-72.05513763427734,-153.22732543945312,.,.
60.81731414794922,-17.663095474243164,identifier,_rdd
-31.81305694580078,-120.54833984375,.,.
33.334041595458984,-15.558951377868652,identifier,mapPartitions
-78.479736328125,-38.2695198059082,(,(
54.47677993774414,-49.72907638549805,identifier,tostacks
-79.87692260742188,61.49605178833008,),)
58.343421936035156,-157.82542419433594,identifier,self
-72.79268646240234,-154.0386199951172,.,.
58.544708251953125,-21.421833038330078,identifier,_constructor
-78.18795776367188,-42.886295318603516,(,(
84.76197814941406,-35.83717346191406,identifier,rdd
-101.0970230102539,61.82080841064453,),)
-41.38573455810547,-101.91746520996094,.,.
43.76043701171875,41.15534210205078,identifier,__finalize__
-79.37057495117188,-45.8028450012207,(,(
47.56770324707031,-158.6741180419922,identifier,self
-63.032737731933594,41.08308029174805,),)
122.00261688232422,105.06300354003906,def,def
39.897064208984375,-28.738080978393555,identifier,get_initial_state_args
-85.72036743164062,136.0877685546875,(,(
76.25785064697266,-16.34688949584961,identifier,value_and_gradients_function
-30.04140853881836,169.5065460205078,",",","
98.35697937011719,-0.4311105012893677,identifier,initial_position
-30.603239059448242,168.6584014892578,",",","
77.58441162109375,-14.978924751281738,identifier,grad_tolerance
-32.323326110839844,167.0564422607422,",",","
71.14342498779297,-30.643386840820312,identifier,control_inputs
-122.84273529052734,110.8090591430664,),)
-183.54490661621094,22.759843826293945,:,:
64.76165008544922,155.47134399414062,if,if
70.98303985595703,-30.616540908813477,identifier,control_inputs
-166.4952850341797,-21.21413803100586,:,:
45.80842208862305,-76.67630767822266,identifier,tf
-42.233680725097656,-119.35791778564453,.,.
70.19671630859375,-30.506521224975586,identifier,control_dependencies
-68.16773986816406,-30.078683853149414,(,(
70.91020965576172,-30.605018615722656,identifier,control_inputs
-111.19042205810547,77.52847290039062,),)
-172.90890502929688,-14.10214614868164,:,:
85.64790344238281,-47.363685607910156,identifier,f0
-13.956710815429688,117.163330078125,",",","
83.83354949951172,-49.27174377441406,identifier,df0
75.88839721679688,-16.514570236206055,identifier,value_and_gradients_function
-68.67940521240234,-31.116168975830078,(,(
98.568603515625,-0.525759220123291,identifier,initial_position
-89.94216918945312,56.971439361572266,),)
32.31696319580078,171.79981994628906,else,else
-185.76907348632812,-36.97609329223633,:,:
85.63639068603516,-47.37894821166992,identifier,f0
-13.842617988586426,117.18214416503906,",",","
83.88573455810547,-49.29930114746094,identifier,df0
75.86363983154297,-16.517181396484375,identifier,value_and_gradients_function
-68.84564208984375,-31.29629135131836,(,(
98.59963989257812,-0.5326661467552185,identifier,initial_position
-84.67425537109375,75.4831314086914,),)
88.77106475830078,-51.69682693481445,identifier,converged
46.55412673950195,-31.365678787231445,identifier,norm
-72.77693176269531,-33.74750518798828,(,(
84.08668518066406,-49.3951301574707,identifier,df0
1.7492247819900513,114.70602416992188,",",","
67.87360382080078,-36.85944747924805,identifier,dims
-103.19174194335938,69.29466247558594,),)
-8.385310173034668,76.41603088378906,<,<
77.58517456054688,-14.966289520263672,identifier,grad_tolerance
15.032541275024414,-0.7919154167175293,identifier,dict
-69.13916015625,-48.232032775878906,(,(
88.90679931640625,-51.77161407470703,identifier,converged
89.050048828125,-51.83918762207031,identifier,converged
5.223625659942627,117.96373748779297,",",","
40.86180114746094,1.9339909553527832,identifier,failed
46.387535095214844,-76.88849639892578,identifier,tf
-42.97797393798828,-117.76903533935547,.,.
37.000030517578125,-10.227750778198242,identifier,zeros_like
-79.08316040039062,-27.41329002380371,(,(
89.14039611816406,-51.884647369384766,identifier,converged
-98.13990020751953,51.51590347290039,),)
5.701247692108154,123.18209075927734,",",","
75.23892974853516,-6.620853900909424,identifier,num_iterations
46.817222595214844,-77.3191909790039,identifier,tf
-42.543663024902344,-117.81586456298828,.,.
37.5018424987793,-12.200661659240723,identifier,convert_to_tensor
-63.6690673828125,-44.69337844848633,(,(
95.47456359863281,60.79830551147461,identifier,value
-96.7061538696289,52.569244384765625,),)
5.811995506286621,123.08670806884766,",",","
75.50272369384766,-6.888455390930176,identifier,num_objective_evaluations
46.88709259033203,-77.50456237792969,identifier,tf
-42.56955337524414,-117.89020538330078,.,.
37.44562911987305,-12.118370056152344,identifier,convert_to_tensor
-63.61060333251953,-44.74984359741211,(,(
95.21031188964844,60.81040954589844,identifier,value
-96.66748046875,52.53047180175781,),)
6.452115535736084,122.3762435913086,",",","
90.27184295654297,10.042322158813477,identifier,position
98.71133422851562,-0.5375884771347046,identifier,initial_position
7.575204849243164,120.36746978759766,",",","
76.11124420166016,-7.27773380279541,identifier,objective_value
85.62226867675781,-47.397945404052734,identifier,f0
8.154626846313477,120.18292999267578,",",","
76.2126235961914,-7.360042572021484,identifier,objective_gradient
84.2823715209961,-49.491188049316406,identifier,df0
-60.43535614013672,45.00335693359375,),)
130.10523986816406,109.69832611083984,def,def
39.44401168823242,-28.083295822143555,identifier,_read_commits_from_pack
-82.96881103515625,135.88275146484375,(,(
-2.0412425994873047,-206.70343017578125,identifier,self
-33.228919982910156,186.0966339111328,",",","
104.73967742919922,-1.4868077039718628,identifier,packet_name
-127.93504333496094,115.19113159179688,),)
-176.17477416992188,25.329004287719727,:,:
132.99024963378906,29.938091278076172,identifier,filepath
60.11791229248047,6.596909999847412,"""",'objects/pack/pack-'
-28.722063064575195,93.62454223632812,+,+
104.74478149414062,-1.4771335124969482,identifier,packet_name
77.98684692382812,-10.684107780456543,identifier,cmd_verify_pack
61.90574645996094,6.353930950164795,"""",'git'
-6.956066131591797,101.73807525634766,",",","
60.44778823852539,6.711430549621582,"""",'verify-pack'
-7.068653106689453,101.97801208496094,",",","
53.2218132019043,8.681458473205566,"""",'-v'
-7.400063514709473,102.72613525390625,",",","
132.99459838867188,29.946592330932617,identifier,filepath
109.79085540771484,-50.62485122680664,identifier,outs
58.772613525390625,-155.02011108398438,identifier,self
-74.3162612915039,-151.8236083984375,.,.
54.66257095336914,-22.757169723510742,identifier,_exec
-68.22710418701172,-36.4670524597168,(,(
78.0442886352539,-10.694306373596191,identifier,cmd_verify_pack
1.5498160123825073,113.66985321044922,",",","
85.27934265136719,8.684751510620117,identifier,cwd
47.91291046142578,-152.68934631347656,identifier,self
-61.93825912475586,-139.8633575439453,.,.
86.23667907714844,10.04187297821045,identifier,dirpath
2.5482678413391113,120.822021484375,",",","
101.7746810913086,-8.157600402832031,identifier,env
47.15514373779297,-152.85633850097656,identifier,self
-61.64044189453125,-140.3719940185547,.,.
61.92033386230469,5.987943172454834,identifier,gitenv
-84.45071411132812,71.99984741210938,),)
109.80854797363281,-50.60942459106445,identifier,outs
109.83204650878906,-50.586456298828125,identifier,outs
-31.949474334716797,-109.068115234375,.,.
21.380964279174805,-15.880346298217773,identifier,decode
-60.84739303588867,-26.7091007232666,(,(
54.70946502685547,18.305803298950195,"""",'utf-8'
-0.0011718522291630507,114.72921752929688,",",","
55.32341766357422,-63.98788070678711,identifier,errors
57.552452087402344,4.145308971405029,"""",'surrogateescape'
-100.51524353027344,65.1580810546875,),)
-38.411964416503906,-104.40099334716797,.,.
36.427120208740234,19.1486759185791,identifier,rstrip
-83.6273422241211,-60.356693267822266,(,(
-113.4605712890625,60.918609619140625,),)
120.08309936523438,-71.76747131347656,identifier,lines
117.42342376708984,-66.96244049072266,identifier,line
-30.85886001586914,-107.7793197631836,.,.
9.198925018310547,9.619786262512207,identifier,split
-60.463748931884766,-22.04476547241211,(,(
50.2546272277832,20.499813079833984,"""",' '
-93.46014404296875,62.385189056396484,),)
70.30952453613281,126.57677459716797,for,for
117.39827728271484,-67.2707748413086,identifier,line
109.83141326904297,-50.587650299072266,identifier,outs
-30.680574417114258,-108.00446319580078,.,.
9.025355339050293,9.49477767944336,identifier,split
-60.36397933959961,-22.000335693359375,(,(
45.60072326660156,18.542490005493164,"""",'\n'
-98.64259338378906,53.55801010131836,),)
105.17493438720703,-48.742149353027344,identifier,commits
127.3907241821289,-41.834224700927734,identifier,parts
69.34961700439453,127.19821166992188,for,for
128.11544799804688,-41.521278381347656,identifier,parts
118.04249572753906,-71.80787658691406,identifier,lines
54.22989273071289,144.52772521972656,if,if
127.74504852294922,-40.7138786315918,identifier,parts
-12.778064727783203,61.387359619140625,==,==
61.732810974121094,18.16278839111328,"""",'commit'
105.17247772216797,-48.74562072753906,identifier,commits
-20.084007263183594,-115.34679412841797,.,.
41.77729415893555,-6.210360050201416,identifier,reverse
-82.35961151123047,-56.1310920715332,(,(
-75.72136688232422,57.04551696777344,),)
105.17367553710938,-48.75717544555664,identifier,commits
120.55030059814453,107.9041748046875,def,def
110.00545501708984,-41.34309005737305,identifier,evaluation
-83.22203063964844,144.56358337402344,(,(
110.05376434326172,-38.24473190307617,identifier,evaluation_id
-130.25360107421875,116.86024475097656,),)
-175.51707458496094,26.549837112426758,:,:
108.62907409667969,-38.083011627197266,identifier,evaluation_obj
47.193145751953125,-60.53611755371094,identifier,store
-38.602500915527344,-118.46637725830078,.,.
50.21763229370117,-16.71918296813965,identifier,get_evaluation
-69.23214721679688,-28.935073852539062,(,(
109.9965591430664,-38.2652473449707,identifier,evaluation_id
-86.63436889648438,76.7499008178711,),)
49.32667922973633,-1.0439999103546143,identifier,controllers
-37.757652282714844,-119.14091491699219,.,.
109.98667907714844,-41.324527740478516,identifier,evaluation
-67.11485290527344,-35.54222106933594,(,(
47.45545196533203,-60.98529052734375,identifier,store
0.42310240864753723,102.22594451904297,",",","
108.49830627441406,-38.60430145263672,identifier,evaluation_obj
-90.16651916503906,70.67416381835938,),)
59.7010383605957,154.7607421875,if,if
89.82820892333984,18.2463321685791,identifier,request
-42.88941192626953,-129.3988494873047,.,.
95.62969207763672,18.555252075195312,identifier,method
-14.17684555053711,59.432289123535156,==,==
61.053810119628906,11.1874418258667,"""",'POST'
-165.09117126464844,-16.76043128967285,:,:
45.30291748046875,28.658782958984375,identifier,link
49.720062255859375,-9.169435501098633,identifier,url_for
-60.15012741088867,-34.72615051269531,(,(
54.771812438964844,11.11793041229248,"""",'.variant'
-0.6604742407798767,114.06599426269531,",",","
78.06771850585938,-32.64335632324219,identifier,institute_id
107.08126068115234,-38.82307434082031,identifier,evaluation_obj
66.54076385498047,7.630359649658203,"""",'institute'
67.7571792602539,12.130188941955566,"""",'_id'
2.4435219764709473,122.85088348388672,",",","
106.13916015625,-3.68863844871521,identifier,case_name
107.12520599365234,-38.90357971191406,identifier,evaluation_obj
65.18872833251953,14.670609474182129,"""",'case'
65.86454010009766,10.05172061920166,"""",'display_name'
2.245435953140259,122.78041076660156,",",","
114.51512145996094,-5.777130126953125,identifier,variant_id
107.20263671875,-38.95182418823242,identifier,evaluation_obj
65.62897491455078,11.387858390808105,"""",'variant_specific'
-73.91419982910156,70.14064025878906,),)
47.4808235168457,-60.140811920166016,identifier,store
-27.839092254638672,-120.858642578125,.,.
50.1828498840332,-16.658905029296875,identifier,delete_evaluation
-75.94367980957031,-35.88399124145508,(,(
108.28314971923828,-38.90074157714844,identifier,evaluation_obj
-81.63194274902344,62.92115020751953,),)
46.53041458129883,-3.3286855220794678,identifier,redirect
-75.78398132324219,-36.07759475708008,(,(
45.293731689453125,28.629863739013672,identifier,link
-81.28604125976562,62.53801727294922,),)
15.060019493103027,-0.8226484060287476,identifier,dict
-69.22087860107422,-48.07499694824219,(,(
109.87384796142578,-41.19059753417969,identifier,evaluation
108.0547103881836,-39.49053192138672,identifier,evaluation_obj
5.955328941345215,118.16508483886719,",",","
78.70374298095703,-33.45014953613281,identifier,institute
107.2737045288086,-39.55567932128906,identifier,evaluation_obj
66.53099060058594,7.6519880294799805,"""",'institute'
7.345717906951904,122.51165771484375,",",","
74.74117279052734,17.221494674682617,identifier,case
107.26335144042969,-39.58420181274414,identifier,evaluation_obj
65.26191711425781,14.7748384475708,"""",'case'
7.338308334350586,122.22748565673828,",",","
117.0304183959961,-3.779780387878418,identifier,variant
107.14024353027344,-39.7239875793457,identifier,evaluation_obj
65.61347961425781,11.932132720947266,"""",'variant'
8.16740894317627,122.05792236328125,",",","
61.44252395629883,-2.2603747844696045,identifier,CRITERIA
61.21917724609375,-2.461449384689331,identifier,ACMG_CRITERIA
-60.33306121826172,44.54767990112305,),)
129.65225219726562,113.35237121582031,def,def
41.48582077026367,-31.676937103271484,identifier,encrypt_password
-82.29586791992188,137.8905029296875,(,(
-1.0845729112625122,-204.3577423095703,identifier,self
-33.04819869995117,185.0258331298828,",",","
110.47240447998047,11.667108535766602,identifier,email
-27.104190826416016,170.36802673339844,",",","
121.10059356689453,20.559694290161133,identifier,password
-125.79108428955078,116.19770812988281,),)
-176.48695373535156,25.430721282958984,:,:
114.7613296508789,44.9404411315918,identifier,res
59.340599060058594,-151.09400939941406,identifier,self
-74.78795623779297,-144.32359313964844,.,.
5.654662609100342,-11.749009132385254,identifier,session
-42.30232620239258,-123.82887268066406,.,.
31.829692840576172,-1.7424005270004272,identifier,http
-36.6995735168457,-115.39481353759766,.,.
5.278756141662598,-28.80218505859375,identifier,get
-65.41304779052734,-35.82367706298828,(,(
50.397647857666016,-151.8069610595703,identifier,self
-68.3927230834961,-148.93263244628906,.,.
61.924095153808594,-13.448140144348145,identifier,_get_rsa_key_url
0.8115642666816711,112.98829650878906,",",","
71.71568298339844,43.84390640258789,identifier,params
14.744589805603027,-0.30447039008140564,identifier,dict
-73.80538177490234,-21.02299690246582,(,(
127.48225402832031,16.021677017211914,identifier,username
110.8219223022461,11.69371509552002,identifier,email
2.156214952468872,117.11658477783203,",",","
72.38700866699219,-13.441994667053223,identifier,donotcache
47.53960037231445,-152.39801025390625,identifier,self
-61.45478820800781,-141.04627990722656,.,.
72.38147735595703,-13.436882972717285,identifier,donotcache
-99.16911315917969,43.63487243652344,),)
-69.48873138427734,70.95501708984375,),)
93.79763793945312,-37.647193908691406,identifier,rsadata
56.75102996826172,-152.32386779785156,identifier,self
-74.33785247802734,-144.76620483398438,.,.
5.566454887390137,-11.853418350219727,identifier,session
-42.28136444091797,-123.84373474121094,.,.
31.831193923950195,-1.7407803535461426,identifier,http
-37.49787139892578,-115.73079681396484,.,.
24.714426040649414,22.147119522094727,identifier,json
-68.34361267089844,-37.296356201171875,(,(
114.19108581542969,44.94091033935547,identifier,res
2.730653762817383,114.02162170410156,",",","
79.66688537597656,27.32697105407715,identifier,schema
46.96883010864258,-152.86378479003906,identifier,self
-66.9572525024414,-149.1143035888672,.,.
62.08298873901367,-13.465717315673828,identifier,_rsa_key_schema
-83.38243865966797,72.3291244506836,),)
81.93184661865234,8.717687606811523,identifier,rsa
81.81620788574219,8.745094299316406,identifier,RSA
-38.69198226928711,-116.17457580566406,.,.
58.677188873291016,-21.716306686401367,identifier,construct
-89.3028793334961,-37.47026443481445,(,(
-74.52467346191406,-10.093745231628418,(,(
94.07315063476562,-37.642669677734375,identifier,rsadata
65.27616119384766,6.410733699798584,"""","""publickey_mod"""
7.165708065032959,108.07478332519531,",",","
94.1263198852539,-37.64706039428711,identifier,rsadata
65.30438995361328,6.397259712219238,"""","""publickey_exp"""
-94.75284576416016,43.75896453857422,),)
-70.78801727294922,67.95906829833984,),)
83.09942626953125,-23.103086471557617,identifier,cipher
62.777381896972656,-7.3390655517578125,identifier,PKCS1_v1_5
-31.625242233276367,-118.21553039550781,.,.
93.67757415771484,8.821200370788574,identifier,new
-77.44650268554688,-35.513973236083984,(,(
81.93441772460938,8.717033386230469,identifier,rsa
-80.48482513427734,62.213035583496094,),)
57.648414611816406,24.588794708251953,identifier,base64
-33.15026092529297,-123.48745727539062,.,.
56.183204650878906,24.185077667236328,identifier,b64encode
-85.4262466430664,-38.527610778808594,(,(
83.09989166259766,-23.102622985839844,identifier,cipher
-30.401220321655273,-121.0085220336914,.,.
45.071109771728516,24.16386604309082,identifier,encrypt
-90.43682861328125,-29.066049575805664,(,(
121.87138366699219,20.664966583251953,identifier,password
-27.714059829711914,-107.47805786132812,.,.
20.320842742919922,-13.259275436401367,identifier,encode
-61.750667572021484,-19.989858627319336,(,(
54.96567916870117,18.894697189331055,"""","""utf8"""
-100.49850463867188,51.31150817871094,),)
-92.22862243652344,46.49701690673828,),)
-91.30235290527344,47.10573959350586,),)
13.875598907470703,112.27233123779297,",",","
94.16169738769531,-37.65127944946289,identifier,rsadata
70.1061782836914,17.636547088623047,"""","""timestamp"""
122.79360961914062,107.84368896484375,def,def
39.64131546020508,-30.244760513305664,identifier,process_data
-84.88529205322266,143.0983123779297,(,(
143.65525817871094,-54.78272247314453,identifier,rho
-130.172119140625,118.21137237548828,),)
-176.62203979492188,27.963865280151367,:,:
65.70384216308594,-72.31390380859375,identifier,result
14.439118385314941,-0.30034682154655457,identifier,dict
-94.0509262084961,-57.499244689941406,(,(
-117.68758392333984,61.474815368652344,),)
121.32148742675781,13.049466133117676,identifier,num
27.99785614013672,31.35572052001953,identifier,int
-90.08135986328125,-34.273902893066406,(,(
49.88639450073242,-128.47398376464844,identifier,np
-44.27092361450195,-115.67095184326172,.,.
33.61457443237305,-12.453666687011719,identifier,log2
-92.40483093261719,-32.35640335083008,(,(
-1.9587287902832031,24.14520263671875,identifier,len
-81.05022430419922,-22.0264892578125,(,(
143.81968688964844,-54.37034606933594,identifier,rho
-101.87157440185547,47.62370681762695,),)
-92.21896362304688,42.40070343017578,),)
-70.26673889160156,70.52933502197266,),)
132.71202087402344,-22.342254638671875,identifier,labels
20.10745620727539,0.7952693700790405,identifier,list
-90.25313568115234,-35.97840118408203,(,(
30.897624969482422,-16.206485748291016,identifier,map
-92.41381072998047,-35.289878845214844,(,(
74.83783721923828,58.87379837036133,identifier,x
-170.67788696289062,-6.80040168762207,:,:
74.972900390625,59.558204650878906,identifier,x
-35.18058395385742,-128.91452026367188,.,.
39.72111892700195,-10.993431091308594,identifier,to_label
-88.60861206054688,-63.35334396362305,(,(
-112.64482879638672,49.62871170043945,),)
6.883513450622559,109.76403045654297,",",","
70.27989959716797,-15.180976867675781,identifier,pauli_group
-76.74474334716797,-25.72290802001953,(,(
121.08753967285156,13.964513778686523,identifier,num
-100.32984924316406,47.06313705444336,),)
-92.29521179199219,42.757266998291016,),)
-70.44629669189453,69.5721435546875,),)
89.02336120605469,58.30508041381836,identifier,values
20.117918014526367,0.8448730707168579,identifier,list
-90.20846557617188,-36.15647506713867,(,(
30.889999389648438,-16.195537567138672,identifier,map
-92.37747192382812,-35.39201354980469,(,(
74.91142272949219,59.005577087402344,identifier,x
-170.77340698242188,-6.815749645233154,:,:
49.270538330078125,-126.71862030029297,identifier,np
-45.41558074951172,-114.9850082397461,.,.
93.74390411376953,-8.895591735839844,identifier,real
-92.57022094726562,-30.431987762451172,(,(
48.81486892700195,-127.44824981689453,identifier,np
-45.71452331542969,-115.34217834472656,.,.
44.282264709472656,-41.8006706237793,identifier,trace
-92.3812026977539,-30.192909240722656,(,(
48.76554489135742,-127.88400268554688,identifier,np
-45.8349723815918,-115.65534973144531,.,.
38.44846725463867,-9.550055503845215,identifier,dot
-92.16114044189453,-29.732223510742188,(,(
74.97876739501953,59.60964584350586,identifier,x
-35.15576934814453,-128.90042114257812,.,.
38.94963455200195,-10.4941987991333,identifier,to_matrix
-88.4102554321289,-65.42743682861328,(,(
-111.81700134277344,48.863704681396484,),)
8.757453918457031,109.3290023803711,",",","
144.23159790039062,-54.16025924682617,identifier,rho
-96.55171966552734,46.078819274902344,),)
-91.72628784179688,44.28507614135742,),)
-90.53617858886719,44.81032943725586,),)
10.736674308776855,110.8324966430664,",",","
70.28665161132812,-15.185388565063477,identifier,pauli_group
-76.99139404296875,-25.84386444091797,(,(
121.08837127685547,13.965599060058594,identifier,num
-97.26455688476562,47.082923889160156,),)
-92.4263687133789,43.517581939697266,),)
-70.41619110107422,63.41531753540039,),)
69.96971893310547,131.11639404296875,for,for
90.28517150878906,10.03305435180664,identifier,position
-13.471878051757812,112.84016418457031,",",","
133.5914306640625,-20.78458023071289,identifier,label
23.140954971313477,13.396682739257812,identifier,enumerate
-83.54150390625,-26.966136932373047,(,(
132.7266845703125,-22.316329956054688,identifier,labels
-105.29471588134766,75.3603744506836,),)
-180.91639709472656,-18.859050750732422,:,:
66.29218292236328,-72.73777770996094,identifier,result
133.59170532226562,-20.785465240478516,identifier,label
89.02430725097656,58.307823181152344,identifier,values
90.28701782226562,10.027185440063477,identifier,position
66.90159606933594,-73.23384857177734,identifier,result
129.71188354492188,115.78495025634766,def,def
37.13093185424805,-35.56991958618164,identifier,var
-77.53258514404297,139.33749389648438,(,(
-2.69909405708313,-202.39044189453125,identifier,self
-36.42087173461914,183.75692749023438,",",","
67.72713470458984,56.02293014526367,identifier,y
-37.09580993652344,157.8079376220703,",",","
74.91039276123047,-13.628094673156738,identifier,na_rm
-35.359100341796875,157.49986267089844,",",","
105.36497497558594,11.666245460510254,identifier,use
-123.53669738769531,111.17377471923828,),)
-179.78701782226562,23.534883499145508,:,:
89.12478637695312,27.30779266357422,identifier,symmetric
60.33538818359375,156.9311065673828,if,if
67.25536346435547,56.14167022705078,identifier,y
-167.84422302246094,-14.95059871673584,:,:
67.50477600097656,56.11871337890625,identifier,y
60.26374435424805,-149.0650634765625,identifier,self
89.06965637207031,27.321876525878906,identifier,symmetric
59.498966217041016,156.86940002441406,if,if
105.38634490966797,11.706019401550293,identifier,use
-167.65203857421875,-15.405277252197266,:,:
105.43054962158203,11.66360855102539,identifier,use
55.91023254394531,6.137645244598389,"""","""complete.obs"""
58.67055892944336,145.5958709716797,if,if
74.900146484375,-13.625144958496094,identifier,na_rm
27.772260665893555,172.41250610351562,else,else
57.404544830322266,8.258465766906738,"""","""everything"""
54.646114349365234,154.8142547607422,if,if
59.4044303894043,-143.96568298339844,identifier,self
-66.05379486083984,-142.59349060058594,.,.
71.47589874267578,-3.272144317626953,identifier,nrow
-13.552021026611328,62.763267517089844,==,==
33.73579025268555,126.90034484863281,or,or
-72.26438903808594,-13.850221633911133,(,(
50.168914794921875,-148.32626342773438,identifier,self
-65.74748992919922,-142.61378479003906,.,.
71.72279357910156,-3.275312900543213,identifier,ncol
-13.123578071594238,63.18436050415039,==,==
28.070999145507812,129.61538696289062,and,and
67.08497619628906,56.60162353515625,identifier,y
-42.58018493652344,-136.743896484375,.,.
71.80616760253906,-3.278538703918457,identifier,ncol
-13.255658149719238,63.21866989135742,==,==
-108.45191955566406,76.01408386230469,),)
-167.58749389648438,-27.064607620239258,:,:
56.20275115966797,-27.95586585998535,identifier,ExprNode
-59.8555908203125,-36.453514099121094,(,(
61.60425567626953,12.75314712524414,"""","""var"""
5.980177402496338,94.63594055175781,",",","
46.44071578979492,-157.49977111816406,identifier,self
14.671021461486816,98.50442504882812,",",","
67.50487518310547,56.76499938964844,identifier,y
5.6412577629089355,101.38329315185547,",",","
105.07731628417969,11.864884376525879,identifier,use
5.412935256958008,100.98475646972656,",",","
88.91939544677734,27.358064651489258,identifier,symmetric
-100.35945129394531,63.651161193847656,),)
-41.656124114990234,-102.90731048583984,.,.
53.92122268676758,-12.40538501739502,identifier,_eager_scalar
-86.74835205078125,-57.79831314086914,(,(
-112.81375885009766,59.48719787597656,),)
53.32744216918945,-0.9771708250045776,identifier,H2OFrame
-31.84140396118164,-123.03319549560547,.,.
56.66868209838867,-22.3599853515625,identifier,_expr
-68.1481704711914,-45.038448333740234,(,(
56.6932258605957,-22.922950744628906,identifier,expr
56.20580291748047,-27.949180603027344,identifier,ExprNode
-59.88055419921875,-36.617984771728516,(,(
61.6439094543457,12.804730415344238,"""","""var"""
6.214955806732178,94.69284057617188,",",","
46.576568603515625,-157.6962432861328,identifier,self
14.460800170898438,98.79249572753906,",",","
67.4781723022461,56.8994255065918,identifier,y
13.07516098022461,99.40106201171875,",",","
104.98542785644531,11.915117263793945,identifier,use
12.606704711914062,99.33255767822266,",",","
88.88349914550781,27.365610122680664,identifier,symmetric
-95.12908935546875,47.972476959228516,),)
-99.00312805175781,67.27427673339844,),)
-41.5098991394043,-102.08027648925781,.,.
56.903663635253906,-21.315767288208008,identifier,_frame
-81.3415756225586,-53.90146255493164,(,(
-63.78522491455078,39.71878433227539,),)
128.9329071044922,114.63449096679688,def,def
33.40036392211914,-36.046974182128906,identifier,pause
-79.29134368896484,138.3021240234375,(,(
-2.406003475189209,-203.84140014648438,identifier,self
-34.367332458496094,183.55123901367188,",",","
65.675048828125,28.23511505126953,identifier,signum
-33.17900085449219,170.23643493652344,",",","
114.42405700683594,20.07941246032715,identifier,seconds
-35.22195053100586,158.3301239013672,",",","
88.33735656738281,-5.349210262298584,identifier,callback_function
-124.04122161865234,111.19270324707031,),)
-182.831298828125,23.847837448120117,:,:
64.14380645751953,157.32313537597656,if,if
88.36476135253906,-5.282434940338135,identifier,callback_function
-168.36453247070312,-15.54846477508545,:,:
88.37550354003906,-5.209084510803223,identifier,callback_function
59.26716995239258,-152.51113891601562,identifier,self
-70.37226104736328,-141.18389892578125,.,.
58.54878616333008,-24.805810928344727,identifier,default_handler
54.08063888549805,156.56996154785156,if,if
114.43341064453125,20.082611083984375,identifier,seconds
-7.972612380981445,72.83538818359375,>,>
-168.88320922851562,-19.189090728759766,:,:
65.93647003173828,-139.67173767089844,identifier,self
-73.48094940185547,-158.5290069580078,.,.
16.428922653198242,-53.08420181274414,identifier,log
-14.168163299560547,-121.4737777709961,.,.
-27.513744354248047,-28.891172409057617,identifier,info
-51.46547317504883,-30.969297409057617,(,(
52.10177993774414,2.4562489986419678,"""","""Signal handler pausing for {0} seconds or until it receives SIGALRM or SIGCONT"""
-26.499801635742188,-96.99413299560547,.,.
15.92797565460205,59.7752685546875,identifier,format
-76.26981353759766,-19.571393966674805,(,(
114.43585205078125,20.07598876953125,identifier,seconds
-100.3398666381836,46.22053527832031,),)
-71.920166015625,69.79185485839844,),)
106.42921447753906,-78.78491973876953,identifier,signal
-21.751123428344727,-118.3927230834961,.,.
105.57462310791016,-79.64669799804688,identifier,signal
-69.74689483642578,-40.12759017944336,(,(
105.556396484375,-78.45851135253906,identifier,signal
-48.03725814819336,-136.7328643798828,.,.
61.13484191894531,1.9815778732299805,identifier,SIGALRM
7.0342912673950195,102.32243347167969,",",","
88.3808364868164,-4.459116458892822,identifier,callback_function
-78.31613159179688,71.68852996826172,),)
106.105224609375,-78.62295532226562,identifier,signal
-22.87126922607422,-119.10649108886719,.,.
52.707984924316406,2.8849570751190186,identifier,alarm
-76.71592712402344,-34.48592758178711,(,(
114.43569946289062,20.0775203704834,identifier,seconds
-88.18215942382812,58.364192962646484,),)
33.440635681152344,173.6587677001953,else,else
-186.663818359375,-39.20988082885742,:,:
65.53976440429688,-138.60890197753906,identifier,self
-72.952392578125,-158.89581298828125,.,.
16.291059494018555,-53.56710433959961,identifier,log
-14.657360076904297,-121.76385498046875,.,.
-27.846025466918945,-28.491697311401367,identifier,info
-51.469337463378906,-32.64329147338867,(,(
52.335166931152344,2.3211822509765625,"""",'Signal handler pausing until it receives SIGALRM or SIGCONT'
-81.62741088867188,66.2963638305664,),)
106.2430191040039,-78.6677017211914,identifier,signal
-21.771739959716797,-118.4913558959961,.,.
105.56961822509766,-79.64434051513672,identifier,signal
-69.8055648803711,-40.172428131103516,(,(
105.57817077636719,-78.38085174560547,identifier,signal
-48.07504653930664,-136.73486328125,.,.
59.948036193847656,2.1853206157684326,identifier,SIGCONT
7.272634029388428,102.17800903320312,",",","
88.38794708251953,-4.369948387145996,identifier,callback_function
-78.49779510498047,70.88694763183594,),)
106.152099609375,-78.44410705566406,identifier,signal
-22.69529914855957,-119.26307678222656,.,.
33.3817138671875,-36.068973541259766,identifier,pause
-85.34867095947266,-57.58089828491211,(,(
-111.15194702148438,59.79767608642578,),)
64.85011291503906,-136.62188720703125,identifier,self
-72.48233032226562,-159.8323974609375,.,.
15.934104919433594,-53.856056213378906,identifier,log
-15.309513092041016,-122.17578887939453,.,.
-28.09868621826172,-28.285324096679688,identifier,info
-50.90732955932617,-32.95868682861328,(,(
46.71665573120117,0.14750750362873077,"""",'Signal handler resuming from pause'
-81.91234588623047,56.82429122924805,),)
51.014808654785156,147.37953186035156,if,if
65.6739273071289,28.23240089416504,identifier,signum
-10.39129638671875,61.389305114746094,==,==
105.84708404541016,-77.9576187133789,identifier,signal
-51.8260498046875,-135.96524047851562,.,.
61.15724563598633,1.9807891845703125,identifier,SIGALRM
-169.50489807128906,-31.144760131835938,:,:
33.43488693237305,177.37872314453125,else,else
-186.78390502929688,-42.63444137573242,:,:
121.30199432373047,106.94860076904297,def,def
38.824581146240234,-32.74998474121094,identifier,execute_pipeline
-84.03411865234375,135.7940216064453,(,(
140.0274658203125,-19.736583709716797,identifier,pipeline
-34.2952880859375,172.25787353515625,",",","
99.97451782226562,-8.592411041259766,identifier,environment_dict
-37.77137756347656,157.44155883789062,",",","
100.37670135498047,-11.599601745605469,identifier,run_config
-122.35475158691406,111.10498809814453,),)
-175.20895385742188,24.039976119995117,:,:
47.26515579223633,-38.206912994384766,identifier,check
-39.7315673828125,-119.35796356201172,.,.
60.25875473022461,-13.897505760192871,identifier,inst_param
-66.96456146240234,-31.493186950683594,(,(
139.84976196289062,-19.518537521362305,identifier,pipeline
-4.894156455993652,99.41471862792969,",",","
63.920162200927734,10.786861419677734,"""",'pipeline'
2.378838062286377,94.85287475585938,",",","
58.586021423339844,-7.111693859100342,identifier,PipelineDefinition
-87.9022445678711,75.49040985107422,),)
100.38097381591797,-8.817744255065918,identifier,environment_dict
47.269962310791016,-38.20952224731445,identifier,check
-39.7169189453125,-119.37964630126953,.,.
59.89717483520508,-13.87807846069336,identifier,opt_dict_param
-67.3396224975586,-31.425207138061523,(,(
100.26365661621094,-9.238753318786621,identifier,environment_dict
-4.889796733856201,99.15039825439453,",",","
64.65982818603516,9.536834716796875,"""",'environment_dict'
-88.3769760131836,76.55284118652344,),)
100.35407257080078,-11.78116512298584,identifier,run_config
59.306522369384766,-13.887552261352539,identifier,check_run_config_param
-67.9532241821289,-31.191532135009766,(,(
101.07186889648438,-11.970590591430664,identifier,run_config
-85.20436096191406,75.50062561035156,),)
101.35163879394531,-9.23967456817627,identifier,environment_config
58.73630142211914,-14.002388000488281,identifier,create_environment_config
-69.95913696289062,-33.56658935546875,(,(
139.54298400878906,-19.45370864868164,identifier,pipeline
1.112930178642273,102.22148895263672,",",","
100.29534149169922,-9.291609764099121,identifier,environment_dict
-84.83357238769531,74.92481231689453,),)
81.41838836669922,-29.748872756958008,identifier,intermediates_manager
59.61777114868164,-12.28106689453125,identifier,construct_intermediates_manager
-70.62224578857422,-34.30768585205078,(,(
101.17575073242188,-12.242210388183594,identifier,run_config
2.3233542442321777,102.79094696044922,",",","
101.67810821533203,-9.715230941772461,identifier,environment_config
3.4577395915985107,101.1393051147461,",",","
139.4271697998047,-19.209753036499023,identifier,pipeline
-87.2771224975586,70.77435302734375,),)
58.69820785522461,-15.703697204589844,identifier,_pipeline_execution_context_manager
-71.18011474609375,-35.194034576416016,(,(
139.3662872314453,-19.626239776611328,identifier,pipeline
2.3334293365478516,103.23426055908203,",",","
101.80458068847656,-9.79637622833252,identifier,environment_config
3.2225136756896973,102.2560043334961,",",","
101.07173156738281,-12.496623039245605,identifier,run_config
3.653515100479126,101.57144927978516,",",","
81.00438690185547,-30.08699607849121,identifier,intermediates_manager
-101.00606536865234,71.90985870361328,),)
102.65847778320312,-14.751389503479004,identifier,pipeline_context
-180.26602172851562,-17.59742546081543,:,:
94.19739532470703,-13.344164848327637,identifier,event_list
20.65610694885254,0.9276180863380432,identifier,list
-89.07992553710938,-35.162227630615234,(,(
58.089149475097656,-15.825801849365234,identifier,_execute_pipeline_iterator
-78.20244598388672,-26.8751220703125,(,(
102.64380645751953,-14.729989051818848,identifier,pipeline_context
-99.80201721191406,48.745361328125,),)
-73.47750854492188,64.14363861083984,),)
58.3951530456543,-7.590209007263184,identifier,PipelineExecutionResult
-72.86791229248047,-46.54068374633789,(,(
139.2389678955078,-19.85293197631836,identifier,pipeline
14.520367622375488,104.3166732788086,",",","
101.37959289550781,-12.91610050201416,identifier,run_config
-35.452850341796875,-140.5257110595703,.,.
62.281002044677734,-18.252668380737305,identifier,run_id
14.15522575378418,106.45138549804688,",",","
94.15997314453125,-13.303094863891602,identifier,event_list
14.574797630310059,106.80445861816406,",",","
-171.62767028808594,-6.960211277008057,:,:
58.69682693481445,-15.747660636901855,identifier,_pipeline_execution_context_manager
-75.41207885742188,-41.830284118652344,(,(
139.18582153320312,-19.804258346557617,identifier,pipeline
13.729266166687012,101.42234802246094,",",","
101.99201202392578,-9.9677095413208,identifier,environment_config
13.326545715332031,100.56187438964844,",",","
100.9617919921875,-12.910011291503906,identifier,run_config
12.872593879699707,100.29489135742188,",",","
80.92740631103516,-30.13860321044922,identifier,intermediates_manager
-94.4897689819336,48.62062454223633,),)
11.932814598083496,113.60503387451172,",",","
-59.21561813354492,44.46815490722656,),)
126.41409301757812,114.46031951904297,def,def
36.07809829711914,-28.766489028930664,identifier,redraw_label
-84.49923706054688,139.94175720214844,(,(
2.8099427223205566,-204.518798828125,identifier,self
-127.04485321044922,121.53075408935547,),)
-174.86187744140625,27.794286727905273,:,:
67.08624267578125,47.57649612426758,identifier,sx
-15.042780876159668,119.74942779541016,",",","
68.08512878417969,50.46889877319336,identifier,sy
57.24991989135742,-147.79823303222656,identifier,self
-68.12689971923828,-137.7536163330078,.,.
77.2796630859375,38.30915451049805,identifier,size
73.64531707763672,58.59978485107422,identifier,x
-14.72225284576416,119.63512420654297,",",","
68.48184204101562,56.279685974121094,identifier,y
56.98910903930664,-147.64419555664062,identifier,self
-68.12122344970703,-137.83035278320312,.,.
90.20806121826172,6.967141151428223,identifier,pos
77.70476531982422,-136.9352569580078,identifier,self
-68.25421142578125,-159.51373291015625,.,.
65.73343658447266,-29.483335494995117,identifier,_label
-38.68046951293945,-146.9876251220703,.,.
75.83280181884766,33.57387161254883,identifier,font_name
54.24711227416992,-146.1730194091797,identifier,self
-64.04536437988281,-145.86502075195312,.,.
75.76782989501953,33.64768981933594,identifier,font_name
77.13343048095703,-136.81272888183594,identifier,self
-67.9329833984375,-159.27520751953125,.,.
66.0079574584961,-29.49945640563965,identifier,_label
-38.60935592651367,-146.93467712402344,.,.
75.69477844238281,34.21966552734375,identifier,font_size
53.990333557128906,-146.05056762695312,identifier,self
-63.988765716552734,-145.91261291503906,.,.
75.66344451904297,34.240875244140625,identifier,font_size
76.89549255371094,-136.72598266601562,identifier,self
-67.67247009277344,-159.01254272460938,.,.
66.16004943847656,-29.567920684814453,identifier,_label
-38.527408599853516,-146.8721466064453,.,.
75.0464859008789,33.9004020690918,identifier,font_color
53.82353973388672,-146.01025390625,identifier,self
-63.925899505615234,-145.90675354003906,.,.
74.95154571533203,33.92062759399414,identifier,font_color
76.6984634399414,-136.6323699951172,identifier,self
-67.38349914550781,-158.82656860351562,.,.
66.43804931640625,-29.584747314453125,identifier,_label
-37.40115737915039,-146.59437561035156,.,.
73.64772033691406,58.30337142944336,identifier,x
27.215476989746094,32.08434295654297,identifier,int
-86.56993103027344,-28.73235321044922,(,(
73.95494842529297,58.67966842651367,identifier,x
-25.683073043823242,91.21512603759766,+,+
67.08662414550781,47.57991027832031,identifier,sx
-83.25218200683594,67.52835083007812,),)
74.19253540039062,-135.52020263671875,identifier,self
-66.82234954833984,-158.2900848388672,.,.
66.57750701904297,-29.76317024230957,identifier,_label
-37.206382751464844,-146.53375244140625,.,.
68.8747329711914,56.43763732910156,identifier,y
27.159423828125,32.253662109375,identifier,int
-86.5836181640625,-28.727947235107422,(,(
68.36182403564453,56.84968566894531,identifier,y
-25.74211883544922,91.16903686523438,+,+
68.08369445800781,50.467079162597656,identifier,sy
-83.19029235839844,67.50415802001953,),)
74.138916015625,-135.18492126464844,identifier,self
-66.5694808959961,-157.9855499267578,.,.
66.56198120117188,-29.97972297668457,identifier,_label
-36.491363525390625,-145.9957733154297,.,.
79.81604766845703,32.20473098754883,identifier,width
52.363956451416016,-144.564208984375,identifier,self
-57.627647399902344,-152.2710418701172,.,.
76.89076232910156,38.139495849609375,identifier,size
74.47898864746094,-134.3441925048828,identifier,self
-66.15278625488281,-157.4619140625,.,.
66.54086303710938,-30.1804141998291,identifier,_label
-36.3591423034668,-145.93174743652344,.,.
79.22929382324219,32.26482009887695,identifier,height
52.229557037353516,-144.4289093017578,identifier,self
-57.652164459228516,-152.284912109375,.,.
76.90794372558594,38.15115737915039,identifier,size
71.17294311523438,-132.6538543701172,identifier,self
-65.62388610839844,-156.74658203125,.,.
66.49458312988281,-30.452625274658203,identifier,_label
-26.54450798034668,-123.31149291992188,.,.
56.54069519042969,-20.46068000793457,identifier,_update
-82.77130126953125,-53.836952209472656,(,(
-64.72930908203125,39.34286117553711,),)
122.60182189941406,108.08525848388672,def,def
43.01360321044922,-28.941221237182617,identifier,snip_print
-79.92255401611328,136.34190368652344,(,(
32.02577590942383,43.755470275878906,identifier,str
-33.391258239746094,171.8098907470703,",",","
80.57604217529297,32.125579833984375,identifier,width
-35.087703704833984,159.3721466064453,",",","
82.07485961914062,-6.829186916351318,identifier,print_full
-34.56790542602539,157.92808532714844,",",","
103.61659240722656,18.738710403442383,identifier,header
50.29475784301758,25.508373260498047,"""",''
-124.72174835205078,110.4764633178711,),)
-183.7788848876953,23.402509689331055,:,:
64.11563873291016,156.64102172851562,if,if
82.0369873046875,-6.8387956619262695,identifier,print_full
-14.724661827087402,62.20424270629883,==,==
-168.0902099609375,-17.545875549316406,:,:
97.62969207763672,13.15585994720459,identifier,page
-65.607421875,-32.587406158447266,(,(
103.6252670288086,18.854660034179688,identifier,header
-24.826156616210938,92.28428649902344,+,+
31.03162956237793,43.322025299072266,identifier,str
-94.12854766845703,72.54314422607422,),)
103.62606048583984,18.850967407226562,identifier,header
-15.085082054138184,116.97775268554688,",",","
58.92400360107422,150.15089416503906,if,if
-0.846418559551239,25.479839324951172,identifier,len
-85.61219787597656,-18.950469970703125,(,(
31.098186492919922,43.22031021118164,identifier,str
-106.61941528320312,69.67601013183594,),)
-8.518918991088867,76.43743133544922,<,<
80.55913543701172,32.12663650512695,identifier,width
-167.30859375,-19.92548370361328,:,:
30.66396141052246,43.55832290649414,identifier,str
85.63494873046875,-42.2967529296875,identifier,snip
31.643075942993164,172.74473571777344,else,else
-187.5020294189453,-37.14945602416992,:,:
81.39546966552734,-35.313236236572266,identifier,whalf
27.62189292907715,31.4019718170166,identifier,int
-89.67635345458984,-33.784847259521484,(,(
-75.58422088623047,-10.427474975585938,(,(
80.58314514160156,32.12572479248047,identifier,width
26.10341453552246,72.98397064208984,-,-
-100.84038543701172,56.61555862426758,),)
-72.94963073730469,71.34820556640625,),)
30.18288803100586,42.918846130371094,identifier,str
-162.55343627929688,-6.061253547668457,:,:
81.3912582397461,-35.313961029052734,identifier,whalf
-24.76340103149414,94.07190704345703,+,+
48.206478118896484,8.70750617980957,"""",' <...> '
-27.580291748046875,94.40033721923828,+,+
30.209117889404297,42.82913589477539,identifier,str
27.15906524658203,72.54495239257812,-,-
81.3891372680664,-35.316097259521484,identifier,whalf
-162.9622039794922,-7.135398864746094,:,:
85.62931823730469,-42.344791412353516,identifier,snip
47.49665832519531,152.5613555908203,if,if
85.62525177001953,-42.412933349609375,identifier,snip
27.715049743652344,131.48350524902344,and,and
82.01182556152344,-6.841153621673584,identifier,print_full
-13.785497665405273,62.07066345214844,==,==
-177.82601928710938,-17.56327247619629,:,:
63.840606689453125,147.79888916015625,if,if
47.033267974853516,-12.611539840698242,identifier,raw_input
-56.655033111572266,-39.8118896484375,(,(
103.62457275390625,18.8879451751709,identifier,header
-23.056617736816406,94.09893035888672,+,+
51.34513473510742,0.221536323428154,"""",' Snipped. View (y/n)? [N]'
-101.52572631835938,65.14102172851562,),)
-37.43758010864258,-103.85742950439453,.,.
35.88203811645508,23.705598831176758,identifier,lower
-82.5087890625,-59.28908920288086,(,(
-114.49320220947266,53.478878021240234,),)
-13.56517505645752,61.112083435058594,==,==
60.58340835571289,18.094594955444336,"""",'y'
-174.13462829589844,-28.660526275634766,:,:
97.64900207519531,13.111600875854492,identifier,page
-77.44639587402344,-43.779029846191406,(,(
31.10492515563965,42.773738861083984,identifier,str
-77.21134185791016,59.385311126708984,),)
85.6089859008789,-42.714717864990234,identifier,snip
120.26018524169922,109.3484878540039,def,def
45.00882339477539,-33.67078399658203,identifier,ngramize
-78.40436553955078,141.09921264648438,(,(
26.70354461669922,15.39561653137207,identifier,items
-171.4801025390625,4.930701732635498,:,:
23.9027042388916,2.5546305179595947,identifier,List
32.889793395996094,42.693599700927734,identifier,str
-31.451745986938477,161.2387237548828,",",","
100.52633666992188,-37.06936264038086,identifier,ngram_range
-71.09397888183594,-10.20198917388916,(,(
-3.1300318241119385,91.9249496459961,",",","
-99.97142028808594,42.29866027832031,),)
-123.4692611694336,106.10926818847656,),)
53.29662322998047,-4.767598628997803,identifier,Generator
23.903528213500977,2.5557303428649902,identifier,List
32.5396614074707,42.5546989440918,identifier,str
-11.55285930633545,103.5978775024414,",",","
53.087188720703125,5.131811618804932,identifier,Any
-11.505520820617676,103.45438385009766,",",","
-179.2198028564453,17.782617568969727,:,:
102.63658905029297,-38.665767669677734,identifier,ngrams
87.6855239868164,-22.75988006591797,identifier,ranges
-72.83048248291016,-9.953001976013184,(,(
-3.2342867851257324,92.32243347167969,",",","
104.65404510498047,40.37922668457031,identifier,i
-93.3361587524414,63.94947814941406,),)
70.83584594726562,125.977783203125,for,for
104.12481689453125,40.887454986572266,identifier,i
23.592050552368164,10.149972915649414,identifier,range
-85.12057495117188,-33.01893997192383,(,(
100.60700988769531,-37.04610061645508,identifier,ngram_range
6.406856060028076,108.36524963378906,",",","
100.61058044433594,-37.04682922363281,identifier,ngram_range
-22.383609771728516,90.71083068847656,+,+
-96.99700927734375,41.92554473876953,),)
69.95237731933594,132.01016235351562,for,for
93.3601303100586,40.95964050292969,identifier,r
87.67585754394531,-22.752910614013672,identifier,ranges
-182.08755493164062,-16.712671279907227,:,:
102.64468383789062,-38.6702880859375,identifier,ngrams
20.347034454345703,1.1836400032043457,identifier,list
-89.8153305053711,-36.292510986328125,(,(
25.060562133789062,-10.805326461791992,identifier,zip
-92.61348724365234,-36.30402374267578,(,(
26.6839542388916,15.393588066101074,identifier,items
100.39486694335938,42.56471252441406,identifier,j
-162.85833740234375,-7.203893184661865,:,:
70.99223327636719,127.24408721923828,for,for
100.40486907958984,42.56025314331055,identifier,j
23.592559814453125,10.170231819152832,identifier,range
-82.1550521850586,-24.098098754882812,(,(
93.84558868408203,41.783809661865234,identifier,r
-98.68008422851562,49.48286819458008,),)
-93.76290130615234,43.57731628417969,),)
-71.0370864868164,66.41427612304688,),)
86.43962097167969,-27.22871208190918,identifier,formatted_ngrams
50.20829391479492,20.48639678955078,"""",' '
-25.278987884521484,-100.28208923339844,.,.
4.831777572631836,-0.7121040225028992,identifier,join
-81.88358306884766,-27.781909942626953,(,(
104.12310028076172,50.774742126464844,identifier,item
-93.74161529541016,61.153358459472656,),)
69.69573974609375,127.22303771972656,for,for
104.96617889404297,50.74493408203125,identifier,item
102.66061401367188,-38.68355941772461,identifier,ngrams
86.4334716796875,-27.224468231201172,identifier,formatted_ngrams
124.4698257446289,106.49732971191406,def,def
38.145301818847656,-27.638872146606445,identifier,_iter_code
-86.56072235107422,140.72789001464844,(,(
68.29073333740234,-61.66107177734375,identifier,code
-128.4630889892578,118.25908660888672,),)
-178.68313598632812,29.98094367980957,:,:
28.768091201782227,-7.714810371398926,identifier,array
28.80010223388672,-7.729857444763184,identifier,array
45.3654899597168,-21.837909698486328,identifier,dis
63.41973114013672,-4.6148362159729,identifier,HAVE_ARGUMENT
-15.710062980651855,118.44761657714844,",",","
64.16815948486328,-3.139122247695923,identifier,EXTENDED_ARG
84.77521514892578,-9.57613754272461,identifier,bytes
29.025842666625977,-7.845879077911377,identifier,array
-59.789031982421875,-30.72622299194336,(,(
56.907310485839844,15.968419075012207,"""",'b'
3.366079330444336,93.30461883544922,",",","
68.75071716308594,-61.93702697753906,identifier,code
-45.49679946899414,-135.89414978027344,.,.
68.86783599853516,-8.368358612060547,identifier,co_code
-87.22447967529297,74.39117431640625,),)
81.44451141357422,5.300421237945557,identifier,eof
-1.1715359687805176,24.870031356811523,identifier,len
-84.03174591064453,-19.737268447875977,(,(
68.7236328125,-61.91677474975586,identifier,code
-45.438331604003906,-135.87718200683594,.,.
68.9001693725586,-8.444894790649414,identifier,co_code
-87.11892700195312,74.48030853271484,),)
134.6537322998047,-35.29208755493164,identifier,ptr
107.59419250488281,-21.19243812561035,identifier,extended_arg
64.27041625976562,139.7556610107422,while,while
134.30245971679688,-34.89030838012695,identifier,ptr
-8.842824935913086,77.172607421875,<,<
81.43885803222656,5.302483081817627,identifier,eof
-177.04315185546875,-11.219921112060547,:,:
115.59135437011719,14.584700584411621,identifier,op
84.36083221435547,-9.323318481445312,identifier,bytes
133.96316528320312,-34.7828369140625,identifier,ptr
54.72876739501953,153.41787719726562,if,if
115.59131622314453,14.603589057922363,identifier,op
63.42418670654297,-4.600510597229004,identifier,HAVE_ARGUMENT
-173.93557739257812,-21.93037986755371,:,:
115.526123046875,-23.364036560058594,identifier,arg
84.3283462524414,-9.30392837524414,identifier,bytes
133.88363647460938,-34.89613342285156,identifier,ptr
-22.788110733032227,89.4688491821289,+,+
-26.2575740814209,93.22735595703125,+,+
84.28932189941406,-9.280891418457031,identifier,bytes
133.80873107910156,-34.917724609375,identifier,ptr
-23.099925994873047,89.44205474853516,+,+
-26.542783737182617,93.06889343261719,+,+
107.59762573242188,-21.1947078704834,identifier,extended_arg
133.9910888671875,-35.48727798461914,identifier,ptr
48.652099609375,149.8612060546875,if,if
115.592529296875,14.607949256896973,identifier,op
-12.134160995483398,60.83073425292969,==,==
64.15337371826172,-3.1154980659484863,identifier,EXTENDED_ARG
-173.88735961914062,-23.34334945678711,:,:
107.60659790039062,-21.189441680908203,identifier,extended_arg
115.6078872680664,-23.45397186279297,identifier,arg
39.87506103515625,-3.9439754486083984,identifier,compat
-33.99737548828125,-123.44076538085938,.,.
52.36838912963867,-10.882181167602539,identifier,long_type
-78.48783111572266,-36.51702880859375,(,(
-79.37300872802734,56.743656158447266,),)
34.57654571533203,176.8500518798828,else,else
-187.46717834472656,-41.12704086303711,:,:
115.63533782958984,-23.411203384399414,identifier,arg
134.03338623046875,-35.582115173339844,identifier,ptr
115.59955596923828,14.624151229858398,identifier,op
18.192718505859375,114.03887939453125,",",","
115.87873077392578,-23.475727081298828,identifier,arg
132.07289123535156,112.47503662109375,def,def
44.08617401123047,-28.46033477783203,identifier,refactor_step
-81.95853424072266,136.25828552246094,(,(
-3.236189603805542,-205.53042602539062,identifier,self
-34.48276901245117,184.662841796875,",",","
95.63824462890625,-0.8062979578971863,identifier,old_text
-30.526960372924805,169.26268005371094,",",","
94.33418273925781,-0.8185734748840332,identifier,new_text
-29.675865173339844,167.74302673339844,",",","
83.823974609375,-11.917863845825195,identifier,move_param_from_idx
-126.83429718017578,112.32856750488281,),)
-177.62811279296875,23.638561248779297,:,:
94.19740295410156,-49.61658477783203,identifier,diffs
113.21456146240234,-14.096789360046387,identifier,step
-14.081564903259277,118.22561645507812,",",","
151.66622924804688,-17.213306427001953,identifier,func
58.27199172973633,-154.1893768310547,identifier,self
-73.37704467773438,-150.41024780273438,.,.
55.36676025390625,-15.959633827209473,identifier,_find_step_node
-69.56156921386719,-30.830419540405273,(,(
95.71076202392578,-0.8015241622924805,identifier,old_text
-91.72333526611328,70.15119171142578,),)
56.97601318359375,156.0921173095703,if,if
113.21296691894531,-14.096370697021484,identifier,step
-163.00936889648438,-27.293607711791992,:,:
94.19624328613281,-49.74887466430664,identifier,diffs
95.12773132324219,-19.84644889831543,identifier,step_diff
57.64323425292969,-154.48948669433594,identifier,self
-72.71820068359375,-151.15988159179688,.,.
55.80335998535156,-16.206527709960938,identifier,_refactor_step_text
-69.70423889160156,-33.70185470581055,(,(
113.21500396728516,-14.089042663574219,identifier,step
2.2473506927490234,103.99232482910156,",",","
95.7215576171875,-0.7967327833175659,identifier,old_text
4.1756134033203125,101.64400482177734,",",","
94.29409790039062,-0.8196666836738586,identifier,new_text
-82.9316177368164,72.91656494140625,),)
94.2260513305664,-49.6943244934082,identifier,diffs
-20.8779239654541,-110.87394714355469,.,.
-11.685632705688477,-55.84688186645508,identifier,append
-78.41244506835938,-32.64670944213867,(,(
95.09678649902344,-19.818544387817383,identifier,step_diff
-82.71965026855469,74.79149627685547,),)
97.74736785888672,-22.930166244506836,identifier,moved_params
56.988182067871094,-154.8076629638672,identifier,self
-71.71888732910156,-152.03233337402344,.,.
56.703575134277344,-19.720808029174805,identifier,_move_params
-71.75212097167969,-35.54933166503906,(,(
152.1876678466797,-18.80657958984375,identifier,func
-39.354183197021484,-137.0326385498047,.,.
69.30931854248047,26.339109420776367,identifier,arguments
5.9641900062561035,103.09891510009766,",",","
83.80902099609375,-11.942581176757812,identifier,move_param_from_idx
-86.70637512207031,64.48152923583984,),)
53.17729949951172,150.3292236328125,if,if
151.65542602539062,-19.05135154724121,identifier,func
-40.45258712768555,-141.7018585205078,.,.
69.42189025878906,26.391048431396484,identifier,arguments
97.85096740722656,-22.98210906982422,identifier,moved_params
-174.89944458007812,-22.24685287475586,:,:
96.67918395996094,-21.10293197631836,identifier,params_span
56.219215393066406,-155.18106079101562,identifier,self
-71.16929626464844,-152.77151489257812,.,.
53.902305603027344,-13.73102855682373,identifier,_span_for_node
-73.12006378173828,-36.103416442871094,(,(
151.9645538330078,-19.152299880981445,identifier,func
-39.19707107543945,-137.076416015625,.,.
69.38099670410156,26.383228302001953,identifier,arguments
-1.2063024044036865,87.65388488769531,",",","
-80.91552734375,67.990966796875,),)
151.50186157226562,-19.382198333740234,identifier,func
-39.875980377197266,-142.69081115722656,.,.
69.49829864501953,26.428068161010742,identifier,arguments
97.8646011352539,-22.979318618774414,identifier,moved_params
94.23472595214844,-49.68831253051758,identifier,diffs
-19.228363037109375,-112.62316131591797,.,.
-14.050606727600098,-56.35429763793945,identifier,append
-88.18954467773438,-40.42882537841797,(,(
-74.81989288330078,-11.04049301147461,(,(
96.66665649414062,-21.08584976196289,identifier,params_span
9.77000904083252,101.69564056396484,",",","
151.9559783935547,-19.3455810546875,identifier,func
-38.641685485839844,-137.00140380859375,.,.
69.440673828125,26.45808982849121,identifier,arguments
-30.166927337646484,-116.231689453125,.,.
32.478668212890625,-22.9532527923584,identifier,dumps
-85.5755615234375,-64.20683288574219,(,(
-109.27286529541016,49.89106369018555,),)
-92.50977325439453,46.599571228027344,),)
-74.3073501586914,59.88540267944336,),)
94.2357406616211,-50.01127243041992,identifier,diffs
131.9449462890625,113.95698547363281,def,def
43.63859176635742,-26.910110473632812,identifier,serialzeValueToTCL
-83.6518325805664,136.75390625,(,(
-5.215140342712402,-204.94277954101562,identifier,self
-35.289581298828125,183.01768493652344,",",","
137.0269317626953,14.230210304260254,identifier,val
-33.936241149902344,168.7786865234375,",",","
79.1715087890625,-7.3367791175842285,identifier,do_eval
-121.92388916015625,109.353759765625,),)
20.486623764038086,3.98940372467041,identifier,Tuple
33.45248794555664,42.197879791259766,identifier,str
-11.14668083190918,102.35917663574219,",",","
33.04991912841797,41.86787414550781,identifier,str
-11.239755630493164,102.5358657836914,",",","
34.810359954833984,34.69647216796875,identifier,bool
-179.6320343017578,18.04289436340332,:,:
66.34564971923828,158.7399139404297,if,if
6.652098178863525,31.956584930419922,identifier,isinstance
-86.62010192871094,-16.579708099365234,(,(
136.57005310058594,13.97839641571045,identifier,val
-3.448784112930298,96.13014221191406,",",","
29.20526123046875,31.9055233001709,identifier,int
-108.89202880859375,79.6702880859375,),)
-171.4599151611328,-14.855147361755371,:,:
136.04258728027344,13.167828559875488,identifier,val
52.401763916015625,-2.2730586528778076,identifier,hInt
-70.9750747680664,-29.758087158203125,(,(
136.14544677734375,13.915433883666992,identifier,val
-92.62026977539062,69.91220092773438,),)
58.11064147949219,154.0114288330078,if,if
79.1605453491211,-7.336000442504883,identifier,do_eval
-171.309814453125,-19.67046546936035,:,:
136.01805114746094,13.124894142150879,identifier,val
135.47183227539062,14.126701354980469,identifier,val
-35.48694610595703,-126.21591186523438,.,.
59.98777389526367,-32.845794677734375,identifier,staticEval
-89.83045196533203,-58.58706283569336,(,(
-114.9185562133789,58.69517517089844,),)
58.7102165222168,152.5218048095703,if,if
7.455789089202881,31.8978214263916,identifier,isinstance
-87.38841247558594,-17.59659194946289,(,(
136.2015380859375,14.191905975341797,identifier,val
-2.4624674320220947,96.84380340576172,",",","
55.56134796142578,-1.4002223014831543,identifier,RtlSignalBase
-108.4460220336914,77.75300598144531,),)
-172.90773010253906,-16.94131088256836,:,:
143.9612274169922,-37.34128189086914,identifier,ctx
68.03324890136719,-42.238792419433594,identifier,VivadoTclExpressionSerializer
-30.743568420410156,-125.8489761352539,.,.
60.6533088684082,-9.463549613952637,identifier,getBaseContext
-88.77732849121094,-59.103675842285156,(,(
-113.16437530517578,62.26409149169922,),)
110.69658660888672,-29.88576316833496,identifier,tclVal
68.10082244873047,-42.26121139526367,identifier,VivadoTclExpressionSerializer
-30.60042953491211,-125.08688354492188,.,.
51.332130432128906,-38.18852233886719,identifier,asHdl
-74.34083557128906,-35.63249206542969,(,(
136.29833984375,14.618841171264648,identifier,val
6.12133264541626,99.20801544189453,",",","
143.967529296875,-37.34272766113281,identifier,ctx
-80.07748413085938,74.1296157836914,),)
110.90986633300781,-29.884462356567383,identifier,tclValVal
68.11837005615234,-42.26607131958008,identifier,VivadoTclExpressionSerializer
-30.522960662841797,-124.95193481445312,.,.
51.334075927734375,-38.19097900390625,identifier,asHdl
-83.81879425048828,-37.715511322021484,(,(
135.72625732421875,14.719681739807129,identifier,val
-35.02325439453125,-126.6004638671875,.,.
59.98930358886719,-32.84921646118164,identifier,staticEval
-87.76435852050781,-64.22750854492188,(,(
-110.27877044677734,50.02995681762695,),)
-73.67556762695312,64.03556060791016,),)
111.65061950683594,-30.4294490814209,identifier,tclVal
15.771454811096191,114.09943389892578,",",","
111.65234375,-30.144847869873047,identifier,tclValVal
15.413121223449707,115.41999053955078,",",","
35.52346420288086,174.6660614013672,else,else
-188.16510009765625,-40.143836975097656,:,:
111.16790008544922,-30.15203857421875,identifier,tclVal
68.13399505615234,-42.262088775634766,identifier,VivadoTclExpressionSerializer
-30.322134017944336,-124.62190246582031,.,.
51.33509826660156,-38.19063949584961,identifier,asHdl
-76.72028350830078,-40.610084533691406,(,(
136.34896850585938,14.881999969482422,identifier,val
-1.2716606855392456,88.21582794189453,",",","
-78.81544494628906,58.862281799316406,),)
111.82164764404297,-30.546585083007812,identifier,tclVal
16.56568717956543,113.8611068725586,",",","
111.93711853027344,-30.58842658996582,identifier,tclVal
16.60050392150879,115.56251525878906,",",","
131.47344970703125,111.5064926147461,def,def
39.33054733276367,-29.443618774414062,identifier,with_debug
-80.55416107177734,136.98594665527344,(,(
-1.9339251518249512,-204.35531616210938,identifier,self
-35.93320846557617,184.96263122558594,",",","
87.44615173339844,6.477049350738525,identifier,os_path
-37.48127365112305,156.90673828125,",",","
80.80149841308594,-10.381147384643555,identifier,skip_sub_command
-35.002872467041016,157.04441833496094,",",","
79.99030303955078,-12.822978973388672,identifier,disk_closed_callback
-123.29756164550781,110.53370666503906,),)
-178.57449340820312,23.108638763427734,:,:
81.28936767578125,-9.78530216217041,identifier,sub_command
58.68517303466797,145.5942840576172,if,if
80.5730209350586,-10.195049285888672,identifier,skip_sub_command
27.778039932250977,172.4134979248047,else,else
62.72949981689453,-149.1807861328125,identifier,self
-70.9771957397461,-145.2383270263672,.,.
80.19691467285156,-9.919060707092285,identifier,debug_sub_command
115.81886291503906,-50.282569885253906,identifier,out
-13.4920015335083,118.7404556274414,",",","
132.53237915039062,36.93461608886719,identifier,path
56.54148483276367,-151.14218139648438,identifier,self
-73.20841979980469,-151.14671325683594,.,.
54.02207565307617,-14.804884910583496,identifier,_get_out_and_path
-68.61259460449219,-34.38587951660156,(,(
47.837158203125,-148.3886260986328,identifier,self
-63.186397552490234,-140.34620666503906,.,.
-21.24606704711914,-30.66317367553711,identifier,debug
2.1254608631134033,105.37596130371094,",",","
46.237693786621094,-149.18663024902344,identifier,self
-61.206703186035156,-142.1383056640625,.,.
79.24405670166016,-9.469674110412598,identifier,debug_root
4.433979511260986,102.72111511230469,",",","
81.09304809570312,-9.61823558807373,identifier,sub_command
4.49175500869751,101.89641571044922,",",","
87.43444061279297,6.492098331451416,identifier,os_path
-88.20381927490234,69.34960174560547,),)
-186.48936462402344,-9.107053756713867,:,:
65.29131317138672,150.16946411132812,if,if
11.558157920837402,25.6552677154541,identifier,hasattr
-89.19293212890625,-16.982633590698242,(,(
115.25140380859375,-50.02452087402344,identifier,out
-6.054540634155273,96.9838638305664,",",","
58.6310920715332,19.038345336914062,"""",'stdin'
-109.01165008544922,74.93717956542969,),)
-169.37269592285156,-26.311189651489258,:,:
114.51339721679688,-49.7504997253418,identifier,out
-40.63682556152344,-138.55674743652344,.,.
61.66154861450195,22.664854049682617,identifier,stdin
31.1446590423584,174.1959686279297,else,else
-185.7546844482422,-38.41587448120117,:,:
114.91529846191406,-49.179222106933594,identifier,out
-189.341552734375,-35.83662033081055,:,:
65.18827056884766,149.50709533691406,if,if
11.999505996704102,26.0404052734375,identifier,hasattr
-89.38211059570312,-17.44145965576172,(,(
115.14749908447266,-49.76777267456055,identifier,out
-6.1422834396362305,96.94384765625,",",","
58.64557647705078,19.031192779541016,"""",'stdin'
-108.62419128417969,74.81649017333984,),)
-174.5628662109375,-24.702632904052734,:,:
67.92887115478516,-137.0609893798828,identifier,self
-67.71338653564453,-154.9217987060547,.,.
41.75670623779297,-17.039043426513672,identifier,_close
-77.07799530029297,-38.62461471557617,(,(
114.59326934814453,-49.74624252319336,identifier,out
-40.24626922607422,-137.838623046875,.,.
61.66035461425781,22.663827896118164,identifier,stdin
-77.6064224243164,69.95484161376953,),)
69.92281341552734,-135.34185791015625,identifier,self
-67.31004333496094,-154.90933227539062,.,.
42.61658477783203,-18.254638671875,identifier,_wait
-76.4468765258789,-38.91426467895508,(,(
115.27638244628906,-49.509246826171875,identifier,out
7.512745380401611,99.99464416503906,",",","
132.8368682861328,36.28590774536133,identifier,path
-77.76025390625,69.2635726928711,),)
69.85853576660156,-134.84646606445312,identifier,self
-67.09947204589844,-155.00537109375,.,.
41.75514602661133,-17.050691604614258,identifier,_close
-77.00141906738281,-39.197410583496094,(,(
115.3394775390625,-49.30561828613281,identifier,out
-84.44257354736328,61.79360580444336,),)
50.23689651489258,147.69805908203125,if,if
79.78465270996094,-13.24466323852539,identifier,disk_closed_callback
27.153295516967773,131.53561401367188,and,and
132.61036682128906,36.01572799682617,identifier,path
-177.78904724121094,-27.02873992919922,:,:
79.74341583251953,-13.356881141662598,identifier,disk_closed_callback
-77.24462127685547,-44.48228454589844,(,(
132.97222900390625,35.79814147949219,identifier,path
-63.489131927490234,42.02812576293945,),)
127.76093292236328,112.04312133789062,def,def
33.66376876831055,-29.131227493286133,identifier,update_inspection
-83.71836853027344,141.7215118408203,(,(
1.1104705333709717,-204.23440551757812,identifier,self
-128.37823486328125,119.88199615478516,),)
-180.9937286376953,26.502817153930664,:,:
-187.66799926757812,-7.2004170417785645,:,:
67.44441223144531,-143.24703979492188,identifier,self
-76.06653594970703,-145.9901885986328,.,.
43.869483947753906,-40.741554260253906,identifier,log_parser
-91.44098663330078,-57.25285339355469,(,(
-116.87250518798828,58.03185272216797,),)
-67.57559967041016,-13.23533821105957,(,(
40.63615417480469,7.403982639312744,identifier,FileNotFoundError
9.077268600463867,95.18334197998047,",",","
40.11766052246094,11.88020133972168,identifier,StopIteration
-102.23465728759766,73.9398422241211,),)
-35.77029800415039,32.2806282043457,identifier,e
-181.64976501464844,-23.028717041015625,:,:
18.61699104309082,-58.40962219238281,identifier,logger
-16.373289108276367,-119.67465209960938,.,.
-22.524471282958984,-30.271677017211914,identifier,debug
-50.2546272277832,-30.76287841796875,(,(
43.395782470703125,6.606503486633301,"""","""ERROR: """
-28.413955688476562,95.12715911865234,+,+
30.444171905517578,40.798309326171875,identifier,str
-89.36346435546875,-30.5821533203125,(,(
35.967193603515625,-68.68769073486328,identifier,sys
-50.21378707885742,-117.83173370361328,.,.
24.220718383789062,-6.101772308349609,identifier,exc_info
-88.8702392578125,-64.51227569580078,(,(
-111.3881607055664,47.16999435424805,),)
-94.71605682373047,42.8258056640625,),)
-68.91372680664062,68.86140441894531,),)
72.76092529296875,-137.45901489257812,identifier,self
-62.77045440673828,-159.66281127929688,.,.
45.344520568847656,-44.454345703125,identifier,log_retry
54.12062454223633,154.17579650878906,if,if
57.559932708740234,-142.148193359375,identifier,self
-67.01271057128906,-144.95396423339844,.,.
45.34431076049805,-44.443870544433594,identifier,log_retry
-11.39323902130127,62.28386688232422,==,==
50.47810363769531,-142.7932891845703,identifier,self
-55.53791427612305,-141.0360107421875,.,.
62.95356750488281,-1.4817315340042114,identifier,MAX_RETRIES
-165.44898986816406,-29.384550094604492,:,:
-36.22233581542969,31.403003692626953,identifier,e
-188.72702026367188,-8.684947967529297,:,:
68.08963775634766,-138.20082092285156,identifier,self
-66.38098907470703,-152.55697631835938,.,.
43.94252014160156,-40.91347885131836,identifier,trace_parser
-88.13630676269531,-57.57472610473633,(,(
-113.39483642578125,56.42759704589844,),)
-67.32353973388672,-13.2754545211792,(,(
40.65837097167969,7.369437217712402,identifier,FileNotFoundError
9.252298355102539,95.38606262207031,",",","
40.1172981262207,11.879829406738281,identifier,StopIteration
-102.2191390991211,73.87362670898438,),)
-35.66426467895508,32.0041389465332,identifier,e
-181.55126953125,-23.058610916137695,:,:
18.729995727539062,-58.403900146484375,identifier,logger
-16.532289505004883,-119.95108795166016,.,.
-22.714221954345703,-30.39338493347168,identifier,debug
-48.94149398803711,-33.090171813964844,(,(
43.40689468383789,6.595870018005371,"""","""ERROR: """
-28.271865844726562,95.18156433105469,+,+
30.511537551879883,40.76816940307617,identifier,str
-89.29792785644531,-30.538419723510742,(,(
35.968162536621094,-68.69804382324219,identifier,sys
-50.19987106323242,-117.82627868652344,.,.
24.192035675048828,-6.077544689178467,identifier,exc_info
-88.55180358886719,-64.62165069580078,(,(
-111.35110473632812,47.198448181152344,),)
-94.09529876708984,44.78770446777344,),)
-71.4112548828125,64.69718933105469,),)
71.85576629638672,-134.77999877929688,identifier,self
-60.91212463378906,-156.98536682128906,.,.
45.062591552734375,-43.59105682373047,identifier,trace_retry
48.928924560546875,148.86241149902344,if,if
57.20537185668945,-140.40122985839844,identifier,self
-60.23699951171875,-151.34503173828125,.,.
45.05408477783203,-43.55850601196289,identifier,trace_retry
-10.666275024414062,62.26432800292969,==,==
50.3251838684082,-142.75376892089844,identifier,self
-55.50059509277344,-141.1702423095703,.,.
62.96821212768555,-1.4706907272338867,identifier,MAX_RETRIES
-169.84619140625,-31.435518264770508,:,:
-36.59089660644531,30.960350036621094,identifier,e
129.3752899169922,111.72687530517578,def,def
41.44343185424805,-29.496665954589844,identifier,set_gtr
-81.6558837890625,137.3159637451172,(,(
-0.7152044773101807,-203.83218383789062,identifier,self
-34.73073196411133,185.9798126220703,",",","
92.5323715209961,-30.539499282836914,identifier,in_gtr
-27.388507843017578,166.9465789794922,",",","
93.01649475097656,23.10411834716797,identifier,kwargs
-125.77971649169922,113.24347686767578,),)
-182.8085174560547,24.989788055419922,:,:
66.39127349853516,158.1101531982422,if,if
6.808859348297119,31.61217498779297,identifier,isinstance
-86.93292236328125,-16.11592674255371,(,(
92.86439514160156,-30.68775177001953,identifier,in_gtr
-3.5454840660095215,96.37162780761719,",",","
32.442955017089844,41.498348236083984,identifier,str
-108.90773010253906,79.69884490966797,),)
-171.78179931640625,-15.354325294494629,:,:
71.913330078125,-140.6847381591797,identifier,self
-66.2286148071289,-161.1408233642578,.,.
92.46636199951172,-32.835227966308594,identifier,_gtr
91.68426513671875,-35.37226867675781,identifier,GTR
-38.90308380126953,-121.97382354736328,.,.
55.11199188232422,24.292926788330078,identifier,standard
-63.96011734008789,-40.72847366333008,(,(
86.31282043457031,0.23069468140602112,identifier,model
93.16475677490234,-30.725982666015625,identifier,in_gtr
-0.7583612203598022,110.41373443603516,",",","
93.01931762695312,23.10677719116211,identifier,kwargs
-83.36907958984375,73.64136505126953,),)
73.52526092529297,-138.6443634033203,identifier,self
-66.93639373779297,-160.61380004882812,.,.
91.96025848388672,-32.73020553588867,identifier,_gtr
-38.33627700805664,-145.1728973388672,.,.
21.17613983154297,-59.228946685791016,identifier,logger
52.74442672729492,-146.83880615234375,identifier,self
-64.56634521484375,-147.9733428955078,.,.
20.670711517333984,-58.806053161621094,identifier,logger
41.35300827026367,169.3268585205078,elif,elif
7.542204856872559,31.320898056030273,identifier,isinstance
-87.83516693115234,-16.876405715942383,(,(
93.24011993408203,-30.805633544921875,identifier,in_gtr
-2.4653542041778564,97.64067077636719,",",","
91.69326782226562,-35.36637878417969,identifier,GTR
-107.87646484375,72.18668365478516,),)
33.74998474121094,126.86112213134766,or,or
8.058902740478516,31.33816909790039,identifier,isinstance
-88.18939971923828,-17.263500213623047,(,(
93.32364654541016,-30.817760467529297,identifier,in_gtr
-2.4549710750579834,97.65707397460938,",",","
56.12242126464844,-2.1061818599700928,identifier,GTR_site_specific
-108.21278381347656,77.23709106445312,),)
-172.2001190185547,-17.424945831298828,:,:
71.6423110961914,-139.35513305664062,identifier,self
-66.13993072509766,-160.45387268066406,.,.
92.48528289794922,-32.86176300048828,identifier,_gtr
93.60578918457031,-30.874208450317383,identifier,in_gtr
75.73551940917969,-137.67349243164062,identifier,self
-67.05497741699219,-159.9786376953125,.,.
91.84343719482422,-32.7304801940918,identifier,_gtr
-38.277523040771484,-145.11764526367188,.,.
21.078096389770508,-59.15870666503906,identifier,logger
52.71509552001953,-146.7752227783203,identifier,self
-64.53612518310547,-148.0240020751953,.,.
20.65974998474121,-58.79975891113281,identifier,logger
33.80927276611328,173.29959106445312,else,else
-186.7401580810547,-39.55986404418945,:,:
67.09153747558594,-139.1159210205078,identifier,self
-71.54740142822266,-158.77085876464844,.,.
20.10849952697754,-58.24863815307617,identifier,logger
-51.99557113647461,-33.759544372558594,(,(
52.48662185668945,0.03163598105311394,"""","""TreeAnc.gtr_setter: can't interpret GTR model"""
6.72531795501709,90.58125305175781,",",","
-0.6926628947257996,120.21346282958984,",",","
-26.050617218017578,-24.999052047729492,identifier,warn
-83.20613098144531,63.06919479370117,),)
34.4437255859375,9.257424354553223,identifier,TypeError
-51.13978958129883,-37.084503173828125,(,(
52.25772476196289,0.26308536529541016,"""","""Cannot set GTR model in TreeAnc class: GTR or """
44.708251953125,4.313315391540527,"""","""string expected"""
-81.8018569946289,56.87831497192383,),)
50.6970329284668,146.69036865234375,if,if
57.72770690917969,-140.19346618652344,identifier,self
-62.72867965698242,-152.09161376953125,.,.
91.46983337402344,-32.78083038330078,identifier,_gtr
-35.52492141723633,-142.6005859375,.,.
47.84598159790039,0.743855357170105,identifier,ambiguous
-177.12022399902344,-23.400569915771484,:,:
68.21602630615234,-134.51522827148438,identifier,self
-61.44712448120117,-155.2559814453125,.,.
54.03434753417969,-7.59344482421875,identifier,fill_overhangs
120.99163055419922,107.54351043701172,def,def
40.66939163208008,-32.74482727050781,identifier,interactive_login
-86.71346282958984,142.5135498046875,(,(
-130.92132568359375,120.2907943725586,),)
-176.9595184326172,29.306537628173828,:,:
58.068092346191406,-42.40966796875,identifier,solvebio
-42.78973388671875,-126.29719543457031,.,.
80.25711822509766,14.38193130493164,identifier,access_token
58.07177734375,-42.41059875488281,identifier,solvebio
-42.783958435058594,-126.31842041015625,.,.
80.31197357177734,12.066723823547363,identifier,api_key
38.787044525146484,-57.50809860229492,identifier,client
-38.363590240478516,-118.35365295410156,.,.
46.56867599487305,-16.572219848632812,identifier,set_token
-92.6609878540039,-57.12143325805664,(,(
-117.78406524658203,62.34357833862305,),)
110.29447174072266,5.577313423156738,identifier,domain
-13.977239608764648,119.88152313232422,",",","
110.5313949584961,11.666014671325684,identifier,email
-13.522690773010254,120.08055114746094,",",","
120.9784164428711,20.268211364746094,identifier,password
53.33453369140625,-14.426725387573242,identifier,_ask_for_credentials
-91.66133117675781,-59.29554748535156,(,(
-116.37504577636719,59.11784744262695,),)
57.40437698364258,157.72329711914062,if,if
37.18157196044922,-5.463000774383545,identifier,all
-94.16535949707031,-38.839664459228516,(,(
110.29766082763672,5.577664852142334,identifier,domain
-2.7775261402130127,101.57905578613281,",",","
110.72251892089844,11.677597999572754,identifier,email
-2.6641006469726562,101.53379821777344,",",","
121.45384979248047,20.24594497680664,identifier,password
-106.86769104003906,79.70574951171875,),)
-166.21237182617188,-25.344776153564453,:,:
-39.983985900878906,-31.11370086669922,identifier,print
-49.1506233215332,-30.67721176147461,(,(
50.50862121582031,3.1280720233917236,"""","""Domain, email, and password are all required."""
-92.66773223876953,78.33899688720703,),)
-187.13619995117188,-9.441680908203125,:,:
119.54518127441406,52.07017517089844,identifier,response
38.50200271606445,-57.502620697021484,identifier,client
-36.000831604003906,-118.58221435546875,.,.
52.78660202026367,-19.89196014404297,identifier,post
-59.19865417480469,-32.65553665161133,(,(
58.20967483520508,6.632550239562988,"""",'/v1/auth/token'
4.57327127456665,91.05555725097656,",",","
71.00053405761719,13.36916732788086,"""",'domain'
-151.38949584960938,0.29390209913253784,:,:
110.29776763916016,5.584089279174805,identifier,domain
-30.710371017456055,-106.36402130126953,.,.
32.51172637939453,16.87226104736328,identifier,replace
-58.24983596801758,-24.424068450927734,(,(
55.60504150390625,4.390775203704834,"""",'.solvebio.com'
1.2143605947494507,90.64183044433594,",",","
51.192222595214844,25.05336570739746,"""",''
-97.54273223876953,53.07400894165039,),)
3.426832914352417,128.31703186035156,",",","
71.38153076171875,12.732460975646973,"""",'email'
-150.26544189453125,-2.8088748455047607,:,:
110.94190979003906,11.695661544799805,identifier,email
4.388584613800049,128.12278747558594,",",","
71.34939575195312,12.703642845153809,"""",'password'
-149.86485290527344,-3.192478895187378,:,:
121.87174224853516,20.377185821533203,identifier,password
-67.33064270019531,62.86539840698242,),)
52.28267288208008,-0.4015027582645416,identifier,SolveError
-35.053958892822266,32.42466735839844,identifier,e
-174.9857940673828,-31.33962059020996,:,:
-40.122623443603516,-31.18288230895996,identifier,print
-48.3990478515625,-34.28020095825195,(,(
45.08388900756836,7.248799800872803,"""",'Login failed: {0}'
-25.244491577148438,-97.52225494384766,.,.
16.82916831970215,60.04521942138672,identifier,format
-77.56666564941406,-19.428180694580078,(,(
-35.37447738647461,30.703575134277344,identifier,e
-98.10987091064453,48.407493591308594,),)
-71.61642456054688,61.2391357421875,),)
33.66010284423828,176.23944091796875,else,else
-189.44558715820312,-40.3759880065918,:,:
58.06927490234375,-42.40434646606445,identifier,solvebio
-34.40064239501953,-143.6351318359375,.,.
80.2293930053711,11.985148429870605,identifier,api_key
120.35236358642578,53.4476432800293,identifier,response
66.53766632080078,15.884373664855957,"""",'token'
38.54814910888672,-57.48870086669922,identifier,client
-25.17896270751953,-124.3947525024414,.,.
46.53523254394531,-16.463748931884766,identifier,set_token
-82.128173828125,-53.2919921875,(,(
-64.47212219238281,40.4619140625,),)
131.4836883544922,109.71974182128906,def,def
42.477630615234375,-27.327526092529297,identifier,_do_autopaginating_api_call
-82.08002471923828,134.44949340820312,(,(
-2.834822416305542,-206.65982055664062,identifier,self
-33.54755783081055,182.3020782470703,",",","
134.4380340576172,37.821197509765625,identifier,path
-30.26665687561035,172.73495483398438,",",","
72.28575897216797,44.16104507446289,identifier,params
-30.040197372436523,172.98123168945312,",",","
95.86888885498047,18.41518783569336,identifier,method
-30.34286880493164,172.40176391601562,",",","
88.67484283447266,-8.419501304626465,identifier,parser_func
-30.483234405517578,167.266357421875,",",","
91.67015075683594,-15.371573448181152,identifier,next_marker_xpath
-30.712074279785156,166.91766357421875,",",","
91.6633071899414,-15.43745231628418,identifier,next_marker_param_name
-31.471471786499023,166.6409149169922,",",","
91.63758087158203,-15.161759376525879,identifier,next_type_xpath
-35.01569366455078,155.22537231445312,",",","
90.26641845703125,-8.60142993927002,identifier,parser_kwargs
-123.66034698486328,109.62427520751953,),)
-182.47549438476562,22.021934509277344,:,:
63.060245513916016,159.09547424316406,if,if
90.37995147705078,-8.599906921386719,identifier,parser_kwargs
-169.29623413085938,-14.637617111206055,:,:
90.40753936767578,-8.610280990600586,identifier,parser_kwargs
65.23802947998047,139.64779663085938,while,while
-176.0035400390625,-11.687447547912598,:,:
89.72946166992188,-0.9142071008682251,identifier,root
58.501983642578125,-154.89166259765625,identifier,self
-74.15308380126953,-151.76942443847656,.,.
53.90659713745117,-18.735149383544922,identifier,_send_request
-69.56633758544922,-34.85505294799805,(,(
133.80532836914062,37.80254364013672,identifier,path
2.7348408699035645,103.98013305664062,",",","
72.25313568115234,44.26506805419922,identifier,params
3.9740419387817383,100.26362609863281,",",","
95.86663818359375,18.419103622436523,identifier,method
-88.15314483642578,70.2463607788086,),)
68.64466094970703,132.3813018798828,for,for
16.498273849487305,14.820965766906738,identifier,record
88.62538146972656,-8.427421569824219,identifier,parser_func
-71.0771713256836,-35.44948196411133,(,(
89.67671203613281,-1.0346254110336304,identifier,root
3.1690330505371094,114.28438568115234,",",","
47.75614547729492,-19.79833221435547,identifier,connection
45.91184616088867,-158.27552795410156,identifier,self
-0.5709462761878967,110.41653442382812,",",","
90.4562759399414,-8.515959739685059,identifier,parser_kwargs
-107.66116333007812,76.75653076171875,),)
-181.53945922851562,-12.209650039672852,:,:
16.49182891845703,14.822887420654297,identifier,record
93.74618530273438,-17.71215057373047,identifier,next_marker
89.65068817138672,-1.0807071924209595,identifier,root
-29.328174591064453,-111.49916076660156,.,.
15.2650728225708,-26.408309936523438,identifier,find
-76.03675079345703,-30.396087646484375,(,(
93.00366973876953,-16.33696174621582,identifier,next_marker_xpath
-86.83434295654297,63.90576171875,),)
52.086219787597656,149.7052459716797,if,if
93.41812896728516,-17.52692985534668,identifier,next_marker
-167.44146728515625,-31.78322982788086,:,:
72.38203430175781,45.09316635131836,identifier,params
92.56748962402344,-16.162811279296875,identifier,next_marker_param_name
93.4063949584961,-17.479555130004883,identifier,next_marker
-34.768314361572266,-140.9807891845703,.,.
48.693965911865234,56.49209213256836,identifier,text
48.81217575073242,150.9161834716797,if,if
93.73747253417969,-15.936101913452148,identifier,next_type_xpath
-176.0687255859375,-23.66728401184082,:,:
94.73784637451172,-16.546693801879883,identifier,next_type
89.6381607055664,-1.1128748655319214,identifier,root
-29.19335174560547,-111.61776733398438,.,.
15.31989574432373,-26.40675926208496,identifier,find
-76.23265075683594,-30.406063079833984,(,(
93.74009704589844,-16.019060134887695,identifier,next_type_xpath
-76.34489440917969,65.19799041748047,),)
72.37803649902344,45.10414505004883,identifier,params
66.66226196289062,15.673662185668945,"""",'type'
94.6235580444336,-16.46524429321289,identifier,next_type
-33.169532775878906,-140.84164428710938,.,.
48.52149200439453,56.539974212646484,identifier,text
123.37493896484375,106.96922302246094,def,def
38.386512756347656,-28.796236038208008,identifier,_error_handler
-85.75326538085938,141.11610412597656,(,(
60.73976516723633,-59.790496826171875,identifier,error
-127.7587661743164,118.40718841552734,),)
-183.84954833984375,27.018211364746094,:,:
65.11808776855469,157.06256103515625,if,if
60.75055694580078,-60.35014724731445,identifier,error
-42.95942687988281,-141.9867706298828,.,.
74.57820129394531,28.441816329956055,identifier,condition
-12.550833702087402,58.52831268310547,==,==
56.46229553222656,4.999963760375977,"""",b'com.microsoft:server-busy'
-162.8164520263672,-29.64067840576172,:,:
56.263545989990234,-63.714500427246094,identifier,errors
-23.61914825439453,-132.7542724609375,.,.
38.16191482543945,-44.54347229003906,identifier,ErrorAction
-66.53282928466797,-40.34480667114258,(,(
46.86306381225586,-49.863914489746094,identifier,retry
0.7827230095863342,117.35476684570312,",",","
73.24395751953125,23.906923294067383,identifier,backoff
-89.93307495117188,66.3460464477539,),)
57.61452102661133,149.7145538330078,if,if
60.75249481201172,-60.63860321044922,identifier,error
-42.58560562133789,-141.72645568847656,.,.
74.44755554199219,28.45366096496582,identifier,condition
-12.396470069885254,58.99189376831055,==,==
56.550193786621094,5.286206245422363,"""",b'com.microsoft:timeout'
-163.2220458984375,-29.86126136779785,:,:
56.305206298828125,-63.91573715209961,identifier,errors
-23.664968490600586,-132.60903930664062,.,.
38.189456939697266,-44.70298385620117,identifier,ErrorAction
-66.72173309326172,-40.671478271484375,(,(
46.752967834472656,-49.5042610168457,identifier,retry
0.8518391251564026,117.53260803222656,",",","
73.24140167236328,23.90538787841797,identifier,backoff
-89.7774658203125,65.99830627441406,),)
57.155006408691406,149.4156494140625,if,if
60.75188446044922,-60.77658462524414,identifier,error
-42.24385070800781,-141.4969024658203,.,.
74.3978042602539,28.45659637451172,identifier,condition
-12.29478645324707,59.31886672973633,==,==
56.54282760620117,5.056264400482178,"""",b'com.microsoft:operation-cancelled'
-163.63873291015625,-30.06989097595215,:,:
56.34418869018555,-64.0337142944336,identifier,errors
-23.76392936706543,-132.35186767578125,.,.
38.21810531616211,-44.85292053222656,identifier,ErrorAction
-67.1546630859375,-41.28219223022461,(,(
46.60423278808594,-49.3511848449707,identifier,retry
-89.02002716064453,65.0995101928711,),)
56.75648498535156,149.016357421875,if,if
60.7504768371582,-60.86767578125,identifier,error
-42.012245178222656,-141.34291076660156,.,.
74.3539810180664,28.46232032775879,identifier,condition
-12.298065185546875,59.55986022949219,==,==
56.6126708984375,5.277885913848877,"""","b""com.microsoft:container-close"""
-163.9582977294922,-30.231420516967773,:,:
56.39865493774414,-64.1219253540039,identifier,errors
-23.88336944580078,-132.02981567382812,.,.
38.250244140625,-44.971717834472656,identifier,ErrorAction
-67.35330963134766,-41.90142822265625,(,(
46.5286750793457,-49.303688049316406,identifier,retry
0.930433988571167,118.09481048583984,",",","
73.240478515625,23.904834747314453,identifier,backoff
-88.698974609375,64.95487213134766,),)
52.592002868652344,147.45632934570312,if,if
60.744239807128906,-60.95060729980469,identifier,error
-41.63100051879883,-140.97909545898438,.,.
74.15333557128906,28.483177185058594,identifier,condition
57.852420806884766,-5.114227771759033,identifier,_NO_RETRY_ERRORS
-169.6706085205078,-30.298206329345703,:,:
56.45964431762695,-64.22245788574219,identifier,errors
-24.027681350708008,-131.61305236816406,.,.
38.284603118896484,-45.13313674926758,identifier,ErrorAction
-67.99502563476562,-42.4997444152832,(,(
46.39894485473633,-49.19808578491211,identifier,retry
-78.6731185913086,61.261478424072266,),)
56.58292770385742,-64.33482360839844,identifier,errors
-24.135011672973633,-131.3345184326172,.,.
38.32275390625,-45.31925964355469,identifier,ErrorAction
-68.43116760253906,-42.774497985839844,(,(
46.3553352355957,-48.9071044921875,identifier,retry
-61.45441436767578,42.16901779174805,),)
128.28721618652344,111.11138916015625,def,def
35.18614196777344,-26.737953186035156,identifier,_loadDeclarations
-83.6748275756836,141.04298400878906,(,(
2.278107166290283,-205.3707275390625,identifier,self
-127.4855728149414,120.200439453125,),)
-182.04058837890625,27.52090835571289,:,:
64.83617401123047,159.34649658203125,if,if
11.80074405670166,25.277978897094727,identifier,hasattr
-89.07009887695312,-15.178275108337402,(,(
43.871463775634766,-156.08303833007812,identifier,self
-6.366218566894531,95.3693618774414,",",","
63.6425895690918,3.2651190757751465,"""","""_interfaces"""
-111.44342803955078,74.99533081054688,),)
-170.50450134277344,-15.361498832702637,:,:
72.43175506591797,-140.52774047851562,identifier,self
-64.16796875,-161.45460510253906,.,.
65.48258209228516,-22.99631118774414,identifier,_interfaces
57.343055725097656,159.17633056640625,if,if
12.057353019714355,25.5228271484375,identifier,hasattr
-89.17510986328125,-15.616440773010254,(,(
43.9768180847168,-156.0803985595703,identifier,self
-6.355985641479492,95.51362609863281,",",","
63.67753219604492,3.206387758255005,"""","""_private_interfaces"""
-110.61798858642578,75.03157043457031,),)
-170.93411254882812,-15.856245040893555,:,:
72.35111236572266,-139.96551513671875,identifier,self
-64.27359771728516,-160.87384033203125,.,.
65.31957244873047,-22.46644401550293,identifier,_private_interfaces
57.103939056396484,159.15895080566406,if,if
12.15756893157959,25.71392250061035,identifier,hasattr
-89.31362915039062,-16.046232223510742,(,(
44.04745101928711,-156.10464477539062,identifier,self
-6.323343276977539,95.60595703125,",",","
63.57219314575195,3.5624239444732666,"""","""_units"""
-109.94510650634766,74.99041748046875,),)
-171.35093688964844,-16.29421615600586,:,:
72.29011535644531,-139.56764221191406,identifier,self
-64.09313201904297,-160.6265869140625,.,.
63.400970458984375,-23.943450927734375,identifier,_units
74.38660430908203,-137.62384033203125,identifier,self
-64.33027648925781,-159.6495361328125,.,.
61.17491149902344,-24.577655792236328,identifier,_setAttrListener
54.236488342285156,-147.23243713378906,identifier,self
-69.29519653320312,-151.291748046875,.,.
63.66023254394531,-16.696624755859375,identifier,_declrCollector
76.40188598632812,-138.10536193847656,identifier,self
-68.3462142944336,-153.3023223876953,.,.
63.687904357910156,-16.718412399291992,identifier,_declr
-87.73941802978516,-58.82863235473633,(,(
-113.04714965820312,60.47227096557617,),)
73.6583023071289,-137.06077575683594,identifier,self
-64.12915802001953,-159.40615844726562,.,.
61.17850112915039,-24.575164794921875,identifier,_setAttrListener
68.87500762939453,132.06289672851562,for,for
104.49111938476562,40.90211486816406,identifier,i
54.149906158447266,-144.01019287109375,identifier,self
-62.453529357910156,-150.09005737304688,.,.
65.48785400390625,-23.069429397583008,identifier,_interfaces
-182.76097106933594,-19.89340591430664,:,:
68.81753540039062,-137.7066192626953,identifier,self
-67.9917984008789,-154.2056121826172,.,.
48.68248748779297,-23.866580963134766,identifier,_loadInterface
-75.23922729492188,-38.30757522583008,(,(
104.70561218261719,39.91707229614258,identifier,i
-1.5869265794754028,87.70093536376953,",",","
-89.53450012207031,63.064430236816406,),)
68.87315368652344,130.49986267089844,for,for
88.76933288574219,44.347286224365234,identifier,u
53.93918228149414,-143.71624755859375,identifier,self
-62.279510498046875,-150.235107421875,.,.
63.386329650878906,-23.93819236755371,identifier,_units
-182.6509552001953,-20.357219696044922,:,:
88.53181457519531,44.709503173828125,identifier,u
-25.251829147338867,-122.24744415283203,.,.
48.363834381103516,-23.74979591369629,identifier,_loadDeclarations
-85.36656951904297,-56.39707946777344,(,(
-111.14257049560547,57.262603759765625,),)
68.94239807128906,130.25503540039062,for,for
84.03030395507812,-67.92134094238281,identifier,p
53.778560638427734,-143.46282958984375,identifier,self
-62.147891998291016,-150.7000732421875,.,.
57.72248077392578,-20.144664764404297,identifier,_params
-182.55572509765625,-20.851390838623047,:,:
83.02888488769531,-66.33475494384766,identifier,p
-24.948549270629883,-123.40713500976562,.,.
46.10972213745117,-5.126551151275635,identifier,setReadOnly
-82.5053939819336,-53.126346588134766,(,(
-65.0914077758789,40.08655548095703,),)
128.60687255859375,109.93850708007812,def,def
41.26357650756836,-34.816551208496094,identifier,_profile_package
-84.62586212158203,141.3806610107422,(,(
0.9872179627418518,-206.07290649414062,identifier,self
-129.27146911621094,120.3827133178711,),)
-180.49574279785156,28.145580291748047,:,:
57.749656677246094,-9.691476821899414,identifier,_CodeHeatmapCalculator
-92.81676483154297,-58.953758239746094,(,(
-117.87551879882812,58.53633499145508,),)
99.57008361816406,-49.354705810546875,identifier,prof
-178.717529296875,-14.865167617797852,:,:
-187.97898864746094,-7.442285060882568,:,:
50.496131896972656,-29.189876556396484,identifier,runpy
-40.286006927490234,-120.88084411621094,.,.
45.63576889038086,-18.657848358154297,identifier,run_path
-66.82264709472656,-34.32686996459961,(,(
50.37335968017578,-152.13571166992188,identifier,self
-68.12073516845703,-148.8424072265625,.,.
61.297481536865234,-19.27337646484375,identifier,_run_object
1.616368055343628,112.65074920654297,",",","
103.50422668457031,-6.745607852935791,identifier,run_name
45.55266571044922,34.9536018371582,"""",'__main__'
-91.78240203857422,58.80198669433594,),)
38.02419662475586,5.0459465980529785,identifier,SystemExit
-172.83363342285156,-35.199798583984375,:,:
90.11389923095703,-42.872314453125,identifier,heatmaps
68.05353546142578,132.92442321777344,for,for
153.12832641601562,-1.7596373558044434,identifier,filename
-13.46239948272705,113.75753784179688,",",","
90.43396759033203,-46.411903381347656,identifier,heatmap
100.14913177490234,-49.359405517578125,identifier,prof
-40.51857376098633,-130.21353149414062,.,.
90.30055236816406,-46.526878356933594,identifier,heatmap
-35.15876388549805,-111.26844787597656,.,.
23.39921760559082,14.800804138183594,identifier,items
-82.53543853759766,-64.532470703125,(,(
-119.52058410644531,55.28883361816406,),)
-180.3818817138672,-13.701441764831543,:,:
63.77998352050781,149.3286590576172,if,if
39.99636459350586,29.35664176940918,identifier,os
-48.37129592895508,-113.17262268066406,.,.
129.990478515625,37.49507522583008,identifier,path
-31.232826232910156,-102.58147430419922,.,.
52.69615936279297,10.750645637512207,identifier,isfile
-85.21698760986328,-23.066835403442383,(,(
152.94764709472656,-0.6879204511642456,identifier,filename
-107.5900650024414,75.45497131347656,),)
-172.58351135253906,-23.071285247802734,:,:
89.98186492919922,-42.923133850097656,identifier,heatmaps
-20.721004486083984,-111.67481231689453,.,.
-12.580225944519043,-55.7339973449707,identifier,append
-89.34114074707031,-39.90570068359375,(,(
52.87636184692383,-152.90370178222656,identifier,self
-70.80370330810547,-152.1114044189453,.,.
57.6284065246582,-9.969786643981934,identifier,_format_heatmap
-72.94361114501953,-35.36855697631836,(,(
153.1885986328125,-0.40365779399871826,identifier,filename
3.5004801750183105,104.9620132446289,",",","
90.38957977294922,-46.44350814819336,identifier,heatmap
5.755918979644775,105.51475524902344,",",","
100.27880096435547,-49.383060455322266,identifier,prof
-44.054718017578125,-137.17149353027344,.,.
56.26725387573242,-9.060002326965332,identifier,execution_count
152.24244689941406,0.16204184293746948,identifier,filename
-94.53424835205078,43.94108581542969,),)
-70.63005065917969,66.76351928710938,),)
99.3935317993164,-13.200349807739258,identifier,run_time
57.296417236328125,9.789464950561523,identifier,sum
-86.4029312133789,-32.308837890625,(,(
90.38091278076172,-46.44291305541992,identifier,heatmap
70.18041229248047,7.595425605773926,"""",'runTime'
69.9959716796875,128.12269592285156,for,for
90.41931915283203,-46.42475509643555,identifier,heatmap
89.86617279052734,-42.96433639526367,identifier,heatmaps
-80.4477310180664,61.36389923095703,),)
71.34951782226562,15.310036659240723,"""",'objectName'
-150.2554168701172,-0.14957378804683685,:,:
53.17372131347656,-154.38589477539062,identifier,self
-67.45014953613281,-151.36146545410156,.,.
61.63441467285156,-19.31401824951172,identifier,_run_object
5.782899379730225,129.0907745361328,",",","
70.51244354248047,7.553544521331787,"""",'runTime'
-149.3780975341797,-1.2036511898040771,:,:
99.88446044921875,-13.407943725585938,identifier,run_time
6.065001964569092,128.8655548095703,",",","
68.77881622314453,3.7622592449188232,"""",'heatmaps'
-148.68202209472656,-1.9883679151535034,:,:
89.78208923339844,-42.988162994384766,identifier,heatmaps
121.71854400634766,108.57321166992188,def,def
44.450599670410156,-30.14923667907715,identifier,eventstr
-77.65557098388672,140.35372924804688,(,(
91.54277038574219,-11.573037147521973,identifier,event_tuple
-37.16550064086914,158.3197479248047,",",","
118.1868896484375,8.209355354309082,identifier,event
-36.25727081298828,157.05870056152344,",",","
84.05152130126953,25.64680290222168,identifier,register
-35.55786895751953,156.70541381835938,",",","
88.3766098022461,22.864665985107422,identifier,parameters
-123.7174072265625,110.6031265258789,),)
-182.0495147705078,23.26251220703125,:,:
65.4531021118164,158.0854949951172,if,if
-0.24704575538635254,26.142473220825195,identifier,len
-85.30034637451172,-18.359121322631836,(,(
91.96124267578125,-11.891395568847656,identifier,event_tuple
-107.60176086425781,69.5246353149414,),)
-15.733641624450684,61.0831298828125,==,==
-166.86785888671875,-17.758241653442383,:,:
117.67118072509766,8.265423774719238,identifier,event
-12.372529983520508,119.33129119873047,",",","
84.02283477783203,25.653207778930664,identifier,register
-12.866029739379883,119.75056457519531,",",","
88.37313079833984,22.867773056030273,identifier,parameters
92.24212646484375,-11.957509994506836,identifier,event_tuple
41.42083740234375,168.89950561523438,elif,elif
-0.6005257368087769,26.26764678955078,identifier,len
-85.15785217285156,-19.04117774963379,(,(
92.09107208251953,-12.02737808227539,identifier,event_tuple
-107.40404510498047,69.41122436523438,),)
-15.564852714538574,60.8011474609375,==,==
-166.91598510742188,-17.47130012512207,:,:
117.6309814453125,8.302506446838379,identifier,event
-12.526338577270508,118.6078872680664,",",","
84.03268432617188,25.650131225585938,identifier,register
92.30918884277344,-12.014266014099121,identifier,event_tuple
88.20806884765625,-25.46755027770996,identifier,event_dscr
117.53545379638672,8.394525527954102,identifier,event
-3.1037650108337402,101.43276977539062,",",","
84.0093765258789,25.65599822998047,identifier,register
51.69251251220703,153.1833038330078,if,if
88.3716812133789,22.87300682067871,identifier,parameters
-175.9905242919922,-17.142961502075195,:,:
67.23487091064453,131.13868713378906,for,for
145.62368774414062,15.495912551879883,identifier,k
-12.996940612792969,113.49079895019531,",",","
94.55294036865234,48.22981262207031,identifier,v
24.416839599609375,-1.7768375873565674,identifier,sorted
-85.78118133544922,-33.27151107788086,(,(
92.11516571044922,-12.472371101379395,identifier,event_tuple
-36.69025802612305,-108.04231262207031,.,.
23.535449981689453,15.02048110961914,identifier,items
-83.75180053710938,-64.90107727050781,(,(
-111.24345397949219,50.71296310424805,),)
-104.9742660522461,78.45136260986328,),)
-180.87014770507812,-13.647500038146973,:,:
63.229766845703125,148.10348510742188,if,if
53.66472625732422,37.9648323059082,identifier,type
-83.442138671875,-16.58867073059082,(,(
94.56980895996094,48.883148193359375,identifier,v
-105.31185913085938,69.08687591552734,),)
29.14924430847168,31.89562225341797,identifier,int
-176.1078338623047,-20.76572036743164,:,:
145.4619598388672,15.085014343261719,identifier,k
45.08353805541992,11.827527046203613,"""","""={}"""
-24.791757583618164,-97.78089904785156,.,.
17.090478897094727,60.3780632019043,identifier,format
-86.87527465820312,-38.11691665649414,(,(
54.748619079589844,21.247236251831055,identifier,hex
-80.44678497314453,-25.677406311035156,(,(
94.7610092163086,49.031925201416016,identifier,v
-98.99687957763672,48.994140625,),)
-73.2467269897461,66.62438201904297,),)
88.18830871582031,-25.47682762145996,identifier,event_dscr
-19.043237686157227,-113.37615966796875,.,.
-13.250829696655273,-56.07064437866211,identifier,append
-81.2466812133789,-41.88664627075195,(,(
145.533447265625,15.244453430175781,identifier,k
-77.68306732177734,60.768306732177734,),)
48.69419860839844,14.870847702026367,"""",""":"""
-24.28498077392578,-100.22029113769531,.,.
5.079424858093262,-0.218440979719162,identifier,join
-80.32926177978516,-45.450626373291016,(,(
88.16471862792969,-25.470020294189453,identifier,event_dscr
-62.22724914550781,41.969627380371094,),)
130.2279052734375,115.33639526367188,def,def
31.625688552856445,-16.537813186645508,identifier,map
-78.49209594726562,137.8225555419922,(,(
-3.807974338531494,-203.4539337158203,identifier,self
-35.61198043823242,183.6820831298828,",",","
98.48200225830078,-59.72967529296875,identifier,mols
-34.36558151245117,170.43040466308594,",",","
82.52323150634766,-16.533750534057617,identifier,nproc
-37.0099983215332,156.9823455810547,",",","
97.36100769042969,-62.244876861572266,identifier,nmols
-36.38724899291992,156.27793884277344,",",","
54.7679328918457,29.750211715698242,identifier,quiet
-34.817901611328125,156.40966796875,",",","
81.08322143554688,-44.08646011352539,identifier,ipynb
-34.262142181396484,155.9954833984375,",",","
122.78914642333984,-2.9530131816864014,identifier,id
27.041757583618164,70.41499328613281,-,-
-124.65512084960938,109.42428588867188,),)
-182.10667419433594,22.593473434448242,:,:
63.52630615234375,157.3948974609375,if,if
82.68670654296875,-16.625587463378906,identifier,nproc
-168.35617065429688,-15.335640907287598,:,:
82.67742919921875,-16.624652862548828,identifier,nproc
55.524803161621094,-13.33531665802002,identifier,cpu_count
-91.4416732788086,-59.50560760498047,(,(
-115.60819244384766,59.36452865600586,),)
58.77153778076172,153.1118621826172,if,if
11.31148910522461,25.91189193725586,identifier,hasattr
-88.53062438964844,-16.3322696685791,(,(
98.07210540771484,-59.757781982421875,identifier,mols
-5.466368198394775,97.0683822631836,",",","
44.71995162963867,36.59504318237305,"""","""__len__"""
-109.59292602539062,75.65229797363281,),)
-172.54116821289062,-16.29254913330078,:,:
97.38291931152344,-62.44208526611328,identifier,nmols
-1.5905896425247192,24.952186584472656,identifier,len
-84.11237335205078,-20.412670135498047,(,(
97.9751968383789,-59.784976959228516,identifier,mols
-93.5499267578125,68.49507141113281,),)
54.64501953125,152.66134643554688,if,if
82.8155517578125,-16.66655921936035,identifier,nproc
-14.140859603881836,62.36442947387695,==,==
-165.11024475097656,-28.538368225097656,:,:
59.26455307006836,-157.44070434570312,identifier,self
-73.9092788696289,-153.7059326171875,.,.
54.540977478027344,-20.755277633666992,identifier,_serial
-71.44817352294922,-44.91583251953125,(,(
98.00159454345703,-59.80463409423828,identifier,mols
5.283385276794434,112.61277770996094,",",","
97.5523681640625,-62.57550048828125,identifier,nmols
98.0653305053711,-62.27033233642578,identifier,nmols
5.288820266723633,119.41116333007812,",",","
54.80002212524414,29.761638641357422,identifier,quiet
54.86589431762695,30.337711334228516,identifier,quiet
5.1357855796813965,119.54093170166016,",",","
81.19650268554688,-43.99666976928711,identifier,ipynb
81.95748138427734,-44.027713775634766,identifier,ipynb
5.046520233154297,120.47528076171875,",",","
122.4612045288086,-3.2298741340637207,identifier,id
123.0946273803711,-3.6923017501831055,identifier,id
-86.02239227294922,59.107566833496094,),)
34.086509704589844,174.591552734375,else,else
-186.3931427001953,-40.67811584472656,:,:
59.304893493652344,-157.5518035888672,identifier,self
-73.9653549194336,-153.96493530273438,.,.
55.09832000732422,-20.318567276000977,identifier,_parallel
-71.7719955444336,-45.01709747314453,(,(
97.99756622314453,-59.80009841918945,identifier,mols
13.688115119934082,104.71593475341797,",",","
82.97941589355469,-16.708168029785156,identifier,nproc
8.515276908874512,114.65596008300781,",",","
97.57833099365234,-62.61912536621094,identifier,nmols
98.15245056152344,-62.286888122558594,identifier,nmols
6.426393985748291,119.52407836914062,",",","
54.80222702026367,29.768096923828125,identifier,quiet
54.86563491821289,30.33860969543457,identifier,quiet
6.91677188873291,119.44743347167969,",",","
81.27035522460938,-43.995765686035156,identifier,ipynb
81.97405242919922,-44.02781295776367,identifier,ipynb
8.075075149536133,119.438232421875,",",","
122.52052307128906,-3.276515007019043,identifier,id
123.12830352783203,-3.7148053646087646,identifier,id
-61.704612731933594,45.12772750854492,),)
130.3760528564453,110.14512634277344,def,def
36.86825942993164,-28.681739807128906,identifier,_draw_mainlayer
-82.43077850341797,136.47946166992188,(,(
-0.7019075751304626,-207.07290649414062,identifier,self
-33.995670318603516,184.32017517089844,",",","
78.73446655273438,-79.59638977050781,identifier,gc
-33.23546600341797,169.6127471923828,",",","
65.62843322753906,-5.996410846710205,identifier,view_bounds
-36.95290756225586,154.5092315673828,",",","
59.55724334716797,34.43539810180664,identifier,mode
57.705482482910156,11.72484016418457,"""","""default"""
-125.97333526611328,109.67678833007812,),)
-179.27792358398438,22.248292922973633,:,:
78.97587585449219,-79.08885192871094,identifier,gc
-26.611286163330078,-118.38601684570312,.,.
44.317047119140625,-16.140499114990234,identifier,save_state
-91.640869140625,-56.4769287109375,(,(
-116.89781188964844,60.03125,),)
-186.15492248535156,-8.510602951049805,:,:
64.83897399902344,152.38902282714844,if,if
-0.468004047870636,25.457168579101562,identifier,len
-85.4409408569336,-18.063142776489258,(,(
50.74152755737305,-149.66632080078125,identifier,self
-65.90306854248047,-138.84164428710938,.,.
76.71698760986328,20.404983520507812,identifier,points
-107.97468566894531,68.92986297607422,),)
-168.96499633789062,-18.92888641357422,:,:
78.76895904541016,-78.77033233642578,identifier,gc
-24.73464584350586,-118.53504180908203,.,.
43.52726745605469,-11.191789627075195,identifier,set_fill_color
-79.90432739257812,-34.5062141418457,(,(
49.09843826293945,-148.07315063476562,identifier,self
-63.38673400878906,-142.32752990722656,.,.
62.918251037597656,-42.28318405151367,identifier,pen
-43.71027374267578,-135.3296356201172,.,.
42.98703384399414,-10.80427360534668,identifier,fill_color_
-77.60873413085938,73.16442108154297,),)
78.87642669677734,-78.35554504394531,identifier,gc
-24.6057186126709,-118.85191345214844,.,.
43.592559814453125,-11.261791229248047,identifier,set_stroke_color
-79.8759536743164,-34.591453552246094,(,(
49.060245513916016,-147.8489227294922,identifier,self
-63.25906753540039,-142.3348846435547,.,.
62.92462921142578,-42.281551361083984,identifier,pen
-43.619441986083984,-135.4185028076172,.,.
42.79030990600586,-10.32442855834961,identifier,color_
-77.6570816040039,73.00552368164062,),)
79.01664733886719,-78.20987701416016,identifier,gc
-24.590675354003906,-119.00386810302734,.,.
44.457855224609375,-10.877553939819336,identifier,set_line_width
-79.87283325195312,-34.6806640625,(,(
49.11625289916992,-147.7126922607422,identifier,self
-63.21345520019531,-142.35696411132812,.,.
62.92799377441406,-42.28298568725586,identifier,pen
-43.574806213378906,-135.46701049804688,.,.
44.821903228759766,-10.704665184020996,identifier,line_width
-77.7022476196289,72.2845687866211,),)
79.24261474609375,-78.105224609375,identifier,gc
-24.894004821777344,-119.90641021728516,.,.
42.689002990722656,-13.904136657714844,identifier,begin_path
-86.33592987060547,-56.90833282470703,(,(
-111.81826782226562,60.54935073852539,),)
79.55796813964844,-78.063232421875,identifier,gc
-24.58245277404785,-120.1720199584961,.,.
118.79173278808594,-70.71900939941406,identifier,lines
-79.36012268066406,-38.06087112426758,(,(
49.59400939941406,-147.25364685058594,identifier,self
-60.12432098388672,-139.2325897216797,.,.
76.71989440917969,20.4052791595459,identifier,points
-77.3470687866211,70.33907318115234,),)
79.71257019042969,-78.17256164550781,identifier,gc
-24.97574806213379,-120.29029846191406,.,.
42.536659240722656,-13.99050235748291,identifier,close_path
-85.92137908935547,-56.81441116333008,(,(
-111.98184967041016,58.29517364501953,),)
52.936126708984375,148.486572265625,if,if
58.333351135253906,-140.6588134765625,identifier,self
-67.81884002685547,-142.2703857421875,.,.
42.24454116821289,-11.233965873718262,identifier,filled
-173.51589965820312,-26.871503829956055,:,:
79.63752746582031,-78.73078918457031,identifier,gc
-24.649477005004883,-121.39302062988281,.,.
43.010841369628906,-13.184514045715332,identifier,draw_path
-79.17137145996094,-38.805728912353516,(,(
49.88740539550781,-146.58607482910156,identifier,self
-57.79246139526367,-143.1963653564453,.,.
55.86792755126953,-10.574490547180176,identifier,inside_rule_
-85.83545684814453,56.80475616455078,),)
32.42457962036133,175.85365295410156,else,else
-188.92208862304688,-40.5100212097168,:,:
79.82210540771484,-78.67570495605469,identifier,gc
-24.41343116760254,-121.90911102294922,.,.
43.142860412597656,-12.665271759033203,identifier,stroke_path
-84.94979095458984,-55.951778411865234,(,(
-110.0389633178711,56.75143814086914,),)
-191.06304931640625,-41.80893325805664,:,:
79.84618377685547,-78.98043823242188,identifier,gc
-24.404207229614258,-122.33003997802734,.,.
44.405277252197266,-15.99875545501709,identifier,restore_state
-82.22183990478516,-53.74761962890625,(,(
-64.47715759277344,40.08760070800781,),)
120.67377471923828,106.19497680664062,def,def
36.803565979003906,-26.108102798461914,identifier,write_json
-79.46971893310547,134.746826171875,(,(
18.509906768798828,38.91975402832031,identifier,f
-171.97543334960938,4.419329643249512,:,:
57.405479431152344,2.515186309814453,identifier,TextIO
-31.54987144470215,163.40414428710938,",",","
70.16481018066406,-13.264976501464844,identifier,deja_vu_sans_path
-170.76760864257812,4.1692070960998535,:,:
33.68599319458008,42.937767028808594,identifier,str
-31.686607360839844,162.9728546142578,",",","
61.0676383972168,-49.053131103515625,identifier,measurer
-171.13600158691406,3.5672895908355713,:,:
60.707950592041016,-46.6741828918457,identifier,text_measurer
-49.233707427978516,-127.16512298583984,.,.
59.12298583984375,-46.819976806640625,identifier,TextMeasurer
-31.847030639648438,162.1743621826172,",",","
78.25772857666016,9.15977668762207,identifier,encodings
-170.33827209472656,3.2220349311828613,:,:
26.00482749938965,5.411535263061523,identifier,Iterable
33.121971130371094,42.71799087524414,identifier,str
-122.9059829711914,106.79170227050781,),)
-178.33351135253906,17.646564483642578,:,:
90.34860229492188,-23.004289627075195,identifier,supported_characters
20.74240493774414,0.6634756326675415,identifier,list
-88.26256561279297,-34.878334045410156,(,(
59.51203536987305,-11.08208179473877,identifier,generate_supported_characters
-74.2765884399414,-25.976947784423828,(,(
70.14107513427734,-13.239945411682129,identifier,deja_vu_sans_path
-100.93428039550781,45.20147705078125,),)
-69.68340301513672,71.7081298828125,),)
83.75251770019531,-31.46670150756836,identifier,kerning_characters
49.953025817871094,24.568756103515625,"""",''
-27.302392959594727,-100.44551086425781,.,.
3.7681283950805664,-0.23867152631282806,identifier,join
-88.1474380493164,-34.97809600830078,(,(
59.40982437133789,-11.105036735534668,identifier,generate_encodeable_characters
-74.35392761230469,-25.971296310424805,(,(
90.23936462402344,-23.3096981048584,identifier,supported_characters
-0.030570263043045998,101.2402572631836,",",","
78.25591278076172,9.163488388061523,identifier,encodings
-100.3245849609375,44.7300910949707,),)
-69.6664047241211,71.64258575439453,),)
92.17281341552734,-19.7725830078125,identifier,char_to_length
58.86330032348633,-12.436874389648438,identifier,calculate_character_to_length_mapping
-70.54354095458984,-33.736785888671875,(,(
61.0136833190918,-49.60271453857422,identifier,measurer
1.1595444679260254,102.002197265625,",",","
90.22549438476562,-23.32964515686035,identifier,supported_characters
-84.04212188720703,74.48886108398438,),)
84.4541244506836,-29.48800277709961,identifier,pair_to_kerning
58.77676773071289,-12.386774063110352,identifier,calculate_pair_to_kern_mapping
-70.88025665283203,-34.42129898071289,(,(
61.00392532348633,-49.75443649291992,identifier,measurer
2.0020649433135986,103.2304458618164,",",","
92.39732360839844,-20.490901947021484,identifier,char_to_length
3.8041532039642334,101.77926635742188,",",","
83.2107162475586,-31.782596588134766,identifier,kerning_characters
-81.00094604492188,70.26895141601562,),)
25.72819709777832,21.78343391418457,identifier,json
-18.004940032958984,-122.447265625,.,.
32.039093017578125,-25.27206039428711,identifier,dump
-92.0827865600586,-40.64926528930664,(,(
68.64659118652344,6.397655487060547,"""",'mean-character-length'
-151.15293884277344,0.6970696449279785,:,:
55.118385314941406,-38.730918884277344,identifier,statistics
-33.08653259277344,-124.8034896850586,.,.
62.2945556640625,26.421789169311523,identifier,mean
-90.11994934082031,-28.67193603515625,(,(
92.5091781616211,-20.83009910583496,identifier,char_to_length
-36.3841667175293,-109.18592834472656,.,.
86.79561614990234,57.66761779785156,identifier,values
-84.61537170410156,-65.7440185546875,(,(
-110.42915344238281,49.402862548828125,),)
-90.14070892333984,46.46746063232422,),)
3.5464982986450195,128.4066925048828,",",","
68.71417236328125,6.360511779785156,"""",'character-lengths'
-150.3172607421875,-1.7857412099838257,:,:
92.56575012207031,-20.79061508178711,identifier,char_to_length
4.832736492156982,128.69769287109375,",",","
69.10406494140625,5.112526893615723,"""",'kerning-characters'
-149.97860717773438,-2.2389068603515625,:,:
83.12923431396484,-31.83060646057129,identifier,kerning_characters
5.0280961990356445,128.5325469970703,",",","
69.13969421386719,5.002943515777588,"""",'kerning-pairs'
-149.25917053222656,-2.511406421661377,:,:
84.22545623779297,-28.50076675415039,identifier,pair_to_kerning
12.539830207824707,111.6645736694336,",",","
18.24842071533203,39.56767654418945,identifier,f
10.106494903564453,118.24102783203125,",",","
50.220916748046875,-13.17554759979248,identifier,sort_keys
9.520528793334961,119.78765106201172,",",","
94.93756103515625,28.904115676879883,identifier,indent
-59.80754470825195,45.3895149230957,),)
121.14714813232422,105.62975311279297,def,def
41.103885650634766,-26.398311614990234,identifier,is_identity_matrix
-81.05083465576172,134.90512084960938,(,(
121.17693328857422,-43.840415954589844,identifier,mat
-34.053096771240234,172.25184631347656,",",","
80.66069793701172,-4.745318412780762,identifier,ignore_phase
-36.2365608215332,158.61331176757812,",",","
72.84879302978516,-51.371089935302734,identifier,rtol
75.02771759033203,-23.902664184570312,identifier,RTOL_DEFAULT
-33.731529235839844,157.54180908203125,",",","
72.19576263427734,-55.570072174072266,identifier,atol
75.41205596923828,-23.724679946899414,identifier,ATOL_DEFAULT
-125.54737854003906,110.7713851928711,),)
-183.09413146972656,22.27741241455078,:,:
63.026954650878906,157.3255157470703,if,if
72.23648834228516,-55.58740997314453,identifier,atol
-167.41961669921875,-14.877758979797363,:,:
72.2340087890625,-55.58430099487305,identifier,atol
75.38053131103516,-23.732566833496094,identifier,ATOL_DEFAULT
58.77814483642578,157.12489318847656,if,if
73.0950698852539,-51.40331268310547,identifier,rtol
-167.1437530517578,-15.227855682373047,:,:
73.15250396728516,-51.40990447998047,identifier,rtol
75.03186798095703,-23.889909744262695,identifier,RTOL_DEFAULT
120.36902618408203,-42.844581604003906,identifier,mat
50.827476501464844,-127.44026947021484,identifier,np
-43.13679885864258,-114.05089569091797,.,.
29.34186553955078,-8.007466316223145,identifier,array
-74.05010223388672,-29.15928840637207,(,(
120.40278625488281,-43.85250473022461,identifier,mat
-93.25586700439453,68.89903259277344,),)
56.0289192199707,155.5748748779297,if,if
120.20030212402344,-43.62602996826172,identifier,mat
-44.1226921081543,-131.07174682617188,.,.
31.882423400878906,-5.22019100189209,identifier,ndim
-7.879796981811523,67.3269271850586,!=,!=
-163.77867126464844,-27.980426788330078,:,:
52.16865158081055,157.28662109375,if,if
80.63887023925781,-4.735191822052002,identifier,ignore_phase
-172.40379333496094,-20.72414779663086,:,:
93.4942626953125,11.591957092285156,identifier,theta
50.37724304199219,-127.41151428222656,identifier,np
-43.66709899902344,-114.3534164428711,.,.
42.701744079589844,-8.976585388183594,identifier,angle
-83.618408203125,-31.815584182739258,(,(
120.36543273925781,-43.66725540161133,identifier,mat
-4.257493019104004,91.19605255126953,",",","
-75.04827117919922,73.33445739746094,),)
120.30640411376953,-42.91836929321289,identifier,mat
50.3649787902832,-126.96141052246094,identifier,np
-44.15568542480469,-114.18036651611328,.,.
67.4361572265625,-1.489852786064148,identifier,exp
-82.45262908935547,-32.78538131713867,(,(
26.513599395751953,72.10291290283203,-,-
93.49323272705078,11.589926719665527,identifier,theta
-99.00961303710938,58.095211029052734,),)
119.75497436523438,-43.86225891113281,identifier,mat
121.24372863769531,-6.3372721672058105,identifier,iden
49.95892333984375,-127.0461196899414,identifier,np
-44.219356536865234,-113.97394561767578,.,.
34.3725471496582,-7.259340286254883,identifier,eye
-87.03376007080078,-37.22333908081055,(,(
-2.3970701694488525,24.49150848388672,identifier,len
-82.2215805053711,-22.954450607299805,(,(
120.36865234375,-43.94187545776367,identifier,mat
-99.71995544433594,49.162384033203125,),)
-73.57598114013672,64.04721069335938,),)
50.0234489440918,-126.54469299316406,identifier,np
-44.58805847167969,-113.02618408203125,.,.
40.79682159423828,-13.857237815856934,identifier,allclose
-72.8700942993164,-44.890193939208984,(,(
120.59960174560547,-44.14398956298828,identifier,mat
13.455981254577637,104.23685455322266,",",","
121.24562072753906,-6.334169387817383,identifier,iden
8.766239166259766,115.13196563720703,",",","
73.16212463378906,-51.38686752319336,identifier,rtol
73.38143920898438,-51.417442321777344,identifier,rtol
8.27100658416748,118.84601593017578,",",","
72.35441589355469,-55.634376525878906,identifier,atol
72.47554016113281,-55.67847442626953,identifier,atol
-61.14049530029297,44.254615783691406,),)
