x,y,role,token
4.981724262237549,-150.95559692382812,function,function
-54.63759994506836,-11.721847534179688,identifier,findIndex
-10.153023719787598,-82.78296661376953,(,(
-66.37743377685547,-28.71399688720703,identifier,predicate
141.03175354003906,20.201068878173828,",",","
-68.78343200683594,-41.30560302734375,identifier,context
51.727848052978516,-114.02172088623047,),)
74.48500061035156,-145.0160675048828,{,{
208.61404418945312,-8.512384414672852,if,if
35.91706466674805,-62.1001091003418,(,(
127.3132553100586,-86.87165832519531,),)
128.7043914794922,-93.17018127441406,{,{
-34.25656509399414,-25.85997200012207,identifier,TypeError
17.697795867919922,-8.429919242858887,(,(
47.804134368896484,90.3960952758789,),)
132.78457641601562,110.00927734375,},}
199.6898956298828,-0.8393874764442444,if,if
34.71236038208008,-60.10584259033203,(,(
-66.36285400390625,-28.701099395751953,identifier,predicate
129.93795776367188,-86.3883285522461,),)
128.9400634765625,-94.8796615600586,{,{
-34.01200485229492,-24.861095428466797,identifier,TypeError
18.647159576416016,-8.957074165344238,(,(
48.85676193237305,90.61251831054688,),)
132.54627990722656,110.94029998779297,},}
-83.62071990966797,16.988237380981445,identifier,list
76.32676696777344,-25.305578231811523,=,=
-37.70048141479492,33.79657745361328,identifier,Object
-14.596267700195312,-21.43733024597168,(,(
39.87525939941406,62.858009338378906,),)
-124.67876434326172,63.749061584472656,identifier,length
68.007568359375,-33.0263557434082,=,=
-83.6828384399414,17.322519302368164,identifier,list
-14.82670783996582,96.2830810546875,.,.
-125.2445068359375,67.6387710571289,identifier,length
184.68775939941406,-20.185306549072266,for,for
180.13876342773438,-22.83772850036621,(,(
-163.91090393066406,11.462478637695312,identifier,i
62.37782669067383,-45.99385070800781,=,=
-168.44859313964844,4.534554481506348,identifier,i
58.88591003417969,-52.86429214477539,<,<
-125.60606384277344,64.48502349853516,identifier,length
-169.0416259765625,3.9731740951538086,identifier,i
98.16120147705078,-93.35645294189453,),)
100.42622375488281,-98.50391387939453,{,{
207.388427734375,8.07429313659668,if,if
24.768775939941406,-74.93754577636719,(,(
-66.36255645751953,-28.706602096557617,identifier,predicate
-24.35028839111328,94.95764923095703,.,.
-13.771577835083008,-4.125284671783447,identifier,call
-7.182891845703125,-6.4235758781433105,(,(
-68.77783203125,-41.2965202331543,identifier,context
107.90094757080078,28.787385940551758,",",","
-83.92464447021484,17.577478408813477,identifier,list
-161.1617889404297,-0.9477165937423706,identifier,i
107.01757049560547,37.72874450683594,",",","
-162.65921020507812,2.2970619201660156,identifier,i
110.3863525390625,39.56499099731445,",",","
-84.16229248046875,17.808364868164062,identifier,list
41.78083419799805,78.18072509765625,),)
135.5111083984375,-79.60342407226562,),)
129.00308227539062,-107.03562927246094,{,{
-64.04174041748047,-147.28341674804688,return,return
-162.6959228515625,3.0736756324768066,identifier,i
120.4674072265625,109.22276306152344,},}
118.69290161132812,101.54241943359375,},}
-59.640663146972656,-146.5193328857422,return,return
70.04901123046875,157.78538513183594,},}
5.279345512390137,-147.35003662109375,function,function
-62.56199645996094,-12.985251426696777,identifier,compileSass
-11.07562255859375,-81.37387084960938,(,(
-97.41983795166016,-21.446002960205078,identifier,_path
135.31166076660156,23.113866806030273,",",","
-42.01570129394531,42.396026611328125,identifier,ext
138.38623046875,27.646814346313477,",",","
-79.92146301269531,-35.79018783569336,identifier,data
139.0802459716797,28.56490135192871,",",","
-56.342647552490234,-50.985198974609375,identifier,callback
50.228389739990234,-120.12216186523438,),)
79.36245727539062,-144.306884765625,{,{
-64.570068359375,-14.72164535522461,identifier,compiledCss
75.97466278076172,-26.7017765045166,=,=
-62.85356903076172,-13.141382217407227,identifier,sass
-40.48921585083008,93.17414855957031,.,.
-50.53777313232422,-11.495418548583984,identifier,renderSync
-3.6582233905792236,-17.874319076538086,(,(
119.80841827392578,-28.561935424804688,{,{
-80.82627868652344,-34.896793365478516,identifier,data
-80.53211212158203,-34.77973937988281,identifier,data
129.0118408203125,41.82224655151367,",",","
-67.69904327392578,4.599911212921143,identifier,outputStyle
130.1754150390625,42.334259033203125,",",","
-60.67729187011719,-3.289409637451172,identifier,importer
5.796287536621094,-120.34273529052734,function,function
-3.8980679512023926,-106.09819793701172,(,(
-112.67420959472656,-2.131432294845581,identifier,url
130.6009063720703,22.64763069152832,",",","
-94.03319549560547,20.552387237548828,identifier,prev
130.51712036132812,22.722213745117188,",",","
-54.80396270751953,-49.48160171508789,identifier,done
64.97364807128906,-112.59408569335938,),)
83.6545181274414,-129.40460205078125,{,{
209.36793518066406,2.5415096282958984,if,if
27.07876968383789,-68.90242004394531,(,(
-112.98493194580078,-1.8970330953598022,identifier,url
-8.908794403076172,97.3130111694336,.,.
-0.6901570558547974,-0.03204473853111267,identifier,startsWith
-0.5106097459793091,-0.46381473541259766,(,(
29.734527587890625,76.17188262939453,),)
132.4737091064453,-80.35447692871094,),)
122.3676986694336,-101.85616302490234,{,{
-107.58078002929688,13.84634017944336,identifier,newUrl
66.40475463867188,-26.121673583984375,=,=
-50.22679901123047,70.59784698486328,identifier,path
-47.22789001464844,76.20030975341797,.,.
12.679486274719238,10.955705642700195,identifier,join
10.781702041625977,8.996857643127441,(,(
-57.07831954956055,17.422224044799805,identifier,__dirname
99.193359375,39.69480895996094,",",","
101.02204132080078,43.226417541503906,",",","
-113.00076293945312,-1.8239020109176636,identifier,url
-8.765317916870117,97.23365020751953,.,.
-6.776453495025635,15.487398147583008,identifier,substr
0.1701398342847824,10.089373588562012,(,(
34.853572845458984,83.73072052001953,),)
45.98740768432617,83.01517486572266,),)
-67.72615051269531,-143.07635498046875,return,return
117.5735855102539,-31.1649227142334,{,{
-107.25445556640625,-11.120153427124023,identifier,file
-108.02696228027344,12.252933502197266,identifier,newUrl
95.43443298339844,91.25657653808594,},}
129.4851837158203,101.60873413085938,},}
139.58090209960938,91.1214828491211,else,else
120.67604064941406,-114.50241088867188,{,{
-67.6810531616211,-143.12559509277344,return,return
117.66436004638672,-31.299205780029297,{,{
-107.26148986816406,-11.121588706970215,identifier,file
-112.78258514404297,-1.7565851211547852,identifier,url
95.2439956665039,91.39264678955078,},}
117.81124114990234,111.57809448242188,},}
113.39705657958984,98.17970275878906,},}
107.87297821044922,95.99667358398438,},}
62.261390686035156,88.55900573730469,),)
-56.07194519042969,-53.83810806274414,identifier,callback
17.17069435119629,-24.98458480834961,(,(
112.56602478027344,26.7158145904541,",",","
-64.63794708251953,-14.830613136291504,identifier,compiledCss
-30.244413375854492,104.69693756103516,.,.
-64.70059967041016,-15.364588737487793,identifier,css
52.420963287353516,77.29369354248047,),)
70.67879486083984,161.8997344970703,},}
0.6029520630836487,-151.00360107421875,function,function
-64.80220794677734,2.0659525394439697,identifier,AlgoliaSearchHelper
-15.906030654907227,-87.79686737060547,(,(
-96.94778442382812,-34.78335952758789,identifier,client
135.20828247070312,20.457664489746094,",",","
-145.8421173095703,-18.609867095947266,identifier,index
138.82049560546875,27.297119140625,",",","
-125.80604553222656,-70.395751953125,identifier,options
50.80912780761719,-110.84405517578125,),)
76.98709106445312,-147.02755737304688,{,{
207.2567596435547,-6.916264533996582,if,if
34.30357360839844,-64.18206787109375,(,(
-97.67628479003906,-34.742591857910156,identifier,client
-38.27933883666992,104.94847106933594,.,.
-64.72418212890625,2.772700071334839,identifier,addAlgoliaAgent
83.66511535644531,-68.31194305419922,&&,&&
-61.0074577331543,1.1564759016036987,identifier,doesClientAgentContainsHelper
0.15281234681606293,-28.84758186340332,(,(
-97.46435546875,-34.39689636230469,identifier,client
33.9368782043457,72.07621765136719,),)
128.73281860351562,-83.98312377929688,),)
125.30940246582031,-96.16887664794922,{,{
-97.85667419433594,-34.82455825805664,identifier,client
-39.402034759521484,104.75358581542969,.,.
-64.7923812866211,2.7911431789398193,identifier,addAlgoliaAgent
8.303112983703613,-9.967414855957031,(,(
1.0676685571670532,45.20702362060547,+,+
-90.20338439941406,-18.656099319458008,identifier,version
-5.015971660614014,57.57966613769531,+,+
48.773414611816406,88.40534973144531,),)
134.04608154296875,111.33799743652344,},}
-54.94450759887695,109.68370056152344,.,.
-46.05267333984375,-2.609698534011841,identifier,setClient
5.011251926422119,-12.52605152130127,(,(
-97.23609161376953,-34.221073150634766,identifier,client
45.746055603027344,68.76050567626953,),)
-128.92262268066406,-68.21700286865234,identifier,opts
80.26654052734375,-37.948448181152344,=,=
-122.67333221435547,-67.20856475830078,identifier,options
86.55741882324219,-52.544654846191406,||,||
117.04646301269531,-21.928264617919922,{,{
115.86487579345703,-16.776369094848633,},}
-128.98524475097656,-66.99044799804688,identifier,opts
-40.9283447265625,126.86425018310547,.,.
-144.20213317871094,-18.4890193939209,identifier,index
65.2359619140625,-8.91441535949707,=,=
-144.10171508789062,-18.167919158935547,identifier,index
-57.39793014526367,118.86027526855469,.,.
-87.48892211914062,33.21287536621094,identifier,state
65.52375793457031,-6.520739555358887,=,=
-65.02460479736328,0.6869028210639954,identifier,SearchParameters
-34.23143768310547,90.45038604736328,.,.
-42.69822311401367,1.2042229175567627,identifier,make
-8.27784252166748,-22.994178771972656,(,(
-129.733642578125,-67.6246109008789,identifier,opts
45.016693115234375,73.08438110351562,),)
-57.43825912475586,118.27582550048828,.,.
-62.79704284667969,13.61197280883789,identifier,lastResults
68.24835205078125,-4.646509170532227,=,=
-60.25032043457031,115.01568603515625,.,.
-63.903076171875,11.847790718078613,identifier,_queryId
67.65105438232422,-4.031675815582275,=,=
-60.434791564941406,114.3752212524414,.,.
-63.219600677490234,11.90471076965332,identifier,_lastQueryIdReceived
68.28926086425781,-3.3805389404296875,=,=
-58.589237213134766,116.71314239501953,.,.
-63.04410934448242,15.933347702026367,identifier,derivedHelpers
70.14803314208984,-4.881216049194336,=,=
-60.707855224609375,113.81320190429688,.,.
-62.893280029296875,12.376487731933594,identifier,_currentNbQueries
68.37749481201172,-3.042349100112915,=,=
71.6275405883789,163.9169464111328,},}
2.711721181869507,-150.3453826904297,function,function
-57.17344665527344,-11.016256332397461,identifier,uniqGrant
-12.246085166931152,-83.85234832763672,(,(
-118.79657745361328,-20.146543502807617,identifier,str
56.7852783203125,-114.18345642089844,),)
73.60041809082031,-141.98265075683594,{,{
-123.78690338134766,-19.884140014648438,identifier,arr
80.25225067138672,-29.0445556640625,=,=
-118.77455139160156,-21.214799880981445,identifier,str
-9.93258285522461,100.30767059326172,.,.
1.2350995540618896,20.25691795349121,identifier,split
2.941312551498413,16.803579330444336,(,(
31.97029685974121,64.71841430664062,),)
-80.65904235839844,4.0030083656311035,identifier,exist
82.07843780517578,-24.05628204345703,=,=
115.90674591064453,-25.474475860595703,{,{
114.27944946289062,-15.556218147277832,},}
-161.90676879882812,9.339308738708496,identifier,i
149.7167510986328,36.57471466064453,",",","
-116.61495208740234,3.256686210632324,identifier,item
182.46759033203125,-20.780290603637695,for,for
177.78573608398438,-22.170984268188477,(,(
-167.57350158691406,9.254450798034668,identifier,i
62.49555206298828,-43.8992919921875,=,=
-169.01287841796875,6.7544941902160645,identifier,i
57.331871032714844,-51.18949890136719,<,<
-125.16045379638672,-20.65179443359375,identifier,arr
-15.898702621459961,94.79948425292969,.,.
-126.40875244140625,69.7376708984375,identifier,length
96.46897888183594,-94.86412048339844,),)
102.46031951904297,-97.51107025146484,{,{
-116.30281829833984,1.3018966913223267,identifier,item
68.7996826171875,-24.00276756286621,=,=
-125.48748016357422,-21.184242248535156,identifier,arr
-162.3360595703125,-3.201046943664551,identifier,i
-4.981464862823486,97.64363098144531,.,.
21.603525161743164,45.16329574584961,identifier,trim
22.497398376464844,45.28386306762695,(,(
31.739391326904297,56.001136779785156,),)
206.8242645263672,2.7490391731262207,if,if
25.91375732421875,-68.08029174804688,(,(
-80.61823272705078,4.051589488983154,identifier,exist
-119.07445526123047,2.8638916015625,identifier,item
126.98834228515625,-75.92585754394531,),)
125.96768951416016,-101.39815521240234,{,{
-126.39622497558594,-21.335350036621094,identifier,arr
-15.390976905822754,89.73927307128906,.,.
-8.060730934143066,7.87917423248291,identifier,splice
-1.9178285598754883,5.7726945877075195,(,(
-161.96974182128906,1.482932448387146,identifier,i
98.14876556396484,35.85860824584961,",",","
48.015655517578125,80.1761703491211,),)
131.97195434570312,102.89248657226562,},}
140.60400390625,89.73068237304688,else,else
120.39192962646484,-113.2017593383789,{,{
-80.60953521728516,4.055261611938477,identifier,exist
-119.02320861816406,2.8032479286193848,identifier,item
59.0013427734375,-7.199854850769043,=,=
-126.46790313720703,-21.530136108398438,identifier,arr
-160.10984802246094,0.16975799202919006,identifier,i
61.09857940673828,-9.20555591583252,=,=
-118.5636215209961,1.5411295890808105,identifier,item
-163.7852020263672,4.062458515167236,identifier,i
117.81419372558594,106.90234375,},}
118.88919830322266,99.34850311279297,},}
-61.993492126464844,-142.95135498046875,return,return
-126.11687469482422,-20.671964645385742,identifier,arr
-14.231804847717285,90.23068237304688,.,.
10.358478546142578,17.015949249267578,identifier,join
6.22713041305542,13.164047241210938,(,(
38.499061584472656,87.6904067993164,),)
71.66532135009766,159.98818969726562,},}
3.470104217529297,-151.15391540527344,function,function
-57.48260498046875,-6.346375465393066,identifier,isDeeplyNestedGeneric
-7.6210737228393555,-80.85301971435547,(,(
-90.17280578613281,-26.05044174194336,identifier,type
136.6650848388672,23.000144958496094,",",","
-72.01800537109375,-21.866342544555664,identifier,stack
140.9781036376953,26.800710678100586,",",","
-86.021484375,14.126479148864746,identifier,depth
51.45888900756836,-117.6697769165039,),)
78.02083587646484,-145.80752563476562,{,{
205.91929626464844,-7.188683032989502,if,if
33.850807189941406,-65.30318450927734,(,(
-89.62399291992188,-27.392271041870117,identifier,type
-30.707805633544922,111.95480346679688,.,.
-72.89307403564453,1.010419249534607,identifier,flags
23.83444595336914,-51.66550827026367,(,(
25.749723434448242,80.02119445800781,),)
85.32538604736328,-68.21730041503906,&&,&&
-86.01290130615234,14.133622169494629,identifier,depth
128.8281707763672,-81.99363708496094,),)
119.36445617675781,-98.8076400756836,{,{
-84.3940200805664,-3.2201175689697266,identifier,symbol
71.53021240234375,-29.842336654663086,=,=
-89.67166900634766,-27.390535354614258,identifier,type
-30.627145767211914,112.06985473632812,.,.
-84.5616455078125,-3.416685104370117,identifier,symbol
-117.07438659667969,20.81709098815918,identifier,count
84.53604125976562,-21.702089309692383,=,=
183.8069305419922,-21.117130279541016,for,for
178.61264038085938,-22.5631103515625,(,(
-164.63018798828125,10.296353340148926,identifier,i
62.492183685302734,-45.33802032470703,=,=
-169.20648193359375,5.276581764221191,identifier,i
58.76225280761719,-52.41803741455078,<,<
-86.00926971435547,14.131097793579102,identifier,depth
-170.27493286132812,4.058081150054932,identifier,i
98.65215301513672,-94.0224609375,),)
101.42105102539062,-98.2034912109375,{,{
-123.39018249511719,14.350787162780762,identifier,t
70.4722671508789,-23.79500389099121,=,=
-71.82847595214844,-21.75417137145996,identifier,stack
-162.38232421875,-0.8952119946479797,identifier,i
205.85076904296875,4.666827201843262,if,if
25.684555053710938,-71.98160552978516,(,(
-123.364501953125,13.184322357177734,identifier,t
-27.607990264892578,115.29256439208984,.,.
-72.88887786865234,1.019463062286377,identifier,flags
23.838682174682617,-51.658668518066406,(,(
25.7646541595459,80.04727935791016,),)
85.63207244873047,-69.00884246826172,&&,&&
-123.30276489257812,13.036555290222168,identifier,t
-27.677997589111328,115.33830261230469,.,.
-84.6888656616211,-3.521969795227051,identifier,symbol
40.309024810791016,15.466694831848145,===,===
-85.11385345458984,-3.87099289894104,identifier,symbol
134.2472686767578,-77.36900329589844,),)
124.65780639648438,-105.69640350341797,{,{
-117.06108856201172,20.80954933166504,identifier,count
206.60838317871094,8.80752944946289,if,if
22.656373977661133,-75.04423522949219,(,(
-117.05793762207031,20.7894344329834,identifier,count
139.5088653564453,-81.55309295654297,),)
-63.19373321533203,-148.5570831298828,return,return
118.65851593017578,107.78031921386719,},}
116.31090545654297,99.71613311767578,},}
117.50287628173828,99.17877960205078,},}
-59.205284118652344,-147.6179962158203,return,return
69.19506072998047,158.1757049560547,},}
-0.12420730292797089,-152.3860626220703,function,function
-63.541988372802734,-8.855618476867676,identifier,PlaybackRateMenuItem
-16.076541900634766,-88.49032592773438,(,(
-94.78144073486328,-23.8431453704834,identifier,player
136.3778839111328,20.859024047851562,",",","
-126.2430191040039,-71.30462646484375,identifier,options
51.59920883178711,-111.54635620117188,),)
74.41295623779297,-148.702392578125,{,{
-45.90172576904297,18.3348445892334,identifier,classCallCheck
4.306054592132568,-36.8956298828125,(,(
108.58560180664062,21.046354293823242,",",","
-63.934974670410156,-8.664265632629395,identifier,PlaybackRateMenuItem
44.37055969238281,60.29296112060547,),)
-84.93836975097656,-8.028996467590332,identifier,label
72.35625457763672,-30.495153427124023,=,=
-123.0872573852539,-65.48567199707031,identifier,options
-34.29044723510742,126.50957489013672,.,.
-80.37633514404297,-6.107016086578369,identifier,rate
-80.44395446777344,-6.108908653259277,identifier,rate
72.29354095458984,-32.483882904052734,=,=
-38.74794006347656,2.5247154235839844,identifier,parseFloat
-11.580667495727539,-26.319799423217773,(,(
-85.76300811767578,-7.70260763168335,identifier,label
100.07656860351562,29.34686279296875,",",","
33.84757614135742,67.15823364257812,),)
-125.02466583251953,-64.32315826416016,identifier,options
-39.9841194152832,125.69100189208984,.,.
-84.88294219970703,-7.491715431213379,identifier,label
64.37572479248047,-9.884520530700684,=,=
-85.84222412109375,-7.283493518829346,identifier,label
-125.14520263671875,-63.51112747192383,identifier,options
-39.47954559326172,126.13555145263672,.,.
-44.64408874511719,6.202731132507324,identifier,selected
63.21134948730469,-3.2902607917785645,=,=
-81.52429962158203,-6.287817478179932,identifier,rate
37.04348373413086,14.842153549194336,===,===
-125.03689575195312,-63.692779541015625,identifier,options
-39.290443420410156,126.28800201416016,.,.
-44.70072937011719,6.179939270019531,identifier,selectable
63.80832290649414,-1.6376310586929321,=,=
-81.63944244384766,47.082786560058594,identifier,_this
85.05252838134766,-31.6624698638916,=,=
-47.18442153930664,18.129798889160156,identifier,possibleConstructorReturn
5.170468807220459,-35.83995056152344,(,(
108.39534759521484,22.17532730102539,",",","
-64.1437759399414,17.85386085510254,identifier,_MenuItem
-32.876399993896484,89.34484100341797,.,.
-12.536495208740234,-2.8457205295562744,identifier,call
-8.398792266845703,-4.876104354858398,(,(
108.07418823242188,23.099655151367188,",",","
-94.8095474243164,-23.843303680419922,identifier,player
111.65979766845703,36.00247573852539,",",","
-120.80809783935547,-69.16708374023438,identifier,options
39.827266693115234,77.83477783203125,),)
45.99827194213867,84.69031524658203,),)
-81.2295150756836,44.69883728027344,identifier,_this
-55.98668670654297,121.32941436767578,.,.
-84.83794403076172,-7.551186561584473,identifier,label
64.0766830444336,-9.58803939819336,=,=
-85.8307113647461,-7.139615058898926,identifier,label
-81.5244369506836,44.229942321777344,identifier,_this
-55.70699691772461,121.56531524658203,.,.
-80.6527328491211,-6.162830829620361,identifier,rate
63.19737243652344,-9.969039916992188,=,=
-81.51228332519531,-6.283976078033447,identifier,rate
-81.93962860107422,44.791744232177734,identifier,_this
-54.854610443115234,106.14212799072266,.,.
-29.507780075073242,-9.90377426147461,identifier,on
-6.220487117767334,-10.381011009216309,(,(
-94.8121566772461,-23.84792709350586,identifier,player
102.76146697998047,25.324481964111328,",",","
103.81105041503906,44.50048065185547,",",","
-82.38710021972656,45.12275695800781,identifier,_this
-50.897705078125,112.61714935302734,.,.
-62.72696304321289,10.003803253173828,identifier,update
52.6092414855957,78.35171508789062,),)
-57.339141845703125,-142.61767578125,return,return
-83.05757904052734,46.06040573120117,identifier,_this
74.53759765625,158.465576171875,},}
0.41770505905151367,-151.69064331054688,function,function
-62.55226135253906,-9.482307434082031,identifier,BufferingTracer
-15.610167503356934,-88.07418823242188,(,(
-70.21343994140625,-27.852399826049805,identifier,tracer
136.1312713623047,20.53218650817871,",",","
-125.92273712158203,-70.88532257080078,identifier,options
51.59667205810547,-110.8045654296875,),)
74.44898986816406,-147.78517150878906,{,{
-125.40589141845703,-67.26136779785156,identifier,options
81.21293640136719,-39.367286682128906,=,=
-123.93887329101562,-67.42190551757812,identifier,options
85.62185668945312,-52.66085433959961,||,||
116.48829650878906,-22.61283302307129,{,{
115.33554077148438,-16.69875717163086,},}
-84.10954284667969,53.9284553527832,identifier,self
84.23451232910156,-33.866241455078125,=,=
-62.4924430847168,116.53695678710938,.,.
-66.76421356201172,13.69300651550293,identifier,_tracer
65.66714477539062,-10.209464073181152,=,=
-70.21947479248047,-27.85555648803711,identifier,tracer
-62.60087203979492,115.3813247680664,.,.
-67.1732406616211,14.351119995117188,identifier,_maxTraces
68.01226043701172,-8.644769668579102,=,=
-121.89698028564453,-63.778446197509766,identifier,options
-35.30823516845703,126.61953735351562,.,.
-67.60747528076172,14.915375709533691,identifier,maxTraces
86.74290466308594,-55.307289123535156,||,||
-62.56151580810547,115.2872085571289,.,.
-67.7006607055664,12.056977272033691,identifier,_sendInterval
68.13048553466797,-9.376242637634277,=,=
-121.93017578125,-63.8629150390625,identifier,options
-35.62263870239258,126.93038177490234,.,.
-68.87734985351562,11.313931465148926,identifier,sendInterval
21.722471237182617,-53.51546859741211,(,(
-122.43954467773438,-64.52748107910156,identifier,options
-35.78602981567383,127.70276641845703,.,.
-68.9383773803711,11.29690933227539,identifier,sendInterval
30.058027267456055,80.21501922607422,),)
-62.13291549682617,114.92666625976562,.,.
-63.488948822021484,12.953527450561523,identifier,_lastSentTs
67.01826477050781,-6.817162036895752,=,=
21.43001365661621,52.84003448486328,identifier,Date
22.175249099731445,52.662681579589844,.,.
22.854785919189453,52.268798828125,identifier,now
23.452457427978516,52.1917839050293,(,(
29.993745803833008,55.99244689941406,),)
-61.71635437011719,115.37167358398438,.,.
-65.4691390991211,13.26326847076416,identifier,_buffer
70.6336441040039,-4.487571716308594,=,=
-61.322601318359375,115.07528686523438,.,.
-64.51988983154297,13.572110176086426,identifier,_stopped
65.2752914428711,-1.1996996402740479,=,=
-61.272735595703125,114.37593078613281,.,.
-63.2117805480957,11.167945861816406,identifier,_periodSendTimeoutId
66.46387481689453,-4.950080871582031,=,=
-40.199161529541016,-18.215410232543945,identifier,setTimeout
4.724461078643799,-46.461429595947266,(,(
-60.23907470703125,111.23308563232422,.,.
-62.849342346191406,10.612961769104004,identifier,_periodicSendFunction
-25.273826599121094,92.81651306152344,.,.
-8.14445686340332,-0.2913808822631836,identifier,bind
-8.036288261413574,-0.45385661721229553,(,(
42.16857147216797,80.70307159423828,),)
105.47181701660156,41.9509162902832,",",","
-60.695655822753906,111.66083526611328,.,.
-64.51477813720703,10.885376930236816,identifier,_sendInterval
53.082149505615234,78.77603149414062,),)
70.79493713378906,163.7319793701172,},}
4.258660316467285,-143.33348083496094,function,function
-64.88675689697266,-10.33400821685791,identifier,hela
-13.931392669677734,-84.78804779052734,(,(
-129.75099182128906,-69.75605010986328,identifier,opts
53.527835845947266,-111.58300018310547,),)
71.71977233886719,-145.07125854492188,{,{
-125.51091003417969,-68.9598159790039,identifier,options
79.39149475097656,-30.410791397094727,=,=
-37.403751373291016,34.65737533569336,identifier,Object
-40.527099609375,79.56330108642578,.,.
-32.030155181884766,3.2062973976135254,identifier,assign
17.54353904724121,1.926607608795166,(,(
119.70626831054688,-27.700895309448242,{,{
-74.40536499023438,-10.120938301086426,identifier,argv
114.79044342041016,-23.950101852416992,{,{
113.1648178100586,-16.527231216430664,},}
130.6539306640625,37.94143295288086,",",","
-61.45383071899414,5.84885835647583,identifier,prefix
131.02378845214844,41.473724365234375,",",","
-67.75023651123047,4.6245222091674805,identifier,stdio
99.09115600585938,88.58599090576172,},}
110.61255645751953,45.48975372314453,",",","
-131.2073211669922,-66.06219482421875,identifier,opts
53.50444793701172,65.39019775390625,),)
202.77525329589844,-2.2819032669067383,if,if
28.854951858520508,-66.3170394897461,(,(
-122.89424133300781,-62.04134750366211,identifier,options
-37.45509719848633,127.14468383789062,.,.
-69.03255462646484,-7.642775535583496,identifier,tasks
86.26060485839844,-58.84872055053711,||,||
23.616445541381836,-54.168678283691406,(,(
-123.23548889160156,-62.007972717285156,identifier,options
-37.08652114868164,126.22350311279297,.,.
-67.7873764038086,-9.43118953704834,identifier,presets
86.33055877685547,-58.46809768676758,||,||
-123.76557922363281,-61.61913299560547,identifier,options
-37.26481628417969,125.96033477783203,.,.
-62.11897277832031,4.503299236297607,identifier,extends
29.669723510742188,77.62814331054688,),)
131.91217041015625,-81.2542953491211,),)
127.26454162597656,-98.76002502441406,{,{
-68.65518951416016,-147.00244140625,return,return
-67.40357971191406,-10.271207809448242,identifier,presetResolver
9.209534645080566,-21.583566665649414,(,(
-121.21238708496094,-68.52177429199219,identifier,options
48.25787353515625,68.09722137451172,),)
128.83245849609375,112.91282653808594,},}
-65.04359436035156,-139.6262664794922,return,return
-49.54454803466797,3.5309255123138428,identifier,prettyConfig
3.567225933074951,-22.11406135559082,(,(
101.4353256225586,42.650245666503906,",",","
-120.4103775024414,-68.66509246826172,identifier,options
41.02632141113281,73.29753112792969,),)
4.4954142570495605,95.56393432617188,.,.
-17.917856216430664,-57.31642150878906,identifier,then
-13.533699035644531,-51.358612060546875,(,(
1.8249752521514893,-106.07691192626953,(,(
-125.78059387207031,-50.36704635620117,identifier,config
68.4258041381836,-115.98839569091797,),)
86.12474060058594,-128.60984802246094,{,{
209.84002685546875,6.550835609436035,if,if
19.139497756958008,-69.72525787353516,(,(
-123.62303924560547,-50.33719253540039,identifier,config
130.15835571289062,-73.56551361083984,),)
130.4202117919922,-103.25695037841797,{,{
-32.82881164550781,-22.000492095947266,identifier,Error
18.099782943725586,-10.085022926330566,(,(
51.63270568847656,90.88771057128906,),)
127.26607513427734,112.9581069946289,},}
-64.61421966552734,-141.0246124267578,return,return
-67.37126922607422,-10.394075393676758,identifier,presetResolver
9.16868782043457,-21.54827117919922,(,(
-37.41358947753906,34.8267822265625,identifier,Object
-40.964622497558594,79.48043823242188,.,.
-32.03519821166992,3.2048206329345703,identifier,assign
17.32753562927246,1.8343491554260254,(,(
118.26757049560547,-25.292381286621094,{,{
112.04995727539062,-16.28716278076172,},}
102.17266845703125,38.03263473510742,",",","
-123.53914642333984,-50.52595138549805,identifier,config
102.46969604492188,37.815223693847656,",",","
-119.86040496826172,-68.5451431274414,identifier,options
41.33948516845703,79.33557891845703,),)
55.213069915771484,76.24836730957031,),)
107.55097198486328,99.70843505859375,},}
63.759803771972656,84.62667846679688,),)
72.90937805175781,167.14263916015625,},}
6.262984275817871,-147.34751892089844,function,function
-59.63456344604492,-9.639347076416016,identifier,setupDispatch
-11.47429370880127,-80.71123504638672,(,(
122.784423828125,-27.852306365966797,{,{
-70.49163055419922,-8.58438777923584,identifier,actions
-71.05309295654297,-9.208001136779785,identifier,actionHandlers
88.6399917602539,-27.819459915161133,=,=
113.72318267822266,-23.236047744750977,{,{
113.12088012695312,-17.52249526977539,},}
132.6793670654297,36.12897491455078,",",","
-80.5688247680664,-15.180685997009277,identifier,schemas
87.81696319580078,-26.765602111816406,=,=
112.75448608398438,-23.046199798583984,{,{
112.78564453125,-17.886545181274414,},}
133.0146484375,35.941383361816406,",",","
-83.72301483154297,-17.29250144958496,identifier,services
87.69401550292969,-26.678714752197266,=,=
112.7204818725586,-23.040802001953125,{,{
112.6328353881836,-17.936717987060547,},}
133.29949951171875,35.87910461425781,",",","
-73.41643524169922,-15.429971694946289,identifier,middlewares
87.3238525390625,-26.67035484313965,=,=
133.5709228515625,35.90568923950195,",",","
-81.17974853515625,-10.755820274353027,identifier,identOptions
88.24066162109375,-26.06329917907715,=,=
113.24407196044922,-22.33640480041504,{,{
113.1542739868164,-18.610431671142578,},}
100.19707489013672,88.01439666748047,},}
47.58975601196289,-117.3705062866211,),)
81.2201919555664,-145.36436462402344,{,{
-51.216331481933594,-18.416738510131836,identifier,getService
71.33161163330078,-28.944290161132812,=,=
-59.44813919067383,-2.6067566871643066,identifier,setupGetService
1.136754035949707,-23.84236717224121,(,(
-80.58426666259766,-15.207245826721191,identifier,schemas
109.86197662353516,31.056974411010742,",",","
-83.20218658447266,-17.134052276611328,identifier,services
50.999549865722656,65.92948913574219,),)
-60.06294631958008,-35.7968864440918,identifier,dispatch
77.65557098388672,-21.82267951965332,=,=
-3.993018865585327,-101.73052978515625,(,(
-114.3525390625,-22.178909301757812,identifier,action
68.37837982177734,-116.8289794921875,),)
85.93684387207031,-129.73777770996094,{,{
-35.288490295410156,11.851499557495117,identifier,debug
14.190627098083496,-6.908627986907959,(,(
99.2113037109375,46.66926193237305,",",","
-114.3409423828125,-22.148223876953125,identifier,action
54.530845642089844,68.35166931152344,),)
-67.23080444335938,-140.80577087402344,return,return
-58.675209045410156,-1.216230034828186,identifier,handleAction
4.460878849029541,-22.19734764099121,(,(
-114.33549499511719,-22.138809204101562,identifier,action
104.1301498413086,30.25566291809082,",",","
120.8982162475586,-30.458019256591797,{,{
-80.57754516601562,-15.19705867767334,identifier,schemas
116.01588439941406,37.87351608276367,",",","
-83.24742126464844,-17.150022506713867,identifier,services
115.90824890136719,37.86924743652344,",",","
-59.92984390258789,-37.1112174987793,identifier,dispatch
114.44173431396484,37.15227127075195,",",","
-81.0816650390625,-10.750431060791016,identifier,identOptions
114.22976684570312,39.03491973876953,",",","
-51.21320724487305,-18.43500518798828,identifier,getService
97.0720443725586,92.14360046386719,},}
109.7667007446289,44.899837493896484,",",","
-71.17314910888672,-9.311277389526367,identifier,actionHandlers
53.34672164916992,71.25726318359375,),)
123.07310485839844,101.42353820800781,},}
200.64031982421875,5.7170257568359375,if,if
21.005590438842773,-74.72502899169922,(,(
-73.4472427368164,-15.462471961975098,identifier,middlewares
-13.365044593811035,92.34188079833984,.,.
-124.11669158935547,71.60948181152344,identifier,length
-13.273630142211914,28.51468849182129,>,>
135.06639099121094,-75.13423919677734,),)
125.05712890625,-108.38597869873047,{,{
-59.79109191894531,-36.137542724609375,identifier,dispatch
69.0533218383789,-16.536409378051758,=,=
-55.7374382019043,2.1121580600738525,identifier,compose
8.76191520690918,-26.407108306884766,(,(
-73.45088958740234,-15.462918281555176,identifier,middlewares
36.233699798583984,93.264404296875,),)
12.08057975769043,-26.43382453918457,(,(
-59.75126266479492,-36.68318557739258,identifier,dispatch
53.751319885253906,74.45614624023438,),)
120.6755142211914,105.09170532226562,},}
-58.758541107177734,-141.8947296142578,return,return
-59.63580322265625,-36.47508239746094,identifier,dispatch
74.87600708007812,165.46592712402344,},}
-1.5818419456481934,-140.12820434570312,function,function
-11.0784912109375,-106.14292907714844,(,(
-124.77513885498047,-71.07115173339844,identifier,options
53.574859619140625,-110.46456146240234,),)
70.02208709716797,-140.5064239501953,{,{
-125.67791748046875,-67.78834533691406,identifier,options
81.47344207763672,-38.89238357543945,=,=
-69.93186950683594,52.20879364013672,identifier,_
-52.41371154785156,81.15669250488281,.,.
18.77130699157715,2.5625722408294678,identifier,defaults
18.371889114379883,2.3345556259155273,(,(
117.23629760742188,-23.73886489868164,{,{
114.56499481201172,-17.441253662109375,},}
118.44038391113281,29.131519317626953,",",","
-124.2129135131836,-68.22343444824219,identifier,options
85.35784912109375,-52.50722885131836,||,||
115.6669692993164,-22.14812660217285,{,{
114.27986907958984,-17.83420181274414,},}
118.44577026367188,29.170528411865234,",",","
120.88670349121094,-28.023433685302734,{,{
-75.90315246582031,-0.01724858582019806,identifier,tags
113.611572265625,-24.064851760864258,{,{
112.80120849609375,-16.770021438598633,},}
131.4743194580078,37.97962951660156,",",","
-73.46969604492188,-2.551891803741455,identifier,drain
99.1834945678711,88.964599609375,},}
44.08120346069336,83.69868469238281,),)
9.76754093170166,-57.7934684753418,identifier,assert
13.933735847473145,-59.352996826171875,(,(
-122.27926635742188,-62.794334411621094,identifier,options
-36.10316848754883,125.62037658691406,.,.
-73.48419189453125,-2.5346145629882812,identifier,drain
93.52591705322266,27.103302001953125,",",","
-56.44159698486328,13.010245323181152,"""","""options.drain is required"""
49.63546371459961,89.73930358886719,),)
10.016982078552246,-58.11753463745117,identifier,assert
14.197277069091797,-59.843536376953125,(,(
-122.50495147705078,-62.97562026977539,identifier,options
-36.19850158691406,126.12240600585938,.,.
-76.28047943115234,-0.029473625123500824,identifier,tags
33.02103805541992,16.691444396972656,===,===
92.2851791381836,27.287425994873047,",",","
-56.65337371826172,13.054636001586914,"""","""options.tags is required"""
49.99824523925781,89.96990203857422,),)
10.05545711517334,-58.21353530883789,identifier,assert
14.192951202392578,-60.07994842529297,(,(
-70.3834228515625,53.5589599609375,identifier,_
-51.56632614135742,80.83486938476562,.,.
-47.87715530395508,4.578303337097168,identifier,intersection
2.7534549236297607,-32.02655029296875,(,(
-70.35543823242188,53.87492752075195,identifier,_
-51.282657623291016,80.89403533935547,.,.
-28.446725845336914,-16.06471824645996,identifier,keys
-8.025383949279785,-32.91120910644531,(,(
-120.5594253540039,-63.06142044067383,identifier,options
-34.4457893371582,128.7313690185547,.,.
-76.41645812988281,-0.029416801407933235,identifier,tags
30.378704071044922,69.51773071289062,),)
101.06029510498047,31.215932846069336,",",","
-70.50780487060547,25.351810455322266,identifier,series
-47.08102798461914,101.67493438720703,.,.
-71.38743591308594,22.714046478271484,identifier,APIClientCalls
-32.39459991455078,92.9909896850586,.,.
-49.308956146240234,2.020097255706787,identifier,columns
28.10841941833496,45.57281494140625,(,(
33.05321502685547,53.223175048828125,),)
28.718990325927734,84.22125244140625,),)
-0.21269556879997253,94.8717269897461,.,.
-123.40094757080078,71.55596923828125,identifier,length
35.563968658447266,14.593621253967285,===,===
91.99236297607422,27.697689056396484,",",","
-56.457550048828125,10.350083351135254,"""","""Can't used reserved tag names!"""
52.07257080078125,87.3313217163086,),)
-62.955345153808594,-141.76304626464844,return,return
-70.50655364990234,25.35133934020996,identifier,series
-47.01205825805664,101.65242004394531,.,.
-71.38641357421875,22.7117919921875,identifier,APIClientCalls
-32.37925338745117,93.01439666748047,.,.
-51.309661865234375,3.349622964859009,identifier,reporter
5.949470043182373,-17.167781829833984,(,(
-119.01007843017578,-64.05083465576172,identifier,options
-32.64101028442383,129.56251525878906,.,.
-73.47654724121094,-2.540661573410034,identifier,drain
103.65326690673828,36.86635208129883,",",","
-118.57112884521484,-63.7810173034668,identifier,options
-32.57307815551758,129.71707153320312,.,.
-76.4211654663086,-0.03169243782758713,identifier,tags
51.589820861816406,76.75017547607422,),)
72.90940856933594,161.5883026123047,},}
4.750687599182129,-148.44052124023438,function,function
-58.22132873535156,-11.906316757202148,identifier,replaceF
-11.684528350830078,-82.99675750732422,(,(
-65.93795776367188,-24.97212791442871,identifier,matcher
137.10826110839844,18.727949142456055,",",","
-118.84730529785156,-20.243751525878906,identifier,str
139.99578857421875,25.554487228393555,",",","
-58.16095733642578,-20.486408233642578,identifier,replace
49.40878677368164,-114.50736999511719,),)
77.54602813720703,-143.8000946044922,{,{
-138.72032165527344,16.55376625061035,identifier,chunks
82.96729278564453,-22.628772735595703,=,=
-148.4490203857422,-15.68811321258545,identifier,index
85.29731750488281,-21.290809631347656,=,=
184.50555419921875,-18.807720184326172,for,for
178.2239532470703,-20.39605140686035,(,(
-127.76216125488281,3.4722988605499268,identifier,match
-66.06010437011719,-25.07246208190918,identifier,matcher
-12.828983306884766,101.09160614013672,.,.
-8.2878999710083,-16.45841407775879,identifier,execAll
-8.14111328125,-16.85449981689453,(,(
-118.87149810791016,-21.2039794921875,identifier,str
36.0018424987793,69.74663543701172,),)
96.94757843017578,-96.43413543701172,),)
103.30895233154297,-97.43829345703125,{,{
-139.06651306152344,17.184673309326172,identifier,chunks
-15.758135795593262,86.21827697753906,.,.
-18.116756439208984,15.564080238342285,identifier,push
6.440723896026611,-6.568264484405518,(,(
-119.240234375,-21.307065963745117,identifier,str
-11.841087341308594,97.5495376586914,.,.
-7.408381938934326,11.827839851379395,identifier,slice
-0.4358493983745575,7.804398059844971,(,(
-147.51199340820312,-12.23729133605957,identifier,index
96.36121368408203,34.41463851928711,",",","
-127.12153625488281,4.487197399139404,identifier,match
-27.923486709594727,117.29884338378906,.,.
-148.9546661376953,-13.49730110168457,identifier,index
36.378013610839844,78.02031707763672,),)
57.16745376586914,68.02983093261719,),)
-139.12889099121094,17.295183181762695,identifier,chunks
-15.814825057983398,86.55229187011719,.,.
-18.455602645874023,15.701727867126465,identifier,push
6.437875747680664,-6.875636577606201,(,(
-38.15201950073242,26.553564071655273,identifier,String
-13.237513542175293,-21.222681045532227,(,(
-57.798892974853516,-20.074230194091797,identifier,replace
8.71633243560791,-25.46347999572754,(,(
-127.26384735107422,4.005030155181885,identifier,match
102.77523040771484,32.221927642822266,",",","
-127.02362823486328,4.570383071899414,identifier,match
-27.84682273864746,117.12657165527344,.,.
-148.9647979736328,-13.624483108520508,identifier,index
109.89259338378906,37.37370300292969,",",","
-126.847900390625,4.828448295593262,identifier,match
-28.10108184814453,116.82281494140625,.,.
-75.6748275756836,5.954827785491943,identifier,input
39.213592529296875,79.22425079345703,),)
39.00433349609375,80.12935638427734,),)
57.5624885559082,68.30438232421875,),)
-147.25454711914062,-14.031578063964844,identifier,index
62.05664825439453,-18.827529907226562,=,=
-126.64836883544922,4.264424800872803,identifier,match
-27.55393409729004,117.11235809326172,.,.
-148.89508056640625,-13.609911918640137,identifier,index
-9.02109146118164,52.24400329589844,+,+
-126.30323791503906,4.628789901733398,identifier,match
-3.6864914894104004,97.77845001220703,.,.
-124.07170867919922,66.89991760253906,identifier,length
121.10266876220703,101.98928833007812,},}
-138.95619201660156,17.237821578979492,identifier,chunks
-16.24294662475586,86.67153930664062,.,.
-18.26722526550293,15.18977165222168,identifier,push
5.430457592010498,-7.027842044830322,(,(
-119.36993408203125,-21.28494644165039,identifier,str
-11.952548027038574,97.49028015136719,.,.
-7.148791790008545,11.233757019042969,identifier,slice
-1.3265843391418457,8.135823249816895,(,(
-147.65809631347656,-12.176108360290527,identifier,index
36.70454025268555,82.17633819580078,),)
51.79227066040039,82.2078628540039,),)
-61.3259162902832,-142.60629272460938,return,return
-138.531982421875,16.950592041015625,identifier,chunks
-13.972381591796875,89.46250915527344,.,.
10.620965003967285,17.29746437072754,identifier,join
6.236349582672119,12.78176212310791,(,(
-49.19724655151367,20.856853485107422,"""",""""""
38.81990432739258,87.85877227783203,),)
73.8693618774414,165.93716430664062,},}
6.086543560028076,-146.4617156982422,function,function
-59.697845458984375,-8.773811340332031,identifier,upgradeDatabaseSchema
-10.477185249328613,-81.06145477294922,(,(
-93.6375732421875,-14.70239543914795,identifier,databaseName
134.93324279785156,23.53479766845703,",",","
-94.44013214111328,-49.127540588378906,identifier,event
137.20013427734375,27.80682373046875,",",","
-71.77281951904297,-12.599945068359375,identifier,migrationPromise
137.25909423828125,30.395488739013672,",",","
-93.13926696777344,-16.309829711914062,identifier,database
137.5165252685547,31.18889617919922,",",","
-73.54725646972656,-38.6035270690918,identifier,transaction
137.32151794433594,31.444259643554688,",",","
-79.18244171142578,-12.771580696105957,identifier,sortedSchemaDescriptors
135.69631958007812,30.890525817871094,",",","
-71.20708465576172,-12.37663459777832,identifier,migrationPromiseResolver
135.6255340576172,30.812658309936523,",",","
-70.9767837524414,-12.301151275634766,identifier,migrationPromiseRejector
48.46370315551758,-117.66064453125,),)
81.04093933105469,-145.0195770263672,{,{
-61.390113830566406,-1.7983460426330566,identifier,executeMigrationListeners
2.8661861419677734,-19.72999382019043,(,(
-93.66279602050781,-14.722236633300781,identifier,databaseName
110.43572235107422,29.558530807495117,",",","
-94.87329864501953,-49.46550369262695,identifier,event
-29.7800350189209,118.80672454833984,.,.
-78.59681701660156,23.606754302978516,identifier,oldVersion
118.43930053710938,36.5131950378418,",",","
-95.07831573486328,-49.62180709838867,identifier,event
-29.783912658691406,118.84992218017578,.,.
-78.45687103271484,23.50202751159668,identifier,newVersion
118.24971771240234,36.48703384399414,",",","
-72.05160522460938,-12.73491382598877,identifier,migrationPromise
52.87739562988281,66.25879669189453,),)
-67.58210754394531,1.304295301437378,identifier,migrator
74.9198226928711,-24.43964958190918,=,=
-66.6208724975586,1.3876339197158813,identifier,DatabaseMigrator
13.816664695739746,-18.162878036499023,(,(
-93.15765380859375,-16.300636291503906,identifier,database
109.87289428710938,32.67512130737305,",",","
-73.50566864013672,-38.70866012573242,identifier,transaction
113.53749084472656,35.7855339050293,",",","
-79.19261932373047,-12.768346786499023,identifier,sortedSchemaDescriptors
114.35929870605469,38.39522933959961,",",","
-95.01937866210938,-49.58356475830078,identifier,event
-29.704246520996094,118.78348541259766,.,.
-78.69803619384766,23.687105178833008,identifier,oldVersion
53.845314025878906,66.55089569091797,),)
-65.07327270507812,-139.15257263183594,return,return
-68.68576049804688,-14.213481903076172,identifier,PromiseSync
-37.12136459350586,83.65686798095703,.,.
-43.31520080566406,-28.601490020751953,identifier,resolve
24.984683990478516,38.95961380004883,(,(
12.64332389831543,93.03192901611328,),)
5.261746883392334,95.46814727783203,.,.
-17.864850997924805,-56.60301971435547,identifier,then
-13.8660888671875,-51.77959060668945,(,(
2.292267322540283,-105.34741973876953,(,(
71.9284439086914,-124.73973846435547,),)
87.01593780517578,-127.04829406738281,{,{
-68.24567413330078,-140.84877014160156,return,return
-67.77924346923828,1.2922334671020508,identifier,migrator
-41.05599594116211,102.13447570800781,.,.
-61.34051513671875,-1.8820631504058838,identifier,executeMigration
31.368045806884766,39.13983154296875,(,(
38.474853515625,51.41082000732422,),)
101.16655731201172,97.86284637451172,},}
60.20964431762695,91.01934051513672,),)
5.6701250076293945,96.23531341552734,.,.
-18.37822151184082,-56.31950759887695,identifier,then
-14.561678886413574,-51.35744094848633,(,(
2.8173773288726807,-105.38554382324219,(,(
71.9169692993164,-124.56900024414062,),)
87.32353973388672,-126.04275512695312,{,{
-70.1998062133789,-12.416494369506836,identifier,migrationPromiseResolver
15.359619140625,-23.5714168548584,(,(
38.97297668457031,51.33110427856445,),)
101.46696472167969,97.73817443847656,},}
60.42645263671875,90.90284729003906,),)
6.304286003112793,96.43147277832031,.,.
-22.203659057617188,-55.36297607421875,identifier,catch
-15.698955535888672,-52.045536041259766,(,(
3.397274971008301,-105.86443328857422,(,(
-71.43897247314453,-63.115478515625,identifier,error
70.24325561523438,-113.99154663085938,),)
87.01390075683594,-125.44246673583984,{,{
-70.17339324951172,-12.379343032836914,identifier,migrationPromiseRejector
15.42128849029541,-23.555187225341797,(,(
-72.41899108886719,-63.486446380615234,identifier,error
56.67009735107422,71.8361587524414,),)
-72.61306762695312,-63.471290588378906,identifier,error
102.98410034179688,97.86666870117188,},}
63.49850082397461,84.34248352050781,),)
72.1044692993164,166.9302215576172,},}
-0.1726558953523636,-141.53558349609375,function,function
-9.14284610748291,-108.21238708496094,(,(
-85.69994354248047,-13.319779396057129,identifier,identifier
139.64683532714844,21.80634117126465,",",","
-89.06585693359375,-39.13005447387695,identifier,target
138.34230041503906,25.277080535888672,",",","
-54.86643981933594,-50.778953552246094,identifier,cb
50.092437744140625,-120.90135955810547,),)
78.51643371582031,-142.212646484375,{,{
-90.68297576904297,-9.003705024719238,identifier,systemId
75.4478530883789,-30.7291316986084,=,=
-70.91386413574219,19.664762496948242,identifier,_sr
-40.79655838012695,96.90008544921875,.,.
-55.41358947753906,-3.3209292888641357,identifier,findSystem
-2.8386731147766113,-23.064491271972656,(,(
-85.76842498779297,-13.326058387756348,identifier,identifier
37.71401596069336,68.44502258300781,),)
207.23118591308594,-4.2393341064453125,if,if
32.936988830566406,-62.24700927734375,(,(
-91.24874877929688,-8.693178176879883,identifier,systemId
124.06787872314453,-79.1911392211914,),)
126.62899780273438,-94.71868133544922,{,{
-35.303985595703125,15.810286521911621,identifier,logger
-32.24335861206055,80.57717895507812,.,.
-31.51020622253418,11.45422077178955,identifier,error
15.513216972351074,-8.19733715057373,(,(
-68.94491577148438,8.725619316101074,identifier,ERR_NOSYSID
46.16397476196289,92.1777572631836,),)
-69.96575927734375,-147.6861114501953,return,return
-53.37229537963867,-53.59548568725586,identifier,cb
19.072174072265625,-24.489164352416992,(,(
-32.824623107910156,-21.473712921142578,identifier,Error
19.040603637695312,-10.207087516784668,(,(
-68.96250915527344,8.730093002319336,identifier,ERR_NOSYSID
45.988731384277344,92.16024017333984,),)
47.560184478759766,87.99176788330078,),)
132.62222290039062,108.35425567626953,},}
-50.02384948730469,-7.282070636749268,identifier,fetchTarget
1.6049926280975342,-21.196025848388672,(,(
-91.58788299560547,-8.005467414855957,identifier,systemId
108.91799926757812,32.536231994628906,",",","
-90.03117370605469,-38.8869743347168,identifier,target
113.99832916259766,33.33242416381836,",",","
3.908048629760742,-117.23407745361328,function,function
-2.2881784439086914,-106.26006317138672,(,(
-69.07785034179688,-64.18695068359375,identifier,err
127.13912963867188,22.695621490478516,",",","
-90.37078094482422,-38.830570220947266,identifier,target
65.49252319335938,-115.06028747558594,),)
84.68708801269531,-128.48233032226562,{,{
210.11563110351562,5.14846134185791,if,if
19.876426696777344,-67.64852142333984,(,(
-69.31414794921875,-65.8240737915039,identifier,err
130.4265594482422,-70.87589263916016,),)
130.36248779296875,-101.20628356933594,{,{
-70.90433502197266,-147.66172790527344,return,return
-53.558067321777344,-53.21013259887695,identifier,cb
18.609594345092773,-24.778154373168945,(,(
-70.50765991210938,-65.6242904663086,identifier,err
57.38981246948242,79.18990325927734,),)
128.6657257080078,110.72639465332031,},}
-35.26554489135742,15.822545051574707,identifier,logger
-32.0723762512207,80.44198608398438,.,.
-33.27421188354492,11.65550422668457,identifier,info
13.032464981079102,-7.256711006164551,(,(
119.91120147705078,-31.556577682495117,{,{
-91.09046936035156,-7.401566982269287,identifier,systemId
-91.36481475830078,-7.5133795738220215,identifier,systemId
126.790771484375,41.7293701171875,",",","
-89.935546875,-39.94170379638672,identifier,target
-90.19734954833984,-39.49782180786133,identifier,target
97.46222686767578,91.51041412353516,},}
109.35271453857422,45.76741409301758,",",","
51.98798370361328,86.39744567871094,),)
-70.9521484375,19.76126480102539,identifier,_sr
-40.92668151855469,96.85552215576172,.,.
-54.62715530395508,-0.17395737767219543,identifier,getDeployedRevision
1.182920217514038,-20.4927921295166,(,(
-91.90113830566406,-7.8790459632873535,identifier,systemId
105.83511352539062,35.67572784423828,",",","
-89.91915893554688,-38.91785430908203,identifier,target
111.05826568603516,41.056785583496094,",",","
-54.51054000854492,-52.07976531982422,identifier,cb
50.62570571899414,71.39725494384766,),)
106.61531829833984,98.9600830078125,},}
64.08496856689453,87.38665771484375,),)
69.26060485839844,162.0508270263672,},}
-0.37176424264907837,-142.5714111328125,function,function
-8.6702241897583,-108.58885192871094,(,(
-94.62391662597656,-19.514707565307617,identifier,user
136.24160766601562,18.648983001708984,",",","
-88.7507553100586,-15.566061019897461,identifier,namespace
136.013916015625,26.89448356628418,",",","
-105.94145965576172,-28.318105697631836,identifier,name
136.43763732910156,27.839859008789062,",",","
-85.85773468017578,4.263542175292969,identifier,repoName
137.22109985351562,29.475034713745117,",",","
-85.67945861816406,4.615024566650391,identifier,repoPath
137.5420684814453,30.03597068786621,",",","
-90.54585266113281,-9.692997932434082,identifier,systemId
138.6149444580078,29.86930274963379,",",","
-54.81758117675781,-50.737220764160156,identifier,cb
50.0805549621582,-121.04783630371094,),)
79.95849609375,-143.20654296875,{,{
206.5366973876953,-5.99072265625,if,if
33.45579147338867,-63.149871826171875,(,(
-71.30145263671875,16.985858917236328,identifier,_systems
-91.91334533691406,-9.172945976257324,identifier,systemId
124.47415924072266,-79.89950561523438,),)
120.53166961669922,-98.0709228515625,{,{
-71.39887237548828,16.92157745361328,identifier,_systems
-92.1751708984375,-9.179472923278809,identifier,systemId
59.45291519165039,-10.961658477783203,=,=
117.46127319335938,-29.67388916015625,{,{
-106.93917083740234,-29.51945686340332,identifier,name
-107.54048919677734,-28.553586959838867,identifier,name
128.19454956054688,41.497432708740234,",",","
-88.62989044189453,-15.573866844177246,identifier,namespace
-88.63619232177734,-15.588727951049805,identifier,namespace
128.47854614257812,41.166603088378906,",",","
-85.10831451416016,3.342953681945801,identifier,repoName
-84.97674560546875,3.53169322013855,identifier,repoName
128.4832305908203,40.97938919067383,",",","
-84.93446350097656,3.94649600982666,identifier,repoPath
-84.7453842163086,4.1342573165893555,identifier,repoPath
96.62840270996094,88.36563110351562,},}
-56.55158233642578,67.17290496826172,identifier,fse
-45.20276641845703,87.02535247802734,.,.
-51.88923645019531,-10.806313514709473,identifier,writeFileSync
-0.26502957940101624,-17.44267463684082,(,(
-82.34754943847656,6.326094627380371,identifier,systemsJsonPath
103.04473114013672,39.847007751464844,",",","
-40.19727325439453,31.028343200683594,identifier,JSON
-43.14126968383789,78.2404556274414,.,.
-12.649516105651855,-28.995098114013672,identifier,stringify
-11.694217681884766,-28.1195011138916,(,(
-71.6381607055664,16.844572067260742,identifier,_systems
98.74705505371094,27.88971710205078,",",","
107.00724029541016,45.3702392578125,",",","
35.486366271972656,85.07353210449219,),)
107.65064239501953,45.1970329284668,",",","
50.43797302246094,86.46036529541016,),)
-35.40011978149414,7.4429826736450195,identifier,git
-39.69451141357422,94.9246826171875,.,.
-47.909461975097656,-9.54345417022705,identifier,commit
1.5835435390472412,-16.26494598388672,(,(
-82.69717407226562,6.259679794311523,identifier,sysRepoPath
104.40070343017578,39.81444549560547,",",","
0.3223925232887268,47.69001388549805,+,+
-84.93376922607422,4.902493953704834,identifier,repoPath
107.8382797241211,40.772674560546875,",",","
-94.93697357177734,-20.132766723632812,identifier,user
-30.367136001586914,114.41539001464844,.,.
-108.33409881591797,-30.45384407043457,identifier,name
109.02863311767578,40.32001495361328,",",","
-94.96499633789062,-20.185476303100586,identifier,user
-30.465526580810547,114.40918731689453,.,.
-65.44927978515625,9.568154335021973,identifier,email
110.93273162841797,41.67832565307617,",",","
-54.548797607421875,-52.075077056884766,identifier,cb
50.56718063354492,71.34545135498047,),)
127.32940673828125,99.92407989501953,},}
137.47100830078125,90.10838317871094,else,else
119.7996597290039,-115.77542877197266,{,{
-54.278099060058594,-53.66376876831055,identifier,cb
17.61177635192871,-25.052854537963867,(,(
55.07991027832031,78.6546859741211,),)
114.37052917480469,109.24871063232422,},}
67.81665802001953,167.45176696777344,},}
-0.09251533448696136,-141.90805053710938,function,function
-9.462723731994629,-108.8192138671875,(,(
-90.80547332763672,-9.939193725585938,identifier,systemId
139.4835662841797,22.40046501159668,",",","
-89.53196716308594,-12.664000511169434,identifier,revisionId
136.9854736328125,26.390684127807617,",",","
-88.8581314086914,-38.96748733520508,identifier,target
139.5258026123047,28.068811416625977,",",","
-54.891971588134766,-50.72951889038086,identifier,cb
50.021484375,-120.76583099365234,),)
78.97792053222656,-143.01504516601562,{,{
-86.1397476196289,5.758521556854248,identifier,repoPath
74.9781723022461,-30.832569122314453,=,=
-70.5237045288086,18.928112030029297,identifier,_meta
-39.8731575012207,97.50504302978516,.,.
-85.89208221435547,5.846940040588379,identifier,repoPath
-5.363341808319092,-23.430824279785156,(,(
-91.64727783203125,-9.509198188781738,identifier,systemId
37.45726776123047,68.12950134277344,),)
-35.40053176879883,7.44307279586792,identifier,git
-39.789276123046875,94.78467559814453,.,.
-51.81532287597656,-8.238720893859863,identifier,getFileRevision
0.8960877656936646,-20.37359619140625,(,(
-86.58631896972656,6.2103118896484375,identifier,repoPath
112.11518859863281,31.65343475341797,",",","
-89.49756622314453,-12.646618843078613,identifier,revisionId
112.98348236083984,31.783994674682617,",",","
-89.27757263183594,-38.645389556884766,identifier,target
-7.884055137634277,56.1019401550293,+,+
115.25528717041016,32.10139846801758,",",","
3.917992353439331,-117.54620361328125,function,function
-2.731112003326416,-106.15602111816406,(,(
-68.99162292480469,-64.06482696533203,identifier,err
127.2228012084961,22.768199920654297,",",","
-112.94586944580078,17.96723175048828,identifier,rev
64.59721374511719,-114.2261734008789,),)
84.4058837890625,-129.3534698486328,{,{
210.32415771484375,3.6729207038879395,if,if
20.104679107666016,-66.71324157714844,(,(
-69.14519500732422,-65.9678955078125,identifier,err
130.31716918945312,-70.94843292236328,),)
130.3348388671875,-100.70301818847656,{,{
-70.70453643798828,-148.03030395507812,return,return
-53.469215393066406,-53.648868560791016,identifier,cb
18.609464645385742,-24.620250701904297,(,(
-70.32218170166016,-65.73600769042969,identifier,err
57.4140739440918,79.15612030029297,),)
129.50131225585938,110.57047271728516,},}
-114.14208984375,24.58382797241211,identifier,s
112.98027801513672,-103.59286499023438,{,{
-114.16503143310547,24.666385650634766,identifier,s
69.48352813720703,-20.736021041870117,=,=
-40.20585250854492,31.019895553588867,identifier,JSON
-43.126426696777344,78.18708801269531,.,.
-13.428816795349121,-26.990619659423828,identifier,parse
-12.761784553527832,-26.98578643798828,(,(
-112.94656372070312,17.961904525756836,identifier,rev
38.85965347290039,73.24669647216797,),)
136.28868103027344,103.41014099121094,},}
16.29982566833496,-67.69733428955078,(,(
-105.40335083007812,44.05007553100586,identifier,e
71.0848388671875,-112.841796875,),)
121.27347564697266,-110.12907409667969,{,{
-70.83728790283203,-147.10256958007812,return,return
-53.55402755737305,-53.065330505371094,identifier,cb
19.096925735473633,-24.508481979370117,(,(
-32.61549758911133,-21.690959930419922,identifier,Error
18.195148468017578,-10.535333633422852,(,(
1.435684323310852,48.04765319824219,+,+
-104.99394989013672,43.94282913208008,identifier,e
-21.251943588256836,111.40467834472656,.,.
-42.225379943847656,16.38405990600586,identifier,message
40.84014892578125,85.16387176513672,),)
108.79800415039062,45.61231231689453,",",","
53.221595764160156,82.50343322753906,),)
123.82301330566406,105.87704467773438,},}
-54.265647888183594,-53.79600143432617,identifier,cb
17.956029891967773,-25.07588005065918,(,(
-70.02214813232422,-64.63298034667969,identifier,err
112.77349853515625,27.413095474243164,",",","
-114.11953735351562,24.522743225097656,identifier,s
52.22622299194336,75.39380645751953,),)
106.39530181884766,98.52777099609375,},}
64.33881378173828,87.65336608886719,),)
68.84517669677734,162.5616912841797,},}
1.2723073959350586,-148.75991821289062,function,function
-53.80758285522461,-15.559292793273926,identifier,contains
-13.790423393249512,-82.30467224121094,(,(
-121.98698425292969,-33.582767486572266,identifier,fp
138.53021240234375,18.97013282775879,",",","
-97.90164184570312,-27.581411361694336,identifier,pattern
138.66712951660156,25.731876373291016,",",","
-128.56532287597656,-69.67035675048828,identifier,opts
51.07355499267578,-112.25446319580078,),)
75.59754943847656,-146.06893920898438,{,{
208.8217315673828,-7.972626209259033,if,if
35.398006439208984,-61.48250198364258,(,(
-123.0777359008789,-33.7880973815918,identifier,fp
128.60325622558594,-86.6677017211914,),)
128.5836944580078,-93.75675964355469,{,{
-34.83775329589844,-25.502973556518555,identifier,TypeError
18.41377830505371,-7.973329067230225,(,(
-39.81241989135742,17.707298278808594,identifier,msg
17.807971954345703,-13.151646614074707,(,(
95.3630142211914,43.251190185546875,",",","
95.02721405029297,44.39961624145508,",",","
44.594642639160156,90.8030776977539,),)
47.31516647338867,88.74990844726562,),)
133.6447296142578,110.21553039550781,},}
-127.49034118652344,-66.31611633300781,identifier,opts
80.49868774414062,-38.95733642578125,=,=
-127.95433807373047,-66.09971618652344,identifier,opts
86.22455596923828,-52.930023193359375,||,||
116.39030456542969,-22.04137420654297,{,{
115.4791488647461,-16.18115997314453,},}
-127.83743286132812,-65.25827026367188,identifier,opts
-40.18413162231445,126.52847290039062,.,.
-53.58687210083008,-15.831734657287598,identifier,contains
63.238468170166016,-3.4530749320983887,=,=
21.269376754760742,-54.06488800048828,(,(
-98.73758697509766,-27.264453887939453,identifier,pattern
29.152008056640625,79.39020538330078,),)
-123.77356719970703,-34.907508850097656,identifier,fp
67.54948425292969,-18.56635856628418,=,=
-53.935272216796875,51.49492263793945,identifier,utils
-44.90861129760742,90.14185333251953,.,.
-42.259159088134766,3.796402931213379,identifier,unixify
-9.46748161315918,-27.68023681640625,(,(
-122.81930541992188,-34.80015182495117,identifier,fp
102.86894989013672,30.822467803955078,",",","
-130.45985412597656,-67.44766235351562,identifier,opts
44.52794647216797,72.50641632080078,),)
203.31552124023438,3.9213640689849854,if,if
23.74971580505371,-70.71786499023438,(,(
-129.15858459472656,-66.49085235595703,identifier,opts
-36.33757781982422,129.27708435058594,.,.
-53.51713562011719,-15.920818328857422,identifier,contains
82.89794921875,-68.8637924194336,&&,&&
-54.12449264526367,51.922515869140625,identifier,utils
-45.13951110839844,90.50447845458984,.,.
-48.79544448852539,7.192374229431152,identifier,isGlob
-1.3124498128890991,-31.616594314575195,(,(
-99.16878509521484,-27.10296630859375,identifier,pattern
31.1973819732666,73.98450469970703,),)
133.4176025390625,-77.9854736328125,),)
123.87755584716797,-105.23274993896484,{,{
-66.1795654296875,-144.62315368652344,return,return
-123.52735137939453,-33.91814422607422,identifier,fp
-12.743124008178711,98.45352172851562,.,.
-24.47863006591797,-1.4007214307785034,identifier,indexOf
0.5314001441001892,-4.704174518585205,(,(
-99.35053253173828,-27.074556350708008,identifier,pattern
34.026458740234375,75.72344970703125,),)
125.06246185302734,105.020263671875,},}
-63.68300247192383,-142.04629516601562,return,return
-65.54925537109375,-24.534143447875977,identifier,matcher
7.84870719909668,-24.52796745300293,(,(
-98.93879699707031,-27.05422592163086,identifier,pattern
104.75757598876953,35.0435905456543,",",","
-130.72967529296875,-67.9788589477539,identifier,opts
36.25958251953125,93.27777862548828,),)
12.099054336547852,-26.429285049438477,(,(
-123.57659912109375,-33.288673400878906,identifier,fp
52.428802490234375,76.2430419921875,),)
72.9892349243164,160.70626831054688,},}
-1.2974742650985718,-140.9302215576172,function,function
-11.160996437072754,-107.9243392944336,(,(
-103.22438049316406,-8.506929397583008,identifier,mainFiles
56.335113525390625,-116.52342987060547,),)
71.99516296386719,-140.07962036132812,{,{
183.2291717529297,-18.536191940307617,for,for
178.93797302246094,-20.208372116088867,(,(
-163.46925354003906,9.775100708007812,identifier,i
64.2911605834961,-43.724578857421875,=,=
-171.38377380371094,7.693904399871826,identifier,i
58.218360900878906,-50.16319274902344,<,<
-103.18167114257812,-8.036298751831055,identifier,mainFiles
-16.44382667541504,93.2917709350586,.,.
-127.92958068847656,69.9316635131836,identifier,length
-172.29002380371094,6.375011444091797,identifier,i
99.61151123046875,-95.06603240966797,),)
101.68587493896484,-95.95420837402344,{,{
-133.86228942871094,-23.910593032836914,identifier,parts
81.10818481445312,-28.872093200683594,=,=
-103.09280395507812,-7.919363021850586,identifier,mainFiles
-163.25660705566406,-3.389991044998169,identifier,i
-5.249518394470215,97.28495025634766,.,.
0.9665327072143555,19.32073402404785,identifier,split
2.4073877334594727,15.972867012023926,(,(
32.125518798828125,65.35586547851562,),)
155.38108825683594,40.31312942504883,",",","
-42.070343017578125,42.33794021606445,identifier,ext
70.29796600341797,-30.386810302734375,=,=
-133.45286560058594,-23.20185089111328,identifier,parts
-12.29464054107666,88.7999267578125,.,.
-19.64500617980957,19.707653045654297,identifier,pop
23.64082908630371,42.80596160888672,(,(
30.649600982666016,59.2353630065918,),)
154.9053192138672,40.574066162109375,",",","
-104.49047088623047,28.9383487701416,identifier,min
69.66248321533203,-29.496660232543945,=,=
-133.26190185546875,-23.024816513061523,identifier,parts
-12.453716278076172,88.99939727783203,.,.
-19.59537696838379,19.682273864746094,identifier,pop
23.426063537597656,42.84074783325195,(,(
30.453182220458984,59.34683609008789,),)
153.84791564941406,40.384891510009766,",",","
-104.54773712158203,8.513733863830566,identifier,fName
205.04647827148438,1.9654816389083862,if,if
25.079374313354492,-68.22798919677734,(,(
-103.96835327148438,29.07391357421875,identifier,min
131.2120361328125,-78.39423370361328,),)
122.01296997070312,-103.23167419433594,{,{
-133.09107971191406,-22.612592697143555,identifier,parts
-15.004220008850098,87.60812377929688,.,.
-17.32136344909668,14.765242576599121,identifier,push
4.317944526672363,-6.0174880027771,(,(
-42.12274932861328,42.139801025390625,identifier,ext
47.54991149902344,70.22999572753906,),)
-104.51394653320312,7.558874130249023,identifier,fName
66.10179138183594,-20.462711334228516,=,=
-132.9656524658203,-22.845998764038086,identifier,parts
-12.052383422851562,90.14405822753906,.,.
10.498997688293457,16.24021339416504,identifier,join
5.766556262969971,13.992413520812988,(,(
36.534976959228516,86.09121704101562,),)
205.75265502929688,7.049574851989746,if,if
23.878873825073242,-73.5657730102539,(,(
-49.93843078613281,44.79645919799805,identifier,grunt
-51.92414474487305,86.05679321289062,.,.
-58.81672668457031,56.20449447631836,identifier,file
-48.89018630981445,85.07537078857422,.,.
-43.276641845703125,-14.759149551391602,identifier,exists
-3.0650527477264404,-31.3559627532959,(,(
-105.26591491699219,7.792721748352051,identifier,fName
32.3570671081543,74.39659118652344,),)
138.7479248046875,-81.76740264892578,),)
-103.90937805175781,-7.790248870849609,identifier,mainFiles
-160.46939086914062,0.6520801186561584,identifier,i
61.149757385253906,-8.978806495666504,=,=
-105.29718017578125,7.896579265594482,identifier,fName
117.52131652832031,107.13973236083984,},}
117.72466278076172,99.67800903320312,},}
-60.427276611328125,-143.33493041992188,return,return
-103.95054626464844,-7.927227020263672,identifier,mainFiles
71.16136932373047,159.56954956054688,},}
-3.940999746322632,-143.20364379882812,function,function
-8.136969566345215,-106.40887451171875,(,(
-97.43177795410156,-17.168018341064453,identifier,base
139.33273315429688,19.511173248291016,",",","
-55.44742202758789,-30.418258666992188,identifier,after
54.13621139526367,-114.59085845947266,),)
70.18913269042969,-145.13229370117188,{,{
-66.7204360961914,-137.34774780273438,return,return
-69.98462677001953,-1.0464493036270142,identifier,Advice
-34.80757522583008,89.5805435180664,.,.
-52.24406051635742,-13.390389442443848,identifier,around
-2.5294108390808105,-16.660968780517578,(,(
-98.2748031616211,-17.172325134277344,identifier,base
101.83142852783203,27.711421966552734,",",","
5.032196521759033,-117.9293212890625,function,function
-4.270660877227783,-104.27690887451172,(,(
72.37577056884766,-127.51588439941406,),)
82.69501495361328,-130.66241455078125,{,{
-105.19416046142578,-58.841094970703125,identifier,args
81.73773193359375,-27.97568702697754,=,=
-5.113317012786865,94.40779113769531,.,.
-8.358267784118652,12.02774429321289,identifier,slice
-5.130013942718506,94.32674407958984,.,.
-11.297477722167969,-4.679056644439697,identifier,call
-10.011195182800293,-5.06352424621582,(,(
-102.15638732910156,-61.585391998291016,identifier,arguments
95.23335266113281,31.176105499267578,",",","
33.35845947265625,66.09342193603516,),)
155.6344757080078,39.93721008300781,",",","
-95.25625610351562,30.276643753051758,identifier,orig
70.2266616821289,-30.259859085083008,=,=
-106.44536590576172,-59.14558410644531,identifier,args
-11.76425552368164,88.17440795898438,.,.
-20.438234329223633,20.151222229003906,identifier,shift
24.16509246826172,42.74208450317383,(,(
30.868244171142578,58.8802375793457,),)
154.00015258789062,40.5527229309082,",",","
-101.73011016845703,13.994688034057617,identifier,afterFn
-129.6114044189453,26.177501678466797,identifier,res
73.13004302978516,-20.41838264465332,=,=
20.929218292236328,-54.26875305175781,(,(
-95.06321716308594,30.23663330078125,identifier,orig
-33.53974914550781,116.32438659667969,.,.
-54.328277587890625,8.550966262817383,identifier,unbound
86.93144226074219,-56.907936096191406,||,||
-94.9913558959961,30.21703338623047,identifier,orig
23.868915557861328,83.9774398803711,),)
21.557294845581055,84.94757843017578,.,.
-15.723365783691406,-1.9886724948883057,identifier,apply
-6.1750712394714355,-5.239107608795166,(,(
106.50582885742188,24.40749740600586,",",","
-106.23055267333984,-60.143428802490234,identifier,args
44.212650299072266,71.5770492553711,),)
-101.89215087890625,13.490622520446777,identifier,afterFn
66.62528991699219,-19.946380615234375,=,=
21.469501495361328,-54.993839263916016,(,(
-55.97416687011719,-31.236557006835938,identifier,after
27.655624389648438,80.87837219238281,),)
-55.8269157409668,-31.212318420410156,identifier,after
-55.65690994262695,-31.213916778564453,identifier,after
-29.89169692993164,116.2845687866211,.,.
-121.3155517578125,-27.929845809936523,identifier,obj
-55.596412658691406,-31.35768699645996,identifier,after
-29.921960830688477,116.35929107666016,.,.
-60.47129821777344,6.167794704437256,identifier,fnName
-126.95494842529297,28.42820930480957,identifier,result
71.13688659667969,-18.244779586791992,=,=
-101.69649505615234,13.414217948913574,identifier,afterFn
-24.504568099975586,95.03591918945312,.,.
-15.868884086608887,-2.072789430618286,identifier,apply
-5.979403018951416,-5.540335655212402,(,(
106.3487777709961,24.63604164123535,",",","
-105.99626922607422,-60.47955322265625,identifier,args
47.46944046020508,74.57972717285156,),)
-61.80662155151367,-144.9987030029297,return,return
-124.0548324584961,26.84461784362793,identifier,result
106.80347442626953,99.09982299804688,},}
63.30792236328125,87.66524505615234,),)
68.55918884277344,161.03524780273438,},}
-3.290888786315918,-142.1024932861328,function,function
-9.03354263305664,-106.56232452392578,(,(
-126.4964370727539,-51.427146911621094,identifier,config
140.20448303222656,19.83359718322754,",",","
-57.3010368347168,-51.280433654785156,identifier,callback
138.21533203125,24.56768035888672,",",","
-65.83386993408203,-43.67818069458008,identifier,scope
50.89387130737305,-114.11101531982422,),)
76.98954010009766,-142.27359008789062,{,{
-82.33425903320312,0.9020881652832031,identifier,changed
82.83026885986328,-19.422422409057617,=,=
205.4683837890625,-5.951039791107178,if,if
29.131641387939453,-61.67708969116211,(,(
-123.69065856933594,-52.77310562133789,identifier,config
123.31287384033203,-76.94495391845703,),)
119.33641815185547,-96.83567810058594,{,{
-124.04064178466797,-53.31569290161133,identifier,config
-40.464332580566406,124.06855010986328,.,.
-65.41373443603516,4.561608791351318,identifier,config_id
68.69112396240234,-7.788848400115967,=,=
-39.8499870300293,45.37680435180664,identifier,Ext
-39.82288360595703,88.16207885742188,.,.
-62.35970687866211,18.545055389404297,identifier,data
-46.288787841796875,98.80032348632812,.,.
-66.9317855834961,3.0372161865234375,identifier,CSV
-34.01354217529297,87.01932525634766,.,.
-44.56193542480469,21.218183517456055,identifier,superclass
-32.25728225708008,86.37335205078125,.,.
-45.176048278808594,20.829387664794922,identifier,constructor
-32.297019958496094,86.58087921142578,.,.
-11.685171127319336,-2.8365232944488525,identifier,call
-8.474272727966309,-4.209490776062012,(,(
107.88111877441406,23.358736038208008,",",","
-125.13854217529297,-52.91474914550781,identifier,config
41.97187423706055,68.98027038574219,),)
206.23507690429688,0.9237618446350098,if,if
25.52361297607422,-64.85564422607422,(,(
-124.04386138916016,-54.33855438232422,identifier,config
-31.4314022064209,124.2029037475586,.,.
-113.54161071777344,29.68312644958496,identifier,v
125.30628204345703,-74.7691421508789,),)
125.03727722167969,-100.627685546875,{,{
-55.224632263183594,119.76049041748047,.,.
-113.7908706665039,29.818103790283203,identifier,v
71.86752319335938,-3.8428328037261963,=,=
-53.948020935058594,108.52300262451172,.,.
-45.75141143798828,0.8276575803756714,identifier,do_add
3.5918564796447754,-14.509943962097168,(,(
-123.7259292602539,-54.64604949951172,identifier,config
-31.123905181884766,124.29839324951172,.,.
-113.61883544921875,29.624086380004883,identifier,v
47.68229293823242,69.56249237060547,),)
122.59127044677734,111.21640014648438,},}
121.49910736083984,99.37919616699219,},}
200.8502960205078,3.473984718322754,if,if
23.511072158813477,-70.21711730957031,(,(
-53.672176361083984,119.25474548339844,.,.
-114.01339721679688,29.99628257751465,identifier,v
35.83937072753906,17.452945709228516,===,===
132.72377014160156,-74.78889465332031,),)
125.10801696777344,-104.42687225341797,{,{
-54.673797607421875,119.62286376953125,.,.
-114.01666259765625,29.98200798034668,identifier,v
71.77619171142578,-3.8465158939361572,=,=
-82.32755279541016,0.9064711332321167,identifier,changed
63.87705993652344,1.029442548751831,=,=
124.95844268798828,107.11580657958984,},}
-55.7385368347168,108.18396759033203,.,.
-52.613285064697266,3.348829746246338,identifier,writeAndCallback
5.098195552825928,-17.861162185668945,(,(
-82.32024383544922,0.9037091732025146,identifier,changed
104.3956069946289,36.835670471191406,",",","
-57.235233306884766,-52.96452713012695,identifier,callback
111.23127746582031,40.33682632446289,",",","
-65.99349212646484,-43.68075180053711,identifier,scope
51.70995330810547,75.05104064941406,),)
71.0389404296875,162.3206329345703,},}
-2.1078948974609375,-141.63841247558594,function,function
-9.853862762451172,-107.13509368896484,(,(
-72.48482513427734,-29.243282318115234,identifier,tracker
137.4853973388672,19.181428909301758,",",","
-87.24964904785156,-10.910354614257812,identifier,propList
55.1445198059082,-117.18819427490234,),)
76.48382568359375,-140.6442413330078,{,{
-92.01981353759766,6.993655204772949,identifier,trackingData
77.29735565185547,-29.62168312072754,=,=
-72.50611877441406,-29.24418067932129,identifier,tracker
-66.90646362304688,-7.0197834968566895,identifier,trackingKeyName
-87.21776580810547,-10.881455421447754,identifier,propList
-9.447245597839355,94.50083923339844,.,.
-28.36604118347168,-46.080684661865234,identifier,forEach
-17.453683853149414,-49.10209274291992,(,(
7.118086814880371,-117.48672485351562,function,function
-3.146151304244995,-109.11320495605469,(,(
-106.03666687011719,-25.880388259887695,identifier,name
64.18741607666016,-117.3845443725586,),)
82.19903564453125,-129.26304626464844,{,{
-37.25971984863281,34.07848358154297,identifier,Object
-40.33097457885742,80.51071166992188,.,.
-38.8071174621582,-6.795115947723389,identifier,defineProperty
-1.1163814067840576,-14.816730499267578,(,(
-72.50303649902344,-29.255537033081055,identifier,tracker
108.39889526367188,26.38170051574707,",",","
-107.22067260742188,-25.298402786254883,identifier,name
113.700439453125,31.20883560180664,",",","
120.22770690917969,-28.690811157226562,{,{
-44.28944396972656,8.818795204162598,identifier,enumerable
129.9890899658203,43.19896697998047,",",","
-44.285526275634766,8.809082984924316,identifier,configurable
130.01803588867188,43.324180603027344,",",","
-47.2960205078125,-5.001614093780518,identifier,get
6.330336570739746,-120.23584747314453,function,function
-2.781447410583496,-103.47456359863281,(,(
73.12477111816406,-126.72895050048828,),)
81.67227935791016,-124.65300750732422,{,{
-70.38481903076172,-139.9570770263672,return,return
-92.39375305175781,7.450859069824219,identifier,trackingData
-36.40180587768555,115.65573120117188,.,.
-78.28617095947266,33.03761291503906,identifier,object
-108.6910400390625,-24.13545799255371,identifier,name
101.77213287353516,101.4496078491211,},}
129.5402069091797,44.92109298706055,",",","
-46.44308090209961,-5.116989612579346,identifier,set
6.309693813323975,-120.2291259765625,function,function
-2.2983572483062744,-104.70570373535156,(,(
-131.6329803466797,-1.71938157081604,identifier,x
65.71487426757812,-116.5405044555664,),)
82.79972076416016,-126.63983917236328,{,{
-92.38111114501953,7.490893840789795,identifier,trackingData
-37.0775032043457,115.76475524902344,.,.
-70.05603790283203,-8.12651252746582,identifier,actions
-19.137651443481445,87.24263000488281,.,.
-17.267169952392578,13.326699256896973,identifier,push
4.704580307006836,-8.44775676727295,(,(
119.09717559814453,-30.386402130126953,{,{
-102.1985092163086,-25.107158660888672,identifier,key
-108.00133514404297,-24.52117347717285,identifier,name
126.32378387451172,41.34749221801758,",",","
-46.330936431884766,-5.149428844451904,identifier,set
-130.8487091064453,-1.391666293144226,identifier,x
119.00931549072266,52.14570617675781,",",","
100.6454849243164,91.2358627319336,},}
53.40839767456055,84.0174560546875,),)
-92.3880844116211,7.520583152770996,identifier,trackingData
-37.081382751464844,115.73176574707031,.,.
-78.28529357910156,33.03810501098633,identifier,object
-108.19790649414062,-24.273338317871094,identifier,name
61.19527816772461,-8.782369613647461,=,=
-130.8259735107422,-1.444291114807129,identifier,x
105.70997619628906,100.67561340332031,},}
117.90054321289062,54.05288314819336,",",","
105.6584701538086,94.97526550292969,},}
61.59857940673828,87.62838745117188,),)
107.22954559326172,97.91236114501953,},}
63.375572204589844,87.16067504882812,),)
68.09354400634766,161.39756774902344,},}
5.788881778717041,-153.32913208007812,function,function
-59.22554397583008,-7.448345184326172,identifier,ambiguousBlockValue
-10.726137161254883,-86.56775665283203,(,(
70.19739532470703,-131.93199157714844,),)
71.71178436279297,-141.6128387451172,{,{
-79.66930389404297,0.7630707025527954,identifier,blockHelperMissing
77.3379898071289,-30.86186981201172,=,=
-53.045204162597656,111.73078155517578,.,.
-62.830989837646484,3.007073402404785,identifier,aliasable
-5.529326438903809,-21.877307891845703,(,(
36.60911560058594,64.74684143066406,),)
155.769775390625,39.060298919677734,",",","
-109.7870101928711,-53.30625915527344,identifier,params
80.22484588623047,-26.524269104003906,=,=
-53.036827087402344,112.2347640991211,.,.
-58.194705963134766,-3.3952887058258057,identifier,contextName
-5.6126251220703125,-22.968740463256836,(,(
35.97002029418945,71.54804229736328,),)
-55.05343246459961,110.255615234375,.,.
-59.66377639770508,-2.4839541912078857,identifier,setupHelperArgs
2.735461711883545,-19.151817321777344,(,(
94.51654052734375,38.669921875,",",","
94.64373779296875,38.29065704345703,",",","
-109.03270721435547,-55.3603401184082,identifier,params
115.81136322021484,34.21167755126953,",",","
45.690147399902344,80.39281463623047,),)
-54.771697998046875,109.92570495605469,.,.
-63.26428985595703,7.96586799621582,identifier,flushInline
31.112768173217773,43.70003128051758,(,(
36.99488830566406,53.684356689453125,),)
-92.40149688720703,26.175567626953125,identifier,current
67.87423706054688,-31.00276756286621,=,=
-53.5677375793457,109.66693115234375,.,.
-71.50045776367188,-21.550783157348633,identifier,topStack
28.571672439575195,45.17310333251953,(,(
31.530061721801758,57.587406158447266,),)
-109.41169738769531,-54.40052795410156,identifier,params
-14.909006118774414,88.59329223632812,.,.
-8.096827507019043,8.098443031311035,identifier,splice
-1.3512613773345947,5.854339599609375,(,(
95.18163299560547,36.4498291015625,",",","
94.82128143310547,37.67820739746094,",",","
-93.55413055419922,25.87197494506836,identifier,current
43.404354095458984,74.84376525878906,),)
-53.80274200439453,106.90739440917969,.,.
-32.40032196044922,7.318943977355957,identifier,pushSource
6.662327289581299,-9.230326652526855,(,(
100.14422607421875,48.97579574584961,",",","
-52.18219757080078,113.6053695678711,.,.
-62.549251556396484,14.104887008666992,identifier,lastHelper
113.56737518310547,45.52959442138672,",",","
100.11664581298828,48.926361083984375,",",","
-93.77273559570312,26.05398178100586,identifier,current
113.68881225585938,45.55276870727539,",",","
100.12091827392578,48.9173698425293,",",","
-52.140785217285156,113.4376449584961,.,.
-74.83712768554688,24.994108200073242,identifier,source
-33.56864929199219,102.07817077636719,.,.
-48.35586166381836,-11.669431686401367,identifier,functionCall
6.604990005493164,-17.730581283569336,(,(
-79.64911651611328,0.7719218134880066,identifier,blockHelperMissing
101.55062866210938,36.37348175048828,",",","
102.89444732666016,44.44756317138672,",",","
-108.5896987915039,-54.81679916381836,identifier,params
41.684364318847656,79.33452606201172,),)
111.78718566894531,47.712093353271484,",",","
56.019981384277344,84.69145965576172,),)
69.69495391845703,163.63075256347656,},}
6.083485126495361,-148.34449768066406,function,function
-54.22782897949219,-12.040983200073242,identifier,binarySearch
-12.503046989440918,-80.23237609863281,(,(
-123.12986755371094,-20.569232940673828,identifier,arr
138.00746154785156,17.30022430419922,",",","
-101.61882019042969,-24.122936248779297,identifier,key
138.44522094726562,26.039445877075195,",",","
-59.75990676879883,-22.500873565673828,identifier,compareFunc
48.947242736816406,-114.22223663330078,),)
77.6578140258789,-144.24356079101562,{,{
-101.61849975585938,35.29254913330078,identifier,low
85.2778549194336,-21.260665893554688,=,=
-101.72358703613281,37.7568359375,identifier,high
69.65895080566406,-34.88962173461914,=,=
-124.22480010986328,-21.34406089782715,identifier,arr
-15.916175842285156,95.53715515136719,.,.
-126.06364440917969,68.19229125976562,identifier,length
186.9292449951172,-16.447410583496094,while,while
32.66111373901367,-73.23245239257812,(,(
-101.36209869384766,34.880367279052734,identifier,low
-101.99246978759766,38.06242370605469,identifier,high
95.66287994384766,-96.04515838623047,),)
102.55168151855469,-95.93209838867188,{,{
-116.60240936279297,8.770149230957031,identifier,mid
70.4604721069336,-31.83385467529297,=,=
21.173465728759766,-53.2569580078125,(,(
-101.17364501953125,34.76319122314453,identifier,low
-10.208374977111816,51.68544387817383,+,+
-102.08058166503906,38.18132400512695,identifier,high
24.981767654418945,83.32508850097656,),)
-116.2688980102539,8.399068832397461,identifier,midVal
69.80139923095703,-25.13965606689453,=,=
-124.66631317138672,-21.5478515625,identifier,arr
-117.74376678466797,7.882307052612305,identifier,mid
-58.999794006347656,-24.98187828063965,identifier,cmp
71.43804168701172,-23.2130126953125,=,=
-59.751686096191406,-22.524436950683594,identifier,compareFunc
9.123196601867676,-24.711193084716797,(,(
-116.33662414550781,7.964982509613037,identifier,midVal
102.31305694580078,32.296546936035156,",",","
-101.5959701538086,-24.23490333557129,identifier,key
41.84691619873047,71.75241088867188,),)
206.5482177734375,4.245666027069092,if,if
22.24515724182129,-68.97988891601562,(,(
-58.951175689697266,-25.26967430114746,identifier,cmp
-16.69508934020996,30.943920135498047,<,<
131.33323669433594,-75.61911010742188,),)
127.41565704345703,-103.1378173828125,{,{
-101.34272766113281,35.37504959106445,identifier,low
62.03785705566406,-18.13412857055664,=,=
-118.43274688720703,8.46326732635498,identifier,mid
-9.623661994934082,52.864166259765625,+,+
132.98536682128906,102.63661193847656,},}
141.36337280273438,90.3237075805664,else,else
199.6739044189453,10.165903091430664,if,if
20.09812355041504,-71.51763916015625,(,(
-58.94610595703125,-25.30220603942871,identifier,cmp
-15.00191593170166,29.73118019104004,>,>
131.63690185546875,-75.3563461303711,),)
127.11780548095703,-104.57946014404297,{,{
-101.52845764160156,37.53484344482422,identifier,high
62.04610061645508,-17.920169830322266,=,=
-118.46690368652344,8.48271656036377,identifier,mid
133.10838317871094,101.92678833007812,},}
140.980712890625,91.00701141357422,else,else
121.25995635986328,-114.70435333251953,{,{
-64.10447692871094,-147.01327514648438,return,return
-118.47637939453125,8.530420303344727,identifier,mid
119.24079132080078,108.74481964111328,},}
119.21085357666016,100.41934967041016,},}
-60.37890625,-146.07598876953125,return,return
-101.95331573486328,34.79747009277344,identifier,low
69.27236938476562,158.70086669921875,},}
-3.955296039581299,-141.18605041503906,function,function
-11.522330284118652,-106.72179412841797,(,(
-119.78913879394531,63.163414001464844,identifier,width
58.588958740234375,-115.82347869873047,),)
72.4200439453125,-138.88284301757812,{,{
-99.1458969116211,12.074749946594238,identifier,breakPointIndex
84.65380096435547,-19.936622619628906,=,=
182.68064880371094,-18.979089736938477,for,for
178.16836547851562,-20.96791648864746,(,(
-163.9129638671875,10.180492401123047,identifier,i
63.72621154785156,-43.996150970458984,=,=
-170.33616638183594,7.989546298980713,identifier,i
57.567962646484375,-50.34103775024414,<,<
-77.05827331542969,36.672523498535156,identifier,C
-58.90182113647461,94.37853240966797,.,.
-75.70787048339844,30.16600799560547,identifier,OTHER
-60.687923431396484,97.12989807128906,.,.
-74.2480239868164,22.01375389099121,identifier,BREAKPOINTS
-18.262271881103516,93.86392974853516,.,.
-127.71370697021484,70.94142150878906,identifier,length
-171.88290405273438,6.057361125946045,identifier,i
99.84245300292969,-94.46006774902344,),)
103.07936096191406,-96.35981750488281,{,{
210.89785766601562,1.281556487083435,if,if
30.320293426513672,-69.18801879882812,(,(
-119.75343322753906,63.1429557800293,identifier,width
-77.07408905029297,36.68667984008789,identifier,C
-58.88789749145508,94.38082122802734,.,.
-75.71939086914062,30.166296005249023,identifier,OTHER
-60.67901611328125,97.14170837402344,.,.
-74.24922943115234,22.01441764831543,identifier,BREAKPOINTS
-163.70704650878906,-2.9755055904388428,identifier,i
131.56324768066406,-82.62686157226562,),)
125.63153839111328,-98.74571990966797,{,{
-99.07556915283203,12.028751373291016,identifier,breakPointIndex
63.952022552490234,-17.81619644165039,=,=
-163.54432678222656,1.3256208896636963,identifier,i
123.72439575195312,112.3552474975586,},}
122.08252716064453,98.70641326904297,},}
-71.69950103759766,46.73014450073242,identifier,$
-29.673168182373047,45.238792419433594,(,(
-31.072181701660156,43.51923370361328,"""","""body"""
5.748735427856445,85.8957290649414,),)
4.979813098907471,86.2375259399414,.,.
-35.07932662963867,-4.020653247833252,identifier,removeClass
-33.741966247558594,-4.214569568634033,(,(
-57.32227325439453,15.123882293701172,"""","""size768 size992 size1200"""
50.16850280761719,87.08296203613281,),)
-98.60108184814453,12.931079864501953,identifier,breakPoint
84.24761962890625,-18.85430145263672,=,=
204.07406616210938,6.125421047210693,if,if
22.103822708129883,-72.73995208740234,(,(
-98.20423889160156,11.921290397644043,identifier,breakPointIndex
133.755126953125,-75.3038101196289,),)
124.32339477539062,-106.91297149658203,{,{
-98.54903411865234,12.920674324035645,identifier,breakPoint
69.12869262695312,-18.261598587036133,=,=
-77.06351470947266,36.6835823059082,identifier,C
-58.885780334472656,94.3753662109375,.,.
-75.70511627197266,30.16619300842285,identifier,OTHER
-60.66521453857422,97.15362548828125,.,.
-74.24883270263672,22.02318000793457,identifier,BREAKPOINTS
-97.87466430664062,11.849224090576172,identifier,breakPointIndex
-71.67788696289062,46.68645477294922,identifier,$
-29.77315902709961,45.13612365722656,(,(
-31.072999954223633,43.51683807373047,"""","""body"""
5.700320720672607,85.88525390625,),)
5.021012306213379,86.17247009277344,.,.
-35.10719680786133,-3.9621078968048096,identifier,addClass
-33.72850036621094,-4.225001335144043,(,(
-56.921024322509766,15.088807106018066,"""","""size"""
-3.6325275897979736,46.92686080932617,+,+
-97.58048248291016,12.805769920349121,identifier,breakPoint
49.35266876220703,77.20575714111328,),)
118.36849975585938,104.17759704589844,},}
-59.737876892089844,-143.0634307861328,return,return
-97.7847671508789,13.025152206420898,identifier,breakPoint
72.01189422607422,158.67620849609375,},}
2.8319880962371826,-151.8311767578125,function,function
-59.779945373535156,-7.9067254066467285,identifier,parentSetter
-11.262092590332031,-84.38593292236328,(,(
-131.9759063720703,-2.279191017150879,identifier,x
57.33744812011719,-113.42689514160156,),)
73.41368865966797,-140.94322204589844,{,{
-94.64290618896484,21.69858741760254,identifier,previousValue
76.29666137695312,-31.5024356842041,=,=
-76.7666244506836,20.2713565826416,identifier,memoizedObject
-103.67117309570312,-23.53704071044922,identifier,key
-124.5080795288086,20.321365356445312,identifier,returnValue
-76.77068328857422,20.280540466308594,identifier,memoizedObject
-103.72071838378906,-23.507732391357422,identifier,key
60.73789978027344,-10.07248306274414,=,=
-131.17684936523438,-4.00875997543335,identifier,x
202.2423553466797,-4.0152587890625,if,if
30.663721084594727,-63.07927703857422,(,(
-131.7204132080078,-4.441701412200928,identifier,x
38.825984954833984,16.33936309814453,===,===
-94.6009521484375,22.24647331237793,identifier,previousValue
136.7606201171875,-83.96903991699219,),)
-66.6869888305664,-148.78451538085938,return,return
-130.92578125,-3.723184585571289,identifier,x
200.9931182861328,-1.4730274677276611,if,if
29.310392379760742,-66.8785171508789,(,(
-52.30626678466797,-22.455608367919922,identifier,definition
82.56883239746094,-70.02542114257812,&&,&&
-132.30645751953125,-4.71248722076416,identifier,x
86.12499237060547,-70.07173919677734,&&,&&
-132.3572540283203,-4.855465888977051,identifier,x
139.24630737304688,-83.24539947509766,),)
-57.65948486328125,3.8487753868103027,identifier,bindKeys
3.0534350872039795,-19.482698440551758,(,(
-65.35037231445312,-43.66086196899414,identifier,scope
109.02649688720703,29.470884323120117,",",","
-132.38832092285156,-3.563105821609497,identifier,x
111.92300415039062,34.06453323364258,",",","
-52.30587387084961,-22.459232330322266,identifier,definition
112.07479858398438,34.47087097167969,",",","
-76.85223388671875,-7.46797513961792,identifier,parentNode
112.13251495361328,34.871986389160156,",",","
-85.18754577636719,0.1509634405374527,identifier,keyPath
52.61187744140625,68.32988739013672,),)
140.80189514160156,88.29926300048828,else,else
198.95326232910156,9.951035499572754,if,if
23.521568298339844,-66.55850219726562,(,(
-44.033077239990234,-6.752902984619141,identifier,change
123.68508911132812,-72.47570037841797,),)
120.97432708740234,-104.27037811279297,{,{
-124.37633514404297,20.46211051940918,identifier,returnValue
69.76324462890625,-19.601436614990234,=,=
-44.053585052490234,-6.66153621673584,identifier,change
9.020623207092285,-23.786832809448242,(,(
-76.86598205566406,-7.472351551055908,identifier,parentNode
105.56570434570312,32.17376708984375,",",","
-132.39529418945312,-3.443471908569336,identifier,x
111.92731475830078,36.96144485473633,",",","
-94.54493713378906,22.481704711914062,identifier,previousValue
35.563716888427734,17.053466796875,===,===
-94.39968872070312,22.723949432373047,identifier,previousValue
109.14605712890625,44.083473205566406,",",","
-85.19527435302734,0.13895195722579956,identifier,keyPath
52.70881271362305,68.9953384399414,),)
203.689697265625,8.279820442199707,if,if
21.185672760009766,-72.84191131591797,(,(
-124.11126708984375,20.55784797668457,identifier,returnValue
139.51231384277344,-82.46415710449219,),)
-44.27952575683594,-5.326281547546387,identifier,changeValue
5.102874279022217,-18.62932014465332,(,(
-76.87181854248047,-7.474287033081055,identifier,parentNode
105.3859634399414,32.94794845581055,",",","
-124.00537872314453,20.599706649780273,identifier,returnValue
109.65824890136719,39.35468292236328,",",","
-64.99740600585938,-17.818130493164062,identifier,branch
-59.476348876953125,5.287774562835693,identifier,replaceAttributeKey
54.930809020996094,76.24797058105469,),)
119.27764129638672,102.91328430175781,},}
-58.034339904785156,-145.3158721923828,return,return
-130.73306274414062,-3.2299001216888428,identifier,x
74.79774475097656,165.48497009277344,},}
3.258725881576538,-148.61373901367188,function,function
-61.29910659790039,-6.3194403648376465,identifier,collectDependencies
-9.737253189086914,-81.49209594726562,(,(
-96.07990264892578,-7.654189109802246,identifier,bowerJson
135.63255310058594,21.85133934020996,",",","
-99.9071273803711,-42.06812286376953,identifier,dependencies
53.69710922241211,-117.62715148925781,),)
76.84385681152344,-145.9959716796875,{,{
205.91131591796875,-7.460373878479004,if,if
34.75160217285156,-64.74502563476562,(,(
-96.27430725097656,-7.129400253295898,identifier,bowerJson
28.831390380859375,18.66571807861328,!=,!=
84.23593139648438,-67.32554626464844,&&,&&
-96.23265838623047,-7.06427001953125,identifier,bowerJson
28.892230987548828,18.648681640625,!=,!=
127.05467987060547,-81.9727554321289,),)
118.44204711914062,-98.48831176757812,{,{
209.62600708007812,-1.6354535818099976,if,if
31.97305679321289,-67.22769165039062,(,(
-96.4747543334961,-6.961647033691406,identifier,bowerJson
-25.006162643432617,107.69015502929688,.,.
-20.095157623291016,-13.987448692321777,identifier,hasOwnProperty
-19.547164916992188,-13.671103477478027,(,(
-55.938232421875,13.92192268371582,"""","""dependencies"""
27.320938110351562,73.43047332763672,),)
127.76658630371094,-80.00330352783203,),)
118.8642349243164,-99.78093719482422,{,{
-98.87400817871094,0.691942572593689,identifier,dependenciesJson
77.60108184814453,-25.6341609954834,=,=
-96.63232421875,-6.87275505065918,identifier,bowerJson
-29.368568420410156,112.51427459716797,.,.
-99.29584503173828,-43.07352828979492,identifier,dependencies
-94.17350006103516,10.166097640991211,identifier,dependencisKeys
77.92497253417969,-24.447689056396484,=,=
-37.8925895690918,34.32024383544922,identifier,Object
-40.696006774902344,80.0488510131836,.,.
-28.448843002319336,-16.065126419067383,identifier,keys
-8.049039840698242,-32.97356033325195,(,(
-99.10897827148438,0.522583544254303,identifier,dependenciesJson
30.637460708618164,68.7876205444336,),)
-149.09793090820312,4.248488903045654,identifier,key
185.4532928466797,-20.52505111694336,for,for
178.43067932128906,-24.49066925048828,(,(
-149.64498901367188,3.0834639072418213,identifier,key
-94.26286315917969,9.916946411132812,identifier,dependencisKeys
96.09288024902344,-98.60472106933594,),)
100.85465240478516,-99.57079315185547,{,{
-94.83059692382812,11.786064147949219,identifier,dependecyJson
66.41160583496094,-25.07512664794922,=,=
-99.1771469116211,0.5554385781288147,identifier,dependenciesJson
-94.27915954589844,9.894572257995605,identifier,dependencisKeys
-149.83322143554688,0.27366647124290466,identifier,key
-102.69379425048828,-40.49656677246094,identifier,dependency
70.83203887939453,-20.26396942138672,=,=
-55.76825714111328,0.9558915495872498,identifier,createDependency
5.909709930419922,-24.43001937866211,(,(
-94.9476547241211,11.870516777038574,identifier,dependecyJson
44.796600341796875,75.57733154296875,),)
205.1035614013672,8.052660942077637,if,if
20.390806198120117,-72.61416625976562,(,(
-103.57382202148438,-40.90376663208008,identifier,dependency
28.24631118774414,18.877965927124023,!=,!=
133.89578247070312,-74.36425018310547,),)
125.71240234375,-107.52607727050781,{,{
-100.49760437011719,-41.439674377441406,identifier,dependencies
-18.474599838256836,86.5267562866211,.,.
-17.470754623413086,13.850852966308594,identifier,push
3.7203176021575928,-7.366755962371826,(,(
-103.6714859008789,-40.96815490722656,identifier,dependency
49.72604751586914,73.64380645751953,),)
-61.589778900146484,-5.929805278778076,identifier,collectDependencies
4.933939456939697,-21.069543838500977,(,(
-94.90118408203125,11.88902473449707,identifier,dependecyJson
105.45747375488281,36.551551818847656,",",","
-100.4408950805664,-41.894859313964844,identifier,dependencies
50.95440673828125,73.77973937988281,),)
117.1942138671875,107.68739318847656,},}
115.32722473144531,99.41343688964844,},}
114.84780883789062,99.7279052734375,},}
114.17329406738281,100.25797271728516,},}
67.29084777832031,169.5543975830078,},}
4.468784332275391,-149.84710693359375,function,function
-58.54148483276367,-9.294719696044922,identifier,createPagesUtility
-8.074393272399902,-84.35498809814453,(,(
-121.21640014648438,-13.786404609680176,identifier,pages
138.5369110107422,17.6015567779541,",",","
-146.61672973632812,-17.903949737548828,identifier,index
52.213191986083984,-116.90123748779297,),)
72.427001953125,-146.4716033935547,{,{
-67.00629425048828,-136.13148498535156,return,return
5.053712844848633,-122.72187042236328,function,function
-54.631134033203125,-5.979152202606201,identifier,getPages
-5.555423259735107,-86.76239776611328,(,(
-134.26556396484375,-10.9068603515625,identifier,number
61.59966278076172,-116.21929931640625,),)
81.84858703613281,-131.6498260498047,{,{
-79.96013641357422,-2.2499539852142334,identifier,offset
71.545166015625,-32.71304702758789,=,=
-47.57892608642578,62.62681198120117,identifier,Math
-46.16679000854492,79.65248107910156,.,.
-17.739490509033203,-29.862585067749023,identifier,floor
-17.66362953186035,-29.633869171142578,(,(
-134.6013946533203,-10.783706665039062,identifier,number
34.26215362548828,66.69166564941406,),)
-98.30243682861328,34.5828742980957,identifier,start
149.46534729003906,34.833656311035156,",",","
-97.8917465209961,38.25345230102539,identifier,end
200.72189331054688,-5.684053421020508,if,if
30.14594268798828,-66.62325286865234,(,(
-143.9853973388672,-16.153152465820312,identifier,index
-10.298247337341309,51.55137634277344,+,+
-80.97162628173828,-2.4811325073242188,identifier,offset
-122.45184326171875,-13.895256042480469,identifier,pages
-13.799176216125488,95.3979721069336,.,.
-124.30330657958984,69.01077270507812,identifier,length
130.51654052734375,-80.48097229003906,),)
123.52145385742188,-98.83863830566406,{,{
-97.9966812133789,34.81874465942383,identifier,start
61.65968704223633,-20.159910202026367,=,=
-47.50199508666992,62.527156829833984,identifier,Math
-46.60158157348633,80.68684387207031,.,.
-28.177209854125977,21.065019607543945,identifier,max
5.6919379234313965,4.231667995452881,(,(
94.17053985595703,34.3282356262207,",",","
-122.4346923828125,-13.967159271240234,identifier,pages
-13.45083999633789,95.44776916503906,.,.
-123.77710723876953,68.69003295898438,identifier,length
-134.9098358154297,-10.674062728881836,identifier,number
56.211509704589844,68.74522399902344,),)
-98.70333099365234,38.437747955322266,identifier,end
61.52400207519531,-19.97931671142578,=,=
-122.34365844726562,-14.070820808410645,identifier,pages
-13.266608238220215,95.47297668457031,.,.
-123.71168518066406,68.27626037597656,identifier,length
130.38314819335938,103.90709686279297,},}
139.7527313232422,89.1600341796875,else,else
119.5414810180664,-113.10643005371094,{,{
-97.83150482177734,34.95680236816406,identifier,start
62.02019119262695,-19.889368057250977,=,=
-47.26710891723633,63.07136535644531,identifier,Math
-46.713993072509766,80.13567352294922,.,.
-28.173812866210938,21.066173553466797,identifier,max
5.6980814933776855,4.228165149688721,(,(
94.13300323486328,34.32032775878906,",",","
-144.29168701171875,-16.29323959350586,identifier,index
-81.04438018798828,-2.494354724884033,identifier,offset
56.02828598022461,69.07554626464844,),)
-98.63356018066406,38.43199920654297,identifier,end
62.24977493286133,-19.75721549987793,=,=
-47.08143997192383,63.14519119262695,identifier,Math
-46.622047424316406,80.13528442382812,.,.
-28.54133415222168,20.893753051757812,identifier,min
5.6962809562683105,4.237492084503174,(,(
-97.02743530273438,35.430721282958984,identifier,start
-9.9298677444458,51.9101676940918,+,+
-134.8948516845703,-10.681305885314941,identifier,number
96.56411743164062,33.93865966796875,",",","
-122.38562774658203,-13.836941719055176,identifier,pages
-13.042850494384766,95.58760833740234,.,.
-123.28363037109375,68.39698791503906,identifier,length
56.4465217590332,73.90835571289062,),)
121.12017059326172,102.71758270263672,},}
-62.17775344848633,-142.4778289794922,return,return
-121.64981842041016,-13.852424621582031,identifier,pages
-14.566309928894043,90.79326629638672,.,.
-7.657247066497803,10.944977760314941,identifier,slice
-1.7378411293029785,7.747788906097412,(,(
-96.91866302490234,35.56074142456055,identifier,start
96.72665405273438,34.86190414428711,",",","
-97.50115966796875,38.57756042480469,identifier,end
54.47968673706055,74.96914672851562,),)
112.45249938964844,103.17096710205078,},}
69.71752166748047,169.884521484375,},}
1.8358253240585327,-149.94625854492188,function,function
-56.70558166503906,-12.380328178405762,identifier,cmin
-13.490272521972656,-83.99272155761719,(,(
-123.07511138916016,-20.71440315246582,identifier,arr
56.235107421875,-114.27264404296875,),)
72.5632095336914,-141.1959228515625,{,{
209.0655517578125,-8.755300521850586,if,if
36.17461013793945,-61.25629425048828,(,(
-33.05511474609375,33.63817596435547,identifier,Array
-39.418373107910156,78.41539001464844,.,.
-30.442434310913086,29.450332641601562,identifier,isArray
-3.233105421066284,-36.056488037109375,(,(
-123.0073471069336,-22.151805877685547,identifier,arr
26.664424896240234,70.1424789428711,),)
127.29081726074219,-86.00435638427734,),)
129.20433044433594,-93.56864166259766,{,{
-34.60219955444336,-25.734600067138672,identifier,TypeError
17.804954528808594,-8.436203956604004,(,(
47.60369110107422,90.08636474609375,),)
133.42808532714844,109.78497314453125,},}
-124.95575714111328,61.20177459716797,identifier,len
68.97258758544922,-33.562564849853516,=,=
-124.2079086303711,-22.323726654052734,identifier,arr
-15.283258438110352,95.6560287475586,.,.
-125.95938110351562,67.35863494873047,identifier,length
154.615966796875,41.424888610839844,",",","
-119.48567199707031,30.49251365661621,identifier,v
79.21428680419922,-21.20762825012207,=,=
-31.569551467895508,34.90370559692383,identifier,Array
-16.00302505493164,-20.04425621032715,(,(
-126.81578063964844,60.16541290283203,identifier,len
39.6129150390625,65.2541732788086,),)
153.4244384765625,40.0589599609375,",",","
-105.21817016601562,29.215770721435547,identifier,min
-104.67402648925781,29.590213775634766,identifier,min
68.35563659667969,-26.140308380126953,=,=
-124.70771026611328,-22.54880142211914,identifier,arr
-119.6788330078125,29.954574584960938,identifier,v
60.14788055419922,-8.602635383605957,=,=
-103.69577026367188,30.096471786499023,identifier,min
184.799072265625,-20.5280704498291,for,for
179.65447998046875,-22.952028274536133,(,(
-164.40655517578125,11.215855598449707,identifier,i
61.70438766479492,-45.314170837402344,=,=
-167.93212890625,4.772120952606201,identifier,i
59.5430793762207,-52.2397346496582,<,<
-127.27330017089844,61.72528839111328,identifier,len
-169.01925659179688,3.471931219100952,identifier,i
98.47297668457031,-93.23587036132812,),)
100.64169311523438,-98.81471252441406,{,{
207.81973266601562,7.362023830413818,if,if
23.534807205200195,-72.82626342773438,(,(
-125.35706329345703,-22.477598190307617,identifier,arr
-160.42672729492188,-1.4121469259262085,identifier,i
-17.40846061706543,30.504487991333008,<,<
-103.56591796875,30.07728385925293,identifier,min
135.3451385498047,-76.39842987060547,),)
127.80516052246094,-105.13443756103516,{,{
-104.46508026123047,30.053564071655273,identifier,min
65.19747161865234,-16.886770248413086,=,=
-125.78633880615234,-22.463632583618164,identifier,arr
-160.28724670410156,-0.7941951155662537,identifier,i
125.48174285888672,108.81491088867188,},}
-119.76811218261719,29.774599075317383,identifier,v
-161.175048828125,-0.007860582321882248,identifier,i
60.70586013793945,-8.28467082977295,=,=
-103.69634246826172,30.104215621948242,identifier,min
118.16381072998047,103.37527465820312,},}
-59.18171691894531,-143.3245849609375,return,return
-121.24057006835938,28.83298110961914,identifier,v
72.59571075439453,157.60537719726562,},}
-2.6792197227478027,-140.0961151123047,function,function
-10.338723182678223,-106.04291534423828,(,(
-126.70265197753906,-51.34895324707031,identifier,config
55.19498062133789,-111.24651336669922,),)
70.87601470947266,-140.20326232910156,{,{
-114.67987823486328,-7.955566883087158,identifier,element
-60.358062744140625,120.45164489746094,.,.
-59.454280853271484,-4.629578590393066,identifier,extraConstraint
70.35671997070312,-8.036477088928223,=,=
115.76049041748047,-24.3670711517334,{,{
114.53797149658203,-16.339014053344727,},}
-60.00587844848633,120.23326873779297,.,.
-65.55477905273438,4.491702079772949,identifier,initialConfig
66.40631866455078,-10.32552433013916,=,=
-123.72113037109375,-51.93496322631836,identifier,config
-59.157737731933594,120.33966064453125,.,.
-79.69202423095703,-2.1963870525360107,identifier,offset
70.13016510009766,-8.604413032531738,=,=
117.76343536376953,-28.71965789794922,{,{
-58.94169998168945,28.470800399780273,identifier,x
129.75335693359375,38.6773796081543,",",","
-59.35332489013672,28.974702835083008,identifier,y
97.86129760742188,88.38168334960938,},}
-58.84756851196289,120.32874298095703,.,.
-62.17173385620117,-1.4064093828201294,identifier,listeners
71.18588256835938,-7.338627338409424,=,=
115.78272247314453,-29.355005264282227,{,{
-61.614952087402344,22.64984703063965,identifier,dragstart
132.08367919921875,42.543724060058594,",",","
-61.71072769165039,23.085281372070312,identifier,drag
132.33453369140625,42.70095443725586,",",","
-61.599124908447266,22.6747989654541,identifier,dragend
132.00730895996094,42.97798538208008,",",","
-57.88414001464844,15.544118881225586,identifier,resize
131.985107421875,43.54022216796875,",",","
-61.104618072509766,21.491493225097656,identifier,touchstart
131.87066650390625,43.739990234375,",",","
-61.007266998291016,21.424453735351562,identifier,touchend
131.56829833984375,44.07721710205078,",",","
-65.47261810302734,-43.683265686035156,identifier,scope
96.38875579833984,89.04400634765625,},}
202.07421875,5.514061450958252,if,if
20.309669494628906,-74.2547378540039,(,(
-123.1809310913086,-53.2075080871582,identifier,config
80.71112060546875,-69.15003204345703,&&,&&
-122.82605743408203,-53.91595458984375,identifier,config
-30.373756408691406,125.6640396118164,.,.
-114.64891052246094,-5.8405327796936035,identifier,element
127.9443359375,-74.03546905517578,),)
124.6879653930664,-107.74112701416016,{,{
-115.86945343017578,-6.164699554443359,identifier,element
68.1109848022461,-19.82049560546875,=,=
-122.548583984375,-54.40617752075195,identifier,config
-30.138751983642578,125.88987731933594,.,.
-114.62899017333984,-5.746473789215088,identifier,element
-122.52108764648438,-54.49050521850586,identifier,config
-30.11275863647461,125.9147720336914,.,.
-114.60726928710938,-5.735422134399414,identifier,element
-55.371280670166016,107.12821197509766,.,.
-45.71286392211914,-2.5177621841430664,identifier,setElement
5.0676655769348145,-12.50135612487793,(,(
-115.94158172607422,-6.873292922973633,identifier,element
49.98373794555664,74.32024383544922,),)
118.04827117919922,104.48080444335938,},}
-56.58057403564453,-142.7196044921875,return,return
74.10657501220703,158.98782348632812,},}
7.229629039764404,-149.99688720703125,function,function
-59.150115966796875,-6.154260158538818,identifier,fixRequireIssue
-9.690311431884766,-86.11891174316406,(,(
69.72210693359375,-132.0195770263672,),)
68.68283081054688,-142.8249053955078,{,{
-66.50106048583984,-136.53514099121094,return,return
116.00863647460938,-30.842275619506836,{,{
-60.77671432495117,-4.61067533493042,identifier,visitor
115.18879699707031,-30.47909164428711,{,{
-61.69942092895508,-18.217416763305664,identifier,AssignmentExpression
-7.850019931793213,-87.73637390136719,(,(
-94.76313018798828,52.480934143066406,identifier,path
62.80854415893555,-116.16748046875,),)
82.56871032714844,-132.67880249023438,{,{
210.56350708007812,-5.859072208404541,if,if
32.58354187011719,-64.39220428466797,(,(
-94.82427215576172,52.49966812133789,identifier,path
-28.319122314453125,108.08321380615234,.,.
-98.40501403808594,54.0577392578125,identifier,node
-28.267610549926758,110.33084869384766,.,.
-61.2940559387207,-18.329833984375,identifier,operator
37.9495964050293,12.892930030822754,===,===
128.08517456054688,-81.73457336425781,),)
117.84992980957031,-99.26102447509766,{,{
124.21285247802734,-30.175413131713867,{,{
-93.69937896728516,49.18705368041992,identifier,left
88.2881851196289,-8.261724472045898,},}
84.8165054321289,-12.53931713104248,=,=
-94.85604858398438,52.4800910949707,identifier,path
-28.277597427368164,108.10856628417969,.,.
-98.39299011230469,54.022987365722656,identifier,node
207.32159423828125,-0.3879658579826355,if,if
29.727558135986328,-68.43385314941406,(,(
-93.69773864746094,49.16547775268555,identifier,left
-27.914846420288086,108.74073791503906,.,.
-85.89750671386719,-27.750831604003906,identifier,type
131.51910400390625,-84.78023529052734,),)
129.15916442871094,-97.80374908447266,{,{
-66.54064178466797,-151.4217529296875,return,return
130.4517059326172,111.34745025634766,},}
123.855712890625,-30.35335922241211,{,{
-122.31845092773438,9.285505294799805,identifier,object
88.49290466308594,-8.218562126159668,},}
84.52033996582031,-12.142740249633789,=,=
-93.69338989257812,49.154563903808594,identifier,left
204.8219451904297,3.5904946327209473,if,if
26.988025665283203,-71.68375396728516,(,(
21.949989318847656,-55.417964935302734,(,(
-123.01536560058594,9.16008186340332,identifier,object
-24.923795700073242,115.20726013183594,.,.
-85.6999282836914,-27.75240135192871,identifier,type
39.246395111083984,12.405035018920898,===,===
83.6536865234375,-71.25636291503906,&&,&&
-123.38890075683594,9.09833812713623,identifier,object
-24.909358978271484,115.25852966308594,.,.
-109.15350341796875,-31.60092544555664,identifier,name
40.212379455566406,13.294529914855957,===,===
27.819046020507812,80.92658233642578,),)
87.79779815673828,-60.550743103027344,||,||
23.699724197387695,-54.79756546020508,(,(
-123.53711700439453,9.085149765014648,identifier,object
-24.64026641845703,115.51414489746094,.,.
-85.59388732910156,-27.796337127685547,identifier,type
39.4183349609375,12.19881820678711,===,===
83.89907836914062,-71.62542724609375,&&,&&
-123.69630432128906,9.050461769104004,identifier,object
-24.56123924255371,115.75926971435547,.,.
-62.41215896606445,-18.586301803588867,identifier,expression
-22.26275062561035,114.9991683959961,.,.
-109.31114959716797,-31.728565216064453,identifier,name
40.3404426574707,13.327866554260254,===,===
27.908370971679688,80.07006072998047,),)
135.99501037597656,-78.4515151977539,),)
127.00840759277344,-106.78131866455078,{,{
-94.60559844970703,52.659793853759766,identifier,path
-29.0504150390625,106.21980285644531,.,.
-38.97041320800781,-1.784425139427185,identifier,remove
28.937267303466797,41.01310348510742,(,(
35.77487564086914,51.62710952758789,),)
118.87151336669922,111.2439193725586,},}
114.01996612548828,98.48026275634766,},}
109.42481994628906,96.03418731689453,},}
117.85010528564453,54.151424407958984,",",","
103.87361145019531,92.33897399902344,},}
117.84619140625,54.162384033203125,",",","
103.67771911621094,92.15533447265625,},}
66.75668334960938,161.3501434326172,},}
3.3530325889587402,-152.99575805664062,function,function
-62.73491287231445,-7.0102667808532715,identifier,commitUnmount
-11.438539505004883,-83.89575958251953,(,(
-81.47227478027344,30.112464904785156,identifier,current$$1
57.02230453491211,-112.5212631225586,),)
73.06498718261719,-144.88534545898438,{,{
-62.980712890625,-6.811577320098877,identifier,onCommitUnmount
8.05144214630127,-19.467668533325195,(,(
-81.84060668945312,29.736438751220703,identifier,current$$1
45.005531311035156,65.55746459960938,),)
35.593807220458984,-68.94801330566406,(,(
-82.0840835571289,30.317096710205078,identifier,current$$1
-29.98335075378418,109.92903137207031,.,.
-74.640869140625,0.18422406911849976,identifier,tag
118.68566131591797,-88.57939910888672,),)
118.39103698730469,-89.65503692626953,{,{
-66.40856170654297,-1.0231435298919678,identifier,ClassComponent
-66.30796813964844,-0.9794632792472839,identifier,ClassComponentLazy
117.2201919555664,-105.73448181152344,{,{
-63.98799514770508,-1.0253359079360962,identifier,safelyDetachRef
9.41020679473877,-18.78853988647461,(,(
-82.343994140625,29.383832931518555,identifier,current$$1
45.5091667175293,65.88111877441406,),)
-133.01869201660156,-34.3721809387207,identifier,instance
71.91069030761719,-25.673173904418945,=,=
-82.38655853271484,30.228885650634766,identifier,current$$1
-30.133481979370117,110.0018539428711,.,.
-58.90816116333008,12.792125701904297,identifier,stateNode
207.71763610839844,3.3239407539367676,if,if
26.364303588867188,-69.70472717285156,(,(
-132.127197265625,-33.998348236083984,identifier,instance
-33.82792663574219,115.31444549560547,.,.
-60.09326934814453,3.8848953247070312,identifier,componentWillUnmount
33.281253814697266,16.93833351135254,===,===
133.3531036376953,-83.64033508300781,),)
127.36576843261719,-101.5584945678711,{,{
-59.97281265258789,3.8445885181427,identifier,safelyCallComponentWillUnmount
8.155287742614746,-19.78887367248535,(,(
-82.89656829833984,29.218088150024414,identifier,current$$1
108.49230194091797,34.10256576538086,",",","
-132.09947204589844,-34.00858688354492,identifier,instance
46.170413970947266,70.7801742553711,),)
123.56481170654297,110.30398559570312,},}
-64.99343872070312,-152.34523010253906,return,return
128.29495239257812,105.11857604980469,},}
-67.53507232666016,-1.0727475881576538,identifier,HostComponent
117.39117431640625,-106.13591003417969,{,{
-63.99494934082031,-1.0231080055236816,identifier,safelyDetachRef
9.4938325881958,-18.753456115722656,(,(
-82.73119354248047,29.719711303710938,identifier,current$$1
45.96876525878906,65.81014251708984,),)
-64.62258911132812,-152.1884307861328,return,return
128.15463256835938,105.02699279785156,},}
-67.70618438720703,-1.0497889518737793,identifier,HostPortal
117.5079345703125,-106.30831909179688,{,{
209.05992126464844,9.037602424621582,if,if
18.3355712890625,-72.01609802246094,(,(
-53.297454833984375,7.05971097946167,identifier,supportsMutation
125.55355834960938,-70.80902099609375,),)
127.3206558227539,-109.7547836303711,{,{
-57.542842864990234,5.215184688568115,identifier,unmountHostComponents
6.848301887512207,-20.198171615600586,(,(
-82.3931884765625,28.775285720825195,identifier,current$$1
46.62886428833008,65.95027923583984,),)
133.40660095214844,102.2892837524414,},}
141.62326049804688,90.87396240234375,else,else
199.9449005126953,10.138246536254883,if,if
18.644840240478516,-71.93763732910156,(,(
-53.29640579223633,7.061484336853027,identifier,supportsPersistence
125.62821197509766,-70.68101501464844,),)
126.86983489990234,-109.66883850097656,{,{
-56.507469177246094,5.474749565124512,identifier,emptyPortalContainer
7.006701469421387,-20.228872299194336,(,(
-82.24142456054688,28.91901397705078,identifier,current$$1
46.564212799072266,65.98035430908203,),)
120.43992614746094,107.91671752929688,},}
-60.525882720947266,-150.3814239501953,return,return
115.4582290649414,106.74040222167969,},}
114.62600708007812,101.55585479736328,},}
69.32946014404297,169.17611694335938,},}
4.357512950897217,-152.47573852539062,function,function
-58.11985778808594,-7.07895040512085,identifier,getPropertyNameForIndexedAccess
-7.40392541885376,-82.33843994140625,(,(
-94.56501007080078,-3.907238483428955,identifier,indexArgumentExpression
134.5878143310547,21.870933532714844,",",","
-94.00435638427734,-3.869508743286133,identifier,indexArgumentType
52.31224060058594,-117.69744873046875,),)
78.32637786865234,-146.5634307861328,{,{
206.6154022216797,-7.151780605316162,if,if
33.289798736572266,-64.30623626708984,(,(
-95.55711364746094,-3.248065710067749,identifier,indexArgumentExpression
-26.02295684814453,111.2963638305664,.,.
-67.1776123046875,36.81267166137695,identifier,kind
37.436248779296875,12.02495288848877,===,===
86.4150390625,-61.62218475341797,||,||
-95.71558380126953,-2.8858859539031982,identifier,indexArgumentExpression
-25.872020721435547,111.73151397705078,.,.
-66.95060729980469,36.8016471862793,identifier,kind
37.4532585144043,11.484134674072266,===,===
128.9209442138672,-82.72028350830078,),)
127.07032012939453,-96.59015655517578,{,{
-66.97859191894531,-147.2061767578125,return,return
-95.84825134277344,-3.080819845199585,identifier,indexArgumentExpression
-26.460861206054688,111.73075866699219,.,.
-39.230655670166016,13.105562210083008,identifier,text
131.0098876953125,109.19869232177734,},}
200.60142517089844,0.4459518790245056,if,if
28.769214630126953,-68.17024230957031,(,(
-95.9478988647461,-2.416668176651001,identifier,indexArgumentExpression
-25.277000427246094,112.12939453125,.,.
-66.77076721191406,36.79294967651367,identifier,kind
37.794979095458984,11.501351356506348,===,===
86.41190338134766,-61.79054641723633,||,||
-95.94303894042969,-2.1724472045898438,identifier,indexArgumentExpression
-25.1608943939209,112.20148468017578,.,.
-66.6715316772461,36.78744125366211,identifier,kind
37.742496490478516,11.25097370147705,===,===
130.2097625732422,-78.78506469726562,),)
121.22820281982422,-101.4634780883789,{,{
-115.39364624023438,12.968567848205566,identifier,value
70.02238464355469,-26.249500274658203,=,=
-51.79212188720703,-2.5671746730804443,identifier,getConstantValue
-0.7993269562721252,-24.84712028503418,(,(
-94.92991638183594,-2.414304733276367,identifier,indexArgumentExpression
39.31684112548828,70.46190643310547,),)
207.10606384277344,5.2730207443237305,if,if
21.800559997558594,-70.00182342529297,(,(
-116.4903564453125,12.4345121383667,identifier,value
132.53915405273438,-74.20314025878906,),)
129.2275390625,-102.21414184570312,{,{
-65.9648208618164,-146.25552368164062,return,return
-116.48963928222656,12.334074020385742,identifier,value
-14.840466499328613,103.11808776855469,.,.
-33.83576965332031,23.418119430541992,identifier,toString
24.409744262695312,47.011417388916016,(,(
31.52009391784668,53.99202346801758,),)
121.916015625,112.37796783447266,},}
122.50562286376953,100.05648803710938,},}
200.94676208496094,4.225277423858643,if,if
25.49229621887207,-74.25310516357422,(,(
-53.798038482666016,4.216807842254639,identifier,checkThatExpressionIsProperSymbolReference
3.2898435592651367,-26.6417236328125,(,(
-94.61817932128906,-2.8242783546447754,identifier,indexArgumentExpression
102.86993408203125,33.846439361572266,",",","
-94.02783966064453,-3.251415729522705,identifier,indexArgumentType
112.76177215576172,40.4683723449707,",",","
41.67109680175781,77.39569854736328,),)
134.65399169921875,-79.56861877441406,),)
122.23192596435547,-106.91213989257812,{,{
-89.45842742919922,14.708060264587402,identifier,rightHandSideName
65.27889251708984,-26.911388397216797,=,=
-94.9013900756836,-2.469095468521118,identifier,indexArgumentExpression
-26.72538948059082,112.59269714355469,.,.
-109.1907730102539,-31.69681167602539,identifier,name
-21.86368179321289,114.75697326660156,.,.
-39.23540496826172,13.108490943908691,identifier,text
-64.51728820800781,-143.94970703125,return,return
-49.45282745361328,39.838191986083984,identifier,ts
-46.53887939453125,92.44854736328125,.,.
-54.1653938293457,2.476334810256958,identifier,getPropertyNameForKnownSymbolName
-0.8973726034164429,-26.849605560302734,(,(
-89.4933853149414,14.706768989562988,identifier,rightHandSideName
47.681922912597656,76.11953735351562,),)
116.60437774658203,104.45541381835938,},}
-58.04086685180664,-146.90025329589844,return,return
69.9279556274414,156.4425811767578,},}
6.078777313232422,-151.87692260742188,function,function
-59.826541900634766,-6.786281108856201,identifier,inspectModifierDeclaration
-9.19854736328125,-84.89924621582031,(,(
-73.20458984375,-48.325721740722656,identifier,emitted
57.396034240722656,-111.76819610595703,),)
72.95101165771484,-143.20425415039062,{,{
-100.83027648925781,52.974937438964844,identifier,node
74.4140396118164,-29.83026695251465,=,=
-73.14726257324219,-49.28554153442383,identifier,emitted
-31.7725887298584,109.97636413574219,.,.
-99.1866683959961,54.694087982177734,identifier,node
208.38336181640625,-5.566530704498291,if,if
31.81654167175293,-61.323123931884766,(,(
-72.82291412353516,-49.13541793823242,identifier,emitted
-31.694305419921875,108.7374267578125,.,.
-41.04440689086914,10.868565559387207,identifier,exit
123.90840148925781,-82.7666244506836,),)
130.50563049316406,-95.78713989257812,{,{
-67.12633514404297,-152.12974548339844,return,return
130.92681884765625,112.40383911132812,},}
-109.99252319335938,-53.38134002685547,identifier,params
79.46051788330078,-27.085655212402344,=,=
-99.1953353881836,52.84053039550781,identifier,node
-28.894241333007812,111.1473617553711,.,.
-108.79371643066406,-52.17608642578125,identifier,params
205.5227813720703,-1.8384860754013062,if,if
30.12697410583496,-65.94609832763672,(,(
-110.58983612060547,-55.226890563964844,identifier,params
82.2066650390625,-69.21609497070312,&&,&&
-110.4595718383789,-55.40300750732422,identifier,params
-12.634783744812012,93.77130126953125,.,.
-124.19332122802734,70.28998565673828,identifier,length
-13.367323875427246,28.64191246032715,>,>
129.46519470214844,-80.49394226074219,),)
121.01235961914062,-99.68718719482422,{,{
-110.01106262207031,-55.430206298828125,identifier,params
-12.096931457519531,93.1158218383789,.,.
-7.509053707122803,12.497647285461426,identifier,slice
0.2729334533214569,8.565454483032227,(,(
94.94379425048828,35.494815826416016,",",","
31.70624542236328,85.82919311523438,),)
1.3948454856872559,94.03886413574219,.,.
-28.62602996826172,-45.78938293457031,identifier,forEach
-16.970378875732422,-48.875423431396484,(,(
7.485146999359131,-116.78675079345703,function,function
-2.5911953449249268,-109.38435363769531,(,(
-121.5679702758789,5.578403949737549,identifier,arg
65.32603454589844,-117.42963409423828,),)
82.71007537841797,-127.9815902709961,{,{
-75.36858367919922,25.902690887451172,identifier,sourceCode
-43.493473052978516,96.30579376220703,.,.
-50.84135818481445,1.722907304763794,identifier,getNextChar
-3.0452210903167725,-27.216794967651367,(,(
-122.14351654052734,5.173442840576172,identifier,arg
33.67329406738281,78.3102035522461,),)
-50.2922248840332,17.144317626953125,"""",""","""
86.69535064697266,-68.33289337158203,&&,&&
-38.59927749633789,8.87358283996582,identifier,context
-48.41780471801758,95.4287338256836,.,.
-38.64735412597656,5.891521453857422,identifier,report
10.160005569458008,-9.140068054199219,(,(
119.53968811035156,-30.773372650146484,{,{
-100.78201293945312,54.41276931762695,identifier,node
-122.33467102050781,5.043415069580078,identifier,arg
125.79750061035156,41.85426712036133,",",","
-50.63528060913086,4.65203332901001,identifier,location
118.66867065429688,-32.57622528076172,{,{
-63.23273849487305,29.888952255249023,identifier,column
-75.51839447021484,26.112985610961914,identifier,sourceCode
-43.809349060058594,96.5406723022461,.,.
-50.183433532714844,1.2291721105575562,identifier,getEndingColumn
-2.702449321746826,-26.445247650146484,(,(
-122.3380355834961,5.038440227508545,identifier,arg
34.38996887207031,78.80108642578125,),)
-8.902101516723633,53.747413635253906,+,+
97.70150756835938,90.91600036621094,},}
128.35594177246094,44.58988571166992,",",","
-41.45012283325195,15.517800331115723,identifier,message
-55.806243896484375,10.165934562683105,"""","""All arguments (except the last one) must be immediately followed by a comma."""
99.48430633544922,92.97478485107422,},}
56.545101165771484,85.45462036132812,),)
105.95706939697266,97.83421325683594,},}
62.55732727050781,87.3237533569336,),)
113.60347747802734,105.08809661865234,},}
67.37544250488281,168.79396057128906,},}
5.238807678222656,-149.4866943359375,function,function
-58.08540344238281,-7.928988933563232,identifier,getWrappingContentRange
-8.302976608276367,-82.99097442626953,(,(
-145.81263732910156,30.261625289916992,identifier,editor
55.86774444580078,-112.69270324707031,),)
73.70748138427734,-144.17478942871094,{,{
206.13938903808594,-8.028177261352539,if,if
35.17776870727539,-64.39666748046875,(,(
-145.59097290039062,31.223482131958008,identifier,editor
-37.25320816040039,104.92965698242188,.,.
-47.81861877441406,2.417598009109497,identifier,somethingSelected
31.464744567871094,47.397674560546875,(,(
32.5803108215332,50.22965621948242,),)
126.55033874511719,-81.46231842041016,),)
118.82764434814453,-97.7728042602539,{,{
-134.74359130859375,8.337098121643066,identifier,sel
74.21881866455078,-28.40099334716797,=,=
-145.61276245117188,31.307861328125,identifier,editor
-37.24763870239258,104.43780517578125,.,.
-50.78068542480469,-0.9438844919204712,identifier,listSelections
29.26102638244629,46.4842643737793,(,(
34.625144958496094,59.55609130859375,),)
0.5904046297073364,93.01509857177734,.,.
-19.71098518371582,-43.50148010253906,identifier,filter
-16.416486740112305,-46.44895935058594,(,(
-134.576416015625,8.377384185791016,identifier,sel
-133.51390075683594,8.655753135681152,identifier,sel
-28.387121200561523,121.21630096435547,.,.
-50.30268859863281,34.36192321777344,identifier,anchor
-133.20709228515625,8.637507438659668,identifier,sel
-28.23311424255371,121.24494171142578,.,.
-51.269798278808594,31.03629493713379,identifier,head
26.918758392333984,85.53202819824219,),)
206.55050659179688,0.7754465341567993,if,if
26.229875564575195,-63.776214599609375,(,(
-134.1571044921875,7.859357833862305,identifier,sel
124.95348358154297,-76.06202697753906,),)
119.67850494384766,-101.90604400634766,{,{
-66.9347152709961,-144.6075439453125,return,return
-53.332401275634766,0.28791922330856323,identifier,comparePos
3.9883391857147217,-30.61471939086914,(,(
-132.80838012695312,7.735069751739502,identifier,sel
-27.172832489013672,120.70249938964844,.,.
-50.39494323730469,34.43754577636719,identifier,anchor
100.13204956054688,32.6031494140625,",",","
-132.53790283203125,7.496265888214111,identifier,sel
-26.498716354370117,121.0045166015625,.,.
-51.27727127075195,31.124053955078125,identifier,head
32.26900100708008,77.91732788085938,),)
-17.016948699951172,31.61410140991211,<,<
117.72991180419922,-32.15233612060547,{,{
-93.49906158447266,41.08914566040039,identifier,from
-132.30580139160156,8.065641403198242,identifier,sel
-27.09653091430664,121.25235748291016,.,.
-50.41301727294922,34.438987731933594,identifier,anchor
127.172607421875,40.41712951660156,",",","
-96.4313735961914,41.11327362060547,identifier,to
-131.85647583007812,7.789196014404297,identifier,sel
-26.320219039916992,121.5656967163086,.,.
-51.28907012939453,31.13007354736328,identifier,head
96.33112335205078,90.60894012451172,},}
117.57897186279297,-32.44139099121094,{,{
-93.49325561523438,41.09759521484375,identifier,from
-131.9773406982422,8.166749000549316,identifier,sel
-26.959714889526367,121.64913940429688,.,.
-51.28413391113281,31.117361068725586,identifier,head
127.12600708007812,40.73799514770508,",",","
-96.46330261230469,41.08969497680664,identifier,to
-131.55955505371094,7.8694915771484375,identifier,sel
-26.0810489654541,122.19424438476562,.,.
-50.58334732055664,34.543907165527344,identifier,anchor
96.04283905029297,90.64203643798828,},}
118.63333129882812,105.8827133178711,},}
119.9177474975586,99.31263732910156,},}
-63.615352630615234,-142.083984375,return,return
-53.50117111206055,0.4845709204673767,identifier,getTagRangeForPos
2.7909138202667236,-23.62675666809082,(,(
-146.41555786132812,30.95082664489746,identifier,editor
104.22221374511719,34.208988189697266,",",","
-145.95272827148438,31.610471725463867,identifier,editor
-36.7902717590332,104.3396224975586,.,.
-51.94145965576172,0.04759755730628967,identifier,getCursor
26.977365493774414,49.38502883911133,(,(
29.447011947631836,52.85499572753906,),)
51.87868881225586,76.9767074584961,),)
72.54621887207031,161.11154174804688,},}
2.822188138961792,-146.4232635498047,function,function
-58.48335266113281,-10.335558891296387,identifier,renderMap
-10.55715274810791,-86.14633178710938,(,(
70.4458999633789,-132.2446746826172,),)
69.9525375366211,-141.74488830566406,{,{
-72.80377197265625,44.28485107421875,identifier,$map
76.91027069091797,-28.02900505065918,=,=
-71.92514038085938,47.02273941040039,identifier,$
-29.42429542541504,45.4324836730957,(,(
36.71050262451172,63.72467803955078,),)
-72.68119049072266,37.201114654541016,identifier,ymaps
-36.18343734741211,95.9761734008789,.,.
-60.867923736572266,13.74610424041748,identifier,ready
-11.510533332824707,-50.022708892822266,(,(
4.886158466339111,-118.64412689208984,function,function
-3.909579277038574,-104.7612533569336,(,(
71.9822769165039,-127.43553161621094,),)
83.35738372802734,-130.5095977783203,{,{
-86.29132080078125,25.7906436920166,identifier,geolocation
72.80628204345703,-31.0029239654541,=,=
-72.68077087402344,37.270225524902344,identifier,ymaps
-36.16564178466797,96.12757873535156,.,.
-86.21231842041016,25.739398956298828,identifier,geolocation
155.62242126464844,41.31591033935547,",",","
-119.26619720458984,-39.703556060791016,identifier,coords
79.70856475830078,-26.008787155151367,=,=
-86.71075439453125,26.419790267944336,identifier,geolocation
-30.400779724121094,121.40652465820312,.,.
-61.171321868896484,26.474384307861328,identifier,latitude
121.22123718261719,37.3438606262207,",",","
-86.88368225097656,26.52817726135254,identifier,geolocation
-30.322723388671875,121.62252044677734,.,.
-61.17367172241211,26.498825073242188,identifier,longitude
156.247314453125,40.48911666870117,",",","
-73.75662994384766,41.20107650756836,identifier,myMap
74.27556610107422,-24.496145248413086,=,=
-72.61235809326172,37.693511962890625,identifier,ymaps
-48.38511276245117,99.56777954101562,.,.
-72.50825500488281,42.23001480102539,identifier,Map
13.638748168945312,-18.63317108154297,(,(
-72.85824584960938,43.98741912841797,identifier,$map
108.04115295410156,36.33716583251953,",",","
120.72644805908203,-29.386892318725586,{,{
-56.501522064208984,25.66905975341797,identifier,center
-119.1480712890625,-39.58124542236328,identifier,coords
127.40605163574219,39.91209030151367,",",","
-58.67360305786133,16.41634178161621,identifier,zoom
98.65798950195312,89.94560241699219,},}
44.301456451416016,83.29443359375,),)
-73.83160400390625,41.18225860595703,identifier,myMap
-39.83220291137695,114.93695831298828,.,.
-70.42379760742188,12.702871322631836,identifier,geoObjects
-19.71693229675293,87.40442657470703,.,.
-35.13386154174805,-0.8364620208740234,identifier,add
5.388633728027344,-9.08183479309082,(,(
-72.59223937988281,37.784820556640625,identifier,ymaps
-48.41667938232422,99.59384155273438,.,.
-54.44966506958008,1.4071450233459473,identifier,Placemark
13.216139793395996,-19.078458786010742,(,(
-119.13954162597656,-39.56980895996094,identifier,coords
104.31503295898438,38.99057388305664,",",","
120.1993408203125,-30.273622512817383,{,{
-60.2035026550293,18.23320770263672,identifier,balloonContentHeader
-86.88042449951172,27.377071380615234,identifier,geolocation
-31.109704971313477,120.8382568359375,.,.
-58.166831970214844,20.883451461791992,identifier,country
126.75615692138672,43.666954040527344,",",","
-60.22894287109375,18.32500457763672,identifier,balloonContent
-86.91024017333984,27.451414108276367,identifier,geolocation
-31.19247055053711,120.91618347167969,.,.
-58.142704010009766,21.029619216918945,identifier,city
126.62152099609375,43.86579895019531,",",","
-60.225120544433594,18.292816162109375,identifier,balloonContentFooter
-86.89490509033203,27.4121036529541,identifier,geolocation
-31.161590576171875,120.95649719238281,.,.
-58.20521545410156,20.607309341430664,identifier,region
98.74353790283203,92.38066864013672,},}
57.42034149169922,82.80606842041016,),)
55.355323791503906,84.31078338623047,),)
106.62548065185547,98.20970916748047,},}
64.30245208740234,86.78834533691406,),)
68.68978118896484,163.28517150878906,},}
0.023220326751470566,-140.49948120117188,function,function
-10.593192100524902,-108.51423645019531,(,(
-70.0874252319336,-24.68621826171875,identifier,breakpoints
139.6592254638672,17.857666015625,",",","
-70.46623992919922,-18.196895599365234,identifier,spacingScale
54.67060470581055,-118.02708435058594,),)
70.24575805664062,-145.38136291503906,{,{
-66.6670150756836,-137.3955078125,return,return
-69.71124267578125,52.452613830566406,identifier,_
-52.14397048950195,80.33660125732422,.,.
-23.06841468811035,-45.86899948120117,identifier,map
-14.34914779663086,-47.133480072021484,(,(
-70.09349060058594,-24.689498901367188,identifier,breakpoints
99.99976348876953,26.598892211914062,",",","
6.0067338943481445,-117.37110900878906,function,function
-3.536329507827759,-108.05838775634766,(,(
-108.82477569580078,7.112262725830078,identifier,breakpointValue
129.34019470214844,18.873483657836914,",",","
-108.74667358398438,7.146363258361816,identifier,breakpointKey
64.0276107788086,-117.98770904541016,),)
82.62657928466797,-130.158447265625,{,{
-74.2425765991211,-5.336706161499023,identifier,mediaQuery
75.885986328125,-26.646015167236328,=,=
-63.48676300048828,-13.191688537597656,identifier,postcss
-40.68634033203125,93.11982727050781,.,.
-57.11661911010742,-2.331425666809082,identifier,atRule
-3.5451481342315674,-18.93790626525879,(,(
119.77424621582031,-29.04783058166504,{,{
-106.72389221191406,-29.864049911499023,identifier,name
130.07391357421875,41.904239654541016,",",","
-110.85017395019531,-52.92401885986328,identifier,params
-109.51302337646484,6.326677322387695,identifier,breakpointValue
118.8856430053711,51.8353271484375,",",","
100.99711608886719,90.9005355834961,},}
53.11592102050781,65.54743957519531,),)
-76.4915771484375,-14.23702335357666,identifier,rules
77.21192169189453,-22.83315086364746,=,=
-69.74053955078125,53.00994873046875,identifier,_
-52.09577178955078,79.96907806396484,.,.
-23.332475662231445,-45.23137283325195,identifier,flatMap
-14.392950057983398,-47.1144905090332,(,(
-70.45674133300781,-18.186063766479492,identifier,spacingScale
99.95880889892578,26.6091365814209,",",","
6.118868827819824,-116.41145324707031,function,function
-2.5555245876312256,-108.18192291259766,(,(
-110.09228515625,8.66666316986084,identifier,scaleValue
129.11289978027344,18.931549072265625,",",","
-110.09925842285156,8.67044734954834,identifier,scaleKey
64.90715789794922,-118.24195861816406,),)
83.61337280273438,-127.83085632324219,{,{
-68.51276397705078,-139.7952117919922,return,return
-69.82845306396484,53.38774108886719,identifier,_
-51.72232437133789,80.05087280273438,.,.
-23.052322387695312,-45.88458251953125,identifier,map
-14.315412521362305,-47.13523483276367,(,(
-63.453636169433594,16.395219802856445,identifier,helpers
99.11292266845703,26.748552322387695,",",","
6.119220733642578,-115.45767974853516,function,function
-1.3517522811889648,-108.08543395996094,(,(
-112.16985321044922,9.207975387573242,identifier,helperValues
128.95176696777344,18.836994171142578,",",","
-112.0714340209961,9.159725189208984,identifier,helperKey
65.40690612792969,-118.46341705322266,),)
83.47123718261719,-125.90219116210938,{,{
-69.30989837646484,-140.4084014892578,return,return
-55.93128204345703,1.7965338230133057,identifier,makeFunctionalRule
5.35286283493042,-23.86870002746582,(,(
-109.5687484741211,6.335294246673584,identifier,breakpointKey
86.52197265625,93.02787017822266,},}
-111.72772216796875,9.820708274841309,identifier,helperKey
86.94312286376953,92.85842895507812,},}
-110.23139190673828,9.900736808776855,identifier,scaleKey
87.58265686035156,93.04561614990234,},}
100.97937774658203,46.55116271972656,",",","
-111.8749771118164,10.038132667541504,identifier,helperValues
109.33915710449219,41.293792724609375,",",","
-110.17034149169922,9.89799690246582,identifier,scaleValue
56.47468185424805,75.6845474243164,),)
103.3514404296875,96.69007873535156,},}
59.79416275024414,84.34492492675781,),)
103.83018493652344,96.61573028564453,},}
60.790000915527344,84.34198760986328,),)
-61.4047737121582,-140.74069213867188,return,return
-74.23151397705078,-5.3412065505981445,identifier,mediaQuery
-30.269798278808594,104.44585418701172,.,.
-36.92677688598633,-0.29819706082344055,identifier,append
3.183345079421997,-8.356719970703125,(,(
-76.4967269897461,-14.250506401062012,identifier,rules
53.388851165771484,73.59596252441406,),)
108.03296661376953,99.57081604003906,},}
64.21495819091797,84.85585021972656,),)
72.4423599243164,167.39610290527344,},}
3.142977476119995,-147.6826629638672,function,function
-56.12337875366211,-8.66240406036377,identifier,getFileList
-10.107321739196777,-86.55648803710938,(,(
70.21060180664062,-132.2528533935547,),)
71.17102813720703,-141.5083465576172,{,{
-127.13561248779297,29.686386108398438,identifier,result
81.87722778320312,-21.226938247680664,=,=
153.87770080566406,38.059417724609375,",",","
-100.8985595703125,3.890399694442749,identifier,fileNameList
81.8320541381836,-25.743684768676758,=,=
122.60820770263672,37.418235778808594,",",","
153.5435028076172,38.97478103637695,",",","
-99.72329711914062,23.200939178466797,identifier,cwd
149.62599182128906,35.13990020751953,",",","
-103.76277923583984,4.489356517791748,identifier,fileName
182.38931274414062,-20.423620223999023,for,for
178.89756774902344,-21.772884368896484,(,(
-164.0825653076172,8.649992942810059,identifier,i
63.93259048461914,-45.017120361328125,=,=
-170.7611083984375,6.522310256958008,identifier,i
57.95778274536133,-50.97267150878906,<,<
-82.82917022705078,13.760470390319824,identifier,dirList
-16.090087890625,93.86735534667969,.,.
-127.5244140625,70.25981140136719,identifier,length
-172.03060913085938,4.724090099334717,identifier,i
98.48214721679688,-94.66788482666016,),)
101.91250610351562,-97.61196899414062,{,{
-99.82441711425781,23.472124099731445,identifier,cwd
67.90074920654297,-23.893320083618164,=,=
-51.1009521484375,69.61563873291016,identifier,paths
-38.311744689941406,129.3085174560547,.,.
-59.08662414550781,13.917908668518066,identifier,temp_dist
-7.247170448303223,52.62346267700195,+,+
-82.84934997558594,13.729549407958984,identifier,dirList
-162.68597412109375,-2.426506996154785,identifier,i
185.1844940185547,-21.235271453857422,for,for
179.52993774414062,-23.687084197998047,(,(
-147.7767333984375,0.3159622848033905,identifier,f
-101.01666259765625,2.418315887451172,identifier,fileNameList
95.98543548583984,-98.58062744140625,),)
101.46125793457031,-99.71775817871094,{,{
-104.0123519897461,5.9689130783081055,identifier,fileName
67.19062805175781,-21.715560913085938,=,=
-101.02794647216797,2.388456344604492,identifier,fileNameList
-148.67364501953125,0.14133289456367493,identifier,f
206.01979064941406,6.767408847808838,if,if
24.256710052490234,-73.47311401367188,(,(
-49.93861389160156,44.796939849853516,identifier,grunt
-51.92588424682617,86.0568618774414,.,.
-58.81710433959961,56.204322814941406,identifier,file
-48.88625717163086,85.07854461669922,.,.
-47.71458435058594,7.217344284057617,identifier,isFile
-2.8510663509368896,-31.4362735748291,(,(
-99.28462219238281,22.704246520996094,identifier,cwd
-7.504880905151367,55.385093688964844,+,+
-2.926326274871826,46.08399200439453,+,+
-105.2623291015625,4.5688300132751465,identifier,fileName
32.4622802734375,74.73179626464844,),)
138.71490478515625,-81.73829650878906,),)
-124.93914031982422,29.541913986206055,identifier,result
-17.276460647583008,85.34576416015625,.,.
-18.37566375732422,14.358098030090332,identifier,push
4.926597595214844,-7.980725288391113,(,(
118.6179428100586,-31.095388412475586,{,{
-99.61394500732422,23.298248291015625,identifier,cwd
-99.2672119140625,22.682323455810547,identifier,cwd
126.81370544433594,42.32912826538086,",",","
-84.46927642822266,-37.05052947998047,identifier,src
-105.15959930419922,4.582330703735352,identifier,fileName
98.14896392822266,91.96975708007812,},}
54.259586334228516,83.34028625488281,),)
117.15617370605469,106.77542877197266,},}
117.45909118652344,100.17536163330078,},}
-59.29712677001953,-144.1285858154297,return,return
-122.74568176269531,28.389127731323242,identifier,result
71.2975082397461,157.78585815429688,},}
-3.32918643951416,-141.21261596679688,function,function
-9.703720092773438,-105.80025482177734,(,(
-88.20591735839844,-32.91618728637695,identifier,side
57.61533737182617,-115.86466217041016,),)
73.02239227294922,-139.2349090576172,{,{
-84.06645202636719,55.286170959472656,identifier,me
83.40257263183594,-33.70680236816406,=,=
154.78721618652344,36.80927658081055,",",","
-79.01666259765625,6.786158084869385,identifier,hash
81.6960220336914,-25.638111114501953,=,=
116.40852355957031,-28.41629981994629,{,{
-57.30302429199219,31.747600555419922,identifier,t
-54.116146087646484,20.612548828125,"""","""top"""
131.3160858154297,40.456912994384766,",",","
-57.567020416259766,31.739572525024414,identifier,l
-54.30561447143555,20.833223342895508,"""","""left"""
131.91094970703125,40.29261016845703,",",","
-58.30978775024414,31.372802734375,identifier,r
-54.45063781738281,20.962905883789062,"""","""right"""
131.98594665527344,40.59075927734375,",",","
-58.49151611328125,31.189624786376953,identifier,b
-54.517066955566406,20.980485916137695,"""","""bottom"""
98.48110961914062,88.26653289794922,},}
156.31825256347656,39.52800750732422,",",","
-120.43182373046875,31.950210571289062,identifier,o
79.56483459472656,-21.892433166503906,=,=
115.84375,-25.288284301757812,{,{
114.47749328613281,-15.61851692199707,},}
152.7190399169922,38.4941520690918,",",","
-149.05007934570312,4.588613510131836,identifier,key
204.2955322265625,-0.5851866602897644,if,if
27.813404083251953,-64.61553192138672,(,(
-88.20975494384766,-32.915348052978516,identifier,side
125.02981567382812,-76.90803527832031,),)
119.97216033935547,-101.4459457397461,{,{
184.4269561767578,-22.497211456298828,for,for
177.7003936767578,-24.473533630371094,(,(
-149.7074432373047,3.0348920822143555,identifier,key
-83.4005126953125,58.87963104248047,identifier,me
-48.687660217285156,111.63279724121094,.,.
-64.7746353149414,26.423234939575195,identifier,margins
95.54443359375,-98.78009796142578,),)
103.83171081542969,-99.41822814941406,{,{
-121.32344055175781,31.72540855407715,identifier,o
-79.00729370117188,6.79218053817749,identifier,hash
-149.96278381347656,0.4162032902240753,identifier,key
59.330806732177734,-9.018465042114258,=,=
-38.750755310058594,2.524049758911133,identifier,parseFloat
-11.599383354187012,-26.350021362304688,(,(
-83.18634796142578,58.87281799316406,identifier,me
-49.62662887573242,107.8667984008789,.,.
-50.15507507324219,-2.266319513320923,identifier,getStyle
-3.824899435043335,-25.784677505493164,(,(
-83.02110290527344,59.339515686035156,identifier,me
-48.62652587890625,111.53128051757812,.,.
-64.77574157714844,26.423486709594727,identifier,margins
-149.94232177734375,0.3379826545715332,identifier,key
35.646728515625,79.32191467285156,),)
30.48526382446289,83.26744842529297,),)
89.69682312011719,-56.495635986328125,||,||
123.63844299316406,108.79109954833984,},}
-63.206329345703125,-145.37030029296875,return,return
-121.18171691894531,31.204029083251953,identifier,o
127.9402847290039,100.75088500976562,},}
138.31617736816406,91.24232482910156,else,else
118.75852966308594,-114.70063781738281,{,{
-64.58061981201172,-142.8624267578125,return,return
-83.66090393066406,58.10049819946289,identifier,me
-50.92243957519531,107.73553466796875,.,.
-36.27619171142578,-2.8725993633270264,identifier,addStyles
-26.034103393554688,92.39373779296875,.,.
-13.417590141296387,-3.4120492935180664,identifier,call
-6.822720527648926,-6.642244338989258,(,(
-84.28691864013672,58.573692321777344,identifier,me
104.1987075805664,33.54907989501953,",",","
-88.20722198486328,-32.91594696044922,identifier,side
109.41670989990234,39.2828483581543,",",","
-83.91219329833984,59.47203826904297,identifier,me
-48.72901153564453,111.9670181274414,.,.
-64.77079772949219,26.41994857788086,identifier,margins
51.35575866699219,77.34072875976562,),)
113.95980834960938,106.93079376220703,},}
68.81764221191406,168.6424102783203,},}
-3.260470390319824,-139.5556182861328,function,function
-9.101325035095215,-104.71808624267578,(,(
71.03298950195312,-131.00791931152344,),)
70.28607177734375,-138.59324645996094,{,{
207.82528686523438,-9.577420234680176,if,if
37.211669921875,-63.04921340942383,(,(
-55.400882720947266,114.12965393066406,.,.
-48.848060607910156,10.85135269165039,identifier,isDestroyed
123.68709564208984,-83.91934204101562,),)
130.819580078125,-95.21640014648438,{,{
-68.41156768798828,-151.5095672607422,return,return
131.3540496826172,112.04287719726562,},}
-105.1954116821289,-58.86192321777344,identifier,args
81.73815155029297,-28.065868377685547,=,=
-70.49258422851562,52.251953125,identifier,_
-52.6612548828125,80.99190521240234,.,.
-41.386844635009766,5.238277435302734,identifier,toArray
-9.984122276306152,-29.481542587280273,(,(
-102.20167541503906,-61.599491119384766,identifier,arguments
41.99003219604492,64.89815521240234,),)
-55.90166473388672,111.24662017822266,.,.
-68.9608154296875,-3.254098415374756,identifier,triggerMethod
-24.355358123779297,90.5411605834961,.,.
-15.979654312133789,-1.2263718843460083,identifier,apply
-5.324306011199951,-4.191685199737549,(,(
105.59504699707031,23.243408203125,",",","
-4.698446750640869,91.35530090332031,.,.
-17.79415512084961,7.997701644897461,identifier,concat
3.6356887817382812,-1.2297143936157227,(,(
-106.58929443359375,-59.74037551879883,identifier,args
37.890419006347656,77.87100982666016,),)
47.23497009277344,85.77287292480469,),)
-57.30530548095703,114.49308776855469,.,.
-48.87861251831055,10.828909873962402,identifier,isDestroyed
63.82074737548828,-0.6450501680374146,=,=
-56.41239547729492,112.0459213256836,.,.
-68.95441436767578,-3.2550313472747803,identifier,triggerMethod
-24.331462860107422,90.48894500732422,.,.
-16.07579803466797,-1.1533342599868774,identifier,apply
-5.189572334289551,-4.236260414123535,(,(
105.51092529296875,23.286874771118164,",",","
-4.712031364440918,91.33150482177734,.,.
-17.794921875,7.994592189788818,identifier,concat
3.64920973777771,-1.2218092679977417,(,(
-106.599609375,-60.04750442504883,identifier,args
38.02680587768555,78.03099822998047,),)
47.619781494140625,84.5597915649414,),)
-56.92364501953125,108.0377197265625,.,.
-57.09108352661133,4.6429443359375,identifier,unbindUIElements
32.89876174926758,43.32087326049805,(,(
36.82398986816406,52.415252685546875,),)
-57.63243865966797,115.03683471679688,.,.
-49.07658386230469,10.275514602661133,identifier,isRendered
64.9250717163086,-0.808692216873169,=,=
-57.09280776977539,106.69081115722656,.,.
-38.976959228515625,-1.8009041547775269,identifier,remove
29.08866310119629,40.91759490966797,(,(
36.20100021362305,51.715755462646484,),)
-71.06330108642578,52.469573974609375,identifier,_
-53.18772888183594,80.76815032958984,.,.
-40.48077392578125,0.8777585029602051,identifier,invoke
-6.585934162139893,-7.432685375213623,(,(
-59.58040237426758,111.15709686279297,.,.
-64.8289566040039,15.247387886047363,identifier,_behaviors
102.83387756347656,25.450109481811523,",",","
103.38450622558594,44.460716247558594,",",","
-106.01219940185547,-60.55458068847656,identifier,args
50.91084671020508,75.99063110351562,),)
-56.910369873046875,-143.44198608398438,return,return
74.08658599853516,157.92105102539062,},}
2.08878493309021,-148.20733642578125,function,function
-60.75680160522461,-7.8362603187561035,identifier,htmlDependencies
-11.072237968444824,-82.6660385131836,(,(
-107.2708740234375,-16.130813598632812,identifier,file
137.27821350097656,21.29932975769043,",",","
-133.46673583984375,-36.236629486083984,identifier,instance
137.95501708984375,26.903284072875977,",",","
-126.72771453857422,-70.75616455078125,identifier,options
50.530616760253906,-111.69526672363281,),)
76.3413314819336,-145.54478454589844,{,{
-99.67615509033203,-42.290794372558594,identifier,dependencies
77.9767074584961,-28.734790802001953,=,=
-61.86701202392578,-4.151278495788574,identifier,walkDependencies
0.20769160985946655,-22.628759384155273,(,(
-107.6347427368164,-14.916694641113281,identifier,file
111.1563949584961,30.600894927978516,",",","
-133.44703674316406,-36.90544509887695,identifier,instance
-36.30020523071289,119.43193817138672,.,.
-62.996517181396484,0.5258172750473022,identifier,htmlRules
37.12761306762695,66.19705200195312,),)
-63.16338348388672,-3.8230857849121094,identifier,correctDependencies
3.3303561210632324,-20.592538833618164,(,(
-107.83145141601562,-13.960169792175293,identifier,file
106.09400177001953,29.57575225830078,",",","
-100.86387634277344,-43.51182556152344,identifier,dependencies
115.3951416015625,34.869781494140625,",",","
-133.20509338378906,-37.26348876953125,identifier,instance
-36.53342819213867,119.78961181640625,.,.
-63.66105270385742,-3.3247671127319336,identifier,correctDependency
44.60628128051758,80.97645568847656,),)
-62.79167175292969,-3.8855879306793213,identifier,filterDependencies
3.337552070617676,-20.543750762939453,(,(
-107.8662338256836,-13.784811019897461,identifier,file
106.11188507080078,29.575075149536133,",",","
-100.86786651611328,-43.480072021484375,identifier,dependencies
115.43838500976562,34.829891204833984,",",","
-133.19741821289062,-37.368690490722656,identifier,instance
-36.599796295166016,119.8503189086914,.,.
-63.62328338623047,-3.227853298187256,identifier,filterDependency
44.56640625,80.93331909179688,),)
203.95555114746094,1.0266218185424805,if,if
25.445600509643555,-66.0103530883789,(,(
-121.84136199951172,-66.05534362792969,identifier,options
-37.193756103515625,128.52830505371094,.,.
-42.97612762451172,24.918861389160156,identifier,process
124.39896392822266,-73.57526397705078,),)
125.5545425415039,-100.57866668701172,{,{
-122.17894744873047,-66.072265625,identifier,options
-37.541709899902344,131.25498962402344,.,.
-42.97379684448242,24.9191951751709,identifier,process
10.665613174438477,-22.908662796020508,(,(
-108.00909423828125,-14.480716705322266,identifier,file
105.97962951660156,30.32489585876465,",",","
-101.12203216552734,-43.05914306640625,identifier,dependencies
45.110469818115234,71.08232116699219,),)
127.45552062988281,109.35386657714844,},}
201.6884002685547,3.392040967941284,if,if
23.532058715820312,-69.23157501220703,(,(
-121.23145294189453,-66.05821990966797,identifier,options
-36.529571533203125,129.16531372070312,.,.
-45.03816223144531,-9.05572509765625,identifier,rename
124.08621978759766,-72.47872161865234,),)
122.00330352783203,-104.99485778808594,{,{
-62.547080993652344,-4.7401838302612305,identifier,renameDependencies
4.188155174255371,-20.448617935180664,(,(
-108.28894805908203,-14.204971313476562,identifier,file
105.82486724853516,31.048154830932617,",",","
-101.17916107177734,-42.868045806884766,identifier,dependencies
114.4782485961914,34.21428298950195,",",","
4.8751068115234375,-115.9560317993164,function,function
-1.2895572185516357,-107.27943420410156,(,(
-102.66898345947266,-40.50294876098633,identifier,dependency
66.79408264160156,-116.77580261230469,),)
84.05760955810547,-125.78164672851562,{,{
-69.1582260131836,-140.8218994140625,return,return
-120.48358917236328,-66.43678283691406,identifier,options
-37.40830612182617,131.39402770996094,.,.
-45.06348419189453,-9.0692138671875,identifier,rename
3.9001529216766357,-17.830705642700195,(,(
-108.43385314941406,-14.039887428283691,identifier,file
105.9735107421875,31.180662155151367,",",","
-103.21430969238281,-41.16835403442383,identifier,dependency
110.07931518554688,39.08205032348633,",",","
-133.8374481201172,-37.040279388427734,identifier,instance
-35.91242980957031,118.88585662841797,.,.
-71.9075927734375,7.361246109008789,identifier,hashMap
109.69471740722656,41.06684875488281,",",","
-134.18206787109375,-37.26356506347656,identifier,instance
-35.84089660644531,118.6792221069336,.,.
-71.91272735595703,7.3683762550354,identifier,dependencyMap
51.01564407348633,78.62467956542969,),)
104.0866470336914,98.75702667236328,},}
62.47644805908203,86.93677520751953,),)
113.89402770996094,105.78919219970703,},}
68.16757202148438,168.65440368652344,},}
3.717095375061035,-149.11204528808594,function,function
-57.40168380737305,-8.559317588806152,identifier,getLanguagePriority
-8.577980041503906,-82.17713165283203,(,(
-89.02002716064453,-21.54610252380371,identifier,language
136.82289123535156,22.275432586669922,",",","
-78.53031921386719,-49.88251495361328,identifier,accepted
142.30374145507812,26.102724075317383,",",","
-146.84339904785156,-17.57855987548828,identifier,index
51.349037170410156,-116.76741027832031,),)
77.39393615722656,-144.9425506591797,{,{
-112.13754272460938,37.13011932373047,identifier,priority
80.87574768066406,-22.44903564453125,=,=
117.12932586669922,-28.21753692626953,{,{
-56.32017135620117,33.76082992553711,identifier,o
130.44943237304688,39.59307098388672,",",","
-55.34067916870117,36.607933044433594,identifier,q
131.5281524658203,39.18453598022461,",",","
-59.15341567993164,33.97287368774414,identifier,s
97.74032592773438,87.76016998291016,},}
183.3810577392578,-20.054641723632812,for,for
179.38687133789062,-21.398643493652344,(,(
-164.46409606933594,9.359733581542969,identifier,i
63.283748626708984,-45.074764251708984,=,=
-169.96499633789062,5.980250835418701,identifier,i
57.7054328918457,-51.56106948852539,<,<
-80.2195053100586,-49.816226959228516,identifier,accepted
-17.207395553588867,94.33313751220703,.,.
-126.6481704711914,70.83321380615234,identifier,length
-171.17129516601562,4.8402419090271,identifier,i
97.95532989501953,-95.23016357421875,),)
101.24909973144531,-97.29454040527344,{,{
-130.81573486328125,16.803955078125,identifier,spec
71.1859359741211,-24.716577529907227,=,=
-49.68218231201172,-15.113602638244629,identifier,specify
6.875580310821533,-25.94829559326172,(,(
-88.96981048583984,-21.5744571685791,identifier,language
108.52346801757812,30.507944107055664,",",","
-79.74649047851562,-48.97581100463867,identifier,accepted
-162.91607666015625,-1.6170789003372192,identifier,i
109.8080825805664,36.226627349853516,",",","
-145.2884521484375,-16.173349380493164,identifier,index
42.593589782714844,71.31364440917969,),)
205.49331665039062,3.5929007530212402,if,if
26.81926727294922,-72.51213836669922,(,(
-130.45681762695312,14.571392059326172,identifier,spec
81.62789154052734,-68.49554443359375,&&,&&
23.04724884033203,-55.70263671875,(,(
-112.32283020019531,39.36754608154297,identifier,priority
-24.31075096130371,127.3462905883789,.,.
-59.180198669433594,36.39133834838867,identifier,s
-130.49256896972656,12.016775131225586,identifier,spec
-27.076889038085938,124.65058135986328,.,.
-60.55876159667969,36.74871063232422,identifier,s
89.05774688720703,-60.41068649291992,||,||
-112.42977905273438,40.509098052978516,identifier,priority
-25.299875259399414,126.59044647216797,.,.
-56.07804489135742,38.68195343017578,identifier,q
-129.5402374267578,12.466378211975098,identifier,spec
-27.986976623535156,123.66818237304688,.,.
-57.011478424072266,38.771087646484375,identifier,q
89.32221221923828,-59.4517936706543,||,||
-113.3849868774414,40.38446807861328,identifier,priority
-24.154495239257812,125.66470336914062,.,.
-59.853782653808594,39.69564437866211,identifier,o
-129.3956298828125,11.402395248413086,identifier,spec
-26.23236083984375,123.47289276123047,.,.
-60.83272933959961,39.18239974975586,identifier,o
27.557334899902344,83.31497955322266,),)
-17.611600875854492,31.636302947998047,<,<
136.14125061035156,-77.30492401123047,),)
127.30132293701172,-106.20500946044922,{,{
-113.74076843261719,38.203758239746094,identifier,priority
65.7597885131836,-15.313923835754395,=,=
-128.65493774414062,14.671919822692871,identifier,spec
119.25508880615234,109.7020263671875,},}
118.44303894042969,100.36457824707031,},}
-60.504913330078125,-144.36520385742188,return,return
-113.91407775878906,36.58761215209961,identifier,priority
70.12904357910156,158.9711151123047,},}
3.7565762996673584,-149.31878662109375,function,function
-57.33943176269531,-8.615523338317871,identifier,getCharsetPriority
-8.45177173614502,-82.21229553222656,(,(
-87.34022521972656,-21.763355255126953,identifier,charset
136.74851989746094,22.144418716430664,",",","
-78.52984619140625,-49.8846549987793,identifier,accepted
142.3014678955078,26.10904884338379,",",","
-146.85369873046875,-17.591402053833008,identifier,index
51.348880767822266,-116.82682037353516,),)
77.42794799804688,-144.98428344726562,{,{
-112.1190185546875,37.129058837890625,identifier,priority
80.87696075439453,-22.458702087402344,=,=
117.11858367919922,-28.218101501464844,{,{
-56.32028579711914,33.765342712402344,identifier,o
130.44845581054688,39.600955963134766,",",","
-55.338417053222656,36.60625457763672,identifier,q
131.51991271972656,39.189205169677734,",",","
-59.15494155883789,33.9734992980957,identifier,s
97.73735046386719,87.76862335205078,},}
183.48187255859375,-19.95093536376953,for,for
179.692626953125,-21.411357879638672,(,(
-164.41329956054688,9.366338729858398,identifier,i
63.268165588378906,-45.424312591552734,=,=
-169.88156127929688,5.991375923156738,identifier,i
57.80257034301758,-51.90557861328125,<,<
-80.21206665039062,-49.81270980834961,identifier,accepted
-17.192777633666992,94.36944580078125,.,.
-126.48567199707031,70.6859359741211,identifier,length
-171.10414123535156,4.870494365692139,identifier,i
98.17993927001953,-95.5044174194336,),)
101.01701354980469,-96.96154022216797,{,{
-130.81593322753906,16.803882598876953,identifier,spec
71.19445037841797,-24.7293643951416,=,=
-49.68192672729492,-15.113348960876465,identifier,specify
6.883492469787598,-25.97854995727539,(,(
-87.51271057128906,-21.771421432495117,identifier,charset
108.5338363647461,30.487043380737305,",",","
-79.74435424804688,-48.96839141845703,identifier,accepted
-162.95382690429688,-1.5937217473983765,identifier,i
109.83731842041016,36.208030700683594,",",","
-145.2959442138672,-16.17700958251953,identifier,index
42.585506439208984,71.29107666015625,),)
205.47711181640625,3.5834977626800537,if,if
26.826139450073242,-72.519775390625,(,(
-130.45777893066406,14.574009895324707,identifier,spec
81.62861633300781,-68.49044799804688,&&,&&
23.047147750854492,-55.70524215698242,(,(
-112.2917709350586,39.350379943847656,identifier,priority
-24.305498123168945,127.36344909667969,.,.
-59.183773040771484,36.39170455932617,identifier,s
-130.52708435058594,12.014184951782227,identifier,spec
-27.077560424804688,124.6595230102539,.,.
-60.555545806884766,36.75051498413086,identifier,s
89.05317687988281,-60.40805435180664,||,||
-112.42424774169922,40.5074348449707,identifier,priority
-25.292646408081055,126.60395812988281,.,.
-56.07678985595703,38.67772674560547,identifier,q
-129.54995727539062,12.466398239135742,identifier,spec
-27.98564338684082,123.67295837402344,.,.
-56.99970245361328,38.768226623535156,identifier,q
89.31753540039062,-59.453697204589844,||,||
-113.39324951171875,40.392120361328125,identifier,priority
-24.150466918945312,125.66732788085938,.,.
-59.851600646972656,39.69765853881836,identifier,o
-129.40988159179688,11.398077964782715,identifier,spec
-26.223651885986328,123.47587585449219,.,.
-60.829872131347656,39.1831169128418,identifier,o
27.558256149291992,83.316162109375,),)
-17.621627807617188,31.64590835571289,<,<
136.13812255859375,-77.30047607421875,),)
127.3154296875,-106.19906616210938,{,{
-113.73218536376953,38.20534896850586,identifier,priority
65.7442398071289,-15.302544593811035,=,=
-128.6543731689453,14.672165870666504,identifier,spec
119.25701141357422,109.70526123046875,},}
118.47627258300781,100.32539367675781,},}
-60.4618034362793,-144.6440887451172,return,return
-113.91979217529297,36.581783294677734,identifier,priority
70.12963104248047,158.95791625976562,},}
3.8411595821380615,-149.44180297851562,function,function
-57.410701751708984,-8.487126350402832,identifier,getMediaTypePriority
-8.704964637756348,-82.3130874633789,(,(
-89.87028503417969,-25.783323287963867,identifier,type
136.9882354736328,22.746267318725586,",",","
-78.55513000488281,-49.90751647949219,identifier,accepted
142.26467895507812,26.097209930419922,",",","
-146.84078979492188,-17.58461570739746,identifier,index
51.38515090942383,-116.71327209472656,),)
77.1856460571289,-144.89891052246094,{,{
-112.14047241210938,37.1423454284668,identifier,priority
80.87229919433594,-22.447206497192383,=,=
117.12968444824219,-28.231950759887695,{,{
-56.32281494140625,33.75629806518555,identifier,o
130.44007873535156,39.60737228393555,",",","
-55.3428955078125,36.60506820678711,identifier,q
131.51512145996094,39.19636154174805,",",","
-59.15041732788086,33.96857452392578,identifier,s
97.73939514160156,87.76536560058594,},}
183.31988525390625,-20.13614845275879,for,for
179.29837036132812,-21.825096130371094,(,(
-164.52532958984375,9.307833671569824,identifier,i
63.2650260925293,-45.042564392089844,=,=
-169.98190307617188,6.001557350158691,identifier,i
58.093143463134766,-51.95766830444336,<,<
-80.21195220947266,-49.8087158203125,identifier,accepted
-17.17158317565918,94.37372589111328,.,.
-126.54204559326172,70.71774291992188,identifier,length
-171.22860717773438,4.812310218811035,identifier,i
98.13890838623047,-95.02607727050781,),)
101.22569274902344,-97.34425354003906,{,{
-130.81631469726562,16.80574607849121,identifier,spec
71.16858673095703,-24.747278213500977,=,=
-49.6827507019043,-15.11384391784668,identifier,specify
6.909640789031982,-25.95945930480957,(,(
-88.84740447998047,-26.1093692779541,identifier,type
108.46920776367188,30.643781661987305,",",","
-79.75726318359375,-48.985076904296875,identifier,accepted
-162.92291259765625,-1.6227216720581055,identifier,i
109.80631256103516,36.23019790649414,",",","
-145.29513549804688,-16.15644645690918,identifier,index
42.58727264404297,71.31409454345703,),)
205.4952850341797,3.584533929824829,if,if
26.83123207092285,-72.52263641357422,(,(
-130.453857421875,14.564696311950684,identifier,spec
81.62960815429688,-68.49365234375,&&,&&
23.046289443969727,-55.695953369140625,(,(
-112.3167953491211,39.36591720581055,identifier,priority
-24.30302619934082,127.3630599975586,.,.
-59.180179595947266,36.38774108886719,identifier,s
-130.5169219970703,12.000553131103516,identifier,spec
-27.068527221679688,124.65156555175781,.,.
-60.56039810180664,36.74489212036133,identifier,s
89.05731201171875,-60.40577697753906,||,||
-112.42446899414062,40.520118713378906,identifier,priority
-25.298152923583984,126.60118865966797,.,.
-56.068206787109375,38.67699432373047,identifier,q
-129.55819702148438,12.461209297180176,identifier,spec
-27.977184295654297,123.66043853759766,.,.
-56.99896240234375,38.764183044433594,identifier,q
89.3211441040039,-59.44852066040039,||,||
-113.3936996459961,40.417301177978516,identifier,priority
-24.15433692932129,125.66009521484375,.,.
-59.84394836425781,39.69917297363281,identifier,o
-129.40353393554688,11.39340877532959,identifier,spec
-26.217702865600586,123.46940612792969,.,.
-60.82831573486328,39.180294036865234,identifier,o
27.557056427001953,83.31488037109375,),)
-17.614910125732422,31.63689613342285,<,<
136.13919067382812,-77.30290222167969,),)
127.30640411376953,-106.2047348022461,{,{
-113.73990631103516,38.21553039550781,identifier,priority
65.75077819824219,-15.311686515808105,=,=
-128.64686584472656,14.668590545654297,identifier,spec
119.25604248046875,109.70089721679688,},}
118.4829330444336,100.3754653930664,},}
-60.49844741821289,-144.3491668701172,return,return
-113.91795349121094,36.58647537231445,identifier,priority
70.15399932861328,159.01461791992188,},}
0.031058602035045624,-150.72190856933594,function,function
-63.170589447021484,-10.428450584411621,identifier,Channel
-15.205157279968262,-88.77737426757812,(,(
-94.39456939697266,-34.87068176269531,identifier,connection
136.8608856201172,19.808265686035156,",",","
-105.66881561279297,-27.909969329833984,identifier,name
137.2754669189453,25.433557510375977,",",","
-126.19530487060547,-70.56840515136719,identifier,options
51.208274841308594,-111.38262939453125,),)
74.73401641845703,-147.70631408691406,{,{
-124.8780746459961,-67.55533599853516,identifier,options
84.96697998046875,-53.77574920654297,||,||
26.535396575927734,-54.18069076538086,(,(
-124.69480895996094,-67.07232666015625,identifier,options
81.60736846923828,-39.881290435791016,=,=
116.33428955078125,-23.308069229125977,{,{
114.59687042236328,-16.827714920043945,},}
34.784244537353516,64.70352172851562,),)
-124.2265853881836,-64.85347747802734,identifier,options
-39.425254821777344,124.74100494384766,.,.
-57.905906677246094,10.056547164916992,identifier,capped
64.04871368408203,-1.7498795986175537,=,=
-124.15895080566406,-64.28630065917969,identifier,options
-39.16978454589844,124.92894744873047,.,.
-64.26620483398438,4.594374656677246,identifier,autoIndexId
65.97783660888672,-3.2075586318969727,=,=
-124.02328491210938,-63.53430938720703,identifier,options
-38.234127044677734,125.30127716064453,.,.
-73.47315979003906,19.02316665649414,identifier,size
85.2346420288086,-55.52436065673828,||,||
26.404869079589844,-54.2005615234375,(,(
-124.22689056396484,-62.75246810913086,identifier,options
-38.21587371826172,125.2973861694336,.,.
-73.4769515991211,19.022871017456055,identifier,size
70.66618347167969,-9.894901275634766,=,=
30.274152755737305,79.99382019042969,),)
-124.2497329711914,-63.65239334106445,identifier,options
-38.80955505371094,125.90612030029297,.,.
-50.91169738769531,12.507689476013184,identifier,strict
63.68960189819336,-2.0005760192871094,=,=
-57.73204040527344,120.76433563232422,.,.
-123.05066680908203,-69.27359771728516,identifier,options
65.7606430053711,-11.595785140991211,=,=
-121.83202362060547,-68.4559097290039,identifier,options
-57.604671478271484,120.43833923339844,.,.
-94.21526336669922,-34.89604568481445,identifier,connection
65.77096557617188,-9.576857566833496,=,=
-94.18104553222656,-34.86668395996094,identifier,connection
-57.411399841308594,119.89286041259766,.,.
-48.31609344482422,12.871627807617188,identifier,closed
65.10062408447266,-1.508744478225708,=,=
-57.33169174194336,119.72254180908203,.,.
-45.772918701171875,11.414828300476074,identifier,listening
68.3030776977539,-5.083731651306152,=,=
-56.82034683227539,119.95989990234375,.,.
-107.91082000732422,-29.33570098876953,identifier,name
63.90717697143555,-8.890054702758789,=,=
-107.87701416015625,-28.72132110595703,identifier,name
87.93933868408203,-54.66032791137695,||,||
-57.29163360595703,106.59117126464844,.,.
-43.103023529052734,-0.4435701072216034,identifier,create
30.410001754760742,39.98172378540039,(,(
10.704042434692383,93.5821533203125,),)
10.365551948547363,93.67144012451172,.,.
-45.749942779541016,11.378072738647461,identifier,listen
30.71050262451172,39.921138763427734,(,(
36.55176544189453,51.4794807434082,),)
-55.8572883605957,107.22208404541016,.,.
-61.77363586425781,12.10500431060791,identifier,setMaxListeners
5.715483665466309,-12.761174201965332,(,(
51.9810791015625,79.68142700195312,),)
70.95132446289062,163.56895446777344,},}
4.259286880493164,-143.33541870117188,function,function
-55.57196807861328,-10.819286346435547,identifier,expire
-13.085453033447266,-82.48723602294922,(,(
122.92871856689453,-27.885120391845703,{,{
-113.7593002319336,-42.52091979980469,identifier,payload
136.2584228515625,24.466718673706055,",",","
-89.96589660644531,-52.45454406738281,identifier,meta
88.81450653076172,-27.947437286376953,=,=
114.18704986572266,-23.016277313232422,{,{
113.50360870361328,-17.455982208251953,},}
100.53319549560547,87.69524383544922,},}
133.25938415527344,34.28429412841797,",",","
122.95972442626953,-28.886213302612305,{,{
-61.4410285949707,-36.795684814453125,identifier,dispatch
47.27188491821289,-115.4516830444336,},}
48.15342330932617,-116.7553482055664,),)
80.54359436035156,-146.13058471679688,{,{
123.93943786621094,-29.691089630126953,{,{
-85.06362915039062,-17.617664337158203,identifier,service
88.35139465332031,-8.660269737243652,},}
85.09280395507812,-12.063478469848633,=,=
-113.61558532714844,-42.935829162597656,identifier,payload
123.96715545654297,-29.783048629760742,{,{
-82.32903289794922,-10.946059226989746,identifier,ident
88.39884185791016,-8.795746803283691,},}
84.98641967773438,-11.80309772491455,=,=
-89.96556091308594,-52.45595932006836,identifier,meta
202.0365447998047,-3.9187891483306885,if,if
29.825714111328125,-63.695438385009766,(,(
-85.57283782958984,-17.40031623840332,identifier,service
123.92963409423828,-78.12980651855469,),)
127.55304718017578,-96.30281066894531,{,{
-69.10628509521484,-148.8138885498047,return,return
-34.68090057373047,-17.54305076599121,identifier,createError
16.043140411376953,-10.438901901245117,(,(
50.17237091064453,92.4642333984375,),)
129.2424774169922,113.9729995727539,},}
199.67559814453125,0.715076744556427,if,if
23.31291389465332,-64.2107162475586,(,(
-113.15778350830078,-43.1121940612793,identifier,payload
-32.24100875854492,116.42774200439453,.,.
-67.49147033691406,6.731603145599365,identifier,endpoint
125.44395446777344,-73.8019027709961,),)
128.32318115234375,-99.97731018066406,{,{
-69.81829833984375,-149.0651092529297,return,return
-34.682865142822266,-17.520570755004883,identifier,createError
15.987807273864746,-10.565068244934082,(,(
-85.96465301513672,-17.90082550048828,identifier,service
86.81742095947266,94.43590545654297,},}
50.49597930908203,92.0060043334961,),)
128.57859802246094,113.87366485595703,},}
199.3873291015625,1.469982385635376,if,if
22.579599380493164,-64.5188217163086,(,(
-113.12783813476562,-43.139862060546875,identifier,payload
-32.114830017089844,116.58927154541016,.,.
-87.38493347167969,-27.078916549682617,identifier,type
125.6716537475586,-73.38641357421875,),)
128.5161590576172,-100.47284698486328,{,{
-69.99491119384766,-149.14422607421875,return,return
-34.678741455078125,-17.513439178466797,identifier,createError
16.046342849731445,-10.573219299316406,(,(
-85.99617004394531,-17.87001609802246,identifier,service
86.78176879882812,94.4341812133789,},}
50.68506622314453,92.0777587890625,),)
127.9725341796875,113.73948669433594,},}
-121.3571548461914,23.950565338134766,identifier,response
70.95915985107422,-19.25371551513672,=,=
-52.165916442871094,-6.114578723907471,identifier,getExpired
2.1620371341705322,-22.61871337890625,(,(
-113.6866683959961,-42.554935455322266,identifier,payload
106.93853759765625,31.9447078704834,",",","
-82.77783966064453,-10.99734115600586,identifier,ident
111.98848724365234,39.50847244262695,",",","
-61.34938049316406,-36.990177154541016,identifier,dispatch
52.19001007080078,70.02577209472656,),)
-63.76567077636719,-141.09751892089844,return,return
-52.1378173828125,-6.230776786804199,identifier,deleteExpired
4.855803489685059,-19.21208953857422,(,(
-121.83769226074219,24.247209548950195,identifier,response
105.20929718017578,34.268306732177734,",",","
-85.14510345458984,-17.951583862304688,identifier,service
108.9284896850586,38.577537536621094,",",","
-82.78121948242188,-10.9941987991333,identifier,ident
111.33055114746094,39.87431716918945,",",","
-61.35431671142578,-36.96540451049805,identifier,dispatch
53.41071319580078,74.9833755493164,),)
73.72987365722656,166.3819580078125,},}
4.360023498535156,-147.30577087402344,function,function
-54.224151611328125,-9.590119361877441,identifier,writePath
-10.535058975219727,-80.15923309326172,(,(
-99.27952575683594,-10.442485809326172,identifier,parentDir
135.07765197753906,19.306142807006836,",",","
-98.37602996826172,-21.86752700805664,identifier,path
139.04168701171875,26.513757705688477,",",","
-79.75918579101562,-35.69674301147461,identifier,data
50.92836380004883,-115.68413543701172,),)
76.86272430419922,-144.45721435546875,{,{
-108.68806457519531,-8.494845390319824,identifier,files
80.55734252929688,-28.498388290405273,=,=
-98.7082290649414,-21.909236907958984,identifier,path
-9.189201354980469,99.98013305664062,.,.
1.4604965448379517,19.71937370300293,identifier,split
2.6740376949310303,16.511404037475586,(,(
31.977474212646484,64.78108978271484,),)
-109.53335571289062,-11.730230331420898,identifier,file
73.28779602050781,-29.45244789123535,=,=
-109.62116241455078,-8.076560020446777,identifier,files
-11.902210235595703,88.59819030761719,.,.
-20.43434715270996,20.14057731628418,identifier,shift
24.238954544067383,42.72562789916992,(,(
31.044614791870117,58.902854919433594,),)
205.6675262451172,-2.1798391342163086,if,if
30.900766372680664,-65.14065551757812,(,(
-99.43946075439453,-9.301329612731934,identifier,parentDir
-112.14323425292969,-13.792290687561035,identifier,file
138.46878051757812,-83.78953552246094,),)
-99.57586669921875,-8.857442855834961,identifier,parentDir
-112.18037414550781,-13.864858627319336,identifier,file
59.31043243408203,-11.141031265258789,=,=
117.28091430664062,-29.71143913269043,{,{
-77.85061645507812,-30.194225311279297,identifier,content
129.38612365722656,40.53057098388672,",",","
-73.1581802368164,5.515239715576172,identifier,tree
113.79814147949219,-24.91606330871582,{,{
113.19911193847656,-15.485424041748047,},}
96.77857971191406,88.2034683227539,},}
203.44680786132812,1.935364842414856,if,if
24.711559295654297,-68.08738708496094,(,(
-109.72740936279297,-8.019732475280762,identifier,files
-13.721236228942871,92.23249816894531,.,.
-124.4329605102539,71.20001983642578,identifier,length
-13.321747779846191,28.584434509277344,>,>
131.19253540039062,-77.45237731933594,),)
123.295166015625,-103.25053405761719,{,{
-53.4527473449707,-9.713786125183105,identifier,writePath
4.763636112213135,-21.3501033782959,(,(
-99.60774230957031,-8.947785377502441,identifier,parentDir
-112.35020446777344,-14.023158073425293,identifier,file
-22.053041458129883,119.23143005371094,.,.
-73.16085815429688,5.517075061798096,identifier,tree
107.52082824707031,35.06314468383789,",",","
-110.03216552734375,-7.918687343597412,identifier,files
-12.12812614440918,90.45639038085938,.,.
10.59323501586914,16.07573127746582,identifier,join
5.8087358474731445,14.093697547912598,(,(
36.07902145385742,85.6343765258789,),)
108.60015869140625,43.919498443603516,",",","
-79.44644927978516,-34.89958953857422,identifier,data
47.65913772583008,72.43357849121094,),)
130.60610961914062,102.047119140625,},}
139.61830139160156,90.39510345458984,else,else
199.60177612304688,9.850103378295898,if,if
19.21781349182129,-73.70384979248047,(,(
-79.19288635253906,-34.662750244140625,identifier,data
127.11898803710938,-74.22476959228516,),)
124.24041748046875,-108.55028533935547,{,{
-99.67655944824219,-8.81360912322998,identifier,parentDir
-112.25304412841797,-14.209992408752441,identifier,file
-39.89341354370117,118.28788757324219,.,.
-77.71150970458984,-30.499786376953125,identifier,content
62.0567626953125,-7.848540306091309,=,=
-79.37140655517578,-34.52054214477539,identifier,data
-16.100820541381836,102.44966888427734,.,.
-33.53022766113281,23.301027297973633,identifier,toString
24.44571304321289,47.547916412353516,(,(
31.0611629486084,53.86678695678711,),)
114.3608169555664,107.74919128417969,},}
68.80814361572266,168.17724609375,},}
3.0285704135894775,-149.81324768066406,function,function
-56.64774703979492,-16.629802703857422,identifier,recurse
-13.29089069366455,-81.11109924316406,(,(
-116.5517349243164,-31.303565979003906,identifier,dims
138.09327697753906,17.890850067138672,",",","
-139.096923828125,-4.245547294616699,identifier,d
140.22938537597656,24.636985778808594,",",","
-65.74950408935547,-37.196868896484375,identifier,draw
49.94398880004883,-114.86360168457031,),)
76.77120208740234,-143.53099060058594,{,{
-124.90606689453125,32.2980842590332,identifier,out
82.1698226928711,-21.65996551513672,=,=
-124.53423309326172,60.10908889770508,identifier,len
-161.75836181640625,9.029885292053223,identifier,i
-125.74754333496094,60.303524017333984,identifier,len
69.78338623046875,-33.63298034667969,=,=
-117.02826690673828,-30.7818546295166,identifier,dims
-137.97926330566406,-4.42885684967041,identifier,d
-137.85549926757812,-4.429765224456787,identifier,d
206.2569580078125,-1.9815562963485718,if,if
30.078075408935547,-65.9133529663086,(,(
-137.9957275390625,-4.398444175720215,identifier,d
56.03280258178711,-51.373451232910156,<,<
-117.02362823486328,-30.780864715576172,identifier,dims
-15.353105545043945,94.6313705444336,.,.
-125.17144012451172,69.68058776855469,identifier,length
130.26113891601562,-80.21920776367188,),)
121.37884521484375,-99.74979400634766,{,{
183.7869415283203,-22.854206085205078,for,for
177.4164276123047,-23.355615615844727,(,(
-168.15802001953125,10.247638702392578,identifier,i
61.54318618774414,-43.61345291137695,=,=
-168.13711547851562,6.42113733291626,identifier,i
60.24652862548828,-51.719696044921875,<,<
-127.13541412353516,61.27302932739258,identifier,len
-170.62301635742188,3.0746517181396484,identifier,i
100.36045837402344,-93.03606414794922,),)
103.70471954345703,-99.89431762695312,{,{
-123.70037841796875,31.861408233642578,identifier,out
-16.67344093322754,84.90098571777344,.,.
-18.911907196044922,14.665389060974121,identifier,push
5.723742485046387,-6.513759136199951,(,(
-56.64051818847656,-16.6589412689209,identifier,recurse
5.624206066131592,-22.695079803466797,(,(
-116.64263916015625,-31.21261978149414,identifier,dims
108.79998779296875,32.04413986206055,",",","
-139.03392028808594,-4.250087261199951,identifier,d
112.51294708251953,36.525535583496094,",",","
-65.74004364013672,-37.20039367675781,identifier,draw
39.68656539916992,78.58184051513672,),)
49.241355895996094,84.71700286865234,),)
122.94573974609375,111.24397277832031,},}
129.58319091796875,100.36205291748047,},}
138.61221313476562,89.6075668334961,else,else
119.04497528076172,-113.65283966064453,{,{
185.3612823486328,-22.80805778503418,for,for
179.35777282714844,-24.605817794799805,(,(
-167.4354705810547,10.273202896118164,identifier,i
60.90388107299805,-43.665218353271484,=,=
-167.5565185546875,4.246578216552734,identifier,i
59.88194274902344,-52.702457427978516,<,<
-127.63558197021484,61.675689697265625,identifier,len
-168.9486541748047,2.832256555557251,identifier,i
99.76494598388672,-92.07540893554688,),)
102.53133392333984,-100.87913513183594,{,{
-123.62088775634766,31.796789169311523,identifier,out
-17.05168342590332,85.25083923339844,.,.
-19.131410598754883,14.986886024475098,identifier,push
5.132082462310791,-6.63853120803833,(,(
-65.74867248535156,-37.21220016479492,identifier,draw
31.881242752075195,38.87347412109375,(,(
34.46356201171875,52.25118637084961,),)
51.505863189697266,82.66236877441406,),)
118.3692398071289,109.22957611083984,},}
119.0557861328125,101.1345443725586,},}
-58.93586730957031,-143.89541625976562,return,return
-122.33167266845703,29.82180404663086,identifier,out
71.17466735839844,157.39561462402344,},}
-1.6430002450942993,-142.8004150390625,function,function
-8.379373550415039,-107.78645324707031,(,(
-101.5925064086914,-18.130258560180664,identifier,child
138.85169982910156,20.039485931396484,",",","
-80.42284393310547,-20.058061599731445,identifier,collection
139.27099609375,25.16858673095703,",",","
-128.81451416015625,-70.02955627441406,identifier,opts
51.735931396484375,-112.3025131225586,),)
76.43091583251953,-142.43142700195312,{,{
-147.9280548095703,-16.550302505493164,identifier,index
75.75352478027344,-32.38920974731445,=,=
-129.64157104492188,-65.55858612060547,identifier,opts
-33.900699615478516,125.75262451171875,.,.
-56.55518341064453,-2.0760152339935303,identifier,at
84.14256286621094,-66.86226654052734,&&,&&
23.93326187133789,-55.773948669433594,(,(
-129.48252868652344,-65.52317810058594,identifier,opts
-34.415103912353516,125.56600952148438,.,.
-148.86636352539062,-18.22739028930664,identifier,index
86.66999053955078,-57.74026870727539,||,||
-80.57791137695312,-20.162322998046875,identifier,collection
-14.23972225189209,99.29501342773438,.,.
-24.910831451416016,-1.663702130317688,identifier,indexOf
-0.14969255030155182,-4.782046318054199,(,(
-102.53340911865234,-18.102371215820312,identifier,child
35.10755920410156,72.38375091552734,),)
44.01084899902344,85.30030822753906,),)
205.23837280273438,-2.477050304412842,if,if
31.096466064453125,-66.85395812988281,(,(
-54.4538688659668,111.37264251708984,.,.
-24.907005310058594,-10.137381553649902,identifier,getOption
-18.61989974975586,-12.601075172424316,(,(
27.423667907714844,74.51294708251953,),)
86.7624282836914,-59.933834075927734,||,||
-145.80166625976562,-13.358698844909668,identifier,index
36.483245849609375,16.0866641998291,===,===
130.5968475341797,-82.02995300292969,),)
123.68501281738281,-99.33203887939453,{,{
-146.5227508544922,-13.998228073120117,identifier,index
63.71255111694336,-20.39845848083496,=,=
-70.5576171875,52.50912094116211,identifier,_
-52.84442138671875,80.1817398071289,.,.
-25.200014114379883,-1.4868100881576538,identifier,indexOf
0.6046236157417297,-5.990987777709961,(,(
-58.279632568359375,110.70508575439453,.,.
-61.27540969848633,8.002840995788574,identifier,_filteredSortedModels
-1.503076434135437,-21.363319396972656,(,(
-145.03407287597656,-13.114151954650879,identifier,index
36.21051025390625,76.15486145019531,),)
108.85668182373047,36.646766662597656,",",","
-102.63495635986328,-18.168872833251953,identifier,child
44.4549446105957,70.2161636352539,),)
127.16960144042969,109.08403015136719,},}
201.91575622558594,3.651831865310669,if,if
24.336116790771484,-71.0673828125,(,(
-58.481353759765625,110.40858459472656,.,.
-60.47133255004883,8.701258659362793,identifier,_shouldAddChild
3.750983238220215,-25.847076416015625,(,(
-102.26830291748047,-17.727962493896484,identifier,child
105.011962890625,31.618431091308594,",",","
-144.66580200195312,-14.075370788574219,identifier,index
41.53273010253906,75.3606185913086,),)
133.68650817871094,-78.60560607910156,),)
122.8426513671875,-105.55179595947266,{,{
-56.98445129394531,108.22177124023438,.,.
-56.32602310180664,5.4636383056640625,identifier,destroyEmptyView
32.768131256103516,43.330387115478516,(,(
36.890785217285156,52.519386291503906,),)
-71.05825805664062,-5.028659820556641,identifier,ChildView
63.156036376953125,-25.993465423583984,=,=
-56.55948257446289,108.9158706665039,.,.
-70.62666320800781,-5.131749153137207,identifier,getChildView
-1.5718986988067627,-25.90473747253418,(,(
-102.42462921142578,-17.238269805908203,identifier,child
45.24769592285156,75.15888977050781,),)
-55.186500549316406,107.5037612915039,.,.
-41.95353317260742,-4.7633771896362305,identifier,addChild
4.433330535888672,-16.036489486694336,(,(
-102.3797378540039,-17.28028678894043,identifier,child
104.52783966064453,32.74977493286133,",",","
-71.20780181884766,-5.002091407775879,identifier,ChildView
107.57649230957031,39.672847747802734,",",","
-144.53598022460938,-14.197031021118164,identifier,index
50.77259826660156,75.42288208007812,),)
114.57586669921875,106.08000183105469,},}
68.9397964477539,167.71475219726562,},}
-1.7293117046356201,-142.25814819335938,function,function
-8.965556144714355,-107.44679260253906,(,(
-105.44490814208984,-27.000205993652344,identifier,name
139.8136444091797,21.158498764038086,",",","
-91.64505004882812,-12.239686965942383,identifier,profileName
53.615264892578125,-115.66346740722656,),)
75.75318908691406,-141.2913360595703,{,{
-134.17100524902344,-33.94426345825195,identifier,instances
78.83753204345703,-29.259702682495117,=,=
-53.22235870361328,110.74758911132812,.,.
-54.776309967041016,-3.017211675643921,identifier,getControllerInstances
29.14126968383789,47.460330963134766,(,(
34.233604431152344,58.18825149536133,),)
154.9736785888672,38.99111557006836,",",","
-88.76183319091797,-5.346521854400635,identifier,appName
73.9597396850586,-31.409992218017578,=,=
-52.703128814697266,110.65022277832031,.,.
-106.68354034423828,-31.23069953918457,identifier,getName
28.609228134155273,48.92081832885742,(,(
33.40016174316406,57.826805114746094,),)
154.75416564941406,39.39744186401367,",",","
-43.80469512939453,-23.168453216552734,identifier,format
73.76107788085938,-34.17267608642578,=,=
-40.37623977661133,45.37834930419922,identifier,Ext
-39.94239807128906,87.94195556640625,.,.
-38.58421325683594,25.63766098022461,identifier,String
-35.70378494262695,86.6054458618164,.,.
-43.90302658081055,-23.207170486450195,identifier,format
152.48558044433594,40.964256286621094,",",","
-102.30194091796875,9.149367332458496,identifier,topLevelName
204.34683227539062,-1.64503014087677,if,if
28.75408363342285,-65.83690643310547,(,(
-109.58252716064453,-27.47262954711914,identifier,name
-40.73226547241211,45.39794158935547,identifier,Ext
-40.161224365234375,88.21688842773438,.,.
-51.263145446777344,26.759384155273438,identifier,app
-46.329471588134766,98.90441131591797,.,.
-65.57170104980469,-1.9449886083602905,identifier,Controller
128.8748321533203,-78.25641632080078,),)
128.50897216796875,-97.80474853515625,{,{
-66.64703369140625,-147.97096252441406,return,return
-109.97481536865234,-27.213274002075195,identifier,name
130.32176208496094,110.0328140258789,},}
201.5474090576172,0.9281436204910278,if,if
25.833982467651367,-67.30497741699219,(,(
-134.82810974121094,-33.70893096923828,identifier,instances
-109.81340026855469,-24.251365661621094,identifier,name
126.8697738647461,-75.88806915283203,),)
126.58238220214844,-100.83820343017578,{,{
-66.07363891601562,-146.88893127441406,return,return
-135.1334991455078,-33.64405059814453,identifier,instances
-109.90359497070312,-24.276941299438477,identifier,name
131.2921142578125,103.31403350830078,},}
140.29412841796875,89.26746368408203,else,else
118.3912124633789,-113.37361907958984,{,{
-102.17689514160156,8.770027160644531,identifier,topLevelName
65.66862487792969,-19.93179702758789,=,=
-42.685630798339844,-22.61785125732422,identifier,format
11.927486419677734,-13.869865417480469,(,(
-55.5858039855957,16.53218650817871,"""","""{0}.controller.{1}"""
100.5244369506836,45.75735092163086,",",","
-88.79714965820312,-5.369340896606445,identifier,appName
108.16820526123047,42.3186149597168,",",","
-109.64363098144531,-25.951412200927734,identifier,name
45.56245040893555,77.84159851074219,),)
-101.35688018798828,7.563538551330566,identifier,profileName
65.6048355102539,-19.32581329345703,=,=
-42.643707275390625,-22.59702491760254,identifier,format
11.890317916870117,-13.763313293457031,(,(
-55.57009506225586,16.55849838256836,"""","""{0}.controller.{1}.{2}"""
100.63287353515625,45.94902420043945,",",","
-88.79238891601562,-5.3657002449035645,identifier,appName
108.30136108398438,41.80793762207031,",",","
-100.8116455078125,7.627739429473877,identifier,profileName
108.76132202148438,41.31789016723633,",",","
-109.70962524414062,-25.78252601623535,identifier,name
46.04344940185547,77.9082260131836,),)
-63.82240295410156,-143.63612365722656,return,return
-135.3044891357422,-33.697364807128906,identifier,instances
-100.71160125732422,7.833456516265869,identifier,profileName
88.26220703125,-56.68739700317383,||,||
-135.5072784423828,-33.68496322631836,identifier,instances
-101.50428771972656,9.070837020874023,identifier,topLevelName
114.45486450195312,104.3685073852539,},}
68.23064422607422,167.78573608398438,},}
-2.8492164611816406,-142.12916564941406,function,function
-9.403301239013672,-106.94728088378906,(,(
-145.81797790527344,-17.824764251708984,identifier,index
140.2017364501953,20.88051414489746,",",","
-117.64547729492188,-1.092975378036499,identifier,item
54.89620590209961,-114.94532012939453,),)
74.76604461669922,-140.4862823486328,{,{
-84.07221984863281,55.194190979003906,identifier,me
83.4703140258789,-33.691749572753906,=,=
154.65234375,36.35859298706055,",",","
-160.86900329589844,9.161609649658203,identifier,i
208.82569885253906,-6.379794120788574,if,if
34.62297058105469,-61.749000549316406,(,(
-142.71202087402344,-15.492815971374512,identifier,index
30.26957893371582,18.016666412353516,!=,!=
128.95675659179688,-86.28524017333984,),)
127.57377624511719,-93.83450317382812,{,{
-39.87150573730469,45.87885665893555,identifier,Ext
-39.715755462646484,88.04594421386719,.,.
-35.68500518798828,15.764583587646484,identifier,Logger
-32.53772735595703,80.99793243408203,.,.
-31.514596939086914,11.408564567565918,identifier,error
16.01509666442871,-8.202462196350098,(,(
-55.41867446899414,12.472747802734375,"""","""Invalid index of '"""
1.5812314748764038,45.445289611816406,+,+
-142.57762145996094,-15.391217231750488,identifier,index
-4.595545291900635,57.76750564575195,+,+
-55.886009216308594,12.708741188049316,"""","""', must be a valid number"""
48.298954010009766,89.97441101074219,),)
133.00404357910156,110.73584747314453,},}
201.08428955078125,0.3524565100669861,if,if
27.598838806152344,-67.65132904052734,(,(
-40.127662658691406,46.38617706298828,identifier,Ext
-41.45686721801758,87.89141082763672,.,.
-31.336280822753906,29.217559814453125,identifier,isArray
-3.342527389526367,-34.83220672607422,(,(
-118.61602783203125,-0.9115267992019653,identifier,item
27.569305419921875,69.83745574951172,),)
127.45843505859375,-78.81999969482422,),)
120.60456085205078,-101.79821014404297,{,{
184.5390167236328,-22.809139251708984,for,for
178.23974609375,-23.91604232788086,(,(
-168.2005157470703,10.537955284118652,identifier,i
61.48480224609375,-42.695255279541016,=,=
-119.14408111572266,-0.5334692001342773,identifier,item
-15.78607177734375,96.79478454589844,.,.
-125.57238006591797,68.61386108398438,identifier,length
-167.5737762451172,3.302201509475708,identifier,i
-167.86082458496094,2.9201741218566895,identifier,i
98.52888488769531,-92.0277328491211,),)
103.26402282714844,-100.30213165283203,{,{
-83.23841094970703,57.288143157958984,identifier,me
-50.338478088378906,108.08421325683594,.,.
-44.9855842590332,0.7034451961517334,identifier,insert
3.664677381515503,-14.848069190979004,(,(
-143.65162658691406,-14.908042907714844,identifier,index
106.90908813476562,34.5042610168457,",",","
-119.19666290283203,-0.3330934941768646,identifier,item
-160.46971130371094,-2.5037219524383545,identifier,i
48.046539306640625,81.79681396484375,),)
123.82036590576172,108.93150329589844,},}
-63.41590881347656,-145.45616149902344,return,return
-84.57086944580078,57.45112609863281,identifier,me
124.57609558105469,102.67725372314453,},}
-117.0284652709961,-0.019731782376766205,identifier,item
69.09061431884766,-18.557525634765625,=,=
-56.112796783447266,109.02015686035156,.,.
-56.14110565185547,-0.13939297199249268,identifier,factoryItem
6.037139415740967,-24.530750274658203,(,(
-118.07366180419922,-0.3177677392959595,identifier,item
45.257450103759766,75.07469940185547,),)
-55.310340881347656,108.11851501464844,.,.
-45.61992645263672,0.7454583644866943,identifier,doInsert
4.381178379058838,-16.428173065185547,(,(
-143.7258758544922,-14.794697761535645,identifier,index
105.70157623291016,35.207244873046875,",",","
-118.08255004882812,-0.04273750260472298,identifier,item
50.203651428222656,75.47982025146484,),)
-57.7703971862793,-144.66749572753906,return,return
-118.00764465332031,0.5321984887123108,identifier,item
73.14472961425781,158.11708068847656,},}
-0.9792194366455078,-141.9542694091797,function,function
-10.032240867614746,-107.79322814941406,(,(
-134.1607666015625,25.389009475708008,identifier,res
139.73577880859375,18.748905181884766,",",","
-100.85812377929688,-4.102395534515381,identifier,mediaTypes
54.70630645751953,-116.7429428100586,),)
75.20443725585938,-141.77041625976562,{,{
-95.4085464477539,6.165172576904297,identifier,contentTypeOk
151.80450439453125,35.750205993652344,",",","
-127.41780090332031,29.43096923828125,identifier,result
80.75491333007812,-20.753456115722656,=,=
-54.627750396728516,12.70439338684082,"""","""status: '"""
0.5755749344825745,45.589473724365234,+,+
-135.2570037841797,24.794233322143555,identifier,res
-35.106075286865234,111.33917999267578,.,.
-44.07505416870117,28.531265258789062,identifier,statusCode
-4.8839240074157715,56.52985382080078,+,+
-54.37765884399414,13.071747779846191,"""","""', GET failed."""
-100.4364242553711,-3.6523499488830566,identifier,mediaTypes
75.22657775878906,-22.243366241455078,=,=
-32.558570861816406,33.16261672973633,identifier,Array
-38.88554000854492,78.89089965820312,.,.
-30.799768447875977,29.847169876098633,identifier,isArray
-3.747028112411499,-35.503082275390625,(,(
-99.88447570800781,-3.9156479835510254,identifier,mediaTypes
27.441896438598633,71.2010498046875,),)
-99.72187042236328,-3.946314573287964,identifier,mediaTypes
-99.65916442871094,-3.973910093307495,identifier,mediaTypes
203.95570373535156,-0.2603166997432709,if,if
27.60065269470215,-66.90640258789062,(,(
-135.41014099121094,24.82912254333496,identifier,res
-35.101749420166016,111.54988098144531,.,.
-44.076744079589844,28.532331466674805,identifier,statusCode
37.000736236572266,13.490745544433594,===,===
130.18505859375,-78.82371520996094,),)
120.7193374633789,-102.2270278930664,{,{
-95.39076232910156,6.187140941619873,identifier,contentTypeOk
66.01739501953125,-21.790861129760742,=,=
-135.5565948486328,24.76714515686035,identifier,res
-35.10228729248047,111.92190551757812,.,.
-47.78063201904297,28.523998260498047,identifier,headers
-55.998355865478516,18.843231201171875,"""","""content-type"""
82.33390808105469,-67.55042266845703,&&,&&
-100.66085815429688,-2.8948631286621094,identifier,mediaTypes
-10.913945198059082,91.71431732177734,.,.
-27.665258407592773,-41.67082977294922,identifier,every
-16.6478214263916,-47.790260314941406,(,(
7.30803918838501,-115.38651275634766,function,function
-1.2693889141082764,-108.713134765625,(,(
-107.84613037109375,3.482830047607422,identifier,mediaType
66.51963806152344,-117.97827911376953,),)
82.67413330078125,-125.3582763671875,{,{
-71.067626953125,-140.502197265625,return,return
-135.88619995117188,24.816516876220703,identifier,res
-35.115570068359375,112.18621826171875,.,.
-47.79786682128906,28.529735565185547,identifier,headers
-56.001407623291016,18.870330810546875,"""","""content-type"""
-3.535501480102539,97.15171813964844,.,.
-24.064090728759766,-1.345977783203125,identifier,indexOf
0.5568870902061462,-4.558128833770752,(,(
-107.85826110839844,3.49483060836792,identifier,mediaType
34.47439193725586,75.40925598144531,),)
102.40599060058594,100.25909423828125,},}
59.60662078857422,86.82400512695312,),)
-125.59968566894531,28.590253829956055,identifier,result
70.34882354736328,-16.663469314575195,=,=
-95.36968994140625,6.177599906921387,identifier,contentTypeOk
-49.18986892700195,20.86075782775879,"""",""""""
-55.87688064575195,11.419721603393555,"""","""content-type not one of '"""
0.28417328000068665,46.26173782348633,+,+
-100.672119140625,-2.8387320041656494,identifier,mediaTypes
-10.982840538024902,91.09425354003906,.,.
9.91915512084961,16.253244400024414,identifier,join
6.308088779449463,14.379199028015137,(,(
-50.286869049072266,17.17167091369629,"""",""","""
36.628318786621094,86.93383026123047,),)
-2.981240749359131,55.4362907409668,+,+
-53.374332427978516,13.184155464172363,"""","""'"""
117.72163391113281,104.00318145751953,},}
-58.77445983886719,-144.38352966308594,return,return
-123.10034942626953,27.249330520629883,identifier,result
71.70157623291016,158.93630981445312,},}
-0.6362689137458801,-139.69659423828125,function,function
-11.2211332321167,-105.41326904296875,(,(
-56.77204513549805,-50.84987258911133,identifier,callback
51.68532180786133,-120.4805908203125,),)
68.99120330810547,-140.7478790283203,{,{
-75.82290649414062,-11.24208927154541,identifier,command
79.23460388183594,-32.344398498535156,=,=
-1.8556709289550781,47.354774475097656,+,+
-82.69339752197266,8.4855318069458,identifier,nvmPath
-62.61368179321289,60.86380386352539,identifier,childProcess
-38.77398681640625,94.22835540771484,.,.
-5.9284515380859375,-16.030120849609375,identifier,exec
-5.101017951965332,-16.463886260986328,(,(
-75.73531341552734,-11.16783332824707,identifier,command
111.94024658203125,30.941360473632812,",",","
-74.89028930664062,-10.464350700378418,identifier,cmdOpts
114.604248046875,32.50900650024414,",",","
4.07895565032959,-117.79097747802734,function,function
-2.979881525039673,-106.0173568725586,(,(
-68.85785675048828,-63.629302978515625,identifier,err
127.6503677368164,22.870473861694336,",",","
-62.38710403442383,46.81829833984375,identifier,stdout
129.11061096191406,23.081073760986328,",",","
-62.44845199584961,46.53499221801758,identifier,stderr
64.41332244873047,-113.64234161376953,),)
84.18480682373047,-129.93002319335938,{,{
208.46844482421875,-1.137213945388794,if,if
30.676429748535156,-67.49939727783203,(,(
-62.48462677001953,46.38597869873047,identifier,stderr
-10.377843856811523,96.26968383789062,.,.
-23.67919921875,-1.8763476610183716,identifier,indexOf
-0.22217991948127747,-1.4787875413894653,(,(
27.49321937561035,75.35320281982422,),)
130.14662170410156,-81.25794219970703,),)
120.32398986816406,-100.571533203125,{,{
209.83131408691406,0.737727165222168,if,if
27.571868896484375,-69.0660400390625,(,(
-82.34143829345703,8.619226455688477,identifier,nvmPath
38.767574310302734,15.051761627197266,===,===
-82.76708221435547,11.375259399414062,identifier,home
-8.99897289276123,57.1688232421875,+,+
131.82554626464844,-80.0497817993164,),)
122.89397430419922,-102.0566177368164,{,{
-82.03022003173828,8.665969848632812,identifier,nvmPath
64.84649658203125,-19.632247924804688,=,=
-82.77386474609375,11.376249313354492,identifier,home
-9.087191581726074,57.21969985961914,+,+
-81.43692779541016,8.640591621398926,identifier,nvmInit
72.68182373046875,-10.611353874206543,=,=
-1.5900907516479492,47.43539047241211,+,+
-82.61296081542969,8.558514595031738,identifier,nvmPath
-5.123919486999512,55.4223747253418,+,+
-54.44122314453125,4.906129837036133,identifier,checkNVM
7.0108795166015625,-23.034215927124023,(,(
-56.51527786254883,-52.44187927246094,identifier,callback
49.204063415527344,70.89166259765625,),)
130.2763671875,102.0872802734375,},}
139.15773010253906,89.95271301269531,else,else
119.81854248046875,-113.95491027832031,{,{
-49.93528747558594,44.7896728515625,identifier,grunt
-119.68383026123047,-66.97318267822266,identifier,options
-35.524314880371094,131.5449981689453,.,.
-45.0682373046875,14.088957786560059,identifier,errorLevel
11.55406379699707,-10.456981658935547,(,(
2.2664573192596436,47.27915573120117,+,+
-80.23006439208984,-43.239662170410156,identifier,expected
-3.0765221118927,57.86016845703125,+,+
2.6085331439971924,47.40071105957031,+,+
-82.30232238769531,-42.8675537109375,identifier,actual
-2.9583070278167725,57.93244934082031,+,+
53.60776901245117,87.40043640136719,),)
116.70018005371094,109.55315399169922,},}
127.75070190429688,99.05418395996094,},}
137.21902465820312,90.41700744628906,else,else
119.96553802490234,-115.6939697265625,{,{
-55.66311264038086,-53.881080627441406,identifier,callback
17.04220962524414,-25.44123077392578,(,(
38.45268249511719,49.945011138916016,),)
115.29156494140625,109.85979461669922,},}
107.58424377441406,96.94995880126953,},}
63.86738586425781,87.97027587890625,),)
68.180419921875,163.25372314453125,},}
0.7097673416137695,-150.21536254882812,function,function
-62.23516845703125,-8.61598014831543,identifier,LeakError
-15.350052833557129,-87.85655975341797,(,(
-129.89871215820312,-70.18666076660156,identifier,opts
135.99684143066406,17.300233840942383,",",","
-84.57172393798828,-37.02544403076172,identifier,src
139.88131713867188,26.377389907836914,",",","
-106.15263366699219,-16.302671432495117,identifier,file
50.22355651855469,-116.40555572509766,),)
75.95502471923828,-147.77757263183594,{,{
-33.52824020385742,-20.89845085144043,identifier,Error
-33.735504150390625,88.4097671508789,.,.
-12.170388221740723,-2.155233383178711,identifier,call
-8.106443405151367,-3.4150197505950928,(,(
42.14362716674805,62.221435546875,),)
-59.762516021728516,121.78486633300781,.,.
-41.653480529785156,15.964337348937988,identifier,message
71.50312805175781,-12.236854553222656,=,=
0.14045606553554535,45.442100524902344,+,+
-130.17625427246094,-64.22833251953125,identifier,opts
-34.027591705322266,124.33692932128906,.,.
-57.94807815551758,-4.487883567810059,identifier,variable
-59.07855987548828,121.8157730102539,.,.
-65.15339660644531,31.72562026977539,identifier,line
67.95999145507812,-11.258280754089355,=,=
-129.69778442382812,-63.93707275390625,identifier,opts
-33.386436462402344,123.79497528076172,.,.
-65.14441680908203,31.732158660888672,identifier,line
-58.68665313720703,121.72600555419922,.,.
-63.26548767089844,30.410072326660156,identifier,column
67.96403503417969,-11.225377082824707,=,=
-129.4581298828125,-63.769309997558594,identifier,opts
-33.30734634399414,123.76191711425781,.,.
-63.281715393066406,30.513761520385742,identifier,column
-58.7484245300293,121.03767395019531,.,.
-61.73133850097656,7.640707969665527,identifier,annotated
72.50569915771484,-10.448105812072754,=,=
-2.800758123397827,48.82060241699219,+,+
22.208768844604492,-54.17000961303711,(,(
-105.89606475830078,-15.828482627868652,identifier,file
88.29922485351562,-53.931190490722656,||,||
29.105701446533203,81.26995086669922,),)
-3.8591678142547607,54.42815017700195,+,+
-1.0820562839508057,45.47223663330078,+,+
-51.03007888793945,120.2973861694336,.,.
-65.48556518554688,32.16082000732422,identifier,line
-5.379483222961426,53.88422393798828,+,+
-2.4010307788848877,49.108089447021484,+,+
-84.60045623779297,-37.012386322021484,identifier,src
-10.87607192993164,98.21768188476562,.,.
0.31430405378341675,20.854528427124023,identifier,split
3.8674561977386475,15.115954399108887,(,(
23.66165542602539,77.53350067138672,),)
-51.073081970214844,120.15552520751953,.,.
-65.49637603759766,32.18030548095703,identifier,line
-5.010274887084961,53.798828125,+,+
-2.306464672088623,49.42948913574219,+,+
-31.691020965576172,34.10231018066406,identifier,Array
-15.513301849365234,-19.841341018676758,(,(
-51.018863677978516,119.9917984008789,.,.
-63.28932571411133,30.203447341918945,identifier,column
-9.96182918548584,54.2712516784668,+,+
32.54549789428711,86.6041488647461,),)
1.0880913734436035,95.66044616699219,.,.
9.47819709777832,17.24382209777832,identifier,join
6.696501731872559,13.953741073608398,(,(
36.726219177246094,87.22135162353516,),)
-3.367210626602173,54.27352523803711,+,+
-1.8565982580184937,51.354496002197266,+,+
-1.9369889497756958,51.31659698486328,+,+
0.22744309902191162,48.7181510925293,+,+
-49.757118225097656,119.95748138427734,.,.
-42.025081634521484,16.223920822143555,identifier,message
70.15339660644531,164.1620330810547,},}
3.6427183151245117,-147.8700408935547,function,function
-55.78102111816406,-7.581993579864502,identifier,addDir
-11.801271438598633,-81.98858642578125,(,(
-101.59181213378906,-12.853353500366211,identifier,dir
138.51856994628906,21.761911392211914,",",","
-45.778621673583984,-18.44538688659668,identifier,stat
53.600162506103516,-113.57408142089844,),)
74.85448455810547,-143.2739715576172,{,{
-48.106201171875,-20.863454818725586,identifier,mtime
75.7716064453125,-31.52945327758789,=,=
-45.764434814453125,-18.419681549072266,identifier,stat
-32.06022262573242,111.17206573486328,.,.
-48.08253860473633,-20.818857192993164,identifier,mtime
-4.323129177093506,86.83817291259766,.,.
-25.414274215698242,24.98002815246582,identifier,getTime
25.453937530517578,50.85932159423828,(,(
33.06963348388672,56.913333892822266,),)
203.83767700195312,-4.898853302001953,if,if
32.6571159362793,-64.8999252319336,(,(
-78.90159606933594,17.221046447753906,identifier,map
-102.48435974121094,-13.683320045471191,identifier,dir
84.11602783203125,-68.11556243896484,&&,&&
-82.49673461914062,16.691001892089844,identifier,list
-17.13429069519043,91.3720474243164,.,.
-125.25371551513672,71.5237808227539,identifier,length
-67.77999877929688,15.750117301940918,identifier,maxListSize
129.4443359375,-81.85755157470703,),)
120.33561706542969,-98.66557312011719,{,{
-78.90689849853516,17.22268295288086,identifier,map
-102.58056640625,-13.563871383666992,identifier,dir
60.304988861083984,-10.23939037322998,=,=
-48.13792037963867,-20.931114196777344,identifier,mtime
-82.17169952392578,16.539575576782227,identifier,list
-17.628128051757812,90.0550765991211,.,.
-18.649513244628906,13.219656944274902,identifier,push
3.1490719318389893,-6.114012241363525,(,(
-102.59696960449219,-13.266303062438965,identifier,dir
56.60509490966797,66.8642349243164,),)
-39.980674743652344,-18.82583999633789,identifier,clearTimeout
5.292837142944336,-47.036827087402344,(,(
-80.55034637451172,15.022622108459473,identifier,sortList
-44.74928665161133,124.04933166503906,.,.
-72.2454605102539,12.16938304901123,identifier,timer
55.59943771362305,67.29049682617188,),)
-80.58656311035156,15.058653831481934,identifier,sortList
-44.7674674987793,124.05216217041016,.,.
-72.2490005493164,12.173210144042969,identifier,timer
66.35193634033203,-5.087604522705078,=,=
-40.170143127441406,-18.302644729614258,identifier,setTimeout
4.835326194763184,-46.58989334106445,(,(
-80.5264663696289,14.984682083129883,identifier,sortList
104.49408721923828,41.25402069091797,",",","
-61.864990234375,9.569657325744629,identifier,checkInterval
55.09187316894531,67.4328842163086,),)
-57.267120361328125,65.0185546875,identifier,fs
-46.010990142822266,87.18807220458984,.,.
-46.365074157714844,-14.831404685974121,identifier,readdir
-5.7321271896362305,-19.54570960998535,(,(
-101.57957458496094,-13.335563659667969,identifier,dir
101.76827239990234,28.98044204711914,",",","
4.499454021453857,-116.53166961669922,function,function
-1.9305373430252075,-106.97571563720703,(,(
-105.77275085449219,44.13419723510742,identifier,e
127.10527801513672,21.991973876953125,",",","
-109.2234115600586,-9.269292831420898,identifier,files
66.82087707519531,-115.27478790283203,),)
84.57002258300781,-127.93305206298828,{,{
208.51974487304688,6.374501705169678,if,if
19.489294052124023,-70.09820556640625,(,(
-105.61363220214844,44.03922653198242,identifier,e
131.0557098388672,-73.15641021728516,),)
123.64033508300781,-107.09696960449219,{,{
-109.66939544677734,-9.127645492553711,identifier,files
-9.392773628234863,93.09805297851562,.,.
-28.1716251373291,-45.19906997680664,identifier,forEach
-16.22462272644043,-49.083187103271484,(,(
6.803521633148193,-115.04366302490234,function,function
-1.109960913658142,-109.18567657470703,(,(
-110.42832946777344,-10.567544937133789,identifier,file
67.11997985839844,-117.31742858886719,),)
84.15514373779297,-124.43025207519531,{,{
-54.512306213378906,5.389732360839844,identifier,watch
7.160955905914307,-22.63811683654785,(,(
-101.57621765136719,-13.186426162719727,identifier,dir
-7.334024906158447,55.34187316894531,+,+
-2.9417054653167725,46.136295318603516,+,+
-110.88972473144531,-10.479143142700195,identifier,file
55.7342414855957,75.05062866210938,),)
102.08477020263672,98.06222534179688,},}
59.815738677978516,84.36982727050781,),)
117.30242156982422,108.41053771972656,},}
106.64353942871094,96.51514434814453,},}
63.019927978515625,85.15139770507812,),)
113.49958801269531,102.85865783691406,},}
68.23982238769531,169.3015594482422,},}
1.0066192150115967,-148.94186401367188,function,function
-55.54969787597656,-13.953001976013184,identifier,any
-14.153240203857422,-82.66105651855469,(,(
-121.96379089355469,-33.57481384277344,identifier,fp
138.49684143066406,18.952470779418945,",",","
-97.82318115234375,-28.15593719482422,identifier,patterns
139.59231567382812,25.727060317993164,",",","
-128.6796417236328,-69.65121459960938,identifier,opts
50.93740463256836,-112.68878173828125,),)
75.72999572753906,-146.14768981933594,{,{
208.629638671875,-7.860969543457031,if,if
35.56298065185547,-61.455108642578125,(,(
-32.89088821411133,33.3425178527832,identifier,Array
-39.22719955444336,78.5252685546875,.,.
-30.46445083618164,29.426536560058594,identifier,isArray
-3.2521724700927734,-35.810428619384766,(,(
-98.25898742675781,-29.284069061279297,identifier,patterns
26.808286666870117,70.73465728759766,),)
84.67579650878906,-67.41114807128906,&&,&&
-98.22828674316406,-29.44325065612793,identifier,patterns
128.88841247558594,-86.34040832519531,),)
128.24166870117188,-94.09376525878906,{,{
-34.78456115722656,-25.152496337890625,identifier,TypeError
18.582693099975586,-8.05388069152832,(,(
-39.8087272644043,17.708717346191406,identifier,msg
17.804466247558594,-13.140267372131348,(,(
95.3708267211914,43.220096588134766,",",","
95.0213623046875,44.37444305419922,",",","
44.60447311401367,90.80938720703125,),)
47.40959930419922,88.6008071899414,),)
133.64462280273438,110.42678833007812,},}
-98.73648834228516,-29.76894187927246,identifier,patterns
74.97953033447266,-22.33761978149414,=,=
-54.02066421508789,51.32905960083008,identifier,utils
-44.74287414550781,89.80587005615234,.,.
-41.687034606933594,4.74939489364624,identifier,arrayify
-9.694573402404785,-28.514305114746094,(,(
-98.72828674316406,-29.254117965698242,identifier,patterns
39.6833610534668,67.66714477539062,),)
-124.77651977539062,60.82550811767578,identifier,len
68.23733520507812,-34.016563415527344,=,=
-98.93291473388672,-29.107582092285156,identifier,patterns
-14.594405174255371,95.0616455078125,.,.
-125.30139923095703,68.34536743164062,identifier,length
-123.7780532836914,-34.97148132324219,identifier,fp
67.50405883789062,-18.616300582885742,=,=
-54.0274772644043,51.62882995605469,identifier,utils
-44.966766357421875,90.02761840820312,.,.
-42.27840042114258,3.7892379760742188,identifier,unixify
-9.4834623336792,-27.635740280151367,(,(
-122.86251831054688,-34.724334716796875,identifier,fp
102.91720581054688,30.886661529541016,",",","
-130.73065185546875,-67.28318786621094,identifier,opts
44.61900329589844,72.71712493896484,),)
186.94482421875,-16.44036865234375,while,while
32.63424301147461,-73.2599868774414,(,(
-127.83393096923828,61.05951690673828,identifier,len
97.39300537109375,-92.4947738647461,),)
99.94625091552734,-98.4295654296875,{,{
-71.62286376953125,3.5786471366882324,identifier,isMatch
63.4798698425293,-26.700136184692383,=,=
-65.53714752197266,-24.524808883666992,identifier,matcher
7.859647274017334,-24.535690307617188,(,(
-99.27462005615234,-28.669862747192383,identifier,patterns
-127.89933013916016,59.885162353515625,identifier,len
106.28857421875,37.37346267700195,",",","
-130.89515686035156,-67.8885498046875,identifier,opts
46.06968688964844,73.73922729492188,),)
205.8250732421875,8.221410751342773,if,if
23.531333923339844,-75.12181091308594,(,(
-71.63501739501953,3.584181070327759,identifier,isMatch
4.994136333465576,-27.61166000366211,(,(
-123.58951568603516,-33.28079605102539,identifier,fp
32.365272521972656,73.53221130371094,),)
135.61917114257812,-79.58259582519531,),)
128.94625854492188,-107.17804718017578,{,{
-63.49507141113281,-148.2703857421875,return,return
120.60591888427734,109.37612915039062,},}
118.1851577758789,101.6445083618164,},}
-59.35897445678711,-147.45945739746094,return,return
70.33442687988281,157.47799682617188,},}
3.003117799758911,-149.3776092529297,function,function
-54.10813522338867,-7.8232526779174805,identifier,exportSql
-11.280037879943848,-82.13496398925781,(,(
-121.2988052368164,-26.250070571899414,identifier,obj
138.25872802734375,20.562562942504883,",",","
-57.19383239746094,-51.27005386352539,identifier,callback
51.30659866333008,-114.7372055053711,),)
75.55555725097656,-143.3108673095703,{,{
-117.37228393554688,25.8824520111084,identifier,str
82.86260986328125,-20.62772560119629,=,=
205.3016815185547,-5.72697114944458,if,if
33.85137176513672,-65.05821228027344,(,(
-32.655696868896484,33.39253234863281,identifier,Array
-39.056488037109375,78.75794219970703,.,.
-30.99826431274414,29.3322811126709,identifier,isArray
-3.4644298553466797,-35.24798583984375,(,(
-122.2618408203125,-25.640695571899414,identifier,obj
27.304853439331055,70.2277603149414,),)
126.53182220458984,-80.16893768310547,),)
119.0408706665039,-97.98739624023438,{,{
182.77903747558594,-21.574256896972656,for,for
178.28057861328125,-21.80569076538086,(,(
-165.1028289794922,9.776062965393066,identifier,i
63.138999938964844,-44.06935119628906,=,=
-170.10604858398438,7.190667152404785,identifier,i
58.54987335205078,-50.85544204711914,<,<
-122.56482696533203,-25.52665138244629,identifier,obj
-16.359102249145508,95.55567932128906,.,.
-126.76128387451172,69.26116943359375,identifier,length
-172.44888305664062,3.299410581588745,identifier,i
97.3948745727539,-94.2734375,),)
102.05873107910156,-97.12989807128906,{,{
208.5887908935547,0.930334210395813,if,if
29.127092361450195,-70.1131591796875,(,(
-123.47826385498047,-25.478748321533203,identifier,obj
-162.10992431640625,-3.462972640991211,identifier,i
-22.71873664855957,118.77239227294922,.,.
-87.0676040649414,-27.292236328125,identifier,type
84.43852233886719,-69.68293762207031,&&,&&
-96.68057250976562,-16.85049057006836,identifier,base
-43.786312103271484,92.86823272705078,.,.
-50.4421272277832,7.016861915588379,identifier,isExportTypeString
-0.5409391522407532,-30.04075050354004,(,(
-123.73834991455078,-25.448875427246094,identifier,obj
-161.765869140625,-2.8830108642578125,identifier,i
-22.663055419921875,118.80509948730469,.,.
-108.80609893798828,-31.24342918395996,identifier,name
30.854232788085938,75.61884307861328,),)
132.6591796875,-79.7170639038086,),)
121.89810943603516,-102.53755950927734,{,{
-112.34650421142578,22.78804588317871,identifier,cs
70.77545928955078,-21.89748191833496,=,=
-53.74149703979492,-7.599994659423828,identifier,exportTable
4.4229960441589355,-22.526609420776367,(,(
-123.7430419921875,-25.53009033203125,identifier,obj
-161.4807586669922,-2.0580224990844727,identifier,i
108.00508117675781,34.802181243896484,",",","
-57.28443145751953,-52.50053024291992,identifier,callback
112.79688262939453,38.54291915893555,",",","
-123.12520599365234,-26.538284301757812,identifier,obj
46.574607849121094,72.7266845703125,),)
206.7267608642578,6.7137908935546875,if,if
22.028118133544922,-72.43568420410156,(,(
-112.41046905517578,22.414310455322266,identifier,cs
133.4333953857422,-73.62555694580078,),)
130.42127990722656,-103.0603256225586,{,{
-65.99803924560547,-151.61614990234375,return,return
128.31825256347656,111.31324005126953,},}
-117.76437377929688,26.341001510620117,identifier,str
-112.43777465820312,22.357526779174805,identifier,cs
-6.148557662963867,54.9565544128418,+,+
117.47332763671875,105.97996520996094,},}
118.21905517578125,99.3092269897461,},}
-61.158668518066406,-143.9024658203125,return,return
-117.74127960205078,26.293581008911133,identifier,str
116.19286346435547,103.44072723388672,},}
-59.74551010131836,-149.8545684814453,return,return
72.4681396484375,156.27330017089844,},}
1.8527110815048218,-147.25128173828125,function,function
-57.65578842163086,-9.859580039978027,identifier,printCounter
-10.47520637512207,-83.98253631591797,(,(
-73.86028289794922,-25.832748413085938,identifier,indicator
55.641292572021484,-113.78689575195312,),)
71.83013153076172,-143.15676879882812,{,{
-142.98959350585938,10.296642303466797,identifier,counter
-64.29804229736328,61.68528747558594,identifier,process
-52.73106384277344,92.68887329101562,.,.
-61.84458923339844,49.565250396728516,identifier,stdout
-25.715747833251953,86.15900421142578,.,.
-26.044824600219727,11.248127937316895,identifier,write
8.18619155883789,-6.165829658508301,(,(
-73.86155700683594,-25.831296920776367,identifier,indicator
43.64284133911133,66.65288543701172,),)
204.9488067626953,-4.094235897064209,if,if
32.45963668823242,-65.40225219726562,(,(
-143.1676483154297,10.04769229888916,identifier,counter
38.281280517578125,15.689615249633789,===,===
-78.70447540283203,9.658194541931152,identifier,filesLength
86.5633316040039,-60.71397399902344,||,||
-143.15023803710938,10.035852432250977,identifier,counter
-79.27778625488281,11.79510498046875,identifier,lineLength
35.67302322387695,13.79782485961914,===,===
129.26206970214844,-81.52014923095703,),)
120.3388900756836,-99.15693664550781,{,{
-64.37899017333984,62.03824234008789,identifier,process
-52.8626823425293,92.9939193725586,.,.
-61.83090591430664,49.67483901977539,identifier,stdout
-25.51529312133789,85.8888168334961,.,.
-25.853025436401367,11.246814727783203,identifier,write
7.559713840484619,-7.011936664581299,(,(
-78.53630065917969,11.654803276062012,identifier,lineSpacing
-19.81495475769043,92.97455596923828,.,.
-6.856474876403809,12.277924537658691,identifier,slice
0.33637329936027527,7.447149753570557,(,(
21.541446685791016,-51.9445915222168,(,(
21.476970672607422,-52.19890594482422,(,(
-79.43085479736328,11.84961223602295,identifier,lineLength
-143.55172729492188,9.584273338317871,identifier,counter
25.02223777770996,83.27922821044922,),)
-79.45286560058594,11.854635238647461,identifier,lineLength
31.276573181152344,81.26364135742188,),)
30.85134506225586,81.56655883789062,),)
-3.943370819091797,53.913291931152344,+,+
-52.52802276611328,17.649646759033203,"""",""" """
49.424591064453125,87.44194793701172,),)
-64.46441650390625,62.073665618896484,identifier,process
-52.90312194824219,93.01216125488281,.,.
-61.82441711425781,49.70693588256836,identifier,stdout
-25.520540237426758,85.87898254394531,.,.
-25.841346740722656,11.235150337219238,identifier,write
7.644882678985596,-7.058508396148682,(,(
-38.03493881225586,26.8454532623291,identifier,String
-12.828588485717773,-20.77709197998047,(,(
-53.598331451416016,17.805667877197266,"""","""   """
-1.1242437362670898,46.42125701904297,+,+
-143.56298828125,9.557473182678223,identifier,counter
29.26569938659668,86.6962661743164,),)
-0.523167610168457,96.13838958740234,.,.
-6.100134372711182,11.825196266174316,identifier,slice
-0.7173784375190735,9.628655433654785,(,(
34.49872589111328,85.18502807617188,),)
-4.470541954040527,54.63631057739258,+,+
-52.96877670288086,17.38127326965332,"""",""" / """
-1.420670986175537,48.45538330078125,+,+
-37.95378875732422,27.03949546813965,identifier,String
-12.741189956665039,-20.65748405456543,(,(
-53.66813659667969,17.901920318603516,"""","""   """
-0.7760134935379028,46.95180130004883,+,+
-78.69861602783203,9.617985725402832,identifier,filesLength
28.8421688079834,87.67588806152344,),)
0.34022510051727295,96.08621978759766,.,.
-6.14882230758667,11.265085220336914,identifier,slice
-1.3338592052459717,9.407572746276855,(,(
36.713722229003906,83.85508728027344,),)
51.25104904174805,84.35187530517578,),)
-64.47863006591797,62.07732391357422,identifier,process
-52.909542083740234,93.00216674804688,.,.
-61.82012939453125,49.71771240234375,identifier,stdout
-25.609712600708008,85.91654968261719,.,.
-25.89529800415039,11.224701881408691,identifier,write
8.811799049377441,-6.359126567840576,(,(
-52.84096145629883,15.808218955993652,"""","""\n"""
40.29388427734375,87.31653594970703,),)
114.43651580810547,105.36125183105469,},}
67.13168334960938,167.75735473632812,},}
1.9671714305877686,-150.06680297851562,function,function
-55.57677459716797,-12.887225151062012,identifier,isfinite
-14.070037841796875,-83.5527114868164,(,(
-123.07087707519531,-20.723604202270508,identifier,arr
56.286128997802734,-114.24622344970703,),)
72.59042358398438,-141.1087646484375,{,{
209.05934143066406,-8.75566291809082,if,if
36.183746337890625,-61.24641418457031,(,(
-33.05302047729492,33.656166076660156,identifier,Array
-39.42689514160156,78.42587280273438,.,.
-30.441150665283203,29.467121124267578,identifier,isArray
-3.237616777420044,-36.04965591430664,(,(
-123.0126953125,-22.115806579589844,identifier,arr
26.644651412963867,70.11402893066406,),)
127.28275299072266,-86.01537322998047,),)
129.20278930664062,-93.57598114013672,{,{
-34.609378814697266,-25.744043350219727,identifier,TypeError
17.785099029541016,-8.423803329467773,(,(
47.59852600097656,90.09481811523438,),)
133.35507202148438,109.86345672607422,},}
-124.94951629638672,61.1865348815918,identifier,len
68.95016479492188,-33.59977722167969,=,=
-124.19976043701172,-22.232675552368164,identifier,arr
-15.289997100830078,95.66243743896484,.,.
-125.94737243652344,67.3233642578125,identifier,length
154.6763153076172,41.41142272949219,",",","
-124.88574981689453,32.32139205932617,identifier,out
79.20541381835938,-21.161664962768555,=,=
-31.571496963500977,34.89616394042969,identifier,Array
-16.000764846801758,-20.03725242614746,(,(
-126.8130111694336,60.196067810058594,identifier,len
39.60976791381836,65.24827575683594,),)
153.4849090576172,40.00689697265625,",",","
-116.06578063964844,14.410473823547363,identifier,val
184.22665405273438,-20.65184211730957,for,for
178.9056396484375,-22.861175537109375,(,(
-164.78030395507812,10.902063369750977,identifier,i
62.07677459716797,-44.588619232177734,=,=
-168.15086364746094,5.5837202072143555,identifier,i
59.426673889160156,-51.680301666259766,<,<
-126.99542999267578,61.54344177246094,identifier,len
-169.86219787597656,3.6110565662384033,identifier,i
99.0711669921875,-93.69435119628906,),)
101.62330627441406,-98.8502426147461,{,{
-123.35072326660156,32.03228759765625,identifier,out
-161.774658203125,-1.1039777994155884,identifier,i
59.39436721801758,-8.043963432312012,=,=
-117.75882720947266,14.174450874328613,identifier,val
67.78101348876953,-22.099998474121094,=,=
-125.25111389160156,-22.041444778442383,identifier,arr
-161.01380920410156,-1.6587584018707275,identifier,i
205.38192749023438,6.538775444030762,if,if
24.719778060913086,-72.88117980957031,(,(
-118.34439849853516,13.669699668884277,identifier,val
33.53752136230469,16.39456558227539,===,===
84.10501098632812,-71.10789489746094,&&,&&
-118.9098892211914,13.322419166564941,identifier,val
40.19775390625,16.032812118530273,===,===
-119.0110855102539,13.033150672912598,identifier,val
84.94605255126953,-70.694580078125,&&,&&
-119.32466888427734,13.347786903381348,identifier,val
-17.209148406982422,30.125808715820312,<,<
-50.03712463378906,14.661709785461426,identifier,pinf
85.33518981933594,-70.86795043945312,&&,&&
-119.47452545166016,13.471943855285645,identifier,val
-15.417911529541016,29.495018005371094,>,>
-50.0401725769043,14.669764518737793,identifier,ninf
136.7290496826172,-76.54060363769531,),)
127.53749084472656,-107.0882339477539,{,{
-123.26800537109375,32.00369644165039,identifier,out
-161.00186157226562,0.4289569556713104,identifier,i
59.994834899902344,-7.534969806671143,=,=
119.95193481445312,110.17239379882812,},}
117.99343872070312,100.98863983154297,},}
-59.613956451416016,-144.38815307617188,return,return
-122.28250122070312,29.880260467529297,identifier,out
70.965576171875,158.42349243164062,},}
-1.9549543857574463,-141.0099639892578,function,function
-11.293312072753906,-107.21227264404297,(,(
-101.5526351928711,-22.748600006103516,identifier,key
58.00614929199219,-114.65616607666016,),)
72.06893920898438,-138.5613250732422,{,{
-60.59588623046875,121.20116424560547,.,.
-100.77328491210938,-22.519113540649414,identifier,key
65.01113891601562,-10.499577522277832,=,=
-101.37744903564453,-21.85350227355957,identifier,key
-59.75712585449219,119.75653839111328,.,.
-66.50386047363281,-7.621602535247803,identifier,keyType
69.49369049072266,-9.322653770446777,=,=
-101.67764282226562,-21.67888641357422,identifier,key
-9.659629821777344,99.33504486083984,.,.
0.5837416648864746,19.93916130065918,identifier,split
3.035391092300415,15.897098541259766,(,(
-51.88670349121094,19.318092346191406,"""",""" """
23.43494415283203,75.85943603515625,),)
-59.34040832519531,119.32145690917969,.,.
-76.0455551147461,9.048920631408691,identifier,rawkey
69.12444305419922,-9.804655075073242,=,=
-102.0155029296875,-21.54952049255371,identifier,key
-9.675891876220703,98.8582992553711,.,.
0.15052050352096558,19.71970558166504,identifier,split
2.6690940856933594,15.21857738494873,(,(
-51.90705108642578,19.30760383605957,"""",""" """
23.331764221191406,76.40184020996094,),)
112.98361206054688,-103.58161926269531,{,{
-59.61638641357422,118.70313262939453,.,.
-74.46454620361328,7.651600360870361,identifier,keyComment
68.3524169921875,-9.590956687927246,=,=
-102.17144775390625,-21.48446273803711,identifier,key
-9.659811973571777,98.72076416015625,.,.
-0.003622649237513542,19.925323486328125,identifier,split
2.7472875118255615,15.151189804077148,(,(
-51.90645980834961,19.282360076904297,"""",""" """
23.265338897705078,76.4605484008789,),)
136.28651428222656,103.43175506591797,},}
16.29911994934082,-67.67871856689453,(,(
-68.58023834228516,-64.94389343261719,identifier,err
71.10478973388672,-112.8033676147461,),)
121.2323989868164,-110.16908264160156,{,{
-59.80756378173828,118.34413146972656,.,.
-74.4823226928711,7.652287483215332,identifier,keyComment
68.6198501586914,-6.355123519897461,=,=
126.7125015258789,110.4700927734375,},}
-58.46808624267578,118.8574447631836,.,.
-59.068912506103516,8.996347427368164,identifier,byteArray
66.80221557617188,-8.467561721801758,=,=
-58.578853607177734,109.0362777709961,.,.
-58.90732192993164,8.191873550415039,identifier,_stringToBytes
-6.930429458618164,-26.174579620361328,(,(
-57.9848747253418,8.357534408569336,identifier,atob
-7.934337615966797,-25.697830200195312,(,(
-51.7857666015625,118.58576202392578,.,.
-76.08020782470703,9.076964378356934,identifier,rawkey
35.70228958129883,80.18099212646484,),)
46.485870361328125,82.46275329589844,),)
-58.41497039794922,117.8982925415039,.,.
-59.61708450317383,10.01504135131836,identifier,slicedArray
69.98388671875,-4.384122848510742,=,=
-58.55912399291992,117.89066314697266,.,.
-61.62949752807617,11.19489574432373,identifier,wordLength
67.53111267089844,-2.734166145324707,=,=
-60.52810287475586,112.65931701660156,.,.
-66.04380798339844,12.177469253540039,identifier,_load
31.50387954711914,40.72588348388672,(,(
37.18904495239258,50.39385223388672,),)
71.21482849121094,163.07489013671875,},}
6.812414169311523,-148.66702270507812,function,function
-70.62641143798828,-1.1575946807861328,identifier,Advertisement
-14.740503311157227,-88.0376968383789,(,(
-117.47109985351562,-46.692466735839844,identifier,props
54.06833267211914,-112.50147247314453,),)
72.1065444946289,-144.02444458007812,{,{
124.34835052490234,-29.1923770904541,{,{
-68.28718566894531,-20.910001754760742,identifier,centered
140.88299560546875,31.446407318115234,",",","
-78.6217269897461,-26.480863571166992,identifier,children
140.16943359375,31.685556411743164,",",","
-33.8259162902832,-7.713011741638184,identifier,className
139.71266174316406,31.772151947021484,",",","
-78.41072082519531,-29.491300582885742,identifier,content
139.6188507080078,31.91118812561035,",",","
-69.78600311279297,-34.819786071777344,identifier,test
139.04940795898438,32.143070220947266,",",","
-73.61227416992188,-18.743961334228516,identifier,unit
87.69782257080078,-8.998098373413086,},}
85.55928802490234,-11.80099105834961,=,=
-117.30384826660156,-46.66504669189453,identifier,props
-34.778751373291016,-6.5420823097229,identifier,classes
78.13765716552734,-27.28179168701172,=,=
-61.573509216308594,0.6316013932228088,identifier,cx
7.213441371917725,-27.601619720458984,(,(
98.22288513183594,42.998226165771484,",",","
-73.61573791503906,-18.744958877563477,identifier,unit
113.55670928955078,31.642601013183594,",",","
-70.04670715332031,1.5467076301574707,identifier,useKeyOnly
2.3384270668029785,-29.095218658447266,(,(
-68.29190063476562,-20.914897918701172,identifier,centered
97.8835678100586,30.203903198242188,",",","
27.84766387939453,77.36131286621094,),)
118.9422607421875,34.73542404174805,",",","
-70.05783081054688,1.5427117347717285,identifier,useKeyOnly
2.3839144706726074,-29.117862701416016,(,(
-69.79364776611328,-34.83187484741211,identifier,test
97.88111877441406,30.208511352539062,",",","
27.870569229125977,77.41439819335938,),)
118.96644592285156,34.6844596862793,",",","
98.35189056396484,42.99787139892578,",",","
-33.79331588745117,-7.792278289794922,identifier,className
118.6922607421875,51.331783294677734,",",","
52.6551513671875,64.17221069335938,),)
-90.6888427734375,29.405847549438477,identifier,rest
66.97432708740234,-30.252046585083008,=,=
-51.65473175048828,-2.3203089237213135,identifier,getUnhandledProps
0.26510122418403625,-24.714200973510742,(,(
-71.02021789550781,-1.032421350479126,identifier,Advertisement
101.40838623046875,41.42863464355469,",",","
-117.2530746459961,-47.10161590576172,identifier,props
51.240516662597656,66.84442901611328,),)
-49.328765869140625,-25.182191848754883,identifier,ElementType
63.073089599609375,-25.863256454467773,=,=
-51.000244140625,-2.5600249767303467,identifier,getElementType
0.2099098265171051,-25.083749771118164,(,(
-71.00431060791016,-1.0237337350845337,identifier,Advertisement
101.4006576538086,41.37412643432617,",",","
-117.25470733642578,-47.151939392089844,identifier,props
51.27080535888672,66.92594146728516,),)
-63.346473693847656,-139.4864044189453,return,return
19.60068702697754,-56.04375076293945,(,(
-24.923019409179688,35.698299407958984,<,<
-49.328189849853516,-25.179744720458984,identifier,ElementType
120.27198791503906,-34.582855224609375,{,{
-90.69328308105469,29.407140731811523,identifier,rest
90.40646362304688,92.027587890625,},}
-33.83694839477539,-7.568323612213135,identifier,className
76.17280578613281,-9.473016738891602,=,=
119.39999389648438,-34.749752044677734,{,{
-34.77519607543945,-6.575164318084717,identifier,classes
90.42901611328125,92.20085144042969,},}
-59.67698287963867,15.24211311340332,identifier,data-text
76.15943145751953,-9.443194389343262,=,=
119.52645111083984,-34.816978454589844,{,{
-69.78826904296875,-34.8189582824707,identifier,test
90.35264587402344,92.65966033935547,},}
-24.109533309936523,38.03654861450195,>,>
119.87455749511719,-35.20517349243164,{,{
-58.43223571777344,5.300436019897461,identifier,childrenUtils
-44.192955017089844,90.78723907470703,.,.
-47.37687683105469,9.107198715209961,identifier,isNil
-1.6822869777679443,-34.11753845214844,(,(
-78.74011993408203,-26.030332565307617,identifier,children
29.505908966064453,72.8280029296875,),)
-78.31269836425781,-29.611831665039062,identifier,content
-78.76634216308594,-25.943439483642578,identifier,children
89.8674087524414,93.29698944091797,},}
-24.90363121032715,35.73162078857422,<,<
-49.329063415527344,-25.18125343322754,identifier,ElementType
-24.091381072998047,38.062225341796875,>,>
64.6066665649414,83.53716278076172,),)
72.77830505371094,167.84893798828125,},}
4.232816219329834,-151.70584106445312,function,function
-58.94192886352539,-8.673813819885254,identifier,constructSelectEvent
-7.829809665679932,-83.5354995727539,(,(
-76.60137939453125,-23.07942771911621,identifier,nativeEvent
135.34718322753906,21.520938873291016,",",","
-76.2431869506836,-21.748411178588867,identifier,nativeEventTarget
51.884124755859375,-115.69935607910156,),)
75.95380401611328,-144.9285430908203,{,{
-55.970619201660156,45.09086227416992,identifier,doc
75.3262710571289,-29.48418426513672,=,=
-54.09047317504883,-1.8503233194351196,identifier,getEventTargetDocument
-2.501680374145508,-23.82643699645996,(,(
-76.24103546142578,-21.71508026123047,identifier,nativeEventTarget
37.77891159057617,67.75961303710938,),)
208.20201110839844,-3.9972195625305176,if,if
31.9370059967041,-63.39665603637695,(,(
-62.45877456665039,20.618009567260742,identifier,mouseDown
85.98211669921875,-60.05024719238281,||,||
-80.40467834472656,27.416370391845703,identifier,activeElement$1
86.07918548583984,-60.587276458740234,||,||
-80.58540344238281,27.328502655029297,identifier,activeElement$1
-48.26127243041992,-2.981945514678955,identifier,getActiveElement
-2.3528475761413574,-25.029075622558594,(,(
-55.965328216552734,45.08907699584961,identifier,doc
34.35267639160156,72.26753997802734,),)
129.8507843017578,-83.4484634399414,),)
129.0447540283203,-96.94094848632812,{,{
-67.7033462524414,-149.62393188476562,return,return
131.25152587890625,110.49327087402344,},}
-92.12664794921875,25.721527099609375,identifier,currentSelection
71.2562026977539,-26.616844177246094,=,=
-50.65582275390625,-1.3873766660690308,identifier,getSelection
-1.8556636571884155,-24.609899520874023,(,(
-80.14081573486328,27.944217681884766,identifier,activeElement$1
39.216861724853516,69.76548767089844,),)
204.53224182128906,2.3681211471557617,if,if
25.38584327697754,-69.83688354492188,(,(
-91.41166687011719,23.781911849975586,identifier,lastSelection
85.48372650146484,-59.895694732666016,||,||
-48.32366180419922,4.768362998962402,identifier,shallowEqual
2.891608476638794,-31.789125442504883,(,(
-91.54438018798828,23.77504539489746,identifier,lastSelection
101.27469635009766,31.99247932434082,",",","
-93.0347900390625,24.690237045288086,identifier,currentSelection
30.9771785736084,74.49301147460938,),)
133.17153930664062,-78.90312194824219,),)
122.16881561279297,-104.06682586669922,{,{
-91.52247619628906,23.734455108642578,identifier,lastSelection
64.0953369140625,-13.526164054870605,=,=
-93.03363800048828,24.64702033996582,identifier,currentSelection
-87.72230529785156,18.14522933959961,identifier,syntheticEvent
72.08106994628906,-18.35340690612793,=,=
-87.2759017944336,18.256357192993164,identifier,SyntheticEvent
-34.51300811767578,90.3974609375,.,.
-52.65488815307617,1.2392001152038574,identifier,getPooled
12.089111328125,-17.82524871826172,(,(
-78.74016571044922,27.991470336914062,identifier,eventTypes$3
-38.87676239013672,98.17915344238281,.,.
-45.573848724365234,5.209677696228027,identifier,select
106.20301818847656,38.92842102050781,",",","
-79.58336639404297,27.875232696533203,identifier,activeElementInst$1
110.9551010131836,38.308746337890625,",",","
-76.59172821044922,-23.016952514648438,identifier,nativeEvent
111.62264251708984,38.25235366821289,",",","
-76.25241088867188,-21.78411102294922,identifier,nativeEventTarget
46.17451095581055,73.29224395751953,),)
-88.57322692871094,18.074115753173828,identifier,syntheticEvent
-40.66648483276367,117.02279663085938,.,.
-86.80851745605469,-26.33302879333496,identifier,type
62.503089904785156,-6.306987285614014,=,=
-88.63094329833984,18.059900283813477,identifier,syntheticEvent
-40.63240432739258,117.05758666992188,.,.
-89.55316925048828,-42.92593002319336,identifier,target
63.543094635009766,-8.047786712646484,=,=
-80.89242553710938,28.005203247070312,identifier,activeElement$1
-56.006107330322266,3.8658602237701416,identifier,accumulateTwoPhaseDispatches
6.318646430969238,-19.696504592895508,(,(
-88.92935943603516,17.74873924255371,identifier,syntheticEvent
48.61152267456055,74.71354675292969,),)
-61.41513442993164,-145.42715454101562,return,return
-88.97945404052734,17.705692291259766,identifier,syntheticEvent
116.33049011230469,104.25418853759766,},}
-58.03163528442383,-147.162841796875,return,return
68.98624420166016,156.5113983154297,},}
4.367739200592041,-153.07565307617188,function,function
-58.51716232299805,-6.10148286819458,identifier,tryGetImportOrExportClauseCompletionSymbols
-6.667291641235352,-82.67032623291016,(,(
-91.50325775146484,-2.612131357192993,identifier,namedImportsOrExports
56.2235107421875,-118.10704040527344,),)
78.59229278564453,-146.99020385742188,{,{
-87.75481414794922,-2.3413197994232178,identifier,declarationKind
74.036376953125,-32.58854293823242,=,=
-91.62760925292969,-2.2951931953430176,identifier,namedImportsOrExports
-25.94355010986328,110.17156219482422,.,.
-67.45185852050781,36.83186721801758,identifier,kind
37.2638053894043,12.458935737609863,===,===
-91.12844848632812,-1.1303163766860962,identifier,importOrExportDeclaration
72.41215515136719,-27.38495445251465,=,=
-49.45331573486328,39.83975601196289,identifier,ts
-46.55916976928711,92.34215545654297,.,.
-49.32902908325195,-0.07299334555864334,identifier,getAncestor
-4.649979114532471,-27.967594146728516,(,(
-91.69628143310547,-2.253763437271118,identifier,namedImportsOrExports
109.53968048095703,27.778152465820312,",",","
-87.75520324707031,-2.353503704071045,identifier,declarationKind
39.085304260253906,68.80815124511719,),)
-89.38672637939453,0.46724823117256165,identifier,moduleSpecifier
69.2196044921875,-27.467514038085938,=,=
-92.14926147460938,-0.7954617738723755,identifier,importOrExportDeclaration
-28.039196014404297,113.00572967529297,.,.
-88.95885467529297,0.1288076490163803,identifier,moduleSpecifier
205.21990966796875,0.6579461097717285,if,if
26.994657516479492,-65.59646606445312,(,(
-90.02384185791016,0.4040718972682953,identifier,moduleSpecifier
125.0086669921875,-78.51506042480469,),)
130.52325439453125,-97.95769500732422,{,{
-68.27799224853516,-150.22760009765625,return,return
129.37786865234375,111.58197021484375,},}
-51.73240280151367,5.55783224105835,identifier,isMemberCompletion
65.40805053710938,0.4389410614967346,=,=
-51.391632080078125,5.084859848022461,identifier,isNewIdentifierLocation
66.19562530517578,0.16044186055660248,=,=
-92.92881774902344,2.990551710128784,identifier,exports
-89.44261169433594,0.9492937326431274,identifier,moduleSpecifierSymbol
68.47265625,-28.25101661682129,=,=
-72.6821517944336,27.447952270507812,identifier,typeChecker
-44.46183395385742,95.12832641601562,.,.
-52.742347717285156,1.9581242799758911,identifier,getSymbolAtLocation
-2.0416603088378906,-26.234573364257812,(,(
-92.21410369873047,-0.7645763754844666,identifier,importOrExportDeclaration
-27.858718872070312,113.0999755859375,.,.
-88.9070816040039,0.16570396721363068,identifier,moduleSpecifier
39.58851623535156,74.91940307617188,),)
203.11900329589844,6.661719799041748,if,if
20.676549911499023,-69.2211685180664,(,(
-90.41595458984375,1.1820623874664307,identifier,moduleSpecifierSymbol
127.48319244384766,-72.34001159667969,),)
125.86082458496094,-104.73772430419922,{,{
-93.02582550048828,3.389883518218994,identifier,exports
68.60809326171875,-20.41193199157715,=,=
-72.6798095703125,27.449472427368164,identifier,typeChecker
-44.56947708129883,95.20543670654297,.,.
-54.39776611328125,3.1546003818511963,identifier,getExportsOfModule
-1.2091755867004395,-26.662723541259766,(,(
-90.54986572265625,1.295204758644104,identifier,moduleSpecifierSymbol
39.86384582519531,75.1915054321289,),)
125.89878845214844,107.20693969726562,},}
-83.59158325195312,-2.5494537353515625,identifier,symbols
68.31494140625,-16.06447982788086,=,=
-93.0276870727539,3.3406050205230713,identifier,exports
-55.12532043457031,3.3096518516540527,identifier,filterNamedImportOrExportCompletionItems
4.036754608154297,-24.310829162597656,(,(
-93.03959655761719,3.343863010406494,identifier,exports
102.96470642089844,34.835384368896484,",",","
-91.92220306396484,-2.278834342956543,identifier,namedImportsOrExports
-25.674848556518555,109.69336700439453,.,.
-116.93030548095703,-12.313036918640137,identifier,elements
50.87019348144531,77.76211547851562,),)
-56.27912139892578,6.205830097198486,identifier,emptyArray
-60.10909652709961,-147.51123046875,return,return
69.43121337890625,157.302490234375,},}
4.515015602111816,-148.91412353515625,function,function
-56.93109893798828,-9.591960906982422,identifier,generateTimestamp
-9.296242713928223,-82.71659851074219,(,(
-115.4944839477539,-17.019033432006836,identifier,date
138.4618377685547,21.132352828979492,",",","
-89.23332977294922,-58.94329833984375,identifier,microseconds
53.64712142944336,-116.49427032470703,),)
75.1429672241211,-145.0902862548828,{,{
207.1693115234375,-8.22946834564209,if,if
35.53955841064453,-63.047061920166016,(,(
-115.91828918457031,-16.823503494262695,identifier,date
122.94719696044922,-78.62321472167969,),)
127.23487854003906,-92.76773071289062,{,{
-116.02967071533203,-16.76108741760254,identifier,date
74.35293579101562,-26.85371971130371,=,=
20.788719177246094,53.045318603515625,identifier,Date
24.77933692932129,53.4847297668457,(,(
34.47388458251953,55.629886627197266,),)
132.39892578125,112.53645324707031,},}
-101.14210510253906,18.385679244995117,identifier,longMicro
80.10395050048828,-23.91647720336914,=,=
-46.05845642089844,53.31847381591797,identifier,Long
-41.98927307128906,84.0742416381836,.,.
-55.4374885559082,7.567056655883789,identifier,ZERO
206.0640106201172,-2.7222037315368652,if,if
31.18081283569336,-66.24237060546875,(,(
-89.57788848876953,-59.2191047668457,identifier,microseconds
33.141807556152344,16.595760345458984,===,===
83.83436584472656,-70.27519989013672,&&,&&
-89.94171142578125,-59.4223747253418,identifier,microseconds
85.99842834472656,-70.01390838623047,&&,&&
-90.03318786621094,-59.466617584228516,identifier,microseconds
-18.141090393066406,29.709444046020508,<,<
130.80967712402344,-81.57293701171875,),)
123.53003692626953,-99.14491271972656,{,{
-101.2950210571289,18.184045791625977,identifier,longMicro
64.25261688232422,-21.352453231811523,=,=
-46.06846618652344,53.51590347290039,identifier,Long
-42.60239791870117,83.67109680175781,.,.
-35.675960540771484,3.934360980987549,identifier,fromInt
-11.253899574279785,-24.296669006347656,(,(
-89.95379638671875,-59.33226776123047,identifier,microseconds
40.40932846069336,68.28054809570312,),)
131.1704864501953,103.90206909179688,},}
139.5880889892578,88.8501205444336,else,else
118.87322998046875,-112.82466125488281,{,{
208.92274475097656,4.523341655731201,if,if
22.7858943939209,-67.91278076171875,(,(
-73.22123718261719,14.611139297485352,identifier,_timestampTicks
-14.760881423950195,29.230871200561523,>,>
130.83114624023438,-76.12611389160156,),)
127.90943908691406,-102.7207260131836,{,{
-73.436767578125,14.599386215209961,identifier,_timestampTicks
68.93495178222656,-6.32142448425293,=,=
127.22848510742188,110.64191436767578,},}
-101.17423248291016,18.17864227294922,identifier,longMicro
64.18145751953125,-21.33976173400879,=,=
-46.068138122558594,53.563541412353516,identifier,Long
-42.686588287353516,83.62254333496094,.,.
-35.6658821105957,3.939169406890869,identifier,fromInt
-11.279004096984863,-24.297563552856445,(,(
-73.72655487060547,14.59863567352295,identifier,_timestampTicks
43.776824951171875,78.05130767822266,),)
-73.75235748291016,14.59557819366455,identifier,_timestampTicks
122.4582290649414,102.76769256591797,},}
-63.13895797729492,-142.4632568359375,return,return
-46.06450271606445,53.57635498046875,identifier,Long
-42.622798919677734,83.66349029541016,.,.
-35.68101119995117,3.9277617931365967,identifier,fromNumber
-11.016148567199707,-24.2593994140625,(,(
-115.7737808227539,-16.896045684814453,identifier,date
-17.357213973999023,103.04663848876953,.,.
-25.417238235473633,24.980321884155273,identifier,getTime
25.81566619873047,50.5285530090332,(,(
29.613786697387695,53.07171630859375,),)
28.417749404907227,91.19275665283203,),)
6.975940227508545,93.87996673583984,.,.
-34.47370147705078,0.20891743898391724,identifier,multiply
2.0101184844970703,-9.225834846496582,(,(
-60.76499557495117,10.706212043762207,identifier,_longOneThousand
28.92478370666504,90.4809799194336,),)
6.954008102416992,93.82511901855469,.,.
-34.70743179321289,-0.1399824172258377,identifier,add
2.5052807331085205,-8.740753173828125,(,(
-100.67560577392578,18.314706802368164,identifier,longMicro
49.64838409423828,77.06373596191406,),)
73.55890655517578,160.85975646972656,},}
-0.20138604938983917,-152.9305877685547,function,function
-75.7710189819336,16.811946868896484,identifier,Wheel
-15.67016887664795,-88.94517517089844,(,(
-99.0538330078125,-11.08592414855957,identifier,parent
136.60272216796875,20.3900146484375,",",","
-125.9689712524414,-71.63806915283203,identifier,options
51.76418685913086,-110.48119354248047,),)
73.85328674316406,-148.8690948486328,{,{
-46.18734359741211,18.247718811035156,identifier,_classCallCheck
4.307068347930908,-36.898582458496094,(,(
108.60208892822266,20.99876594543457,",",","
-75.84073638916016,17.214828491210938,identifier,Wheel
44.30194091796875,60.22887420654297,),)
-81.62076568603516,47.22910690307617,identifier,_this
85.0205078125,-31.705081939697266,=,=
-46.96134567260742,18.160919189453125,identifier,_possibleConstructorReturn
5.136909484863281,-35.89488220214844,(,(
108.41386413574219,21.962915420532227,",",","
20.058486938476562,-53.861690521240234,(,(
-75.86166381835938,17.332124710083008,identifier,Wheel
-32.37383270263672,89.1950912475586,.,.
-43.5953254699707,19.975027084350586,identifier,__proto__
85.85104370117188,-57.25712203979492,||,||
-36.90791320800781,33.74106979370117,identifier,Object
-39.77849197387695,80.48992919921875,.,.
-43.35245895385742,19.678674697875977,identifier,getPrototypeOf
-5.4791789054870605,-32.432167053222656,(,(
-75.8830795288086,17.43075942993164,identifier,Wheel
43.696163177490234,59.738136291503906,),)
22.59661865234375,84.8250503540039,),)
21.984155654907227,84.951904296875,.,.
-12.166930198669434,-3.227724075317383,identifier,call
-8.45290756225586,-4.513453483581543,(,(
107.71231842041016,23.43143081665039,",",","
-98.94303894042969,-11.319129943847656,identifier,parent
38.492515563964844,76.94912719726562,),)
45.88459396362305,85.73301696777344,),)
-125.49298095703125,-66.38457489013672,identifier,options
80.67060089111328,-39.422210693359375,=,=
-123.66891479492188,-66.77182006835938,identifier,options
86.04632568359375,-52.32708740234375,||,||
117.02757263183594,-22.365324020385742,{,{
115.56928253173828,-16.69264030456543,},}
-81.37967681884766,45.24702835083008,identifier,_this
-56.879302978515625,122.42536163330078,.,.
-58.740478515625,24.125892639160156,identifier,percent
66.52723693847656,-7.829912185668945,=,=
-121.240234375,-64.40476989746094,identifier,options
-33.44504165649414,127.20310974121094,.,.
-58.73637390136719,24.134994506835938,identifier,percent
87.0680923461914,-55.29019546508789,||,||
-80.94648742675781,44.24757385253906,identifier,_this
-56.51102828979492,122.31365966796875,.,.
-56.46987533569336,25.651954650878906,identifier,center
65.88225555419922,-7.78613805770874,=,=
-120.6854476928711,-63.961246490478516,identifier,options
-32.72029495239258,127.21886444091797,.,.
-56.44803237915039,25.64047622680664,identifier,center
-81.14962005615234,43.8175163269043,identifier,_this
-55.72208786010742,122.6178207397461,.,.
-53.79719161987305,24.74933624267578,identifier,reverse
64.42584228515625,-5.697380542755127,=,=
-120.0097885131836,-64.09029388427734,identifier,options
-31.921077728271484,127.4636001586914,.,.
-53.7983283996582,24.753829956054688,identifier,reverse
-81.6702651977539,43.94585037231445,identifier,_this
-55.49848175048828,122.35841369628906,.,.
-51.52714157104492,23.401058197021484,identifier,smooth
64.2336654663086,-5.646385192871094,=,=
-119.82923889160156,-64.5086669921875,identifier,options
-31.98872947692871,127.72804260253906,.,.
-51.533199310302734,23.41097068786621,identifier,smooth
-82.03792572021484,43.88798522949219,identifier,_this
-55.18821716308594,122.33672332763672,.,.
-38.385223388671875,-10.426669120788574,identifier,interrupt
63.81160354614258,-4.47903299331665,=,=
-119.2406234741211,-64.95195770263672,identifier,options
-31.705665588378906,128.68963623046875,.,.
-38.38563537597656,-10.428116798400879,identifier,interrupt
33.34016418457031,17.20746421813965,===,===
-118.84606170654297,-64.67352294921875,identifier,options
-32.38959884643555,129.0554962158203,.,.
-38.387760162353516,-10.427616119384766,identifier,interrupt
-57.1734619140625,-142.16607666015625,return,return
-83.05769348144531,46.0542106628418,identifier,_this
74.49407196044922,159.3313446044922,},}
-3.761537790298462,-140.2738494873047,function,function
-8.55531120300293,-104.83209228515625,(,(
70.58968353271484,-130.96420288085938,),)
70.31590270996094,-138.2707061767578,{,{
207.85752868652344,-9.552823066711426,if,if
37.198524475097656,-62.75954055786133,(,(
-77.23320007324219,14.046162605285645,identifier,itemsToWipe
-18.752605438232422,92.10150909423828,.,.
-125.98808288574219,71.95433807373047,identifier,length
125.81421661376953,-85.60653686523438,),)
130.62474060058594,-94.85731506347656,{,{
-67.40559387207031,-151.9029541015625,return,return
131.41807556152344,112.82842254638672,},}
183.7117156982422,-19.15319061279297,for,for
179.34950256347656,-20.633150100708008,(,(
-163.38352966308594,9.222309112548828,identifier,i
64.37728881835938,-44.398197174072266,=,=
151.32894897460938,39.36678695678711,",",","
-129.66506958007812,46.59738540649414,identifier,c
68.41057586669922,-35.4485969543457,=,=
-18.07093048095703,95.54187774658203,.,.
-127.1118392944336,68.22270202636719,identifier,length
153.2808074951172,41.41717529296875,",",","
-115.2264175415039,4.869278907775879,identifier,varItem
-169.28482055664062,6.349406719207764,identifier,i
57.20455551147461,-52.277061462402344,<,<
-129.6616973876953,46.604530334472656,identifier,c
-170.43519592285156,4.868743419647217,identifier,i
98.71894073486328,-95.61284637451172,),)
101.39583587646484,-96.556640625,{,{
-115.32564544677734,5.103288173675537,identifier,varItem
69.60820770263672,-24.787614822387695,=,=
-163.82896423339844,-1.8564977645874023,identifier,i
205.98977661132812,2.0978710651397705,if,if
25.046117782592773,-67.10127258300781,(,(
-115.76964569091797,5.658930778503418,identifier,varItem
125.56151580810547,-75.7309341430664,),)
120.45223999023438,-102.90091705322266,{,{
-113.25250244140625,5.837216854095459,identifier,itemIndex
67.33434295654297,-28.2447452545166,=,=
-77.26927185058594,14.066493034362793,identifier,itemsToWipe
-18.828426361083984,91.55449676513672,.,.
-24.69806480407715,-1.2121421098709106,identifier,indexOf
0.3885485827922821,-5.144960403442383,(,(
-115.8997802734375,5.777224540710449,identifier,varItem
37.530731201171875,73.42632293701172,),)
206.32044982910156,5.92859411239624,if,if
21.655006408691406,-71.58133697509766,(,(
-113.26518249511719,6.316439628601074,identifier,itemIndex
133.75833129882812,-75.72404479980469,),)
124.3261947631836,-106.45600891113281,{,{
-77.26314544677734,14.094667434692383,identifier,itemsToWipe
-18.79217529296875,91.12969207763672,.,.
-8.00156021118164,7.738952159881592,identifier,splice
-2.1271815299987793,5.815657138824463,(,(
-113.24514770507812,6.425527572631836,identifier,itemIndex
98.21501159667969,35.84851837158203,",",","
48.326866149902344,80.07173156738281,),)
-16.45376968383789,89.75381469726562,.,.
-8.030203819274902,7.740128040313721,identifier,splice
-2.126823902130127,5.807906627655029,(,(
-161.88278198242188,1.8864034414291382,identifier,i
98.22265625,35.869327545166016,",",","
48.2370491027832,80.03602600097656,),)
-163.51202392578125,3.8977649211883545,identifier,i
116.7188491821289,107.37390899658203,},}
115.49913787841797,100.4166488647461,},}
114.4001693725586,100.74935913085938,},}
66.84175872802734,168.72198486328125,},}
3.7552430629730225,-146.44558715820312,function,function
-58.18776321411133,-13.955199241638184,identifier,convert
-12.532397270202637,-82.13125610351562,(,(
-123.78482055664062,-71.44306945800781,identifier,options
136.4455108642578,17.139650344848633,",",","
-84.02261352539062,-32.56405258178711,identifier,buffer
139.0662078857422,24.820369720458984,",",","
-51.040401458740234,-49.77399444580078,identifier,next
140.1463623046875,28.458946228027344,",",","
-56.111881256103516,-51.075801849365234,identifier,callback
50.06355667114258,-120.18528747558594,),)
78.75092315673828,-143.94183349609375,{,{
-47.746910095214844,24.49482536315918,identifier,gunzip
76.2721939086914,-33.16603469848633,=,=
-50.61284637451172,70.4350814819336,identifier,path
-46.97987365722656,76.66547393798828,.,.
-42.555564880371094,40.03622817993164,identifier,extname
-5.820490837097168,-23.916675567626953,(,(
-120.83737182617188,-60.83329772949219,identifier,options
-34.607994079589844,124.83314514160156,.,.
-76.60677337646484,6.362367630004883,identifier,source
32.99933624267578,69.71141815185547,),)
37.75344467163086,13.825217247009277,===,===
-54.52951431274414,14.52173900604248,"""",""".gz"""
205.64544677734375,-3.327256679534912,if,if
28.20906639099121,-62.59595489501953,(,(
-47.76866149902344,24.506738662719727,identifier,gunzip
123.43820190429688,-75.61898040771484,),)
121.19947814941406,-98.24139404296875,{,{
-46.630340576171875,24.216983795166016,identifier,zlib
-40.402652740478516,94.21129608154297,.,.
-47.56533432006836,24.440383911132812,identifier,gunzip
-2.1852974891662598,-17.84076499938965,(,(
-84.00252532958984,-32.57512283325195,identifier,buffer
102.15477752685547,28.20427894592285,",",","
4.4040727615356445,-117.15547180175781,function,function
-2.7175650596618652,-106.32091522216797,(,(
-68.97855377197266,-64.06940460205078,identifier,err
127.22441864013672,22.679357528686523,",",","
-128.32472229003906,27.985719680786133,identifier,result
64.60204315185547,-114.10433959960938,),)
84.19522857666016,-129.0612335205078,{,{
209.97569274902344,3.3821942806243896,if,if
20.258169174194336,-66.69955444335938,(,(
-69.13796997070312,-65.9364242553711,identifier,err
130.20272827148438,-71.21456146240234,),)
125.0749282836914,-101.46334075927734,{,{
-55.5324592590332,-53.67794418334961,identifier,callback
17.280534744262695,-24.241565704345703,(,(
-51.76175308227539,50.36381530761719,identifier,common
-43.949066162109375,92.73202514648438,.,.
-58.31344985961914,6.540065765380859,identifier,prependMsgToErr
2.966718912124634,-24.888229370117188,(,(
-70.31517791748047,-65.48238372802734,identifier,err
112.09465789794922,27.947858810424805,",",","
-120.19893646240234,-61.20152282714844,identifier,options
-32.517677307128906,125.22867584228516,.,.
-76.55760955810547,6.34027099609375,identifier,source
110.12760925292969,34.950233459472656,",",","
39.361454010009766,79.13751220703125,),)
49.278236389160156,84.68736267089844,),)
131.67001342773438,102.68354034423828,},}
140.2241668701172,90.01073455810547,else,else
120.80567932128906,-113.53241729736328,{,{
-49.98328399658203,-51.768062591552734,identifier,next
15.111495018005371,-26.018482208251953,(,(
-120.91654968261719,-71.10662841796875,identifier,options
106.69658660888672,33.0531005859375,",",","
-125.48869323730469,24.29180335998535,identifier,result
80.04853820800781,-68.26370239257812,&&,&&
-125.4158706665039,24.10184097290039,identifier,result
-14.873014450073242,103.11791229248047,.,.
-33.44895935058594,23.2855224609375,identifier,toString
24.414016723632812,47.11954116821289,(,(
31.384544372558594,53.65301513671875,),)
109.44683074951172,43.959320068359375,",",","
-55.96198272705078,-52.57318878173828,identifier,callback
49.84919357299805,71.1970443725586,),)
119.74919128417969,111.82279205322266,},}
106.47032165527344,96.27899169921875,},}
62.89270782470703,88.44548797607422,),)
127.82117462158203,100.2139663696289,},}
137.74562072753906,90.94305419921875,else,else
119.03694915771484,-115.16075134277344,{,{
-49.74057388305664,-51.62718200683594,identifier,next
15.067442893981934,-26.07494354248047,(,(
-120.80962371826172,-71.07395935058594,identifier,options
105.6965560913086,33.69325637817383,",",","
-83.9894790649414,-32.5737190246582,identifier,buffer
-16.116071701049805,102.3397445678711,.,.
-33.19136428833008,23.17411994934082,identifier,toString
24.444753646850586,47.7648811340332,(,(
30.674833297729492,53.531761169433594,),)
110.14306640625,43.281715393066406,",",","
-55.955902099609375,-52.79487991333008,identifier,callback
50.70547103881836,71.6936264038086,),)
114.00221252441406,108.56742858886719,},}
68.50942993164062,166.69581604003906,},}
2.5743319988250732,-148.98416137695312,function,function
-58.1746711730957,-10.337343215942383,identifier,mapOutputFile
-10.073712348937988,-81.82288360595703,(,(
-123.73133850097656,-71.47005462646484,identifier,options
136.37132263183594,17.172115325927734,",",","
-92.2993392944336,-22.085474014282227,identifier,page
137.98406982421875,26.261362075805664,",",","
-64.76813507080078,-33.497039794921875,identifier,parse
50.10478591918945,-115.1706314086914,),)
77.35324096679688,-145.9076690673828,{,{
207.68865966796875,-7.539148330688477,if,if
34.97647476196289,-62.52149963378906,(,(
-70.22366333007812,51.834075927734375,identifier,_
-52.29607391357422,81.50305938720703,.,.
-29.8565673828125,28.568191528320312,identifier,isFunction
-2.592369794845581,-35.77524948120117,(,(
-121.00809478759766,-60.84603500366211,identifier,options
-35.30663299560547,124.88106536865234,.,.
-86.00643157958984,9.390181541442871,identifier,outputPath
26.5094051361084,71.14630889892578,),)
127.63285827636719,-85.25874328613281,),)
126.77265930175781,-93.8746566772461,{,{
-121.85470581054688,-60.67244338989258,identifier,options
-40.45294189453125,124.97903442382812,.,.
-86.22163391113281,9.43722915649414,identifier,outputPath
69.5018310546875,-10.885884284973145,=,=
-43.55534362792969,3.1913702487945557,identifier,normalize
-8.275967597961426,-27.803741455078125,(,(
-121.41691589355469,-61.350929260253906,identifier,options
-35.66506576538086,124.52349090576172,.,.
-86.04196166992188,9.427323341369629,identifier,outputPath
34.65085983276367,69.25995635986328,),)
133.3853302001953,111.57813262939453,},}
-87.25700378417969,9.46677017211914,identifier,outputPath
71.49418640136719,-27.294677734375,=,=
-52.62885665893555,-4.194748401641846,identifier,getOutputPath
1.2187778949737549,-23.926982879638672,(,(
-121.97795867919922,-71.11590576171875,identifier,options
109.52425384521484,31.562053680419922,",",","
-92.29117584228516,-22.08247947692871,identifier,page
113.08193969726562,35.47523498535156,",",","
-64.77337646484375,-33.50493621826172,identifier,parse
42.95288848876953,70.549072265625,),)
-87.52299499511719,9.959330558776855,identifier,outputDir
68.78028106689453,-26.97989273071289,=,=
-120.33645629882812,-62.11067581176758,identifier,options
-35.11802291870117,128.93002319335938,.,.
-87.05374908447266,10.614484786987305,identifier,outputDir
-103.63958740234375,4.987618446350098,identifier,fileName
66.16373443603516,-28.045339584350586,=,=
-55.43318557739258,15.25676155090332,"""","""index.html"""
203.5179443359375,5.1356706619262695,if,if
23.245067596435547,-69.1427001953125,(,(
-120.07229614257812,-62.37661361694336,identifier,options
-35.58859634399414,129.50772094726562,.,.
-73.2281265258789,9.485921859741211,identifier,sitemapOutputDir
127.07582092285156,-72.73512268066406,),)
125.37605285644531,-103.79113006591797,{,{
-88.09234619140625,10.732098579406738,identifier,outputDir
65.07588195800781,-18.97475814819336,=,=
-49.81763458251953,70.91239166259766,identifier,path
-47.557884216308594,75.60200500488281,.,.
12.537675857543945,10.833165168762207,identifier,join
11.038375854492188,9.065631866455078,(,(
-119.4291000366211,-62.33849334716797,identifier,options
-34.729373931884766,129.97378540039062,.,.
-87.40437316894531,10.839794158935547,identifier,outputDir
99.29434967041016,39.202720642089844,",",","
-118.97784423828125,-62.053260803222656,identifier,options
-34.50830841064453,130.42002868652344,.,.
-73.3050765991211,9.517656326293945,identifier,sitemapOutputDir
44.97316360473633,78.51118469238281,),)
-104.13190460205078,5.597708225250244,identifier,fileName
63.40256118774414,-15.786121368408203,=,=
-49.19558334350586,20.857473373413086,"""",""""""
124.73770904541016,107.07638549804688,},}
-62.98179244995117,-143.39013671875,return,return
19.856401443481445,-55.947540283203125,(,(
-89.39678955078125,9.491168975830078,identifier,outputPath
80.70353698730469,-68.00947570800781,&&,&&
-49.81203079223633,71.0013427734375,identifier,path
-47.57695388793945,75.6526107788086,.,.
12.579203605651855,10.781286239624023,identifier,join
11.145458221435547,8.994817733764648,(,(
-89.06434631347656,9.769942283630371,identifier,outputDir
99.452880859375,39.00570297241211,",",","
-89.22915649414062,9.598063468933105,identifier,outputPath
106.44474029541016,40.61328887939453,",",","
-104.91898345947266,4.929615497589111,identifier,fileName
40.77703857421875,79.83837127685547,),)
30.249221801757812,84.10466003417969,),)
89.8671875,-56.54298782348633,||,||
73.94023895263672,160.34580993652344,},}
2.5165443420410156,-146.78396606445312,function,function
-58.21480941772461,-13.910429954528809,identifier,transform
-12.266578674316406,-84.69290161132812,(,(
-129.76258850097656,-70.11904907226562,identifier,opts
54.166358947753906,-111.04276275634766,),)
70.88440704345703,-142.14089965820312,{,{
-81.16793060302734,-28.885313034057617,identifier,contents
78.27059936523438,-29.97021484375,=,=
-130.01084899902344,-65.21199798583984,identifier,opts
-33.61583709716797,125.52981567382812,.,.
-81.19729614257812,-28.838783264160156,identifier,contents
-148.123046875,-16.890975952148438,identifier,index
74.61112213134766,-31.81937026977539,=,=
-129.89988708496094,-64.97098541259766,identifier,opts
-33.82536315917969,125.09012603759766,.,.
-148.8193817138672,-18.16124725341797,identifier,index
-72.46575927734375,45.825618743896484,identifier,$
76.46092224121094,-27.64527702331543,=,=
-63.941322326660156,1.5574792623519897,identifier,cheerio
-40.36311721801758,92.65668487548828,.,.
-8.78211784362793,-18.595632553100586,identifier,load
-8.122993469238281,-18.40108871459961,(,(
-81.09893798828125,-28.98267936706543,identifier,contents
37.128883361816406,68.91722106933594,),)
-73.01695251464844,46.76565933227539,identifier,$
-29.456201553344727,45.56754684448242,(,(
2.113271713256836,90.89017486572266,),)
2.0168232917785645,91.47125244140625,.,.
-30.544374465942383,-44.89079666137695,identifier,each
-17.36089324951172,-49.64832305908203,(,(
7.309915065765381,-117.48432159423828,function,function
-3.189126491546631,-109.85401916503906,(,(
72.57585144042969,-127.11334991455078,),)
83.03970336914062,-129.15341186523438,{,{
-75.90631866455078,44.287803649902344,identifier,el$
73.33067321777344,-24.405170440673828,=,=
-73.01244354248047,46.7742805480957,identifier,$
-29.22957420349121,45.78260040283203,(,(
39.81664276123047,62.835609436035156,),)
-109.9413070678711,14.823834419250488,identifier,href
67.91958618164062,-27.10721778869629,=,=
-76.12419128417969,44.27943420410156,identifier,el$
-31.507999420166016,100.15138244628906,.,.
-29.56477165222168,-4.553954601287842,identifier,attr
-16.854318618774414,-12.619878768920898,(,(
37.64854431152344,72.69354248046875,),)
-107.63074493408203,13.868563652038574,identifier,newHref
66.24778747558594,-26.20054054260254,=,=
-144.17066955566406,-16.919559478759766,identifier,index
-39.95063400268555,100.66778564453125,.,.
-59.45507049560547,7.203982353210449,identifier,resolveLocalUrl
-5.699862957000732,-25.56035041809082,(,(
-110.77484130859375,13.977386474609375,identifier,href
38.7239875793457,73.85543823242188,),)
205.9344024658203,6.164803981781006,if,if
22.24991226196289,-71.88665008544922,(,(
-111.2488021850586,14.320322036743164,identifier,href
81.77890014648438,-69.67994689941406,&&,&&
-111.18024444580078,14.344886779785156,identifier,href
-108.11451721191406,12.286176681518555,identifier,newHref
134.17764282226562,-76.25633239746094,),)
125.2314453125,-106.39633178710938,{,{
-76.20298767089844,44.27606201171875,identifier,el$
-31.607938766479492,100.20586395263672,.,.
-29.600553512573242,-4.53253173828125,identifier,attr
-0.9199424386024475,-10.282059669494629,(,(
119.42206573486328,-31.673641204833984,{,{
-110.61204528808594,14.094752311706543,identifier,href
126.79502868652344,42.362606048583984,",",","
-110.16442108154297,14.775633811950684,identifier,href
-108.1828384399414,12.250861167907715,identifier,newHref
98.23395538330078,91.9111328125,},}
54.164337158203125,83.54656219482422,),)
118.08822631835938,110.66200256347656,},}
106.99248504638672,95.81717681884766,},}
61.648841857910156,88.04694366455078,),)
-61.32855987548828,-141.85739135742188,return,return
-73.16622924804688,46.80586242675781,identifier,$
-31.002197265625,100.31863403320312,.,.
-30.94218635559082,-1.2185965776443481,identifier,html
33.0403938293457,40.75326919555664,(,(
36.46316146850586,49.659549713134766,),)
72.64118957519531,159.92929077148438,},}
4.796333312988281,-147.79173278808594,function,function
-58.33962631225586,-11.919737815856934,identifier,replaceBlocks
-10.357796669006348,-82.27598571777344,(,(
-107.11259460449219,-16.165864944458008,identifier,file
138.08560180664062,21.173742294311523,",",","
-120.860107421875,-8.986125946044922,identifier,blocks
54.769737243652344,-117.33126831054688,),)
73.84150695800781,-145.6818389892578,{,{
-120.8740463256836,-8.917923927307129,identifier,blocks
-9.579466819763184,94.24272918701172,.,.
-28.270715713500977,-45.939693450927734,identifier,forEach
-17.5122013092041,-48.71872329711914,(,(
-121.20124816894531,-6.107198715209961,identifier,block
84.39356231689453,-131.15524291992188,{,{
-148.26937866210938,-15.812936782836914,identifier,index
71.1456069946289,-33.39420700073242,=,=
-106.67068481445312,-14.43182373046875,identifier,file
-12.317614555358887,99.92457580566406,.,.
-10.834731101989746,-14.849656105041504,identifier,search
-10.258172035217285,-15.12625503540039,(,(
-121.28561401367188,-5.532562732696533,identifier,block
37.20730972290039,71.3534164428711,),)
206.3323974609375,-1.7249107360839844,if,if
30.24954605102539,-65.36335754394531,(,(
-146.30718994140625,-12.368470191955566,identifier,index
-13.834567070007324,29.72329330444336,>,>
129.4927520751953,-80.76093292236328,),)
120.11602783203125,-100.04499816894531,{,{
209.66893005371094,0.6363366842269897,if,if
29.31426239013672,-69.39501190185547,(,(
-106.57135772705078,-13.427643775939941,identifier,file
-12.200213432312012,99.35377502441406,.,.
-6.807607650756836,14.097574234008789,identifier,substring
0.12708203494548798,8.047980308532715,(,(
-146.5791473388672,-12.054887771606445,identifier,index
95.75406646728516,34.689476013183594,",",","
-146.38731384277344,-11.962215423583984,identifier,index
32.937225341796875,78.74298095703125,),)
-53.752079010009766,15.802637100219727,"""","""/* """
132.33872985839844,-82.30792236328125,),)
123.7355728149414,-101.05780792236328,{,{
-106.2921142578125,-12.968891143798828,identifier,file
67.97116088867188,-17.5408935546875,=,=
-106.30448913574219,-13.114300727844238,identifier,file
-12.179459571838379,99.63835144042969,.,.
-57.64848327636719,-19.90677261352539,identifier,replace
2.826340675354004,-11.383357048034668,(,(
-121.29222869873047,-5.257254123687744,identifier,block
107.71916961669922,36.39197540283203,",",","
-53.792850494384766,15.672520637512207,"""","""/* $1 */\n"""
-2.915311813354492,47.73158645629883,+,+
-121.3582763671875,-5.150792121887207,identifier,block
47.95417404174805,82.46514892578125,),)
122.65486145019531,111.33696746826172,},}
129.4077911376953,100.2015609741211,},}
138.8524932861328,89.96037292480469,else,else
119.5109634399414,-113.92161560058594,{,{
-53.058467864990234,5.482365608215332,identifier,maybeCompatible
65.35699462890625,0.6095871925354004,=,=
-32.2939567565918,17.341894149780273,identifier,console
-33.642723083496094,79.55796813964844,.,.
-31.04229164123535,14.0460844039917,identifier,log
13.080458641052246,-8.039708137512207,(,(
-121.15467071533203,-5.060134410858154,identifier,block
-4.770556926727295,98.91485595703125,.,.
-33.84727096557617,23.427433013916016,identifier,toString
24.747007369995117,47.137359619140625,(,(
31.6333065032959,53.15001678466797,),)
88.20386505126953,93.0710220336914,},}
53.04188919067383,86.73904418945312,),)
116.36688995361328,108.39888000488281,},}
107.29305267333984,96.51424407958984,},}
62.431480407714844,87.84416961669922,),)
-58.76830291748047,-142.62464904785156,return,return
-105.95217895507812,-14.414942741394043,identifier,file
73.19746398925781,157.04281616210938,},}
6.093904495239258,-149.7144317626953,function,function
-58.47438430786133,-7.867367267608643,identifier,defineGetStageValue
-8.539430618286133,-83.50711822509766,(,(
-133.2630615234375,-24.627845764160156,identifier,parts
55.96510314941406,-115.27819061279297,),)
73.76384735107422,-143.16087341308594,{,{
-121.59820556640625,38.82779312133789,identifier,body
35.6018180847168,-68.94243621826172,(,(
-132.7231903076172,-24.283422470092773,identifier,parts
-14.621315002441406,93.8600845336914,.,.
-124.98751831054688,70.52172088623047,identifier,length
118.68927764892578,-88.59403991699219,),)
118.39892578125,-89.64993286132812,{,{
-121.44921112060547,38.060569763183594,identifier,body
71.99154663085938,-13.414389610290527,=,=
-57.91694259643555,13.011807441711426,"""","""return this.state;"""
-120.85286712646484,48.121849060058594,identifier,lastIndex
69.97356414794922,-32.166038513183594,=,=
-132.51910400390625,-23.935331344604492,identifier,parts
-14.198609352111816,94.14094543457031,.,.
-124.53824615478516,69.51522064208984,identifier,length
-121.39868927001953,37.872535705566406,identifier,body
72.07503509521484,-13.693588256835938,=,=
-58.31282424926758,12.796426773071289,"""","""var tmp0 = this.state;"""
184.6580352783203,-21.44598960876465,for,for
178.89402770996094,-23.453231811523438,(,(
-165.0607147216797,11.115192413330078,identifier,i
61.78738784790039,-44.67927551269531,=,=
-167.74591064453125,5.575993537902832,identifier,i
59.79606628417969,-51.28889846801758,<,<
-121.32998657226562,48.113121032714844,identifier,lastIndex
-171.8704071044922,2.3701913356781006,identifier,i
98.90557861328125,-92.66217041015625,),)
102.6914291381836,-99.39168548583984,{,{
-121.35858917236328,37.706214904785156,identifier,body
-165.34335327148438,0.7669105529785156,identifier,i
85.94572448730469,92.59490203857422,},}
-165.65769958496094,0.9795346260070801,identifier,i
-10.266642570495605,53.27882385253906,+,+
86.23785400390625,92.1277084350586,},}
-165.64295959472656,0.9343103766441345,identifier,i
86.48419952392578,92.1972885131836,},}
-131.9838104248047,-23.840707778930664,identifier,parts
-159.72898864746094,-2.306474208831787,identifier,i
88.23173522949219,93.63489532470703,},}
124.41972351074219,108.3297119140625,},}
-121.30047607421875,37.50428009033203,identifier,body
-121.8324966430664,48.05142593383789,identifier,lastIndex
87.39539337158203,91.81648254394531,},}
-122.08460998535156,48.01044845581055,identifier,lastIndex
87.45096588134766,91.90721130371094,},}
-131.8900909423828,-23.93485450744629,identifier,parts
-122.44706726074219,47.944190979003906,identifier,lastIndex
88.44427490234375,93.57710266113281,},}
117.00232696533203,103.01271057128906,},}
-60.319488525390625,-141.33888244628906,return,return
-47.83055114746094,-12.12799072265625,identifier,Function
9.967487335205078,-27.28376007080078,(,(
-121.60694122314453,38.88450241088867,identifier,body
53.38340759277344,77.01364135742188,),)
71.199951171875,160.4976348876953,},}
1.9421478509902954,-149.37576293945312,function,function
-56.54381561279297,-12.292502403259277,identifier,randn
-13.18042278289795,-83.84745788574219,(,(
-121.51048278808594,64.15851593017578,identifier,length
57.57295227050781,-116.45384979248047,),)
73.06182861328125,-141.70260620117188,{,{
-106.18257141113281,17.861419677734375,identifier,urand
150.98329162597656,35.21747970581055,",",","
-104.48179626464844,17.711334228515625,identifier,vrand
150.51788330078125,35.31074905395508,",",","
-128.2889404296875,36.4694709777832,identifier,vec
82.19376373291016,-22.484882354736328,=,=
154.03890991210938,38.47412109375,",",","
-96.26783752441406,2.3734748363494873,identifier,numValues
70.99224853515625,-35.160667419433594,=,=
-121.69694519042969,64.32752990722656,identifier,length
87.21395874023438,-54.09602355957031,||,||
182.79083251953125,-19.688722610473633,for,for
178.6848602294922,-21.291711807250977,(,(
-165.2297821044922,8.849143981933594,identifier,i
63.02608871459961,-44.455291748046875,=,=
-169.7853240966797,7.042366027832031,identifier,i
57.944034576416016,-52.74489974975586,<,<
-96.1026840209961,2.161660671234131,identifier,numValues
-171.5140380859375,5.397308826446533,identifier,i
98.94816589355469,-95.1812744140625,),)
102.70488739013672,-97.00045013427734,{,{
-106.18608856201172,17.834823608398438,identifier,urand
66.76759338378906,-23.35825538635254,=,=
-47.240177154541016,61.9200325012207,identifier,Math
-46.182613372802734,81.40034484863281,.,.
-27.280916213989258,16.346891403198242,identifier,random
26.642072677612305,56.30488586425781,(,(
28.22246742248535,57.17512512207031,),)
-104.84676361083984,18.082202911376953,identifier,vrand
66.26534271240234,-23.069917678833008,=,=
-47.08726119995117,61.917240142822266,identifier,Math
-46.092716217041016,81.44623565673828,.,.
-27.280216217041016,16.347639083862305,identifier,random
26.631906509399414,56.30850601196289,(,(
28.271564483642578,57.18260955810547,),)
-128.08551025390625,36.3863525390625,identifier,vec
-16.344924926757812,84.35498046875,.,.
-19.272680282592773,13.684300422668457,identifier,push
6.003072261810303,-7.75404691696167,(,(
-46.45622634887695,62.65238571166992,identifier,Math
-45.60308837890625,80.12635803222656,.,.
-18.96678924560547,-25.474430084228516,identifier,sqrt
-17.86280632019043,-27.670684814453125,(,(
-45.763954162597656,62.507080078125,identifier,Math
-45.04136276245117,80.32899475097656,.,.
-18.389602661132812,-25.701358795166016,identifier,log
-17.3692569732666,-26.530147552490234,(,(
-106.17549133300781,17.67449951171875,identifier,urand
34.743629455566406,80.91901397705078,),)
29.73169708251953,83.04048919677734,),)
-46.005680084228516,62.88751220703125,identifier,Math
-45.36664962768555,80.09233856201172,.,.
-19.09722900390625,-27.54290008544922,identifier,cos
-18.01131820678711,-27.60526466369629,(,(
-45.654354095458984,62.54219436645508,identifier,Math
-44.87462615966797,80.3331069946289,.,.
-52.02213668823242,14.492400169372559,identifier,PI
-104.91643524169922,17.549673080444336,identifier,vrand
34.87403869628906,81.08428192138672,),)
50.68162155151367,84.29866790771484,),)
122.4198989868164,102.5116195678711,},}
201.2016143798828,5.087830066680908,if,if
20.882343292236328,-73.90406799316406,(,(
-96.13377380371094,2.2428572177886963,identifier,numValues
36.821632385253906,15.158180236816406,===,===
135.53536987304688,-74.78807067871094,),)
128.27516174316406,-107.94352722167969,{,{
-64.60857391357422,-145.98709106445312,return,return
-127.96137237548828,36.34645080566406,identifier,vec
121.52190399169922,107.69036865234375,},}
-58.659706115722656,-145.03521728515625,return,return
-127.81342315673828,36.279666900634766,identifier,vec
72.49640655517578,157.2197265625,},}
-2.2534561157226562,-142.2689208984375,function,function
-8.664383888244629,-106.93827819824219,(,(
-115.02665710449219,-8.228425025939941,identifier,element
139.33868408203125,20.602479934692383,",",","
-103.46170043945312,-32.94772720336914,identifier,named
53.53810501098633,-114.89785766601562,),)
75.0683822631836,-141.35340881347656,{,{
-98.14936065673828,26.91211700439453,identifier,fly
84.15870666503906,-19.64356231689453,=,=
153.1940460205078,37.57463836669922,",",","
-88.47576141357422,21.924976348876953,identifier,flyweights
82.00836181640625,-26.098310470581055,=,=
-71.55413055419922,30.504478454589844,identifier,Element
-35.6253662109375,92.0758056640625,.,.
-66.84715270996094,10.757633209228516,identifier,_flyweights
152.44619750976562,39.65443801879883,",",","
-103.3393325805664,11.376578330993652,identifier,cachedElement
-103.20724487304688,-33.783382415771484,identifier,named
75.18579864501953,-34.69504165649414,=,=
-103.25455474853516,-33.81047439575195,identifier,named
87.77588653564453,-54.091224670410156,||,||
-116.13404846191406,-8.776074409484863,identifier,element
73.42239379882812,-26.94819450378418,=,=
-40.11823272705078,45.78976821899414,identifier,Ext
-40.905250549316406,87.98762512207031,.,.
-49.0080451965332,-1.6967579126358032,identifier,getDom
-3.0826878547668457,-24.289133071899414,(,(
-116.1396484375,-8.372090339660645,identifier,element
37.690372467041016,69.72222137451172,),)
205.0028076171875,-0.7080686092376709,if,if
26.577476501464844,-63.76785659790039,(,(
-116.347412109375,-8.419601440429688,identifier,element
124.85636138916016,-76.34864807128906,),)
118.99958038330078,-101.73214721679688,{,{
-97.6793441772461,26.925033569335938,identifier,fly
69.03424835205078,-22.019264221191406,=,=
-88.04414367675781,21.882789611816406,identifier,flyweights
-104.42770385742188,-33.6516227722168,identifier,named
86.06403350830078,-55.897281646728516,||,||
26.441837310791016,-54.18436813354492,(,(
-88.1378402709961,21.893177032470703,identifier,flyweights
-104.51148223876953,-33.68557357788086,identifier,named
58.57868576049805,-10.617936134338379,=,=
-71.5504150390625,30.5037899017334,identifier,Element
-35.75727462768555,92.30340576171875,.,.
-67.13461303710938,10.370684623718262,identifier,Fly
15.232115745544434,-17.773115158081055,(,(
34.33045959472656,54.995941162109375,),)
44.65100860595703,84.99665832519531,),)
-98.12752532958984,27.698884963989258,identifier,fly
-40.4197883605957,115.57830810546875,.,.
-48.28974533081055,-1.5134084224700928,identifier,dom
65.25514221191406,-8.911178588867188,=,=
-116.5945053100586,-7.64685583114624,identifier,element
-98.079833984375,27.826210021972656,identifier,fly
-40.42386245727539,115.3573226928711,.,.
-50.41514205932617,10.192652702331543,identifier,isSynchronized
64.7849349975586,-0.3094659149646759,=,=
-104.3134994506836,11.92784309387207,identifier,cachedElement
67.38905334472656,-20.038185119628906,=,=
-40.68475341796875,46.08485794067383,identifier,Ext
-40.93343734741211,87.6319808959961,.,.
-79.47318267822266,20.07505989074707,identifier,cache
-116.77635192871094,-7.566524505615234,identifier,element
-29.539363861083984,114.69351959228516,.,.
-84.09334564208984,-13.275107383728027,identifier,id
204.74334716796875,7.6125288009643555,if,if
20.7943058013916,-73.48413848876953,(,(
-104.60307312011719,11.60403060913086,identifier,cachedElement
81.1795654296875,-69.78775787353516,&&,&&
-104.92232513427734,11.401904106140137,identifier,cachedElement
-38.58341979980469,113.44686126708984,.,.
-48.52264404296875,8.459300994873047,identifier,isElement
128.26419067382812,-74.07906341552734,),)
126.71022033691406,-107.80397033691406,{,{
-105.06946563720703,11.290081977844238,identifier,cachedElement
-38.67652893066406,113.50574493408203,.,.
-50.455326080322266,10.226420402526855,identifier,isSynchronized
64.30880737304688,-0.15145593881607056,=,=
119.74925231933594,110.3070297241211,},}
117.3405532836914,100.55669403076172,},}
-59.7746467590332,-143.74867248535156,return,return
-98.58966064453125,27.37089729309082,identifier,fly
71.12779235839844,158.5462646484375,},}
-2.7070701122283936,-139.13754272460938,function,function
-9.536809921264648,-104.5442123413086,(,(
71.25475311279297,-130.982421875,),)
69.5168685913086,-138.97756958007812,{,{
-59.07759094238281,-16.662137985229492,identifier,Backbone
-38.477508544921875,88.25969696044922,.,.
-69.23674011230469,-5.545047760009766,identifier,View
-33.86648178100586,87.19278717041016,.,.
-43.82132339477539,21.403959274291992,identifier,prototype
-31.98195457458496,85.74874114990234,.,.
-65.44744110107422,-4.74260950088501,identifier,undelegateEvents
-25.85818862915039,92.2081527709961,.,.
-15.565553665161133,-1.5021642446517944,identifier,apply
-6.878674507141113,-4.136581897735596,(,(
106.54151153564453,23.68862533569336,",",","
-102.32500457763672,-61.67042922973633,identifier,arguments
42.20167922973633,64.8974838256836,),)
-55.888912200927734,111.07152557373047,.,.
-66.33262634277344,-4.255955219268799,identifier,unbindEntityEvents
8.976669311523438,-16.968982696533203,(,(
-51.0172004699707,116.24515533447266,.,.
-82.0538558959961,23.3089542388916,identifier,model
105.1613998413086,27.9261531829834,",",","
-54.879188537597656,112.61746978759766,.,.
-24.581619262695312,-10.129788398742676,identifier,getOption
-18.451053619384766,-12.0204439163208,(,(
39.48910903930664,83.03044128417969,),)
47.28348922729492,85.7160873413086,),)
-56.416141510009766,111.96522521972656,.,.
-66.72991180419922,-4.125288009643555,identifier,unbindEntityEvents
9.110532760620117,-16.67349624633789,(,(
-51.019996643066406,116.77098083496094,.,.
-80.01362609863281,-19.800851821899414,identifier,collection
104.74979400634766,27.49243927001953,",",","
-55.16648864746094,112.69348907470703,.,.
-24.05300521850586,-10.110325813293457,identifier,getOption
-18.329980850219727,-11.655168533325195,(,(
39.489837646484375,83.10708618164062,),)
47.448116302490234,85.17951202392578,),)
-71.01001739501953,52.69831466674805,identifier,_
-52.83154296875,80.47760772705078,.,.
-30.50495147705078,-44.9012451171875,identifier,each
-18.317142486572266,-49.633724212646484,(,(
-58.70796203613281,111.1565170288086,.,.
-64.81880187988281,15.180343627929688,identifier,_behaviors
99.07164764404297,26.340951919555664,",",","
6.60361909866333,-116.6988296508789,function,function
-2.2264316082000732,-108.87616729736328,(,(
-111.25392150878906,49.37685775756836,identifier,behavior
66.44026947021484,-116.34427642822266,),)
83.68234252929688,-126.96951293945312,{,{
-111.41555786132812,48.81127166748047,identifier,behavior
-42.65480422973633,105.85076904296875,.,.
-66.76011657714844,-4.1445231437683105,identifier,unbindEntityEvents
9.064717292785645,-16.618141174316406,(,(
-51.05253219604492,117.58213806152344,.,.
-82.02699279785156,23.326679229736328,identifier,model
104.97637176513672,27.95036506652832,",",","
-111.48238372802734,48.60323715209961,identifier,behavior
-42.02793884277344,107.20350646972656,.,.
-23.93344497680664,-10.096022605895996,identifier,getOption
-18.3247013092041,-11.606746673583984,(,(
39.37995529174805,83.34712219238281,),)
48.856563568115234,83.45726013183594,),)
-111.49271392822266,48.53390121459961,identifier,behavior
-42.67874526977539,105.95099639892578,.,.
-66.81477355957031,-4.139267444610596,identifier,unbindEntityEvents
9.041059494018555,-16.529394149780273,(,(
-51.221343994140625,117.25240325927734,.,.
-79.94872283935547,-19.758140563964844,identifier,collection
104.69606018066406,27.540056228637695,",",","
-111.51807403564453,48.45313262939453,identifier,behavior
-42.052032470703125,107.19435119628906,.,.
-23.914052963256836,-10.095162391662598,identifier,getOption
-18.391450881958008,-11.611329078674316,(,(
39.3061637878418,83.3746337890625,),)
49.633670806884766,83.03721618652344,),)
105.5863037109375,99.84716796875,},}
110.48392486572266,55.01146697998047,",",","
62.21043014526367,81.5096206665039,),)
-56.37672805786133,-143.50425720214844,return,return
74.37129974365234,157.42750549316406,},}
-2.2926435470581055,-143.24822998046875,function,function
-10.028016090393066,-108.3744888305664,(,(
-79.7657699584961,-43.83536911010742,identifier,expected
140.5099639892578,18.258291244506836,",",","
-82.78434753417969,-43.04335403442383,identifier,actual
55.07204818725586,-115.84475708007812,),)
75.17579650878906,-140.6851348876953,{,{
-98.95885467529297,3.834714412689209,identifier,argNames
83.34081268310547,-23.575145721435547,=,=
-99.41109466552734,4.86427640914917,identifier,expectedNames
83.30191802978516,-23.814016342163086,=,=
181.9403076171875,-19.149456024169922,for,for
177.47598266601562,-20.771915435791016,(,(
-165.579345703125,9.512503623962402,identifier,i
63.54472351074219,-43.415069580078125,=,=
-170.8836669921875,7.397323131561279,identifier,i
58.75175094604492,-49.934974670410156,<,<
-83.22531127929688,-43.31614303588867,identifier,actual
-16.964693069458008,95.79425048828125,.,.
-126.87648010253906,69.045654296875,identifier,length
-172.54901123046875,5.371054172515869,identifier,i
100.53709411621094,-93.8686294555664,),)
104.12841033935547,-96.93048095703125,{,{
-98.8695297241211,3.824260950088501,identifier,argNames
-15.143731117248535,85.65471649169922,.,.
-17.5304012298584,15.824546813964844,identifier,push
6.165473937988281,-5.943890571594238,(,(
-49.253692626953125,-5.157792568206787,identifier,getNameForValue
0.37644529342651367,-26.32213592529297,(,(
-83.2358169555664,-43.32548904418945,identifier,actual
-162.6444549560547,-3.780146360397339,identifier,i
36.31196975708008,78.36434173583984,),)
48.29319763183594,85.94595336914062,),)
125.10454559326172,110.93109893798828,},}
185.64218139648438,-21.906492233276367,for,for
180.07640075683594,-23.961862564086914,(,(
-165.92236328125,10.794107437133789,identifier,i
61.13547134399414,-44.4994010925293,=,=
-167.15499877929688,5.559485912322998,identifier,i
60.18741989135742,-50.77193832397461,<,<
-79.67037963867188,-44.20624923706055,identifier,expected
-16.43709373474121,96.6883544921875,.,.
-126.01309967041016,69.21278381347656,identifier,length
-169.82395935058594,3.1407625675201416,identifier,i
100.03221130371094,-92.6463623046875,),)
102.49679565429688,-100.0049819946289,{,{
-99.2567367553711,5.112898826599121,identifier,expectedNames
-15.349906921386719,85.64616394042969,.,.
-17.37321662902832,15.381688117980957,identifier,push
5.576419353485107,-5.84627628326416,(,(
-49.237483978271484,-5.158607482910156,identifier,getNameForType
0.5213409662246704,-26.246868133544922,(,(
-79.66364288330078,-44.21675491333008,identifier,expected
-161.06689453125,-2.462907552719116,identifier,i
36.25065231323242,78.91844177246094,),)
48.32167053222656,84.48027038574219,),)
124.79109954833984,110.68455505371094,},}
-62.472923278808594,-140.55902099609375,return,return
0.726841151714325,46.66843795776367,+,+
-98.34075164794922,4.954134941101074,identifier,expectedNames
-10.070822715759277,89.65081787109375,.,.
9.415058135986328,16.495878219604492,identifier,join
6.923327922821045,14.591364860534668,(,(
36.211769104003906,87.71276092529297,),)
-3.5538439750671387,55.62421417236328,+,+
0.770153820514679,46.68760299682617,+,+
-98.12061309814453,4.656096935272217,identifier,argNames
-10.10163688659668,89.65459442138672,.,.
9.4682035446167,16.353416442871094,identifier,join
6.960897445678711,14.599776268005371,(,(
36.27479934692383,87.69356536865234,),)
-3.145792245864868,55.594417572021484,+,+
74.7827377319336,161.17835998535156,},}
2.5658700466156006,-148.26638793945312,function,function
-56.45991134643555,-6.8667731285095215,identifier,subDirectoriesWithFile
-9.30101490020752,-80.72975158691406,(,(
-97.47663116455078,-16.936561584472656,identifier,base
137.7487030029297,21.88630485534668,",",","
-106.1821060180664,-19.755361557006836,identifier,filename
52.671600341796875,-115.88227081298828,),)
76.08158874511719,-144.1612548828125,{,{
-127.1400375366211,29.600706100463867,identifier,result
81.95164489746094,-21.443090438842773,=,=
204.95489501953125,-4.981330394744873,if,if
33.331520080566406,-65.86383819580078,(,(
-57.129364013671875,64.32672882080078,identifier,fs
-47.030616760253906,87.41670989990234,.,.
-44.21903610229492,-15.667665481567383,identifier,existsSync
-4.19938325881958,-30.671104431152344,(,(
-98.62454986572266,-16.400278091430664,identifier,base
31.037708282470703,71.8230972290039,),)
84.59603881835938,-68.2928237915039,&&,&&
-57.28848648071289,64.11616516113281,identifier,fs
-47.02852249145508,87.64502716064453,.,.
-44.8824462890625,-16.215749740600586,identifier,statSync
-4.410115718841553,-30.184247970581055,(,(
-98.7271728515625,-16.23213005065918,identifier,base
31.410717010498047,71.20331573486328,),)
-1.089654564857483,92.93424224853516,.,.
-47.525733947753906,7.155923843383789,identifier,isDirectory
31.34907341003418,48.64804458618164,(,(
31.990432739257812,50.01757049560547,),)
128.71633911132812,-80.8027114868164,),)
119.74443054199219,-99.86373901367188,{,{
209.5700225830078,0.6863799691200256,if,if
28.6401309967041,-69.54672241210938,(,(
-57.3493766784668,64.0124282836914,identifier,fs
-47.023895263671875,87.73507690429688,.,.
-44.1537971496582,-15.639802932739258,identifier,existsSync
-3.8129842281341553,-30.341238021850586,(,(
-50.490421295166016,70.9798812866211,identifier,path
-47.73163986206055,76.19913482666016,.,.
12.981477737426758,10.5863618850708,identifier,join
11.594303131103516,8.541015625,(,(
-98.39160919189453,-15.664839744567871,identifier,base
99.02872467041016,38.3067512512207,",",","
-106.91081237792969,-20.24475860595703,identifier,filename
35.89371109008789,77.35308837890625,),)
31.096607208251953,76.65290069580078,),)
133.32598876953125,-80.9015121459961,),)
126.06410217285156,-99.89915466308594,{,{
-125.06351470947266,29.820165634155273,identifier,result
-16.622051239013672,84.75151824951172,.,.
-18.94569969177246,14.09880256652832,identifier,push
3.933009624481201,-6.252067565917969,(,(
-99.27305603027344,-15.969858169555664,identifier,base
46.52180862426758,69.28753662109375,),)
127.446533203125,109.65303039550781,},}
-57.38739013671875,64.6943359375,identifier,fs
-46.353511810302734,87.3128433227539,.,.
-46.26200866699219,-14.901773452758789,identifier,readdirSync
-5.7997145652771,-19.648183822631836,(,(
-98.95419311523438,-15.88256549835205,identifier,base
31.9395809173584,70.68872833251953,),)
1.5357704162597656,93.5334243774414,.,.
-28.439773559570312,-45.39253616333008,identifier,forEach
-16.601346969604492,-49.17099380493164,(,(
7.0177998542785645,-116.06200408935547,function,function
-1.7392021417617798,-109.24425506591797,(,(
-107.06611633300781,0.9689798951148987,identifier,subdir
66.19859313964844,-117.15425872802734,),)
83.82071685791016,-126.41120147705078,{,{
-124.8365478515625,29.267330169677734,identifier,result
-17.532438278198242,84.99469757080078,.,.
-19.598772048950195,14.705178260803223,identifier,push
-26.94898223876953,92.41664123535156,.,.
-16.95115089416504,-1.8550623655319214,identifier,apply
-4.869833469390869,-5.814385414123535,(,(
-124.08101654052734,28.800399780273438,identifier,result
101.83080291748047,35.029930114746094,",",","
-56.16787338256836,-6.186195373535156,identifier,subDirectoriesWithFile
4.935241222381592,-23.107269287109375,(,(
-50.36868667602539,71.18006134033203,identifier,path
-47.89706802368164,76.06210327148438,.,.
12.934825897216797,10.49462890625,identifier,join
11.598187446594238,8.590846061706543,(,(
-98.28421783447266,-15.448713302612305,identifier,base
99.07263946533203,38.370094299316406,",",","
-107.08259582519531,0.9781991243362427,identifier,subdir
37.417869567871094,80.38700866699219,),)
106.83892822265625,41.36425018310547,",",","
-106.79254150390625,-20.269765853881836,identifier,filename
40.80576705932617,79.72364044189453,),)
51.924903869628906,83.31893157958984,),)
104.94245147705078,98.36463165283203,},}
61.759521484375,87.0644302368164,),)
116.84248352050781,102.9188232421875,},}
-58.54807662963867,-143.56626892089844,return,return
-122.69349670410156,28.3233642578125,identifier,result
72.01078033447266,157.6343536376953,},}
-1.3719568252563477,-138.96885681152344,function,function
-9.939916610717773,-104.25959777832031,(,(
71.10395812988281,-131.55323791503906,),)
68.52774810791016,-139.34669494628906,{,{
7.731789588928223,-151.59820556640625,function,function
-64.3421630859375,-6.696207523345947,identifier,onLoginResponse
-7.928515434265137,-86.23175811767578,(,(
-134.08709716796875,25.28830337524414,identifier,res
62.423240661621094,-114.81815338134766,),)
80.87226867675781,-131.7692413330078,{,{
207.9772186279297,-6.5662713050842285,if,if
35.04934310913086,-65.85115051269531,(,(
-134.6331024169922,24.127962112426758,identifier,res
-35.636314392089844,111.12308502197266,.,.
-44.07955551147461,28.532703399658203,identifier,statusCode
36.81667709350586,13.187458992004395,===,===
84.43107604980469,-68.85586547851562,&&,&&
-134.701904296875,24.051284790039062,identifier,res
-35.66371154785156,111.24034118652344,.,.
-47.76463317871094,28.521814346313477,identifier,headers
-3.823347806930542,96.24665069580078,.,.
-23.653858184814453,-1.8873344659805298,identifier,indexOf
-0.20658667385578156,-1.6209303140640259,(,(
27.42959976196289,75.31966400146484,),)
35.411705017089844,14.186649322509766,===,===
130.72055053710938,-83.58354187011719,),)
125.60604858398438,-97.54888916015625,{,{
-32.29289245605469,17.341869354248047,identifier,console
-33.61820983886719,79.59661865234375,.,.
-31.035306930541992,14.061902046203613,identifier,log
13.177095413208008,-8.301562309265137,(,(
48.41827392578125,91.32371520996094,),)
132.1005096435547,105.10505676269531,},}
139.2762908935547,87.83599090576172,else,else
122.04317474365234,-113.97552490234375,{,{
-33.12281799316406,-21.709217071533203,identifier,Error
18.821575164794922,-9.625125885009766,(,(
48.66799545288086,91.45557403564453,),)
123.37896728515625,112.78870391845703,},}
121.46492767333984,98.55876159667969,},}
-47.54080581665039,-7.573966026306152,identifier,request
-38.69614028930664,95.1805191040039,.,.
-45.420379638671875,-11.420661926269531,identifier,post
1.1538935899734497,-16.000877380371094,(,(
-65.56147766113281,61.8711051940918,identifier,process
-54.971065521240234,93.02408599853516,.,.
-82.12265014648438,34.940635681152344,identifier,env
-58.24542236328125,98.46966552734375,.,.
-66.6223373413086,8.109951972961426,identifier,ONEAPM_LOGIN_URL
27.336427688598633,90.31404113769531,),)
5.790058612823486,94.33428192138672,.,.
-59.844520568847656,-0.12366428971290588,identifier,form
-3.8648979663848877,-17.421419143676758,(,(
119.55219268798828,-30.032573699951172,{,{
-67.45172882080078,-18.10142707824707,identifier,encode
128.58505249023438,42.859493255615234,",",","
-69.56581115722656,6.659605026245117,identifier,username
-65.8611831665039,61.98198699951172,identifier,process
-55.096275329589844,93.06841278076172,.,.
-82.12879180908203,34.93840789794922,identifier,env
-58.25065612792969,98.45494842529297,.,.
-66.82344055175781,8.606915473937988,identifier,ONEAPM_USERNAME
127.76253509521484,43.25043487548828,",",","
-50.912235260009766,12.53054141998291,identifier,strong
128.47999572753906,43.12910842895508,",",","
-69.65019989013672,6.53697395324707,identifier,password
-56.628257751464844,9.009765625,identifier,base64
-8.24427604675293,-25.593311309814453,(,(
-65.89076232910156,61.99169921875,identifier,process
-55.09858322143555,93.07247161865234,.,.
-82.12992095947266,34.94008255004883,identifier,env
-58.25420379638672,98.4585952758789,.,.
-66.7168960571289,8.673391342163086,identifier,ONEAPM_PASSWORD
37.968448638916016,81.74534606933594,),)
118.4517822265625,52.65156936645508,",",","
101.93843841552734,92.00438690185547,},}
60.93547058105469,90.60814666748047,),)
6.737602710723877,95.28460693359375,.,.
-29.50804328918457,-9.906757354736328,identifier,on
-6.236995220184326,-10.441423416137695,(,(
104.21224975585938,44.563743591308594,",",","
-64.53910064697266,-6.652635097503662,identifier,onLoginResponse
53.711769104003906,78.86859130859375,),)
70.03424835205078,162.783203125,},}
0.9281219840049744,-147.68162536621094,function,function
-58.084712982177734,-8.963810920715332,identifier,default_versionCode
-9.899357795715332,-84.08666229248047,(,(
-90.8732681274414,-18.7702693939209,identifier,version
57.20815658569336,-114.94973754882812,),)
74.3438949584961,-142.63485717773438,{,{
-132.73301696777344,-16.049541473388672,identifier,nums
80.12651062011719,-28.626665115356445,=,=
-91.06253051757812,-18.782917022705078,identifier,version
-9.869250297546387,99.88372802734375,.,.
1.1090292930603027,19.96746826171875,identifier,split
2.986849784851074,16.500747680664062,(,(
23.572389602661133,75.34949493408203,),)
-5.163998603820801,96.83077239990234,.,.
0.7859879732131958,19.1487979888916,identifier,split
2.128819227218628,16.087783813476562,(,(
32.02470779418945,65.06478881835938,),)
-97.71903991699219,8.046725273132324,identifier,versionCode
83.98136901855469,-21.303462982177734,=,=
207.02932739257812,-2.3951003551483154,if,if
30.278718948364258,-64.48969268798828,(,(
-10.614272117614746,44.74260711669922,+,+
-132.35882568359375,-16.729816436767578,identifier,nums
127.54927062988281,-77.16300964355469,),)
123.72699737548828,-97.72491455078125,{,{
-97.46405029296875,8.441234588623047,identifier,versionCode
-9.81114673614502,45.38862609863281,+,+
-132.2855987548828,-17.159639358520508,identifier,nums
128.4963836669922,108.69404602050781,},}
200.2647705078125,1.905298113822937,if,if
22.297365188598633,-65.13336944580078,(,(
-10.472905158996582,44.83858108520508,+,+
-132.154052734375,-17.110687255859375,identifier,nums
128.15928649902344,-76.05479431152344,),)
125.91043090820312,-102.08053588867188,{,{
-97.31686401367188,8.590235710144043,identifier,versionCode
-9.798039436340332,45.394081115722656,+,+
-131.9477996826172,-17.484996795654297,identifier,nums
127.62903594970703,108.61284637451172,},}
200.43167114257812,2.6777212619781494,if,if
22.003658294677734,-65.32266235351562,(,(
-10.47647762298584,44.84059524536133,+,+
-131.90086364746094,-17.360004425048828,identifier,nums
128.56494140625,-75.87716674804688,),)
126.23887634277344,-103.59991455078125,{,{
-97.36109924316406,8.71776294708252,identifier,versionCode
-9.724591255187988,45.46223449707031,+,+
-131.892822265625,-17.773372650146484,identifier,nums
125.55901336669922,107.5793228149414,},}
-36.84422302246094,19.978273391723633,identifier,events
-48.305660247802734,96.54286193847656,.,.
-8.107357025146484,-10.677750587463379,identifier,emit
-7.213883876800537,-10.503241539001465,(,(
103.95696258544922,43.09549331665039,",",","
1.4394174814224243,46.41875457763672,+,+
-91.11149597167969,-18.71413803100586,identifier,version
-3.8971755504608154,57.478614807128906,+,+
0.4945778250694275,48.397945404052734,+,+
-98.61333465576172,9.299911499023438,identifier,versionCode
54.06209182739258,86.58393859863281,),)
-60.04521179199219,-142.62586975097656,return,return
-98.60384368896484,9.318249702453613,identifier,versionCode
73.11508178710938,159.55474853515625,},}
5.904426574707031,-152.15951538085938,function,function
-59.789894104003906,-6.831552505493164,identifier,inspectFunctionDeclaration
-9.176774978637695,-84.87848663330078,(,(
-73.19547271728516,-48.34454345703125,identifier,emitted
57.376312255859375,-111.79828643798828,),)
73.0681381225586,-143.14547729492188,{,{
-100.86681365966797,52.96245574951172,identifier,node
74.38351440429688,-29.9251766204834,=,=
-73.16333770751953,-49.28510284423828,identifier,emitted
-31.80135726928711,110.0390396118164,.,.
-99.21499633789062,54.72880172729492,identifier,node
154.96849060058594,38.20915603637695,",",","
-109.79634094238281,-53.18987274169922,identifier,params
80.23861694335938,-26.960317611694336,=,=
-99.19464874267578,52.80248260498047,identifier,node
-28.91145133972168,111.1390151977539,.,.
-108.7698974609375,-52.147491455078125,identifier,params
86.40143585205078,-54.05670928955078,||,||
-92.6144027709961,33.27760696411133,identifier,startLine
71.94412994384766,-31.158811569213867,=,=
-75.43841552734375,25.99567985534668,identifier,sourceCode
-43.444488525390625,96.3306655883789,.,.
-50.179874420166016,0.4863206744194031,identifier,getLine
-3.359781503677368,-24.770681381225586,(,(
-99.4438705444336,52.893165588378906,identifier,node
36.73233413696289,70.47975158691406,),)
155.00064086914062,40.15694046020508,",",","
-91.59461212158203,20.853801727294922,identifier,lastArgLine
71.20198059082031,-31.280635833740234,=,=
-110.25530242919922,-54.90815734863281,identifier,params
-12.782504081726074,93.84784698486328,.,.
-123.32966613769531,70.20091247558594,identifier,length
-75.51168823242188,26.092180252075195,identifier,sourceCode
-43.62944030761719,96.40377044677734,.,.
-50.2302131652832,0.9290928840637207,identifier,getEndingLine
-2.770822525024414,-26.222599029541016,(,(
-109.73402404785156,-55.569576263427734,identifier,params
-12.200071334838867,93.12405395507812,.,.
-7.42833948135376,12.604411125183105,identifier,slice
0.11807955056428909,9.121475219726562,(,(
31.931917190551758,85.59534454345703,),)
31.816539764404297,79.92080688476562,),)
-92.58455657958984,33.27296447753906,identifier,startLine
204.90980529785156,0.6541585326194763,if,if
26.36708641052246,-66.38394927978516,(,(
-72.6557846069336,-48.991512298583984,identifier,emitted
-31.675657272338867,108.6651382446289,.,.
-41.04785919189453,10.868433952331543,identifier,exit
123.77687072753906,-82.63164520263672,),)
130.53762817382812,-98.8067398071289,{,{
-66.39706420898438,-152.1143798828125,return,return
129.6360321044922,111.16246032714844,},}
201.5326385498047,3.006707191467285,if,if
22.88649559020996,-70.89576721191406,(,(
-92.59275817871094,33.27112579345703,identifier,startLine
39.15251159667969,16.02008056640625,===,===
-91.59500122070312,20.885934829711914,identifier,lastArgLine
132.9844512939453,-77.118408203125,),)
121.23287963867188,-105.66510772705078,{,{
209.15313720703125,7.835373401641846,if,if
22.85468101501465,-73.27600860595703,(,(
-109.88964080810547,-54.60918426513672,identifier,params
-12.919148445129395,93.466552734375,.,.
-123.45933532714844,70.28157806396484,identifier,length
-14.080367088317871,28.694412231445312,>,>
-68.87750244140625,22.018218994140625,identifier,MAX_IN_SINGLE_LINE
136.25381469726562,-75.64923858642578,),)
125.34889221191406,-106.6477279663086,{,{
-38.60011672973633,8.872139930725098,identifier,context
-48.42082214355469,95.53355407714844,.,.
-38.64683151245117,5.892214298248291,identifier,report
10.15889835357666,-9.130590438842773,(,(
119.3333740234375,-31.092138290405273,{,{
-100.7532730102539,54.351806640625,identifier,node
-99.9699935913086,53.548274993896484,identifier,node
125.88480377197266,42.300167083740234,",",","
-41.47774124145508,15.5406494140625,identifier,message
-55.37139129638672,10.474804878234863,"""","""In case of more than """
1.4513925313949585,47.133338928222656,+,+
-68.8918228149414,22.027183532714844,identifier,MAX_IN_SINGLE_LINE
-3.097853422164917,56.703975677490234,+,+
-55.75658416748047,10.116768836975098,"""",""" parameters, drop each into its own line."""
99.42657470703125,92.9342269897461,},}
55.95167922973633,85.32682800292969,),)
119.83426666259766,106.76763916015625,},}
-60.36650466918945,-150.27011108398438,return,return
113.51685333251953,105.52748107910156,},}
67.6459732055664,166.8631134033203,},}
3.9214518070220947,-150.44993591308594,function,function
-59.64372253417969,-10.6514892578125,identifier,makeAsyncFunc
-10.200892448425293,-84.81563568115234,(,(
-126.70097351074219,-51.656497955322266,identifier,config
54.87739562988281,-112.0445556640625,),)
70.96419525146484,-143.6041717529297,{,{
-124.53533172607422,-52.9093132019043,identifier,config
-37.059329986572266,106.2966537475586,.,.
28.252370834350586,36.55893325805664,identifier,validate
28.396154403686523,36.847923278808594,(,(
36.215232849121094,54.18122482299805,),)
-127.4500732421875,29.17753028869629,identifier,result
80.36273193359375,-20.37603187561035,=,=
5.28587532043457,-122.26564025878906,function,function
-59.95439529418945,-11.238849639892578,identifier,async
-4.2538886070251465,-101.36859130859375,(,(
-103.18660736083984,0.27693116664886475,identifier,bodyFunc
62.37057876586914,-116.9277114868164,),)
82.2863998413086,-131.49041748046875,{,{
-77.81578826904297,2.9873592853546143,identifier,semaphore
72.65729522705078,-31.822233200073242,=,=
-124.87142181396484,-55.0556640625,identifier,config
-36.75417709350586,123.04081726074219,.,.
-68.36028289794922,16.285566329956055,identifier,maxConcurrency
-76.82398223876953,3.480562210083008,identifier,Semaphore
15.017875671386719,-18.640472412109375,(,(
-124.8048095703125,-55.73225402832031,identifier,config
-36.23801040649414,123.37802124023438,.,.
-68.44525146484375,16.217681884765625,identifier,maxConcurrency
34.55754852294922,68.65316009521484,),)
-76.7621078491211,3.5202512741088867,identifier,Semaphore
-36.031639099121094,89.71625518798828,.,.
-54.35585021972656,8.584507942199707,identifier,unlimited
-58.407501220703125,1.2640786170959473,identifier,makeFunc
73.78910064697266,-25.390655517578125,=,=
-124.63846588134766,-55.07097625732422,identifier,config
-37.01459503173828,122.93167114257812,.,.
-49.91593933105469,7.7289814949035645,identifier,isIterable
-59.357627868652344,2.0615673065185547,identifier,makeAsyncIterator
-59.41388702392578,2.1338601112365723,identifier,makeAsyncNonIterator
-126.64734649658203,28.33194923400879,identifier,result
72.06130981445312,-19.036420822143555,=,=
-57.79859924316406,1.44419264793396,identifier,makeFunc
9.313104629516602,-23.754074096679688,(,(
-103.19359588623047,0.3347921073436737,identifier,bodyFunc
103.94719696044922,31.190631866455078,",",","
-125.8731689453125,-53.51738739013672,identifier,config
112.68599700927734,37.01628494262695,",",","
-77.90827941894531,2.9434475898742676,identifier,semaphore
43.8260498046875,73.5318832397461,),)
-119.29550170898438,53.59550094604492,identifier,arity
67.56046295166016,-32.75032043457031,=,=
-103.20126342773438,0.3560844957828522,identifier,bodyFunc
-14.500866889953613,97.19131469726562,.,.
-124.52466583251953,67.26637268066406,identifier,length
204.2737274169922,6.691343784332275,if,if
22.019071578979492,-73.81077575683594,(,(
-124.83940887451172,-54.31495666503906,identifier,config
-37.07217788696289,122.12291717529297,.,.
-52.704830169677734,4.186878681182861,identifier,acceptsCallback
138.6566619873047,-80.8117446899414,),)
-119.31095886230469,53.550228118896484,identifier,arity
-125.53854370117188,28.224075317382812,identifier,result
69.99044036865234,-17.44476890563965,=,=
-56.72431945800781,1.710997223854065,identifier,makeFuncWithArity
3.923064947128296,-24.043561935424805,(,(
-125.08122253417969,26.908767700195312,identifier,result
103.19476318359375,35.06719970703125,",",","
-119.32017517089844,53.51078796386719,identifier,arity
48.28845977783203,77.90035247802734,),)
-62.197113037109375,-145.98794555664062,return,return
-123.97378540039062,26.972257614135742,identifier,result
107.96949768066406,101.91622924804688,},}
-124.69281005859375,28.070911407470703,identifier,result
-41.03799819946289,116.58038330078125,.,.
-57.471923828125,2.571237087249756,identifier,mod
63.489990234375,-7.768354892730713,=,=
-57.33504867553711,2.034189224243164,identifier,makeModFunc
8.4032621383667,-22.37984275817871,(,(
-126.04676818847656,-53.259239196777344,identifier,config
49.22637176513672,75.21830749511719,),)
-57.15453338623047,-144.49290466308594,return,return
-123.25237274169922,27.21933937072754,identifier,result
73.43115234375,158.6449432373047,},}
3.415092706680298,-151.8631134033203,function,function
-58.38113784790039,-7.066837787628174,identifier,deleteValueForProperty
-9.014162063598633,-81.26432800292969,(,(
-101.0999755859375,51.15520477294922,identifier,node
137.14732360839844,20.805252075195312,",",","
-105.94677734375,-27.229551315307617,identifier,name
52.953941345214844,-115.7338638305664,),)
75.78516387939453,-143.59149169921875,{,{
-44.0136833190918,-40.367733001708984,identifier,propertyInfo
76.29747009277344,-29.973791122436523,=,=
-53.32346725463867,-2.979062080383301,identifier,getPropertyInfo
-2.2212071418762207,-23.44730567932129,(,(
-107.42829895019531,-26.614057540893555,identifier,name
38.01531219482422,68.28070831298828,),)
205.9316864013672,-4.466317653656006,if,if
29.26321792602539,-62.0688362121582,(,(
-44.262451171875,-40.60954284667969,identifier,propertyInfo
123.14985656738281,-76.69929504394531,),)
119.69680786132812,-96.81748962402344,{,{
-76.7092056274414,-3.7642459869384766,identifier,mutationMethod
72.63848114013672,-28.64392852783203,=,=
-44.51244354248047,-40.9298095703125,identifier,propertyInfo
-32.91435241699219,118.407470703125,.,.
-76.74675750732422,-3.774078130722046,identifier,mutationMethod
207.4968719482422,-1.9551466703414917,if,if
27.707550048828125,-62.59946823120117,(,(
-77.09228515625,-3.830205202102661,identifier,mutationMethod
122.88363647460938,-75.62371826171875,),)
123.76960754394531,-97.25414276123047,{,{
-77.1377944946289,-3.8396265506744385,identifier,mutationMethod
10.665936470031738,-23.752941131591797,(,(
-101.16806030273438,50.67832565307617,identifier,node
102.8160400390625,28.512760162353516,",",","
43.10957717895508,68.53118133544922,),)
131.8217315673828,104.54864501953125,},}
139.94512939453125,88.25619506835938,else,else
198.97128295898438,9.851764678955078,if,if
24.323638916015625,-65.5522232055664,(,(
-43.9690055847168,-41.12865447998047,identifier,propertyInfo
-33.39437484741211,119.23506164550781,.,.
-51.338600158691406,7.186103343963623,identifier,mustUseProperty
125.09437561035156,-72.58869934082031,),)
119.87674713134766,-103.11969757080078,{,{
-138.9390869140625,3.13460636138916,identifier,propName
67.38092041015625,-27.353450775146484,=,=
-44.288185119628906,-41.34740447998047,identifier,propertyInfo
-32.68665313720703,118.61966705322266,.,.
-64.97809600830078,-20.536672592163086,identifier,propertyName
207.26760864257812,4.426095485687256,if,if
22.42375373840332,-68.60592651367188,(,(
-44.08130645751953,-41.309532165527344,identifier,propertyInfo
-33.35419845581055,119.27348327636719,.,.
-51.452720642089844,7.516458988189697,identifier,hasBooleanValue
125.527099609375,-71.6219482421875,),)
127.17073059082031,-102.65689849853516,{,{
-101.39359283447266,49.547630310058594,identifier,node
-139.2245635986328,3.0730888843536377,identifier,propName
58.98642349243164,-7.537620544433594,=,=
132.88499450683594,102.9913558959961,},}
141.4890899658203,90.01549530029297,else,else
121.19725036621094,-113.01777648925781,{,{
-101.35274505615234,49.48954391479492,identifier,node
-139.28700256347656,3.0596280097961426,identifier,propName
58.78779983520508,-8.293415069580078,=,=
120.87642669677734,112.00919342041016,},}
129.0364532470703,99.89289093017578,},}
138.8564453125,90.78250122070312,else,else
120.11742401123047,-114.48783111572266,{,{
-101.05998229980469,49.75257110595703,identifier,node
-35.598838806152344,101.24504089355469,.,.
-39.27009963989258,-3.346345901489258,identifier,removeAttribute
0.4051903784275055,-12.298617362976074,(,(
-43.766143798828125,-41.32250213623047,identifier,propertyInfo
-32.44812774658203,119.0632553100586,.,.
-64.971923828125,-20.526674270629883,identifier,attributeName
47.49753189086914,77.11264038085938,),)
117.08048248291016,110.57168579101562,},}
128.0553741455078,99.23062133789062,},}
137.90420532226562,90.7949447631836,else,else
119.22164916992188,-115.34269714355469,{,{
-100.96036529541016,49.84443664550781,identifier,node
-35.693965911865234,101.38402557373047,.,.
-39.245296478271484,-3.3581840991973877,identifier,removeAttribute
0.3769961893558502,-12.288293838500977,(,(
-107.46151733398438,-26.281129837036133,identifier,name
48.97209167480469,76.06995391845703,),)
114.33126068115234,108.64927673339844,},}
69.25051879882812,167.0154266357422,},}
-2.9210567474365234,-142.86781311035156,function,function
-7.991693019866943,-107.26779174804688,(,(
-121.19412994384766,-26.52527618408203,identifier,obj
138.27554321289062,19.575557708740234,",",","
-89.92598724365234,-25.8016414642334,identifier,type
137.82077026367188,25.35329818725586,",",","
-60.92323303222656,-46.63450622558594,identifier,fn
52.14618682861328,-114.83039093017578,),)
77.05697631835938,-141.55471801757812,{,{
-102.35167694091797,14.675413131713867,identifier,wrappedFn
151.36981201171875,35.521034240722656,",",","
-116.6346435546875,3.224818706512451,identifier,item
150.40049743652344,36.01015853881836,",",","
-124.6506576538086,60.29780960083008,identifier,len
68.92524719238281,-34.703086853027344,=,=
-80.17770385742188,19.69849967956543,identifier,cache
-16.30174446105957,92.18238067626953,.,.
-127.14535522460938,67.74510955810547,identifier,length
152.60389709472656,40.291831970214844,",",","
-161.30897521972656,8.993157386779785,identifier,i
182.33831787109375,-20.007097244262695,for,for
177.53245544433594,-21.710453033447266,(,(
-167.52613830566406,9.373390197753906,identifier,i
62.773521423339844,-43.196746826171875,=,=
-169.2098846435547,7.594211101531982,identifier,i
58.842498779296875,-51.5470085144043,<,<
-126.74620056152344,61.671329498291016,identifier,len
-171.31776428222656,3.936180353164673,identifier,i
99.05778503417969,-94.75282287597656,),)
102.04592895507812,-96.56558227539062,{,{
-116.27623748779297,1.2781116962432861,identifier,item
69.24566650390625,-24.16559410095215,=,=
-80.03369903564453,19.67601776123047,identifier,cache
-163.2535400390625,-2.5659594535827637,identifier,i
207.49501037597656,1.1796092987060547,if,if
29.03904151916504,-70.3080062866211,(,(
-120.41617584228516,1.1161998510360718,identifier,item
39.77935791015625,15.11828899383545,===,===
-121.89730072021484,-26.810588836669922,identifier,obj
84.5488052368164,-69.90839385986328,&&,&&
-120.52195739746094,1.24519681930542,identifier,item
39.84745407104492,14.733657836914062,===,===
-88.5691146850586,-26.33604621887207,identifier,type
85.1854476928711,-70.06591796875,&&,&&
-120.54946899414062,1.2924225330352783,identifier,item
40.05215835571289,14.697710037231445,===,===
-60.939964294433594,-46.62202072143555,identifier,fn
131.90406799316406,-79.09574127197266,),)
121.84199523925781,-102.95230865478516,{,{
-103.1856918334961,14.12035083770752,identifier,wrappedFn
66.72185516357422,-20.956323623657227,=,=
-119.94652557373047,1.4982903003692627,identifier,item
205.34288024902344,5.543868064880371,if,if
21.330581665039062,-70.64232635498047,(,(
-103.6755599975586,14.33314323425293,identifier,wrappedFn
128.0239715576172,-72.91697692871094,),)
123.35079956054688,-106.19964599609375,{,{
-121.89392852783203,-27.164627075195312,identifier,obj
-35.481910705566406,100.8772201538086,.,.
-39.49723434448242,-4.080119609832764,identifier,removeEventListener
0.9627421498298645,-13.406729698181152,(,(
-88.3861312866211,-25.908721923828125,identifier,type
106.766357421875,33.942928314208984,",",","
-103.7374038696289,14.388138771057129,identifier,wrappedFn
112.4307632446289,40.892539978027344,",",","
49.384910583496094,79.865478515625,),)
-80.6939926147461,19.870182037353516,identifier,cache
67.81963348388672,-15.87769889831543,=,=
-80.60672760009766,19.835031509399414,identifier,cache
-15.721546173095703,91.37897491455078,.,.
-7.8224101066589355,10.850808143615723,identifier,slice
-1.9199928045272827,7.837176322937012,(,(
-161.45443725585938,1.986356258392334,identifier,i
47.01848602294922,79.01847839355469,),)
-60.990150451660156,-147.61685180664062,return,return
116.24353790283203,106.25798797607422,},}
115.07695007324219,100.39236450195312,},}
114.11664581298828,100.66544342041016,},}
67.70621490478516,169.55479431152344,},}
-4.0503106117248535,-142.03033447265625,function,function
-10.6860990524292,-106.81694030761719,(,(
-105.6383056640625,-26.85787010192871,identifier,name
58.41072463989258,-115.0501937866211,),)
72.09912872314453,-137.41445922851562,{,{
-52.72427749633789,11.581029891967773,"""","""use strict"""
-62.20869445800781,-28.313695907592773,identifier,trap
77.53907775878906,-32.121177673339844,=,=
-53.41417694091797,111.11074829101562,.,.
-54.02425003051758,-3.4042460918426514,identifier,getTrap
-3.9696385860443115,-21.551048278808594,(,(
-53.160438537597656,10.572189331054688,"""","""deleteProperty"""
36.577606201171875,64.74478149414062,),)
207.2134246826172,-4.578292369842529,if,if
31.155447006225586,-62.249290466308594,(,(
-62.21510696411133,-29.188735961914062,identifier,trap
35.49358367919922,18.338403701782227,===,===
126.70233917236328,-83.69105529785156,),)
126.44171905517578,-95.5291519165039,{,{
-67.71304321289062,-146.7766876220703,return,return
-40.38601303100586,22.269392013549805,identifier,Reflect
-39.147308349609375,85.76724243164062,.,.
-39.16440200805664,-6.3457794189453125,identifier,deleteProperty
-1.000059723854065,-14.881769180297852,(,(
-49.839115142822266,116.1921615600586,.,.
-90.65991973876953,-43.08377456665039,identifier,target
108.3794937133789,26.511308670043945,",",","
-108.44425964355469,-26.668224334716797,identifier,name
42.80164337158203,68.71499633789062,),)
131.5445556640625,108.43357849121094,},}
-108.98965454101562,-27.824003219604492,identifier,name
72.73783874511719,-22.57831573486328,=,=
-38.325836181640625,26.15607261657715,identifier,String
-13.817994117736816,-21.474721908569336,(,(
-108.2826919555664,-27.10225486755371,identifier,name
40.182987213134766,67.09663391113281,),)
-129.32357788085938,26.20479393005371,identifier,res
72.9994125366211,-20.458911895751953,=,=
-61.24943542480469,-29.1496639251709,identifier,trap
-23.438392639160156,94.69499969482422,.,.
-13.329743385314941,-3.935986042022705,identifier,call
-7.6071624755859375,-5.973656177520752,(,(
-50.66593551635742,114.6280288696289,.,.
-54.48882293701172,-19.666601181030273,identifier,handler
107.45777893066406,27.61989402770996,",",","
-49.20399475097656,116.767578125,.,.
-90.76620483398438,-42.42171096801758,identifier,target
110.59793853759766,35.12885665893555,",",","
-108.85962677001953,-26.180540084838867,identifier,name
43.22968673706055,72.18972778320312,),)
-128.2865447998047,25.253847122192383,identifier,res
73.55220031738281,-16.3118839263916,=,=
-127.69395446777344,24.837493896484375,identifier,res
204.30746459960938,4.896490573883057,if,if
22.080965042114258,-70.58158874511719,(,(
-128.04039001464844,24.624637603759766,identifier,res
36.73044967651367,16.517362594604492,===,===
132.8571319580078,-76.07296752929688,),)
121.27291870117188,-105.88278198242188,{,{
209.42242431640625,7.726325511932373,if,if
24.32371711730957,-74.35993194580078,(,(
-49.550926208496094,8.954633712768555,identifier,isSealed
3.518740177154541,-27.253143310546875,(,(
-108.20968627929688,-25.6838436126709,identifier,name
101.8401870727539,33.41918182373047,",",","
-49.81193542480469,117.69134521484375,.,.
-91.1517105102539,-42.06024932861328,identifier,target
32.1110954284668,74.2874526977539,),)
134.91146850585938,-78.62866973876953,),)
129.03314208984375,-105.4987564086914,{,{
-33.858463287353516,-25.41957664489746,identifier,TypeError
17.596599578857422,-9.53812313079834,(,(
-54.51509475708008,11.737225532531738,"""","""property '"""
2.0645828247070312,46.428199768066406,+,+
-108.24654388427734,-25.59792137145996,identifier,name
-3.9886512756347656,56.92733383178711,+,+
-55.20267868041992,11.186890602111816,"""","""' is non-configurable """
1.2278432846069336,50.95661544799805,+,+
-55.39670181274414,10.993791580200195,"""","""and can't be deleted"""
53.07135772705078,88.04541778564453,),)
118.00700378417969,109.9631118774414,},}
117.40763854980469,101.46641540527344,},}
-59.08685302734375,-145.1148681640625,return,return
-122.97511291503906,25.837440490722656,identifier,res
72.74662017822266,159.11187744140625,},}
5.524657249450684,-149.22640991210938,function,function
-57.709556579589844,-7.465484142303467,identifier,getTagRangeForPos
-7.923205852508545,-81.9375228881836,(,(
-145.83966064453125,30.278675079345703,identifier,editor
134.7869873046875,20.546518325805664,",",","
-114.62338256835938,-36.26016616821289,identifier,pos
52.57870101928711,-116.43206787109375,),)
76.28466796875,-144.85130310058594,{,{
-83.96511840820312,22.32175064086914,identifier,model
75.32878875732422,-29.226024627685547,=,=
-145.47129821777344,31.19451332092285,identifier,editor
-37.380157470703125,104.38410949707031,.,.
-54.41534423828125,-1.503158688545227,identifier,getEmmetDocumentModel
29.255918502807617,47.839134216308594,(,(
34.29874801635742,57.800376892089844,),)
-124.6371841430664,-2.760223388671875,identifier,tag
73.7039794921875,-28.60405158996582,=,=
-84.01730346679688,22.32990837097168,identifier,model
81.17178344726562,-67.13895416259766,&&,&&
-84.06566619873047,22.32163429260254,identifier,model
-37.717437744140625,103.39644622802734,.,.
-57.377838134765625,-2.862548828125,identifier,nodeForPoint
-3.875434398651123,-23.65005874633789,(,(
-114.7755355834961,-36.31438446044922,identifier,pos
37.78570556640625,69.95342254638672,),)
206.66085815429688,-0.7905209064483643,if,if
28.891550064086914,-64.35137939453125,(,(
-124.63279724121094,-2.522859573364258,identifier,tag
124.46913146972656,-78.32838439941406,),)
129.6385955810547,-96.94393920898438,{,{
-67.65667724609375,-149.49069213867188,return,return
130.73373413085938,110.8193130493164,},}
201.19631958007812,0.5735588669776917,if,if
27.553993225097656,-68.46905517578125,(,(
-42.373233795166016,-11.373863220214844,identifier,inRange
4.691891670227051,-30.40729331970215,(,(
-124.43981170654297,-1.1351451873779297,identifier,tag
-27.05769920349121,119.10557556152344,.,.
-46.346099853515625,35.251949310302734,identifier,open
99.50517272949219,32.57280731201172,",",","
-115.04742431640625,-36.40430450439453,identifier,pos
32.39323425292969,76.78907775878906,),)
87.32829284667969,-60.462806701660156,||,||
-42.36574935913086,-11.381719589233398,identifier,inRange
4.873083114624023,-30.35909652709961,(,(
-124.4931640625,-1.107231855392456,identifier,tag
-26.903284072875977,119.04833221435547,.,.
-45.29442596435547,33.41718673706055,identifier,close
99.11016082763672,32.46805953979492,",",","
-115.11162567138672,-36.428157806396484,identifier,pos
32.33085250854492,76.57843017578125,),)
133.06129455566406,-79.74506378173828,),)
127.3452377319336,-99.81484985351562,{,{
-66.34554290771484,-145.9818878173828,return,return
-53.03311538696289,-0.7206074595451355,identifier,rangeFromNode
1.3200608491897583,-26.188339233398438,(,(
-124.62936401367188,-1.9285415410995483,identifier,tag
45.76234436035156,70.32672119140625,),)
129.96371459960938,107.85213470458984,},}
-93.52721405029297,41.076053619384766,identifier,from
61.72890090942383,-23.395376205444336,=,=
-124.8629379272461,-0.7815568447113037,identifier,tag
-26.108402252197266,118.60922241210938,.,.
-46.3393440246582,35.309547424316406,identifier,open
-20.05315399169922,116.74005126953125,.,.
-95.48626708984375,37.53662109375,identifier,end
-96.5625991821289,41.10042190551758,identifier,to
61.70292282104492,-23.32229232788086,=,=
-125.15625,-0.5203866362571716,identifier,tag
-25.440309524536133,118.51504516601562,.,.
-45.28372573852539,33.42446517944336,identifier,close
-125.12368774414062,-0.16598914563655853,identifier,tag
-25.613250732421875,118.69898986816406,.,.
-45.29793167114258,33.45636749267578,identifier,close
-20.057764053344727,116.73237609863281,.,.
-95.76164245605469,36.60139846801758,identifier,start
-125.1413803100586,-0.043382253497838974,identifier,tag
-25.48123550415039,118.88290405273438,.,.
-46.32866668701172,35.3404426574707,identifier,open
-20.001773834228516,116.7657241821289,.,.
-95.52112579345703,37.563350677490234,identifier,end
-63.8851203918457,-142.99093627929688,return,return
-56.836524963378906,7.358088970184326,identifier,narrowToNonSpace
3.322202444076538,-23.298154830932617,(,(
-146.49588012695312,30.789077758789062,identifier,editor
104.37257385253906,33.791561126708984,",",","
-93.73218536376953,40.5583381652832,identifier,from
108.29674530029297,38.822509765625,",",","
-96.82257843017578,40.416648864746094,identifier,to
51.68193054199219,75.88532257080078,),)
72.3175048828125,160.90940856933594,},}
-1.2360590696334839,-141.59750366210938,function,function
-9.491067886352539,-107.66783905029297,(,(
-94.28617858886719,-12.750205993652344,identifier,bundleName
140.05191040039062,22.04590606689453,",",","
-67.7789535522461,-32.05597686767578,identifier,filter
52.22111892700195,-114.34835815429688,),)
75.79186248779297,-141.7747802734375,{,{
-95.64148712158203,-10.74036979675293,identifier,bundle
151.20225524902344,36.31400680541992,",",","
-107.86227416992188,-8.432784080505371,identifier,files
82.64697265625,-21.940793991088867,=,=
-95.63156127929688,-10.601783752441406,identifier,bundle
73.79299926757812,-27.59591293334961,=,=
-58.338783264160156,112.11949157714844,.,.
-67.46699523925781,13.313015937805176,identifier,_bundles
-94.8345718383789,-12.535425186157227,identifier,bundleName
208.77903747558594,-4.604800701141357,if,if
33.20584487915039,-61.427032470703125,(,(
-95.63568878173828,-10.632696151733398,identifier,bundle
124.08660125732422,-78.873779296875,),)
127.95462036132812,-94.9542236328125,{,{
-33.044918060302734,-22.019800186157227,identifier,Error
18.197595596313477,-9.102062225341797,(,(
1.7603915929794312,45.431819915771484,+,+
-94.79742431640625,-12.525734901428223,identifier,bundleName
-4.842879295349121,57.81687927246094,+,+
48.345664978027344,89.75581359863281,),)
132.23097229003906,110.26278686523438,},}
-37.70104217529297,34.38912582397461,identifier,Object
-40.72059631347656,80.16368865966797,.,.
-28.4489803314209,-16.065876007080078,identifier,keys
-8.075896263122559,-33.040470123291016,(,(
-95.90060424804688,-11.075549125671387,identifier,bundle
-32.09947204589844,115.16065979003906,.,.
-107.49185943603516,-9.110591888427734,identifier,files
30.21698570251465,68.44158935546875,),)
1.272368311882019,93.60155487060547,.,.
-28.574787139892578,-45.82081985473633,identifier,forEach
-17.097654342651367,-49.168209075927734,(,(
7.295801639556885,-116.84557342529297,function,function
-2.408804416656494,-109.40289306640625,(,(
-110.07184600830078,-0.10728263854980469,identifier,fullpath
65.47864532470703,-117.00926208496094,),)
83.32254791259766,-128.2744598388672,{,{
-130.04183959960938,25.913904190063477,identifier,res
67.41027069091797,-25.514616012573242,=,=
117.77788543701172,-30.24097442626953,{,{
-42.13739013671875,42.077842712402344,identifier,ext
-57.923709869384766,17.989490509033203,identifier,libpath
-42.694820404052734,91.6308822631836,.,.
-42.54671859741211,40.083152770996094,identifier,extname
-5.9419450759887695,-24.46832847595215,(,(
-110.10020446777344,-0.12210544943809509,identifier,fullpath
34.2026481628418,77.56263732910156,),)
-1.167016863822937,96.28761291503906,.,.
-6.776162147521973,15.51600456237793,identifier,substr
0.1579849123954773,10.147603034973145,(,(
34.854774475097656,83.73287200927734,),)
97.18285369873047,89.52693176269531,},}
205.09645080566406,6.651139259338379,if,if
24.589548110961914,-73.68538665771484,(,(
-58.683502197265625,109.9085464477539,.,.
-60.587860107421875,8.33775806427002,identifier,_filterResource
4.5469183921813965,-25.414108276367188,(,(
-128.47637939453125,23.514934539794922,identifier,res
103.74809265136719,35.22798538208008,",",","
-67.7818603515625,-32.07533264160156,identifier,filter
42.21089553833008,76.50023651123047,),)
135.2896270751953,-79.14871215820312,),)
126.56678009033203,-106.9237289428711,{,{
-107.24742889404297,-8.355298042297363,identifier,files
-17.121183395385742,86.07124328613281,.,.
-17.928470611572266,14.175497055053711,identifier,push
3.9945831298828125,-7.262074947357178,(,(
-110.12667846679688,-0.15668512880802155,identifier,fullpath
49.15944290161133,73.31456756591797,),)
118.84075164794922,110.77144622802734,},}
107.34154510498047,95.89659881591797,},}
110.4840316772461,54.98366165161133,",",","
62.20249557495117,81.52008819580078,),)
-58.33428955078125,-143.13604736328125,return,return
-106.82520294189453,-8.107969284057617,identifier,files
71.90009307861328,156.91708374023438,},}
-2.5559639930725098,-141.3903045654297,function,function
-10.256546020507812,-106.70162200927734,(,(
-94.09496307373047,-27.54886817932129,identifier,attributes
56.58195114135742,-115.78092193603516,),)
72.41475677490234,-139.74114990234375,{,{
-116.15647888183594,-25.817129135131836,identifier,attr
78.85149383544922,-31.142532348632812,=,=
-47.34177017211914,15.636263847351074,identifier,_clone
-8.666147232055664,-29.381561279296875,(,(
-94.10308837890625,-27.55080223083496,identifier,attributes
38.69985580444336,66.94571685791016,),)
155.2052001953125,38.75838851928711,",",","
-76.96614074707031,-17.27631378173828,identifier,events
78.41715240478516,-28.271148681640625,=,=
-61.35683822631836,2.1824212074279785,identifier,_attributesProcessedForOJ
0.11328595876693726,-22.926828384399414,(,(
-116.32028198242188,-25.685720443725586,identifier,attr
36.65253448486328,67.58467864990234,),)
153.9608612060547,39.38983154296875,",",","
-149.49159240722656,5.2447004318237305,identifier,k
149.3489532470703,35.71828079223633,",",","
-116.22647857666016,15.748594284057617,identifier,v
200.88121032714844,-5.833099365234375,if,if
31.814159393310547,-66.44403839111328,(,(
-54.35903549194336,28.452573776245117,identifier,oj
-41.94955825805664,91.04598999023438,.,.
-47.082183837890625,7.637721538543701,identifier,isPlainObject
-3.505685806274414,-34.28677749633789,(,(
-116.63062286376953,-25.680116653442383,identifier,attr
27.967063903808594,70.5286865234375,),)
127.2945556640625,-79.92151641845703,),)
118.94743347167969,-99.36219024658203,{,{
183.62803649902344,-22.456050872802734,for,for
177.20021057128906,-23.903491973876953,(,(
-150.81381225585938,2.7634060382843018,identifier,k
-117.1446762084961,-25.66171646118164,identifier,attr
95.44650268554688,-98.37908172607422,),)
103.65458679199219,-98.37586975097656,{,{
-117.65877532958984,15.591933250427246,identifier,v
68.8255844116211,-23.25726890563965,=,=
-117.37155151367188,-25.649242401123047,identifier,attr
-151.0428924560547,1.2400662899017334,identifier,k
207.4313507080078,2.606912612915039,if,if
25.823759078979492,-68.7060317993164,(,(
-151.14926147460938,2.037414073944092,identifier,k
38.78678894042969,13.691949844360352,===,===
137.98777770996094,-82.79009246826172,),)
-53.7472038269043,108.35997772216797,.,.
-35.72675323486328,-3.4468190670013428,identifier,addClass
3.4016330242156982,-13.795537948608398,(,(
-118.41644287109375,16.248920440673828,identifier,v
48.56056213378906,68.90364837646484,),)
141.55291748046875,88.75110626220703,else,else
199.32044982910156,10.48648738861084,if,if
21.658052444458008,-68.40188598632812,(,(
-118.59751892089844,15.943740844726562,identifier,v
36.79665756225586,16.416452407836914,===,===
138.05218505859375,-82.69840240478516,),)
-52.98833084106445,115.6038589477539,.,.
-68.84188079833984,29.009166717529297,identifier,el
-34.40178680419922,100.52925872802734,.,.
-41.59819412231445,-2.3836424350738525,identifier,setAttributeNode
5.262399673461914,-10.12911319732666,(,(
-55.94732666015625,45.07695770263672,identifier,doc
-35.19331741333008,99.94245910644531,.,.
-41.716705322265625,-2.255336284637451,identifier,createAttribute
-4.219327449798584,-25.99610137939453,(,(
-151.89146423339844,1.231847882270813,identifier,k
35.195465087890625,79.55236053466797,),)
57.745967864990234,69.51753234863281,),)
142.30606079101562,89.35182189941406,else,else
-57.06547546386719,109.72493743896484,.,.
-68.21634674072266,28.146800994873047,identifier,$el
-33.536827087402344,100.48949432373047,.,.
-29.618255615234375,-4.525815963745117,identifier,attr
-0.9167781472206116,-10.362519264221191,(,(
-151.85594177246094,1.246509075164795,identifier,k
105.24952697753906,37.92117691040039,",",","
-118.29508209228516,16.393461227416992,identifier,v
55.56184768676758,74.7355728149414,),)
120.20892333984375,103.5089340209961,},}
120.3319320678711,99.90928649902344,},}
200.08807373046875,5.0934929847717285,if,if
20.308006286621094,-75.50423431396484,(,(
-77.1176528930664,-17.335988998413086,identifier,events
28.293502807617188,18.858783721923828,!=,!=
139.9084930419922,-82.54076385498047,),)
-58.150177001953125,4.512157440185547,identifier,_attributesBindEventsToDOM
5.7075886726379395,-20.27207374572754,(,(
-77.20841979980469,-17.36726951599121,identifier,events
103.75466918945312,36.224342346191406,",",","
-52.18329620361328,115.75355529785156,.,.
-68.89183807373047,29.080345153808594,identifier,el
53.97975158691406,75.89224243164062,),)
72.45372772216797,166.06471252441406,},}
-0.8037728667259216,-140.81033325195312,function,function
-10.608723640441895,-107.5577621459961,(,(
-106.25794219970703,-19.328144073486328,identifier,filename
58.4039192199707,-114.85773468017578,),)
71.66409301757812,-139.36935424804688,{,{
207.70452880859375,-9.09885311126709,if,if
36.98879623413086,-62.41606521606445,(,(
-56.857791900634766,64.49004364013672,identifier,fs
-47.10432815551758,86.98006439208984,.,.
-44.08220672607422,-15.562601089477539,identifier,existsSync
-3.7574663162231445,-31.090734481811523,(,(
-106.8426513671875,-19.616647720336914,identifier,filename
31.715730667114258,72.60148620605469,),)
126.7124252319336,-85.62873077392578,),)
130.18348693847656,-94.65694427490234,{,{
-68.06979370117188,-150.7848358154297,return,return
131.71774291992188,112.16987609863281,},}
203.66229248046875,-3.5702524185180664,if,if
33.32587814331055,-62.28382110595703,(,(
-58.8330078125,112.58412170410156,.,.
-68.91419982910156,13.684462547302246,identifier,_moduleStorage
123.13643646240234,-79.94287872314453,),)
125.98174285888672,-93.82390594482422,{,{
-62.298221588134766,113.30794525146484,.,.
-69.09624481201172,13.663595199584961,identifier,_moduleStorage
72.1893081665039,-5.587747573852539,=,=
133.31790161132812,111.9271469116211,},}
-82.3695297241211,52.08755874633789,identifier,that
84.22747039794922,-33.94731140136719,=,=
-66.64888763427734,-12.657003402709961,identifier,parser
75.05989074707031,-24.460193634033203,=,=
-65.73217010498047,1.5142419338226318,identifier,HalModuleParser
14.510001182556152,-17.781269073486328,(,(
35.34378433227539,56.11594772338867,),)
-65.61782836914062,-139.37353515625,return,return
-66.65381622314453,-12.655072212219238,identifier,parser
-41.02425765991211,102.04651641845703,.,.
-50.67966842651367,-10.123634338378906,identifier,parseFile
-0.7994987368583679,-19.787067413330078,(,(
-106.99559783935547,-19.513147354125977,identifier,filename
40.04606246948242,72.15858459472656,),)
4.3684563636779785,95.74151611328125,.,.
-18.186874389648438,-57.54795455932617,identifier,then
-13.146706581115723,-51.00149917602539,(,(
5.389319896697998,-116.6867904663086,function,function
-2.256920576095581,-107.29759979248047,(,(
-111.12440490722656,2.758319616317749,identifier,fileInfo
65.98223114013672,-115.7802963256836,),)
83.24845123291016,-127.11149597167969,{,{
-111.31033325195312,2.842735767364502,identifier,fileInfo
-38.73878479003906,116.6678466796875,.,.
-41.73346710205078,7.860802173614502,identifier,describe
65.50676727294922,-7.474379062652588,=,=
-81.84603881835938,51.9358024597168,identifier,that
-60.09851837158203,108.8750991821289,.,.
-59.14840316772461,7.817309856414795,identifier,_binaryToDescribe
-6.410940170288086,-26.09698486328125,(,(
-111.37429809570312,2.872164726257324,identifier,fileInfo
-30.949283599853516,117.2801742553711,.,.
-61.01409912109375,6.144783020019531,identifier,prefixInfo
44.02821731567383,77.04255676269531,),)
-81.89617156982422,51.93331527709961,identifier,that
-60.43394088745117,108.99822235107422,.,.
-69.36878967285156,13.505694389343262,identifier,_moduleStorage
-18.021039962768555,87.7953109741211,.,.
-18.11642837524414,13.051105499267578,identifier,push
3.478125810623169,-6.964880466461182,(,(
-111.3008041381836,2.8663933277130127,identifier,fileInfo
48.786075592041016,73.29908752441406,),)
104.81072235107422,100.37354278564453,},}
110.42579650878906,54.01336669921875,",",","
3.234976291656494,-116.55633544921875,function,function
-1.0348334312438965,-105.67432403564453,(,(
-69.8573989868164,-63.766109466552734,identifier,err
70.4939956665039,-113.57762908935547,),)
85.97144317626953,-125.32379150390625,{,{
-32.294105529785156,17.35930633544922,identifier,console
-33.594947814941406,79.57051849365234,.,.
-31.3182315826416,11.698406219482422,identifier,error
14.319665908813477,-8.504707336425781,(,(
99.63360595703125,47.32940673828125,",",","
-71.29185485839844,-65.0058822631836,identifier,err
55.94611358642578,80.20050048828125,),)
103.71343994140625,98.21480560302734,},}
62.8426399230957,86.208251953125,),)
69.67662048339844,162.60362243652344,},}
0.9363308548927307,-152.43141174316406,function,function
-62.635986328125,-10.587966918945312,identifier,Segment
-15.062994003295898,-88.77506256103516,(,(
-126.60469818115234,-51.31909942626953,identifier,config
54.93213653564453,-112.14291381835938,),)
69.81300354003906,-143.20347595214844,{,{
-60.8533935546875,121.1153564453125,.,.
-125.01402282714844,-52.03718566894531,identifier,config
65.54765319824219,-10.877413749694824,=,=
-123.86296081542969,-51.841636657714844,identifier,config
-60.84950637817383,119.9749755859375,.,.
-56.203773498535156,-0.5124071836471558,identifier,factory
71.58609008789062,-8.158804893493652,=,=
5.388306140899658,-121.6452865600586,function,function
-5.147719860076904,-105.31266784667969,(,(
-111.5958251953125,-20.31118392944336,identifier,method
61.928627014160156,-116.88441467285156,),)
82.30650329589844,-131.75062561035156,{,{
-81.44695281982422,47.281333923339844,identifier,_this
84.50617980957031,-32.71126937866211,=,=
-67.64591217041016,-136.2007293701172,return,return
4.833848476409912,-122.31497192382812,function,function
-4.4726033210754395,-104.00792694091797,(,(
72.36355590820312,-127.65583801269531,),)
83.13275909423828,-131.51454162597656,{,{
208.87449645996094,-0.5951661467552185,if,if
30.947219848632812,-68.5898208618164,(,(
-80.33392333984375,46.01696014404297,identifier,_this
-47.868839263916016,114.77066802978516,.,.
-125.93539428710938,-55.12165832519531,identifier,config
-39.34953689575195,122.19853210449219,.,.
-55.20647430419922,-24.3878116607666,identifier,condition
83.38845825195312,-69.19575500488281,&&,&&
-80.1358871459961,45.834434509277344,identifier,_this
-47.85365295410156,114.72525787353516,.,.
-126.01905059814453,-55.137237548828125,identifier,config
-39.51189041137695,121.91999053955078,.,.
-55.202178955078125,-24.385820388793945,identifier,condition
10.485331535339355,-24.87034034729004,(,(
-111.64535522460938,-19.828243255615234,identifier,method
107.41299438476562,29.99355697631836,",",","
-102.93582916259766,-62.36533737182617,identifier,arguments
31.639034271240234,76.26543426513672,),)
132.77325439453125,-81.43772888183594,),)
123.24034881591797,-100.77816772460938,{,{
-80.38986206054688,45.31425857543945,identifier,_this
-52.64285659790039,104.90135192871094,.,.
-34.95512008666992,11.891944885253906,identifier,debug
14.224090576171875,-7.0803117752075195,(,(
99.01356506347656,46.28105163574219,",",","
120.85895538330078,-31.032440185546875,{,{
-112.37752532958984,-19.174829483032227,identifier,method
-112.07831573486328,-19.321861267089844,identifier,method
125.94388580322266,40.939510345458984,",",","
-103.57301330566406,-63.156951904296875,identifier,arguments
-103.41681671142578,-62.828582763671875,identifier,arguments
118.94349670410156,51.79601287841797,",",","
100.73933410644531,91.14599609375,},}
53.71022033691406,84.80261993408203,),)
-65.27203369140625,-152.3430633544922,return,return
129.68727111816406,107.08940124511719,},}
-80.44512176513672,45.111209869384766,identifier,_this
-52.65523910522461,104.90476989746094,.,.
-34.80233383178711,11.890532493591309,identifier,debug
13.803349494934082,-7.048685550689697,(,(
0.8051505088806152,47.32020568847656,+,+
-111.37554931640625,-19.652368545532227,identifier,method
-4.473814964294434,56.79036331176758,+,+
99.84844207763672,46.93486785888672,",",","
-103.28028869628906,-62.28218078613281,identifier,arguments
52.471397399902344,85.92204284667969,),)
-64.4554672241211,-141.73721313476562,return,return
-56.255271911621094,22.86194610595703,identifier,window
-45.0938720703125,101.06465148925781,.,.
-64.63340759277344,23.434608459472656,identifier,analytics
-111.2424545288086,-19.727455139160156,identifier,method
-25.089584350585938,94.59835815429688,.,.
-16.237998962402344,-1.9589972496032715,identifier,apply
-5.704916000366211,-5.8132452964782715,(,(
-64.6396255493164,23.437021255493164,identifier,analytics
102.73838806152344,36.582069396972656,",",","
-103.1135025024414,-62.04991149902344,identifier,arguments
50.73595428466797,76.26586151123047,),)
108.65973663330078,101.85855865478516,},}
108.95654296875,101.81668090820312,},}
67.56165313720703,162.2559814453125,},}
4.761380195617676,-146.4107208251953,function,function
-54.85215377807617,-9.538373947143555,identifier,_write
-12.225554466247559,-81.30508422851562,(,(
-107.70836639404297,-16.41542625427246,identifier,file
138.22183227539062,22.367006301879883,",",","
-86.4784164428711,-21.749643325805664,identifier,encoding
139.4777374267578,27.05071449279785,",",","
-51.05021286010742,-49.79377365112305,identifier,next
49.577457427978516,-119.66206359863281,),)
78.88983154296875,-144.75926208496094,{,{
-55.286869049072266,117.23870849609375,.,.
-68.0084228515625,19.247339248657227,identifier,workers
-62.35763931274414,1.947861909866333,identifier,vow
-38.767333984375,92.33482360839844,.,.
-43.339900970458984,-28.62808609008789,identifier,resolve
-4.034049987792969,-13.6834716796875,(,(
-108.84344482421875,-15.574942588806152,identifier,file
39.65298843383789,71.85023498535156,),)
4.388993263244629,96.86956787109375,.,.
-19.05422019958496,-57.710845947265625,identifier,then
-13.815332412719727,-50.11122131347656,(,(
2.2021005153656006,-106.99654388427734,(,(
-109.92992401123047,-12.483806610107422,identifier,file
69.79833221435547,-117.36012268066406,),)
-73.73387908935547,33.377925872802734,identifier,folder
-42.13831329345703,99.2489242553711,.,.
-51.66200256347656,-9.144915580749512,identifier,downloadFile
-0.5108526349067688,-19.3199462890625,(,(
-109.99781799316406,-15.1390962600708,identifier,file
37.15009689331055,75.59101104736328,),)
31.58367347717285,91.1910400390625,),)
5.164069652557373,97.274169921875,.,.
-19.341089248657227,-57.22751235961914,identifier,then
-14.393088340759277,-50.21322250366211,(,(
2.560059070587158,-107.01133728027344,(,(
-110.0683364868164,-12.564247131347656,identifier,file
69.76302337646484,-117.44413757324219,),)
-73.73809051513672,33.379459381103516,identifier,folder
-42.170780181884766,99.28445434570312,.,.
-58.66265869140625,11.41406536102295,identifier,frontMatter
-1.6026637554168701,-20.92085838317871,(,(
-110.1119384765625,-15.01738452911377,identifier,file
37.065673828125,75.95279693603516,),)
31.590225219726562,91.17327880859375,),)
5.501692295074463,97.29853820800781,.,.
-19.363861083984375,-56.92879867553711,identifier,then
-14.695959091186523,-50.39271926879883,(,(
2.8231239318847656,-106.90019989013672,(,(
-110.10737609863281,-12.574296951293945,identifier,file
69.68047332763672,-117.40301513671875,),)
-73.73511505126953,33.37575912475586,identifier,folder
-42.15835952758789,99.29399871826172,.,.
-51.65969467163086,-9.671987533569336,identifier,storeFile
-0.36146312952041626,-18.502140045166016,(,(
-110.06524658203125,-15.122693061828613,identifier,file
37.39400100708008,75.75782775878906,),)
31.54384994506836,91.16375732421875,),)
5.96248197555542,97.14018249511719,.,.
-22.209630966186523,-55.36488723754883,identifier,catch
-16.03507423400879,-52.21627426147461,(,(
-36.1844367980957,11.645753860473633,identifier,dbg
30.370193481445312,89.92654418945312,),)
6.246083736419678,97.02320098876953,.,.
-19.102460861206055,-56.44981002807617,identifier,then
-14.465120315551758,-51.789306640625,(,(
2.452622652053833,-105.17611694335938,(,(
71.93165588378906,-124.6159439086914,),)
87.257080078125,-126.9095687866211,{,{
-54.60309600830078,117.4488754272461,.,.
-68.00581359863281,19.243940353393555,identifier,workers
-50.2581787109375,-51.365150451660156,identifier,next
16.41635513305664,-26.762405395507812,(,(
39.775482177734375,51.16443634033203,),)
101.18061828613281,97.94821166992188,},}
61.28314971923828,84.12626647949219,),)
200.8262939453125,6.096271514892578,if,if
21.391273498535156,-74.77542877197266,(,(
-54.25909423828125,117.39917755126953,.,.
-68.0090560913086,19.23972511291504,identifier,workers
-18.281070709228516,30.458417892456055,<,<
-53.93375778198242,117.333251953125,.,.
-68.44762420654297,17.31957244873047,identifier,concurrency
136.6431884765625,-75.18376159667969,),)
125.37386322021484,-108.80148315429688,{,{
-49.70573806762695,-51.40700149536133,identifier,next
16.382455825805664,-26.668243408203125,(,(
40.35634231567383,50.96626281738281,),)
-49.374412536621094,-51.28749465942383,identifier,next
69.32670593261719,-14.889936447143555,=,=
3.47251033782959,-104.52335357666016,(,(
71.87641906738281,-124.05300903320312,),)
88.88409423828125,-125.52050018310547,{,{
111.55217742919922,108.15247344970703,},}
112.17559051513672,107.52703857421875,},}
69.84228515625,168.48367309570312,},}
1.8348162174224854,-153.0270233154297,function,function
-61.368465423583984,-11.34073257446289,identifier,PromiseResolve
-14.16299057006836,-87.51211547851562,(,(
69.82777404785156,-131.67279052734375,),)
68.41791534423828,-142.82228088378906,{,{
-66.8344955444336,-136.18702697753906,return,return
5.052595138549805,-122.81257629394531,function,function
-69.68180847167969,33.29851531982422,identifier,F
-13.43191146850586,-89.24929809570312,(,(
-48.62887954711914,-34.0207633972168,identifier,resolution
62.27244186401367,-115.10539245605469,),)
81.62594604492188,-131.783935546875,{,{
-105.100830078125,-3.2540600299835205,identifier,promise
75.27095794677734,-28.572057723999023,=,=
-69.68992614746094,33.298213958740234,identifier,F
153.147705078125,39.15900421142578,",",","
-97.67928314208984,18.94642448425293,identifier,reactions
209.1592559814453,-4.341046333312988,if,if
33.46430587768555,-60.393531799316406,(,(
-88.48149108886719,-28.092742919921875,identifier,Type
-4.444940567016602,-34.2969970703125,(,(
-105.79449462890625,-3.0372090339660645,identifier,promise
28.40863800048828,70.88520812988281,),)
129.8483123779297,-85.67121124267578,),)
128.55799865722656,-95.8614501953125,{,{
-34.669559478759766,-24.670734405517578,identifier,TypeError
19.91850471496582,-8.588226318359375,(,(
39.13425827026367,54.68991470336914,),)
131.51364135742188,110.97201538085938,},}
200.0386199951172,-0.00076636130688712,if,if
28.546255111694336,-68.54450988769531,(,(
-106.13463592529297,-2.917790174484253,identifier,promise
132.15786743164062,-84.06502532958984,),)
129.4988250732422,-98.53628540039062,{,{
-67.69599914550781,-150.1044921875,return,return
129.71612548828125,111.76221466064453,},}
-97.65011596679688,18.926759719848633,identifier,reactions
68.17037200927734,-21.2067928314209,=,=
-106.43655395507812,-2.878931999206543,identifier,promise
-34.06865310668945,-13.016660690307617,identifier,defineInternal
10.446074485778809,-31.386329650878906,(,(
-107.0118637084961,-3.3348028659820557,identifier,promise
101.88361358642578,23.17832374572754,",",","
104.40227508544922,47.696937561035156,",",","
-48.68342208862305,-34.07606887817383,identifier,resolution
45.69569396972656,76.76370239257812,),)
-33.96271514892578,-13.065133094787598,identifier,defineInternal
10.558553695678711,-31.48305320739746,(,(
-107.45124053955078,-3.514225959777832,identifier,promise
101.75972747802734,23.087974548339844,",",","
104.81521606445312,48.160606384277344,",",","
50.117855072021484,81.3196792602539,),)
-33.915077209472656,-13.08219051361084,identifier,defineInternal
10.64252758026123,-31.561481475830078,(,(
-107.58141326904297,-3.562021493911743,identifier,promise
101.60890197753906,22.941265106201172,",",","
104.91507720947266,48.19790267944336,",",","
50.14228439331055,81.33832550048828,),)
-33.921321868896484,-13.07905101776123,identifier,defineInternal
10.650201797485352,-31.568391799926758,(,(
-107.54179382324219,-3.5735130310058594,identifier,promise
101.56734466552734,22.905315399169922,",",","
104.95453643798828,47.65522384643555,",",","
51.67264175415039,86.12732696533203,),)
-62.63619613647461,-141.51593017578125,return,return
-58.69130325317383,3.8615856170654297,identifier,TriggerPromiseReactions
6.086817741394043,-21.39841079711914,(,(
-97.47538757324219,18.893033981323242,identifier,reactions
104.76829528808594,35.83164596557617,",",","
-48.68357849121094,-34.07301330566406,identifier,resolution
50.88539123535156,74.98519134521484,),)
108.85623931884766,101.9012680053711,},}
68.00048065185547,160.0553741455078,},}
1.2911924123764038,-151.4241943359375,function,function
-61.12631607055664,-9.087635040283203,identifier,EachSubject
-15.3107271194458,-87.38359069824219,(,(
-109.08538055419922,-38.717323303222656,identifier,subject
136.1266326904297,19.32723617553711,",",","
-117.42961120605469,-11.843282699584961,identifier,elements
140.99044799804688,25.80594825744629,",",","
-91.56182098388672,-13.735417366027832,identifier,elementName
137.7276611328125,28.987119674682617,",",","
-79.04226684570312,-9.633988380432129,identifier,opt_noIndex
49.6984977722168,-117.52488708496094,),)
77.77521514892578,-147.7974395751953,{,{
-61.12513732910156,2.71974515914917,identifier,ProxyBase
-33.08780288696289,88.24675750732422,.,.
-12.013738632202148,-2.138322353363037,identifier,call
-8.211564064025879,-3.386789083480835,(,(
42.10408020019531,62.22238540649414,),)
-56.93021011352539,117.1780776977539,.,.
-74.20391845703125,3.1820855140686035,identifier,elementSubjects
72.13294219970703,-5.6483893394470215,=,=
183.1627655029297,-20.773681640625,for,for
179.84068298339844,-21.9188175201416,(,(
-164.4188232421875,8.68698501586914,identifier,i
63.832218170166016,-45.47684860229492,=,=
-170.56912231445312,6.415794372558594,identifier,i
58.362796783447266,-51.375736236572266,<,<
-117.79070281982422,-11.54018783569336,identifier,elements
-15.308096885681152,94.03599548339844,.,.
-127.0399398803711,70.04440307617188,identifier,length
-172.71102905273438,3.367687940597534,identifier,i
97.68022918701172,-94.40152740478516,),)
100.6261978149414,-97.27420043945312,{,{
-109.41991424560547,25.97604751586914,identifier,es
72.38505554199219,-24.369342803955078,=,=
-57.65654754638672,-0.21932783722877502,identifier,subjectFactory
-43.5848503112793,94.00115966796875,.,.
-57.66987609863281,-0.1829347312450409,identifier,newSubject
13.362661361694336,-18.27414321899414,(,(
-109.41161346435547,-39.239646911621094,identifier,subject
-32.31740951538086,114.4034423828125,.,.
-43.75812530517578,13.584208488464355,identifier,failureStrategy
108.7818603515625,35.624305725097656,",",","
-117.75689697265625,-11.617340087890625,identifier,elements
-162.1529541015625,-2.1456124782562256,identifier,i
42.873329162597656,72.81617736816406,),)
-109.71134185791016,25.946813583374023,identifier,es
-42.0041389465332,115.05021667480469,.,.
-102.46177673339844,-33.67940139770508,identifier,named
7.282789707183838,-11.41692066192627,(,(
-91.56502532958984,-13.815098762512207,identifier,elementName
-6.931004524230957,53.223411560058594,+,+
22.543231964111328,-54.24491500854492,(,(
-79.06036376953125,-9.634910583496094,identifier,opt_noIndex
22.509767532348633,-52.98395919799805,(,(
-1.6405850648880005,46.48552322387695,+,+
-163.00503540039062,0.5323379635810852,identifier,i
33.82381820678711,81.57577514648438,),)
29.361257553100586,83.21220397949219,),)
-4.428917407989502,54.25621795654297,+,+
-0.07040981948375702,47.274253845214844,+,+
-109.36711120605469,-39.155006408691406,identifier,subject
-32.164188385009766,113.75922393798828,.,.
-41.73399353027344,7.860233783721924,identifier,describe
25.87820816040039,46.13533401489258,(,(
32.61235809326172,53.065773010253906,),)
51.23646545410156,84.66461181640625,),)
-109.72663879394531,25.953405380249023,identifier,es
-41.8218879699707,115.31126403808594,.,.
-43.6797981262207,14.035428047180176,identifier,failureMessage
63.31210708618164,-7.1019182205200195,=,=
-109.43663787841797,-39.26702117919922,identifier,subject
-32.11446762084961,114.05158233642578,.,.
-43.64088821411133,14.088082313537598,identifier,failureMessage
-56.72181701660156,116.77516174316406,.,.
-74.20892333984375,3.1888227462768555,identifier,elementSubjects
-17.727968215942383,87.23775482177734,.,.
-17.224515914916992,13.899781227111816,identifier,push
3.5786893367767334,-7.659368991851807,(,(
-109.82563781738281,25.92609214782715,identifier,es
52.220619201660156,73.9831771850586,),)
114.40839385986328,105.0659408569336,},}
67.80180358886719,167.9583740234375,},}
-0.18193800747394562,-151.07960510253906,function,function
-61.05097198486328,-15.34809398651123,identifier,RPC
-14.583836555480957,-88.7809829711914,(,(
-93.13377380371094,-31.155330657958984,identifier,contact
137.97471618652344,20.456710815429688,",",","
-125.85317993164062,-70.93741607666016,identifier,options
51.9849967956543,-111.21928405761719,),)
74.1224594116211,-147.17230224609375,{,{
10.02353286743164,-57.53413391113281,identifier,assert
14.083524703979492,-59.121498107910156,(,(
-61.06929016113281,-15.384773254394531,identifier,RPC
92.91519927978516,26.69771385192871,",",","
58.90068054199219,65.394287109375,),)
10.289762496948242,-57.662986755371094,identifier,assert
14.342291831970215,-59.295413970947266,(,(
-93.0902328491211,-31.268535614013672,identifier,contact
-92.0338363647461,-31.51226043701172,identifier,Contact
92.80351257324219,26.768505096435547,",",","
58.88542938232422,65.405517578125,),)
-36.936119079589844,20.027029037475586,identifier,events
-48.12400817871094,97.12493896484375,.,.
-37.4940185546875,20.28148078918457,identifier,EventEmitter
-33.20294952392578,87.2973403930664,.,.
-11.767328262329102,-2.243391513824463,identifier,call
-8.503765106201172,-3.775522232055664,(,(
55.45772933959961,65.595703125,),)
-125.9366683959961,-66.4925765991211,identifier,options
80.61065673828125,-39.170406341552734,=,=
-123.82410430908203,-66.76622009277344,identifier,options
86.07776641845703,-52.944366455078125,||,||
116.52958679199219,-22.032115936279297,{,{
116.11231994628906,-15.493460655212402,},}
202.8972930908203,-0.6919605731964111,if,if
25.513660430908203,-64.91149139404297,(,(
-122.99007415771484,-63.96941375732422,identifier,options
-36.29447555541992,126.56422424316406,.,.
-71.09675598144531,9.844879150390625,identifier,replyto
125.2835464477539,-74.21731567382812,),)
124.57120513916016,-100.15767669677734,{,{
10.358903884887695,-58.12077331542969,identifier,assert
14.5568208694458,-59.68867111206055,(,(
-122.76351928710938,-64.48307037353516,identifier,options
-36.167724609375,127.6925048828125,.,.
-71.1259536743164,9.892216682434082,identifier,replyto
-91.95184326171875,-31.539066314697266,identifier,Contact
92.5714111328125,26.777597427368164,",",","
50.37213897705078,91.10891723632812,),)
128.21273803710938,113.20912170410156,},}
-61.15534973144531,116.58689880371094,.,.
-65.06169128417969,14.148641586303711,identifier,_hooks
71.01103210449219,-6.964157581329346,=,=
115.84934997558594,-29.252525329589844,{,{
-54.644657135009766,-29.19325828552246,identifier,before
113.25877380371094,-25.757062911987305,{,{
112.33441162109375,-14.918606758117676,},}
128.75830078125,39.48640441894531,",",","
-54.91566467285156,-29.665019989013672,identifier,after
113.23614501953125,-25.614376068115234,{,{
112.29249572753906,-14.83748722076416,},}
123.91319274902344,99.79854583740234,},}
-60.951114654541016,115.91096496582031,.,.
-64.1099853515625,13.04881477355957,identifier,_pendingCalls
69.15023040771484,-3.8629372119903564,=,=
112.46028137207031,-25.501720428466797,{,{
115.92387390136719,-14.459212303161621,},}
-60.43285369873047,115.70909118652344,.,.
-64.94392395019531,12.24326229095459,identifier,_contact
64.30570983886719,-7.73169469833374,=,=
-119.9692611694336,-65.18544006347656,identifier,options
-33.35171127319336,128.43069458007812,.,.
-71.1242446899414,9.856772422790527,identifier,replyto
87.6092758178711,-56.28594970703125,||,||
-93.07648468017578,-31.70366859436035,identifier,contact
-60.32929611206055,115.4451904296875,.,.
-65.30838012695312,12.411693572998047,identifier,_log
64.22109985351562,-6.894500255584717,=,=
-118.80580139160156,-66.07354736328125,identifier,options
80.20993041992188,-67.7110595703125,&&,&&
-118.3342514038086,-65.49434661865234,identifier,options
-33.073184967041016,128.65164184570312,.,.
-36.36997985839844,15.894047737121582,identifier,logger
-58.87540817260742,116.41722106933594,.,.
-61.12351608276367,13.504443168640137,identifier,readyState
67.48334503173828,-2.3993241786956787,=,=
-57.67555236816406,106.52039337158203,.,.
-47.35081481933594,13.184738159179688,identifier,open
31.335742950439453,40.542049407958984,(,(
37.27431869506836,50.2818717956543,),)
72.17680358886719,166.0655059814453,},}
-1.9047962427139282,-139.8513641357422,function,function
-10.528950691223145,-105.52008819580078,(,(
-124.83842468261719,-71.18060302734375,identifier,options
53.5202522277832,-110.48377990722656,),)
69.86100769042969,-140.49195861816406,{,{
-125.69285583496094,-67.70989227294922,identifier,options
81.42154693603516,-39.00198745727539,=,=
-123.90172576904297,-67.76152801513672,identifier,options
85.61312103271484,-53.144588470458984,||,||
116.43151092529297,-22.675203323364258,{,{
116.07128143310547,-15.75525951385498,},}
203.7249298095703,-5.584326267242432,if,if
34.799888610839844,-65.83859252929688,(,(
-55.025753021240234,115.46772766113281,.,.
-92.42962646484375,16.52207374572754,identifier,passports
83.0609130859375,-67.88188171386719,&&,&&
-55.005455017089844,115.39058685302734,.,.
-92.39192962646484,16.531494140625,identifier,passports
-8.481852531433105,93.99404907226562,.,.
-27.672422409057617,-41.66219711303711,identifier,every
-16.749006271362305,-46.958621978759766,(,(
-124.17970275878906,14.009434700012207,identifier,t
-124.18822479248047,13.733034133911133,identifier,t
-51.264671325683594,26.76138687133789,identifier,app
-45.63688278198242,99.09182739257812,.,.
-54.35497283935547,28.434207916259766,identifier,orm
26.897727966308594,85.33136749267578,),)
85.24368286132812,-68.36190795898438,&&,&&
-123.22277069091797,-63.14377212524414,identifier,options
-37.709224700927734,127.341064453125,.,.
-63.717384338378906,5.305605888366699,identifier,reload
130.37234497070312,-82.3547134399414,),)
126.50013732910156,-98.0710678100586,{,{
-68.69571685791016,-147.54095458984375,return,return
-68.6424331665039,-14.765881538391113,identifier,Promise
-37.14450454711914,83.56986236572266,.,.
-43.30830001831055,-28.59714698791504,identifier,resolve
-4.042196273803711,-13.606661796569824,(,(
48.29905319213867,67.58070373535156,),)
130.68099975585938,104.77464294433594,},}
138.83436584472656,88.5873031616211,else,else
118.02079010009766,-113.78916931152344,{,{
-65.92493438720703,-139.37574768066406,return,return
-54.65042495727539,108.82942962646484,.,.
-54.07256317138672,-5.005739212036133,identifier,getPassports
0.0821472704410553,-21.0859317779541,(,(
120.50811004638672,-29.52656364440918,{,{
-73.33433532714844,-39.517242431640625,identifier,transaction
-120.91065979003906,-64.99182891845703,identifier,options
-34.31034469604492,127.7096939086914,.,.
-73.2114028930664,-39.67555236816406,identifier,transaction
87.23316955566406,-55.27545928955078,||,||
98.77165222167969,90.08441162109375,},}
42.58624267578125,82.8863296508789,),)
4.441797256469727,95.45763397216797,.,.
-17.891332626342773,-57.20703887939453,identifier,then
-13.218305587768555,-51.488338470458984,(,(
-93.97134399414062,16.885549545288086,identifier,passports
86.23436737060547,-128.5594024658203,{,{
-94.01517486572266,16.534107208251953,identifier,passports
66.23675537109375,-17.65857696533203,=,=
-94.30709075927734,16.17807960510254,identifier,passports
86.19529724121094,-54.54219436645508,||,||
-56.36012268066406,118.58554077148438,.,.
-93.29285430908203,16.33378028869629,identifier,passports
62.997596740722656,-10.28073787689209,=,=
-94.44407653808594,15.651315689086914,identifier,passports
-55.706382751464844,106.28458404541016,.,.
-44.102474212646484,-4.056407451629639,identifier,setDataValue
-3.2629897594451904,-10.4556303024292,(,(
103.40287780761719,46.196495056152344,",",","
-94.52147674560547,15.325522422790527,identifier,passports
54.91633224487305,72.17040252685547,),)
-55.72378158569336,106.174072265625,.,.
-44.96493911743164,-3.0606017112731934,identifier,set
-3.2901763916015625,-10.439356803894043,(,(
103.40966033935547,46.15549087524414,",",","
-94.60604095458984,15.236414909362793,identifier,passports
54.684715270996094,72.57606506347656,),)
-57.548011779785156,-140.9753875732422,return,return
108.4345474243164,99.37551879882812,},}
63.86279296875,85.18955993652344,),)
113.08071899414062,102.9028091430664,},}
68.66506958007812,169.90220642089844,},}
5.460361003875732,-148.37657165527344,function,function
-59.634788513183594,-12.535186767578125,identifier,splitHeader
-9.381203651428223,-83.79161834716797,(,(
-79.28350067138672,-30.094301223754883,identifier,content
56.68484115600586,-114.77410125732422,),)
72.7469482421875,-142.21022033691406,{,{
-127.62584686279297,-14.289246559143066,identifier,lines
80.2488784790039,-28.77972984313965,=,=
-79.52996063232422,-30.137496948242188,identifier,content
-10.117996215820312,100.11216735839844,.,.
1.2087836265563965,20.48418617248535,identifier,split
3.167961835861206,16.875703811645508,(,(
32.64793395996094,64.38912200927734,),)
207.5679931640625,-4.029092311859131,if,if
31.898927688598633,-63.58736801147461,(,(
-127.83650970458984,-14.825929641723633,identifier,lines
130.29638671875,-84.75089263916016,),)
128.5970916748047,-96.39183044433594,{,{
-68.02532958984375,-148.88572692871094,return,return
116.13720703125,-26.284832000732422,{,{
114.1206283569336,-14.810556411743164,},}
131.0719757080078,110.21710205078125,},}
-162.7919921875,10.271566390991211,identifier,i
64.98188781738281,-44.96530532836914,=,=
183.7467498779297,-21.553447723388672,for,for
176.8997344970703,-22.447282791137695,(,(
-168.17913818359375,7.305954933166504,identifier,i
59.12407684326172,-50.78705978393555,<,<
-127.77332305908203,-15.14437198638916,identifier,lines
-14.326249122619629,93.33516693115234,.,.
-125.7652359008789,69.90095520019531,identifier,length
-172.26100158691406,2.4355568885803223,identifier,i
97.35946655273438,-93.4845962524414,),)
102.44036865234375,-98.41511535644531,{,{
211.0869598388672,2.150378704071045,if,if
26.655380249023438,-70.31163787841797,(,(
-127.75593566894531,-15.17580795288086,identifier,lines
-161.40777587890625,-3.6345622539520264,identifier,i
38.70022964477539,14.007875442504883,===,===
133.0059356689453,-83.73114776611328,),)
130.08505249023438,-99.33021545410156,{,{
125.23014068603516,112.98692321777344,},}
122.45826721191406,99.30142974853516,},}
-62.77569580078125,-139.92755126953125,return,return
116.77471160888672,-30.79349136352539,{,{
-60.021827697753906,-13.220869064331055,identifier,header
-127.2619857788086,-15.305976867675781,identifier,lines
-13.003495216369629,91.02267456054688,.,.
-6.803487777709961,11.494514465332031,identifier,slice
-0.5565371513366699,8.987879753112793,(,(
95.23998260498047,35.4859504699707,",",","
-160.68856811523438,2.706547975540161,identifier,i
-10.522579193115234,53.64674377441406,+,+
32.97292709350586,86.31759643554688,),)
1.1355499029159546,95.87576293945312,.,.
9.551019668579102,17.52607536315918,identifier,join
7.046588897705078,13.776483535766602,(,(
37.76054000854492,85.61792755126953,),)
128.0035400390625,44.142459869384766,",",","
-77.93441772460938,-30.371116638183594,identifier,content
-127.19529724121094,-15.26728343963623,identifier,lines
-13.119795799255371,90.97271728515625,.,.
-6.759015083312988,11.007736206054688,identifier,slice
-1.3642730712890625,8.70215129852295,(,(
-160.96681213378906,2.3741493225097656,identifier,i
-10.616844177246094,53.844337463378906,+,+
32.83592224121094,86.63642883300781,),)
1.3225773572921753,95.9139175415039,.,.
9.712715148925781,17.553606033325195,identifier,join
7.215427875518799,13.651788711547852,(,(
38.03717803955078,85.74616241455078,),)
118.29156494140625,52.9476318359375,",",","
103.23661041259766,91.9532470703125,},}
70.15929412841797,160.53599548339844,},}
-2.549569606781006,-140.57803344726562,function,function
-9.670443534851074,-106.2065200805664,(,(
-74.49916076660156,-38.73747253417969,identifier,transaction
58.21742630004883,-113.62752532958984,),)
73.53378295898438,-139.42599487304688,{,{
-84.05671691894531,55.18745803833008,identifier,me
83.53807830810547,-33.78773498535156,=,=
154.73960876464844,36.75457763671875,",",","
-91.3876953125,11.670984268188477,identifier,enableBuffer
76.4607925415039,-32.28064727783203,=,=
-83.70811462402344,57.471092224121094,identifier,me
-51.75650405883789,109.74161529541016,.,.
-54.75987243652344,-2.658252477645874,identifier,getEnableBuffer
29.130409240722656,47.69721984863281,(,(
34.12677764892578,58.004024505615234,),)
207.5663299560547,-4.836478233337402,if,if
31.442729949951172,-62.49980545043945,(,(
-75.13101196289062,-39.13174819946289,identifier,transaction
-35.39474868774414,106.28987121582031,.,.
-60.185699462890625,-0.37591296434402466,identifier,getForm
30.312593460083008,49.06918716430664,(,(
31.425308227539062,50.07803726196289,),)
125.80895233154297,-81.1200180053711,),)
125.4096450805664,-95.55970764160156,{,{
-82.79356384277344,57.213592529296875,identifier,me
-50.91748809814453,108.79670715332031,.,.
-60.258209228515625,-0.21299220621585846,identifier,sendFormRequest
1.8438973426818848,-17.868881225585938,(,(
-74.94258880615234,-39.036373138427734,identifier,transaction
44.55517578125,68.37730407714844,),)
-66.18297576904297,-152.52615356445312,return,return
131.67425537109375,109.17000579833984,},}
-82.47523498535156,57.21402359008789,identifier,me
-50.47870635986328,109.5430908203125,.,.
-74.66572570800781,11.49199104309082,identifier,callBuffer
-18.727210998535156,88.91918182373047,.,.
-18.818559646606445,12.6946382522583,identifier,push
3.0417850017547607,-6.237610816955566,(,(
-74.82373809814453,-38.991397857666016,identifier,transaction
44.7941780090332,68.21410369873047,),)
203.56118774414062,1.5085690021514893,if,if
24.71648597717285,-66.469482421875,(,(
-91.50614929199219,12.030139923095703,identifier,enableBuffer
126.09908294677734,-75.19830322265625,),)
119.53285217285156,-103.06568145751953,{,{
208.86123657226562,4.522348880767822,if,if
23.544692993164062,-67.98551177978516,(,(
-82.11669158935547,58.60038757324219,identifier,me
-49.46150588989258,110.4850845336914,.,.
-75.0930404663086,11.958097457885742,identifier,callTask
123.3290786743164,-73.22447204589844,),)
125.01689910888672,-103.20269012451172,{,{
-82.10943603515625,57.92667007446289,identifier,me
-49.73948287963867,109.84465026855469,.,.
-75.15045928955078,12.001441955566406,identifier,callTask
67.3614501953125,-13.107821464538574,=,=
-40.87162780761719,46.00385665893555,identifier,Ext
-41.28200912475586,87.12110900878906,.,.
-42.83875274658203,-0.39968231320381165,identifier,create
12.210326194763184,-14.94459056854248,(,(
101.39353942871094,43.56361770629883,",",","
-82.77616882324219,58.63154220581055,identifier,me
-49.16904067993164,109.24346160888672,.,.
-46.03716278076172,3.2738749980926514,identifier,combineAndSend
106.67948913574219,43.31979751586914,",",","
-84.72708129882812,58.17146682739258,identifier,me
47.15569305419922,71.90335083007812,),)
125.03582763671875,107.70050048828125,},}
-82.32687377929688,57.80004119873047,identifier,me
-50.078651428222656,109.57332611083984,.,.
-75.11859130859375,11.951407432556152,identifier,callTask
-31.571002960205078,103.28272247314453,.,.
-39.22249221801758,-14.569036483764648,identifier,delay
7.686490535736084,-12.090309143066406,(,(
-40.647247314453125,46.60417175292969,identifier,Ext
-41.66902542114258,87.27696990966797,.,.
-47.31023025512695,8.920894622802734,identifier,isNumber
-2.149122714996338,-34.5274543762207,(,(
-91.66881561279297,12.40837574005127,identifier,enableBuffer
29.48191261291504,72.88645935058594,),)
-91.73782348632812,12.629782676696777,identifier,enableBuffer
52.633750915527344,80.78704071044922,),)
127.30675506591797,99.9201889038086,},}
137.89601135253906,90.23176574707031,else,else
119.65847778320312,-115.24752807617188,{,{
-82.9617691040039,57.8383903503418,identifier,me
-50.79435729980469,108.6376953125,.,.
-46.03529357910156,3.2569735050201416,identifier,combineAndSend
31.96768569946289,39.96929931640625,(,(
37.52094268798828,50.63771438598633,),)
114.65320587158203,109.02042388916016,},}
68.77391052246094,166.99874877929688,},}
3.1054725646972656,-147.4217071533203,function,function
-56.341758728027344,-9.076362609863281,identifier,getDigest
-9.51882266998291,-83.18106079101562,(,(
-128.05548095703125,-52.099491119384766,identifier,cfg
55.33730697631836,-111.78199768066406,),)
71.73587036132812,-142.3915252685547,{,{
-103.89718627929688,20.104400634765625,identifier,ha1
151.22169494628906,34.80808639526367,",",","
-103.84848022460938,20.12978172302246,identifier,ha2
150.7146453857422,34.79789352416992,",",","
-120.70276641845703,24.19100570678711,identifier,response
-104.73663330078125,20.81344985961914,identifier,ha1
65.14141845703125,-23.266761779785156,=,=
-52.13325500488281,60.237648010253906,identifier,crypto
-48.80047607421875,89.65657806396484,.,.
-28.421321868896484,6.6498637199401855,identifier,createHash
11.29466724395752,-1.5336304903030396,(,(
8.532108306884766,89.22948455810547,),)
6.27069616317749,91.39521789550781,.,.
-25.268566131591797,5.645537853240967,identifier,update
8.315069198608398,-2.7803282737731934,(,(
-128.8871307373047,-54.764156341552734,identifier,cfg
-35.12656784057617,121.67693328857422,.,.
-62.14876937866211,4.05668306350708,identifier,fromExt
-6.6930623054504395,57.3570671081543,+,+
-1.1500316858291626,44.36680221557617,+,+
-128.9849090576172,-55.40971755981445,identifier,cfg
-34.80997085571289,121.87738800048828,.,.
-66.2850570678711,6.52081823348999,identifier,realm
-6.350662708282471,57.470523834228516,+,+
-1.2913504838943481,44.29911422729492,+,+
-129.10443115234375,-55.51207733154297,identifier,cfg
-34.79859924316406,121.83905029296875,.,.
-70.09820556640625,5.848763942718506,identifier,pass
28.901185989379883,88.73411560058594,),)
5.247156143188477,92.78236389160156,.,.
-27.819372177124023,3.6507511138916016,identifier,digest
9.615609169006348,0.9481677412986755,(,(
42.466609954833984,88.22624969482422,),)
-104.73049926757812,20.734405517578125,identifier,ha2
65.37578582763672,-22.959407806396484,=,=
-52.12794494628906,60.24513626098633,identifier,crypto
-48.939449310302734,89.72782135009766,.,.
-28.42884635925293,6.660308361053467,identifier,createHash
11.268625259399414,-1.5141416788101196,(,(
8.548333168029785,89.21916961669922,),)
6.5731282234191895,91.24410247802734,.,.
-25.281238555908203,5.6450276374816895,identifier,update
8.275725364685059,-2.818389654159546,(,(
-129.13804626464844,-54.7221565246582,identifier,cfg
-34.076595306396484,121.64375305175781,.,.
-65.14653778076172,6.477566242218018,identifier,meth
-6.9152350425720215,57.3248176574707,+,+
-1.5624299049377441,44.7352180480957,+,+
-129.47410583496094,-55.36442184448242,identifier,cfg
-34.45821762084961,121.39154052734375,.,.
-66.10302734375,6.908759593963623,identifier,authUri
28.90692710876465,88.7784194946289,),)
5.376702308654785,92.73985290527344,.,.
-27.809003829956055,3.6540653705596924,identifier,digest
9.607407569885254,0.9532231092453003,(,(
42.29325866699219,88.1884994506836,),)
-121.17029571533203,23.773380279541016,identifier,response
70.40106964111328,-18.07183265686035,=,=
-52.132850646972656,60.239593505859375,identifier,crypto
-48.96963119506836,89.77203369140625,.,.
-28.434764862060547,6.658234596252441,identifier,createHash
11.27672290802002,-1.5205903053283691,(,(
8.557300567626953,89.23344421386719,),)
6.703200817108154,91.240478515625,.,.
-25.289384841918945,5.642834186553955,identifier,update
8.296584129333496,-2.817026138305664,(,(
-103.36145782470703,21.35932731628418,identifier,ha1
-6.651088237762451,55.73161697387695,+,+
-1.9339346885681152,44.953277587890625,+,+
-129.63833618164062,-54.8682746887207,identifier,cfg
-34.45332336425781,121.01322174072266,.,.
-65.16944122314453,7.876852035522461,identifier,nonce
-5.9900689125061035,56.74247741699219,+,+
-2.096329689025879,44.766090393066406,+,+
-103.32490539550781,21.244077682495117,identifier,ha2
28.976848602294922,90.05574035644531,),)
5.913780689239502,92.77719116210938,.,.
-27.808406829833984,3.6615591049194336,identifier,digest
9.607497215270996,0.9467788338661194,(,(
41.938987731933594,88.10456848144531,),)
-58.01161193847656,-143.83787536621094,return,return
-121.83800506591797,24.742578506469727,identifier,response
72.40473175048828,158.53878784179688,},}
5.5641188621521,-150.4832305908203,function,function
-56.379207611083984,-10.433743476867676,identifier,slideNext
-12.307181358337402,-83.05048370361328,(,(
-82.38946533203125,-23.444128036499023,identifier,speed
89.23487091064453,-28.019977569580078,=,=
-54.00861740112305,113.98101043701172,.,.
-112.84834289550781,-54.669742584228516,identifier,params
-39.69495391845703,129.1746368408203,.,.
-82.16851043701172,-23.443029403686523,identifier,speed
134.28756713867188,34.15471649169922,",",","
-57.28205108642578,-42.31171798706055,identifier,runCallbacks
89.26202392578125,-27.211973190307617,=,=
134.51866149902344,34.397647857666016,",",","
-53.79000473022461,-37.710487365722656,identifier,internal
48.940128326416016,-116.52609252929688,),)
79.63578033447266,-146.14889526367188,{,{
-86.83560180664062,38.76190185546875,identifier,swiper
82.86422729492188,-33.11742401123047,=,=
124.31520080566406,-29.531574249267578,{,{
-111.7917251586914,-53.7582893371582,identifier,params
147.3424530029297,34.111263275146484,",",","
-73.45281219482422,-7.643833160400391,identifier,animating
87.81005859375,-8.784090042114258,},}
85.45459747314453,-11.904027938842773,=,=
-86.8145751953125,38.94977951049805,identifier,swiper
204.7845916748047,-1.3592842817306519,if,if
28.513233184814453,-65.5484848022461,(,(
-112.45262908935547,-55.003173828125,identifier,params
-38.055538177490234,127.90768432617188,.,.
-63.24677658081055,6.564948558807373,identifier,loop
124.00902557373047,-74.75254821777344,),)
118.55963134765625,-100.98875427246094,{,{
210.6560821533203,-0.18323348462581635,if,if
25.841596603393555,-62.84798049926758,(,(
-73.4619369506836,-7.640787601470947,identifier,animating
136.4468231201172,-83.93338012695312,),)
-66.86097717285156,-150.06640625,return,return
-86.15414428710938,39.44974136352539,identifier,swiper
-46.98820495605469,109.3043212890625,.,.
-63.183204650878906,6.62228536605835,identifier,loopFix
31.09013557434082,43.76886749267578,(,(
36.8933219909668,53.69746398925781,),)
-86.10380554199219,39.626869201660156,identifier,swiper
-46.74410629272461,109.49129486083984,.,.
-61.309539794921875,15.964641571044922,identifier,_clientLeft
66.70210266113281,-7.309514999389648,=,=
-86.48286437988281,39.61910629272461,identifier,swiper
-46.621681213378906,109.3270492553711,.,.
-68.08736419677734,27.950115203857422,identifier,$wrapperEl
-21.22995948791504,119.8703842163086,.,.
-61.2494010925293,16.15770149230957,identifier,clientLeft
-66.04937744140625,-142.233154296875,return,return
-86.40101623535156,40.19732666015625,identifier,swiper
-47.319908142089844,107.08883666992188,.,.
-41.524837493896484,-8.236246109008789,identifier,slideTo
8.045655250549316,-13.996112823486328,(,(
-86.41992950439453,40.58893585205078,identifier,swiper
-46.33173370361328,108.018310546875,.,.
-67.6057357788086,24.63766860961914,identifier,activeIndex
-8.526542663574219,50.87684631347656,+,+
-113.52164459228516,-55.836891174316406,identifier,params
-33.25756072998047,131.4275665283203,.,.
-66.74913787841797,21.67964744567871,identifier,slidesPerGroup
108.71720886230469,48.10624694824219,",",","
-83.02645874023438,-23.417139053344727,identifier,speed
112.70384979248047,42.79594039916992,",",","
-57.23576736450195,-42.33452224731445,identifier,runCallbacks
113.82180786132812,42.56022644042969,",",","
-53.798458099365234,-37.72787094116211,identifier,internal
51.921958923339844,72.26116943359375,),)
124.78446960449219,102.71461486816406,},}
-64.95310974121094,-142.44644165039062,return,return
-86.92906188964844,40.02031326293945,identifier,swiper
-47.2617073059082,106.94451141357422,.,.
-41.524845123291016,-8.232894897460938,identifier,slideTo
8.030198097229004,-14.021510124206543,(,(
-86.91316986083984,40.35123825073242,identifier,swiper
-46.271507263183594,107.90642547607422,.,.
-67.60530853271484,24.639127731323242,identifier,activeIndex
-8.54957389831543,50.849857330322266,+,+
-113.5113296508789,-55.83074951171875,identifier,params
-33.088294982910156,131.3638458251953,.,.
-66.74842834472656,21.682430267333984,identifier,slidesPerGroup
108.72692108154297,48.136234283447266,",",","
-83.06845092773438,-23.416730880737305,identifier,speed
112.71083068847656,42.8487548828125,",",","
-57.2164421081543,-42.3425178527832,identifier,runCallbacks
113.84408569335938,42.65152359008789,",",","
-53.79848098754883,-37.729305267333984,identifier,internal
51.96327590942383,72.4627456665039,),)
73.87594604492188,161.5294952392578,},}
2.378891944885254,-151.0292205810547,function,function
-56.69041442871094,-7.961742877960205,identifier,preferredEncodings
-10.740504264831543,-83.14354705810547,(,(
-78.59197998046875,-52.25515365600586,identifier,accept
141.485107421875,21.243391036987305,",",","
-85.12028503417969,-48.71076583862305,identifier,provided
54.138404846191406,-116.7936019897461,),)
75.02901458740234,-144.0196990966797,{,{
-79.99148559570312,-52.450172424316406,identifier,accepts
78.0415267944336,-28.959218978881836,=,=
-55.867183685302734,-4.740581035614014,identifier,parseAcceptEncoding
-0.9722623229026794,-22.84281349182129,(,(
-78.67054748535156,-52.321624755859375,identifier,accept
87.8466796875,-53.295230865478516,||,||
35.047847747802734,65.20513916015625,),)
206.71678161621094,-4.433825492858887,if,if
32.79433822631836,-62.5969123840332,(,(
-85.28826141357422,-48.84016418457031,identifier,provided
123.321533203125,-78.88677978515625,),)
126.03308868408203,-94.93256378173828,{,{
-68.18211364746094,-146.7873992919922,return,return
-80.21688842773438,-52.469505310058594,identifier,accepts
-8.915924072265625,91.7665786743164,.,.
-19.769851684570312,-43.403289794921875,identifier,filter
-15.477591514587402,-45.40071105957031,(,(
-69.6125259399414,3.688525676727295,identifier,isQuality
25.798837661743164,88.29911041259766,),)
3.802135705947876,93.49132537841797,.,.
-31.597288131713867,-34.30609130859375,identifier,sort
-14.677248001098633,-44.68913269042969,(,(
-62.037071228027344,-22.359451293945312,identifier,compareSpecs
25.854158401489258,88.28043365478516,),)
3.6750760078430176,93.48616027832031,.,.
-22.2448787689209,-46.31901931762695,identifier,map
-15.137382507324219,-46.1099853515625,(,(
-52.12036895751953,-4.104229927062988,identifier,getFullEncoding
44.046112060546875,80.82879638671875,),)
131.38446044921875,107.93104553222656,},}
-109.00184631347656,35.90095901489258,identifier,priorities
77.33235931396484,-23.314565658569336,=,=
-85.29705047607422,-48.87688446044922,identifier,provided
-10.463990211486816,93.9819107055664,.,.
-22.634103775024414,-45.9674072265625,identifier,map
-15.473986625671387,-47.65404510498047,(,(
8.186580657958984,-115.5160140991211,function,function
-51.15388107299805,-4.042262077331543,identifier,getPriority
-4.142569065093994,-87.61624908447266,(,(
-89.27095031738281,-24.98664093017578,identifier,type
128.72488403320312,19.24347686767578,",",","
-146.982421875,-15.656702041625977,identifier,index
65.8699722290039,-118.876220703125,),)
82.11827850341797,-125.5819091796875,{,{
-69.93387603759766,-140.1553955078125,return,return
-51.60972595214844,-3.207843780517578,identifier,getEncodingPriority
1.6159759759902954,-24.859771728515625,(,(
-88.97164154052734,-24.83509063720703,identifier,type
108.03053283691406,33.1596565246582,",",","
-80.45446014404297,-52.52097702026367,identifier,accepts
113.62332153320312,37.44794464111328,",",","
-146.3122100830078,-15.349955558776855,identifier,index
42.89875793457031,73.98458862304688,),)
102.34164428710938,100.70088958740234,},}
59.30877685546875,87.12355041503906,),)
-65.57255554199219,-140.73410034179688,return,return
-108.95601654052734,35.96897506713867,identifier,priorities
-9.377527236938477,91.22850799560547,.,.
-19.80210304260254,-43.40489196777344,identifier,filter
-15.141674041748047,-45.30237579345703,(,(
-69.67037200927734,3.7034130096435547,identifier,isQuality
26.788150787353516,88.43031311035156,),)
3.2414445877075195,94.28966522216797,.,.
-31.59825897216797,-34.30526351928711,identifier,sort
-14.631559371948242,-44.6642951965332,(,(
-62.051998138427734,-22.35887908935547,identifier,compareSpecs
26.882354736328125,88.41148376464844,),)
3.0214407444000244,94.42659759521484,.,.
-22.353832244873047,-46.317657470703125,identifier,map
-15.178454399108887,-48.14255905151367,(,(
8.0551176071167,-114.91654968261719,function,function
-51.28178787231445,-4.658414363861084,identifier,getEncoding
-4.651939868927002,-87.40918731689453,(,(
-110.75495910644531,38.15918731689453,identifier,priority
66.70378875732422,-117.48954010009766,),)
84.15796661376953,-125.16612243652344,{,{
-69.73247528076172,-141.21585083007812,return,return
-85.3569107055664,-48.92878341674805,identifier,provided
-108.94126892089844,36.00466537475586,identifier,priorities
-9.577012062072754,90.56034851074219,.,.
-24.502378463745117,-0.7153246402740479,identifier,indexOf
0.3968435823917389,-4.170452117919922,(,(
-110.70832824707031,38.278255462646484,identifier,priority
34.95524597167969,74.98130798339844,),)
103.89285278320312,98.73579406738281,},}
62.16447830200195,86.15770721435547,),)
69.97879028320312,161.23431396484375,},}
-2.888460636138916,-140.9766082763672,function,function
-8.824249267578125,-105.99127197265625,(,(
-98.56021118164062,-51.324275970458984,identifier,ev
58.669158935546875,-112.2883529663086,),)
73.82479858398438,-138.48245239257812,{,{
-108.55389404296875,21.373332977294922,identifier,cts
150.92405700683594,35.855560302734375,",",","
-160.9846649169922,9.31831169128418,identifier,i
149.7594451904297,36.56621170043945,",",","
-101.03749084472656,15.216706275939941,identifier,nextPointers
200.99237060546875,-6.0850725173950195,if,if
34.62656021118164,-63.484519958496094,(,(
-98.16332244873047,-51.16554260253906,identifier,ev
-34.42893981933594,108.62861633300781,.,.
-64.44027709960938,20.374177932739258,identifier,defaultPrevented
124.91547393798828,-82.03050994873047,),)
118.39220428466797,-97.22799682617188,{,{
210.27145385742188,-2.9827165603637695,if,if
30.410194396972656,-60.68407440185547,(,(
-64.8388671875,19.09534454345703,identifier,_preventDefault
121.98844146728516,-74.99344635009766,),)
124.95132446289062,-94.64856719970703,{,{
-98.07593536376953,-51.13084411621094,identifier,ev
-34.588783264160156,108.4471664428711,.,.
-64.4331283569336,20.395709991455078,identifier,preventDefault
33.1804084777832,45.647281646728516,(,(
39.10525131225586,54.577579498291016,),)
130.33827209472656,113.75358581542969,},}
-99.0546875,15.731748580932617,identifier,nextPointers
74.24638366699219,-22.46521759033203,=,=
-54.1335334777832,51.199832916259766,identifier,utils
-44.59891891479492,89.63996124267578,.,.
-47.277889251708984,15.534286499023438,identifier,clone
-8.675806045532227,-29.34718132019043,(,(
-70.72291564941406,15.078021049499512,identifier,_currPointers
56.13182830810547,66.50108337402344,),)
-108.5242691040039,20.720428466796875,identifier,cts
69.53118133544922,-22.414508819580078,=,=
-98.11568450927734,-51.14502716064453,identifier,ev
-34.221614837646484,108.88923645019531,.,.
-59.61248016357422,12.157451629638672,identifier,changedTouches
185.7251434326172,-19.268213272094727,for,for
178.0164337158203,-23.185562133789062,(,(
-168.43316650390625,10.557235717773438,identifier,i
61.953208923339844,-43.18141174316406,=,=
-167.4796905517578,6.620190620422363,identifier,i
59.481258392333984,-50.426578521728516,<,<
-109.1348648071289,20.71518325805664,identifier,cts
-15.42120361328125,93.21190643310547,.,.
-127.67181396484375,69.19934844970703,identifier,length
-170.12014770507812,2.3813133239746094,identifier,i
99.31428527832031,-93.27316284179688,),)
102.16949462890625,-99.36920166015625,{,{
-98.95374298095703,15.718408584594727,identifier,nextPointers
-109.45130157470703,20.72403907775879,identifier,cts
-160.4973907470703,-3.265882968902588,identifier,i
-22.40770721435547,119.91084289550781,.,.
-84.99420166015625,-13.271728515625,identifier,identifier
59.04343032836914,-9.152237892150879,=,=
-109.66392517089844,20.773496627807617,identifier,cts
-160.03160095214844,-1.868861198425293,identifier,i
-22.67751693725586,120.60609436035156,.,.
-59.40196990966797,27.766822814941406,identifier,pageX
121.32756042480469,37.4017219543457,",",","
-109.74815368652344,20.712932586669922,identifier,cts
-159.39932250976562,-1.2183756828308105,identifier,i
-22.874094009399414,120.97714233398438,.,.
-59.48195266723633,27.764570236206055,identifier,pageY
121.89990997314453,101.4933853149414,},}
200.63572692871094,5.108795642852783,if,if
20.62204360961914,-75.51527404785156,(,(
-66.22246551513672,17.34520721435547,identifier,_started
123.15011596679688,-83.99532318115234,),)
126.32084655761719,-108.36985778808594,{,{
-66.21693420410156,17.27044677734375,identifier,_started
63.73461151123047,0.17544770240783691,=,=
-65.41480255126953,16.33154296875,identifier,_handlers
-30.202987670898438,94.54043579101562,.,.
-45.652156829833984,-0.9897957444190979,identifier,start
5.844724655151367,-16.154329299926758,(,(
-97.7652359008789,15.711163520812988,identifier,nextPointers
54.0439338684082,73.30685424804688,),)
120.86711120605469,105.16880798339844,},}
-70.58586883544922,15.01346206665039,identifier,_currPointers
63.15146255493164,-11.485038757324219,=,=
-97.65218353271484,15.714024543762207,identifier,nextPointers
112.68636322021484,104.06187438964844,},}
69.62165069580078,167.86875915527344,},}
-3.990100860595703,-139.70494079589844,function,function
-8.904901504516602,-104.24491882324219,(,(
70.62667846679688,-131.10397338867188,),)
70.85941314697266,-138.71763610839844,{,{
-62.22292709350586,-28.308761596679688,identifier,trap
77.57585906982422,-32.145347595214844,=,=
-53.55867004394531,111.245361328125,.,.
-53.972251892089844,-3.486715316772461,identifier,getTrap
-3.9428930282592773,-21.55930519104004,(,(
-52.963226318359375,10.474862098693848,"""","""isExtensible"""
36.55689239501953,64.59026336669922,),)
207.0530242919922,-5.1156439781188965,if,if
31.21781349182129,-62.08863067626953,(,(
-62.26534652709961,-29.170095443725586,identifier,trap
35.49056625366211,18.323942184448242,===,===
126.67840576171875,-83.7065658569336,),)
126.48497772216797,-95.38995361328125,{,{
-67.66931915283203,-146.5239715576172,return,return
-40.38809585571289,22.26808738708496,identifier,Reflect
-39.1650390625,85.77262115478516,.,.
-51.96609115600586,9.36190128326416,identifier,isExtensible
-1.1329751014709473,-30.148090362548828,(,(
-49.73017883300781,116.30644226074219,.,.
-90.87039947509766,-43.089454650878906,identifier,target
34.52959442138672,70.33209991455078,),)
131.1693115234375,108.44876098632812,},}
-127.8516845703125,28.0826358795166,identifier,result
72.84159088134766,-20.856416702270508,=,=
-61.2736930847168,-29.1579647064209,identifier,trap
-23.385637283325195,94.69710540771484,.,.
-13.293890953063965,-3.961355447769165,identifier,call
-7.739597797393799,-5.888021945953369,(,(
-50.63212585449219,114.73389434814453,.,.
-54.490970611572266,-19.664587020874023,identifier,handler
107.53648376464844,27.55324935913086,",",","
-49.28167724609375,116.71269989013672,.,.
-90.81718444824219,-42.55588150024414,identifier,target
41.56064987182617,69.95287322998047,),)
-126.67678833007812,26.851911544799805,identifier,result
73.58245086669922,-16.299274444580078,=,=
-126.86566162109375,25.544801712036133,identifier,result
-87.96601867675781,33.25239562988281,identifier,state
73.4720230102539,-19.574228286743164,=,=
-51.97686004638672,9.060222625732422,identifier,Object_isExtensible
-0.9123881459236145,-30.224342346191406,(,(
-48.90412902832031,117.41411590576172,.,.
-91.32704162597656,-42.78268051147461,identifier,target
34.304908752441406,70.66506958007812,),)
204.14569091796875,4.650627613067627,if,if
22.73928451538086,-70.55438232421875,(,(
-126.00753784179688,25.26946258544922,identifier,result
-88.17967224121094,33.26789855957031,identifier,state
133.09585571289062,-76.3923568725586,),)
120.95281982421875,-105.92190551757812,{,{
209.7210235595703,7.764906406402588,if,if
20.521451950073242,-70.57464599609375,(,(
-125.8551254272461,25.020143508911133,identifier,result
129.96292114257812,-72.89282989501953,),)
129.2488555908203,-104.41722106933594,{,{
-33.41458511352539,-25.261917114257812,identifier,TypeError
17.36753273010254,-9.961296081542969,(,(
-56.60165023803711,11.122897148132324,"""","""cannot report non-extensible object as extensible: """
1.5282167196273804,48.726444244384766,+,+
-49.32788848876953,118.36526489257812,.,.
-91.8871841430664,-42.26655197143555,identifier,target
53.257049560546875,89.5333023071289,),)
132.5803985595703,101.6615982055664,},}
140.58668518066406,91.36549377441406,else,else
121.41786193847656,-115.06916046142578,{,{
-33.54459762573242,-25.871213912963867,identifier,TypeError
17.058643341064453,-9.397448539733887,(,(
-56.51163864135742,11.241132736206055,"""","""cannot report extensible object as non-extensible: """
1.3916292190551758,48.850738525390625,+,+
-49.16315841674805,118.50562286376953,.,.
-91.82532501220703,-42.39055252075195,identifier,target
53.319156646728516,89.5340347290039,),)
117.39309692382812,109.72496795654297,},}
117.0991439819336,101.04488372802734,},}
-59.699432373046875,-145.1529998779297,return,return
-88.2967758178711,33.300655364990234,identifier,state
70.86701202392578,156.31980895996094,},}
4.344288349151611,-150.69859313964844,function,function
-61.04270935058594,-11.27706527709961,identifier,wrapPromise
-10.735864639282227,-84.9849624633789,(,(
-105.04568481445312,-4.064486503601074,identifier,promise
56.68250274658203,-113.46892547607422,),)
69.61001586914062,-144.43515014648438,{,{
-66.84998321533203,-137.57574462890625,return,return
-105.16551971435547,-4.095710277557373,identifier,promise
-11.45151138305664,101.83773803710938,.,.
-18.544631958007812,-58.40100860595703,identifier,then
-13.045053482055664,-50.09767532348633,(,(
5.665071487426758,-117.91620635986328,function,function
-3.860766649246216,-107.23070526123047,(,(
-114.88584899902344,12.172938346862793,identifier,value
63.22117233276367,-115.8141860961914,),)
81.59254455566406,-130.13829040527344,{,{
-67.96088409423828,-138.1903533935547,return,return
-68.56739044189453,-15.412519454956055,identifier,Promise
-8.532362937927246,-47.67952346801758,(,(
4.482341766357422,-115.07626342773438,function,function
-3.296314001083374,-107.12169647216797,(,(
-44.079891204833984,-31.1606388092041,identifier,resolve
129.53318786621094,21.23212242126465,",",","
-43.68535232543945,-32.989646911621094,identifier,reject
65.84258270263672,-112.42031860351562,),)
81.64191436767578,-128.0461883544922,{,{
-79.16461181640625,39.847694396972656,identifier,_object2
-66.26994323730469,83.90106201171875,.,.
-67.10811614990234,42.05690383911133,identifier,default
-53.61128234863281,100.04073333740234,.,.
-39.21145248413086,-14.586298942565918,identifier,delay
-8.058492660522461,-45.50066375732422,(,(
4.599187850952148,-114.02662658691406,function,function
-1.456817865371704,-103.48138427734375,(,(
73.45062255859375,-125.79412078857422,),)
82.93563842773438,-123.4674301147461,{,{
-43.706424713134766,-31.258024215698242,identifier,resolve
12.932713508605957,-23.31623649597168,(,(
-115.00834655761719,11.881497383117676,identifier,value
43.26518630981445,68.24346923828125,),)
101.30561828613281,100.63296508789062,},}
57.91733932495117,88.46073913574219,),)
-79.39346313476562,40.10881042480469,identifier,_object2
-66.27909851074219,83.93506622314453,.,.
-67.1175308227539,42.06314468383789,identifier,default
-54.55202102661133,100.6871337890625,.,.
-63.72241973876953,8.796788215637207,identifier,_queueFlush
30.948244094848633,42.766300201416016,(,(
38.46185302734375,53.003292083740234,),)
104.04528045654297,101.15701293945312,},}
59.6088981628418,88.21741485595703,),)
104.79499816894531,101.73387908935547,},}
110.42316436767578,53.94843292236328,",",","
3.1522057056427,-116.37165832519531,function,function
-1.4270029067993164,-105.81230926513672,(,(
-49.95677185058594,-29.426292419433594,identifier,reason
64.651123046875,-115.61683654785156,),)
84.97454833984375,-127.28321075439453,{,{
-67.66939544677734,-139.29330444335938,return,return
-68.56339263916016,-15.470243453979492,identifier,Promise
-8.51012897491455,-47.648292541503906,(,(
5.072073459625244,-114.68570709228516,function,function
-0.9115363955497742,-106.80326080322266,(,(
-44.1878547668457,-31.14508056640625,identifier,resolve
129.47518920898438,21.13706398010254,",",","
-43.6068115234375,-32.96846389770508,identifier,reject
65.9996566772461,-112.42788696289062,),)
84.7601089477539,-126.41986846923828,{,{
-79.41085815429688,40.14857864379883,identifier,_object2
-66.27618408203125,83.93094635009766,.,.
-67.12081909179688,42.06496047973633,identifier,default
-53.65511703491211,100.06591033935547,.,.
-39.20992660522461,-14.582486152648926,identifier,delay
-8.05276107788086,-45.50663757324219,(,(
5.045183181762695,-114.11675262451172,function,function
-1.1855376958847046,-103.51807403564453,(,(
73.44649505615234,-125.55183410644531,),)
83.42630767822266,-123.55731201171875,{,{
-43.37667465209961,-32.7578239440918,identifier,reject
13.09478759765625,-23.294536590576172,(,(
-49.955413818359375,-29.433931350708008,identifier,reason
47.59453201293945,77.6767578125,),)
101.42969512939453,99.47126007080078,},}
57.426910400390625,88.3290786743164,),)
-79.47260284423828,40.210758209228516,identifier,_object2
-66.27954864501953,83.94113159179688,.,.
-67.11277770996094,42.062599182128906,identifier,default
-54.553104400634766,100.68577575683594,.,.
-63.790775299072266,8.995987892150879,identifier,_queueFlush
30.965286254882812,42.44586944580078,(,(
38.584136962890625,52.688682556152344,),)
105.50174713134766,99.09119415283203,},}
61.0069465637207,86.32926940917969,),)
107.52694702148438,98.55653381347656,},}
63.84230041503906,86.513427734375,),)
68.24137115478516,161.70513916015625,},}
5.5409159660339355,-145.92181396484375,function,function
-60.277374267578125,-9.696418762207031,identifier,initialize
-12.353209495544434,-85.68595123291016,(,(
-73.89232635498047,-33.50484848022461,identifier,driver
55.68729019165039,-112.78916931152344,),)
70.5975341796875,-142.7688751220703,{,{
-88.02735137939453,4.701336860656738,identifier,repoState
77.11653137207031,-30.038782119750977,=,=
-87.6551742553711,4.232690334320068,identifier,RepositoryState
-35.17193603515625,89.9297103881836,.,.
-55.3233757019043,6.634253978729248,identifier,createEmpty
36.913841247558594,56.994686126708984,(,(
36.719757080078125,56.933536529541016,),)
-66.04334259033203,-138.50479125976562,return,return
-49.85008239746094,-7.484372138977051,identifier,fetchBranches
1.1800355911254883,-21.889949798583984,(,(
-88.40562438964844,5.803283214569092,identifier,repoState
110.91036987304688,31.691326141357422,",",","
-73.88716888427734,-33.52006530761719,identifier,driver
40.87360382080078,73.07762145996094,),)
4.19523811340332,96.40159606933594,.,.
-18.619035720825195,-57.44904708862305,identifier,then
-13.648252487182617,-50.70405197143555,(,(
1.8550649881362915,-106.54196166992188,(,(
-88.95427703857422,4.7756195068359375,identifier,repoState
69.01063537597656,-116.07282257080078,),)
85.32017517089844,-130.2849884033203,{,{
-126.37151336669922,-9.422285079956055,identifier,branches
78.1285171508789,-26.03025245666504,=,=
-88.24578857421875,5.877079010009766,identifier,repoState
-34.105712890625,105.72869873046875,.,.
-49.739593505859375,-3.3167107105255127,identifier,getBranches
28.64735221862793,46.87641143798828,(,(
32.857147216796875,58.66311264038086,),)
-103.29379272460938,25.728055953979492,identifier,master
69.63131713867188,-28.08172607421875,=,=
-126.2083511352539,-9.757428169250488,identifier,branches
-10.265754699707031,92.54935455322266,.,.
-18.845712661743164,-45.280521392822266,identifier,find
-17.685773849487305,-46.3894157409668,(,(
8.52402400970459,-115.55660247802734,function,function
-49.992496490478516,6.602717876434326,identifier,isMaster
-4.04756498336792,-87.62786865234375,(,(
-126.10735321044922,-7.6902337074279785,identifier,branch
66.65827941894531,-118.56167602539062,),)
81.85742950439453,-125.33562469482422,{,{
-71.02779388427734,-140.396728515625,return,return
-125.96456909179688,-7.653109550476074,identifier,branch
-26.38274574279785,115.14949035644531,.,.
-47.8953971862793,0.39303481578826904,identifier,getFullName
28.254547119140625,50.60961151123047,(,(
28.537132263183594,51.1740608215332,),)
38.1121826171875,14.140128135681152,===,===
102.11134338378906,100.88794708251953,},}
59.09539031982422,87.05599975585938,),)
-126.04193878173828,-7.958179473876953,identifier,branch
65.37406158447266,-25.112600326538086,=,=
-103.29512786865234,25.720088958740234,identifier,master
88.27806091308594,-55.8972053527832,||,||
-126.22157287597656,-9.774094581604004,identifier,branches
-10.282208442687988,92.40938568115234,.,.
-43.36325454711914,10.969106674194336,identifier,first
26.762338638305664,44.68185043334961,(,(
31.226438522338867,57.576637268066406,),)
-66.06149291992188,-140.3794403076172,return,return
-49.86859893798828,-7.518403053283691,identifier,fetchTree
2.1952593326568604,-21.776905059814453,(,(
-88.81743621826172,5.944411754608154,identifier,repoState
107.34432220458984,32.31884765625,",",","
-73.87855529785156,-33.52116012573242,identifier,driver
111.9347152709961,38.80162811279297,",",","
-124.82199096679688,-7.7074971199035645,identifier,branch
46.6706657409668,75.18429565429688,),)
5.10770320892334,96.2418212890625,.,.
-18.52275276184082,-56.72897720336914,identifier,then
-14.590956687927246,-51.102718353271484,(,(
2.835813522338867,-106.16960906982422,(,(
-89.08924102783203,4.741184234619141,identifier,repoState
69.55435180664062,-116.29170227050781,),)
86.83119201660156,-126.07642364501953,{,{
-69.26424407958984,-141.52719116210938,return,return
-49.31792449951172,-8.227819442749023,identifier,checkout
6.773867607116699,-22.104354858398438,(,(
-89.01284790039062,5.977162837982178,identifier,repoState
105.4508285522461,35.6513786315918,",",","
-124.83592987060547,-7.700793743133545,identifier,branch
50.23288345336914,75.27804565429688,),)
103.01811218261719,98.86359405517578,},}
61.26741409301758,86.21270751953125,),)
106.93769836425781,98.50358581542969,},}
63.24001693725586,86.49032592773438,),)
69.1900405883789,161.4871368408203,},}
