x,y,role,token
-241.43235778808594,-17.007431030273438,def,def
96.36695098876953,-5.488982677459717,identifier,calculate_pair_to_kern_mapping
-170.69979858398438,8.682552337646484,(,(
88.12117767333984,1.241184115409851,identifier,measurer
-94.21724700927734,-157.99795532226562,:,:
90.075927734375,3.065162181854248,identifier,text_measurer
-39.579898834228516,96.72964477539062,.,.
90.54385375976562,1.1880254745483398,identifier,TextMeasurer
-100.22588348388672,-91.43059539794922,",",","
72.12503051757812,-1.9046907424926758,identifier,char_to_length
-95.75674438476562,-158.67991638183594,:,:
51.28346252441406,-20.82857894897461,identifier,Mapping
48.80472946166992,-36.3307991027832,identifier,str
-79.5150146484375,-79.27205657958984,",",","
47.25338363647461,-30.948312759399414,identifier,float
-99.24526977539062,-92.10023498535156,",",","
55.07284927368164,20.273155212402344,identifier,characters
-96.01715087890625,-159.2362823486328,:,:
48.036949157714844,-20.663358688354492,identifier,Iterable
48.548011779785156,-36.83511734008789,identifier,str
35.1951904296875,-199.02615356445312,),)
51.47526931762695,-20.77094078063965,identifier,Mapping
48.9927978515625,-35.98844909667969,identifier,str
-79.86162567138672,-79.49799346923828,",",","
47.25508499145508,-30.948654174804688,identifier,float
-89.8384017944336,-174.75192260742188,:,:
61.79689407348633,43.0561637878418,identifier,pair_to_kerning
8.033531188964844,-104.40339660644531,for,for
30.911298751831055,29.803415298461914,identifier,a
-96.52853393554688,-70.2396240234375,",",","
23.51556968688965,-18.60591697692871,identifier,b
20.483625411987305,7.412674903869629,identifier,itertools
-56.320560455322266,76.06576538085938,.,.
27.660160064697266,13.166756629943848,identifier,permutations
-96.72917938232422,7.926931858062744,(,(
54.96767807006836,20.54900550842285,identifier,characters
-68.3779296875,-65.13909149169922,",",","
61.01266098022461,-155.20074462890625,),)
-59.13542175292969,-161.7924041748047,:,:
50.4449348449707,50.21730422973633,identifier,kerned_width
40.59789276123047,64.3941879272461,identifier,measurer
-62.592864990234375,80.55493927001953,.,.
17.252456665039062,22.17338752746582,identifier,text_width
-95.02993774414062,2.343998670578003,(,(
30.555423736572266,30.21332359313965,identifier,a
-13.532102584838867,-18.850427627563477,+,+
28.53835105895996,32.68958282470703,identifier,b
57.717472076416016,-140.47996520996094,),)
47.79894256591797,52.10969161987305,identifier,unkerned_width
25.77055549621582,57.887325286865234,identifier,char_to_length
30.39166259765625,30.410911560058594,identifier,a
-15.558422088623047,-20.312175750732422,+,+
25.6160888671875,58.084346771240234,identifier,char_to_length
28.507259368896484,32.72221374511719,identifier,b
32.78680419921875,59.2523078918457,identifier,kerning
23.45686149597168,62.821075439453125,identifier,unkerned_width
-13.883513450622559,-5.64837646484375,-,-
23.360137939453125,62.818336486816406,identifier,kerned_width
-8.374438285827637,-112.84468078613281,if,if
4.5328545570373535,49.686767578125,identifier,abs
-121.83594512939453,9.90360164642334,(,(
26.230228424072266,66.75100708007812,identifier,kerning
74.55337524414062,-149.8048858642578,),)
22.83958625793457,-42.71834182739258,>,>
-43.497737884521484,-161.43685913085938,:,:
24.545621871948242,76.00131225585938,identifier,pair_to_kerning
14.411895751953125,58.35784149169922,identifier,a
-15.603361129760742,-17.568513870239258,+,+
14.972251892089844,57.90728759765625,identifier,b
-4.016880989074707,49.18765640258789,identifier,round
-77.82506561279297,0.13571515679359436,(,(
26.22490119934082,66.77640533447266,identifier,kerning
-66.43073272705078,-45.9215202331543,",",","
76.623291015625,-126.1138687133789,),)
18.666725158691406,80.36851501464844,identifier,pair_to_kerning
-241.29881286621094,-21.492942810058594,def,def
101.407470703125,0.023034384474158287,identifier,indent
-174.3981170654297,12.938132286071777,(,(
101.95231628417969,10.566206932067871,identifier,instr
-109.23027038574219,-92.59015655517578,",",","
76.19100952148438,-14.061033248901367,identifier,nspaces
-105.28459167480469,-94.8060531616211,",",","
76.17436218261719,-13.931078910827637,identifier,ntabs
-103.59638214111328,-97.85794830322266,",",","
72.19778442382812,-11.828384399414062,identifier,flatten
37.88304901123047,-197.24496459960938,),)
-89.45191192626953,-170.11428833007812,:,:
-9.141435623168945,-86.74166870117188,if,if
101.89892578125,10.482975959777832,identifier,instr
-63.322505950927734,-140.7660369873047,:,:
78.40216064453125,9.147992134094238,identifier,ind
40.03835678100586,-10.941608428955078,"""",'\t'
61.743953704833984,-4.544596195220947,identifier,ntabs
-13.997151374816895,-25.18488311767578,+,+
38.30801010131836,-10.882286071777344,"""",' '
61.72671127319336,-4.554387092590332,identifier,nspaces
-10.313363075256348,-93.07280731201172,if,if
64.63396453857422,-2.5606985092163086,identifier,flatten
-60.905887603759766,-147.10821533203125,:,:
7.707533836364746,-1.9627394676208496,identifier,pat
16.849672317504883,-4.777954578399658,identifier,re
-57.358642578125,73.98208618164062,.,.
19.82093048095703,-1.7535303831100464,identifier,compile
-94.69841003417969,16.9094181060791,(,(
27.947547912597656,2.409789800643921,"""",r'^\s*'
-68.05339050292969,-61.80516052246094,",",","
16.821760177612305,-4.473419666290283,identifier,re
-39.219696044921875,106.7834243774414,.,.
23.63530921936035,-2.2676963806152344,identifier,MULTILINE
52.06787872314453,-151.39700317382812,),)
-8.071759223937988,-152.46421813964844,else,else
-22.464067459106445,-152.90435791015625,:,:
7.589386940002441,-1.8376805782318115,identifier,pat
16.493192672729492,-4.560391902923584,identifier,re
-57.51493835449219,73.99202728271484,.,.
19.81072235107422,-1.7348474264144897,identifier,compile
-94.12165069580078,16.43047523498535,(,(
27.479698181152344,2.4895334243774414,"""",r'^'
-68.17350769042969,-61.388309478759766,",",","
16.613521575927734,-4.394181728363037,identifier,re
-39.106597900390625,106.83418273925781,.,.
23.609363555908203,-2.2582144737243652,identifier,MULTILINE
53.496421813964844,-142.177001953125,),)
51.793033599853516,53.54838943481445,identifier,outstr
15.875740051269531,-4.540328025817871,identifier,re
-59.994075775146484,71.19233703613281,.,.
-31.527790069580078,51.36687088012695,identifier,sub
-90.4432373046875,4.481010437011719,(,(
7.1649298667907715,-1.4055328369140625,identifier,pat
-69.35657501220703,-55.324371337890625,",",","
36.09647750854492,50.443992614746094,identifier,ind
-69.6628189086914,-55.41826629638672,",",","
102.15615844726562,11.151086807250977,identifier,instr
64.03718566894531,-137.51290893554688,),)
-9.478658676147461,-110.4027099609375,if,if
24.486648559570312,80.77847290039062,identifier,outstr
-43.0761604309082,73.70402526855469,.,.
2.2887229919433594,36.435890197753906,identifier,endswith
-84.62203979492188,4.4370808601379395,(,(
87.93714904785156,78.29331970214844,identifier,os
-60.72010040283203,65.88666534423828,.,.
2.0616419315338135,39.34236526489258,identifier,linesep
-16.43373680114746,-19.967527389526367,+,+
36.01417922973633,50.7313346862793,identifier,ind
67.81826782226562,-149.60964965820312,),)
-44.59185791015625,-157.33741760253906,:,:
24.090049743652344,80.84519958496094,identifier,outstr
-5.891810417175293,-3.7063567638397217,:,:
-10.672537803649902,-5.882796764373779,-,-
-27.870546340942383,-6.938210964202881,identifier,len
-85.66806030273438,-5.619353294372559,(,(
35.95552062988281,50.96026611328125,identifier,ind
78.656494140625,-154.66329956054688,),)
-10.834805488586426,-159.0401153564453,else,else
-22.855846405029297,-160.6174774169922,:,:
23.046504974365234,81.07206726074219,identifier,outstr
-235.9899139404297,-14.045586585998535,def,def
98.9289779663086,-2.741203546524048,identifier,get_partitions
-172.06927490234375,14.250997543334961,(,(
-29.51487159729004,177.3445281982422,identifier,self
-111.58295440673828,-84.85491943359375,",",","
83.17376708984375,-12.299108505249023,identifier,database_name
-105.80067443847656,-85.86121368408203,",",","
80.58058166503906,-11.882087707519531,identifier,table_name
-105.60616302490234,-92.52191925048828,",",","
73.82745361328125,-15.287063598632812,identifier,expression
40.575870513916016,-27.473182678222656,"""",''
-101.70965576171875,-95.61335754394531,",",","
73.90080261230469,-6.1047868728637695,identifier,page_size
-100.09806060791016,-97.69356536865234,",",","
73.01543426513672,-5.5155768394470215,identifier,max_items
36.010658264160156,-196.73330688476562,),)
-88.62249755859375,-173.24557495117188,:,:
85.07796478271484,29.43185043334961,identifier,config
43.14225387573242,-2.7423131465911865,"""",'PageSize'
-28.38815689086914,-43.55879592895508,:,:
61.2437629699707,-2.789337396621704,identifier,page_size
-89.3321304321289,-54.87714767456055,",",","
43.133426666259766,-2.756314992904663,"""",'MaxItems'
-28.322078704833984,-43.77631378173828,:,:
61.27299880981445,-2.7458183765411377,identifier,max_items
-61.97233963012695,-87.29121398925781,",",","
62.48076629638672,47.68413543701172,identifier,paginator
28.210229873657227,174.44236755371094,identifier,self
-77.21119689941406,114.81883239746094,.,.
38.45660400390625,12.167757034301758,identifier,get_conn
-105.75581359863281,35.40898132324219,(,(
74.0250473022461,-168.49559020996094,),)
-55.0725212097168,82.05870819091797,.,.
33.45610046386719,10.523322105407715,identifier,get_paginator
-100.48905181884766,10.503368377685547,(,(
27.754283905029297,9.423707008361816,"""",'get_partitions'
50.9581298828125,-147.27053833007812,),)
54.825008392333984,55.2305793762207,identifier,response
32.848697662353516,22.622499465942383,identifier,paginator
-60.82174301147461,79.67726135253906,.,.
32.814453125,22.6052303314209,identifier,paginate
-97.4945297241211,-2.2793996334075928,(,(
22.862924575805664,29.160451889038086,identifier,DatabaseName
32.11854934692383,33.567562103271484,identifier,database_name
-91.24980926513672,-47.54681396484375,",",","
22.804424285888672,29.13642692565918,identifier,TableName
31.97216796875,34.20318603515625,identifier,table_name
-91.00042724609375,-47.3874626159668,",",","
8.931676864624023,16.43902015686035,identifier,Expression
8.938161849975586,16.418079376220703,identifier,expression
-90.69971466064453,-47.35329818725586,",",","
9.255417823791504,27.784107208251953,identifier,PaginationConfig
35.28822708129883,45.28190231323242,identifier,config
58.055030822753906,-137.302978515625,),)
19.55398941040039,87.15442657470703,identifier,partitions
5.721494674682617,-13.433419227600098,identifier,set
-110.94851684570312,30.170888900756836,(,(
65.75669860839844,-142.08131408691406,),)
5.835893630981445,-107.46399688720703,for,for
46.14263153076172,77.03467559814453,identifier,page
31.172290802001953,80.79837799072266,identifier,response
-53.53746795654297,-162.76235961914062,:,:
5.864535331726074,-108.53272247314453,for,for
48.9686164855957,80.54509735107422,identifier,p
46.08626174926758,77.09886932373047,identifier,page
9.189554214477539,42.439781188964844,"""",'Partitions'
-52.44194412231445,-162.37350463867188,:,:
19.5765323638916,87.152099609375,identifier,partitions
-57.0108642578125,52.723350524902344,.,.
-56.080509185791016,47.0906867980957,identifier,add
-75.58743286132812,5.844057083129883,(,(
-21.34711265563965,24.572420120239258,identifier,tuple
-78.89904022216797,3.9660677909851074,(,(
45.968204498291016,79.20575714111328,identifier,p
6.8745198249816895,56.18252182006836,"""",'Values'
79.96809387207031,-149.9340362548828,),)
77.18473815917969,-131.78915405273438,),)
19.87676239013672,84.14344787597656,identifier,partitions
-241.1742401123047,-17.71766471862793,def,def
96.59835052490234,-4.779157638549805,identifier,apply_conversation_reference
-170.4496612548828,9.794328689575195,(,(
101.5784683227539,-18.89198112487793,identifier,activity
-95.41989135742188,-157.20689392089844,:,:
102.05401611328125,-18.818218231201172,identifier,Activity
-103.11038208007812,-90.49454498291016,",",","
96.00303649902344,52.90425491333008,identifier,reference
-95.77908325195312,-157.89938354492188,:,:
92.1248779296875,-0.8579064607620239,identifier,ConversationReference
-104.64775085449219,-98.5176773071289,",",","
72.84613037109375,-11.28976821899414,identifier,is_incoming
-95.37954711914062,-159.7051239013672,:,:
50.72334289550781,-29.647520065307617,identifier,bool
36.64817810058594,-198.28323364257812,),)
102.24848175048828,-18.791942596435547,identifier,Activity
-87.1339111328125,-174.90415954589844,:,:
64.88894653320312,91.19596099853516,identifier,activity
-56.825679779052734,96.75044250488281,.,.
55.68410110473633,5.109978199005127,identifier,channel_id
95.50341033935547,53.882808685302734,identifier,reference
-60.87063980102539,101.6756591796875,.,.
55.72034454345703,5.135222434997559,identifier,channel_id
64.60670471191406,91.15605163574219,identifier,activity
-57.79948043823242,96.6538314819336,.,.
52.22467803955078,4.554083824157715,identifier,service_url
95.33075714111328,54.175479888916016,identifier,reference
-61.27327346801758,101.38955688476562,.,.
52.38282012939453,4.494933128356934,identifier,service_url
64.36112976074219,91.08003997802734,identifier,activity
-58.307456970214844,96.88795471191406,.,.
42.896759033203125,6.458078861236572,identifier,conversation
95.25241088867188,54.43537902832031,identifier,reference
-62.36730194091797,99.82340240478516,.,.
42.888553619384766,6.462338924407959,identifier,conversation
-11.446410179138184,-98.081298828125,if,if
63.96295166015625,-2.8263471126556396,identifier,is_incoming
-56.89263153076172,-150.3695526123047,:,:
63.327308654785156,90.4439468383789,identifier,activity
-75.72183227539062,97.13743591308594,.,.
29.56753921508789,8.879055976867676,identifier,from_property
94.60062408447266,55.27150344848633,identifier,reference
-68.32697296142578,95.68350219726562,.,.
32.629966735839844,20.09493637084961,identifier,user
63.39227294921875,90.7627944946289,identifier,activity
-76.1129150390625,96.92326354980469,.,.
3.853672742843628,12.384713172912598,identifier,recipient
94.90780639648438,55.245689392089844,identifier,reference
-68.3528823852539,95.77793884277344,.,.
5.447017192840576,16.371807098388672,identifier,bot
-9.473400115966797,-104.4229736328125,if,if
94.35282897949219,56.35251998901367,identifier,reference
-71.68305969238281,94.50196075439453,.,.
29.188488006591797,35.419036865234375,identifier,activity_id
-49.90721130371094,-150.29473876953125,:,:
62.656341552734375,90.17102813720703,identifier,activity
-77.54446411132812,96.52713012695312,.,.
24.26228141784668,27.313343048095703,identifier,id
94.6755142211914,55.97514343261719,identifier,reference
-71.13595581054688,93.89979553222656,.,.
29.291589736938477,35.61638641357422,identifier,activity_id
-8.392148971557617,-155.11312866210938,else,else
-22.166378021240234,-155.40377807617188,:,:
62.16664505004883,90.2935562133789,identifier,activity
-78.86256408691406,95.9546890258789,.,.
26.0960750579834,23.075504302978516,identifier,from_property
95.12012481689453,56.30146789550781,identifier,reference
-73.36062622070312,93.00994873046875,.,.
5.433230876922607,16.393619537353516,identifier,bot
61.962135314941406,90.63716125488281,identifier,activity
-78.74813842773438,95.62007904052734,.,.
3.8357412815093994,12.400405883789062,identifier,recipient
95.47691345214844,56.394229888916016,identifier,reference
-73.51290893554688,93.00269317626953,.,.
21.141138076782227,47.609039306640625,identifier,user
-10.517411231994629,-112.5338134765625,if,if
95.3498306274414,57.137996673583984,identifier,reference
-80.28691101074219,88.24576568603516,.,.
17.12759780883789,56.78239059448242,identifier,activity_id
-45.91987609863281,-160.23446655273438,:,:
61.65595626831055,90.27110290527344,identifier,activity
-80.4786148071289,93.99220275878906,.,.
3.692103862762451,45.37950897216797,identifier,reply_to_id
95.72069549560547,56.96913528442383,identifier,reference
-79.56779479980469,86.23782348632812,.,.
17.106048583984375,56.97859573364258,identifier,activity_id
21.43928337097168,81.87918853759766,identifier,activity
-236.44015502929688,-22.923715591430664,def,def
101.75409698486328,-5.341701507568359,identifier,log_calls
-164.3673858642578,15.346576690673828,(,(
79.86994934082031,32.75249099731445,identifier,func
49.24236297607422,-200.45535278320312,),)
-86.80517578125,-160.90963745117188,:,:
-234.91018676757812,-26.253707885742188,def,def
110.84123992919922,-16.591732025146484,identifier,wrapper
-161.13641357421875,15.18084716796875,(,(
88.53330993652344,15.312508583068848,identifier,args
-109.1346435546875,-99.26646423339844,",",","
82.55477142333984,-18.328615188598633,identifier,kargs
44.83245849609375,-193.42074584960938,),)
-79.75929260253906,-164.14434814453125,:,:
74.07695770263672,8.690394401550293,identifier,callStr
43.360130310058594,-7.053971767425537,"""","""%s(%s)"""
-109.68318939208984,-3.263868570327759,(,(
79.714111328125,32.867557525634766,identifier,func
-50.22251510620117,107.73072814941406,.,.
97.72322845458984,30.525283813476562,identifier,__name__
-73.89065551757812,-70.50749206542969,",",","
37.79212188720703,-10.827669143676758,"""",""", """
-41.759559631347656,13.97690200805664,.,.
-40.064571380615234,14.143692016601562,identifier,join
-97.08257293701172,17.65900421142578,(,(
18.97532081604004,-10.699750900268555,identifier,repr
-112.34195709228516,8.904458999633789,(,(
30.085599899291992,-27.806076049804688,identifier,p
63.168792724609375,-170.07339477539062,),)
20.716569900512695,-105.38603973388672,for,for
30.31048583984375,-22.262544631958008,identifier,p
87.1536636352539,16.529714584350586,identifier,args
-12.727692604064941,-23.42275047302246,+,+
27.59968376159668,4.652756214141846,"""","""%s=%s"""
-106.02490234375,-3.3466944694519043,(,(
28.531173706054688,-28.664714813232422,identifier,k
-71.52554321289062,-63.77423858642578,",",","
18.95622444152832,-10.689861297607422,identifier,repr
-112.34175872802734,8.820952415466309,(,(
27.477489471435547,-28.221729278564453,identifier,v
66.86238861083984,-166.60595703125,),)
64.84709167480469,-159.60888671875,),)
21.451282501220703,-106.96922302246094,for,for
-102.21150207519531,-15.533319473266602,(,(
26.302806854248047,-19.215967178344727,identifier,k
-97.72553253173828,-69.48604583740234,",",","
24.527252197265625,-20.677356719970703,identifier,v
69.00362396240234,-164.49217224121094,),)
2.00477933883667,-9.473365783691406,identifier,list
-96.03976440429688,8.638115882873535,(,(
60.30074691772461,54.16156005859375,identifier,kargs
-47.964962005615234,79.5273208618164,.,.
-22.51418113708496,68.91593170166016,identifier,items
-105.99769592285156,41.85173034667969,(,(
75.29373168945312,-162.91444396972656,),)
68.76904296875,-161.5490264892578,),)
67.64216613769531,-157.01361083984375,),)
52.05302047729492,-136.0442352294922,),)
-58.4672966003418,29.795852661132812,identifier,debug
-81.21195220947266,19.199447631835938,(,(
11.224644660949707,28.588342666625977,"""",""">> %s"""
-62.163578033447266,-53.63566589355469,",",","
30.848735809326172,49.261566162109375,identifier,callStr
58.95558547973633,-139.30625915527344,),)
27.108306884765625,88.53596496582031,identifier,ret
34.16349411010742,89.09127044677734,identifier,func
-89.3267822265625,-6.642345428466797,(,(
30.733726501464844,52.71867752075195,identifier,args
-89.64848327636719,-44.24736022949219,",",","
28.604923248291016,51.899959564208984,identifier,kargs
64.89338684082031,-135.6614990234375,),)
-58.43925857543945,29.8994083404541,identifier,debug
-79.26758575439453,17.133447647094727,(,(
5.978350639343262,37.73837661743164,"""","""<< %s: %s"""
-63.87364196777344,-51.69844055175781,",",","
30.948781967163086,49.360137939453125,identifier,callStr
-73.67359161376953,-47.036991119384766,",",","
18.631071090698242,-10.74593448638916,identifier,repr
-85.09561920166016,-4.505400657653809,(,(
24.305540084838867,88.0555191040039,identifier,ret
78.74534606933594,-153.98471069335938,),)
74.87389373779297,-132.22230529785156,),)
23.808380126953125,87.49616241455078,identifier,ret
113.5590591430664,-18.2144832611084,identifier,wrapper
-237.43084716796875,-16.90515899658203,def,def
97.59418487548828,-7.544693470001221,identifier,_set_missing_to_none
-167.61279296875,14.338484764099121,(,(
-28.444129943847656,176.9010772705078,identifier,self
-116.2638168334961,-82.87857055664062,",",","
99.50390625,21.828317642211914,identifier,currency
43.93805694580078,-197.13381958007812,),)
-85.055908203125,-167.29014587402344,:,:
83.68246459960938,13.115394592285156,identifier,rates
21.0305118560791,178.50064086914062,identifier,self
-61.91071701049805,113.46430206298828,.,.
86.12101745605469,10.020398139953613,identifier,_rates
99.41184997558594,22.006380081176758,identifier,currency
72.3552474975586,6.2486162185668945,identifier,first_date
-93.11796569824219,-74.4668197631836,",",","
72.08576202392578,5.82612419128418,identifier,last_date
22.106943130493164,175.51036071777344,identifier,self
-60.2602653503418,107.46399688720703,.,.
56.3134765625,-1.827724814414978,identifier,bounds
99.34344482421875,21.963645935058594,identifier,currency
9.534924507141113,-103.50702667236328,for,for
39.71290588378906,-20.245445251464844,identifier,date
47.11988830566406,0.8492760062217712,identifier,list_dates_between
-106.05924224853516,13.779192924499512,(,(
57.994171142578125,15.767913818359375,identifier,first_date
-77.45127868652344,-70.38446044921875,",",","
57.867191314697266,16.018232345581055,identifier,last_date
55.5073356628418,-162.9029998779297,),)
-61.99971389770508,-160.364013671875,:,:
-7.795672416687012,-96.91483306884766,if,if
39.34003829956055,-20.643817901611328,identifier,date
70.89728546142578,39.3766975402832,identifier,rates
-58.31980895996094,-148.93792724609375,:,:
70.90904998779297,39.441314697265625,identifier,rates
39.251258850097656,-20.751014709472656,identifier,date
-13.954415321350098,-101.100830078125,if,if
30.84770965576172,170.84669494628906,identifier,self
-69.3076171875,105.76075744628906,.,.
-22.36279296875,77.59507751464844,identifier,verbose
-54.96317672729492,-153.11936950683594,:,:
44.842384338378906,50.50019836425781,identifier,missing
-26.53147315979004,-8.705704689025879,identifier,len
-93.38810729980469,11.913473129272461,(,(
27.477642059326172,-26.884384155273438,identifier,r
22.575162887573242,-106.36026763916016,for,for
24.902238845825195,-22.93539810180664,identifier,r
20.40137481689453,7.52671480178833,identifier,itervalues
-96.6496810913086,7.452052116394043,(,(
70.8781967163086,39.288387298583984,identifier,rates
71.0255355834961,-157.81777954101562,),)
-17.166772842407227,-119.22218322753906,if,if
24.03322982788086,-24.706571578979492,identifier,r
53.485172271728516,-137.88987731933594,),)
-12.589506149291992,-107.77888488769531,if,if
44.12239074707031,50.4740104675293,identifier,missing
-49.33344268798828,-155.97544860839844,:,:
-47.06560134887695,29.753244400024414,identifier,print
-80.2152328491211,16.336902618408203,(,(
6.0127363204956055,36.956878662109375,"""",'{0}: {1} missing rates from {2} to {3} ({4} days)'
-49.02490234375,-2.6455063819885254,.,.
-47.690982818603516,-2.834962844848633,identifier,format
-49.26091384887695,-2.0976271629333496,(,(
99.77021789550781,22.757516860961914,identifier,currency
-74.59764862060547,-46.45112609863281,",",","
43.878902435302734,50.464637756347656,identifier,missing
-74.79402923583984,-46.79072952270508,",",","
17.893909454345703,61.40774154663086,identifier,first_date
-74.72945404052734,-47.125648498535156,",",","
17.769941329956055,61.6546516418457,identifier,last_date
-75.25605010986328,-47.78333282470703,",",","
-16.558115005493164,-18.30402946472168,+,+
-104.29890441894531,-11.443641662597656,(,(
17.199207305908203,62.09578323364258,identifier,last_date
-14.056321144104004,-5.623616695404053,-,-
17.285226821899414,62.14522171020508,identifier,first_date
76.75811767578125,-148.169677734375,),)
-76.38823699951172,81.94291687011719,.,.
5.253281116485596,53.93196105957031,identifier,days
81.0787582397461,-149.2047882080078,),)
80.57115173339844,-132.13882446289062,),)
-238.852783203125,-20.750972747802734,def,def
97.00000762939453,-6.49004602432251,identifier,_sparse_block_diag
-165.79872131347656,12.655417442321777,(,(
85.0818099975586,-10.062784194946289,identifier,sp_a
44.90447235107422,-196.26405334472656,),)
-83.2171859741211,-167.05752563476562,:,:
74.56233215332031,7.01157283782959,identifier,sp_a_shape
107.54035949707031,74.03125,identifier,tf
-49.94428634643555,93.51155090332031,.,.
50.774696350097656,-1.5771890878677368,identifier,convert_to_tensor
-110.84920501708984,4.632978916168213,(,(
59.53755569458008,2.05013108253479,identifier,value
50.57661437988281,-0.6623701453208923,identifier,_get_shape
-109.7325668334961,13.965277671813965,(,(
61.35024642944336,16.944482803344727,identifier,sp_a
-76.70355224609375,-68.62846374511719,",",","
106.78280639648438,74.10787963867188,identifier,tf
-41.349082946777344,107.48374938964844,.,.
19.0284481048584,-16.128257751464844,identifier,int64
62.59583282470703,-166.98580932617188,),)
40.64019012451172,-152.97897338867188,),)
59.7855224609375,44.269287109375,identifier,ind_mat
107.21159362792969,74.65799713134766,identifier,tf
-55.895294189453125,72.10523986816406,.,.
34.402523040771484,-8.809895515441895,identifier,concat
-96.559326171875,16.612045288085938,(,(
57.4907341003418,22.92951011657715,identifier,sp_a_shape
-10.288143157958984,-7.115477085113525,-,-
-3.9798874855041504,-2.8956620693206787,:,:
-71.86030578613281,-61.933753967285156,",",","
106.57837677001953,75.00234985351562,identifier,tf
-56.56778335571289,70.53251647949219,.,.
-1.3193272352218628,15.615212440490723,identifier,eye
-97.9618911743164,11.620646476745605,(,(
-97.70820617675781,-47.161598205566406,",",","
18.17245864868164,5.2186279296875,identifier,dtype
106.3389663696289,75.07064056396484,identifier,tf
-41.24179458618164,107.5269546508789,.,.
19.032428741455078,-16.11055564880371,identifier,int64
68.01612854003906,-161.64639282226562,),)
-97.05284118652344,-45.90533447265625,",",","
17.243927001953125,6.0709919929504395,identifier,axis
51.98075866699219,-140.6450653076172,),)
23.96144676208496,36.18695068359375,identifier,indices
107.04241180419922,75.65420532226562,identifier,tf
-59.43336486816406,70.32123565673828,.,.
12.387186050415039,19.821670532226562,identifier,matmul
-91.09770965576172,4.425709247589111,(,(
40.102752685546875,45.16383743286133,identifier,sp_a
-72.46842193603516,89.60284423828125,.,.
23.939952850341797,36.171600341796875,identifier,indices
-70.543212890625,-56.30601501464844,",",","
36.0296630859375,41.86336135864258,identifier,ind_mat
62.36345672607422,-137.2716827392578,),)
32.00156021118164,57.1210823059082,identifier,dense_shape
25.505897521972656,59.10445022583008,identifier,sp_a_shape
25.35467529296875,59.225406646728516,identifier,sp_a_shape
-5.37052583694458,-2.344146966934204,:,:
108.6793441772461,75.24151611328125,identifier,tf
-33.133846282958984,91.1261978149414,.,.
-7.818059921264648,52.20682907104492,identifier,SparseTensor
-79.91006469726562,-10.069486618041992,(,(
0.03362083062529564,67.69284057617188,identifier,indices
0.04862183704972267,67.82315063476562,identifier,indices
-86.04936218261719,-40.70948028564453,",",","
-10.451762199401855,68.71243286132812,identifier,values
21.683818817138672,67.86017608642578,identifier,sp_a
-77.82776641845703,82.79087829589844,.,.
-10.384871482849121,68.63172149658203,identifier,values
-85.4044418334961,-39.90076446533203,",",","
6.08297872543335,66.56414031982422,identifier,dense_shape
12.9846830368042,68.91607666015625,identifier,dense_shape
83.7591323852539,-129.8269500732422,),)
-235.29971313476562,-18.263530731201172,def,def
100.84455108642578,-5.223382949829102,identifier,find_function
-170.20957946777344,15.53927993774414,(,(
-27.275657653808594,178.11773681640625,identifier,self
-113.83099365234375,-83.33097839355469,",",","
91.10675811767578,42.78098678588867,identifier,context
-108.19306945800781,-82.549560546875,",",","
81.71742248535156,-13.17402458190918,identifier,funname
43.49287033081055,-198.7733612060547,),)
-88.303466796875,-165.21273803710938,:,:
-6.6450910568237305,-85.31310272216797,if,if
63.80841827392578,12.575264930725098,identifier,funname
20.208885192871094,178.19984436035156,identifier,self
-61.30034637451172,109.48126220703125,.,.
81.6448745727539,4.352298736572266,identifier,builtins
-64.7116470336914,-141.17691040039062,:,:
22.428056716918945,178.1774444580078,identifier,self
-60.30857467651367,109.33142852783203,.,.
81.6397705078125,4.355282306671143,identifier,builtins
62.54977798461914,12.306426048278809,identifier,funname
77.83419036865234,32.14328384399414,identifier,func
-9.106492042541504,-91.73974609375,if,if
6.498538970947266,-31.630189895629883,identifier,isinstance
-119.601806640625,5.401467800140381,(,(
89.20260620117188,43.30419921875,identifier,context
-44.505889892578125,-66.73078155517578,",",","
46.23983383178711,-24.494600296020508,identifier,dict
56.17583084106445,-165.530029296875,),)
-63.45951843261719,-149.41168212890625,:,:
-5.704629898071289,-95.29122924804688,if,if
63.80534744262695,12.707204818725586,identifier,funname
89.25822448730469,43.838253021240234,identifier,context
-61.75535202026367,-148.05055236816406,:,:
77.36369323730469,33.084197998046875,identifier,func
89.4548568725586,44.26593780517578,identifier,context
62.68095397949219,12.433855056762695,identifier,funname
-9.80235767364502,-98.52633666992188,if,if
5.351550579071045,-30.578353881835938,identifier,isinstance
-118.30725860595703,3.748410701751709,(,(
77.90760040283203,34.11785125732422,identifier,func
-44.04367446899414,-65.85147094726562,",",","
45.994171142578125,-35.59126663208008,identifier,str
60.333011627197266,-159.72064208984375,),)
-57.08555603027344,-148.698974609375,:,:
77.17156219482422,33.38841247558594,identifier,func
31.29600715637207,172.81044006347656,identifier,self
-77.43572235107422,110.54222869873047,.,.
28.52366828918457,15.173272132873535,identifier,_deferred_add
-101.61821746826172,10.731163024902344,(,(
77.58252716064453,35.12574005126953,identifier,func
48.85966110229492,-145.9124298095703,),)
90.24823760986328,44.930110931396484,identifier,context
49.37687301635742,31.453826904296875,identifier,funname
77.56109619140625,35.27924728393555,identifier,func
-12.383766174316406,-149.24847412109375,elif,elif
3.1321945190429688,-25.248149871826172,identifier,hasattr
-118.24942779541016,1.4033349752426147,(,(
90.9075698852539,45.70795440673828,identifier,context
-50.08513641357422,-58.5161247253418,",",","
34.27758026123047,47.465274810791016,identifier,funname
65.38034057617188,-152.14894104003906,),)
-50.944679260253906,-154.8400115966797,:,:
38.12792205810547,85.4334716796875,identifier,func
3.155017614364624,-21.783187866210938,identifier,getattr
-100.43216705322266,0.8198804259300232,(,(
90.93021392822266,45.77875900268555,identifier,context
-50.55341720581055,-58.056854248046875,",",","
34.13824462890625,47.66944122314453,identifier,funname
64.92103576660156,-137.76705932617188,),)
-11.016069412231445,-111.16654968261719,if,if
38.06493377685547,85.69469451904297,identifier,func
-43.78858184814453,-155.06419372558594,:,:
-6.352138042449951,27.909936904907227,identifier,NotFoundError
-80.47526550292969,12.555867195129395,(,(
4.115705966949463,40.877220153808594,"""","""Function not found"""
-93.00568389892578,-40.03274154663086,",",","
4.830280303955078,43.80330276489258,identifier,function
33.74283218383789,48.254581451416016,identifier,funname
73.63970947265625,-131.59353637695312,),)
21.591880798339844,80.43321990966797,identifier,func
-236.68724060058594,-18.518890380859375,def,def
99.72499084472656,-5.5772705078125,identifier,_check_symbol
-169.180908203125,14.842068672180176,(,(
-27.514741897583008,176.82225036621094,identifier,self
-111.71865844726562,-83.579833984375,",",","
82.70755767822266,-13.953322410583496,identifier,msgid
-105.06414031982422,-82.98377227783203,",",","
94.38491821289062,21.887845993041992,identifier,symbol
42.51313400268555,-197.42857360839844,),)
-83.19818115234375,-166.26451110839844,:,:
74.39666748046875,7.152272701263428,identifier,other_message
21.288475036621094,177.904541015625,identifier,self
-62.03209686279297,113.45929718017578,.,.
56.40621566772461,-4.924934387207031,identifier,_messages_definitions
-46.312747955322266,86.32410430908203,.,.
-34.416744232177734,37.168399810791016,identifier,get
-107.78907012939453,19.421829223632812,(,(
94.27951049804688,22.81673812866211,identifier,symbol
41.738311767578125,-159.93716430664062,),)
-10.421032905578613,-90.42286682128906,if,if
63.229129791259766,15.763910293579102,identifier,other_message
-63.93266296386719,-144.96128845214844,:,:
26.20990562438965,177.21890258789062,identifier,self
-74.04987335205078,113.39813995361328,.,.
47.532081604003906,-0.03166114166378975,identifier,_raise_duplicate_msg_id
-104.99647521972656,15.02901554107666,(,(
94.35623168945312,23.84341049194336,identifier,symbol
-78.78248596191406,-66.38882446289062,",",","
55.20498275756836,11.983986854553223,identifier,msgid
-77.95796966552734,-66.29396057128906,",",","
62.70967102050781,16.008710861206055,identifier,other_message
-60.427520751953125,98.64907836914062,.,.
55.153045654296875,11.744059562683105,identifier,msgid
44.8043327331543,-153.27908325195312,),)
-7.072186470031738,-151.92063903808594,else,else
-22.962833404541016,-151.5947723388672,:,:
60.604896545410156,41.74154281616211,identifier,alternative_msgid
56.45124435424805,48.40578842163086,identifier,alternative_message
31.93210792541504,171.6051483154297,identifier,self
-74.8481216430664,104.36961364746094,.,.
25.775999069213867,14.246493339538574,identifier,_alternative_names
-51.417213439941406,77.27737426757812,.,.
-34.84957504272461,38.3328857421875,identifier,get
-93.55533599853516,-2.268383264541626,(,(
94.1828842163086,22.81056785583496,identifier,symbol
53.46586227416992,-146.441162109375,),)
-12.086302757263184,-104.9383773803711,if,if
48.671077728271484,56.27576446533203,identifier,alternative_message
-52.98895263671875,-154.45933532714844,:,:
-7.446116924285889,-105.15276336669922,if,if
45.18205261230469,65.13495635986328,identifier,alternative_message
-70.18013763427734,88.30921936035156,.,.
35.8242073059082,32.64195251464844,identifier,symbol
17.536760330200195,-54.459537506103516,==,==
36.156429290771484,32.936580657958984,identifier,symbol
-47.930809020996094,-150.6039276123047,:,:
47.92750549316406,53.152008056640625,identifier,alternative_msgid
45.2501106262207,65.20376586914062,identifier,alternative_message
-69.90828704833984,90.02547454833984,.,.
29.119403839111328,37.017059326171875,identifier,msgid
-8.75629711151123,-156.04727172851562,else,else
-21.961427688598633,-156.79005432128906,:,:
6.520881175994873,-108.19136047363281,for,for
27.897104263305664,59.84965515136719,identifier,old_msgid
-96.36458587646484,-67.21226501464844,",",","
27.40459442138672,60.292320251464844,identifier,old_symbol
44.18182373046875,65.36885833740234,identifier,alternative_message
-76.22674560546875,85.72957611083984,.,.
10.775565147399902,44.542335510253906,identifier,old_names
-52.44952392578125,-162.64588928222656,:,:
-11.829859733581543,-114.58253479003906,if,if
26.620691299438477,60.95708084106445,identifier,old_symbol
16.502099990844727,-53.29011917114258,==,==
36.460243225097656,33.152076721191406,identifier,symbol
-46.91568374633789,-162.00552368164062,:,:
20.046199798583984,60.49556350708008,identifier,alternative_msgid
19.440176010131836,63.00126266479492,identifier,old_msgid
-7.078794479370117,-114.79432678222656,if,if
7.0639801025390625,73.598876953125,identifier,msgid
17.368852615356445,-50.03825378417969,!=,!=
13.900129318237305,69.58707427978516,identifier,alternative_msgid
-42.150634765625,-162.39637756347656,:,:
47.413787841796875,176.7888946533203,identifier,self
-92.45197296142578,92.96458435058594,.,.
-1.9604337215423584,56.72654342651367,identifier,_raise_duplicate_msg_id
-76.4185562133789,-4.887424468994141,(,(
94.39543914794922,24.26604461669922,identifier,symbol
-72.84437561035156,-41.200714111328125,",",","
7.336587905883789,73.58499908447266,identifier,msgid
-72.87648010253906,-41.29823303222656,",",","
13.5930757522583,70.42735290527344,identifier,alternative_msgid
84.939453125,-127.88346099853516,),)
-233.2694091796875,-17.279027938842773,def,def
101.20448303222656,-11.766427040100098,identifier,pre_build
-170.10194396972656,17.67565155029297,(,(
-26.240222930908203,179.21156311035156,identifier,self
-114.98174285888672,-82.86652374267578,",",","
87.4393310546875,-6.809067249298096,identifier,traj
45.004024505615234,-198.86807250976562,),)
-86.53633117675781,-165.40029907226562,:,:
19.531110763549805,181.72486877441406,identifier,self
-64.1850814819336,113.93215942382812,.,.
-11.187618255615234,93.37430572509766,identifier,_logger
-73.35770416259766,43.72427749633789,.,.
-61.67725372314453,33.93404006958008,identifier,info
-88.38644409179688,23.846446990966797,(,(
46.42918395996094,-7.656658172607422,"""",'Pre-Building Components'
37.687137603759766,-161.8204803466797,),)
10.836445808410645,-102.8735122680664,for,for
56.254119873046875,-21.751262664794922,identifier,component
20.976598739624023,175.1888885498047,identifier,self
-60.98580551147461,107.60888671875,.,.
56.253623962402344,-21.683326721191406,identifier,components
-64.12774658203125,-159.67784118652344,:,:
56.233642578125,-21.8240966796875,identifier,component
-53.33879470825195,88.31871795654297,.,.
2.1940057277679443,15.990066528320312,identifier,pre_build
-105.4345474243164,15.250152587890625,(,(
103.47099304199219,34.97964096069336,identifier,traj
-78.045166015625,-67.0871353149414,",",","
21.06216049194336,169.08670043945312,identifier,self
-70.0010986328125,117.068115234375,.,.
50.2199821472168,6.040410041809082,identifier,_brian_list
-77.8882827758789,-67.05223083496094,",",","
21.186595916748047,169.1184844970703,identifier,self
-70.01834106445312,117.04602813720703,.,.
50.32627868652344,6.1755218505859375,identifier,_network_dict
43.98406982421875,-153.31832885742188,),)
-11.810588836669922,-98.44161987304688,if,if
26.89930534362793,169.54026794433594,identifier,self
-68.78627014160156,104.11258697509766,.,.
8.10152816772461,9.401359558105469,identifier,analysers
-57.3851432800293,-150.45384216308594,:,:
32.81669998168945,175.49899291992188,identifier,self
-72.89170837402344,110.6421127319336,.,.
-10.559022903442383,93.25284576416016,identifier,_logger
-71.22703552246094,44.55075454711914,.,.
-60.68754196166992,34.49279022216797,identifier,info
-86.08219146728516,21.844675064086914,(,(
28.11152458190918,8.333135604858398,"""",'Pre-Building Analysers'
46.01660919189453,-142.85455322265625,),)
8.736689567565918,-106.75875854492188,for,for
7.741015434265137,9.850494384765625,identifier,analyser
33.813114166259766,169.07931518554688,identifier,self
-73.28815460205078,101.71900939941406,.,.
7.970120429992676,9.607643127441406,identifier,analysers
-56.4127197265625,-160.52685546875,:,:
7.571957588195801,10.142716407775879,identifier,analyser
-62.369850158691406,79.55342864990234,.,.
2.2353615760803223,16.084705352783203,identifier,pre_build
-92.77113342285156,2.0373146533966064,(,(
103.50648498535156,35.11593246459961,identifier,traj
-74.74396514892578,-55.56377410888672,",",","
38.600746154785156,166.28700256347656,identifier,self
-79.24152374267578,102.17728424072266,.,.
32.37754440307617,40.54460144042969,identifier,_brian_list
-74.45858001708984,-55.52768325805664,",",","
38.883914947509766,166.44288635253906,identifier,self
-79.35972595214844,102.14545440673828,.,.
32.22506332397461,40.49226379394531,identifier,_network_dict
60.468955993652344,-136.9246368408203,),)
41.22203063964844,176.69534301757812,identifier,self
-84.51750183105469,100.21751403808594,.,.
-9.796597480773926,93.66646575927734,identifier,_logger
-68.69586181640625,44.49200439453125,.,.
-58.997371673583984,34.318626403808594,identifier,info
-78.58872985839844,18.44209098815918,(,(
5.355953693389893,41.29397964477539,"""",'Pre-Building NetworkRunner'
65.65276336669922,-127.2684326171875,),)
45.16529083251953,175.89964294433594,identifier,self
-87.7254409790039,94.36483001708984,.,.
6.256654262542725,47.88887405395508,identifier,network_runner
-69.42609405517578,72.08704376220703,.,.
-2.4429426193237305,46.811466217041016,identifier,pre_build
-79.00619506835938,-2.9016802310943604,(,(
103.53795623779297,35.23646545410156,identifier,traj
-74.14960479736328,-43.43683624267578,",",","
48.4730224609375,169.85751342773438,identifier,self
-85.8670883178711,91.594482421875,.,.
12.21200180053711,61.03390884399414,identifier,_brian_list
-74.26708984375,-43.65206527709961,",",","
48.28472137451172,169.77883911132812,identifier,self
-85.79704284667969,91.57571411132812,.,.
11.71107006072998,61.294517517089844,identifier,_network_dict
74.791015625,-126.91255950927734,),)
49.548484802246094,176.59475708007812,identifier,self
-91.1189193725586,90.60760498046875,.,.
-4.351099014282227,61.354000091552734,identifier,_pre_built
-235.521728515625,-16.9370174407959,def,def
100.38168334960938,-7.934385776519775,identifier,_flush_results
-168.3389892578125,16.615795135498047,(,(
-27.80375862121582,177.4865264892578,identifier,self
-114.37833404541016,-82.18580627441406,",",","
118.05427551269531,-8.72593879699707,identifier,sock
45.40979766845703,-199.1928253173828,),)
-84.2471694946289,-164.96347045898438,:,:
63.673072814941406,37.342552185058594,identifier,idents
-94.50582122802734,-74.09551239013672,",",","
76.16842651367188,23.891633987426758,identifier,msg
20.655241012573242,179.29705810546875,identifier,self
-61.146278381347656,111.22356414794922,.,.
107.19921875,27.069297790527344,identifier,session
-48.51616668701172,88.9244155883789,.,.
115.80204010009766,-1.8920172452926636,identifier,recv
-110.10285186767578,17.2669734954834,(,(
118.26421356201172,-8.70308780670166,identifier,sock
-98.7007827758789,-51.46286392211914,",",","
59.706356048583984,-24.49552345275879,identifier,mode
90.77059936523438,28.176467895507812,identifier,zmq
-37.75278854370117,102.97327423095703,.,.
55.75156021118164,-12.771047592163086,identifier,NOBLOCK
41.23687744140625,-159.13885498046875,),)
6.771567344665527,-97.70084381103516,while,while
75.1251220703125,25.873205184936523,identifier,msg
-62.322208404541016,-162.7222900390625,:,:
-7.782174110412598,-93.07876586914062,if,if
24.232624053955078,169.18060302734375,identifier,self
-68.78013610839844,106.27164459228516,.,.
-61.23448944091797,28.6116943359375,identifier,debug
-62.5440559387207,-148.4083251953125,:,:
-47.22325134277344,28.176923751831055,identifier,pprint
-110.16596984863281,12.397540092468262,(,(
74.80642700195312,26.134765625,identifier,msg
44.1527214050293,-149.97544860839844,),)
57.889183044433594,42.58159255981445,identifier,msg_type
74.7590560913086,27.057239532470703,identifier,msg
30.358007431030273,-0.2819271385669708,"""",'header'
31.613611221313477,0.916037917137146,"""",'msg_type'
40.219791412353516,30.193666458129883,identifier,handler
31.85625457763672,171.7245635986328,identifier,self
-74.75782775878906,104.15355682373047,.,.
25.68699836730957,15.073805809020996,identifier,_queue_handlers
-51.404014587402344,76.96101379394531,.,.
-34.53511428833008,38.61328125,identifier,get
-93.36296081542969,-2.2108566761016846,(,(
49.280738830566406,29.294769287109375,identifier,msg_type
-62.8365592956543,-62.38734436035156,",",","
53.677642822265625,-145.97207641601562,),)
-9.959808349609375,-105.73220825195312,if,if
38.49565505981445,30.754087448120117,identifier,handler
-46.25244903564453,-152.14242553710938,:,:
-11.265144348144531,21.735546112060547,identifier,Exception
-84.18863677978516,16.972517013549805,(,(
11.778299331665039,29.35920524597168,"""","""Unhandled message type: %s"""
45.217098236083984,62.06321334838867,identifier,msg
-69.2831039428711,91.36395263671875,.,.
29.662952423095703,37.78963088989258,identifier,msg_type
59.23813247680664,-132.8472900390625,),)
-10.175057411193848,-155.809814453125,else,else
-23.397586822509766,-156.88632202148438,:,:
20.22196388244629,38.16840362548828,identifier,handler
-88.91124725341797,-4.413375377655029,(,(
44.1487922668457,61.48271560668945,identifier,msg
63.70097732543945,-133.3375701904297,),)
37.034332275390625,54.04430389404297,identifier,idents
-93.36578369140625,-67.30905151367188,",",","
43.18649673461914,61.68463134765625,identifier,msg
44.1612434387207,172.05975341796875,identifier,self
-89.26271057128906,95.42463684082031,.,.
107.44544219970703,27.96470832824707,identifier,session
-68.4634780883789,71.61087799072266,.,.
115.8248062133789,-1.885386347770691,identifier,recv
-78.49101257324219,-2.0509109497070312,(,(
118.4816665649414,-8.681541442871094,identifier,sock
-88.44532775878906,-39.166748046875,",",","
-15.536324501037598,57.96196365356445,identifier,mode
90.77056121826172,28.193296432495117,identifier,zmq
-34.10832977294922,105.1392593383789,.,.
8.380616188049316,50.786136627197266,identifier,NOBLOCK
82.12637329101562,-128.49557495117188,),)
-232.437255859375,-16.26603126525879,def,def
105.56358337402344,-4.871774196624756,identifier,update
-171.27447509765625,18.70516586303711,(,(
-29.731918334960938,180.01309204101562,identifier,self
-115.80393981933594,-83.91187286376953,",",","
88.059814453125,53.71651840209961,identifier,alert
46.27357864379883,-201.0728759765625,),)
-84.31803131103516,-163.8625946044922,:,:
88.95297241210938,-13.734159469604492,identifier,data
48.64879608154297,-11.86670970916748,"""",'id'
-28.435874938964844,-41.83008575439453,:,:
87.39913940429688,53.90767288208008,identifier,alert
48.74364471435547,-11.732494354248047,"""",'id'
-89.3775634765625,-53.902103424072266,",",","
48.75693130493164,-13.14160442352295,"""",'args'
-28.502939224243164,-42.22016906738281,:,:
87.01461791992188,53.925819396972656,identifier,alert
48.78432846069336,-13.180200576782227,"""",'args'
-88.91277313232422,-53.8646354675293,",",","
42.40342330932617,-1.179456114768982,"""",'rate_count'
-28.883981704711914,-42.784751892089844,:,:
86.52143859863281,53.885433197021484,identifier,alert
42.24803161621094,-0.81363445520401,"""",'rate_count'
-88.36863708496094,-53.99095153808594,",",","
40.893009185791016,-0.5594808459281921,"""",'rate_range'
-29.41050910949707,-43.07918167114258,:,:
86.04988098144531,53.83058166503906,identifier,alert
40.94290542602539,-0.08736668527126312,"""",'rate_range'
-87.8083267211914,-53.40280532836914,",",","
30.368196487426758,7.303432941436768,"""",'limit_count'
-30.225372314453125,-42.753807067871094,:,:
85.72911834716797,54.121856689453125,identifier,alert
30.253202438354492,7.881219863891602,"""",'limit_count'
-87.28324890136719,-52.596736907958984,",",","
22.886062622070312,21.67683219909668,"""",'limit_range'
-31.041135787963867,-42.71894836425781,:,:
85.46463775634766,54.513038635253906,identifier,alert
23.02971076965332,21.912357330322266,"""",'limit_range'
-86.60660552978516,-51.67349624633789,",",","
17.092620849609375,30.559906005859375,"""",'schedule'
-32.09726333618164,-42.212520599365234,:,:
85.67410278320312,55.09600830078125,identifier,alert
17.206573486328125,30.25665283203125,"""",'schedule'
-86.20435333251953,-50.972721099853516,",",","
13.457574844360352,34.68182373046875,"""",'enabled'
-32.91143035888672,-42.00688171386719,:,:
85.71329498291016,55.405948638916016,identifier,alert
12.821222305297852,35.89360427856445,"""",'enabled'
-86.00521850585938,-50.345760345458984,",",","
14.0333251953125,35.3006477355957,"""",'type'
-33.636619567871094,-42.54566192626953,:,:
85.8742446899414,55.604122161865234,identifier,alert
13.211321830749512,36.443687438964844,"""",'type'
-60.69058609008789,-87.6761474609375,",",","
42.77117919921875,172.86912536621094,identifier,self
-88.66600799560547,102.76306915283203,.,.
-9.239212036132812,44.296226501464844,identifier,_post
-80.21244812011719,-9.092571258544922,(,(
-6.055053234100342,48.40752410888672,identifier,request
-8.710240364074707,63.495357513427734,identifier,ApiActions
-30.91901969909668,104.15309143066406,.,.
4.0037641525268555,51.330230712890625,identifier,UPDATE
-29.415475845336914,103.84890747070312,.,.
-13.294401168823242,66.91901397705078,identifier,value
-84.49688720703125,-37.6634521484375,",",","
-7.926558494567871,63.541561126708984,identifier,uri
-8.470832824707031,63.51964569091797,identifier,ApiUri
-30.800418853759766,104.12513732910156,.,.
3.710841417312622,51.648372650146484,identifier,ACTIONS
-29.5017032623291,103.86759185791016,.,.
-13.292387008666992,66.91809844970703,identifier,value
-84.56311798095703,-37.754905700683594,",",","
2.2814197540283203,65.41062927246094,identifier,params
16.568649291992188,68.62218475341797,identifier,data
84.81877136230469,-129.77301025390625,),)
-236.42050170898438,-15.90793228149414,def,def
100.28984069824219,-4.881855487823486,identifier,find_symbol
-170.80599975585938,14.809654235839844,(,(
-26.58757972717285,176.82290649414062,identifier,self
-110.87615966796875,-90.3301010131836,",",","
79.01615142822266,-20.577892303466797,identifier,name
-105.77643585205078,-95.3484878540039,",",","
75.17192840576172,-18.837005615234375,identifier,kind
39.720035552978516,-198.52099609375,),)
-89.41358947753906,-168.32339477539062,:,:
10.158050537109375,-102.29115295410156,for,for
87.39960479736328,22.158184051513672,identifier,s
5.311328887939453,-5.71221399307251,identifier,reversed
-113.90680694580078,16.889022827148438,(,(
20.93947982788086,176.8186492919922,identifier,self
-60.03878402709961,108.25940704345703,.,.
112.0230484008789,7.003088474273682,identifier,stack
54.4420051574707,-164.8079833984375,),)
-64.04293060302734,-161.17724609375,:,:
10.537952423095703,-103.56391143798828,for,for
69.82933807373047,12.888118743896484,identifier,symbol_name
-97.27937316894531,-72.04301452636719,",",","
72.2176513671875,15.741156578063965,identifier,handle
87.11666870117188,23.283123016357422,identifier,s
-61.34748840332031,106.53167724609375,.,.
57.138145446777344,-4.621739864349365,identifier,symbols
-47.795780181884766,81.55687713623047,.,.
-23.201812744140625,69.33112335205078,identifier,items
-108.68843841552734,41.01649856567383,(,(
50.76451873779297,-165.46466064453125,),)
-62.27421569824219,-161.37286376953125,:,:
69.73457336425781,10.547806739807129,identifier,symbol_kind
75.84828186035156,48.167198181152344,identifier,handle
-49.05974578857422,107.952880859375,.,.
96.01145935058594,30.477535247802734,identifier,__class__
-48.74421691894531,107.96040344238281,.,.
96.57520294189453,30.491941452026367,identifier,__name__
-9.766366004943848,-97.35643768310547,if,if
51.25113296508789,37.42097091674805,identifier,name
18.630699157714844,-55.079864501953125,==,==
47.96796417236328,24.648435592651367,identifier,symbol_name
-7.297537326812744,-69.0311508178711,and,and
1.906531810760498,7.48923921585083,identifier,kind
18.5985107421875,-55.15768051147461,==,==
47.815826416015625,24.43119239807129,identifier,symbol_kind
-53.31003189086914,-144.23501586914062,:,:
74.15570831298828,48.38870620727539,identifier,handle
-12.370857238769531,-147.76585388183594,elif,elif
51.1685791015625,38.77468490600586,identifier,name
-8.055747985839844,-68.56330108642578,and,and
1.5815832614898682,7.8939104080200195,identifier,kind
17.993621826171875,-54.75817108154297,==,==
75.71397399902344,48.24989318847656,identifier,handle
-47.15938949584961,110.13465881347656,.,.
-10.893136024475098,77.92324829101562,identifier,__class__
-46.9116096496582,110.38652801513672,.,.
-9.735041618347168,77.84215545654297,identifier,__name__
-51.207183837890625,-146.22605895996094,:,:
74.10185241699219,48.41283416748047,identifier,handle
-13.498729705810547,-148.87435913085938,elif,elif
50.83964920043945,39.22758865356445,identifier,name
16.95359230041504,-55.01500701904297,==,==
34.8740119934082,37.84564971923828,identifier,symbol_name
-9.117376327514648,-68.1281967163086,and,and
1.4094957113265991,8.11289119720459,identifier,kind
-45.431026458740234,-151.16810607910156,:,:
73.93028259277344,48.44961166381836,identifier,handle
-10.259719848632812,-111.76187133789062,if,if
50.767059326171875,39.49998474121094,identifier,name
-9.721123695373535,-68.2706527709961,and,and
1.3453232049942017,8.151041984558105,identifier,kind
16.466672897338867,-53.54767608642578,==,==
42.508785247802734,82.5246353149414,identifier,s
-80.64594268798828,84.79917907714844,.,.
14.541126251220703,55.02383041381836,identifier,handle
-46.449981689453125,111.11658477783203,.,.
-10.765871047973633,77.82286071777344,identifier,__class__
-46.46906661987305,111.05366516113281,.,.
-9.932367324829102,77.71996307373047,identifier,__name__
-42.564308166503906,-159.03282165527344,:,:
42.5455436706543,82.48189544677734,identifier,s
-81.7988052368164,84.5975112915039,.,.
14.52961254119873,55.04499816894531,identifier,handle
-240.07125854492188,-18.754732131958008,def,def
99.03833770751953,-6.187499523162842,identifier,fetch_val_for_key
-167.858154296875,10.400101661682129,(,(
86.22713470458984,-17.451448440551758,identifier,key
-108.75749206542969,-94.66732788085938,",",","
74.39383697509766,-11.743990898132324,identifier,delete_key
40.11231994628906,-197.9440460205078,),)
-87.45602416992188,-168.0860595703125,:,:
-69.33740997314453,-170.075439453125,:,:
-8.555109977722168,-85.75924682617188,if,if
64.24873352050781,-0.438473641872406,identifier,delete_key
-64.75241088867188,-142.67105102539062,:,:
57.23485565185547,-8.93709659576416,identifier,MSAF_FLAGS_DICT
-45.51325988769531,86.87826538085938,.,.
-32.061885833740234,27.32945442199707,identifier,pop
-107.01423645019531,19.34445571899414,(,(
63.448150634765625,28.270917892456055,identifier,key
37.317386627197266,-157.0612030029297,),)
57.2271728515625,-8.89664363861084,identifier,MSAF_FLAGS_DICT
63.25629806518555,28.244766235351562,identifier,key
-8.00516414642334,20.692638397216797,identifier,KeyError
-57.73305892944336,-141.5882110595703,:,:
58.09971618652344,43.55091094970703,identifier,key_tokens
61.82855987548828,28.689212799072266,identifier,key
-43.66133117675781,79.36161041259766,.,.
-26.36551856994629,12.203497886657715,identifier,rsplit
-99.81671905517578,23.623119354248047,(,(
32.462406158447266,-5.375811576843262,"""",'.'
-66.23957061767578,-65.81128692626953,",",","
50.09586715698242,-150.06211853027344,),)
-10.672603607177734,-101.76500701904297,if,if
-29.203020095825195,-8.517753601074219,identifier,len
-119.33856964111328,9.490856170654297,(,(
40.11845016479492,35.56809997558594,identifier,key_tokens
67.55728149414062,-172.0922393798828,),)
20.14594078063965,-57.9362678527832,==,==
-50.966915130615234,-149.35011291503906,:,:
25.401819229125977,31.55620574951172,identifier,section
-92.48906707763672,-69.62828826904297,",",","
27.422800064086914,29.911052703857422,identifier,option
39.83500289916992,35.62669372558594,identifier,key_tokens
-7.932059288024902,-154.60386657714844,else,else
-21.846853256225586,-154.63668823242188,:,:
25.394500732421875,31.627887725830078,identifier,section
-92.24891662597656,-69.00089263916016,",",","
27.417264938354492,29.92361831665039,identifier,option
12.839699745178223,30.550474166870117,"""",'global'
-65.22872161865234,-36.499324798583984,",",","
45.71156311035156,32.842647552490234,identifier,key
-63.81071090698242,-171.3013916015625,:,:
-63.76157760620117,-171.34666442871094,:,:
6.502817630767822,46.47685623168945,identifier,msaf_cfg
-66.26544189453125,74.28892517089844,.,.
-33.291751861572266,39.729087829589844,identifier,get
-87.70865631103516,-1.1643685102462769,(,(
25.410810470581055,32.59922790527344,identifier,section
-69.82573699951172,-48.17622756958008,",",","
24.853307723999023,50.70294952392578,identifier,option
68.28141021728516,-137.32144165039062,),)
-5.52955436706543,25.595659255981445,identifier,InterpolationError
-43.71950149536133,-158.27220153808594,:,:
6.045315742492676,46.93680953979492,identifier,msaf_raw_cfg
-66.61752319335938,73.77093505859375,.,.
-33.28587341308594,39.760398864746094,identifier,get
-80.33637237548828,-2.5192008018493652,(,(
25.414072036743164,32.76774597167969,identifier,section
-69.77650451660156,-47.317108154296875,",",","
24.84288215637207,50.718345642089844,identifier,option
72.28557586669922,-135.95919799804688,),)
-109.21542358398438,-13.505548477172852,(,(
-8.409500122070312,27.355432510375977,identifier,NoOptionError
-84.64176940917969,-76.26366424560547,",",","
-8.41369915008545,27.394657135009766,identifier,NoSectionError
64.28730010986328,-149.6171417236328,),)
-40.376365661621094,-160.12722778320312,:,:
-8.910146713256836,25.544721603393555,identifier,KeyError
-72.61795043945312,-4.025282859802246,(,(
36.42289733886719,63.62142562866211,identifier,key
84.39851379394531,-125.79840850830078,),)
-236.02944946289062,-20.207279205322266,def,def
101.67765045166016,-8.355926513671875,identifier,_profile_package
-166.9590606689453,18.224912643432617,(,(
-23.779001235961914,177.5750732421875,identifier,self
48.140052795410156,-199.79025268554688,),)
-84.20660400390625,-162.1020050048828,:,:
90.32051849365234,33.89549255371094,identifier,prof
94.08463287353516,-0.5831565856933594,identifier,cProfile
-38.615840911865234,94.12044525146484,.,.
94.18879699707031,-0.12265750020742416,identifier,Profile
-110.61360168457031,32.21957778930664,(,(
41.88697052001953,-164.2647705078125,),)
89.88677978515625,34.131019592285156,identifier,prof
-53.05664825439453,91.31723022460938,.,.
43.85084915161133,-20.8669490814209,identifier,enable
-113.01902770996094,36.0933837890625,(,(
43.08906555175781,-163.7447052001953,),)
-69.11663055419922,-171.09921264648438,:,:
97.3500747680664,7.882602214813232,identifier,runpy
-51.837066650390625,88.89348602294922,.,.
53.04552459716797,-2.2971420288085938,identifier,run_path
-108.17797088623047,16.697843551635742,(,(
20.749345779418945,174.16644287109375,identifier,self
-67.81732940673828,116.08463287353516,.,.
55.08163070678711,0.9223721027374268,identifier,_run_object
-97.88240814208984,-51.74586868286133,",",","
57.19163513183594,3.2854502201080322,identifier,run_name
38.70458984375,-6.168121337890625,"""",'__main__'
40.41264724731445,-154.66929626464844,),)
41.28889465332031,-15.761329650878906,identifier,SystemExit
-58.12699890136719,-141.46725463867188,:,:
89.51569366455078,34.49143981933594,identifier,prof
-56.03125,89.71002197265625,.,.
43.83710479736328,-20.86752700805664,identifier,disable
-114.1751480102539,36.4830436706543,(,(
45.62983703613281,-150.22569274902344,),)
60.24609375,47.282188415527344,identifier,prof_stats
36.84648132324219,15.477083206176758,identifier,pstats
-38.497955322265625,93.5414047241211,.,.
36.843894958496094,15.464364051818848,identifier,Stats
-102.7662582397461,9.170591354370117,(,(
89.55274963378906,35.334861755371094,identifier,prof
48.53221893310547,-147.75274658203125,),)
60.29856872558594,47.84291076660156,identifier,prof_stats
-59.16755294799805,85.92664337158203,.,.
28.883981704711914,10.365553855895996,identifier,calc_callees
-103.10513305664062,37.121070861816406,(,(
53.58708572387695,-148.58773803710938,),)
15.53622055053711,31.856149673461914,"""",'objectName'
-32.31037902832031,-39.908477783203125,:,:
35.10888671875,167.95655822753906,identifier,self
-77.2000961303711,102.98672485351562,.,.
31.16016387939453,32.75993728637695,identifier,_object_name
-85.5107650756836,-49.19257354736328,",",","
14.481428146362305,31.750455856323242,"""",'callStats'
-32.59988021850586,-40.67283630371094,:,:
36.52436828613281,171.85699462890625,identifier,self
-79.36734008789062,108.32633972167969,.,.
14.69873046875,21.381608963012695,identifier,_transform_stats
-90.68931579589844,1.7918972969055176,(,(
37.00584030151367,44.444602966308594,identifier,prof_stats
72.0223159790039,-155.57693481445312,),)
-85.2493896484375,-48.65509796142578,",",","
12.67416763305664,34.09625244140625,"""",'totalTime'
-33.85638427734375,-40.49249267578125,:,:
30.068126678466797,70.03782653808594,identifier,prof_stats
-76.68079376220703,84.89971923828125,.,.
12.33437728881836,39.462188720703125,identifier,total_tt
-84.61992645263672,-48.09934616088867,",",","
6.782214641571045,44.50661087036133,"""",'primitiveCalls'
-34.45692825317383,-40.062564849853516,:,:
29.770706176757812,70.23051452636719,identifier,prof_stats
-77.45663452148438,84.95647430419922,.,.
6.93406867980957,54.14004135131836,identifier,prim_calls
-83.99468231201172,-46.99456024169922,",",","
4.654798984527588,57.29795837402344,"""",'totalCalls'
-34.638336181640625,-39.41010665893555,:,:
29.580501556396484,70.35987854003906,identifier,prof_stats
-77.89710998535156,84.69863891601562,.,.
6.822782516479492,54.50712966918945,identifier,total_calls
-83.83732604980469,-45.9096565246582,",",","
2.3673410415649414,57.63011932373047,"""",'timestamp'
-34.74860763549805,-38.57429122924805,:,:
12.78370475769043,-17.123516082763672,identifier,int
-79.35266876220703,6.24497652053833,(,(
-25.019744873046875,46.534889221191406,identifier,time
-98.53009796142578,49.78937530517578,.,.
-26.186010360717773,47.133331298828125,identifier,time
-99.10840606689453,48.69246292114258,(,(
79.53962707519531,-158.2404022216797,),)
81.95629119873047,-146.29736328125,),)
-238.92044067382812,-19.891904830932617,def,def
99.29666137695312,-7.192719459533691,identifier,_convert_types
-168.83436584472656,12.429394721984863,(,(
106.62156677246094,11.184338569641113,identifier,schema
-109.29691314697266,-84.02114868164062,",",","
81.89299011230469,-9.43565559387207,identifier,col_type_dict
-103.576904296875,-83.53385162353516,",",","
87.51236724853516,-3.8440682888031006,identifier,row
41.518924713134766,-196.79376220703125,),)
-86.40460205078125,-168.3654022216797,:,:
78.78550720214844,15.888224601745605,identifier,converted_row
9.318061828613281,-102.48674774169922,for,for
69.87902069091797,13.042366981506348,identifier,col_name
-96.89572143554688,-72.57105255126953,",",","
71.3417739868164,13.463604927062988,identifier,col_val
-4.026155948638916,7.837368011474609,identifier,zip
-114.00139617919922,16.349842071533203,(,(
106.61780548095703,11.192961692810059,identifier,schema
-77.52326965332031,-71.46771240234375,",",","
87.50148010253906,-3.715132236480713,identifier,row
54.599464416503906,-164.5277099609375,),)
-63.038814544677734,-161.24667358398438,:,:
-7.644976615905762,-94.76709747314453,if,if
10.088994026184082,-29.506071090698242,identifier,type
-118.73657989501953,7.330868244171143,(,(
61.31590270996094,25.016376495361328,identifier,col_val
64.23371887207031,-171.5368194580078,),)
-110.0410385131836,-10.116148948669434,(,(
38.6069450378418,-18.047637939453125,identifier,datetime
-81.4383316040039,-74.99440002441406,",",","
38.631690979003906,-18.12473487854004,identifier,date
57.72713851928711,-163.95252990722656,),)
-59.96930694580078,-147.6267547607422,:,:
53.04374313354492,47.09074020385742,identifier,col_val
-25.862369537353516,44.811431884765625,identifier,time
-55.45073318481445,73.42245483398438,.,.
33.015724182128906,7.151012897491455,identifier,mktime
-100.18246459960938,12.368805885314941,(,(
60.77436447143555,25.1919002532959,identifier,col_val
-49.821876525878906,80.8281021118164,.,.
32.91324996948242,7.44005012512207,identifier,timetuple
-106.51171875,39.74507141113281,(,(
74.20738983154297,-163.5857696533203,),)
50.95680236816406,-151.13088989257812,),)
-11.702579498291016,-147.98770141601562,elif,elif
4.566102981567383,-30.946744918823242,identifier,isinstance
-117.59102630615234,2.4318230152130127,(,(
57.81537628173828,29.17302894592285,identifier,col_val
-43.20072555541992,-65.57003021240234,",",","
22.300485610961914,16.3991641998291,identifier,Decimal
62.169464111328125,-156.632568359375,),)
-50.33097457885742,-148.9788818359375,:,:
52.683650970458984,47.715614318847656,identifier,col_val
14.166332244873047,-14.261496543884277,identifier,float
-98.71693420410156,4.710130214691162,(,(
37.982418060302734,38.75642776489258,identifier,col_val
57.628936767578125,-146.04493713378906,),)
-12.976242065429688,-149.5440673828125,elif,elif
31.170442581176758,42.45221710205078,identifier,col_type_dict
-51.04106903076172,75.90142822265625,.,.
-34.648284912109375,39.4429931640625,identifier,get
-92.26296997070312,-2.70735764503479,(,(
32.34169006347656,42.56283187866211,identifier,col_name
68.75359344482422,-151.377685546875,),)
15.831635475158691,-56.30681228637695,==,==
5.557873725891113,33.6309928894043,"""","""BYTES"""
-46.94306564331055,-158.03720092773438,:,:
31.61859130859375,62.364662170410156,identifier,col_val
-3.3251967430114746,36.33489227294922,identifier,base64
-63.79665756225586,68.62544250488281,.,.
-1.9068984985351562,37.266502380371094,identifier,standard_b64encode
-82.88260650634766,1.0632822513580322,(,(
28.157094955444336,65.45817565917969,identifier,col_val
74.61601257324219,-148.03359985351562,),)
-43.31367492675781,71.98678588867188,.,.
-20.174867630004883,32.566959381103516,identifier,decode
-68.1393814086914,16.050140380859375,(,(
-10.821972846984863,34.2364387512207,"""",'ascii'
71.26313781738281,-136.4121551513672,),)
-11.247570037841797,-157.61688232421875,else,else
-23.94241714477539,-159.7440948486328,:,:
20.82843780517578,72.81317138671875,identifier,col_val
20.15813446044922,71.81904602050781,identifier,col_val
24.67332649230957,76.36766815185547,identifier,converted_row
-56.754608154296875,52.09560012817383,.,.
-53.97914505004883,47.841522216796875,identifier,append
-73.89097595214844,4.303665637969971,(,(
19.880830764770508,71.84092712402344,identifier,col_val
77.72757720947266,-127.00956726074219,),)
19.025144577026367,80.76587677001953,identifier,converted_row
-233.70352172851562,-13.822726249694824,def,def
108.7549819946289,-5.492618560791016,identifier,read
-173.68235778808594,17.08222007751465,(,(
-27.349489212036133,180.71763610839844,identifier,self
-114.33641052246094,-86.27566528320312,",",","
88.67451477050781,-10.264517784118652,identifier,input_buffer
-107.78739166259766,-92.36610412597656,",",","
78.93870544433594,-8.390131950378418,identifier,kmip_version
121.5162353515625,6.236217975616455,identifier,enums
-39.42234802246094,99.24750518798828,.,.
91.26316833496094,6.111023426055908,identifier,KMIPVersion
-39.605934143066406,101.32656860351562,.,.
53.0284538269043,-11.473426818847656,identifier,KMIP_1_0
36.55789566040039,-193.96453857421875,),)
-85.70330047607422,-173.0549774169922,:,:
-19.91172981262207,3.4465408325195312,identifier,super
-64.69865417480469,-6.181946754455566,(,(
53.8675651550293,-7.172686576843262,identifier,GetAttributeListRequestPayload
-56.460418701171875,-44.47324752807617,",",","
25.325340270996094,176.33343505859375,identifier,self
54.72709274291992,-171.52462768554688,),)
-53.28791427612305,87.23468780517578,.,.
109.56938934326172,-5.234001636505127,identifier,read
-106.46955108642578,15.761360168457031,(,(
58.11257553100586,19.799524307250977,identifier,input_buffer
-97.50411987304688,-50.918174743652344,",",","
50.613155364990234,12.080389976501465,identifier,kmip_version
51.66322708129883,12.67164134979248,identifier,kmip_version
43.43034744262695,-153.4517059326172,),)
57.536808013916016,44.72856140136719,identifier,local_buffer
37.23561096191406,-14.68224811553955,identifier,utils
-39.22865295410156,93.35549926757812,.,.
29.459365844726562,-4.4717864990234375,identifier,BytearrayStream
-99.9215316772461,11.748004913330078,(,(
57.922096252441406,20.099132537841797,identifier,input_buffer
-50.25616455078125,79.77074432373047,.,.
-7.865626811981201,12.977405548095703,identifier,read
-99.22222137451172,11.473074913024902,(,(
31.092348098754883,165.19049072265625,identifier,self
-68.39764404296875,99.70388793945312,.,.
-23.15245246887207,37.81324005126953,identifier,length
66.36752319335938,-161.90377807617188,),)
51.44620895385742,-144.58116149902344,),)
-9.816805839538574,-103.33039093017578,if,if
34.119380950927734,171.5443572998047,identifier,self
-79.11204528808594,106.11088562011719,.,.
16.651134490966797,19.926408767700195,identifier,is_tag_next
-92.51691436767578,4.11530065536499,(,(
122.1026611328125,6.760521411895752,identifier,enums
-35.135719299316406,101.21688079833984,.,.
-0.11904264986515045,19.459217071533203,identifier,Tags
-36.52215576171875,104.7965316772461,.,.
18.282634735107422,34.33406066894531,identifier,UNIQUE_IDENTIFIER
-71.76922607421875,-56.831783294677734,",",","
37.38368225097656,41.9466667175293,identifier,local_buffer
63.50069808959961,-153.26177978515625,),)
-51.12482833862305,-155.84405517578125,:,:
39.617942810058594,177.8546905517578,identifier,self
-81.91697692871094,98.85382843017578,.,.
29.68712615966797,57.16446304321289,identifier,_unique_identifier
-0.5731537938117981,24.653881072998047,identifier,primitives
-35.96552276611328,92.44634246826172,.,.
-3.002403974533081,39.65999221801758,identifier,TextString
-82.38128662109375,-9.919323921203613,(,(
0.10780183970928192,20.508310317993164,identifier,tag
122.15360260009766,6.806340217590332,identifier,enums
-35.053009033203125,101.21676635742188,.,.
-0.1040109246969223,19.597543716430664,identifier,Tags
-35.309635162353516,104.50494384765625,.,.
18.23781394958496,34.44041442871094,identifier,UNIQUE_IDENTIFIER
68.08668518066406,-131.78994750976562,),)
43.76110076904297,177.93533325195312,identifier,self
-86.72991943359375,96.71952056884766,.,.
9.075969696044922,61.06978225708008,identifier,_unique_identifier
-69.84805297851562,72.6717758178711,.,.
-8.567516326904297,14.246524810791016,identifier,read
-79.60499572753906,-2.3174374103546143,(,(
20.535192489624023,66.81587219238281,identifier,local_buffer
-89.10279846191406,-39.858707427978516,",",","
8.264747619628906,65.255859375,identifier,kmip_version
9.333481788635254,65.13465118408203,identifier,kmip_version
73.30007934570312,-135.33798217773438,),)
-12.56309700012207,-157.3096923828125,else,else
-24.83139991760254,-159.75738525390625,:,:
48.820396423339844,176.5057373046875,identifier,self
-89.98322296142578,91.19690704345703,.,.
8.367358207702637,61.34227752685547,identifier,_unique_identifier
48.69621658325195,175.26487731933594,identifier,self
-92.48772430419922,92.47273254394531,.,.
-2.6938021183013916,58.6306266784668,identifier,is_oversized
-74.20602416992188,-2.778541088104248,(,(
16.08863639831543,74.34015655517578,identifier,local_buffer
85.41114044189453,-126.53705596923828,),)
-236.57077026367188,-16.837324142456055,def,def
100.3323974609375,-5.970538139343262,identifier,_fetch_file
-169.325927734375,15.15849494934082,(,(
-27.094970703125,177.29806518554688,identifier,self
-111.88958740234375,-83.24600982666016,",",","
83.99800109863281,-3.442211866378784,identifier,remote
-105.83406066894531,-82.7811279296875,",",","
81.62869262695312,-2.1785666942596436,identifier,local
43.17459487915039,-197.76004028320312,),)
-84.95317077636719,-166.9551544189453,:,:
74.05215454101562,6.329491138458252,identifier,full_remote
43.34955596923828,-7.268095016479492,"""","""%s:%s"""
-109.08732604980469,-3.4022698402404785,(,(
19.21756362915039,174.21832275390625,identifier,self
-59.70426940917969,105.3369369506836,.,.
83.68729400634766,-23.854875564575195,identifier,location
-76.00625610351562,-70.60790252685547,",",","
83.9660873413086,-2.998445987701416,identifier,remote
40.05732727050781,-158.9439239501953,),)
25.682598114013672,178.82440185546875,identifier,self
-64.08860778808594,111.75442504882812,.,.
-12.281424522399902,95.31137084960938,identifier,log
-72.4782943725586,43.397315979003906,.,.
-61.285709381103516,33.21518325805664,identifier,info
-88.13104248046875,22.86036491394043,(,(
44.117149353027344,-5.595378875732422,"""","""fetching %s from %s"""
-73.03673553466797,-75.312744140625,",",","
81.56925201416016,-2.0157980918884277,identifier,local
-76.10882568359375,-70.24095916748047,",",","
57.53481674194336,16.478971481323242,identifier,full_remote
44.073265075683594,-154.25503540039062,),)
7.784278392791748,-103.50836181640625,for,for
31.650245666503906,-20.454330444335938,identifier,i
9.556977272033691,-7.874785423278809,identifier,range
-99.75625610351562,15.057201385498047,(,(
57.00798034667969,-160.759033203125,),)
-60.410850524902344,-162.17742919921875,:,:
53.99509811401367,44.565982818603516,identifier,check
33.560943603515625,13.223318099975586,identifier,check_output
-98.41132354736328,9.64963436126709,(,(
31.664159774780273,168.624267578125,identifier,self
-70.8323745727539,101.6014404296875,.,.
20.77669906616211,10.818839073181152,identifier,ssh_cmd
-14.204703330993652,-22.2209415435791,+,+
32.09673309326172,167.97401428222656,identifier,self
-70.78741455078125,101.34149932861328,.,.
20.62835121154785,10.816420555114746,identifier,ssh_args
-14.164734840393066,-22.266845703125,+,+
33.717098236083984,167.09439086914062,identifier,self
-69.46648406982422,98.24921417236328,.,.
10.514913558959961,5.752812385559082,identifier,location
-80.22159576416016,-58.11016082763672,",",","
13.872135162353516,27.00758934020996,"""",'test -e'
-77.82359313964844,-57.68178176879883,",",","
84.03119659423828,-2.7015178203582764,identifier,remote
-80.20280456542969,-58.13191223144531,",",","
12.935078620910645,27.743026733398438,"""","""&& echo 'yes' || echo 'no'"""
54.95493698120117,-136.48277282714844,),)
40.20890426635742,59.3690185546875,identifier,check
40.0440559387207,59.677066802978516,identifier,check
-43.85617446899414,74.34465026855469,.,.
-25.501049041748047,20.09796142578125,identifier,strip
-102.8529281616211,41.3458366394043,(,(
64.84003448486328,-141.80197143554688,),)
-10.206761360168457,-110.63951110839844,if,if
39.77000427246094,60.2711296081543,identifier,check
14.537012100219727,-55.99456024169922,==,==
-8.163915634155273,38.21581268310547,"""",'no'
-45.184024810791016,-157.83859252929688,:,:
-23.72435188293457,46.02813720703125,identifier,time
-68.70944213867188,58.112422943115234,.,.
-20.010225296020508,50.30591583251953,identifier,sleep
-72.17418670654297,9.851912498474121,(,(
70.38253021240234,-137.66455078125,),)
-14.74613094329834,-150.89593505859375,elif,elif
39.672733306884766,60.46018981933594,identifier,check
14.15693473815918,-55.7667350769043,==,==
-8.323807716369629,38.38920211791992,"""",'yes'
-41.42289733886719,-157.34104919433594,:,:
-3.70796799659729,55.399166107177734,identifier,check_output
-75.65240478515625,-2.319465398788452,(,(
46.82417297363281,172.3218536376953,identifier,self
-86.0566177368164,89.31504821777344,.,.
-2.541128396987915,54.33945846557617,identifier,scp_cmd
-17.588939666748047,-18.013540267944336,+,+
15.973885536193848,65.57354736328125,identifier,full_remote
-72.23918914794922,-45.927711486816406,",",","
9.411569595336914,80.75237274169922,identifier,local
81.90621948242188,-130.356689453125,),)
-234.0133514404297,-16.053913116455078,def,def
103.18241119384766,-8.831089973449707,identifier,_load
-170.89187622070312,17.69843292236328,(,(
-26.27952766418457,180.6216583251953,identifier,self
-114.84882354736328,-83.81644439697266,",",","
86.74543762207031,-11.833005905151367,identifier,load_dict
44.50518035888672,-199.9281463623047,),)
-87.62435150146484,-166.208251953125,:,:
-6.093779563903809,-86.03404998779297,if,if
16.694828033447266,178.96749877929688,identifier,self
-60.89965057373047,115.967041015625,.,.
84.41668701171875,5.876784801483154,identifier,v_locked
-64.14987182617188,-141.87127685546875,:,:
92.26314544677734,3.630735397338867,identifier,pex
-38.07990264892578,95.6224594116211,.,.
52.45294952392578,-7.632696628570557,identifier,ParameterLockedException
-89.93224334716797,20.01701545715332,(,(
45.17424011230469,-6.421184539794922,"""",'Parameter `%s` is locked!'
21.17435646057129,171.53424072265625,identifier,self
-60.505615234375,104.0557632446289,.,.
57.5064811706543,8.805436134338379,identifier,v_full_name
38.219730377197266,-153.5475311279297,),)
-9.903288841247559,-94.5879135131836,if,if
35.81797790527344,-0.7870611548423767,"""",'data'
61.208614349365234,22.406997680664062,identifier,load_dict
-60.34252166748047,-148.01280212402344,:,:
30.122478485107422,180.4275665283203,identifier,self
-69.34420013427734,110.8914794921875,.,.
30.536773681640625,18.06467628479004,identifier,_data
59.896339416503906,23.472171783447266,identifier,load_dict
29.63079071044922,0.18636327981948853,"""",'data'
29.792083740234375,0.3636869490146637,"""",'data'
33.9720344543457,180.0688934326172,identifier,self
-74.24191284179688,107.17237091064453,.,.
29.01326560974121,18.119504928588867,identifier,_default
29.50061798095703,164.19944763183594,identifier,self
-76.13735961914062,106.07305908203125,.,.
30.4698486328125,18.278413772583008,identifier,_data
-9.859674453735352,-153.01800537109375,else,else
-23.170480728149414,-154.0133819580078,:,:
37.559566497802734,174.98587036132812,identifier,self
-83.5028305053711,104.18012237548828,.,.
-9.056891441345215,93.6192398071289,identifier,_logger
-70.3846435546875,42.66957092285156,.,.
-14.670143127441406,28.10352897644043,identifier,warning
-82.55858612060547,17.7774715423584,(,(
11.203704833984375,29.85889434814453,"""","'Your parameter `%s` is empty, '"
9.048701286315918,31.01243782043457,"""",'I did not find any data on disk.'
40.47170639038086,166.62191772460938,identifier,self
-73.47106170654297,95.55712890625,.,.
30.666141510009766,39.1600227355957,identifier,v_full_name
60.9373779296875,-132.9991912841797,),)
-8.54420280456543,-111.82701873779297,if,if
8.120820999145508,44.53732681274414,"""",'explored_data'
25.081859588623047,69.19784545898438,identifier,load_dict
-44.638023376464844,-160.9016876220703,:,:
43.413909912109375,178.2447509765625,identifier,self
-86.06432342529297,96.55314636230469,.,.
5.41060209274292,52.54617691040039,identifier,_explored_range
55.23771667480469,77.03910064697266,identifier,x
23.271188735961914,-104.53456115722656,for,for
54.20657730102539,79.5745620727539,identifier,x
23.438053131103516,69.68183135986328,identifier,load_dict
7.680116176605225,58.741065979003906,"""",'explored_data'
7.6334757804870605,57.770172119140625,"""",'data'
-72.14844512939453,65.02833557128906,.,.
-0.772656261920929,50.26411437988281,identifier,tolist
-101.7374496459961,44.28531265258789,(,(
79.05216979980469,-157.99549865722656,),)
49.42984390258789,176.02505493164062,identifier,self
-90.69905090332031,91.05406951904297,.,.
-3.754528760910034,60.77354049682617,identifier,_explored
50.13469314575195,176.09677124023438,identifier,self
-91.26253509521484,90.83244323730469,.,.
-4.2737226486206055,61.5659294128418,identifier,_locked
-237.61825561523438,-14.711939811706543,def,def
97.8345718383789,-5.709885120391846,identifier,common_logger_config
-170.1829376220703,14.068739891052246,(,(
-28.361103057861328,175.48309326171875,identifier,self
-112.60923767089844,-81.88114929199219,",",","
98.87711334228516,40.33579635620117,identifier,logger
-105.64810180664062,-83.79057312011719,",",","
86.93195343017578,-13.380084037780762,identifier,config
-107.54497528076172,-95.09026336669922,",",","
70.9625015258789,-15.712942123413086,identifier,incremental
39.61869812011719,-197.06556701660156,),)
-86.34200286865234,-169.93804931640625,:,:
61.37459182739258,-16.07699966430664,identifier,level
85.06257629394531,30.23934555053711,identifier,config
-46.6945915222168,85.1626205444336,.,.
-35.820960998535156,37.294593811035156,identifier,get
-86.12173461914062,28.325960159301758,(,(
48.71072769165039,-9.945001602172852,"""",'level'
-60.807029724121094,-64.28056335449219,",",","
40.841976165771484,-160.0595703125,),)
-10.053740501403809,-89.73502349853516,if,if
61.23733901977539,-16.049266815185547,identifier,level
-64.2293930053711,-146.5392608642578,:,:
98.0465316772461,40.3777961730957,identifier,logger
-54.56398391723633,88.2056884765625,.,.
46.92262268066406,-2.0182015895843506,identifier,setLevel
-102.32901763916016,15.184123992919922,(,(
47.64743423461914,-1.4641865491867065,identifier,_checkLevel
-109.16216278076172,12.581576347351074,(,(
61.17629623413086,-16.061214447021484,identifier,level
63.34391784667969,-167.02447509765625,),)
40.04251480102539,-153.24705505371094,),)
-10.636335372924805,-95.26280212402344,if,if
70.86205291748047,-15.755895614624023,identifier,incremental
-61.06180191040039,-150.7422637939453,:,:
9.961764335632324,-105.4073257446289,for,for
29.462587356567383,-18.834959030151367,identifier,h
97.97644805908203,40.40872573852539,identifier,logger
-63.60063552856445,97.90750885009766,.,.
39.93156814575195,14.30754280090332,identifier,handlers
-4.319372177124023,-4.399704933166504,:,:
-60.58119583129883,-159.17703247070312,:,:
97.92791748046875,40.50051498413086,identifier,logger
-55.46068572998047,87.86076354980469,.,.
34.36294937133789,6.112975120544434,identifier,removeHandler
-101.76119232177734,12.764366149902344,(,(
29.484939575195312,-18.788272857666016,identifier,h
47.27751159667969,-147.17691040039062,),)
40.44712448120117,31.151784896850586,identifier,handlers
84.93861389160156,31.06009292602539,identifier,config
-49.646785736083984,74.28372192382812,.,.
-36.211700439453125,38.977210998535156,identifier,get
-83.10202026367188,28.22662353515625,(,(
25.41111183166504,11.772046089172363,"""",'handlers'
-61.4597282409668,-63.53578186035156,",",","
54.220703125,-146.72662353515625,),)
-12.807788848876953,-104.60076904296875,if,if
39.75648498535156,32.14656448364258,identifier,handlers
-50.918556213378906,-151.1837921142578,:,:
35.45136260986328,173.1647186279297,identifier,self
-80.44623565673828,106.91320037841797,.,.
15.886494636535645,20.91547393798828,identifier,add_handlers
-92.8978500366211,1.246131181716919,(,(
99.22245788574219,41.72687911987305,identifier,logger
-71.81005096435547,-55.15535354614258,",",","
39.786598205566406,32.24741744995117,identifier,handlers
59.545806884765625,-139.7342529296875,),)
28.07468032836914,55.3632698059082,identifier,filters
85.10387420654297,31.00662612915039,identifier,config
-49.55302810668945,73.94216918945312,.,.
-36.08636474609375,39.85137176513672,identifier,get
-82.16033172607422,28.03648567199707,(,(
9.82946491241455,38.09475326538086,"""",'filters'
-61.091529846191406,-63.77096176147461,",",","
65.85362243652344,-137.8662872314453,),)
-12.478078842163086,-111.83670043945312,if,if
27.18604850769043,55.51874923706055,identifier,filters
-45.998939514160156,-160.81488037109375,:,:
43.28190994262695,174.01145935058594,identifier,self
-86.84284210205078,98.65650939941406,.,.
-1.783071517944336,47.8698844909668,identifier,add_filters
-78.66104125976562,-3.2405803203582764,(,(
99.2552719116211,41.75698471069336,identifier,logger
-70.3847427368164,-45.98128890991211,",",","
27.17208480834961,55.531455993652344,identifier,filters
82.98595428466797,-126.7269515991211,),)
-243.7677764892578,-17.960861206054688,def,def
96.01117706298828,-8.919039726257324,identifier,RegisterFreeformKey
-171.77261352539062,12.050394058227539,(,(
-27.117345809936523,173.81515502929688,identifier,cls
-111.00242614746094,-82.84388732910156,",",","
86.1846923828125,-17.566076278686523,identifier,key
-106.4648208618164,-83.92427825927734,",",","
79.52088165283203,-21.661392211914062,identifier,name
-106.9787368774414,-94.65133666992188,",",","
72.22993469238281,-21.22634506225586,identifier,mean
46.97468948364258,-9.778385162353516,"""","b""com.apple.iTunes"""
36.63097381591797,-193.21734619140625,),)
-84.24710083007812,-172.09002685546875,:,:
71.46924591064453,6.963654518127441,identifier,atomid
41.753875732421875,-9.05332088470459,"""","b""----:"""
-13.293540000915527,-27.822345733642578,+,+
72.194091796875,-21.249088287353516,identifier,mean
-14.240782737731934,-25.374921798706055,+,+
41.78323745727539,-8.911890983581543,"""","b"":"""
-13.249886512756348,-27.633899688720703,+,+
77.96891021728516,-23.91714096069336,identifier,name
-236.3269500732422,-26.708341598510742,def,def
40.69184112548828,26.07443618774414,identifier,getter
-160.02902221679688,14.561036109924316,(,(
74.7284927368164,58.345497131347656,identifier,tags
-99.43827056884766,-75.40420532226562,",",","
64.81399536132812,27.99148941040039,identifier,key
47.02294921875,-191.27880859375,),)
-77.8675537109375,-161.95458984375,:,:
29.401641845703125,-27.81610870361328,identifier,s
-41.19575119018555,79.69710540771484,.,.
-20.846582412719727,32.11906814575195,identifier,decode
-98.343994140625,24.87982749938965,(,(
35.210601806640625,-5.378687381744385,"""","""utf-8"""
-66.75103759765625,-64.04129028320312,",",","
34.86027145385742,-3.615342617034912,"""","""replace"""
62.19505310058594,-161.6944122314453,),)
21.143413543701172,-106.2925033569336,for,for
29.441965103149414,-21.754791259765625,identifier,s
72.10530853271484,58.623817443847656,identifier,tags
48.01189041137695,28.25739097595215,identifier,atomid
-237.30429077148438,-26.54727554321289,def,def
40.54385757446289,26.30999755859375,identifier,setter
-158.7815399169922,13.696106910705566,(,(
74.38472747802734,58.56753921508789,identifier,tags
-82.9359359741211,-60.9501838684082,",",","
47.3048210144043,33.28626251220703,identifier,key
-82.95465087890625,-60.97681427001953,",",","
43.96739196777344,45.82558822631836,identifier,value
62.48859786987305,-154.87200927734375,),)
-55.2442626953125,-158.1654815673828,:,:
72.40353393554688,59.019920349121094,identifier,tags
32.39624786376953,45.676448822021484,identifier,atomid
4.024602890014648,24.23103141784668,identifier,utf8
-95.28199005126953,0.8260239362716675,(,(
27.235797882080078,-28.062856674194336,identifier,v
70.97289276123047,-156.4771270751953,),)
23.3369140625,-106.32804107666016,for,for
24.689334869384766,-20.978971481323242,identifier,v
43.06454086303711,46.81249237060547,identifier,value
-237.55992126464844,-26.5842342376709,def,def
40.32234573364258,26.70026397705078,identifier,deleter
-158.6136016845703,13.60390567779541,(,(
74.20672607421875,58.694183349609375,identifier,tags
-71.60568237304688,-51.440162658691406,",",","
46.87080764770508,33.503055572509766,identifier,key
66.17195892333984,-149.3302764892578,),)
-50.52915573120117,-160.1427764892578,:,:
-85.72882843017578,3.642096519470215,(,(
72.5680923461914,59.1795654296875,identifier,tags
32.21638488769531,45.917415618896484,identifier,atomid
66.35108947753906,-129.51109313964844,),)
47.328147888183594,179.6970672607422,identifier,cls
-33.85099411010742,90.2322769165039,.,.
-0.8518824577331543,48.651527404785156,identifier,RegisterKey
-77.52742004394531,-3.217921733856201,(,(
36.07771301269531,63.31283187866211,identifier,key
-71.48546600341797,-44.032711029052734,",",","
3.532078742980957,75.96044158935547,identifier,getter
-71.57938385009766,-44.26783752441406,",",","
3.6637520790100098,75.90300750732422,identifier,setter
-71.28346252441406,-44.62752914428711,",",","
4.241281509399414,75.6537094116211,identifier,deleter
82.34707641601562,-127.93541717529297,),)
-236.93519592285156,-14.561457633972168,def,def
98.77325439453125,-5.330936431884766,identifier,prepare_user_module
-171.04135131835938,13.981999397277832,(,(
-30.052751541137695,175.58843994140625,identifier,self
-110.81321716308594,-90.5684585571289,",",","
82.20990753173828,-10.787062644958496,identifier,user_module
-104.60955810546875,-96.53742218017578,",",","
76.68415069580078,-9.341623306274414,identifier,user_ns
38.76737976074219,-196.67318725585938,),)
-88.82575988769531,-170.1308135986328,:,:
-8.117875099182129,-88.30489349365234,if,if
65.01513671875,16.484601974487305,identifier,user_module
-7.072920799255371,-71.8653335571289,and,and
65.10039520263672,15.501655578613281,identifier,user_ns
-64.63134765625,-146.3621063232422,:,:
64.91812896728516,15.1509370803833,identifier,user_ns
-50.84770202636719,84.29197692871094,.,.
-37.84815979003906,54.674034118652344,identifier,setdefault
-94.97341918945312,22.69546890258789,(,(
37.95417785644531,-6.429415702819824,"""","""__name__"""
-71.84081268310547,-69.53475189208984,",",","
38.417301177978516,-5.952031135559082,"""","""__main__"""
42.90018081665039,-152.4009552001953,),)
39.02577590942383,16.877086639404297,identifier,DummyMod
-160.4962921142578,19.97757339477539,(,(
93.81189727783203,-17.603769302368164,identifier,object
48.85791015625,-191.2495574951172,),)
-76.83390808105469,-162.52435302734375,:,:
32.19971466064453,4.950424671173096,"""","""A dummy module used for IPython's interactive namespace."""
55.76847457885742,49.26779556274414,identifier,user_module
38.9898567199707,16.885879516601562,identifier,DummyMod
-109.07649230957031,30.613161087036133,(,(
54.802650451660156,-148.2088165283203,),)
55.679725646972656,51.061100006103516,identifier,user_module
-77.34120178222656,97.79659271240234,.,.
-8.559001922607422,77.94175720214844,identifier,__dict__
36.79753494262695,38.35743713378906,identifier,user_ns
-11.510377883911133,-107.25226593017578,if,if
47.987667083740234,55.522247314453125,identifier,user_module
-50.27585220336914,-155.24229431152344,:,:
47.70223617553711,54.69526290893555,identifier,user_module
-0.48889240622520447,23.499523162841797,identifier,types
-36.27824401855469,92.35795593261719,.,.
4.326045989990234,31.29401969909668,identifier,ModuleType
-87.56925964355469,3.7227869033813477,(,(
8.521559715270996,33.355037689208984,"""","""__main__"""
-93.41441345214844,-41.04275894165039,",",","
3.4822897911071777,39.40445327758789,identifier,doc
4.899298667907715,40.164466857910156,"""","""Automatically created module for IPython interactive environment"""
67.52716064453125,-131.89402770996094,),)
26.868146896362305,70.82886505126953,identifier,user_module
-83.14867401123047,78.16730499267578,.,.
-6.7587571144104,76.4109878540039,identifier,__dict__
-41.370155334472656,54.28834915161133,.,.
-38.86628341674805,53.86640548706055,identifier,setdefault
-75.57968139648438,23.87100601196289,(,(
5.0339765548706055,56.23170471191406,"""",'__builtin__'
-62.531375885009766,-47.062435150146484,",",","
10.981841087341309,63.20151901245117,identifier,builtin_mod
69.33103942871094,-128.76303100585938,),)
26.859947204589844,71.00151062011719,identifier,user_module
-83.1490707397461,78.15660858154297,.,.
-6.840702533721924,76.47756958007812,identifier,__dict__
-41.393821716308594,54.28348159790039,.,.
-38.86412048339844,53.88504409790039,identifier,setdefault
-75.5792007446289,23.883060455322266,(,(
4.977247714996338,56.39857864379883,"""",'__builtins__'
-62.5205192565918,-47.05938720703125,",",","
10.963366508483887,63.28465270996094,identifier,builtin_mod
75.48311614990234,-125.40312194824219,),)
-6.333768367767334,-113.20271301269531,if,if
9.71139144897461,75.90962219238281,identifier,user_ns
-42.92140197753906,-164.11668395996094,:,:
9.842060089111328,75.5759506225586,identifier,user_ns
14.495637893676758,74.99085235595703,identifier,user_module
-79.20669555664062,79.68677520751953,.,.
-7.705416679382324,77.14051055908203,identifier,__dict__
19.50503158569336,77.0315933227539,identifier,user_module
-69.06658172607422,-36.45768737792969,",",","
17.699594497680664,76.91020202636719,identifier,user_ns
-235.02003479003906,-20.248981475830078,def,def
100.30150604248047,-6.518564224243164,identifier,f_dir_data
-166.39842224121094,19.20016860961914,(,(
-23.71830940246582,178.8109130859375,identifier,self
46.8310432434082,-198.6592559814453,),)
-88.03756713867188,-164.17152404785156,:,:
-4.893205165863037,-88.25527954101562,if,if
-105.90120697021484,-9.535284042358398,(,(
17.926353454589844,179.2317657470703,identifier,self
-63.46809387207031,116.06082153320312,.,.
83.97586059570312,6.865597724914551,identifier,_nn_interface
-7.754512786865234,-72.20623016357422,and,and
18.65264892578125,177.82534790039062,identifier,self
-65.92930603027344,115.15291595458984,.,.
83.16425323486328,6.963762283325195,identifier,_nn_interface
-56.46167755126953,100.15382385253906,.,.
54.198543548583984,0.5919232368469238,identifier,_root_instance
-7.989973545074463,-72.0827865600586,and,and
22.11497688293457,171.98558044433594,identifier,self
-62.46866989135742,105.22506713867188,.,.
52.9380989074707,1.9950557947158813,identifier,v_root
-57.69515609741211,99.7182846069336,.,.
49.40546417236328,2.621607780456543,identifier,v_auto_load
59.00983428955078,-165.13174438476562,),)
-62.561805725097656,-152.21087646484375,:,:
-66.86015319824219,-169.1126708984375,:,:
-7.924073696136475,-98.8516845703125,if,if
26.79174041748047,169.35427856445312,identifier,self
-69.27729797363281,104.4886474609375,.,.
36.111751556396484,7.030826091766357,identifier,v_is_root
-57.41874313354492,-151.3887481689453,:,:
30.63416290283203,176.25946044921875,identifier,self
-80.5414047241211,110.13419342041016,.,.
34.04065704345703,14.077811241149902,identifier,f_load
-98.47722625732422,-2.507272243499756,(,(
-0.02314324490725994,12.224980354309082,identifier,recursive
-94.60646057128906,-45.51435089111328,",",","
33.52384948730469,18.247161865234375,identifier,max_depth
-94.31204986572266,-45.665992736816406,",",","
23.16840934753418,23.523313522338867,identifier,load_data
1.2103217840194702,25.79300880432129,identifier,pypetconstants
-37.08742904663086,106.08745574951172,.,.
25.436683654785156,19.47998046875,identifier,LOAD_SKELETON
-92.91402435302734,-46.10169219970703,",",","
15.306991577148438,24.926462173461914,identifier,with_meta_data
-92.22930908203125,-46.202877044677734,",",","
15.30793285369873,24.911252975463867,identifier,with_run_information
56.701942443847656,-134.18197631835938,),)
-9.879469871520996,-154.63697814941406,else,else
-23.05000877380371,-156.6236114501953,:,:
41.34387969970703,174.40846252441406,identifier,self
-86.46836853027344,99.83583068847656,.,.
-1.0586988925933838,41.42057418823242,identifier,f_load
-83.65796661376953,-9.991057395935059,(,(
-0.040169067680835724,12.24771499633789,identifier,recursive
-89.83792114257812,-41.18174743652344,",",","
9.521400451660156,46.306541442871094,identifier,max_depth
-89.82566833496094,-40.99736022949219,",",","
8.272461891174316,46.87300491333008,identifier,load_data
1.1575243473052979,25.882896423339844,identifier,pypetconstants
-34.67682647705078,104.98348999023438,.,.
7.4824066162109375,50.483184814453125,identifier,LOAD_SKELETON
73.9618911743164,-134.90853881835938,),)
-12.91312313079834,22.403961181640625,identifier,Exception
-16.376953125,18.748390197753906,identifier,exc
-39.81589889526367,-159.7877655029297,:,:
-0.049018800258636475,-9.94338321685791,identifier,list
-77.69657897949219,4.651402473449707,(,(
48.279754638671875,173.27447509765625,identifier,self
-87.55376434326172,90.94808959960938,.,.
-1.2617026567459106,62.45808029174805,identifier,_children
-71.93716430664062,66.05965423583984,.,.
-1.7949278354644775,64.28720092773438,identifier,keys
-102.28955841064453,44.28938293457031,(,(
80.00555419921875,-158.07167053222656,),)
86.0075454711914,-128.53736877441406,),)
-237.09890747070312,-15.54464054107666,def,def
99.65516662597656,-6.930586814880371,identifier,_on_edges
-169.9571533203125,14.490548133850098,(,(
-28.586509704589844,176.28819274902344,identifier,self
-113.06766510009766,-82.2042465209961,",",","
93.51055908203125,-17.33320426940918,identifier,object
-107.42376708984375,-84.3645248413086,",",","
79.36128997802734,-21.45895004272461,identifier,name
-103.6274185180664,-82.842041015625,",",","
80.127685546875,-15.438139915466309,identifier,old
-102.6899642944336,-82.76537322998047,",",","
79.57259368896484,-13.883353233337402,identifier,new
40.97565841674805,-197.30514526367188,),)
-88.43478393554688,-168.06796264648438,:,:
-7.463268280029297,-86.67085266113281,if,if
76.1104736328125,-22.991880416870117,identifier,name
16.558757781982422,-60.61338806152344,==,==
48.42140197753906,-8.107704162597656,"""","""edges_items"""
-66.23331451416016,-144.48814392089844,:,:
65.65030670166016,3.520190715789795,identifier,edges
62.78083801269531,-8.02709674835205,identifier,new
-56.50357437133789,101.53014373779297,.,.
98.2999496459961,-16.330705642700195,identifier,added
-8.945168495178223,-146.97999572753906,elif,elif
76.08334350585938,-23.051223754882812,identifier,name
16.912988662719727,-60.24068832397461,==,==
48.58112716674805,-7.585035800933838,"""","""edges"""
-62.522953033447266,-145.14886474609375,:,:
65.47315979003906,3.5483453273773193,identifier,edges
62.80642318725586,-8.026677131652832,identifier,new
-6.361327648162842,-150.95285034179688,else,else
-23.365083694458008,-150.63230895996094,:,:
65.33604431152344,3.582674264907837,identifier,edges
58.91047286987305,43.08772659301758,identifier,all_nodes
29.070125579833984,-27.071760177612305,identifier,n
21.88732147216797,-105.6395492553711,for,for
29.082305908203125,-16.860435485839844,identifier,g
29.30702781677246,172.31207275390625,identifier,self
-66.96809387207031,101.29183959960938,.,.
32.157962799072266,10.500768661499023,identifier,all_graphs
20.25859260559082,-107.51066589355469,for,for
28.8768310546875,-21.55461883544922,identifier,n
29.09170150756836,-16.684307098388672,identifier,g
-64.04914093017578,96.90859985351562,.,.
34.261863708496094,16.2404727935791,identifier,nodes
7.232723236083984,-104.98926544189453,for,for
57.91056823730469,49.521087646484375,identifier,each_edge
53.06911849975586,21.7080135345459,identifier,edges
-58.16017150878906,-161.2511749267578,:,:
-8.34471607208252,-104.52538299560547,if,if
45.768470764160156,66.49674224853516,identifier,each_edge
-70.67057037353516,87.8808364868164,.,.
26.706829071044922,35.128639221191406,identifier,tail_node
40.032649993896484,38.66092300415039,identifier,all_nodes
-49.643829345703125,-152.3587646484375,:,:
15.589577674865723,95.84534454345703,identifier,object
-79.39981079101562,94.01019287109375,.,.
19.75962257385254,45.30026626586914,identifier,nodes
-55.145835876464844,54.715641021728516,.,.
-51.690956115722656,47.87398910522461,identifier,append
-89.0473403930664,12.24983024597168,(,(
45.38408660888672,66.3244400024414,identifier,each_edge
-70.21932220458984,90.01824951171875,.,.
26.848461151123047,35.41888427734375,identifier,tail_node
61.301021575927734,-138.13589477539062,),)
-11.872512817382812,-110.5567855834961,if,if
44.94815444946289,66.91990661621094,identifier,each_edge
-76.19027709960938,87.07234191894531,.,.
19.282567977905273,56.27463912963867,identifier,head_node
40.18608856201172,38.810428619384766,identifier,all_nodes
-46.33930969238281,-159.77853393554688,:,:
15.588327407836914,95.83419799804688,identifier,object
-79.91800689697266,93.6420669555664,.,.
19.72495460510254,45.347007751464844,identifier,nodes
-56.62886047363281,54.09079360961914,.,.
-52.58232498168945,47.453025817871094,identifier,append
-75.72481536865234,4.420157432556152,(,(
44.404327392578125,67.18952941894531,identifier,each_edge
-78.25506591796875,85.49625396728516,.,.
18.905302047729492,56.94187545776367,identifier,head_node
73.86077880859375,-128.6079559326172,),)
25.75147247314453,72.70856475830078,identifier,each_edge
-90.44893646240234,87.64949035644531,.,.
0.5200023651123047,61.63508605957031,identifier,_nodes
15.328348159790039,71.27965545654297,identifier,all_nodes
-240.33265686035156,-17.918954849243164,def,def
97.43138122558594,-4.586424350738525,identifier,get_clinvar_submission
-170.48593139648438,12.373924255371094,(,(
116.19319152832031,24.35419273376465,identifier,store
-109.93206024169922,-86.20162963867188,",",","
80.3166275024414,-10.628182411193848,identifier,institute_id
-102.91664123535156,-87.15858459472656,",",","
78.43426513671875,-10.133520126342773,identifier,case_name
-101.75251007080078,-87.04022216796875,",",","
76.33110809326172,-7.19940710067749,identifier,variant_id
-101.19388580322266,-86.88478088378906,",",","
76.00050354003906,-7.285804271697998,identifier,submission_id
38.233970642089844,-194.58389282226562,),)
-86.29275512695312,-172.10427856445312,:,:
73.38812255859375,9.801684379577637,identifier,institute_obj
-93.3154525756836,-73.62667846679688,",",","
72.71292877197266,10.53954029083252,identifier,case_obj
48.96687316894531,-0.19671103358268738,identifier,institute_and_case
-107.49525451660156,14.69798755645752,(,(
116.56582641601562,24.255475997924805,identifier,store
-78.85256958007812,-68.29737854003906,",",","
57.53036880493164,13.6107177734375,identifier,institute_id
-77.98229217529297,-68.53327178955078,",",","
59.025611877441406,13.93336009979248,identifier,case_name
43.07818603515625,-154.8740234375,),)
61.60680389404297,44.541595458984375,identifier,pinned
117.10563659667969,25.369483947753906,identifier,store
-54.97395706176758,84.66185760498047,.,.
7.5310282707214355,2.4142398834228516,identifier,variant
-105.40367889404297,10.327454566955566,(,(
48.45570755004883,26.210437774658203,identifier,variant_id
62.21409606933594,-162.03250122070312,),)
-4.6843743324279785,-55.05256271362305,or,or
48.43167495727539,26.22603988647461,identifier,variant_id
21.331214904785156,-106.68560028076172,for,for
27.56855010986328,-21.178062438964844,identifier,variant_id
57.349029541015625,26.023027420043945,identifier,case_obj
-49.90483856201172,78.7012939453125,.,.
-36.18431854248047,38.38021469116211,identifier,get
-83.69739532470703,28.851791381835938,(,(
26.197154998779297,11.308061599731445,"""",'suspects'
-62.00351333618164,-62.935237884521484,",",","
66.63232421875,-161.01622009277344,),)
53.67061233520508,48.89662170410156,identifier,variant_obj
116.9172134399414,25.78011131286621,identifier,store
-64.39510345458984,79.82376861572266,.,.
7.522395133972168,2.4323911666870117,identifier,variant
-96.26789855957031,1.6558032035827637,(,(
31.737953186035156,36.834590911865234,identifier,variant_id
58.41485595703125,-140.51370239257812,),)
31.32399559020996,56.09177780151367,identifier,clinvar_submission_objs
117.2018051147461,26.141218185424805,identifier,store
-65.13326263427734,79.54035186767578,.,.
14.693119049072266,43.41568374633789,identifier,clinvars
-83.29811096191406,-9.302603721618652,(,(
28.189502716064453,39.237327575683594,identifier,submission_id
31.11272621154785,37.51580047607422,identifier,submission_id
65.8884048461914,-134.7288818359375,),)
-20.188478469848633,25.819988250732422,identifier,dict
-79.01426696777344,-9.941756248474121,(,(
-17.951751708984375,45.740352630615234,identifier,today
44.598609924316406,-39.41358184814453,identifier,str
-79.79212188720703,6.075976371765137,(,(
-19.569490432739258,45.224639892578125,identifier,date
-98.42264556884766,50.299888610839844,.,.
-17.993288040161133,45.73015594482422,identifier,today
-99.45185852050781,48.2281494140625,(,(
78.03837585449219,-159.18338012695312,),)
76.81053161621094,-150.70660400390625,),)
-84.8097152709961,-42.43239212036133,",",","
-5.24322509765625,71.39208984375,identifier,institute
18.306711196899414,65.31362915039062,identifier,institute_obj
-85.33750915527344,-41.58155822753906,",",","
-3.5967326164245605,67.8760986328125,identifier,case
17.818578720092773,65.4305419921875,identifier,case_obj
-84.86583709716797,-40.97892761230469,",",","
-1.987870454788208,70.46064758300781,identifier,variant
17.985980987548828,65.80974578857422,identifier,variant_obj
-84.17508697509766,-40.77984619140625,",",","
3.83420729637146,64.75981903076172,identifier,pinned_vars
11.691658020019531,69.45401000976562,identifier,pinned
-84.06719970703125,-40.15963363647461,",",","
3.9203457832336426,64.7319564819336,identifier,clinvars
13.242585182189941,70.33507537841797,identifier,clinvar_submission_objs
84.4029541015625,-130.90321350097656,),)
-231.11117553710938,-19.43231964111328,def,def
108.70896911621094,-5.504693508148193,identifier,read
-168.8707733154297,20.395854949951172,(,(
-24.32098388671875,180.03160095214844,identifier,self
48.474151611328125,-197.59898376464844,),)
-88.46461486816406,-162.97064208984375,:,:
-4.813547134399414,-85.73286437988281,if,if
16.43691635131836,180.16622924804688,identifier,self
-62.25897216796875,116.65448760986328,.,.
85.51508331298828,7.825804710388184,identifier,_cache
-67.63800811767578,-147.7576904296875,:,:
79.45511627197266,39.961360931396484,identifier,img
19.42993927001953,180.12083435058594,identifier,self
-62.6776237487793,114.2184066772461,.,.
86.31620788574219,8.886791229248047,identifier,_cache
-46.94585418701172,86.82015228271484,.,.
-33.76775360107422,37.024559020996094,identifier,get
-108.45488739013672,19.4615421295166,(,(
17.955982208251953,175.25277709960938,identifier,self
-66.2739486694336,116.97593688964844,.,.
51.50526428222656,8.437714576721191,identifier,_position
41.49283218383789,-161.0317840576172,),)
-10.660930633544922,-89.09767150878906,if,if
79.61321258544922,39.559730529785156,identifier,img
-64.91880798339844,-144.0726318359375,:,:
80.5096206665039,14.384413719177246,identifier,ret
-7.530942916870117,-150.29698181152344,else,else
-24.586082458496094,-151.16143798828125,:,:
-6.441667079925537,-94.66861724853516,if,if
25.150266647338867,171.04583740234375,identifier,self
-70.26759338378906,109.0054931640625,.,.
51.16794204711914,8.657720565795898,identifier,_position
18.6485595703125,-49.06203079223633,!=,!=
24.21922492980957,172.42449951171875,identifier,self
-72.59151458740234,114.32550048828125,.,.
48.16645812988281,3.024397611618042,identifier,_get_real_position
-108.38838195800781,36.16010665893555,(,(
52.22544860839844,-165.20758056640625,),)
-59.861934661865234,-149.3056640625,:,:
29.77910614013672,177.0206756591797,identifier,self
-74.77845001220703,112.58531951904297,.,.
36.163639068603516,8.007283210754395,identifier,_set_real_position
-102.02019500732422,13.78309154510498,(,(
28.048873901367188,166.33375549316406,identifier,self
-71.38038635253906,108.04959869384766,.,.
51.055564880371094,8.893537521362305,identifier,_position
47.156761169433594,-147.5933380126953,),)
27.04446792602539,89.50447845458984,identifier,ret
-92.78572082519531,-70.34510040283203,",",","
79.03030395507812,40.760345458984375,identifier,img
31.970905303955078,169.4735870361328,identifier,self
-75.78866577148438,104.77767944335938,.,.
23.038965225219727,33.929080963134766,identifier,_vcap
-61.017452239990234,76.14324188232422,.,.
-8.107512474060059,13.425049781799316,identifier,read
-103.11982727050781,38.91703796386719,(,(
54.0001335144043,-148.7151641845703,),)
-12.505172729492188,-104.3938217163086,if,if
24.775856018066406,89.13809204101562,identifier,ret
-50.652587890625,-150.7694091796875,:,:
36.43138122558594,174.77191162109375,identifier,self
-82.86446380615234,102.4369888305664,.,.
-4.38873291015625,83.23602294921875,identifier,_cache
-65.83502197265625,77.34197235107422,.,.
10.798154830932617,18.022891998291016,identifier,put
-92.73794555664062,0.33543190360069275,(,(
36.84786605834961,165.73431396484375,identifier,self
-77.5550308227539,102.25831604003906,.,.
50.57916259765625,9.527669906616211,identifier,_position
-71.24610900878906,-55.13104248046875,",",","
79.15132141113281,41.28946304321289,identifier,img
58.658016204833984,-144.69674682617188,),)
-9.166186332702637,-155.4860382080078,else,else
-22.514320373535156,-155.67852783203125,:,:
27.033653259277344,89.46111297607422,identifier,ret
-92.54981994628906,-68.26140594482422,",",","
78.95450592041016,40.86708450317383,identifier,img
40.86800765991211,170.4823455810547,identifier,self
-84.60913848876953,101.91597747802734,.,.
22.997249603271484,34.008567810058594,identifier,_vcap
-61.392295837402344,75.9192886352539,.,.
-8.316549301147461,13.803035736083984,identifier,read
-100.88092041015625,40.483394622802734,(,(
65.19786071777344,-141.447265625,),)
-11.546192169189453,-112.23641204833984,if,if
24.610260009765625,88.8537826538086,identifier,ret
-45.76765060424805,-161.7209014892578,:,:
43.79067611694336,176.62701416015625,identifier,self
-84.86997985839844,95.88119506835938,.,.
-4.548420429229736,64.14513397216797,identifier,_position
79.30819702148438,41.9282112121582,identifier,img
-239.2262420654297,-22.665586471557617,def,def
96.62532043457031,-10.307341575622559,identifier,topoSort
-167.4662322998047,11.561102867126465,(,(
97.01688385009766,-20.76067352294922,identifier,roots
-109.0555191040039,-80.94108581542969,",",","
93.30147552490234,-9.88385009765625,identifier,getParents
43.91160583496094,-201.0824737548828,),)
-85.60115051269531,-164.54708862304688,:,:
81.48553466796875,16.139657974243164,identifier,results
36.313697814941406,-37.3146858215332,identifier,visited
5.742537021636963,-13.421996116638184,identifier,set
-111.15387725830078,31.08002471923828,(,(
42.55183029174805,-164.70355224609375,),)
111.92607116699219,8.010682106018066,identifier,stack
-106.10050964355469,-6.915752410888672,(,(
31.37470817565918,-27.459890365600586,identifier,node
-69.21824645996094,-68.99530029296875,",",","
58.76492691040039,-169.3007049560547,),)
21.346622467041016,-104.5762939453125,for,for
32.14781951904297,-23.499412536621094,identifier,node
97.0195083618164,-20.788057327270508,identifier,roots
6.805079460144043,-97.4112548828125,while,while
112.71170043945312,8.032734870910645,identifier,stack
-63.1010856628418,-162.82542419433594,:,:
73.49372863769531,14.357807159423828,identifier,current
-92.7585220336914,-72.95691680908203,",",","
54.51211166381836,-26.236082077026367,identifier,state
112.76038360595703,8.169670104980469,identifier,stack
-44.06527328491211,85.16463470458984,.,.
-32.03493118286133,27.306344985961914,identifier,pop
-113.71794891357422,38.98588180541992,(,(
46.54322052001953,-159.3802490234375,),)
-9.03842544555664,-95.48304748535156,if,if
54.51351547241211,-26.242807388305664,identifier,state
18.837045669555664,-59.29554748535156,==,==
-61.28099822998047,-150.79754638671875,:,:
-6.876746654510498,-97.52208709716797,if,if
69.97158813476562,65.02680206298828,identifier,current
35.741058349609375,-36.80453109741211,identifier,visited
-59.23350524902344,-149.71031188964844,:,:
35.6976203918457,-36.75748825073242,identifier,visited
-51.312156677246094,55.16127014160156,.,.
-56.849693298339844,46.40308380126953,identifier,add
-101.59970092773438,16.73586654663086,(,(
69.67266845703125,64.85456085205078,identifier,current
46.09962463378906,-146.54147338867188,),)
113.39118957519531,9.326483726501465,identifier,stack
-52.261409759521484,54.64188003540039,.,.
-50.40371322631836,48.524391174316406,identifier,append
-91.74014282226562,13.377260208129883,(,(
-102.51879119873047,-6.8355712890625,(,(
69.45582580566406,64.85997772216797,identifier,current
-68.7994384765625,-67.81983947753906,",",","
67.05709075927734,-164.46917724609375,),)
46.091392517089844,-145.13394165039062,),)
113.43282318115234,9.413505554199219,identifier,stack
-52.93289566040039,54.62096405029297,.,.
-46.114131927490234,44.9564323425293,identifier,extend
-92.3278579711914,12.792937278747559,(,(
-102.4207992553711,-6.885740756988525,(,(
27.078258514404297,-26.576383590698242,identifier,parent
-68.75468444824219,-67.7500228881836,",",","
65.63042449951172,-158.08900451660156,),)
23.13288116455078,-107.17564392089844,for,for
26.44232177734375,-22.436294555664062,identifier,parent
15.380119323730469,15.409594535827637,identifier,getParents
-95.84149932861328,3.0536704063415527,(,(
68.92816162109375,64.58406066894531,identifier,current
72.03244018554688,-158.3034210205078,),)
52.44196319580078,-137.98553466796875,),)
-11.717915534973145,-154.73348999023438,else,else
-23.94473648071289,-156.12802124023438,:,:
-100.19900512695312,-5.520188808441162,(,(
68.6036148071289,65.56620788574219,identifier,current
36.03968048095703,-37.11463928222656,identifier,visited
65.15853881835938,-130.68701171875,),)
26.16872787475586,85.25532531738281,identifier,results
-55.57255554199219,53.57001495361328,.,.
-53.161094665527344,47.00074768066406,identifier,append
-74.12136840820312,4.4133429527282715,(,(
68.42623901367188,65.63443756103516,identifier,current
78.04592895507812,-127.84228515625,),)
22.388517379760742,83.96784210205078,identifier,results
-239.51109313964844,-19.43088722229004,def,def
97.17850494384766,-4.217843532562256,identifier,parse_hpo_disease
-165.86599731445312,11.865427017211914,(,(
84.91788482666016,-10.13329792022705,identifier,hpo_line
43.890098571777344,-196.31182861328125,),)
-84.79624938964844,-168.18157958984375,:,:
74.82393646240234,7.705798625946045,identifier,hpo_line
62.5660514831543,18.65241050720215,identifier,hpo_line
-43.062652587890625,82.07039642333984,.,.
-25.97427749633789,19.51511001586914,identifier,rstrip
-111.2850341796875,38.500736236572266,(,(
50.05421447753906,-168.731689453125,),)
-43.778194427490234,81.70553588867188,.,.
-26.47092056274414,9.902515411376953,identifier,split
-101.99221801757812,24.416799545288086,(,(
40.42647171020508,-11.440017700195312,"""",'\t'
40.306583404541016,-158.26707458496094,),)
77.55538940429688,15.774443626403809,identifier,hpo_info
51.19202423095703,17.65919303894043,identifier,disease
61.924278259277344,19.060792922973633,identifier,hpo_line
-43.79093551635742,80.74783325195312,.,.
-26.167221069335938,10.563102722167969,identifier,split
-101.40558624267578,23.83210563659668,(,(
32.5245361328125,-5.396308898925781,"""",':'
45.397823333740234,-151.39666748046875,),)
57.29142379760742,52.2037353515625,identifier,hpo_info
29.938610076904297,6.429988861083984,"""",'source'
50.99877166748047,17.941509246826172,identifier,disease
57.10944747924805,52.334251403808594,identifier,hpo_info
22.405637741088867,20.39609146118164,"""",'disease_nr'
13.389625549316406,-15.617648124694824,identifier,int
-98.97245025634766,4.8945722579956055,(,(
50.9283561706543,18.044849395751953,identifier,disease
55.3289794921875,-141.23353576660156,),)
50.225135803222656,59.010623931884766,identifier,hpo_info
16.275163650512695,35.5534553527832,"""",'hgnc_symbol'
49.9646110534668,59.37395095825195,identifier,hpo_info
15.345949172973633,36.186710357666016,"""",'hpo_term'
-8.778480529785156,-112.06423950195312,if,if
-29.11536407470703,-7.138335227966309,identifier,len
-121.0795669555664,10.194756507873535,(,(
24.411178588867188,68.64611053466797,identifier,hpo_line
68.34947204589844,-173.36505126953125,),)
-44.83478546142578,-160.54913330078125,:,:
24.286758422851562,73.94987487792969,identifier,hpo_info
11.694236755371094,58.917022705078125,"""",'hgnc_symbol'
23.381229400634766,68.5999755859375,identifier,hpo_line
-8.149078369140625,-115.0088882446289,if,if
-29.235815048217773,-6.866898536682129,identifier,len
-121.13967895507812,10.385761260986328,(,(
24.18012809753418,68.78642272949219,identifier,hpo_line
68.4184799194336,-173.44432067871094,),)
-42.92365264892578,-162.8756866455078,:,:
24.096467971801758,74.04158782958984,identifier,hpo_info
5.052671432495117,60.84988021850586,"""",'hpo_term'
17.175167083740234,73.41034698486328,identifier,hpo_line
19.088836669921875,79.9191665649414,identifier,hpo_info
-236.8662567138672,-21.70964241027832,def,def
101.94033813476562,-6.509225368499756,identifier,remove_class
-165.19998168945312,14.518616676330566,(,(
90.0638198852539,-17.539636611938477,identifier,text
48.1070556640625,-200.9840087890625,),)
-85.41702270507812,-162.13290405273438,:,:
82.09976196289062,19.726102828979492,identifier,lines
90.16819763183594,-17.614274978637695,identifier,text
-43.904090881347656,82.19107818603516,.,.
-26.55129051208496,9.725285530090332,identifier,split
-102.2288589477539,24.634977340698242,(,(
40.57318115234375,-11.902649879455566,"""","""\n"""
40.1539306640625,-163.4624481201172,),)
80.5450210571289,14.876433372497559,identifier,ret
9.115036964416504,-102.04583740234375,for,for
81.01773834228516,21.74127197265625,identifier,line
82.48043060302734,22.367870330810547,identifier,lines
-63.761077880859375,-162.17852783203125,:,:
74.15923309326172,11.739152908325195,identifier,tokens
51.64613342285156,0.08666447550058365,identifier,tokenize_line
-108.85859680175781,14.824788093566895,(,(
81.49041748046875,22.40748405456543,identifier,line
41.614654541015625,-157.92111206054688,),)
70.30094146728516,9.932381629943848,identifier,tokens_upper
29.960067749023438,-27.89009666442871,identifier,t
-41.0557861328125,79.77843475341797,.,.
18.044048309326172,-25.527788162231445,identifier,upper
-109.4261703491211,38.94362258911133,(,(
52.114097595214844,-168.0592498779297,),)
20.798154830932617,-105.46788787841797,for,for
30.122108459472656,-22.260135650634766,identifier,t
69.35023498535156,57.04384231567383,identifier,tokens
-9.452733993530273,-97.03934478759766,if,if
34.8487548828125,-0.5129360556602478,"""","""IN"""
42.60539627075195,35.96391677856445,identifier,tokens_upper
-56.106807708740234,-148.15426635742188,:,:
68.42323303222656,57.606849670410156,identifier,tokens
-53.99318313598633,57.801780700683594,.,.
-37.058170318603516,29.70462417602539,identifier,remove
-81.24663543701172,23.984777450561523,(,(
34.09608459472656,-0.1674107164144516,"""","""IN"""
56.41590118408203,-150.09031677246094,),)
-12.250532150268555,-147.4600830078125,elif,elif
24.034793853759766,9.40280532836914,"""","""CS"""
42.275299072265625,36.3486442565918,identifier,tokens_upper
-50.45979690551758,-147.84530639648438,:,:
68.07821655273438,57.871620178222656,identifier,tokens
-54.438865661621094,57.640464782714844,.,.
-36.98134994506836,29.97812843322754,identifier,remove
-80.9338150024414,23.944608688354492,(,(
23.230165481567383,10.306846618652344,"""","""CS"""
57.038719177246094,-149.331298828125,),)
-13.303805351257324,-148.3867645263672,elif,elif
14.943206787109375,29.595041275024414,"""","""CH"""
41.87346267700195,36.938934326171875,identifier,tokens_upper
-48.820220947265625,-151.3951416015625,:,:
67.72197723388672,58.23054122924805,identifier,tokens
-55.0534782409668,57.431053161621094,.,.
-36.848148345947266,30.350290298461914,identifier,remove
-80.30043029785156,23.84718132019043,(,(
15.330449104309082,29.725440979003906,"""","""CH"""
57.910335540771484,-148.7069854736328,),)
-14.258299827575684,-149.17930603027344,elif,elif
10.711902618408203,35.688541412353516,"""","""HS"""
41.814998626708984,37.294193267822266,identifier,tokens_upper
-47.28644561767578,-159.46112060546875,:,:
67.59272766113281,58.41378402709961,identifier,tokens
-55.705326080322266,57.355281829833984,.,.
-36.72419738769531,30.600452423095703,identifier,remove
-79.7028579711914,23.7359619140625,(,(
10.563310623168945,36.102115631103516,"""","""HS"""
65.81259155273438,-129.31268310546875,),)
26.375972747802734,86.2498779296875,identifier,ret
-56.01176834106445,52.55188751220703,.,.
-53.569793701171875,47.786094665527344,identifier,append
-75.82479858398438,6.13409948348999,(,(
-9.961174011230469,48.57586669921875,identifier,serialize
-79.53067779541016,-0.6073435544967651,(,(
26.649822235107422,64.66584777832031,identifier,tokens
79.22016906738281,-152.07098388671875,),)
76.03700256347656,-131.77670288085938,),)
-13.451570510864258,40.724830627441406,"""","""\n"""
-42.1062126159668,15.845793724060059,.,.
-40.092281341552734,15.983290672302246,identifier,join
-72.07421112060547,0.5021414160728455,(,(
23.85757064819336,87.22874450683594,identifier,ret
81.65833282470703,-125.80583953857422,),)
-231.755615234375,-19.82781982421875,def,def
109.50390625,-9.096288681030273,identifier,copy
-168.9913330078125,20.127046585083008,(,(
-23.61115264892578,179.92837524414062,identifier,self
48.10259246826172,-197.33924865722656,),)
-88.75877380371094,-163.30845642089844,:,:
-5.297259330749512,-87.69690704345703,if,if
17.081674575805664,179.84286499023438,identifier,self
-63.046730041503906,116.36378479003906,.,.
84.19454193115234,7.421101093292236,identifier,_page_control
-7.645267963409424,-72.10607147216797,and,and
18.36087417602539,178.30931091308594,identifier,self
-65.31034088134766,115.28111267089844,.,.
83.22193145751953,7.921628475189209,identifier,_page_control
-49.730995178222656,86.4240493774414,.,.
51.650638580322266,-15.84140396118164,identifier,hasFocus
-112.32478332519531,36.90366744995117,(,(
50.62558364868164,-166.8555145263672,),)
-65.6336898803711,-144.61070251464844,:,:
25.254709243774414,180.8348388671875,identifier,self
-66.85333251953125,114.66864776611328,.,.
82.68389892578125,8.042571067810059,identifier,_page_control
-51.009883880615234,87.67996215820312,.,.
109.61327362060547,-9.13924503326416,identifier,copy
-112.64228820800781,34.834354400634766,(,(
45.385765075683594,-161.10214233398438,),)
-9.519407272338867,-147.0118865966797,elif,elif
24.03169822692871,171.64291381835938,identifier,self
-70.84791564941406,113.57109069824219,.,.
82.09495544433594,10.29459285736084,identifier,_control
-49.93568420410156,86.16048431396484,.,.
51.640567779541016,-15.844204902648926,identifier,hasFocus
-109.50177001953125,36.7335205078125,(,(
52.12622833251953,-165.4355010986328,),)
-63.28096389770508,-151.8984832763672,:,:
55.230926513671875,41.66530990600586,identifier,text
26.59232521057129,168.22140502929688,identifier,self
-71.58518981933594,112.16267395019531,.,.
82.04011535644531,10.364131927490234,identifier,_control
-54.04621124267578,83.54280853271484,.,.
37.17853927612305,5.1859025955200195,identifier,textCursor
-106.95763397216797,37.31892013549805,(,(
73.60932159423828,-168.67210388183594,),)
-53.87493896484375,82.6939926147461,.,.
37.443115234375,5.1462907791137695,identifier,selection
-107.0748062133789,37.52750015258789,(,(
73.45104217529297,-168.70346069335938,),)
-53.66862487792969,82.33798217773438,.,.
34.43656921386719,7.807294845581055,identifier,toPlainText
-106.19136047363281,38.24536895751953,(,(
50.552581787109375,-154.1118621826172,),)
-13.196588516235352,-103.56455993652344,if,if
41.590572357177734,55.97883987426758,identifier,text
-54.35882568359375,-153.4424285888672,:,:
68.3657455444336,52.024356842041016,identifier,lines
2.2186083793640137,1.499548316001892,identifier,map
-93.49029541015625,9.660368919372559,(,(
34.79591369628906,170.47506713867188,identifier,self
-78.08924102783203,107.74217224121094,.,.
17.567842483520508,17.75952911376953,identifier,_transform_prompt
-68.42401123046875,-56.54830551147461,",",","
40.701316833496094,56.19852066040039,identifier,text
-44.391395568847656,76.2115707397461,.,.
-24.6849308013916,11.8222074508667,identifier,splitlines
-105.02124786376953,40.38816452026367,(,(
74.9011001586914,-162.0417022705078,),)
55.57823944091797,-138.84133911132812,),)
41.410438537597656,56.823577880859375,identifier,text
-12.516021728515625,39.25962829589844,"""",'\n'
-42.89466857910156,14.53445816040039,.,.
-39.40153503417969,14.781437873840332,identifier,join
-82.548095703125,6.731221675872803,(,(
69.36396026611328,52.005558013916016,identifier,lines
63.377479553222656,-135.7556915283203,),)
-1.727555513381958,31.54131507873535,identifier,QtGui
-36.206417083740234,91.03857421875,.,.
-1.713254451751709,31.559650421142578,identifier,QApplication
-64.2767333984375,71.65440368652344,.,.
2.548459768295288,37.81817626953125,identifier,clipboard
-98.27828216552734,43.58848571777344,(,(
72.362548828125,-146.26760864257812,),)
-68.85206604003906,74.53868865966797,.,.
-2.823539972305298,40.17658615112305,identifier,setText
-74.948974609375,3.109184980392456,(,(
40.47560119628906,56.33598327636719,identifier,text
69.22929382324219,-136.64048767089844,),)
-12.215209007263184,-156.3135223388672,else,else
-24.079519271850586,-158.54295349121094,:,:
46.31422424316406,177.82395935058594,identifier,self
-90.83439636230469,96.67854309082031,.,.
-10.554380416870117,96.91490173339844,identifier,log
-68.21406555175781,42.75918960571289,.,.
-59.51047897338867,30.555818557739258,identifier,debug
-78.01925659179688,15.487434387207031,(,(
1.1698079109191895,48.237125396728516,"""","""frontend widget : unknown copy target"""
80.71806335449219,-127.74459075927734,),)
-234.6704864501953,-13.162053108215332,def,def
103.30440521240234,-1.1877979040145874,identifier,aggregate
-173.8563995361328,15.695257186889648,(,(
-28.255287170410156,180.58387756347656,identifier,self
-115.36823272705078,-85.93093872070312,",",","
105.31390380859375,-23.523283004760742,identifier,distance
-108.13716888427734,-91.27876281738281,",",","
58.82149887084961,-29.694049835205078,identifier,type
45.65498733520508,-13.243515014648438,"""","""sum"""
-103.5911636352539,-94.12175750732422,",",","
100.02790832519531,-30.18635368347168,identifier,decay
45.6216926574707,-12.85009479522705,"""","""linear"""
-101.85425567626953,-95.95759582519531,",",","
75.79574584960938,-8.175041198730469,identifier,imp_name
-100.42080688476562,-98.2165756225586,",",","
77.53076934814453,-20.93313980102539,identifier,name
43.637115478515625,-13.039949417114258,"""","""tmp"""
35.74540710449219,-195.10304260253906,),)
-87.55276489257812,-173.05039978027344,:,:
71.15019226074219,8.032302856445312,identifier,imp_num
24.002771377563477,175.21371459960938,identifier,self
-74.302734375,115.1043701171875,.,.
49.10017395019531,-0.08087805658578873,identifier,_imp_name_to_num
-107.96654510498047,13.502467155456543,(,(
59.00986099243164,14.310405731201172,identifier,imp_name
43.243064880371094,-155.7969512939453,),)
57.34764099121094,-29.42839241027832,identifier,type
57.41320037841797,-29.4581356048584,identifier,type
-42.54822540283203,80.37371826171875,.,.
17.197914123535156,-25.226348876953125,identifier,lower
-110.12242889404297,39.583465576171875,(,(
48.27238464355469,-156.63885498046875,),)
-11.042710304260254,-97.18326568603516,if,if
57.6373176574707,-29.662813186645508,identifier,type
17.795808792114258,-59.2048225402832,==,==
34.30683517456055,-1.719694972038269,"""","""ave"""
-57.36198806762695,-147.27877807617188,:,:
57.873592376708984,-29.89878273010254,identifier,type
34.23250198364258,-2.0518577098846436,"""","""mean"""
51.882938385009766,38.53019714355469,identifier,name
31.741304397583008,170.34762573242188,identifier,self
-72.54634857177734,102.34282684326172,.,.
25.795669555664062,13.77279281616211,identifier,variable_names
-62.217933654785156,-41.325782775878906,",",","
22.687618255615234,12.723641395568848,"""","""A variable with that name """
21.422971725463867,13.171618461608887,"""","""has not yet been initialized"""
52.7348747253418,54.19349670410156,identifier,res
37.99641418457031,171.65174865722656,identifier,self
-81.71125793457031,104.00788116455078,.,.
19.292367935180664,40.506996154785156,identifier,net
-62.88676071166992,77.6602783203125,.,.
12.230151176452637,23.583660125732422,identifier,get_all_aggregate_accessibility_variables
-87.73114013671875,1.78188955783844,(,(
105.3290023803711,-23.548080444335938,identifier,distance
-76.94011688232422,-49.41172790527344,",",","
45.619747161865234,40.76293182373047,identifier,name
-40.979549407958984,73.13280487060547,.,.
-18.1612606048584,33.615726470947266,identifier,encode
-68.14942169189453,17.4356632232666,(,(
-12.339225769042969,33.388633728027344,"""",'utf-8'
74.56839752197266,-153.06324768066406,),)
-77.52355194091797,-48.506813049316406,",",","
44.205772399902344,41.26900100708008,identifier,type
-40.67454528808594,72.73902893066406,.,.
-18.187036514282227,33.68827819824219,identifier,encode
-68.08807373046875,17.316953659057617,(,(
-12.185940742492676,33.54115295410156,"""",'utf-8'
74.97280883789062,-152.99725341796875,),)
-77.42090606689453,-47.91363525390625,",",","
100.04377746582031,-30.20330238342285,identifier,decay
-40.96147537231445,72.52011108398438,.,.
-18.48801040649414,33.81766891479492,identifier,encode
-68.0384292602539,16.84185028076172,(,(
-11.82445240020752,33.806671142578125,"""",'utf-8'
75.51539611816406,-153.02418518066406,),)
-77.21742248535156,-46.99051284790039,",",","
18.701908111572266,63.592350006103516,identifier,imp_num
71.6019287109375,-131.8168487548828,),)
-30.97796630859375,90.30526733398438,identifier,pd
-32.43497085571289,90.95743560791016,.,.
-8.771581649780273,52.317195892333984,identifier,Series
-74.1047134399414,-5.165565013885498,(,(
28.66239356994629,82.26860046386719,identifier,res
-85.7126693725586,-37.191131591796875,",",","
-0.023185601457953453,66.40784454345703,identifier,index
47.75320816040039,173.13043212890625,identifier,self
-85.5542984008789,88.05027770996094,.,.
-0.8658430576324463,63.739280700683594,identifier,node_ids
84.48295593261719,-128.6715087890625,),)
-233.9559326171875,-19.48116683959961,def,def
103.70185852050781,-6.039299488067627,identifier,search_all
-168.21966552734375,19.2631778717041,(,(
-25.216815948486328,178.2689666748047,identifier,self
48.50864791870117,-198.9981231689453,),)
-85.72389221191406,-162.91514587402344,:,:
81.47553253173828,16.208908081054688,identifier,results
10.131129264831543,-101.83964538574219,for,for
75.91773986816406,19.70499610900879,identifier,entry
21.220741271972656,179.4374542236328,identifier,self
-61.170684814453125,111.84752655029297,.,.
89.85466766357422,10.710498809814453,identifier,dbx
-48.583770751953125,91.43730163574219,.,.
54.925872802734375,-3.349165201187134,identifier,files_list_folder
-110.31011962890625,19.712995529174805,(,(
40.41230010986328,-27.074037551879883,"""",''
55.39203643798828,-170.47120666503906,),)
-53.82463836669922,102.39236450195312,.,.
58.446956634521484,-2.758636713027954,identifier,entries
-64.17982482910156,-160.53726196289062,:,:
10.984109878540039,-103.70521545410156,for,for
74.3597640991211,17.665916442871094,identifier,item
24.068628311157227,176.91641235351562,identifier,self
-62.8371467590332,110.72572326660156,.,.
89.85790252685547,10.868249893188477,identifier,dbx
-48.642520904541016,91.624267578125,.,.
54.86100387573242,-3.24407958984375,identifier,files_list_folder
-106.63128662109375,14.340084075927734,(,(
75.97856903076172,20.240943908691406,identifier,entry
-59.87625503540039,100.00492858886719,.,.
49.96635818481445,3.5514986515045166,identifier,path_lower
55.94088363647461,-170.26321411132812,),)
-53.81270217895508,102.23212432861328,.,.
58.448158264160156,-2.752246379852295,identifier,entries
-61.378726959228516,-160.60604858398438,:,:
52.99477767944336,41.20496368408203,identifier,name
74.39144134521484,17.91781997680664,identifier,item
-62.41228485107422,97.51019287109375,.,.
48.979644775390625,40.73923873901367,identifier,name
-43.08671188354492,78.7159194946289,.,.
-25.66286277770996,28.955862045288086,identifier,replace
-99.3638687133789,23.796432495117188,(,(
33.80042266845703,1.4801725149154663,"""",'.simg'
-64.673095703125,-64.57955932617188,",",","
39.29716491699219,-28.069719314575195,"""",''
48.88394546508789,-148.7779083251953,),)
63.70583724975586,53.82868194580078,identifier,results
-52.690303802490234,53.47378158569336,.,.
-51.29598617553711,49.36054992675781,identifier,append
-91.2396469116211,13.100447654724121,(,(
27.040781021118164,5.041090488433838,"""","""%s/%s"""
-105.89543914794922,-3.2382874488830566,(,(
76.05585479736328,20.576318740844727,identifier,entry
-68.14566040039062,93.00958251953125,.,.
48.385860443115234,40.312076568603516,identifier,name
-71.57215881347656,-63.68851852416992,",",","
47.96116256713867,40.132713317871094,identifier,name
67.54948425292969,-162.6033935546875,),)
51.54962158203125,-138.70736694335938,),)
-10.075736999511719,-107.04689025878906,if,if
-29.619882583618164,-7.918871879577637,identifier,len
-120.31686401367188,9.5316801071167,(,(
24.924522399902344,84.15296936035156,identifier,results
67.98912811279297,-172.13128662109375,),)
20.35222625732422,-57.27357864379883,==,==
-49.23807144165039,-154.1639862060547,:,:
6.841660022735596,93.80998229980469,identifier,bot
-69.62288665771484,45.74625778198242,.,.
-59.50276565551758,34.883358001708984,identifier,info
-81.62528991699219,18.048892974853516,(,(
9.958980560302734,31.21759796142578,"""","""No container collections found."""
59.315059661865234,-130.8887481689453,),)
-12.216401100158691,8.101388931274414,identifier,sys
-69.4517593383789,54.806671142578125,.,.
-8.520380020141602,5.139641284942627,identifier,exit
-85.22457122802734,13.708905220031738,(,(
63.59223175048828,-131.77218627929688,),)
6.86916446685791,93.79167938232422,identifier,bot
-67.99451446533203,45.250328063964844,.,.
-58.39430618286133,34.433349609375,identifier,info
-77.94468688964844,18.355575561523438,(,(
6.018373966217041,40.54779815673828,"""","""Collections"""
66.14117431640625,-127.20736694335938,),)
6.88143253326416,93.78227233886719,identifier,bot
-73.21855926513672,70.31249237060547,.,.
0.8823238015174866,42.81402587890625,identifier,table
-75.74797821044922,-0.9782702326774597,(,(
24.00288200378418,84.06720733642578,identifier,results
77.3153076171875,-128.0625457763672,),)
22.35155487060547,83.81595611572266,identifier,results
-232.3108673095703,-19.00419044494629,def,def
104.30159759521484,-13.460833549499512,identifier,start
-168.167236328125,21.163331985473633,(,(
-24.88779067993164,180.54942321777344,identifier,self
49.26068115234375,-197.68765258789062,),)
-85.40275573730469,-161.0777130126953,:,:
-7.330361366271973,96.44711303710938,identifier,logger
-73.08293914794922,42.95413589477539,.,.
-61.82283401489258,33.48478698730469,identifier,info
-87.97595977783203,23.747804641723633,(,(
46.0589599609375,-8.214576721191406,"""",'Starting agent on localhost'
37.98342514038086,-162.512939453125,),)
86.31866455078125,15.547284126281738,identifier,args
18.857751846313477,176.53887939453125,identifier,self
-59.222896575927734,109.33251190185547,.,.
98.0084457397461,7.893039703369141,identifier,python
-45.12773895263672,83.35445404052734,.,.
-27.051868438720703,10.367172241210938,identifier,split
-111.15260314941406,37.7234001159668,(,(
49.84664535522461,-168.05894470214844,),)
-12.666712760925293,-23.693016052246094,+,+
89.12289428710938,77.5313720703125,identifier,os
-53.58343505859375,68.49048614501953,.,.
24.47223663330078,-12.884641647338867,identifier,path
-52.767333984375,67.61692810058594,.,.
-36.65846633911133,14.1279935836792,identifier,join
-108.6285629272461,8.189635276794434,(,(
20.9706974029541,172.63272094726562,identifier,self
-60.70116424560547,105.26712799072266,.,.
55.513729095458984,-16.734371185302734,identifier,workdir
-74.47020721435547,-67.98532104492188,",",","
20.600847244262695,170.37767028808594,identifier,self
-40.79145431518555,103.6885757446289,.,.
45.11098098754883,-1.7474397420883179,identifier,AGENT_FILENAME
60.70941162109375,-167.217529296875,),)
-87.01013946533203,-55.15097427368164,",",","
38.608551025390625,-1.3993117809295654,"""",'--telegraf'
-76.4065170288086,-64.83259582519531,",",","
26.15087127685547,166.88900756835938,identifier,self
-65.32340240478516,103.68002319335938,.,.
25.331722259521484,-11.355778694152832,identifier,path
32.81723403930664,2.9108309745788574,"""",'TELEGRAF_LOCAL_PATH'
-86.76215362548828,-55.0238037109375,",",","
26.346750259399414,7.303468227386475,"""",'--host'
-76.31653594970703,-64.86302185058594,",",","
30.062036514282227,164.9174346923828,identifier,self
-68.67259979248047,98.87483215332031,.,.
30.166824340820312,-8.43887996673584,identifier,host
-11.48647689819336,-103.77008819580078,if,if
33.59354782104492,170.31483459472656,identifier,self
-72.2900390625,103.80119323730469,.,.
25.16324234008789,24.940176010131836,identifier,kill_old
-51.61195755004883,-152.35853576660156,:,:
60.92537307739258,56.103118896484375,identifier,args
-53.48759460449219,53.48036193847656,.,.
-51.82911682128906,49.6238899230957,identifier,append
-89.77543640136719,12.665946006774902,(,(
36.34937286376953,166.94760131835938,identifier,self
-72.5241928100586,99.70527648925781,.,.
25.086936950683594,24.9094295501709,identifier,kill_old
56.720951080322266,-141.85081481933594,),)
38.99504852294922,178.52386474609375,identifier,self
-81.0554428100586,97.19268798828125,.,.
106.97958374023438,28.408174514770508,identifier,session
39.86644744873047,172.14590454101562,identifier,self
-81.52149963378906,105.58651733398438,.,.
9.12650203704834,23.880693435668945,identifier,popen
-88.83857727050781,0.445031076669693,(,(
31.09303092956543,52.025264739990234,identifier,args
64.12641143798828,-135.60816955566406,),)
40.99217987060547,178.2544708251953,identifier,self
-82.1336898803711,97.14282989501953,.,.
29.370386123657227,57.907169342041016,identifier,reader_thread
-1.4280195236206055,34.61256408691406,identifier,threading
-35.92270278930664,91.95476531982422,.,.
-1.635166049003601,34.25399398803711,identifier,Thread
-81.93924713134766,-10.285743713378906,(,(
3.5898070335388184,44.14690399169922,identifier,target
44.528621673583984,169.47657775878906,identifier,self
-83.38485717773438,87.59728240966797,.,.
2.404064893722534,43.503177642822266,identifier,read_buffer
69.09323120117188,-131.73846435546875,),)
45.39506912231445,176.0594940185547,identifier,self
-87.43794250488281,94.43102264404297,.,.
11.931684494018555,56.79014587402344,identifier,reader_thread
-71.38052368164062,72.5138168334961,.,.
0.45740020275115967,48.917720794677734,identifier,setDaemon
-75.15264892578125,1.3144582509994507,(,(
75.77464294433594,-128.2667236328125,),)
49.16581726074219,172.96847534179688,identifier,self
-86.77800750732422,86.39876556396484,.,.
107.6475601196289,28.46673583984375,identifier,session
-235.99232482910156,-15.03437328338623,def,def
103.50456237792969,-9.506450653076172,identifier,__select
-172.5091552734375,15.597881317138672,(,(
-30.76498794555664,176.3326873779297,identifier,self
-113.33229064941406,-85.36359405517578,",",","
84.12345886230469,-7.692934513092041,identifier,iwtd
-105.77877807617188,-87.07257843017578,",",","
83.71941375732422,-7.280489444732666,identifier,owtd
-104.46261596679688,-86.79426574707031,",",","
83.25345611572266,-7.2784199714660645,identifier,ewtd
-105.83731842041016,-97.70773315429688,",",","
65.98823547363281,-22.438495635986328,identifier,timeout
38.41615676879883,-196.78395080566406,),)
-88.35401153564453,-169.96444702148438,:,:
-8.800764083862305,-87.49761199951172,if,if
65.35102844238281,-22.136384963989258,identifier,timeout
-66.4548568725586,-146.50753784179688,:,:
71.23204803466797,5.580754280090332,identifier,end_time
-26.20551872253418,45.47434997558594,identifier,time
-101.01873016357422,51.44091033935547,.,.
-26.644676208496094,46.165550231933594,identifier,time
-101.17044830322266,51.35972213745117,(,(
50.63568115234375,-168.20494079589844,),)
-12.600615501403809,-25.512109756469727,+,+
65.36425018310547,-22.9842586517334,identifier,timeout
6.406714916229248,-97.84008026123047,while,while
-62.18546676635742,-163.27960205078125,:,:
-67.81848907470703,-170.242919921875,:,:
30.760400772094727,-12.815598487854004,identifier,select
-52.67955780029297,85.87755584716797,.,.
30.909175872802734,-12.829529762268066,identifier,select
-104.4874496459961,13.517495155334473,(,(
53.442073822021484,15.239356994628906,identifier,iwtd
-78.53646087646484,-63.08461380004883,",",","
53.34239196777344,15.196174621582031,identifier,owtd
-78.43772888183594,-62.88582229614258,",",","
53.35191345214844,15.21058464050293,identifier,ewtd
-77.99301147460938,-62.01850128173828,",",","
65.4496841430664,-23.085033416748047,identifier,timeout
48.12410354614258,-153.20108032226562,),)
30.647056579589844,-12.801709175109863,identifier,select
-59.91395568847656,91.77787017822266,.,.
-12.613883972167969,25.698509216308594,identifier,error
-17.73571014404297,16.993488311767578,identifier,e
-58.26820373535156,-157.0916748046875,:,:
-8.712464332580566,-102.1431655883789,if,if
-16.64834213256836,15.698230743408203,identifier,e
-64.56513977050781,91.27471160888672,.,.
61.398780822753906,56.76893615722656,identifier,args
17.884096145629883,-56.801490783691406,==,==
21.077770233154297,17.174434661865234,identifier,errno
-37.937503814697266,105.77326202392578,.,.
23.296363830566406,17.666900634765625,identifier,EINTR
-53.24017333984375,-153.5447998046875,:,:
-7.79388427734375,-105.73603057861328,if,if
23.542301177978516,39.15718078613281,identifier,timeout
-47.65456008911133,-151.57737731933594,:,:
23.49319076538086,39.25440979003906,identifier,timeout
34.95054626464844,36.50653076171875,identifier,end_time
-13.937941551208496,-5.731796741485596,-,-
-24.885738372802734,46.36634063720703,identifier,time
-99.45433044433594,50.12528991699219,.,.
-26.28506088256836,47.05296325683594,identifier,time
-100.10647583007812,48.95210647583008,(,(
64.07324981689453,-143.0288543701172,),)
-11.206416130065918,-111.17842102050781,if,if
23.390037536621094,39.34123611450195,identifier,timeout
19.999149322509766,-36.33910369873047,<,<
-45.172515869140625,-155.9892578125,:,:
-100.0753402709961,-9.268366813659668,(,(
-67.38528442382812,-38.046836853027344,",",","
-67.31746673583984,-37.98122787475586,",",","
74.0604248046875,-137.4357147216797,),)
-10.132251739501953,-158.72000122070312,else,else
-22.12752342224121,-159.96286010742188,:,:
-236.96644592285156,-18.198637008666992,def,def
100.4005126953125,-8.47412109375,identifier,_include_misc
-169.562744140625,15.269515991210938,(,(
-25.713714599609375,176.98907470703125,identifier,self
-112.53659057617188,-83.5915756225586,",",","
79.39647674560547,-20.732942581176758,identifier,name
-106.71208953857422,-82.38031768798828,",",","
87.36740112304688,-15.350881576538086,identifier,value
43.478755950927734,-198.35450744628906,),)
-88.35884857177734,-165.68296813964844,:,:
-6.574048042297363,-86.6410903930664,if,if
6.383840084075928,-32.49349594116211,identifier,isinstance
-120.85018920898438,5.571628570556641,(,(
69.53788757324219,24.83397674560547,identifier,value
-44.3056755065918,-67.53266143798828,",",","
5.449491024017334,5.625850677490234,identifier,sequence
55.609344482421875,-167.03033447265625,),)
-63.4500732421875,-142.09169006347656,:,:
52.316097259521484,-6.586802959442139,identifier,DistutilsSetupError
-89.90576934814453,20.036052703857422,(,(
44.99835968017578,-6.216053009033203,"""","""%s: setting must be a list (%r)"""
-108.2490234375,-3.093661069869995,(,(
77.19815826416016,-24.00435447692871,identifier,name
-76.0935287475586,-70.39911651611328,",",","
69.00040435791016,25.247783660888672,identifier,value
63.208961486816406,-165.53004455566406,),)
38.30592346191406,-153.09097290039062,),)
-67.67644500732422,-170.84976196289062,:,:
48.604305267333984,46.05717849731445,identifier,old
4.486506938934326,-22.5637149810791,identifier,getattr
-106.7939682006836,10.505002975463867,(,(
17.871557235717773,169.22337341308594,identifier,self
-51.48420333862305,-58.4401741027832,",",","
50.10749053955078,35.69893264770508,identifier,name
47.73072052001953,-154.12969970703125,),)
-7.622462749481201,20.904735565185547,identifier,AttributeError
-56.79300308227539,-144.60057067871094,:,:
40.17390823364258,10.453776359558105,identifier,DistutilsSetupError
-87.55829620361328,18.736602783203125,(,(
28.352176666259766,7.10676908493042,"""","""%s: No such distribution setting"""
49.779727935791016,35.731895446777344,identifier,name
45.75113296508789,-141.3221435546875,),)
-10.915475845336914,-103.20555114746094,if,if
47.91876983642578,46.2668571472168,identifier,old
-51.41341018676758,-150.26292419433594,:,:
2.6394808292388916,-20.501737594604492,identifier,setattr
-93.73097229003906,0.4467022120952606,(,(
39.840084075927734,163.3572235107422,identifier,self
-50.67488479614258,-57.73464584350586,",",","
48.50629425048828,36.33618927001953,identifier,name
-70.957275390625,-54.95542526245117,",",","
43.5074348449707,46.30598068237305,identifier,value
58.13692855834961,-145.4041748046875,),)
-13.352740287780762,-149.3883819580078,elif,elif
3.796015977859497,-31.785200119018555,identifier,isinstance
-118.02742767333984,0.6593923568725586,(,(
47.737701416015625,46.31995391845703,identifier,old
-42.372108459472656,-66.09901428222656,",",","
5.57906436920166,5.756071090698242,identifier,sequence
65.92464447021484,-151.48220825195312,),)
-44.969337463378906,-154.05015563964844,:,:
-1.0572940111160278,28.347745895385742,identifier,DistutilsSetupError
-81.55248260498047,12.099021911621094,(,(
47.56926727294922,36.25983810424805,identifier,name
-18.102161407470703,-23.177797317504883,+,+
4.779590129852295,38.75770568847656,"""",""": this setting cannot be changed via include/exclude"""
60.893680572509766,-132.47283935546875,),)
-11.37277889251709,-156.48886108398438,else,else
-24.59033203125,-158.195068359375,:,:
2.6020877361297607,-20.395084381103516,identifier,setattr
-78.2177963256836,-3.882593870162964,(,(
47.42807388305664,166.55335998535156,identifier,self
-50.93560791015625,-57.300350189208984,",",","
47.53528594970703,36.79066848754883,identifier,name
-68.62183380126953,-45.02471923828125,",",","
5.227847576141357,79.4051742553711,identifier,old
-17.000667572021484,-18.187286376953125,+,+
54.56913757324219,77.10191345214844,identifier,item
23.450368881225586,-103.94718170166016,for,for
53.87712860107422,78.9613037109375,identifier,item
34.514774322509766,67.1754150390625,identifier,value
-16.618696212768555,-119.67745208740234,if,if
54.512577056884766,78.25218963623047,identifier,item
5.23364782333374,79.39973449707031,identifier,old
81.93946838378906,-131.38116455078125,),)
-237.9009246826172,-20.609272003173828,def,def
98.37133026123047,-6.600957870483398,identifier,_validate_input_state
-165.4606475830078,12.53060245513916,(,(
84.97422790527344,-11.185649871826172,identifier,quantum_state
45.3198356628418,-196.72999572753906,),)
-83.87774658203125,-166.45938110351562,:,:
71.28499603271484,19.2998104095459,identifier,rho
99.09928894042969,78.0035629272461,identifier,np
-53.21087646484375,71.78124237060547,.,.
26.588144302368164,-6.243194580078125,identifier,asarray
-111.59320831298828,16.747894287109375,(,(
66.4271011352539,19.078428268432617,identifier,quantum_state
41.714332580566406,-161.2019500732422,),)
-8.509546279907227,-90.03166198730469,if,if
69.31523895263672,20.256357192993164,identifier,rho
-62.720794677734375,91.73464965820312,.,.
17.24075698852539,4.501529216766357,identifier,ndim
18.97050666809082,-60.98075866699219,==,==
-64.644775390625,-147.8279266357422,:,:
71.01819610595703,19.868268966674805,identifier,rho
99.9254150390625,77.80809020996094,identifier,np
-54.526371002197266,71.59657287597656,.,.
45.37415313720703,0.20321397483348846,identifier,outer
-106.05818176269531,16.41187858581543,(,(
69.87567901611328,21.136302947998047,identifier,rho
-73.8548812866211,-69.42398834228516,",",","
100.651123046875,77.74981689453125,identifier,np
-54.271820068359375,71.06168365478516,.,.
43.885372161865234,1.1927434206008911,identifier,conj
-110.3404769897461,11.008452415466309,(,(
69.50635528564453,21.205596923828125,identifier,rho
63.627891540527344,-167.42263793945312,),)
41.87662887573242,-152.9757843017578,),)
21.590818405151367,-6.825619697570801,identifier,shape
101.01953887939453,78.19937133789062,identifier,np
-54.64144515991211,75.3998794555664,.,.
22.002952575683594,-6.777599811553955,identifier,shape
-105.2779312133789,8.775236129760742,(,(
69.20286560058594,21.41596221923828,identifier,rho
48.00059509277344,-151.8143310546875,),)
-11.035499572753906,-99.89350128173828,if,if
-28.95097541809082,-8.660025596618652,identifier,len
-118.99552917480469,9.358440399169922,(,(
21.28960609436035,-6.067116737365723,identifier,shape
67.24883270263672,-171.614013671875,),)
20.178592681884766,-49.346107482910156,!=,!=
-5.257185459136963,-58.77347183227539,or,or
21.186294555664062,-5.753150939941406,identifier,shape
19.091957092285156,-49.446353912353516,!=,!=
21.186420440673828,-5.6616339683532715,identifier,shape
-54.11665344238281,-146.30747985839844,:,:
-3.1790807247161865,26.647153854370117,identifier,VisualizationError
-86.48613739013672,18.497461318969727,(,(
22.327411651611328,14.254585266113281,"""","""Input is not a valid quantum state."""
46.67955780029297,-139.43858337402344,),)
43.04521942138672,53.196380615234375,identifier,num
13.543912887573242,-16.67548179626465,identifier,int
-86.99493408203125,6.265716552734375,(,(
99.7334976196289,79.7412338256836,identifier,np
-59.33766555786133,69.18898010253906,.,.
7.7241435050964355,19.470666885375977,identifier,log2
-88.0741195678711,5.520797252655029,(,(
33.899818420410156,70.6670150756836,identifier,rho
-73.97740936279297,88.09669494628906,.,.
17.55477523803711,43.78209686279297,identifier,shape
72.79400634765625,-155.97036743164062,),)
63.142086029052734,-138.08575439453125,),)
-9.686432838439941,-111.22911834716797,if,if
42.884971618652344,53.23422622680664,identifier,num
17.114301681518555,-49.542938232421875,!=,!=
33.81230545043945,70.6716537475586,identifier,rho
-74.24161529541016,87.8332290649414,.,.
17.53542137145996,43.816749572753906,identifier,shape
-42.69955825805664,-157.67604064941406,:,:
-3.1360971927642822,26.933969497680664,identifier,VisualizationError
-79.64814758300781,13.522191047668457,(,(
1.9660640954971313,47.94834899902344,"""","""Input is not a multi-qubit quantum state."""
74.70250701904297,-130.06224060058594,),)
20.40496826171875,80.44879150390625,identifier,rho
-232.09434509277344,-17.006576538085938,def,def
102.56134033203125,-1.533652424812317,identifier,group
-170.56179809570312,19.160818099975586,(,(
-29.148386001586914,179.6014862060547,identifier,self
-115.92901611328125,-84.67601776123047,",",","
79.96959686279297,-21.331567764282227,identifier,name
47.32658767700195,-201.21780395507812,),)
-84.70484924316406,-161.96051025390625,:,:
86.34180450439453,15.384790420532227,identifier,args
78.66206359863281,-23.703481674194336,identifier,name
61.130943298339844,-20.434350967407227,identifier,code
-94.45252227783203,-74.24414825439453,",",","
76.08761596679688,23.437793731689453,identifier,message
22.249656677246094,179.720458984375,identifier,self
-56.570220947265625,110.356689453125,.,.
5.192030429840088,103.50971984863281,identifier,command
-109.24539947509766,21.8886775970459,(,(
44.35259246826172,-10.080060005187988,"""","""GROUP"""
-73.9394760131836,-72.90852355957031,",",","
86.8178939819336,16.162281036376953,identifier,args
41.05889892578125,-161.1343536376953,),)
-9.858036041259766,-88.76111602783203,if,if
60.75055694580078,-20.341848373413086,identifier,code
19.0069637298584,-48.08684158325195,!=,!=
-62.929962158203125,-141.9774169921875,:,:
52.713382720947266,-7.286012649536133,identifier,NNTPReplyError
-104.17259979248047,16.795305252075195,(,(
60.73826599121094,-20.332509994506836,identifier,code
-79.04480743408203,-69.70213317871094,",",","
72.96424865722656,24.827743530273438,identifier,message
37.87827682495117,-155.79273986816406,),)
73.42135620117188,12.6429443359375,identifier,parts
73.17857360839844,25.300947189331055,identifier,message
-44.064697265625,80.26172637939453,.,.
-26.567354202270508,10.86939811706543,identifier,split
-100.98038482666016,22.66769790649414,(,(
-66.726318359375,-66.21112823486328,",",","
45.4164924621582,-155.00457763671875,),)
-66.6913070678711,-170.00718688964844,:,:
-2.0631816387176514,3.740264892578125,identifier,total
12.599807739257812,-15.261380195617676,identifier,int
-102.14472198486328,5.787148475646973,(,(
60.857059478759766,77.47295379638672,identifier,parts
47.511295318603516,-144.38401794433594,),)
21.646575927734375,4.610414981842041,identifier,first
12.161296844482422,-15.501167297363281,identifier,int
-101.52263641357422,5.453916549682617,(,(
60.80494689941406,77.56129455566406,identifier,parts
47.83573913574219,-144.073486328125,),)
21.633419036865234,4.624267578125,identifier,last
11.992959976196289,-15.751729011535645,identifier,int
-101.11002349853516,5.205801010131836,(,(
60.63365936279297,77.73863220214844,identifier,parts
48.60931396484375,-143.34814453125,),)
52.05246353149414,51.47394561767578,identifier,group
60.36315155029297,77.94532012939453,identifier,parts
-109.3026123046875,-13.3170166015625,(,(
-6.090456008911133,23.343286514282227,identifier,IndexError
-84.41545104980469,-76.3174057006836,",",","
-6.308917999267578,23.253826141357422,identifier,ValueError
64.29891204833984,-150.47970581054688,),)
-44.8594970703125,-153.47300720214844,:,:
-1.5010042190551758,28.875516891479492,identifier,NNTPDataError
-81.06919860839844,13.05791187286377,(,(
6.9113945960998535,34.546966552734375,"""","""Invalid GROUP status '%s'"""
29.941734313964844,44.76559829711914,identifier,message
62.09519577026367,-131.91400146484375,),)
-2.0790576934814453,3.7566967010498047,identifier,total
-70.76942443847656,-36.511959075927734,",",","
0.9980062246322632,80.51946258544922,identifier,first
-70.8760757446289,-36.11618423461914,",",","
1.0042824745178223,80.5214614868164,identifier,last
-70.50560760498047,-35.550479888916016,",",","
11.761305809020996,82.46253204345703,identifier,group
-231.91429138183594,-14.985477447509766,def,def
107.17353820800781,-11.946240425109863,identifier,login
-172.75552368164062,18.169281005859375,(,(
-27.088855743408203,181.9521942138672,identifier,self
-114.43821716308594,-87.9780502319336,",",","
82.7011489868164,-16.308551788330078,identifier,login_args
-108.55964660644531,-97.3121566772461,",",","
82.51580047607422,-16.945505142211914,identifier,login_kwargs
42.36701202392578,-194.99258422851562,),)
-82.92900848388672,-168.97438049316406,:,:
-234.57774353027344,-26.422605514526367,def,def
111.12399291992188,-16.49128532409668,identifier,decorator
-161.5828399658203,16.33200454711914,(,(
90.6982650756836,-6.599632740020752,identifier,f
46.40898895263672,-193.19149780273438,),)
-79.76256561279297,-163.07000732421875,:,:
110.17109680175781,-16.872093200683594,identifier,wraps
-112.53540802001953,14.680572509765625,(,(
90.70771789550781,-6.493941783905029,identifier,f
39.78261947631836,-160.74693298339844,),)
-234.9904327392578,-26.924468994140625,def,def
111.21037292480469,-16.456899642944336,identifier,decorated
-160.95123291015625,15.118330955505371,(,(
88.615478515625,15.297341346740723,identifier,args
-109.16952514648438,-99.353515625,",",","
82.58419799804688,-18.733022689819336,identifier,kwargs
46.67007064819336,-191.6192169189453,),)
-78.82628631591797,-163.5535888671875,:,:
27.88455581665039,180.8943328857422,identifier,self
-66.72893524169922,110.0428466796875,.,.
48.05461883544922,10.611640930175781,identifier,response
48.51127243041992,1.7180016040802002,identifier,make_response
-109.21926879882812,34.974979400634766,(,(
46.27012634277344,-157.57594299316406,),)
63.40140914916992,47.375152587890625,identifier,adapter
36.40196990966797,1.918629765510559,identifier,WerkzeugAdapter
-102.43148040771484,8.09958267211914,(,(
34.24140930175781,-16.110797882080078,identifier,request
-74.98611450195312,-62.93830108642578,",",","
27.792003631591797,164.46726989746094,identifier,self
-65.68435668945312,101.05731201171875,.,.
48.002376556396484,10.669926643371582,identifier,response
48.218421936035156,-148.2999267578125,),)
59.652000427246094,54.31199645996094,identifier,login_kwargs
-40.37979507446289,56.58396530151367,.,.
-38.41463088989258,55.004146575927734,identifier,setdefault
-83.57479858398438,25.944814682006836,(,(
24.59259605407715,8.039446830749512,"""",'session'
-64.44292449951172,-59.90007019042969,",",","
23.162954330444336,8.083699226379395,identifier,session
49.48214340209961,-144.25314331054688,),)
59.6793212890625,54.44061279296875,identifier,login_kwargs
-40.36086654663086,56.54122543334961,.,.
-38.67934036254883,55.046302795410156,identifier,setdefault
-83.5208511352539,25.960676193237305,(,(
21.187692642211914,22.438749313354492,"""",'session_saver'
-64.4594497680664,-59.889991760253906,",",","
36.18387222290039,167.19070434570312,identifier,self
-72.41586303710938,99.71922302246094,.,.
21.20675277709961,22.670326232910156,identifier,session_saver
56.25738525390625,-141.33944702148438,),)
38.92060852050781,178.56475830078125,identifier,self
-80.91161346435547,97.06777954101562,.,.
27.66570281982422,85.46971130371094,identifier,result
-19.90150260925293,3.4883127212524414,identifier,super
-64.96514129638672,-6.052993297576904,(,(
-0.10244403779506683,30.898818969726562,identifier,FlaskAuthomatic
-56.49786376953125,-44.47108459472656,",",","
44.07577896118164,165.01385498046875,identifier,self
73.08633422851562,-145.7004852294922,),)
-69.77008056640625,75.53208923339844,.,.
107.31610870361328,-12.047669410705566,identifier,login
-87.34190368652344,0.5086551904678345,(,(
21.310306549072266,43.81271743774414,identifier,adapter
-79.77521514892578,-45.7706413269043,",",","
27.13566017150879,52.574649810791016,identifier,login_args
-88.8438720703125,-43.2886848449707,",",","
27.506145477294922,52.402286529541016,identifier,login_kwargs
69.83129119873047,-132.4001007080078,),)
33.69203186035156,89.2587890625,identifier,f
-89.29450225830078,-6.75240421295166,(,(
30.650075912475586,52.88130569458008,identifier,args
-88.12662506103516,-43.52702713012695,",",","
28.50184440612793,52.33795928955078,identifier,kwargs
76.50647735595703,-129.59461975097656,),)
113.85430145263672,-18.27187728881836,identifier,decorated
113.72553253173828,-18.238582611083984,identifier,decorator
-238.40719604492188,-19.376976013183594,def,def
99.7270736694336,-9.720915794372559,identifier,list_subcommand
-168.54237365722656,11.809212684631348,(,(
86.15731048583984,-10.363243103027344,identifier,vcard_list
-105.86189270019531,-81.79071044921875,",",","
78.09105682373047,-15.155245780944824,identifier,parsable
43.1929931640625,-197.15805053710938,),)
-88.2614974975586,-166.88987731933594,:,:
-6.519120693206787,-87.2971420288086,if,if
66.02137756347656,16.883275985717773,identifier,vcard_list
-66.98580169677734,-147.83424377441406,:,:
-9.596322059631348,-85.61698913574219,if,if
64.7021255493164,-5.375046253204346,identifier,parsable
-65.22087860107422,-142.47320556640625,:,:
-47.81619644165039,28.729867935180664,identifier,print
-89.81350708007812,22.700315475463867,(,(
45.90608215332031,-6.425638198852539,"""","""Found no contacts"""
36.02936553955078,-159.07798767089844,),)
-12.271015167236328,8.042868614196777,identifier,sys
-69.69994354248047,54.06946563720703,.,.
-8.512460708618164,5.088916301727295,identifier,exit
-85.81555938720703,14.127326011657715,(,(
36.763397216796875,-154.57870483398438,),)
-9.466204643249512,-146.86488342285156,elif,elif
64.68209075927734,-5.3511433601379395,identifier,parsable
-64.02190399169922,-151.88414001464844,:,:
61.564388275146484,42.866920471191406,identifier,contact_line_list
8.746222496032715,-104.31201934814453,for,for
59.471797943115234,49.54349899291992,identifier,vcard
59.78192901611328,22.207637786865234,identifier,vcard_list
-60.18629837036133,-160.9127197265625,:,:
-8.532824516296387,-100.4693832397461,if,if
84.54061889648438,31.56992530822754,identifier,config
-59.17129898071289,84.12683868408203,.,.
33.42070770263672,9.369178771972656,identifier,display_by_name
-105.80220794677734,36.6163330078125,(,(
75.3869857788086,-166.6295928955078,),)
18.184309005737305,-58.056983947753906,==,==
26.118396759033203,9.201000213623047,"""","""first_name"""
-51.5391960144043,-148.7686767578125,:,:
52.410484313964844,41.11447525024414,identifier,name
45.793434143066406,70.03968811035156,identifier,vcard
-61.378517150878906,84.12947845458984,.,.
19.546871185302734,24.1944522857666,identifier,get_first_name_last_name
-104.31646728515625,38.122657775878906,(,(
58.16861343383789,-147.03314208984375,),)
-8.24448299407959,-154.1903076171875,else,else
-21.86437225341797,-154.4398651123047,:,:
51.99221420288086,41.03729248046875,identifier,name
45.657405853271484,70.10100555419922,identifier,vcard
-61.858421325683594,84.0638198852539,.,.
19.33924674987793,24.59349250793457,identifier,get_last_name_first_name
-101.68914794921875,39.50894546508789,(,(
62.572792053222656,-140.20437622070312,),)
29.90718650817871,60.94835662841797,identifier,contact_line_list
-55.57332992553711,52.58747482299805,.,.
-52.737518310546875,48.4116096496582,identifier,append
-76.56562805175781,6.90061616897583,(,(
-12.378386497497559,39.637413024902344,"""",'\t'
-43.050804138183594,15.141898155212402,.,.
-39.0961799621582,15.478769302368164,identifier,join
-81.02723693847656,4.641493797302246,(,(
44.670352935791016,70.760498046875,identifier,vcard
-72.34960174560547,81.34526824951172,.,.
0.9720813035964966,44.260833740234375,identifier,get_uid
-100.40485382080078,42.82923889160156,(,(
78.07622528076172,-159.98233032226562,),)
-73.3163833618164,-48.38444900512695,",",","
46.256370544433594,41.160194396972656,identifier,name
-73.77912902832031,-48.405426025390625,",",","
44.59493637084961,70.81626892089844,identifier,vcard
-76.11251068115234,83.3459243774414,.,.
4.646535873413086,46.07297134399414,identifier,address_book
-76.39913940429688,82.49199676513672,.,.
46.83736801147461,42.09819793701172,identifier,name
80.81651306152344,-148.7242431640625,),)
76.76972198486328,-133.4666290283203,),)
-47.00697708129883,29.947172164916992,identifier,print
-76.15869903564453,9.907149314880371,(,(
-12.728148460388184,40.37670135498047,"""",'\n'
-42.67645263671875,15.824746131896973,.,.
-39.49727249145508,16.04067039489746,identifier,join
-71.86412811279297,0.8225691318511963,(,(
16.31095314025879,69.9309310913086,identifier,contact_line_list
80.00054931640625,-151.50473022460938,),)
78.60095977783203,-131.6771240234375,),)
-13.620460510253906,-157.16668701171875,else,else
-25.423246383666992,-161.36410522460938,:,:
-2.8761870861053467,57.33381271362305,identifier,list_contacts
-74.18574523925781,-2.8374810218811035,(,(
16.461181640625,74.78790283203125,identifier,vcard_list
85.71902465820312,-126.37051391601562,),)
-239.4292755126953,-16.20294189453125,def,def
98.3297119140625,-7.125378608703613,identifier,explicit_rel_links
-171.25238037109375,13.405994415283203,(,(
-25.17038345336914,176.41067504882812,identifier,self
-110.55075073242188,-92.15541076660156,",",","
76.12388610839844,-0.9188591241836548,identifier,rels
-111.07241821289062,-8.92103385925293,(,(
46.17905807495117,-11.589028358459473,"""",'homepage'
-81.52339935302734,-75.98895263671875,",",","
46.047264099121094,-11.673487663269043,"""",'download'
59.47764587402344,-171.56793212890625,),)
37.57738494873047,-193.5408172607422,),)
-85.7775650024414,-171.4134063720703,:,:
75.74979400634766,-0.44953984022140503,identifier,rels
5.6106672286987305,-13.241682052612305,identifier,set
-112.20391845703125,15.210527420043945,(,(
75.70452117919922,-0.42737236618995667,identifier,rels
42.4710578918457,-160.2649688720703,),)
9.561511039733887,-103.18890380859375,for,for
73.68681335449219,16.315595626831055,identifier,anchor
22.87130355834961,174.599609375,identifier,self
-61.74342727661133,106.83484649658203,.,.
51.06513595581055,1.770730972290039,identifier,parsed
-47.04841995239258,83.20967864990234,.,.
-27.293752670288086,57.13630676269531,identifier,findall
-97.59150695800781,21.375810623168945,(,(
39.31063461303711,-4.571010589599609,"""",""".//a"""
54.88694763183594,-163.67233276367188,),)
-62.425289154052734,-160.88040161132812,:,:
-7.704784870147705,-96.14966583251953,if,if
81.72547149658203,51.39838790893555,identifier,anchor
-47.60649108886719,76.06419372558594,.,.
-37.76686477661133,38.019317626953125,identifier,get
-84.21249389648438,30.897354125976562,(,(
32.516902923583984,-0.5699120163917542,"""","""rel"""
60.01692199707031,-161.75408935546875,),)
-7.514297008514404,-70.05784606933594,and,and
81.7324447631836,51.43899154663086,identifier,anchor
-47.627559661865234,76.01475524902344,.,.
-37.913639068603516,38.185142517089844,identifier,get
-84.21855926513672,30.900062561035156,(,(
32.317359924316406,-0.5456621050834656,"""","""href"""
60.11463165283203,-161.2158966064453,),)
-58.605525970458984,-151.35177612304688,:,:
57.50619125366211,46.1819953918457,identifier,found_rels
5.375495433807373,-12.94003963470459,identifier,set
-95.28165435791016,11.381749153137207,(,(
81.63825988769531,52.02018737792969,identifier,anchor
-48.29164505004883,74.79361724853516,.,.
-37.3762321472168,39.02925109863281,identifier,get
-82.89332580566406,29.562326431274414,(,(
24.395891189575195,10.924805641174316,"""","""rel"""
70.69491577148438,-164.09637451171875,),)
-44.94007110595703,77.23015594482422,.,.
-25.266878128051758,11.297303199768066,identifier,split
-105.41773986816406,40.83185577392578,(,(
74.4714126586914,-162.70823669433594,),)
51.98953628540039,-143.0343475341797,),)
-11.112574577331543,-105.02909851074219,if,if
39.53583526611328,36.73439407348633,identifier,found_rels
39.22145080566406,37.21827697753906,identifier,rels
-51.647403717041016,-154.50071716308594,:,:
37.005428314208984,56.953006744384766,identifier,href
81.58255004882812,52.42171859741211,identifier,anchor
-48.33198928833008,74.23086547851562,.,.
-37.10322952270508,39.87590408325195,identifier,get
-81.89799499511719,28.861677169799805,(,(
16.304733276367188,28.978899002075195,"""","""href"""
61.41389465332031,-139.80209350585938,),)
35.26382827758789,57.02798080444336,identifier,url
41.0217170715332,172.78250122070312,identifier,self
-87.57695770263672,101.6020278930664,.,.
-0.1611357182264328,39.59891891479492,identifier,clean_link
-84.9739990234375,3.1642768383026123,(,(
-0.6301906704902649,36.07421112060547,identifier,urllib_parse
-63.371517181396484,68.00997924804688,.,.
-0.6299176812171936,37.53146743774414,identifier,urljoin
-81.98310089111328,2.4693000316619873,(,(
44.45762252807617,170.40562438964844,identifier,self
-84.1617431640625,87.84818267822266,.,.
7.114698886871338,41.54438400268555,identifier,base_url
-68.70698547363281,-49.65963363647461,",",","
37.38029861450195,57.04254913330078,identifier,href
78.50868225097656,-151.86807250976562,),)
70.06916809082031,-133.39991760253906,),)
-6.983370304107666,49.9490966796875,identifier,Link
-75.69993591308594,-6.743612766265869,(,(
34.08709716796875,64.39507293701172,identifier,url
-69.44439697265625,-44.09246826171875,",",","
46.04582977294922,165.13082885742188,identifier,self
-87.36015319824219,-37.527347564697266,",",","
-0.611379086971283,52.92232131958008,identifier,trusted
82.9324951171875,-128.1346893310547,),)
-233.6627655029297,-13.873689651489258,def,def
107.52901458740234,-5.875189781188965,identifier,write
-173.57423400878906,16.832422256469727,(,(
-27.28114128112793,180.8897247314453,identifier,self
-114.49484252929688,-86.26972961425781,",",","
88.87939453125,-10.071406364440918,identifier,output_stream
-107.78128814697266,-92.3663330078125,",",","
78.93087005615234,-8.401409149169922,identifier,kmip_version
121.46659088134766,6.191205978393555,identifier,enums
-39.42731857299805,99.2320556640625,.,.
91.26596069335938,6.1067399978637695,identifier,KMIPVersion
-39.61097717285156,101.28681945800781,.,.
53.027950286865234,-11.473603248596191,identifier,KMIP_1_0
36.34996795654297,-194.1129608154297,),)
-86.57209777832031,-173.1168212890625,:,:
72.5521469116211,8.79576301574707,identifier,local_stream
37.25714111328125,-14.682981491088867,identifier,utils
-39.2961540222168,93.66824340820312,.,.
29.491201400756836,-4.51852560043335,identifier,BytearrayStream
-110.03753662109375,32.82605743408203,(,(
45.65310287475586,-159.815185546875,),)
-9.121814727783203,-93.90162658691406,if,if
24.19394874572754,170.35659790039062,identifier,self
-68.77828216552734,107.61680603027344,.,.
46.98316955566406,5.105556488037109,identifier,_unique_identifier
-60.66170120239258,-146.79684448242188,:,:
29.9910888671875,178.33522033691406,identifier,self
-71.09394073486328,111.66036224365234,.,.
46.57633972167969,5.398439884185791,identifier,_unique_identifier
-54.3076286315918,86.50516510009766,.,.
-5.274611949920654,13.285511016845703,identifier,write
-103.49343872070312,12.374736785888672,(,(
56.874263763427734,21.855697631835938,identifier,local_stream
-97.4849624633789,-49.49996566772461,",",","
50.5461540222168,12.185372352600098,identifier,kmip_version
51.5632438659668,12.769883155822754,identifier,kmip_version
51.59107208251953,-151.42979431152344,),)
-7.444664478302002,-152.75953674316406,else,else
-21.680166244506836,-152.156982421875,:,:
-8.35888385772705,22.23027229309082,identifier,ValueError
-86.43257904052734,18.614173889160156,(,(
22.572975158691406,14.197359085083008,"""","""invalid payload missing the unique identifier attribute"""
46.396514892578125,-139.81658935546875,),)
-11.461087226867676,-106.11201477050781,if,if
36.60247039794922,170.10472106933594,identifier,self
-78.00282287597656,103.89665985107422,.,.
19.13063621520996,32.013145446777344,identifier,_signature_data
-48.42702102661133,-152.98670959472656,:,:
38.647464752197266,176.87860107421875,identifier,self
-81.8966064453125,101.5604019165039,.,.
19.117700576782227,32.01226806640625,identifier,_signature_data
-65.59221649169922,76.89925384521484,.,.
-5.290404796600342,13.316225051879883,identifier,write
-91.44046783447266,0.79936683177948,(,(
37.663352966308594,42.432281494140625,identifier,local_stream
-92.55327606201172,-42.946388244628906,",",","
28.236085891723633,40.05141067504883,identifier,kmip_version
28.930727005004883,40.44997787475586,identifier,kmip_version
60.9476203918457,-134.8561248779297,),)
-8.850948333740234,-156.9617156982422,else,else
-21.22283172607422,-157.91647338867188,:,:
-8.249159812927246,23.490022659301758,identifier,ValueError
-80.24687194824219,13.861163139343262,(,(
5.686439037322998,42.56051254272461,"""","""invalid payload missing the signature attribute"""
62.62034606933594,-130.31393432617188,),)
43.15486526489258,179.0491943359375,identifier,self
-89.20179748535156,88.06610870361328,.,.
-22.7929744720459,38.283260345458984,identifier,length
20.88044548034668,66.96574401855469,identifier,local_stream
-74.75739288330078,77.63397216796875,.,.
-22.734968185424805,38.35586166381836,identifier,length
-99.22460174560547,42.07638931274414,(,(
69.543212890625,-124.816650390625,),)
-19.911516189575195,3.479952096939087,identifier,super
-64.88478088378906,-6.092181205749512,(,(
-5.724593162536621,51.10309982299805,identifier,SignResponsePayload
-56.51140594482422,-44.46367263793945,",",","
45.373531341552734,165.13417053222656,identifier,self
73.7069320678711,-145.50338745117188,),)
-70.53791809082031,74.97463989257812,.,.
-16.32970428466797,53.4737434387207,identifier,write
-77.1661148071289,-1.1356228590011597,(,(
16.447168350219727,71.92051696777344,identifier,output_stream
-87.26551818847656,-38.9837532043457,",",","
8.313325881958008,65.44915771484375,identifier,kmip_version
9.152739524841309,65.49944305419922,identifier,kmip_version
74.69940185546875,-124.5624771118164,),)
16.05990982055664,73.05595397949219,identifier,output_stream
-70.42117309570312,69.03726959228516,.,.
-16.353008270263672,53.49501419067383,identifier,write
-73.30536651611328,2.3722760677337646,(,(
15.561296463012695,73.99234008789062,identifier,local_stream
-78.30209350585938,80.3846206665039,.,.
-6.541412830352783,58.94844436645508,identifier,buffer
86.31489562988281,-127.0066146850586,),)
-236.125732421875,-17.022485733032227,def,def
98.1580810546875,-4.685295581817627,identifier,dispatch_monitor_traffic
-167.92068481445312,15.315098762512207,(,(
-27.667211532592773,176.3435516357422,identifier,self
-113.85408020019531,-81.28445434570312,",",","
92.51394653320312,-12.994880676269531,identifier,msg
44.27792739868164,-197.9560089111328,),)
-86.47241973876953,-166.51754760742188,:,:
20.077247619628906,181.6912384033203,identifier,self
-63.750057220458984,112.45803833007812,.,.
-11.877628326416016,94.42858123779297,identifier,log
-73.1563491821289,43.57343673706055,.,.
-60.864479064941406,30.815013885498047,identifier,debug
-88.45653533935547,23.743114471435547,(,(
45.6038932800293,-7.378474712371826,"""","""monitor traffic: %r"""
-73.07024383544922,-75.2605972290039,",",","
75.72003936767578,27.1103458404541,identifier,msg
37.72047805786133,-160.1566925048828,),)
64.44002532958984,6.700031280517578,identifier,switch
75.47740936279297,27.04273223876953,identifier,msg
-68.06928253173828,-170.77468872070312,:,:
63.43628692626953,37.38407516479492,identifier,idents
-93.4450912475586,-72.6806640625,",",","
76.19247436523438,24.3433837890625,identifier,msg
25.95476722717285,174.20932006835938,identifier,self
-63.43975830078125,109.68186950683594,.,.
107.61872863769531,26.831954956054688,identifier,session
-52.72838592529297,85.85482788085938,.,.
42.563236236572266,2.304248571395874,identifier,feed_identities
-105.30953216552734,12.821986198425293,(,(
74.9416275024414,26.958711624145508,identifier,msg
-3.967719793319702,-2.916255474090576,:,:
47.67241287231445,-153.5008087158203,),)
-7.806740760803223,21.213773727416992,identifier,ValueError
-56.90216064453125,-145.52890014648438,:,:
62.38159942626953,37.463680267333984,identifier,idents
-12.57482624053955,-100.88766479492188,if,if
62.25393295288086,37.37883377075195,identifier,idents
-53.798858642578125,-149.62808227539062,:,:
34.15971755981445,175.1396484375,identifier,self
-84.91412353515625,105.69603729248047,.,.
-10.85344123840332,94.99951934814453,identifier,log
-70.76304626464844,44.44293975830078,.,.
-13.80042552947998,26.680164337158203,identifier,error
-85.56505584716797,20.118032455444336,(,(
23.025007247924805,13.880343437194824,"""","""Monitor message without topic: %r"""
-62.12547302246094,-53.71467208862305,",",","
44.97006607055664,61.444969177246094,identifier,msg
48.120635986328125,-140.49755859375,),)
40.11929702758789,30.0958194732666,identifier,handler
37.5892219543457,171.79476928710938,identifier,self
-74.82776641845703,103.18423461914062,.,.
25.38382911682129,15.351240158081055,identifier,monitor_handlers
-51.38777542114258,76.62641143798828,.,.
-34.17696762084961,38.918495178222656,identifier,get
-92.51666259765625,-2.2038731575012207,(,(
28.439664840698242,46.869361877441406,identifier,switch
-63.063880920410156,-62.01841735839844,",",","
64.7696533203125,-137.61581420898438,),)
-10.677422523498535,-110.22211456298828,if,if
38.39485168457031,30.750808715820312,identifier,handler
-46.49336242675781,-156.9029083251953,:,:
20.22246551513672,38.1461067199707,identifier,handler
-88.88204193115234,-4.403852462768555,(,(
37.03742980957031,54.017677307128906,identifier,idents
-70.95574951171875,-48.00140380859375,",",","
43.84312057495117,61.45547103881836,identifier,msg
69.09973907470703,-137.1953582763672,),)
-10.335925102233887,-157.6095733642578,else,else
-23.612150192260742,-158.68203735351562,:,:
46.10087585449219,177.6676788330078,identifier,self
-90.18693542480469,96.3287353515625,.,.
-10.732146263122559,96.41366577148438,identifier,log
-68.26670837402344,43.358707427978516,.,.
-14.263833999633789,26.584468841552734,identifier,error
-78.146484375,15.15580940246582,(,(
2.038358688354492,48.82441711425781,"""","""Unrecognized monitor topic: %r"""
-63.13372039794922,-51.17268371582031,",",","
28.4162540435791,46.89906311035156,identifier,switch
81.19465637207031,-127.75353240966797,),)
-232.16262817382812,-18.477643966674805,def,def
102.93528747558594,-10.758182525634766,identifier,reload
-167.7962646484375,20.794105529785156,(,(
-23.474775314331055,181.14137268066406,identifier,self
49.51599884033203,-198.53541564941406,),)
-84.73490905761719,-160.29925537109375,:,:
15.570637702941895,182.25352478027344,identifier,self
-55.22878646850586,112.82685089111328,.,.
95.1391830444336,-7.874284744262695,identifier,fload
-113.33269500732422,34.05073165893555,(,(
41.36214065551758,-165.0457000732422,),)
82.12471008300781,19.796777725219727,identifier,lines
19.44587516784668,179.18287658691406,identifier,self
-59.67830276489258,111.9738998413086,.,.
88.11749267578125,7.7382917404174805,identifier,fobj
-47.48169708251953,88.5424575805664,.,.
84.628173828125,19.49497413635254,identifier,readlines
-111.32844543457031,36.401893615722656,(,(
42.356468200683594,-163.35293579101562,),)
73.0461654663086,7.673652172088623,identifier,src_b
30.84722137451172,-26.401098251342773,identifier,l
21.119983673095703,-104.33930969238281,for,for
31.408803939819336,-23.54110336303711,identifier,l
82.4216537475586,22.45484733581543,identifier,lines
-17.520137786865234,-119.53779602050781,if,if
31.53729820251465,-25.83875846862793,identifier,l
-41.268280029296875,81.15264129638672,.,.
-25.97350311279297,19.5275936126709,identifier,strip
-110.81330108642578,39.102684020996094,(,(
51.4072151184082,-167.32762145996094,),)
67.20745849609375,7.374056816101074,identifier,nblocks
-27.261751174926758,-9.98259162902832,identifier,len
-116.75048828125,11.05778980255127,(,(
59.51325225830078,17.450071334838867,identifier,src_b
44.05623245239258,-156.2604522705078,),)
30.527963638305664,181.1173553466797,identifier,self
-67.17645263671875,109.75208282470703,.,.
38.15712356567383,2.6006147861480713,identifier,src
38.83340072631836,-26.68887710571289,"""",''
-42.08792495727539,13.180413246154785,.,.
-39.58652114868164,13.819865226745605,identifier,join
-105.7500228881836,8.467046737670898,(,(
82.52754974365234,22.806720733642578,identifier,lines
46.23310470581055,-151.84471130371094,),)
32.953941345214844,181.12498474121094,identifier,self
-74.64998626708984,108.09114074707031,.,.
28.60610008239746,16.633989334106445,identifier,_silent
34.793678283691406,29.40024185180664,identifier,nblocks
34.41093444824219,180.9754638671875,identifier,self
-74.76582336425781,107.83098602294922,.,.
28.22151756286621,17.377588272094727,identifier,_auto
34.75596237182617,29.446807861328125,identifier,nblocks
36.00646209716797,180.5335693359375,identifier,self
-78.19620513916016,99.50111389160156,.,.
26.97481346130371,17.842266082763672,identifier,auto_all
37.27176284790039,180.69619750976562,identifier,self
-79.22901916503906,98.35497283935547,.,.
33.994075775146484,30.305776596069336,identifier,nblocks
34.270816802978516,30.079492568969727,identifier,nblocks
38.30702209472656,180.40570068359375,identifier,self
-79.69095611572266,98.0853271484375,.,.
23.267852783203125,52.738792419433594,identifier,src_blocks
36.08670425415039,40.05302047729492,identifier,src_b
40.358360290527344,179.98458862304688,identifier,self
-82.07352447509766,97.19803619384766,.,.
23.22287368774414,52.95349884033203,identifier,src_blocks_colored
2.16444730758667,1.5786159038543701,identifier,map
-81.97196197509766,4.014407157897949,(,(
43.49992370605469,170.30023193359375,identifier,self
-83.995361328125,86.6497573852539,.,.
0.9781139492988586,39.68581771850586,identifier,ip_colorize
-68.54052734375,-52.34864807128906,",",","
44.70703887939453,169.66566467285156,identifier,self
-82.65165710449219,88.90692901611328,.,.
20.155916213989258,57.81684494018555,identifier,src_blocks
70.51021575927734,-131.94692993164062,),)
47.31195831298828,175.2963409423828,identifier,self
-74.42276763916016,71.01947021484375,.,.
-7.1574015617370605,45.91960144042969,identifier,reset
-95.7730484008789,40.46620559692383,(,(
83.37830352783203,-123.7201156616211,),)
-241.1373748779297,-15.3202486038208,def,def
96.6741943359375,-0.9005658030509949,identifier,disassemble
-173.58251953125,11.58622932434082,(,(
94.42964172363281,-13.706074714660645,identifier,msg
-110.04337310791016,-84.94131469726562,",",","
85.19469451904297,-8.77005672454834,identifier,msg_nocr
-104.58702087402344,-84.84456634521484,",",","
101.35845947265625,5.7870564460754395,identifier,section
-103.76563262939453,-84.45352935791016,",",","
55.52546691894531,100.07148742675781,identifier,co
-105.66907501220703,-91.71894073486328,",",","
75.18045043945312,-9.301675796508789,identifier,lasti
44.95032501220703,-17.18450927734375,-,-
-100.57782745361328,-94.69512939453125,",",","
73.89852905273438,-3.6727242469787598,identifier,start_line
44.947914123535156,-17.178483963012695,-,-
-99.10731506347656,-95.770263671875,",",","
73.70736694335938,-3.5371642112731934,identifier,end_line
-98.28133392333984,-95.76087188720703,",",","
72.1998062133789,-2.8383219242095947,identifier,relative_pos
-97.72888946533203,-95.40050506591797,",",","
44.97808837890625,7.784392833709717,identifier,highlight
40.79084014892578,-4.938948154449463,"""",'light'
-97.1504898071289,-96.92869567871094,",",","
68.12252044677734,-3.20824933052063,identifier,start_offset
-97.05393981933594,-97.84774780273438,",",","
68.1441421508789,-3.2305290699005127,identifier,end_offset
33.97650909423828,-196.02305603027344,),)
-91.01898193359375,-173.5485382080078,:,:
34.12787628173828,12.103334426879883,identifier,disassemble_bytes
-100.53913116455078,8.607240676879883,(,(
94.49620056152344,-13.745745658874512,identifier,msg
-80.05093383789062,-54.875179290771484,",",","
47.39239501953125,19.55626106262207,identifier,msg_nocr
-80.02379608154297,-54.18195343017578,",",","
54.913848876953125,99.71099090576172,identifier,co
-70.32439422607422,95.67061614990234,.,.
20.750484466552734,19.712453842163086,identifier,co_code
-80.63485717773438,-53.67225646972656,",",","
23.878557205200195,19.98851203918457,identifier,lasti
-79.98363494873047,-53.174720764160156,",",","
54.63520431518555,99.6224594116211,identifier,co
-70.59245300292969,95.49138641357422,.,.
20.60646629333496,19.555538177490234,identifier,co_firstlineno
-80.8621597290039,-52.940711975097656,",",","
34.27345275878906,35.317935943603516,identifier,start_line
-81.10030364990234,-52.468135833740234,",",","
34.23154067993164,35.40803146362305,identifier,end_line
-81.01612091064453,-52.29191589355469,",",","
33.33379364013672,37.18834686279297,identifier,relative_pos
-80.07783508300781,-51.46638870239258,",",","
54.14650344848633,99.38429260253906,identifier,co
-75.15589904785156,91.678466796875,.,.
13.919931411743164,41.10953140258789,identifier,co_varnames
-79.78288269042969,-50.77248001098633,",",","
53.60929870605469,99.36985778808594,identifier,co
-75.66177368164062,91.38755798339844,.,.
13.72042465209961,41.134910583496094,identifier,co_names
-79.62933349609375,-50.3233642578125,",",","
53.62898635864258,99.08358764648438,identifier,co
-76.05227661132812,91.14402770996094,.,.
13.315638542175293,41.54120635986328,identifier,co_consts
-79.41580963134766,-49.79804229736328,",",","
53.322174072265625,99.02113342285156,identifier,co
-76.50056457519531,90.84487915039062,.,.
13.014518737792969,42.20093536376953,identifier,co_cellvars
-79.14388275146484,-49.37239074707031,",",","
52.96147918701172,99.18601989746094,identifier,co
-76.85386657714844,90.52410125732422,.,.
12.910740852355957,42.499786376953125,identifier,co_freevars
-78.59779357910156,-47.49140930175781,",",","
-20.220888137817383,25.2523250579834,identifier,dict
-79.17220306396484,4.362301349639893,(,(
1.3350528478622437,46.57843017578125,identifier,findlinestarts
-81.0851821899414,0.092720627784729,(,(
52.35174560546875,99.47006225585938,identifier,co
78.40081024169922,-153.0762939453125,),)
79.42839050292969,-148.3419647216797,),)
-78.20552062988281,-46.465431213378906,",",","
44.96622848510742,7.834289073944092,identifier,highlight
-83.23199462890625,-39.02272415161133,",",","
6.5346245765686035,68.0935287475586,identifier,start_offset
7.154930114746094,68.5014419555664,identifier,start_offset
-83.98816680908203,-39.218589782714844,",",","
6.558683395385742,67.85640716552734,identifier,end_offset
7.391092777252197,68.48490905761719,identifier,end_offset
83.9850082397461,-131.56207275390625,),)
-235.32337951660156,-14.414820671081543,def,def
102.71685791015625,-4.575404167175293,identifier,load_bytes
-172.19837951660156,14.963159561157227,(,(
-28.867481231689453,178.5641632080078,identifier,self
-112.9507064819336,-84.7308120727539,",",","
87.80696105957031,-11.284686088562012,identifier,bytes_data
-106.3388900756836,-84.63021087646484,",",","
86.146484375,-17.54253578186035,identifier,key
-105.82088470458984,-93.39668273925781,",",","
78.28564453125,-10.828187942504883,identifier,bucket_name
-102.58839416503906,-96.81616973876953,",",","
69.93071746826172,-12.691071510314941,identifier,replace
-101.24478149414062,-97.65991973876953,",",","
70.67974090576172,-10.422910690307617,identifier,encrypt
36.834415435791016,-196.6513671875,),)
-88.75128936767578,-171.2934112548828,:,:
-7.948863983154297,-89.35416412353516,if,if
66.37950134277344,14.99365520477295,identifier,bucket_name
-65.74629211425781,-148.2562255859375,:,:
-107.80501556396484,-8.347297668457031,(,(
67.2015151977539,14.098094940185547,identifier,bucket_name
-92.00847625732422,-73.45419311523438,",",","
64.62994384765625,27.894752502441406,identifier,key
56.69873046875,-173.30770874023438,),)
24.80207633972168,174.78494262695312,identifier,self
-74.81340026855469,114.60243225097656,.,.
49.8690071105957,1.358967900276184,identifier,parse_s3_url
-108.08663940429688,13.067713737487793,(,(
62.78042984008789,28.4273738861084,identifier,key
45.054988861083984,-155.14022827148438,),)
-11.453207969665527,-96.08534240722656,if,if
68.92257690429688,-12.560853004455566,identifier,replace
-7.560052394866943,-70.23965454101562,and,and
29.78571891784668,173.71136474609375,identifier,self
-75.66193389892578,111.34320068359375,.,.
35.277610778808594,9.988040924072266,identifier,check_for_key
-103.24102020263672,10.547601699829102,(,(
61.69111633300781,29.128822326660156,identifier,key
-75.18663024902344,-61.160911560058594,",",","
50.57720947265625,25.883216857910156,identifier,bucket_name
61.320804595947266,-159.12020874023438,),)
-54.722049713134766,-146.0316162109375,:,:
-8.328167915344238,22.20985221862793,identifier,ValueError
-87.21265411376953,18.554080963134766,(,(
23.287519454956055,12.752728462219238,"""","""The key {key} already exists."""
-48.61506652832031,-6.590243339538574,.,.
-45.49009704589844,-4.7761688232421875,identifier,format
-104.36876678466797,-1.4145634174346924,(,(
60.572750091552734,29.74480438232422,identifier,key
60.74606704711914,29.644006729125977,identifier,key
66.76241302490234,-163.01075744628906,),)
45.7269172668457,-140.1471405029297,),)
58.30503845214844,56.25185012817383,identifier,extra_args
-13.509346961975098,-107.10394287109375,if,if
26.73714828491211,27.263273239135742,identifier,encrypt
-48.499229431152344,-155.03858947753906,:,:
58.59772872924805,56.154624938964844,identifier,extra_args
7.423896312713623,32.397789001464844,"""",'ServerSideEncryption'
4.212437152862549,34.56784439086914,"""","""AES256"""
30.811553955078125,58.304283142089844,identifier,filelike_buffer
0.4345391094684601,33.42710494995117,identifier,BytesIO
-83.60797882080078,0.5194918513298035,(,(
15.254810333251953,60.38492965698242,identifier,bytes_data
68.40227508544922,-132.6571044921875,),)
40.02315139770508,98.4197998046875,identifier,client
43.54629898071289,171.91175842285156,identifier,self
-89.88702392578125,100.71966552734375,.,.
-0.22758790850639343,44.70318603515625,identifier,get_conn
-98.52021789550781,42.42158126831055,(,(
69.4535903930664,-125.03185272216797,),)
39.73762130737305,97.53471374511719,identifier,client
-70.23118591308594,71.59386444091797,.,.
-3.0745019912719727,52.83005905151367,identifier,upload_fileobj
-77.12584686279297,-3.143299102783203,(,(
16.614076614379883,66.9788818359375,identifier,filelike_buffer
-72.93865966796875,-43.398651123046875,",",","
14.13932991027832,64.38211059570312,identifier,bucket_name
-72.5898208618164,-43.40700912475586,",",","
36.471351623535156,63.71436309814453,identifier,key
-85.57781982421875,-38.29288864135742,",",","
3.7414700984954834,66.06631469726562,identifier,ExtraArgs
15.430176734924316,69.31929016113281,identifier,extra_args
83.79570770263672,-128.95510864257812,),)
-236.56564331054688,-13.112853050231934,def,def
97.78527069091797,-3.3314366340637207,identifier,delete_reference_image
-172.2663116455078,13.504144668579102,(,(
-29.372461318969727,176.9037322998047,identifier,self
-111.29874420166016,-84.8292007446289,",",","
83.72437286376953,-23.79975128173828,identifier,location
-105.92560577392578,-86.07723236083984,",",","
80.43099975585938,-10.703280448913574,identifier,product_id
-102.98584747314453,-87.54380798339844,",",","
76.91639709472656,-8.0232515335083,identifier,reference_image_id
-101.50772857666016,-93.53274536132812,",",","
75.63085174560547,-6.832045078277588,identifier,project_id
-99.44147491455078,-96.58232116699219,",",","
67.73023986816406,-6.101821422576904,identifier,retry
-98.65859985351562,-96.5083999633789,",",","
66.17459869384766,-22.33205223083496,identifier,timeout
-98.7297134399414,-97.7370834350586,",",","
68.26815032958984,-9.608207702636719,identifier,metadata
-62.19439697265625,-87.94275665283203,",",","
34.31806564331055,-197.1365509033203,),)
-89.13909912109375,-173.505126953125,:,:
40.465370178222656,98.7025375366211,identifier,client
25.863901138305664,175.10292053222656,identifier,self
-76.46076965332031,115.16422271728516,.,.
38.86920166015625,12.083703994750977,identifier,get_conn
-109.13018798828125,35.71379852294922,(,(
46.53987121582031,-158.0682830810547,),)
26.156539916992188,178.85665893554688,identifier,self
-64.57778930664062,111.5918197631836,.,.
-12.262147903442383,95.36125946044922,identifier,log
-72.07810974121094,43.758487701416016,.,.
-61.12141036987305,33.25261688232422,identifier,info
-87.17967987060547,22.778488159179688,(,(
34.74515914916992,2.7822844982147217,"""",'Deleting ReferenceImage'
44.93840026855469,-147.68600463867188,),)
53.084007263183594,41.690101623535156,identifier,name
30.710485458374023,5.158046722412109,identifier,ProductSearchClient
-61.66131591796875,81.10559844970703,.,.
32.744197845458984,11.785059928894043,identifier,reference_image_path
-97.93142700195312,-1.9494715929031372,(,(
11.675066947937012,2.0599756240844727,identifier,project
32.73500061035156,33.120662689208984,identifier,project_id
-93.42269134521484,-47.511539459228516,",",","
10.76982593536377,5.341822147369385,identifier,location
10.688240051269531,5.474155426025391,identifier,location
-93.08226776123047,-47.331024169921875,",",","
25.174217224121094,28.82360076904297,identifier,product
32.60255813598633,33.52623748779297,identifier,product_id
-92.39067077636719,-47.74955749511719,",",","
23.096717834472656,26.939437866210938,identifier,reference_image
32.02787780761719,36.48617172241211,identifier,reference_image_id
56.663299560546875,-138.49850463867188,),)
54.61954116821289,55.40114212036133,identifier,response
38.95465087890625,97.43441772460938,identifier,client
-62.17288589477539,78.01531219482422,.,.
11.116235733032227,24.425262451171875,identifier,delete_reference_image
-83.25814819335938,-9.402438163757324,(,(
46.500152587890625,39.947731018066406,identifier,name
46.32022476196289,40.57356262207031,identifier,name
-90.19107818603516,-42.35099411010742,",",","
36.2196159362793,22.702791213989258,identifier,retry
36.093597412109375,22.66319465637207,identifier,retry
-89.53033447265625,-42.20112228393555,",",","
22.35224151611328,40.40302658081055,identifier,timeout
22.353193283081055,40.399131774902344,identifier,timeout
-89.43638610839844,-41.95684814453125,",",","
22.908185958862305,45.830692291259766,identifier,metadata
22.91390037536621,45.84421157836914,identifier,metadata
69.09413146972656,-132.23867797851562,),)
45.535037994384766,177.3260040283203,identifier,self
-90.13398742675781,96.42157745361328,.,.
-10.953568458557129,96.31297302246094,identifier,log
-68.22029876708984,43.555137634277344,.,.
-58.941715240478516,33.53144073486328,identifier,info
-78.05625915527344,16.688941955566406,(,(
2.4411003589630127,49.612548828125,"""",'ReferenceImage with the name [%s] deleted.'
-63.13319778442383,-51.27109909057617,",",","
46.184593200683594,41.6848030090332,identifier,name
72.98673248291016,-127.71302032470703,),)
-4.361018657684326,51.824832916259766,identifier,MessageToDict
-73.86334991455078,-5.199709892272949,(,(
30.2307186126709,81.68253326416016,identifier,response
84.186279296875,-126.46434783935547,),)
-237.69921875,-18.027435302734375,def,def
98.6952133178711,-8.001620292663574,identifier,_repr_pretty_
-169.0628662109375,13.625308990478516,(,(
-25.917173385620117,175.36160278320312,identifier,self
-112.82502746582031,-81.52749633789062,",",","
88.14541625976562,-8.191744804382324,identifier,p
-104.7668685913086,-82.05414581298828,",",","
94.40770721435547,-25.313631057739258,identifier,cycle
42.93223190307617,-196.63870239257812,),)
-83.9715805053711,-167.27796936035156,:,:
74.75584411621094,5.737796306610107,identifier,class_name
10.2785062789917,-29.501527786254883,identifier,type
-114.64813232421875,14.182304382324219,(,(
16.483814239501953,174.52703857421875,identifier,self
54.99388885498047,-170.98789978027344,),)
-50.21461868286133,106.91008758544922,.,.
97.43775177001953,30.059038162231445,identifier,__name__
-10.087974548339844,-90.72347259521484,if,if
94.41053009033203,-25.329662322998047,identifier,cycle
-64.64986419677734,-145.0760955810547,:,:
47.730682373046875,86.00052642822266,identifier,p
-54.30210494995117,93.00975799560547,.,.
-18.93988800048828,40.636741638183594,identifier,text
-92.68663024902344,21.072114944458008,(,(
43.69847106933594,-6.184818267822266,"""",'{cls}(...)'
-47.47819519042969,-7.8069987297058105,.,.
-45.02974319458008,-6.211645603179932,identifier,format
-110.45410919189453,2.17120361328125,(,(
50.0081672668457,15.152569770812988,identifier,cls
59.296077728271484,14.115009307861328,identifier,class_name
-62.43367004394531,-86.95133972167969,",",","
62.73611068725586,-165.11463928222656,),)
39.716739654541016,-151.8125762939453,),)
-7.756041049957275,-151.20631408691406,else,else
-24.235502243041992,-151.64434814453125,:,:
47.82359313964844,86.00598907470703,identifier,p
-55.53763198852539,78.16996002197266,.,.
26.874975204467773,-2.429509162902832,identifier,group
-96.72933197021484,13.275103569030762,(,(
-27.93724250793457,-8.646102905273438,identifier,len
-117.61102294921875,9.501663208007812,(,(
52.95030975341797,27.387170791625977,identifier,class_name
67.1433334350586,-170.82456970214844,),)
-10.938302040100098,-18.985206604003906,+,+
-71.7281723022461,-61.708946228027344,",",","
26.922677993774414,5.966139793395996,"""",'{cls}('
-49.20268249511719,-7.460485935211182,.,.
-44.59016799926758,-4.605233669281006,identifier,format
-104.42951202392578,-1.3632444143295288,(,(
49.95943832397461,15.23471736907959,identifier,cls
52.25354766845703,27.228416442871094,identifier,class_name
68.30926513671875,-163.21876525878906,),)
-79.3945541381836,-59.34270477294922,",",","
24.6986141204834,4.368111610412598,"""",')'
-61.22721862792969,-86.44961547851562,",",","
59.6390495300293,-154.34295654296875,),)
-58.55717086791992,-158.52297973632812,:,:
33.88480758666992,75.94636535644531,identifier,prepared
37.92074203491211,170.4943389892578,identifier,self
-80.32123565673828,105.45970153808594,.,.
13.06479549407959,21.831851959228516,identifier,as_json_compatible
-102.36583709716797,38.165897369384766,(,(
63.40804672241211,-142.70452880859375,),)
-9.901456832885742,-109.10951232910156,if,if
3.7959227561950684,-32.08402633666992,identifier,isinstance
-118.71195220947266,0.3778640627861023,(,(
33.15468978881836,76.26493072509766,identifier,prepared
-42.175758361816406,-66.22514343261719,",",","
5.415145397186279,32.702735900878906,identifier,Mapping
66.70381927490234,-149.96873474121094,),)
-45.89818572998047,-156.8551483154297,:,:
46.35887908935547,85.88758087158203,identifier,p
-78.47145080566406,72.57398986816406,.,.
-18.60771369934082,40.81749725341797,identifier,text
-74.51513671875,16.726839065551758,(,(
4.41085147857666,36.52375030517578,"""",'**'
69.00706481933594,-138.58404541015625,),)
-14.5143404006958,-150.7373504638672,elif,elif
3.542473554611206,-32.29133987426758,identifier,isinstance
-119.32369995117188,0.029326384887099266,(,(
32.99208068847656,76.33494567871094,identifier,prepared
-41.95180892944336,-66.51492309570312,",",","
5.888176441192627,44.55354309082031,identifier,Iterable
67.26793670654297,-149.10385131835938,),)
-43.87013626098633,-159.73007202148438,:,:
46.230106353759766,85.8730239868164,identifier,p
-78.33209228515625,72.4916763305664,.,.
-18.530309677124023,40.872886657714844,identifier,text
-74.81156158447266,16.73206901550293,(,(
3.4589531421661377,47.276268005371094,"""",'*'
70.74909210205078,-126.90923309326172,),)
46.13248062133789,85.86668395996094,identifier,p
-73.89739227294922,69.74456024169922,.,.
-4.005917549133301,47.833335876464844,identifier,pretty
-74.85150909423828,-1.0358648300170898,(,(
32.36197280883789,76.68759155273438,identifier,prepared
83.24435424804688,-126.20825958251953,),)
-230.9429168701172,-17.42434310913086,def,def
108.35917663574219,0.0746777281165123,identifier,requests
-169.63168334960938,20.876359939575195,(,(
-25.42348861694336,179.1047821044922,identifier,self
48.75994110107422,-198.21737670898438,),)
-85.84187316894531,-163.36026000976562,:,:
108.27152252197266,0.25734981894493103,identifier,requests
9.850650787353516,-101.1766128540039,for,for
76.54556274414062,10.3316011428833,identifier,json
20.409805297851562,179.75253295898438,identifier,self
-60.649959564208984,112.12361145019531,.,.
99.19377136230469,16.07278060913086,identifier,skype
-49.5657958984375,89.83203125,.,.
93.2261734008789,10.196227073669434,identifier,conn
-109.22248077392578,21.988609313964844,(,(
43.88969039916992,-10.221625328063965,"""","""GET"""
-72.62931060791016,-72.57825469970703,",",","
44.226776123046875,-7.1589674949646,"""","""{0}/users/{1}/invites"""
-47.16194152832031,-7.353994846343994,.,.
-45.68701171875,-6.189541816711426,identifier,format
-109.24565887451172,-2.189366340637207,(,(
42.84601593017578,9.664109230041504,identifier,SkypeConnection
-40.532752990722656,103.52729797363281,.,.
45.0055046081543,-1.7323342561721802,identifier,API_CONTACTS
-75.41047668457031,-69.90473937988281,",",","
22.183732986450195,170.3883819580078,identifier,self
-63.806922912597656,104.24967956542969,.,.
99.25022888183594,16.179847717285156,identifier,skype
-59.90817642211914,99.14275360107422,.,.
55.960872650146484,11.060961723327637,identifier,userId
61.19282150268555,-166.08285522460938,),)
-95.38085174560547,-50.138336181640625,",",","
22.117067337036133,1.2693113088607788,identifier,auth
42.725948333740234,9.665695190429688,identifier,SkypeConnection
-44.003421783447266,100.9538345336914,.,.
22.299907684326172,1.0162104368209839,identifier,Auth
-44.01327133178711,100.95703887939453,.,.
41.81935501098633,9.402960777282715,identifier,SkypeToken
55.44218826293945,-157.22750854492188,),)
-52.762020111083984,80.69147491455078,.,.
56.611778259277344,71.4508285522461,identifier,json
-107.2895736694336,39.66417694091797,(,(
74.5543212890625,-167.6133270263672,),)
-52.56986999511719,80.4177474975586,.,.
-36.649898529052734,38.388946533203125,identifier,get
-83.72177124023438,28.594276428222656,(,(
26.619487762451172,10.462787628173828,"""","""invite_list"""
-61.63018798828125,-62.85259246826172,",",","
60.142826080322266,-154.7327423095703,),)
-58.187950134277344,-159.98760986328125,:,:
7.754143238067627,-106.8011245727539,for,for
40.87830352783203,68.28704833984375,identifier,invite
54.27199935913086,71.00035858154297,identifier,json
-48.521976470947266,73.66952514648438,.,.
-36.899166107177734,39.716461181640625,identifier,get
-82.42386627197266,28.658283233642578,(,(
17.80095863342285,28.79259490966797,"""","""invites"""
-61.02288818359375,-62.883514404296875,",",","
64.65902709960938,-152.99868774414062,),)
-55.29077911376953,-161.44876098632812,:,:
41.01292037963867,68.23685455322266,identifier,invite
13.203337669372559,33.19242477416992,"""","""userId"""
-0.30707767605781555,27.896242141723633,identifier,SkypeUtils
-63.434574127197266,69.43450927734375,.,.
1.2249348163604736,38.15370178222656,identifier,noPrefix
-84.75287628173828,2.5091302394866943,(,(
54.21644592285156,71.00584411621094,identifier,json
-48.12216567993164,73.29759979248047,.,.
-36.84602737426758,40.42093276977539,identifier,get
-81.20785522460938,28.810527801513672,(,(
10.138649940490723,40.04733657836914,"""","""mri"""
76.34103393554688,-154.7115936279297,),)
67.19546508789062,-132.75559997558594,),)
25.194303512573242,77.98643493652344,identifier,requests
-55.848751068115234,51.94445037841797,.,.
-53.60709762573242,48.39862060546875,identifier,append
-75.71521759033203,6.366364479064941,(,(
-6.264805793762207,49.58893966674805,identifier,SkypeRequest
-66.06869506835938,71.27161407470703,.,.
0.051475945860147476,47.08989715576172,identifier,fromRaw
-78.78416442871094,0.7545524835586548,(,(
46.4858512878418,171.96849060058594,identifier,self
-85.86067962646484,88.84674835205078,.,.
99.33893585205078,16.306638717651367,identifier,skype
-70.74689483642578,-46.64838409423828,",",","
40.13581466674805,68.5514907836914,identifier,invite
80.0512924194336,-150.5463409423828,),)
77.32476043701172,-131.86415100097656,),)
20.306516647338867,83.88059997558594,identifier,requests
-238.81808471679688,-18.818941116333008,def,def
97.9744873046875,-4.395310878753662,identifier,add_userrnd_shot
-166.132080078125,13.554668426513672,(,(
106.09394073486328,16.73936653137207,identifier,project
45.72810745239258,-198.00991821289062,),)
-84.29379272460938,-165.7718963623047,:,:
76.58162689208984,5.89404821395874,identifier,rndseq
105.86077880859375,17.139436721801758,identifier,project
-56.3392333984375,106.00223541259766,.,.
55.31596374511719,-4.85515832901001,identifier,sequence_set
-46.78246307373047,86.19135284423828,.,.
-34.58766174316406,36.90751266479492,identifier,get
-110.96878051757812,4.731000900268555,(,(
76.88423156738281,-21.567779541015625,identifier,name
54.88063049316406,-10.027612686157227,identifier,RNDSEQ_NAME
39.91102600097656,-159.46316528320312,),)
67.42378234863281,10.164773941040039,identifier,users
30.029638290405273,-25.80925178527832,identifier,u
20.70050811767578,-104.55284881591797,for,for
30.245851516723633,-23.757638931274414,identifier,u
105.8048095703125,17.239992141723633,identifier,project
-57.02950668334961,105.36566925048828,.,.
66.43313598632812,10.422515869140625,identifier,users
-48.033443450927734,84.0345230102539,.,.
-13.371657371520996,1.6762986183166504,identifier,all
-109.9486083984375,40.82392883300781,(,(
51.87529373168945,-167.504150390625,),)
8.74679946899414,-103.5063247680664,for,for
67.0991439819336,11.985011100769043,identifier,user
66.2384262084961,10.62722110748291,identifier,users
-60.96680450439453,-161.38150024414062,:,:
68.30392456054688,47.26426696777344,identifier,shot
-93.65898132324219,-71.33639526367188,",",","
35.74860382080078,4.478580951690674,identifier,created
68.39138793945312,47.30818176269531,identifier,Shot
-57.35664367675781,81.3326644897461,.,.
-33.70430374145508,71.05029296875,identifier,objects
-57.3717041015625,81.1406478881836,.,.
35.72164535522461,11.254487991333008,identifier,get_or_create
-97.98178100585938,-2.072571039199829,(,(
48.7598991394043,38.65538024902344,identifier,name
69.15200805664062,42.97854995727539,identifier,user
-67.44998931884766,92.49000549316406,.,.
44.05793762207031,28.946748733520508,identifier,username
-94.00508117675781,-47.982059478759766,",",","
11.77432918548584,2.0183165073394775,identifier,project
11.830267906188965,1.9420578479766846,identifier,project
-94.08423614501953,-47.37028121948242,",",","
6.048698902130127,6.106886863708496,identifier,sequence
46.39107894897461,22.47783088684082,identifier,rndseq
-94.4117431640625,-46.776344299316406,",",","
28.537002563476562,18.770790100097656,identifier,defaults
15.578575134277344,32.508853912353516,"""",'description'
-31.356382369995117,-39.88102722167969,:,:
12.161064147949219,28.974788665771484,"""",'rnd shot for user %s'
69.14830017089844,42.99557876586914,identifier,user
-68.44303131103516,92.0724105834961,.,.
43.9866828918457,29.09880256652832,identifier,username
54.75059509277344,-135.46136474609375,),)
6.39064884185791,-107.06696319580078,for,for
49.1993408203125,79.704345703125,identifier,t
68.65949249267578,47.57123565673828,identifier,shot
-74.22039031982422,84.03243255615234,.,.
9.065726280212402,25.704214096069336,identifier,tasks
-66.76895904541016,80.7153091430664,.,.
-13.698761940002441,2.187361717224121,identifier,all
-103.97718811035156,42.699893951416016,(,(
66.21461486816406,-145.09854125976562,),)
-53.741397857666016,-161.855712890625,:,:
44.24184799194336,79.83891296386719,identifier,t
-79.97782897949219,92.87593078613281,.,.
20.667476654052734,48.04862976074219,identifier,users
-57.5268440246582,53.76981735229492,.,.
-56.12337112426758,47.042144775390625,identifier,add
-74.54833984375,3.6488823890686035,(,(
20.9863224029541,47.9043083190918,identifier,user
67.30110168457031,-128.77505493164062,),)
44.12386703491211,80.06514739990234,identifier,t
-73.65030670166016,71.14679718017578,.,.
-5.944023132324219,46.16598892211914,identifier,full_clean
-96.2585678100586,40.651145935058594,(,(
70.91492462158203,-125.31538391113281,),)
44.050209045410156,80.19994354248047,identifier,t
-74.38313293457031,70.96016693115234,.,.
-14.70534610748291,50.2850456237793,identifier,save
-95.31976318359375,40.41163635253906,(,(
83.85130310058594,-123.5125961303711,),)
-235.20938110351562,-17.815473556518555,def,def
101.2173080444336,-5.816768169403076,identifier,get_callbacks
-169.10240173339844,16.188159942626953,(,(
-26.68988800048828,177.81866455078125,identifier,self
-114.56283569335938,-82.01557922363281,",",","
92.48003387451172,-20.500900268554688,identifier,node
45.266963958740234,-199.82186889648438,),)
-85.09857177734375,-165.1962127685547,:,:
75.20455169677734,5.117602348327637,identifier,klass
92.50493621826172,-20.537824630737305,identifier,node
-50.28330993652344,106.9108657836914,.,.
97.60679626464844,29.625276565551758,identifier,__class__
68.49114990234375,5.175099849700928,identifier,methods
21.720558166503906,177.69082641601562,identifier,self
-62.442108154296875,113.8407974243164,.,.
86.39970397949219,8.867525100708008,identifier,_cache
-46.73421859741211,86.76602172851562,.,.
-33.76364517211914,37.1611442565918,identifier,get
-107.9752426147461,19.63650131225586,(,(
61.02371597290039,13.46268367767334,identifier,klass
42.01736068725586,-160.15089416503906,),)
-9.191132545471191,-90.07887268066406,if,if
68.2372055053711,5.213522434234619,identifier,methods
-64.74861145019531,-148.86111450195312,:,:
60.682044982910156,7.956122398376465,identifier,handler
22.417110443115234,173.60986328125,identifier,self
-61.830284118652344,104.62039184570312,.,.
60.531185150146484,7.8813910484313965,identifier,handler
14.556396484375,-9.097419738769531,identifier,kid
61.213951110839844,13.862820625305176,identifier,klass
-49.265167236328125,107.80520629882812,.,.
96.90179443359375,30.455900192260742,identifier,__name__
-42.69750213623047,80.28378295898438,.,.
17.31566047668457,-25.39318084716797,identifier,lower
-109.9431381225586,39.52469253540039,(,(
46.887088775634766,-156.89108276367188,),)
59.02040100097656,44.52273941040039,identifier,e_method
4.03631591796875,-22.825284957885742,identifier,getattr
-102.67064666748047,2.2823610305786133,(,(
76.312744140625,51.71851348876953,identifier,handler
-48.27604675292969,-60.027435302734375,",",","
28.91432762145996,5.751368999481201,"""","""visit_%s"""
14.013639450073242,-8.53396987915039,identifier,kid
-70.3735580444336,-61.392112731933594,",",","
3.162738561630249,-22.82340431213379,identifier,getattr
-102.21691131591797,1.792600393295288,(,(
76.26905822753906,51.93545150756836,identifier,handler
-47.866310119628906,-59.5539436340332,",",","
26.04610824584961,10.574016571044922,"""","""visit_default"""
-62.152774810791016,-63.824256896972656,",",","
66.92156219482422,-161.1942596435547,),)
51.4449348449707,-142.6563720703125,),)
50.838497161865234,51.472442626953125,identifier,l_method
2.9807722568511963,-22.398040771484375,identifier,getattr
-101.26991271972656,1.2583997249603271,(,(
76.22563171386719,52.18965148925781,identifier,handler
-48.2089958190918,-59.03696060180664,",",","
13.190461158752441,29.572341918945312,"""","""leave_%s"""
13.902397155761719,-8.428336143493652,identifier,kid
-69.94294738769531,-60.69622802734375,",",","
2.7246572971343994,-22.589319229125977,identifier,getattr
-101.61929321289062,1.3282805681228638,(,(
76.18792724609375,52.40385055541992,identifier,handler
-47.92434310913086,-59.0921745300293,",",","
12.291244506835938,31.876678466796875,"""","""leave_default"""
-61.87016677856445,-64.1649398803711,",",","
74.09963989257812,-156.71774291992188,),)
58.180686950683594,-135.8516845703125,),)
42.637638092041016,176.80557250976562,identifier,self
-84.54234313964844,97.38444519042969,.,.
-4.390678405761719,83.22379302978516,identifier,_cache
32.97542953491211,49.89400100708008,identifier,klass
-100.626220703125,-9.001947402954102,(,(
21.534791946411133,64.27938842773438,identifier,e_method
-72.4237060546875,-47.369285583496094,",",","
21.503358840942383,64.28955841064453,identifier,l_method
73.5860824584961,-136.7904052734375,),)
-12.810483932495117,-156.5029296875,else,else
-24.747953414916992,-159.2241668701172,:,:
20.170988082885742,74.60668182373047,identifier,e_method
-93.44445037841797,-67.03176879882812,",",","
19.011171340942383,74.43260955810547,identifier,l_method
14.578166961669922,62.378021240234375,identifier,methods
19.91754913330078,75.45343780517578,identifier,e_method
-69.38416290283203,-36.20884323120117,",",","
18.215778350830078,75.37628173828125,identifier,l_method
-242.27099609375,-16.242706298828125,def,def
95.33251953125,-4.911423683166504,identifier,canonicalize_observed_time_series_with_mask
-168.88229370117188,8.608933448791504,(,(
80.69884490966797,-7.5388593673706055,identifier,maybe_masked_observed_time_series
39.400699615478516,-193.98716735839844,),)
-83.13724517822266,-170.8405303955078,:,:
108.16429138183594,73.93170166015625,identifier,tf
-48.672767639160156,97.52951049804688,.,.
-4.358702659606934,17.67705535888672,identifier,compat
-48.70957946777344,97.41740417480469,.,.
52.44416427612305,-10.474172592163086,identifier,v1
-49.539669036865234,95.5487060546875,.,.
51.784420013427734,-2.581061363220215,identifier,name_scope
-96.39118957519531,21.526506423950195,(,(
46.4648551940918,-0.5502182841300964,"""",'canonicalize_observed_time_series_with_mask'
55.266727447509766,-162.55238342285156,),)
-61.27339172363281,-156.7330322265625,:,:
-8.642632484436035,-98.59074401855469,if,if
4.512752056121826,-25.958480834960938,identifier,hasattr
-119.05082702636719,3.7931530475616455,(,(
56.354618072509766,28.246206283569336,identifier,maybe_masked_observed_time_series
-48.91999053955078,-61.156524658203125,",",","
26.693063735961914,9.10756778717041,"""",'is_missing'
60.026580810546875,-158.9351348876953,),)
-56.04743194580078,-151.43133544921875,:,:
54.920230865478516,48.99824142456055,identifier,observed_time_series
-103.80226135253906,-8.376249313354492,(,(
41.55196762084961,42.22158432006836,identifier,maybe_masked_observed_time_series
-68.52635955810547,89.99923706054688,.,.
20.586322784423828,27.89969253540039,identifier,time_series
53.83415603637695,-140.62298583984375,),)
49.0396614074707,52.38018035888672,identifier,is_missing
41.47525405883789,42.61703109741211,identifier,maybe_masked_observed_time_series
-68.77705383300781,89.81945037841797,.,.
28.165447235107422,36.80561828613281,identifier,is_missing
-9.406789779663086,-153.91720581054688,else,else
-21.2071590423584,-155.16407775878906,:,:
45.847381591796875,53.7551383972168,identifier,observed_time_series
41.26198196411133,43.23372268676758,identifier,maybe_masked_observed_time_series
20.82016944885254,59.76537322998047,identifier,is_missing
22.60194206237793,72.58081817626953,identifier,observed_time_series
108.1773452758789,75.17176055908203,identifier,tf
-65.81342315673828,65.51213836669922,.,.
-11.333756446838379,57.46677017211914,identifier,convert_to_tensor
-80.7017593383789,-12.962784767150879,(,(
-12.231706619262695,70.31810760498047,identifier,value
18.90201759338379,70.09518432617188,identifier,observed_time_series
-90.08808135986328,-37.98493576049805,",",","
44.486026763916016,38.73530197143555,identifier,name
10.037337303161621,59.6349983215332,"""",'observed_time_series'
70.7793960571289,-128.7200469970703,),)
22.550140380859375,72.59954071044922,identifier,observed_time_series
-1.4866878986358643,55.23992919921875,identifier,_maybe_expand_trailing_dim
-82.67615509033203,-1.2902698516845703,(,(
18.633344650268555,70.35710144042969,identifier,observed_time_series
66.5715103149414,-138.9484405517578,),)
-6.38002872467041,-111.96592712402344,if,if
9.383345603942871,76.69799041748047,identifier,is_missing
-43.691871643066406,-164.3741455078125,:,:
9.135607719421387,77.53545379638672,identifier,is_missing
107.8613052368164,76.40560913085938,identifier,tf
-64.68245697021484,65.49156188964844,.,.
-10.75505542755127,58.15458297729492,identifier,convert_to_tensor
-82.99755096435547,-11.054234504699707,(,(
-12.297532081604004,70.59784698486328,identifier,value
9.151748657226562,77.64983367919922,identifier,is_missing
-90.30876922607422,-36.39645004272461,",",","
44.498085021972656,38.73388671875,identifier,name
8.389893531799316,38.662994384765625,"""",'is_missing'
-90.18197631835938,-36.379920959472656,",",","
0.6480986475944519,59.7877082824707,identifier,dtype_hint
107.54749298095703,76.41566467285156,identifier,tf
-61.63032150268555,65.27661895751953,.,.
-4.0344672203063965,33.83663558959961,identifier,bool
71.47442626953125,-132.89088439941406,),)
5.34130334854126,47.44390106201172,identifier,missing_values_util
-33.58381271362305,90.93355560302734,.,.
-7.832647800445557,52.08163833618164,identifier,MaskedTimeSeries
-75.24663543701172,-6.425829887390137,(,(
17.663633346557617,70.5513687133789,identifier,observed_time_series
-86.523193359375,-38.55150604248047,",",","
8.207422256469727,70.81698608398438,identifier,is_missing
8.33535099029541,70.88138580322266,identifier,is_missing
83.12854766845703,-128.51170349121094,),)
-239.91995239257812,-21.04723358154297,def,def
99.61811828613281,-3.735776424407959,identifier,from_b64
-169.056884765625,11.356324195861816,(,(
87.93521118164062,-22.714187622070312,identifier,path
-108.95487976074219,-83.34606170654297,",",","
87.62699127197266,-10.86284065246582,identifier,bcontent
-105.30946350097656,-82.57054138183594,",",","
81.01449584960938,-27.193920135498047,identifier,format
42.03178405761719,-198.1129913330078,),)
-85.68900299072266,-167.79327392578125,:,:
73.03575134277344,1.1583423614501953,identifier,decoders
41.08448791503906,-6.984873294830322,"""",'base64'
-26.960765838623047,-42.1545295715332,:,:
87.20801544189453,-23.091670989990234,identifier,path
-98.66897583007812,-74.22293853759766,",",","
69.07209777832031,16.99928855895996,identifier,bcontent
-46.99871063232422,-136.57192993164062,:,:
-107.86959838867188,-7.491359710693359,(,(
68.72254943847656,17.257753372192383,identifier,bcontent
-41.235313415527344,80.8013916015625,.,.
-20.97114372253418,32.053470611572266,identifier,decode
-98.23707580566406,25.05707550048828,(,(
35.70383071899414,-5.92454195022583,"""",'ascii'
61.524497985839844,-169.3848114013672,),)
-72.18933868408203,-71.05542755126953,",",","
40.61812973022461,-6.531189918518066,"""",'base64'
60.559635162353516,-166.8982696533203,),)
-88.06988525390625,-54.98744201660156,",",","
37.601749420166016,-1.3850206136703491,"""",'text'
-27.220523834228516,-43.817935943603516,:,:
36.881614685058594,9.132996559143066,identifier,_decode_text_from_base64
-88.27235412597656,-56.0126953125,",",","
-26.916690826416016,-44.195518493652344,:,:
36.5888671875,9.191798210144043,identifier,_decode_unknown_from_base64
-61.7709846496582,-86.95988464355469,",",","
-65.79280090332031,-170.63095092773438,:,:
27.704986572265625,79.07738494873047,identifier,content
-93.3340835571289,-70.67851257324219,",",","
51.4627685546875,49.73583221435547,identifier,real_format
18.834543228149414,14.141666412353516,identifier,decoders
81.0171127319336,-27.28026008605957,identifier,format
-94.74608612060547,3.7852048873901367,(,(
88.87855529785156,-24.010826110839844,identifier,path
-74.09503936767578,-58.099830627441406,",",","
37.68212127685547,40.41825485229492,identifier,bcontent
56.609378814697266,-146.0271453857422,),)
-5.523897647857666,23.659786224365234,identifier,HTTPError
-45.27326583862305,-152.27113342285156,:,:
-12.567813873291016,22.242101669311523,identifier,Exception
-17.116497039794922,17.484954833984375,identifier,e
-44.192222595214844,-153.40187072753906,:,:
-5.266934394836426,28.059249877929688,identifier,CorruptedFile
-82.15730285644531,11.81966495513916,(,(
-15.5713529586792,16.15416717529297,identifier,e
63.23982238769531,-132.9719696044922,),)
30.910587310791016,57.198909759521484,identifier,default_mimes
-6.492144584655762,35.54383850097656,"""",'text'
-36.36711120605469,-41.116275787353516,:,:
-7.958000183105469,34.85950469970703,"""",'text/plain'
-83.59761810302734,-48.05538558959961,",",","
-6.343607425689697,35.61456298828125,"""",'base64'
-36.33797836303711,-41.09759521484375,:,:
-8.116969108581543,34.810447692871094,"""",'application/octet-stream'
-60.44636154174805,-88.03608703613281,",",","
1.5153368711471558,72.03822326660156,identifier,mimetype
1.485328197479248,72.02334594726562,identifier,mimetypes
-65.7081069946289,68.42259216308594,.,.
-1.0569415092468262,51.51882553100586,identifier,guess_type
-80.85360717773438,0.2927101254463196,(,(
5.664597511291504,84.72977447509766,identifier,path
75.09659576416016,-147.66102600097656,),)
-4.7103400230407715,-54.65883255004883,or,or
11.295841217041016,65.3736572265625,identifier,default_mimes
12.459239959716797,66.9526596069336,identifier,real_format
27.59665298461914,79.07946014404297,identifier,content
-69.93080139160156,-36.619815826416016,",",","
17.096202850341797,76.20866394042969,identifier,real_format
-69.53121948242188,-35.65135192871094,",",","
15.897663116455078,76.70850372314453,identifier,mimetype
-234.62059020996094,-20.41552734375,def,def
99.9268798828125,-2.189832925796509,identifier,coef_norm
-167.64857482910156,18.499618530273438,(,(
-24.35822105407715,178.36434936523438,identifier,self
47.5019645690918,-198.53758239746094,),)
-87.63958740234375,-163.67098999023438,:,:
-5.317817687988281,-88.51171112060547,if,if
18.708242416381836,179.3841552734375,identifier,self
-63.909950256347656,115.47672271728516,.,.
84.28056335449219,9.470821380615234,identifier,_model_json
50.15542221069336,-9.923128128051758,"""","""output"""
49.41585922241211,-8.711311340332031,"""","""model_category"""
17.50298309326172,-60.773746490478516,==,==
45.73988723754883,-9.659403800964355,"""","""Multinomial"""
-65.19231414794922,-149.41184997558594,:,:
67.72293090820312,36.93783950805664,identifier,tbl
23.853042602539062,174.26025390625,identifier,self
-70.15520477294922,114.81603240966797,.,.
84.15545654296875,9.691027641296387,identifier,_model_json
50.38496017456055,-10.012969017028809,"""","""output"""
40.476165771484375,1.6455761194229126,"""","""standardized_coefficient_magnitudes"""
-13.204076766967773,-97.39290618896484,if,if
67.62544250488281,37.06462478637695,identifier,tbl
-55.11550521850586,-143.47457885742188,:,:
47.0046272277832,37.86820983886719,identifier,name
-33.32915496826172,-35.38067626953125,:,:
37.407344818115234,74.15542602539062,identifier,coef
22.18844223022461,-107.36521911621094,for,for
50.150352478027344,42.682159423828125,identifier,name
-96.64122772216797,-69.21073913574219,",",","
36.91931915283203,72.74540710449219,identifier,coef
-3.968099594116211,8.216806411743164,identifier,zip
-94.94170379638672,9.090330123901367,(,(
43.238502502441406,74.20472717285156,identifier,tbl
16.995580673217773,27.073932647705078,"""","""names"""
-68.2033920288086,-58.182647705078125,",",","
43.238956451416016,74.18843841552734,identifier,tbl
18.283782958984375,27.896142959594727,"""","""coefficients"""
67.37926483154297,-158.590087890625,),)
-11.374272346496582,-153.6823272705078,else,else
-23.779293060302734,-155.05154418945312,:,:
40.56392288208008,72.15000915527344,identifier,tbl
40.759334564208984,170.94180297851562,identifier,self
-84.51358032226562,102.19425201416016,.,.
17.27263641357422,41.58221435546875,identifier,_model_json
11.604157447814941,37.791038513183594,"""","""output"""
10.099629402160645,39.031673431396484,"""","""coefficients_table"""
-11.701932907104492,-113.1755599975586,if,if
40.54836654663086,72.19759368896484,identifier,tbl
-41.934112548828125,-156.1128387451172,:,:
46.915321350097656,37.7827262878418,identifier,name
-33.56425476074219,-35.590538024902344,:,:
37.39377212524414,74.2081527709961,identifier,coef
24.02887725830078,-103.86737823486328,for,for
50.053367614746094,42.793983459472656,identifier,name
-95.61021423339844,-67.2208023071289,",",","
36.82761764526367,72.69940948486328,identifier,coef
-4.205831050872803,8.442798614501953,identifier,zip
-80.00140380859375,3.2374095916748047,(,(
42.077232360839844,75.36013793945312,identifier,tbl
8.274163246154785,56.88190460205078,"""","""names"""
-69.38450622558594,-51.47511672973633,",",","
42.03288650512695,75.3887939453125,identifier,tbl
8.037591934204102,58.46453857421875,"""","""standardized_coefficients"""
81.98257446289062,-146.35816955566406,),)
-242.15615844726562,-21.212034225463867,def,def
105.90538024902344,-7.358641147613525,identifier,dump
-174.37229919433594,12.132159233093262,(,(
86.31196594238281,-20.391695022583008,identifier,filename
-107.61617279052734,-86.25304412841797,",",","
84.0165786743164,-14.183341026306152,identifier,dbname
-107.30491638183594,-90.78858184814453,",",","
79.40788269042969,-17.861289978027344,identifier,username
-103.15016174316406,-93.43183898925781,",",","
86.19766998291016,-29.2618408203125,identifier,password
-102.3742446899414,-94.3068618774414,",",","
75.84808349609375,-4.960569381713867,identifier,host
-101.48011016845703,-94.78150939941406,",",","
75.603759765625,-5.155367851257324,identifier,port
-99.83306121826172,-95.08294677734375,",",","
57.07059860229492,-17.3760986328125,identifier,tempdir
43.46232604980469,-13.13033390045166,"""",'/tmp'
-98.9122314453125,-94.48831939697266,",",","
70.93794250488281,-1.399450659751892,identifier,mysqldump_path
42.03695297241211,-4.275050163269043,"""",'mysqldump'
34.99539566040039,-197.26156616210938,),)
-89.7106704711914,-173.66845703125,:,:
73.49748229980469,3.824678659439087,identifier,filepath
89.24484252929688,77.57909393310547,identifier,os
-53.7381706237793,68.42996215820312,.,.
24.474090576171875,-12.834903717041016,identifier,path
-52.847293853759766,67.37370300292969,.,.
-36.60912322998047,14.022911071777344,identifier,join
-108.49444580078125,8.17829418182373,(,(
56.164649963378906,-17.46417236328125,identifier,tempdir
-74.10560607910156,-67.13532257080078,",",","
53.87288284301758,32.423805236816406,identifier,filename
45.582210540771484,-152.5911407470703,),)
56.525543212890625,86.45567321777344,identifier,cmd
48.29526901245117,20.127153396606445,identifier,mysqldump_path
56.08443832397461,86.72236633300781,identifier,cmd
26.86846351623535,7.489617824554443,"""",' --result-file='
-16.644460678100586,-27.397850036621094,+,+
89.15721893310547,78.17583465576172,identifier,os
-55.009864807128906,67.3750228881836,.,.
23.78005027770996,-12.365558624267578,identifier,path
-53.39111328125,66.70964813232422,.,.
-36.6549072265625,13.797101020812988,identifier,join
-104.46650695800781,3.881465196609497,(,(
56.11713790893555,-17.645652770996094,identifier,tempdir
-73.84805297851562,-66.62920379638672,",",","
53.486637115478516,32.498619079589844,identifier,filename
54.080299377441406,-145.70913696289062,),)
-13.566564559936523,-105.22547912597656,if,if
43.5179557800293,30.011960983276367,identifier,username
-50.76791763305664,-152.06678771972656,:,:
55.51601028442383,87.03272247314453,identifier,cmd
12.998973846435547,28.804292678833008,"""",' --user=%s'
43.583717346191406,29.88593864440918,identifier,username
-14.032686233520508,-109.40631866455078,if,if
17.424606323242188,37.664276123046875,identifier,host
-47.49681091308594,-154.5277557373047,:,:
54.96123123168945,87.33837127685547,identifier,cmd
8.117239952087402,36.18251037597656,"""",' --host=%s'
17.42928695678711,37.639869689941406,identifier,host
-13.804364204406738,-110.52875518798828,if,if
16.884592056274414,39.127586364746094,identifier,port
-47.889286041259766,-160.16366577148438,:,:
54.515201568603516,87.57293701171875,identifier,cmd
7.818146228790283,37.094383239746094,"""",' --port=%s'
16.855762481689453,39.20453643798828,identifier,port
-13.552802085876465,-111.73703002929688,if,if
18.196298599243164,50.302940368652344,identifier,password
-47.36260223388672,-160.779541015625,:,:
54.109615325927734,87.77899169921875,identifier,cmd
3.718182325363159,47.96808624267578,"""",' --password=%s'
18.22943878173828,50.46456527709961,identifier,password
53.79397201538086,87.93441772460938,identifier,cmd
-12.336641311645508,42.083961486816406,"""",' '
-18.689311981201172,-17.440860748291016,+,+
15.989147186279297,63.66993713378906,identifier,dbname
-7.4843339920043945,55.262325286865234,identifier,sh
-73.03858947753906,-4.960958003997803,(,(
14.768350601196289,83.03374481201172,identifier,cmd
84.52342987060547,-126.36080932617188,),)
-233.4046630859375,-22.72901725769043,def,def
105.3458480834961,-1.661492943763733,identifier,batches
-164.5411376953125,17.31813621520996,(,(
110.60191345214844,17.64912986755371,identifier,dataset
50.56964111328125,-199.66262817382812,),)
-82.55258178710938,-162.06825256347656,:,:
75.75789642333984,6.4598069190979,identifier,seq_lengths
110.85730743408203,18.046384811401367,identifier,dataset
-55.514320373535156,105.68766021728516,.,.
87.79139709472656,65.9368667602539,identifier,variables
48.80729675292969,-9.905919075012207,"""",'seqLengths'
-53.78950881958008,103.35675048828125,.,.
81.50762939453125,64.1604995727539,identifier,data
72.64855194091797,7.597057819366455,identifier,seq_begins
99.40777587890625,77.40840148925781,identifier,np
-54.684696197509766,72.00737762451172,.,.
34.432960510253906,-8.813667297363281,identifier,concatenate
-97.04784393310547,17.280916213989258,(,(
-107.98133087158203,-7.483453273773193,(,(
-74.00849151611328,-69.63626861572266,",",","
100.24449157714844,77.51931762695312,identifier,np
-54.18328857421875,70.94303894042969,.,.
44.243804931640625,0.5460600256919861,identifier,cumsum
-110.65876007080078,10.88703727722168,(,(
59.15711975097656,18.19330596923828,identifier,seq_lengths
62.425743103027344,-170.05718994140625,),)
-4.6834797859191895,-4.475382328033447,:,:
-9.941752433776855,-6.925960540771484,-,-
61.39581298828125,-165.27635192871094,),)
40.71550750732422,-151.5176544189453,),)
-236.40440368652344,-26.249914169311523,def,def
41.20351791381836,17.81123161315918,identifier,sample
-164.5137939453125,21.336048126220703,(,(
49.14585876464844,-191.94444274902344,),)
-77.49752807617188,-163.48789978027344,:,:
53.32176971435547,43.0166015625,identifier,chosen
100.5674057006836,78.8040771484375,identifier,np
-57.50799560546875,71.5293197631836,.,.
25.268705368041992,0.29491207003593445,identifier,random
-57.699546813964844,72.27455139160156,.,.
25.26662254333496,0.29691168665885925,identifier,choice
-96.40101623535156,12.003800392150879,(,(
1.593167781829834,-9.865290641784668,identifier,list
-97.05387878417969,11.558030128479004,(,(
9.216355323791504,-7.397636413574219,identifier,range
-97.61068725585938,11.442150115966797,(,(
-27.438840866088867,-8.62441349029541,identifier,len
-117.05634307861328,9.386747360229492,(,(
54.8092155456543,23.285512924194336,identifier,seq_lengths
70.32115173339844,-162.43275451660156,),)
69.16099548339844,-160.98204040527344,),)
69.1600341796875,-160.39401245117188,),)
-69.84672546386719,-58.91682052612305,",",","
22.304481506347656,18.83702278137207,identifier,BATCH_SIZE
-96.53551483154297,-45.85745620727539,",",","
69.74835968017578,-12.818793296813965,identifier,replace
52.431129455566406,-140.0876007080078,),)
11.296614646911621,22.69805145263672,identifier,batch_at
-88.04037475585938,2.508391857147217,(,(
111.39258575439453,18.763195037841797,identifier,dataset
-74.75947570800781,89.55169677734375,.,.
87.59038543701172,66.10374450683594,identifier,variables
11.174991607666016,37.75178146362305,"""",'inputs'
-71.18180084228516,84.77556610107422,.,.
80.4351806640625,66.87596130371094,identifier,data
-76.63838958740234,-49.08881759643555,",",","
111.41548919677734,18.79204750061035,identifier,dataset
-74.86302185058594,89.56924438476562,.,.
87.56147003173828,66.12653350830078,identifier,variables
10.916566848754883,37.976234436035156,"""",'targetClasses'
-71.20703125,84.71984100341797,.,.
80.44353485107422,66.90290069580078,identifier,data
-76.82481384277344,-48.27580261230469,",",","
23.607980728149414,59.97196960449219,identifier,seq_begins
22.18137550354004,57.36685562133789,identifier,chosen
-76.24787139892578,-47.50532150268555,",",","
23.588462829589844,60.22687911987305,identifier,seq_lengths
22.1555118560791,57.37606430053711,identifier,chosen
76.54765319824219,-130.3511962890625,),)
17.266582489013672,81.97606658935547,identifier,sample
-235.45468139648438,-15.928003311157227,def,def
97.98339080810547,-2.1832733154296875,identifier,getPhysicalInterface
-171.04794311523438,15.466745376586914,(,(
-27.470905303955078,179.36367797851562,identifier,self
-112.35575103759766,-85.32108306884766,",",","
84.21408081054688,-13.416912078857422,identifier,physicalInterfaceId
-108.2640609741211,-95.13034057617188,",",","
72.71945190429688,-17.725509643554688,identifier,draft
40.793670654296875,-198.52931213378906,),)
-87.87171936035156,-167.31539916992188,:,:
-7.983852863311768,-85.41485595703125,if,if
72.66650390625,-17.764554977416992,identifier,draft
-66.94992065429688,-144.2303009033203,:,:
79.10591125488281,11.90261459350586,identifier,req
47.53567123413086,8.02303409576416,identifier,ApiClient
-47.22980880737305,93.7108383178711,.,.
53.16582489013672,-4.4889607429504395,identifier,onePhysicalInterfaceUrl
-108.73818969726562,-4.936269760131836,(,(
19.843460083007812,173.67071533203125,identifier,self
-59.9310417175293,105.16130065917969,.,.
30.70967674255371,-8.779232025146484,identifier,host
-72.22134399414062,-71.5485610961914,",",","
44.082786560058594,-8.342135429382324,"""","""/draft"""
-74.7655258178711,-72.18610382080078,",",","
57.85688400268555,11.010997772216797,identifier,physicalInterfaceId
40.10228729248047,-155.98802185058594,),)
-7.143136024475098,-150.71148681640625,else,else
-23.58670425415039,-150.83895874023438,:,:
79.13491821289062,11.918804168701172,identifier,req
47.513004302978516,8.032129287719727,identifier,ApiClient
-47.16657638549805,93.77337646484375,.,.
53.11022186279297,-4.470240116119385,identifier,onePhysicalInterfaceUrl
-108.56304931640625,-4.94493293762207,(,(
25.654726028442383,166.7470245361328,identifier,self
-64.4524154663086,103.11703491210938,.,.
30.588041305541992,-8.698468208312988,identifier,host
-71.54600524902344,-66.4661865234375,",",","
38.46672439575195,-27.578075408935547,"""",""""""
-75.13494110107422,-65.44977569580078,",",","
57.694740295410156,10.983936309814453,identifier,physicalInterfaceId
47.36310958862305,-149.35545349121094,),)
55.454185485839844,54.52389144897461,identifier,resp
109.47956848144531,0.05432004854083061,identifier,requests
-58.64082336425781,78.67838287353516,.,.
-31.115163803100586,36.86825180053711,identifier,get
-99.65721130371094,9.181767463684082,(,(
48.09994888305664,21.70029067993164,identifier,req
-95.91312408447266,-47.64823913574219,",",","
22.06175422668457,1.3527711629867554,identifier,auth
31.942426681518555,166.5850830078125,identifier,self
-70.0016860961914,100.00104522705078,.,.
20.31995964050293,9.834819793701172,identifier,credentials
-94.7272720336914,-46.83879089355469,",",","
13.889836311340332,13.156691551208496,identifier,verify
33.385108947753906,166.4396514892578,identifier,self
-70.71681213378906,99.27481079101562,.,.
13.891695022583008,13.166929244995117,identifier,verify
52.875980377197266,-145.04275512695312,),)
-9.750487327575684,-106.65008544921875,if,if
33.68455505371094,82.96124267578125,identifier,resp
-72.28900146484375,86.72723388671875,.,.
16.728389739990234,53.239952087402344,identifier,status_code
19.931791305541992,-56.996952056884766,==,==
-48.870670318603516,-153.35528564453125,:,:
38.11589431762695,174.0560760498047,identifier,self
-84.50708770751953,104.97732543945312,.,.
-7.9957475662231445,94.76612091064453,identifier,logger
-70.0470199584961,43.130821228027344,.,.
-59.43617248535156,30.435312271118164,identifier,debug
-81.8578109741211,18.46072769165039,(,(
10.605033874511719,31.209686279296875,"""","""physical interface retrieved"""
59.246490478515625,-131.6717071533203,),)
-9.443147659301758,-156.67318725585938,else,else
-22.059371948242188,-157.9249267578125,:,:
0.54509037733078,29.389663696289062,identifier,ibmiotf
-35.18524169921875,92.42725372314453,.,.
-6.687273025512695,28.600746154785156,identifier,APIException
-80.9389419555664,11.414264678955078,(,(
33.40534210205078,83.03012084960938,identifier,resp
-73.12776947021484,86.2389907836914,.,.
16.738161087036133,53.33981704711914,identifier,status_code
-63.63101577758789,-42.32295608520508,",",","
4.421728134155273,42.79853439331055,"""","""HTTP error getting a physical interface"""
-65.11077117919922,-49.5751838684082,",",","
32.87879180908203,83.16947937011719,identifier,resp
73.41053771972656,-131.21133422851562,),)
32.67570495605469,83.31104278564453,identifier,resp
-73.5389175415039,68.42320251464844,.,.
-12.04563045501709,61.86578369140625,identifier,json
-97.30786895751953,42.10507583618164,(,(
81.9992904663086,-124.07103729248047,),)
-238.404052734375,-21.58967399597168,def,def
104.77928924560547,-7.880011558532715,identifier,_dumps
-167.45863342285156,12.475711822509766,(,(
92.37026977539062,-16.13361358642578,identifier,obj
-110.10456848144531,-81.17916870117188,",",","
75.62528228759766,-28.837329864501953,identifier,level
45.494178771972656,-200.7270965576172,),)
-84.98474884033203,-163.4017333984375,:,:
81.64973449707031,18.635173797607422,identifier,lines
79.17347717285156,8.549575805664062,identifier,indent
39.85228729248047,-11.489182472229004,"""",'\t'
75.63188934326172,-28.91297721862793,identifier,level
9.015501976013184,-102.15436553955078,for,for
69.90729522705078,14.966205596923828,identifier,key
-97.55824279785156,-72.16012573242188,",",","
71.75731658935547,14.422601699829102,identifier,value
92.39823150634766,-16.06782341003418,identifier,obj
-47.60689926147461,81.75564575195312,.,.
-23.171890258789062,69.48554229736328,identifier,items
-108.82747650146484,40.99557113647461,(,(
50.547584533691406,-165.38291931152344,),)
-63.31515884399414,-161.3455810546875,:,:
-7.381650447845459,-94.20822143554688,if,if
6.2155351638793945,-31.300329208374023,identifier,isinstance
-119.44966125488281,5.625360488891602,(,(
69.54055786132812,24.865234375,identifier,value
-44.321144104003906,-66.74671173095703,",",","
46.255802154541016,-24.461315155029297,identifier,dict
56.02943420410156,-165.36447143554688,),)
-63.24063491821289,-150.07615661621094,:,:
79.92434692382812,23.388776779174805,identifier,line
44.07536315917969,24.397666931152344,identifier,indent
-14.967743873596191,-24.701047897338867,+,+
37.81703186035156,-3.465075731277466,"""","'""{}""\n'"
-48.279964447021484,-8.057467460632324,.,.
-44.246944427490234,-5.716982364654541,identifier,format
-106.71033477783203,1.066522240638733,(,(
63.35396957397461,29.722759246826172,identifier,key
62.093597412109375,-162.99652099609375,),)
-13.862372398376465,-24.282522201538086,+,+
43.956031799316406,24.540470123291016,identifier,indent
-15.134955406188965,-24.39932632446289,+,+
25.76459312438965,3.2532808780670166,"""",'{'
65.86735534667969,53.568328857421875,identifier,lines
-51.9050407409668,54.118526458740234,.,.
-50.23297119140625,48.53031539916992,identifier,append
-90.42378234863281,14.704228401184082,(,(
80.09713745117188,23.505590438842773,identifier,line
46.383750915527344,-146.14996337890625,),)
66.06929779052734,53.58224868774414,identifier,lines
-52.70744705200195,54.10598373413086,.,.
-46.10767364501953,44.951881408691406,identifier,extend
-91.23273468017578,12.682039260864258,(,(
30.001914978027344,13.917263984680176,identifier,_dumps
-95.304443359375,4.628931999206543,(,(
43.36406326293945,46.56690979003906,identifier,value
-74.32552337646484,-59.930423736572266,",",","
75.62801361083984,-28.90606689453125,identifier,level
-11.205403327941895,-18.400278091430664,+,+
67.63825988769531,-160.63323974609375,),)
50.11943054199219,-141.58065795898438,),)
66.35315704345703,53.683876037597656,identifier,lines
-53.64263916015625,54.533042907714844,.,.
-50.7459831237793,47.85261154174805,identifier,append
-89.52133178710938,13.72726821899414,(,(
43.503482818603516,25.090917587280273,identifier,indent
-16.906604766845703,-22.842723846435547,+,+
24.903112411499023,3.5615055561065674,"""",'}'
57.78129959106445,-144.63648986816406,),)
-11.669302940368652,-154.27117919921875,else,else
-23.301485061645508,-155.7486114501953,:,:
66.76981353759766,53.802337646484375,identifier,lines
-55.255550384521484,53.77159118652344,.,.
-52.3470344543457,46.85514831542969,identifier,append
-76.90592193603516,7.263208866119385,(,(
43.43480682373047,25.179248809814453,identifier,indent
-17.77223777770996,-22.065359115600586,+,+
6.843960762023926,36.63908386230469,"""","'""{}""'"
-50.3488883972168,-4.545136451721191,.,.
-45.7191276550293,-2.715820789337158,identifier,format
-68.1383056640625,3.4799835681915283,(,(
46.20327377319336,34.102413177490234,identifier,key
73.08358764648438,-151.2729034423828,),)
-18.11640167236328,-21.5750732421875,+,+
-10.895357131958008,39.93241882324219,"""",'\t\t'
-18.70592498779297,-21.193843841552734,+,+
6.873015403747559,37.38539505004883,"""","'""{}""'"
-49.8288459777832,-4.119166374206543,.,.
-46.24489212036133,-2.571781635284424,identifier,format
-68.13925170898438,3.010234832763672,(,(
34.84064483642578,67.08849334716797,identifier,value
79.73419952392578,-153.013916015625,),)
76.188720703125,-132.1746826171875,),)
20.194091796875,82.89189910888672,identifier,lines
-242.19261169433594,-18.02848243713379,def,def
97.2862777709961,-8.639861106872559,identifier,__get_or_create
-170.92437744140625,9.277721405029297,(,(
86.3713150024414,-9.39244270324707,identifier,ns_cache
-95.31713104248047,-157.52700805664062,:,:
93.34339904785156,-2.8628296852111816,identifier,NamespaceMap
-102.80225372314453,-90.52385711669922,",",","
78.4888687133789,-20.57253074645996,identifier,name
-94.67717742919922,-158.44015502929688,:,:
94.0631332397461,18.30318832397461,identifier,sym
-39.952537536621094,96.72844696044922,.,.
94.11275482177734,20.11329460144043,identifier,Symbol
-100.65402221679688,-91.84130859375,",",","
69.73219299316406,-8.090497016906738,identifier,module
-94.84500122070312,-159.31446838378906,:,:
-0.49553534388542175,23.32951545715332,identifier,types
-40.30406188964844,96.35465240478516,.,.
53.742244720458984,-14.121346473693848,identifier,ModuleType
-99.17507934570312,-93.65016174316406,",",","
71.35102844238281,-1.777038812637329,identifier,core_ns_name
55.041873931884766,-10.270919799804688,identifier,CORE_NS
-62.25272750854492,-87.94348907470703,",",","
34.50071334838867,-199.1477813720703,),)
51.61135482788086,-18.831661224365234,identifier,lmap
-40.16992950439453,95.77886199951172,.,.
51.54914093017578,-19.76352882385254,identifier,Map
-88.51073455810547,-175.24057006835938,:,:
66.41724395751953,39.61579895019531,identifier,ns
58.7421989440918,21.653783798217773,identifier,ns_cache
-54.33970642089844,85.1346664428711,.,.
42.25115203857422,12.469695091247559,identifier,entry
-106.03273010253906,10.98264217376709,(,(
50.704734802246094,36.11787796020508,identifier,name
-70.9752197265625,-66.55149841308594,",",","
46.589744567871094,-153.4365234375,),)
-12.83832836151123,-97.26781463623047,if,if
66.467529296875,39.56804656982422,identifier,ns
-55.202415466308594,-143.62440490722656,:,:
49.89044189453125,20.347631454467773,identifier,ns_cache
57.20792770385742,48.08605194091797,identifier,new_ns
23.148027420043945,6.2602081298828125,identifier,Namespace
-97.82252502441406,1.1193325519561768,(,(
50.46879959106445,36.430938720703125,identifier,name
-95.43131256103516,-46.807151794433594,",",","
13.641942024230957,3.8450214862823486,identifier,module
13.665472984313965,3.854628562927246,identifier,module
53.20219421386719,-145.98297119140625,),)
-10.558832168579102,-104.56858825683594,if,if
50.5522346496582,38.509849548339844,identifier,name
-69.95146942138672,87.96682739257812,.,.
49.012176513671875,40.215110778808594,identifier,name
18.473526000976562,-49.868675231933594,!=,!=
34.47357940673828,38.54123306274414,identifier,core_ns_name
-51.24586486816406,-154.24501037597656,:,:
48.255218505859375,53.55142593383789,identifier,core_ns
30.984554290771484,43.12921142578125,identifier,ns_cache
-64.68846130371094,78.20207214355469,.,.
42.228004455566406,12.52105712890625,identifier,entry
-89.44161224365234,3.1901042461395264,(,(
94.04301452636719,18.36528778076172,identifier,sym
-69.03010559082031,81.29256439208984,.,.
93.84129333496094,19.62160301208496,identifier,symbol
-89.47147369384766,1.7741987705230713,(,(
33.74095916748047,39.08436584472656,identifier,core_ns_name
72.91080474853516,-155.51976013183594,),)
-65.54096221923828,-57.194480895996094,",",","
62.76141357421875,-136.80029296875,),)
24.517393112182617,65.15550231933594,identifier,core_ns
-62.38238525390625,-41.430824279785156,",",","
3.7665534019470215,42.03415298461914,"""","""Core namespace not loaded yet!"""
26.532520294189453,70.0481948852539,identifier,new_ns
-70.99293518066406,72.45024871826172,.,.
-2.2335212230682373,49.92634201049805,identifier,refer_all
-75.77156829833984,0.9654715061187744,(,(
23.72150421142578,64.78777313232422,identifier,core_ns
74.76644134521484,-128.20497131347656,),)
18.04947280883789,72.20028686523438,identifier,ns_cache
-70.24231719970703,70.09310913085938,.,.
-2.554165840148926,51.57085418701172,identifier,assoc
-76.634521484375,-2.6119022369384766,(,(
37.111080169677734,62.620296478271484,identifier,name
-70.6110610961914,-43.413917541503906,",",","
14.648393630981445,70.13908386230469,identifier,new_ns
84.07093048095703,-127.22594451904297,),)
-236.25987243652344,-17.728553771972656,def,def
99.60950469970703,-8.204318046569824,identifier,_unregister_engine
-168.1954345703125,15.793365478515625,(,(
-26.111366271972656,177.6722869873047,identifier,self
-112.62517547607422,-83.04267120361328,",",","
82.51209259033203,-14.095041275024414,identifier,uid
44.21708679199219,-198.5452880859375,),)
-87.8396987915039,-165.5402374267578,:,:
-6.869265079498291,-85.82288360595703,if,if
-29.602272033691406,-10.233869552612305,identifier,len
-119.2385482788086,11.917491912841797,(,(
17.415159225463867,178.66909790039062,identifier,self
-61.918739318847656,109.09735107421875,.,.
59.583641052246094,-6.409825801849365,identifier,targets
66.04764556884766,-173.24476623535156,),)
19.387954711914062,-61.68532943725586,==,==
-64.23284912109375,-140.81224060058594,:,:
23.284889221191406,178.9048614501953,identifier,self
-59.69105529785156,110.031005859375,.,.
54.630802154541016,-1.3086957931518555,identifier,engine_stream
-50.494232177734375,87.81281280517578,.,.
99.06385040283203,3.356066942214966,identifier,flush
-113.26394653320312,35.214542388916016,(,(
43.88597869873047,-162.50575256347656,),)
70.09146118164062,7.309113025665283,identifier,idx
21.951780319213867,172.76927185058594,identifier,self
-63.8727912902832,107.55574035644531,.,.
59.390296936035156,-6.297022342681885,identifier,targets
-44.89469909667969,86.1539535522461,.,.
48.65128707885742,-2.811272144317627,identifier,index
-106.06633758544922,19.0158634185791,(,(
57.98096466064453,12.365574836730957,identifier,uid
42.28181076049805,-156.41726684570312,),)
28.672773361206055,178.83265686035156,identifier,self
-64.79751586914062,107.77326965332031,.,.
59.290611267089844,-6.239573001861572,identifier,targets
-43.42463684082031,86.8353271484375,.,.
-32.21102523803711,27.964752197265625,identifier,pop
-104.9833984375,19.535825729370117,(,(
34.4731559753418,-12.075289726257324,identifier,idx
43.275177001953125,-150.41815185546875,),)
29.246912002563477,177.49000549316406,identifier,self
-65.1733627319336,107.62918090820312,.,.
39.415191650390625,4.298239231109619,identifier,loads
-43.27252197265625,86.89928436279297,.,.
-32.23805236816406,28.12107276916504,identifier,pop
-104.73592376708984,19.586448669433594,(,(
34.462799072265625,-12.074542045593262,identifier,idx
47.51689529418945,-151.65310668945312,),)
-9.962132453918457,-100.46902465820312,if,if
30.240814208984375,170.41653442382812,identifier,self
-70.99845123291016,104.43687438964844,.,.
26.52301025390625,15.56215763092041,identifier,pending
47.06001663208008,29.994047164916992,identifier,uid
-55.55953598022461,-152.90602111816406,:,:
56.78493118286133,64.6345443725586,identifier,dc
12.611008644104004,15.669977188110352,identifier,ioloop
-36.906883239746094,92.4177017211914,.,.
28.141260147094727,15.176534652709961,identifier,DelayedCallback
-92.68177795410156,9.098429679870605,(,(
-45.71923065185547,-137.59828186035156,:,:
35.19409942626953,171.11265563964844,identifier,self
-79.4317626953125,106.87655639648438,.,.
15.71693229675293,20.00623321533203,identifier,handle_stranded_tasks
-94.16548919677734,2.343520402908325,(,(
46.87483596801758,30.098459243774414,identifier,uid
71.51969146728516,-156.84974670410156,),)
-70.3914794921875,-58.414466857910156,",",","
-70.94884490966797,-58.19927215576172,",",","
38.43986892700195,167.8297576904297,identifier,self
-72.35901641845703,98.08756256103516,.,.
11.948822975158691,15.995720863342285,identifier,loop
55.81084060668945,-137.5614013671875,),)
56.7724609375,64.66414642333984,identifier,dc
-68.3864974975586,77.04045104980469,.,.
5.64350700378418,22.17221450805664,identifier,start
-99.7192611694336,39.124725341796875,(,(
64.23920440673828,-142.00628662109375,),)
-11.085200309753418,-155.77696228027344,else,else
-23.88581085205078,-157.36160278320312,:,:
43.1390266418457,175.11346435546875,identifier,self
-85.48062133789062,93.8881607055664,.,.
-13.484301567077637,45.306217193603516,identifier,completed
-60.847450256347656,57.77949905395508,.,.
-32.27983856201172,29.37621307373047,identifier,pop
-71.59607696533203,4.574717998504639,(,(
31.187135696411133,46.98563003540039,identifier,uid
67.1359634399414,-128.35238647460938,),)
44.38038635253906,175.52932739257812,identifier,self
-85.6134033203125,93.88443756103516,.,.
-13.846597671508789,45.797122955322266,identifier,failed
-60.8596305847168,57.77476119995117,.,.
-32.27076721191406,29.341079711914062,identifier,pop
-71.63097381591797,4.527249813079834,(,(
31.126724243164062,47.05413055419922,identifier,uid
82.61125183105469,-125.83320617675781,),)
-237.8726043701172,-20.21795654296875,def,def
98.32415008544922,-5.865966320037842,identifier,_add_lambda_context_data
-165.1649169921875,13.162358283996582,(,(
88.67382049560547,-13.415172576904297,identifier,data
45.09962463378906,-197.6572265625,),)
-89.61204528808594,-165.1026153564453,:,:
58.71137237548828,-10.087260246276855,identifier,_CURRENT_LAMBDA_CONTEXT
89.0657958984375,41.85544204711914,identifier,context
58.468101501464844,-10.041970252990723,identifier,_CURRENT_LAMBDA_CONTEXT
-11.56445026397705,-90.19024658203125,if,if
89.03689575195312,42.56949234008789,identifier,context
-61.681671142578125,-141.01039123535156,:,:
-67.07603454589844,-169.2544708251953,:,:
60.003353118896484,43.9802131652832,identifier,lambda_data
37.452232360839844,-0.8521289229393005,"""",'lambda'
-26.752798080444336,-42.12615966796875,:,:
31.49155044555664,7.5342512130737305,"""",'remaining_time_in_millis'
-30.146146774291992,-41.59405517578125,:,:
89.11143493652344,46.304927825927734,identifier,context
-60.199378967285156,84.64610290527344,.,.
31.816261291503906,8.006640434265137,identifier,get_remaining_time_in_millis
-105.31990814208984,37.849212646484375,(,(
73.62127685546875,-163.47645568847656,),)
-87.8558349609375,-51.63190841674805,",",","
21.477867126464844,24.79688835144043,"""",'function_name'
-31.299541473388672,-41.56195068359375,:,:
89.39419555664062,46.82537078857422,identifier,context
-69.6128921508789,93.36076354980469,.,.
21.072904586791992,26.74182891845703,identifier,function_name
-87.43347930908203,-51.078304290771484,",",","
21.15513801574707,25.499465942382812,"""",'function_version'
-32.04231643676758,-41.82193374633789,:,:
89.66493225097656,47.16596984863281,identifier,context
-70.08263397216797,92.86553192138672,.,.
20.845033645629883,26.72942543029785,identifier,function_version
-86.94599914550781,-50.412506103515625,",",","
13.85107421875,34.30305480957031,"""",'arn'
-32.89121627807617,-41.74958038330078,:,:
89.71256256103516,47.31294250488281,identifier,context
-70.48626708984375,92.53060150146484,.,.
14.255078315734863,38.57799530029297,identifier,invoked_function_arn
-86.74256134033203,-49.962955474853516,",",","
14.48167610168457,35.234458923339844,"""",'request_id'
-33.64274215698242,-42.451698303222656,:,:
89.91255950927734,47.53230667114258,identifier,context
-70.66915893554688,92.27943420410156,.,.
13.979475975036621,38.434898376464844,identifier,aws_request_id
-60.87553787231445,-87.70848846435547,",",","
-8.23523998260498,-111.59925079345703,if,if
8.252670288085938,44.63690185546875,"""",'custom'
28.714630126953125,74.13941955566406,identifier,data
-44.87840270996094,-160.13803100585938,:,:
28.54823112487793,75.05229949951172,identifier,data
6.181297302246094,59.28352355957031,"""",'custom'
-3.743027925491333,50.81996536254883,identifier,dict_merge
-79.83358764648438,2.5684218406677246,(,(
28.707229614257812,74.82121276855469,identifier,data
6.682882785797119,58.963783264160156,"""",'custom'
-68.72345733642578,-51.05544662475586,",",","
17.729700088500977,68.55754852294922,identifier,lambda_data
72.83444213867188,-135.4663848876953,),)
-11.660391807556152,-157.898681640625,else,else
-24.46199607849121,-160.4697265625,:,:
28.4870548248291,75.21754455566406,identifier,data
5.829812049865723,59.55847930908203,"""",'custom'
17.62025260925293,68.66838073730469,identifier,lambda_data
-13.013029098510742,22.4705753326416,identifier,Exception
-17.441125869750977,17.886493682861328,identifier,e
-41.40768814086914,-163.9046630859375,:,:
-9.849709510803223,96.93582916259766,identifier,log
-68.78509521484375,42.08685302734375,.,.
-15.244175910949707,26.289051055908203,identifier,exception
-77.34678649902344,15.322028160095215,(,(
-0.017325585708022118,54.562660217285156,"""","""Exception while adding lambda context data: %r"""
-62.50640106201172,-51.649810791015625,",",","
-15.401713371276855,15.737838745117188,identifier,e
78.31757354736328,-125.33705139160156,),)
-25.993532180786133,-161.79302978515625,:,:
16.02136993408203,79.2456283569336,identifier,_CURRENT_LAMBDA_CONTEXT
-234.953369140625,-22.64980125427246,def,def
99.49964141845703,-10.954675674438477,identifier,control_loop
-165.46743774414062,21.460350036621094,(,(
50.762359619140625,-196.85165405273438,),)
-83.4339599609375,-160.28427124023438,:,:
94.33501434326172,-4.5941009521484375,identifier,set_service_status
-111.95394897460938,19.881071090698242,(,(
93.87593841552734,6.146384239196777,identifier,Service
-38.529457092285156,102.74888610839844,.,.
60.14588928222656,-9.391154289245605,identifier,CAPTURE
-76.18350219726562,-73.56095123291016,",",","
93.81632995605469,6.163026332855225,identifier,ServiceStatus
-38.45465087890625,102.63886260986328,.,.
51.614933013916016,-12.371109008789062,identifier,IDLE
39.32784652709961,-161.88914489746094,),)
62.32990264892578,4.506004810333252,identifier,notify
-55.07167053222656,91.63874053955078,.,.
61.08562088012695,4.164719104766846,identifier,notify
-91.4394760131836,22.83269691467285,(,(
46.440834045410156,-6.436139106750488,"""",'READY=1'
36.97964859008789,-159.048095703125,),)
62.12126541137695,4.6064066886901855,identifier,notify
-55.326026916503906,91.47257232666016,.,.
61.00497055053711,4.273090839385986,identifier,notify
-91.6051254272461,22.536378860473633,(,(
44.67192840576172,-4.54094123840332,"""",'STATUS=Waiting'
39.05126953125,-154.40028381347656,),)
6.215020179748535,-98.20008087158203,while,while
42.81385040283203,3.364445686340332,identifier,terminate
-107.9902572631836,34.6829719543457,(,(
52.214962005615234,-164.61375427246094,),)
-61.304588317871094,-162.0643310546875,:,:
61.90793991088867,4.859854698181152,identifier,notify
-55.87122344970703,90.73226928710938,.,.
61.03493881225586,4.5919718742370605,identifier,notify
-91.32393646240234,21.83281898498535,(,(
33.667755126953125,2.7626116275787354,"""",'WATCHDOG=1'
45.16242599487305,-147.7156219482422,),)
54.50335693359375,44.463348388671875,identifier,event
37.97703552246094,12.237247467041016,identifier,get_session
-105.59315490722656,35.53435134887695,(,(
74.36971282958984,-168.1673126220703,),)
-57.559410095214844,79.43190002441406,.,.
16.733867645263672,9.276997566223145,identifier,query
-90.40974426269531,9.006481170654297,(,(
30.526145935058594,24.537622451782227,identifier,UpcomingEvent
66.75416564941406,-154.84341430664062,),)
-45.84556198120117,66.73011779785156,.,.
10.489766120910645,13.243205070495605,identifier,filter
-89.9783706665039,9.219561576843262,(,(
30.480915069580078,24.652986526489258,identifier,UpcomingEvent
-68.17704772949219,87.81074523925781,.,.
17.8469295501709,24.372953414916992,identifier,start
7.195952892303467,13.78425121307373,identifier,timestamp
-101.49764251708984,47.92881774902344,(,(
75.47762298583984,-161.44985961914062,),)
67.57758331298828,-154.4723358154297,),)
-45.656105041503906,66.60084533691406,.,.
10.479498863220215,13.257396697998047,identifier,filter
-89.71969604492188,9.248324394226074,(,(
30.391212463378906,24.790752410888672,identifier,UpcomingEvent
-68.00305938720703,87.90323638916016,.,.
17.6968936920166,24.67147445678711,identifier,end
20.842559814453125,-38.51582717895508,>,>
7.190622806549072,13.79081916809082,identifier,timestamp
-101.48844909667969,47.96215057373047,(,(
75.6984634399414,-161.19940185546875,),)
68.1922836303711,-154.16432189941406,),)
-44.9056510925293,66.12427520751953,.,.
-44.35295104980469,65.67715454101562,identifier,first
-102.18731689453125,40.24778747558594,(,(
63.61095428466797,-141.8354034423828,),)
-11.534965515136719,-109.05050659179688,if,if
43.12571334838867,58.94304275512695,identifier,event
-47.58816146850586,-156.91732788085938,:,:
-0.3542720079421997,40.31538009643555,identifier,safe_start_capture
-85.86641693115234,0.6176609992980957,(,(
43.11151123046875,58.98949432373047,identifier,event
66.50425720214844,-130.6645050048828,),)
-23.70035743713379,46.02976989746094,identifier,time
-68.69679260253906,58.16264724731445,.,.
-20.006214141845703,50.31133270263672,identifier,sleep
-72.19120788574219,9.754706382751465,(,(
71.42650604248047,-129.85379028320312,),)
-7.768332004547119,95.2591323852539,identifier,logger
-67.43508911132812,43.36981964111328,.,.
-59.08548355102539,33.32771682739258,identifier,info
-77.6333236694336,16.77865219116211,(,(
1.4105238914489746,49.36979675292969,"""",'Shutting down capture service'
72.1177749633789,-127.04358673095703,),)
-3.1286768913269043,56.40412902832031,identifier,set_service_status
-76.3294448852539,-3.747586965560913,(,(
-6.680707931518555,66.56198120117188,identifier,Service
-33.04372787475586,105.25140380859375,.,.
9.1024808883667,54.88163757324219,identifier,CAPTURE
-71.26805877685547,-42.58859634399414,",",","
-6.674711227416992,66.53850555419922,identifier,ServiceStatus
-32.994693756103516,104.96745300292969,.,.
3.1745927333831787,53.43754959106445,identifier,STOPPED
83.92481994628906,-127.9013442993164,),)
-238.199951171875,-17.22791862487793,def,def
97.29618072509766,-7.3287506103515625,identifier,_enforce_no_overlap
-167.91455078125,13.705928802490234,(,(
-27.172422409057617,175.4547882080078,identifier,self
-110.32144927978516,-93.23241424560547,",",","
78.45841217041016,-5.488086700439453,identifier,start_at
40.17011642456055,-197.4088134765625,),)
-86.3877182006836,-169.10458374023438,:,:
79.00853729248047,6.016335487365723,identifier,i
78.28316497802734,-4.998689651489258,identifier,start_at
7.236658573150635,-97.75262451171875,while,while
71.45415496826172,71.23247528076172,identifier,i
-9.542693138122559,-17.298795700073242,+,+
17.746681213378906,-37.00711441040039,<,<
-28.375045776367188,-10.419358253479004,identifier,len
-117.94927215576172,11.779894828796387,(,(
20.973634719848633,175.55978393554688,identifier,self
-62.233360290527344,107.74479675292969,.,.
80.48507690429688,63.870384216308594,identifier,data
56.16755676269531,-164.19784545898438,),)
-62.54545211791992,-162.08213806152344,:,:
-7.067636966705322,-95.44898223876953,if,if
26.048667907714844,171.3665313720703,identifier,self
-65.78889465332031,106.24890899658203,.,.
79.71783447265625,63.73799133300781,identifier,data
70.2647933959961,71.48548126220703,identifier,i
27.20656967163086,171.39915466308594,identifier,self
-65.6650390625,105.57696533203125,.,.
79.41276550292969,63.62135696411133,identifier,data
70.92698669433594,71.91947937011719,identifier,i
-10.05710506439209,-16.65119743347168,+,+
-59.277687072753906,-151.15028381347656,:,:
-7.5993804931640625,-100.01184844970703,if,if
28.26054573059082,170.95428466796875,identifier,self
-66.42838287353516,105.80164337158203,.,.
79.08891296386719,64.13275146484375,identifier,data
69.94783782958984,71.96482849121094,identifier,i
19.232025146484375,-37.14613723754883,<,<
28.72248649597168,170.7927703857422,identifier,self
-66.46007537841797,105.16170501708984,.,.
78.7403564453125,63.89619064331055,identifier,data
70.63721466064453,72.57365417480469,identifier,i
-10.477096557617188,-16.59101676940918,+,+
-53.08050537109375,-151.97854614257812,:,:
36.435523986816406,178.26248168945312,identifier,self
-82.42166900634766,95.36331176757812,.,.
78.5729751586914,64.96744537353516,identifier,data
69.56100463867188,72.61235046386719,identifier,i
37.84046936035156,169.06158447265625,identifier,self
-74.91575622558594,99.70254516601562,.,.
78.45036315917969,64.4529800415039,identifier,data
70.23328399658203,73.17927551269531,identifier,i
-10.950312614440918,-16.422523498535156,+,+
44.25047302246094,173.78955078125,identifier,self
-82.61864471435547,95.01458740234375,.,.
78.51630401611328,65.19763946533203,identifier,data
70.12384033203125,73.7891616821289,identifier,i
-11.031832695007324,-16.108936309814453,+,+
70.60929107666016,74.82495880126953,identifier,i
-231.6405029296875,-18.82670783996582,def,def
101.71173095703125,-13.344597816467285,identifier,finish
-168.34463500976562,20.314950942993164,(,(
-24.017730712890625,180.53025817871094,identifier,self
48.870933532714844,-197.18275451660156,),)
-88.51068878173828,-162.4891357421875,:,:
-4.932798862457275,-85.08075714111328,if,if
16.091609954833984,180.41656494140625,identifier,self
-61.186737060546875,116.84351348876953,.,.
101.5103530883789,-14.175621032714844,identifier,finished
-65.20581817626953,-140.59161376953125,:,:
17.594579696655273,181.41085815429688,identifier,self
-58.8270149230957,114.83638763427734,.,.
55.540035247802734,7.598746299743652,identifier,exit_code
75.4489974975586,2.9908664226531982,identifier,checkpoint_status
18.155086517333984,176.4744415283203,identifier,self
-57.48163604736328,110.04215240478516,.,.
75.61894226074219,2.4444963932037354,identifier,checkpoint
-111.30646514892578,34.81611251831055,(,(
42.42401123046875,-162.6236114501953,),)
28.949996948242188,182.63522338867188,identifier,self
-67.14012145996094,111.39704895019531,.,.
54.76143264770508,7.559286594390869,identifier,exit_code
19.820240020751953,172.33236694335938,identifier,self
-72.7552490234375,116.20492553710938,.,.
54.870540618896484,7.329831600189209,identifier,_exit_code
-110.53958892822266,34.72848892211914,(,(
45.29191970825195,-160.35752868652344,),)
-11.138132095336914,-94.05520629882812,if,if
25.037534713745117,170.6577911376953,identifier,self
-69.9518814086914,108.54713439941406,.,.
54.26566696166992,8.54388427734375,identifier,exit_code
19.036521911621094,-48.10900115966797,!=,!=
-60.07932662963867,-143.01663208007812,:,:
41.44453811645508,4.930783271789551,identifier,TeradataPTError
-88.44049835205078,19.007186889648438,(,(
34.101585388183594,4.041567325592041,"""","""BulkLoad job finished with return code '{}'"""
-48.30335998535156,-7.316636085510254,.,.
-44.42407989501953,-5.467233180999756,identifier,format
-107.21324920654297,0.2221537083387375,(,(
28.452707290649414,166.13198852539062,identifier,self
-71.2647476196289,107.1189193725586,.,.
54.12181091308594,8.89167308807373,identifier,exit_code
65.45561218261719,-163.61654663085938,),)
44.92408752441406,-141.19862365722656,),)
-11.445363998413086,-102.81071472167969,if,if
33.279972076416016,170.3360595703125,identifier,self
-72.14688110351562,103.80604553222656,.,.
18.897764205932617,20.30780029296875,identifier,applied_count
22.99573516845703,-41.40456771850586,>,>
-51.853675842285156,-151.69528198242188,:,:
36.03154754638672,175.6273956298828,identifier,self
-81.35643005371094,108.08912658691406,.,.
14.620464324951172,19.8024959564209,identifier,_end_acquisition
-101.63274383544922,36.85557556152344,(,(
59.747371673583984,-142.40576171875,),)
36.327632904052734,176.06295776367188,identifier,self
-81.41376495361328,108.12883758544922,.,.
13.98119068145752,20.602317810058594,identifier,_apply_rows
-101.54566192626953,37.20981979370117,(,(
60.34149932861328,-142.0563201904297,),)
39.634559631347656,179.08804321289062,identifier,self
-80.9478988647461,98.0641098022461,.,.
18.905723571777344,53.925193786621094,identifier,exit_code
41.12996292114258,168.48220825195312,identifier,self
-86.01241302490234,101.91928100585938,.,.
18.834402084350586,53.84697341918945,identifier,_exit_code
-100.8067626953125,39.43841552734375,(,(
64.99275207519531,-141.0198974609375,),)
-10.846940994262695,-112.95074462890625,if,if
46.324188232421875,168.7608642578125,identifier,self
-80.71825408935547,88.583984375,.,.
17.74236297607422,54.89565658569336,identifier,exit_code
17.207042694091797,-48.461204528808594,!=,!=
-42.63754653930664,-157.28977966308594,:,:
-2.292121171951294,28.447500228881836,identifier,TeradataPTError
-79.48519134521484,13.619564056396484,(,(
2.760385513305664,48.836483001708984,"""","""BulkLoad job finished with return code '{}'"""
-49.16877365112305,-4.168603420257568,.,.
-46.643733978271484,-2.7085797786712646,identifier,format
-67.93470764160156,2.5702505111694336,(,(
47.47892761230469,169.23692321777344,identifier,self
-83.64379119873047,89.25817108154297,.,.
17.52324867248535,55.20701599121094,identifier,exit_code
80.32286071777344,-152.7910919189453,),)
74.69046020507812,-131.06192016601562,),)
49.402610778808594,177.10833740234375,identifier,self
-91.05760192871094,89.72852325439453,.,.
-5.037109851837158,61.52727508544922,identifier,finished
49.89766311645508,173.0800323486328,identifier,self
-86.67903137207031,86.34754180908203,.,.
18.19994354248047,79.01105499267578,identifier,exit_code
-240.1883544921875,-19.196882247924805,def,def
100.96986389160156,-3.863409996032715,identifier,uncompress_file
-169.66751098632812,11.525811195373535,(,(
83.8615951538086,-11.85185718536377,identifier,input_file_name
-105.51323699951172,-85.42357635498047,",",","
78.85973358154297,-11.877447128295898,identifier,file_extension
-102.470947265625,-85.62181854248047,",",","
76.70850372314453,-10.573347091674805,identifier,dest_dir
39.80976486206055,-195.441650390625,),)
-87.657470703125,-169.14105224609375,:,:
-7.446939468383789,-88.26722717285156,if,if
64.3060302734375,18.291563034057617,identifier,file_extension
-41.91791915893555,82.21461486816406,.,.
16.62312889099121,-24.677282333374023,identifier,lower
-111.3348617553711,39.91468811035156,(,(
49.909690856933594,-169.31178283691406,),)
-110.09404754638672,-9.987369537353516,(,(
39.340232849121094,-8.314425468444824,"""",'.gz'
-81.5201416015625,-75.6940689086914,",",","
39.397281646728516,-8.219866752624512,"""",'.bz2'
58.072139739990234,-165.58604431152344,),)
-61.92140579223633,-142.79222106933594,:,:
51.532230377197266,-7.888890743255615,identifier,NotImplementedError
-88.83412170410156,19.564992904663086,(,(
34.78852844238281,3.7383649349212646,"""","""Received {} format. Only gz and bz2 """
32.78559875488281,5.3850531578063965,"""","""files can currently be uncompressed."""
-48.06770324707031,-6.738617420196533,.,.
-45.15718460083008,-5.204825401306152,identifier,format
-106.753662109375,0.13304947316646576,(,(
50.7972412109375,27.729570388793945,identifier,file_extension
65.73995208740234,-163.36441040039062,),)
44.69649887084961,-140.6787109375,),)
-10.538031578063965,-102.9129638671875,if,if
42.853206634521484,33.23217010498047,identifier,file_extension
-39.46282196044922,76.59017181396484,.,.
15.771958351135254,-24.63323211669922,identifier,lower
-106.54266357421875,45.782630920410156,(,(
76.84260559082031,-166.09461975097656,),)
17.355154037475586,-58.00241470336914,==,==
5.646676540374756,29.116756439208984,"""",'.gz'
-49.27334213256836,-149.5789337158203,:,:
45.21259307861328,55.85270309448242,identifier,fmodule
3.753452777862549,27.660900115966797,identifier,gzip
-36.03788375854492,94.2410659790039,.,.
3.832451105117798,27.739553451538086,identifier,GzipFile
-12.809918403625488,-149.86727905273438,elif,elif
42.80325698852539,33.27236557006836,identifier,file_extension
-39.425453186035156,76.52335357666016,.,.
15.703103065490723,-24.668264389038086,identifier,lower
-106.51322937011719,45.80942153930664,(,(
77.08100891113281,-165.97972106933594,),)
15.579094886779785,-56.91133499145508,==,==
5.349103927612305,29.35906410217285,"""",'.bz2'
-47.97345733642578,-158.31317138671875,:,:
45.17628479003906,55.8779411315918,identifier,fmodule
3.624315023422241,28.84514808654785,identifier,bz2
-35.93824005126953,94.18011474609375,.,.
3.806874990463257,28.824039459228516,identifier,BZ2File
13.205527305603027,56.65928268432617,identifier,fmodule
-81.3582534790039,-4.451060771942139,(,(
14.810616493225098,60.57182693481445,identifier,input_file_name
-89.65029907226562,-38.70232391357422,",",","
-15.533220291137695,57.98221206665039,identifier,mode
-10.497576713562012,36.5673942565918,"""",'rb'
75.66535949707031,-142.41075134277344,),)
12.642051696777344,79.17933654785156,identifier,f_compressed
-79.417724609375,-43.529361724853516,",",","
-6.856878757476807,53.11233139038086,identifier,NamedTemporaryFile
-80.70203399658203,-11.698450088500977,(,(
6.026021480560303,64.46833801269531,identifier,dir
13.03620719909668,63.774444580078125,identifier,dest_dir
-89.09622192382812,-38.163578033447266,",",","
-15.524169921875,57.9891242980957,identifier,mode
-10.505637168884277,36.58787155151367,"""",'wb'
-88.70411682128906,-37.64509963989258,",",","
-12.453269004821777,53.395320892333984,identifier,delete
76.05189514160156,-141.90184020996094,),)
12.729927062988281,79.05309295654297,identifier,f_uncompressed
-41.599239349365234,-163.4572296142578,:,:
-4.926969528198242,54.05339813232422,identifier,shutil
-68.20729064941406,67.9473876953125,.,.
-3.944648027420044,53.64619445800781,identifier,copyfileobj
-75.20135498046875,-4.109639644622803,(,(
13.997153282165527,77.65775299072266,identifier,f_compressed
-69.46751403808594,-42.67026138305664,",",","
14.017417907714844,77.68682861328125,identifier,f_uncompressed
77.67239379882812,-125.35196685791016,),)
14.933125495910645,78.20736694335938,identifier,f_uncompressed
-77.78196716308594,79.62447357177734,.,.
46.96690368652344,43.286170959472656,identifier,name
-234.82350158691406,-18.852556228637695,def,def
102.79875183105469,-7.095990180969238,identifier,resolves_for
-169.06106567382812,17.44974708557129,(,(
-25.844112396240234,180.07595825195312,identifier,self
-115.36036682128906,-81.67083740234375,",",","
107.7825698852539,24.38481903076172,identifier,session
46.152042388916016,-199.94358825683594,),)
-87.40047454833984,-164.51976013183594,:,:
-5.572213172912598,-85.7921371459961,if,if
16.048311233520508,179.15249633789062,identifier,self
-60.80937576293945,116.00404357910156,.,.
84.09888458251953,4.292766571044922,identifier,url
-67.43912506103516,-143.7891387939453,:,:
26.218135833740234,182.65330505371094,identifier,self
-66.64112091064453,112.22591400146484,.,.
71.60050964355469,3.683178186416626,identifier,actual_path
106.98988342285156,24.69073486328125,identifier,session
-57.91448211669922,103.99974822998047,.,.
57.123870849609375,0.880215048789978,identifier,current_url
-6.711251258850098,-150.1940155029297,else,else
-24.253902435302734,-150.41123962402344,:,:
76.10986328125,13.465587615966797,identifier,result
51.97377014160156,0.7829012870788574,identifier,urlparse
-108.63687896728516,15.82417106628418,(,(
107.06241607666016,24.705568313598633,identifier,session
-58.22425842285156,103.69935607910156,.,.
56.99161911010742,0.9945420026779175,identifier,current_url
42.13493728637695,-158.20506286621094,),)
-8.97005558013916,-93.1724853515625,if,if
24.132015228271484,169.05007934570312,identifier,self
-68.5953369140625,106.62471771240234,.,.
48.48839569091797,4.16443395614624,identifier,only_path
-61.28618240356445,-145.97744750976562,:,:
29.15222930908203,180.67124938964844,identifier,self
-67.95777130126953,110.89598846435547,.,.
71.33411407470703,3.6192779541015625,identifier,actual_path
81.97383880615234,45.99528121948242,identifier,result
-62.09629440307617,98.80510711669922,.,.
26.26426887512207,-10.667652130126953,identifier,path
-7.117217540740967,-151.5078887939453,else,else
-23.380643844604492,-151.57606506347656,:,:
59.69906234741211,42.4163818359375,identifier,request_uri
81.86153411865234,46.26716995239258,identifier,result
-62.61577606201172,98.80489349365234,.,.
26.209583282470703,-10.689489364624023,identifier,path
-11.962206840515137,-99.80899047851562,if,if
81.69017028808594,46.60984420776367,identifier,result
-65.84638977050781,97.55535125732422,.,.
17.534486770629883,9.07053279876709,identifier,query
-54.68901824951172,-150.52655029296875,:,:
60.19150161743164,51.85614013671875,identifier,request_uri
26.669355392456055,5.37514066696167,"""","""?{0}"""
-49.2923698425293,-6.694415092468262,.,.
-45.15690994262695,-4.293781757354736,identifier,format
-105.90401458740234,-0.43115338683128357,(,(
81.75601959228516,46.52194595336914,identifier,result
-68.14671325683594,93.49246215820312,.,.
17.589033126831055,9.07473087310791,identifier,query
53.128883361816406,-143.73793029785156,),)
36.588714599609375,179.2666778564453,identifier,self
-80.44561004638672,98.56278991699219,.,.
51.57136535644531,48.54288864135742,identifier,actual_path
36.63536071777344,37.673580169677734,identifier,request_uri
-10.476362228393555,-108.08385467529297,if,if
11.05670166015625,21.11823844909668,identifier,isregex
-117.0371322631836,0.061121027916669846,(,(
39.492557525634766,169.2432098388672,identifier,self
-81.42314147949219,90.56324768066406,.,.
21.312536239624023,54.81599807739258,identifier,expected_path
66.42430114746094,-151.44969177246094,),)
-45.55260467529297,-154.8383331298828,:,:
41.74589538574219,169.5162353515625,identifier,self
-82.36074829101562,90.62652587890625,.,.
21.231273651123047,54.94137954711914,identifier,expected_path
-65.73188781738281,74.9599609375,.,.
-24.020347595214844,53.52035903930664,identifier,search
-87.15160369873047,-0.3730807304382324,(,(
42.79738235473633,168.969482421875,identifier,self
-82.55909729003906,89.79460144042969,.,.
18.464120864868164,58.76383972167969,identifier,actual_path
68.83724975585938,-137.5851593017578,),)
-10.165071487426758,-157.14256286621094,else,else
-22.767396926879883,-158.6006622314453,:,:
-8.830161094665527,48.39712142944336,identifier,normalize_url
-79.69959259033203,0.3325679898262024,(,(
47.20854568481445,170.50332641601562,identifier,self
-83.67572021484375,89.9695053100586,.,.
18.124536514282227,59.061302185058594,identifier,actual_path
74.252197265625,-147.95803833007812,),)
15.820838928222656,-52.07517623901367,==,==
-8.761160850524902,48.40400695800781,identifier,normalize_url
-78.66861724853516,0.014289754442870617,(,(
47.87202072143555,170.76815795898438,identifier,self
-84.00701904296875,89.72096252441406,.,.
17.650278091430664,59.20621109008789,identifier,expected_path
82.2765121459961,-127.110595703125,),)
-232.49440002441406,-19.803565979003906,def,def
105.19512176513672,-9.721416473388672,identifier,acquire
-168.753173828125,21.16651153564453,(,(
-24.516260147094727,181.16615295410156,identifier,self
49.8012809753418,-198.2777862548828,),)
-84.83904266357422,-159.84359741210938,:,:
15.586078643798828,182.27883911132812,identifier,self
-55.23847579956055,112.80299377441406,.,.
104.35409545898438,-13.539203643798828,identifier,start
-112.08003997802734,4.05580997467041,(,(
93.3795394897461,-7.326479911804199,identifier,test_connection
39.636497497558594,-163.56256103515625,),)
7.248659610748291,-98.17021942138672,while,while
-63.30397033691406,-163.5491180419922,:,:
74.7340087890625,9.357321739196777,identifier,str_response
-93.90055847167969,-73.81356048583984,",",","
67.75540161132812,-6.070866584777832,identifier,retries
22.915647506713867,176.3089141845703,identifier,self
-74.27367401123047,115.7022705078125,.,.
52.134334564208984,-0.5686993598937988,identifier,_req_rep_retry
-107.83383178710938,15.676549911499023,(,(
70.7427978515625,32.93828582763672,identifier,LockerServer
-39.79899597167969,103.72130584716797,.,.
55.72990417480469,-11.124122619628906,identifier,LOCK
41.32848358154297,-156.79798889160156,),)
74.73294067382812,13.819841384887695,identifier,response
61.104347229003906,18.797229766845703,identifier,str_response
-44.04885482788086,80.21222686767578,.,.
-26.494609832763672,10.919585227966309,identifier,split
-101.22050476074219,23.264896392822266,(,(
70.45582580566406,33.2861328125,identifier,LockerServer
-39.92826843261719,104.93049621582031,.,.
39.71060562133789,1.9047001600265503,identifier,DELIMITER
46.716922760009766,-152.923095703125,),)
-10.271596908569336,-97.65969848632812,if,if
54.604068756103516,67.64746856689453,identifier,response
17.541072845458984,-57.34123229980469,==,==
70.4256591796875,33.41820526123047,identifier,LockerServer
-38.15840148925781,104.78838348388672,.,.
31.7526798248291,3.395176410675049,identifier,GO
-53.318477630615234,-144.28216552734375,:,:
-12.128805160522461,-148.2577667236328,elif,elif
54.57667541503906,67.6596908569336,identifier,response
16.5778865814209,-57.42862319946289,==,==
70.20862579345703,33.75776672363281,identifier,LockerServer
-37.39592361450195,105.20799255371094,.,.
22.28853988647461,18.222400665283203,identifier,LOCK_ERROR
-8.6143798828125,-68.78587341308594,and,and
35.49172592163086,20.986051559448242,identifier,retries
22.978515625,-41.354827880859375,>,>
-49.91251754760742,-153.28359985351562,:,:
37.85364532470703,174.31121826171875,identifier,self
-83.5052490234375,104.19902038574219,.,.
-8.997671127319336,93.67962646484375,identifier,_logger
-70.2606430053711,42.78423309326172,.,.
-14.07030200958252,26.823579788208008,identifier,error
-82.91152954101562,17.63825035095215,(,(
34.1680908203125,41.898597717285156,identifier,str_response
-17.77900505065918,-23.27881622314453,+,+
8.759093284606934,31.744626998901367,"""",'; Probably due to retry'
60.1063346862793,-131.7740936279297,),)
-13.845107078552246,-150.66371154785156,elif,elif
31.676464080810547,80.6651382446289,identifier,response
14.752484321594238,-56.743412017822266,==,==
70.07501220703125,34.28496170043945,identifier,LockerServer
-34.97435760498047,104.11943054199219,.,.
-3.2809135913848877,42.27531051635742,identifier,WAIT
-44.52631759643555,-158.9029541015625,:,:
-23.78175163269043,46.05104446411133,identifier,time
-68.71110534667969,58.17520523071289,.,.
-20.000036239624023,50.31013107299805,identifier,sleep
-72.29579162597656,9.411694526672363,(,(
45.43291091918945,171.0773468017578,identifier,self
-83.7551498413086,85.60226440429688,.,.
6.257456302642822,50.35965347290039,identifier,SLEEP
71.99534606933594,-136.5648193359375,),)
-11.506306648254395,-158.36813354492188,else,else
-22.743907928466797,-159.76817321777344,:,:
-8.659257888793945,25.17971420288086,identifier,RuntimeError
-79.17440032958984,12.691827774047852,(,(
1.8610533475875854,50.75558090209961,"""",'Response `%s` not understood'
30.549774169921875,81.72679901123047,identifier,response
81.50685119628906,-129.31704711914062,),)
-240.84019470214844,-22.569568634033203,def,def
104.81107330322266,-3.481262445449829,identifier,down
-175.232666015625,15.1882963180542,(,(
82.94064331054688,-9.189992904663086,identifier,auth_token
-108.3904037475586,-87.19651794433594,",",","
100.04132080078125,-24.638254165649414,identifier,force
-106.9845199584961,-83.04361724853516,",",","
81.6482162475586,-12.25656509399414,identifier,app_name
42.05744934082031,-199.13638305664062,),)
-88.8790054321289,-167.0823516845703,:,:
-6.463804244995117,-87.22372436523438,if,if
66.07535552978516,16.499507904052734,identifier,app_name
-67.74861907958984,-146.62445068359375,:,:
34.59982681274414,106.25875091552734,identifier,click
-72.41075134277344,46.50476837158203,.,.
-50.206642150878906,31.509605407714844,identifier,echo
-89.75595092773438,21.933504104614258,(,(
45.8294677734375,-5.579166412353516,"""",'WARNING: Inferring the app name when deleting is deprecated. '
45.29578399658203,-4.200198173522949,"""","'Starting with happy 2.0, the app_name parameter will be required.'"
38.11017608642578,-151.56204223632812,),)
56.54111099243164,43.855628967285156,identifier,app_name
54.15088653564453,28.35486602783203,identifier,app_name
-4.673025131225586,-55.16154861450195,or,or
34.43189239501953,9.527677536010742,identifier,_read_app_name
-107.1583251953125,36.011741638183594,(,(
50.4361572265625,-154.30218505859375,),)
-12.073171615600586,-100.71143341064453,if,if
54.24724578857422,28.94898223876953,identifier,app_name
-53.974117279052734,-149.4562225341797,:,:
34.37338638305664,106.08284759521484,identifier,click
-70.88511657714844,47.024147033691406,.,.
-50.21957015991211,31.725383758544922,identifier,echo
-85.69746398925781,20.29998779296875,(,(
22.86858558654785,13.331019401550293,"""",'No app name given.'
48.163482666015625,-140.72103881835938,),)
-12.198670387268066,8.071749687194824,identifier,sys
-69.56302642822266,54.412071228027344,.,.
-8.513541221618652,5.119816303253174,identifier,exit
-85.57860565185547,13.93086051940918,(,(
56.18236541748047,-144.33065795898438,),)
-12.309391975402832,-106.72066497802734,if,if
100.04940032958984,-24.66266441345215,identifier,force
-49.44546890258789,-154.94276428222656,:,:
34.327449798583984,106.00540924072266,identifier,click
-70.5239486694336,47.12575912475586,.,.
7.870677471160889,29.66254997253418,identifier,confirm
-82.09620666503906,16.88804054260254,(,(
8.300850868225098,30.305667877197266,"""",'Are you sure you want to delete %s?'
33.61113357543945,43.03168869018555,identifier,app_name
-93.5682144165039,-41.16501998901367,",",","
6.472382068634033,31.301637649536133,identifier,abort
-60.7945442199707,-87.08504486083984,",",","
59.56001281738281,-135.0270538330078,),)
11.104938507080078,50.573219299316406,identifier,happy
10.944914817810059,50.3453483581543,identifier,Happy
-82.07024383544922,-9.452195167541504,(,(
22.410852432250977,49.916290283203125,identifier,auth_token
22.429494857788086,49.94997787475586,identifier,auth_token
68.41998291015625,-130.8983612060547,),)
34.00355911254883,105.48342895507812,identifier,click
-67.20220947265625,44.897605895996094,.,.
-50.13468551635742,32.38535690307617,identifier,echo
-78.02369689941406,17.34222412109375,(,(
3.003859758377075,49.66451644897461,"""",'Destroying app %s... '
15.334715843200684,63.98777389526367,identifier,app_name
-91.91844940185547,-38.87047576904297,",",","
-0.7353795766830444,43.13081359863281,identifier,nl
69.63256072998047,-128.91326904296875,),)
11.151082038879395,50.70684814453125,identifier,happy
-71.38458251953125,71.69648742675781,.,.
-12.444050788879395,53.38076400756836,identifier,delete
-80.05429077148438,-11.461723327636719,(,(
13.140265464782715,65.41554260253906,identifier,app_name
13.54430103302002,65.50863647460938,identifier,app_name
73.93865203857422,-124.87085723876953,),)
-2.4772396087646484,56.772613525390625,identifier,_delete_app_name_file
-96.055908203125,38.3603630065918,(,(
73.95931243896484,-123.63743591308594,),)
33.44416427612305,105.2978286743164,identifier,click
-67.28428649902344,47.13751220703125,.,.
-50.164974212646484,32.910369873046875,identifier,echo
-76.09253692626953,19.21405792236328,(,(
1.0659713745117188,55.59633255004883,"""",'done'
73.46361541748047,-123.03180694580078,),)
33.38972091674805,105.2801284790039,identifier,click
-67.29895782470703,47.134056091308594,.,.
-50.16920852661133,32.97042465209961,identifier,echo
-76.1702651977539,19.202762603759766,(,(
0.26911234855651855,54.99306869506836,"""","""It's down. :("""
86.97461700439453,-125.45096588134766,),)
-242.07952880859375,-19.833393096923828,def,def
95.85186767578125,-3.4364240169525146,identifier,imap_unordered
-171.1194610595703,10.796207427978516,(,(
108.6019058227539,0.9856584072113037,identifier,requests
-108.9830322265625,-90.36767578125,",",","
75.93489837646484,-16.390239715576172,identifier,stream
-104.29108428955078,-93.87042236328125,",",","
80.6579360961914,-4.534701824188232,identifier,pool
-103.20638275146484,-97.02830505371094,",",","
71.47785949707031,-26.881919860839844,identifier,size
-101.01622009277344,-96.67692565917969,",",","
72.26544952392578,-8.594176292419434,identifier,exception_handler
36.99945068359375,-196.09471130371094,),)
-88.1180419921875,-171.10731506347656,:,:
-235.41709899902344,-26.229055404663086,def,def
105.65863800048828,5.996832370758057,identifier,send
-161.61798095703125,16.35146713256836,(,(
86.59912872314453,24.648460388183594,identifier,r
46.87510299682617,-192.78761291503906,),)
-78.34981536865234,-161.9315948486328,:,:
86.65083312988281,24.497066497802734,identifier,r
-52.81620407104492,87.9668960571289,.,.
105.66462707519531,6.019062519073486,identifier,send
-111.29681396484375,3.8371121883392334,(,(
60.14031982421875,-0.15494294464588165,identifier,stream
60.1500244140625,-0.14998935163021088,identifier,stream
38.137996673583984,-155.93959045410156,),)
47.2085075378418,14.443927764892578,identifier,pool
47.209938049316406,13.896929740905762,identifier,pool
-15.104630470275879,-89.92630767822266,if,if
47.22888946533203,13.737580299377441,identifier,pool
2.209364652633667,-142.8899383544922,else,else
44.79497146606445,13.554655075073242,identifier,Pool
-106.48572540283203,6.181830883026123,(,(
68.71049499511719,-28.034515380859375,identifier,size
46.205833435058594,-155.0154266357422,),)
36.22118377685547,3.2279980182647705,identifier,contextlib
-55.761959075927734,76.64949035644531,.,.
35.21760559082031,5.643649101257324,identifier,closing
-96.98664093017578,13.89712142944336,(,(
44.77345657348633,13.597338676452637,identifier,Pool
-106.4399642944336,6.142745018005371,(,(
68.7982177734375,-27.96356201171875,identifier,size
66.37242889404297,-164.9712371826172,),)
57.91142272949219,-158.54806518554688,),)
46.47651290893555,15.047892570495605,identifier,pool
-59.102294921875,-157.68325805664062,:,:
7.825465679168701,-105.63380432128906,for,for
58.296730041503906,50.280616760253906,identifier,request
46.154117584228516,15.353385925292969,identifier,pool
-61.0992431640625,79.53987884521484,.,.
28.98602294921875,13.524542808532715,identifier,imap_unordered
-95.3420181274414,5.032219886779785,(,(
46.37010192871094,20.951581954956055,identifier,send
-74.62472534179688,-59.83209228515625,",",","
109.12694549560547,1.4221477508544922,identifier,requests
61.641563415527344,-154.55377197265625,),)
-57.467533111572266,-161.71090698242188,:,:
-8.254934310913086,-104.9553451538086,if,if
49.33103561401367,68.48797607421875,identifier,request
-70.95805358886719,87.86858367919922,.,.
22.265419006347656,31.502193450927734,identifier,response
-46.90668869018555,-150.70870971679688,:,:
49.30377197265625,68.53477478027344,identifier,request
-71.30982971191406,90.62521362304688,.,.
22.261220932006836,31.49857521057129,identifier,response
-14.162337303161621,-149.8008575439453,elif,elif
20.207096099853516,36.430973052978516,identifier,exception_handler
-48.099143981933594,-156.4453887939453,:,:
20.279579162597656,36.525550842285156,identifier,exception_handler
-88.55111694335938,-3.4138944149017334,(,(
49.78920364379883,67.90580749511719,identifier,request
-71.14620971679688,-48.47865295410156,",",","
49.64113998413086,68.08538055419922,identifier,request
-75.36275482177734,84.5440444946289,.,.
6.6961517333984375,39.27552795410156,identifier,exception
66.7208480834961,-136.6292266845703,),)
-9.941854476928711,-113.79180145263672,if,if
10.659056663513184,87.34925842285156,identifier,pool
-45.626487731933594,-162.0460662841797,:,:
10.663543701171875,87.35247802734375,identifier,pool
-74.05990600585938,72.09159088134766,.,.
-4.134016990661621,44.624961853027344,identifier,close
-96.84686279296875,40.51370620727539,(,(
82.76371765136719,-122.79527282714844,),)
-234.65602111816406,-16.822721481323242,def,def
101.19889831542969,-11.662582397460938,identifier,pre_save
-170.0574951171875,16.50848960876465,(,(
-27.28396224975586,178.908447265625,identifier,self
-113.79566955566406,-82.79515838623047,",",","
85.3845443725586,-11.952994346618652,identifier,model_instance
-105.21556091308594,-81.38414001464844,",",","
98.30952453613281,-16.260204315185547,identifier,add
42.509765625,-198.421142578125,),)
-85.73738861083984,-166.92037963867188,:,:
76.28944396972656,8.574776649475098,identifier,file
4.848238945007324,-22.269195556640625,identifier,getattr
-112.05255889892578,17.17125129699707,(,(
66.57965850830078,19.045490264892578,identifier,model_instance
-51.644012451171875,-58.932342529296875,",",","
18.09276580810547,174.3189697265625,identifier,self
-58.55384063720703,106.7388687133789,.,.
55.48104476928711,-7.725707530975342,identifier,attname
41.148014068603516,-160.558349609375,),)
-9.592132568359375,-89.6344223022461,if,if
65.55729675292969,22.904434204101562,identifier,file
-6.824596881866455,-71.66940307617188,and,and
65.50293731689453,23.40070343017578,identifier,file
-56.43680191040039,100.39320373535156,.,.
54.350852966308594,1.690130591392517,identifier,_committed
-65.12557983398438,-148.1461181640625,:,:
71.7789535522461,11.410196304321289,identifier,image_file
64.88920593261719,23.62950897216797,identifier,file
-9.485800743103027,-93.78130340576172,if,if
24.212316513061523,169.4885711669922,identifier,self
-68.63330841064453,107.21585083007812,.,.
48.0128173828125,4.51922607421875,identifier,resize_source_to
-61.14060592651367,-148.89857482910156,:,:
65.20942687988281,23.7759952545166,identifier,file
-56.01879119873047,89.16463470458984,.,.
-27.730796813964844,74.98684692382812,identifier,seek
-101.20329284667969,20.87537384033203,(,(
44.93006896972656,-150.26962280273438,),)
54.750831604003906,46.71859359741211,identifier,image_file
17.266584396362305,14.188584327697754,identifier,processors
-59.38133239746094,80.92951202392578,.,.
16.348596572875977,12.13746452331543,identifier,process
-102.40906524658203,9.916154861450195,(,(
64.25093078613281,24.35588836669922,identifier,file
-74.57920837402344,-61.769081115722656,",",","
30.67003059387207,167.60313415527344,identifier,self
-69.5301513671875,101.80168151855469,.,.
30.555984497070312,20.782278060913086,identifier,resize_source_to
49.46624755859375,-146.28738403320312,),)
54.40998458862305,47.24843978881836,identifier,image_file
17.6387882232666,14.690485000610352,identifier,post_processors
-60.08041763305664,80.61381530761719,.,.
16.33332061767578,12.152987480163574,identifier,process
-93.88539123535156,4.738804817199707,(,(
51.504398345947266,45.63972473144531,identifier,image_file
-73.21017456054688,-58.636314392089844,",",","
35.290157318115234,166.65579223632812,identifier,self
-71.75275421142578,100.2376708984375,.,.
30.389667510986328,21.008621215820312,identifier,resize_source_to
56.948753356933594,-140.7064971923828,),)
35.21262741088867,57.00115966796875,identifier,filename
44.6311149597168,-39.362247467041016,identifier,str
-86.31139373779297,6.485744953155518,(,(
2.2714662551879883,31.98670196533203,identifier,shortuuid
-97.7839126586914,51.1180534362793,.,.
2.2664639949798584,31.8878173828125,identifier,uuid
-100.58831024169922,47.40597152709961,(,(
77.04910278320312,-160.0175323486328,),)
71.2112808227539,-152.55801391601562,),)
-16.086669921875,-20.587020874023438,+,+
88.04546356201172,78.2729263305664,identifier,os
-60.58034133911133,66.0350341796875,.,.
23.23926544189453,-12.954851150512695,identifier,path
-62.77522277832031,67.21461486816406,.,.
-0.1954803615808487,36.4017333984375,identifier,splitext
-82.72225189208984,1.9769634008407593,(,(
31.854082107543945,72.9397964477539,identifier,file
-73.98641204833984,85.88374328613281,.,.
46.98139953613281,42.7227783203125,identifier,name
75.25666809082031,-147.71275329589844,),)
31.819393157958984,72.97815704345703,identifier,file
-72.693115234375,72.44174194335938,.,.
-14.692460060119629,50.30686569213867,identifier,save
-77.81195068359375,-2.4736835956573486,(,(
36.34016418457031,60.05354309082031,identifier,filename
-69.7092056274414,-44.891170501708984,",",","
18.13361358642578,67.17556762695312,identifier,image_file
-87.61754608154297,-37.7988395690918,",",","
-14.70004653930664,50.49477005004883,identifier,save
76.25357055664062,-128.5609588623047,),)
20.887754440307617,81.43291473388672,identifier,file
-234.17318725585938,-17.052570343017578,def,def
102.70782470703125,-5.663473129272461,identifier,sync_folder
-170.51986694335938,16.740854263305664,(,(
-28.416494369506836,178.3421630859375,identifier,self
-113.9689712524414,-84.05256652832031,",",","
88.03717803955078,-22.723482131958008,identifier,path
-107.3035888671875,-82.39679718017578,",",","
92.58162689208984,-32.454490661621094,identifier,bucket
43.57393264770508,-199.45570373535156,),)
-85.4498291015625,-166.05186462402344,:,:
92.54426574707031,-32.20806121826172,identifier,bucket
21.146221160888672,179.93495178222656,identifier,self
-59.97446060180664,111.55135345458984,.,.
93.19894409179688,10.192100524902344,identifier,conn
-47.78211975097656,89.45885467529297,.,.
86.9797592163086,4.46397590637207,identifier,get_bucket
-110.50812530517578,17.991458892822266,(,(
92.64867401123047,-32.9042854309082,identifier,bucket
40.77655792236328,-161.84938049316406,),)
72.16441345214844,9.438464164733887,identifier,local_files
23.249427795410156,175.9969024658203,identifier,self
-73.43269348144531,115.58261108398438,.,.
50.79507827758789,0.0391048789024353,identifier,_get_local_files
-108.6190185546875,14.400336265563965,(,(
87.17232513427734,-24.21456527709961,identifier,path
41.152626037597656,-157.4552001953125,),)
71.32462310791016,10.328290939331055,identifier,s3_files
25.325899124145508,174.4373321533203,identifier,self
-73.51660919189453,114.37857055664062,.,.
49.78669357299805,1.2492690086364746,identifier,_get_s3_files
-106.79981231689453,12.549193382263184,(,(
92.68595123291016,-33.1605110168457,identifier,bucket
45.727046966552734,-154.28126525878906,),)
8.21153736114502,-103.91905212402344,for,for
54.667606353759766,34.62467956542969,identifier,filename
-97.14962768554688,-70.47820281982422,",",","
65.41566467285156,45.354270935058594,identifier,hash
55.88508605957031,22.30069923400879,identifier,local_files
-48.41679382324219,80.63838958740234,.,.
-23.325767517089844,68.55382537841797,identifier,iteritems
-107.33599853515625,41.1206169128418,(,(
73.38790130615234,-165.022705078125,),)
-59.85090637207031,-161.8430938720703,:,:
56.989051818847656,48.748409271240234,identifier,s3_key
55.422264099121094,24.68342399597168,identifier,s3_files
52.92028045654297,33.01591110229492,identifier,filename
-10.734495162963867,-104.36360931396484,if,if
49.152374267578125,56.03723907470703,identifier,s3_key
-51.373104095458984,-152.831787109375,:,:
49.78630447387695,55.302490234375,identifier,s3_key
20.287263870239258,29.913908004760742,identifier,Key
-97.10400390625,1.059422492980957,(,(
92.78305053710938,-33.632293701171875,identifier,bucket
58.231590270996094,-140.9886474609375,),)
48.74004364013672,60.11143493652344,identifier,s3_key
-76.75813293457031,94.22422790527344,.,.
20.23849105834961,29.959732055664062,identifier,key
52.344390869140625,32.31395721435547,identifier,filename
48.709434509277344,60.208316802978516,identifier,s3_key
-76.99842834472656,93.97193908691406,.,.
-5.30397367477417,31.928916931152344,identifier,etag
4.494018077850342,35.81898498535156,"""","'""!""'"
-9.472245216369629,-112.39186096191406,if,if
27.82619857788086,68.82515716552734,identifier,s3_key
-75.97222137451172,86.45301055908203,.,.
-5.313029766082764,31.941532135009766,identifier,etag
-5.7008748054504395,-2.5316359996795654,:,:
-10.420780181884766,-5.732182502746582,-,-
17.169036865234375,-49.649444580078125,!=,!=
-0.9329663515090942,75.64440155029297,identifier,hash
-43.77808380126953,-161.2274627685547,:,:
25.742650985717773,72.47923278808594,identifier,s3_key
-70.54695892333984,71.42481994628906,.,.
-2.7448160648345947,52.59861373901367,identifier,set_contents_from_filename
-77.07049560546875,1.1948648691177368,(,(
-37.56171798706055,15.74700927734375,identifier,join
-80.87206268310547,1.9878219366073608,(,(
5.550040245056152,84.90708923339844,identifier,path
-68.57623291015625,-49.45417022705078,",",","
36.38591766357422,60.03075408935547,identifier,filename
78.894287109375,-150.6566162109375,),)
-85.91789245605469,-37.79705047607422,",",","
-1.1777839660644531,74.56175994873047,identifier,md5
-0.9528056383132935,75.49445343017578,identifier,hash
83.96334075927734,-129.17813110351562,),)
-234.21202087402344,-17.849607467651367,def,def
103.97063446044922,-5.287198066711426,identifier,insert_many
-169.72508239746094,17.079504013061523,(,(
-27.623626708984375,178.36647033691406,identifier,self
-114.58281707763672,-83.31134796142578,",",","
86.79743194580078,-11.856045722961426,identifier,data_dict
44.3532829284668,-199.48170471191406,),)
-85.84784698486328,-165.7347412109375,:,:
88.45967864990234,20.502981185913086,identifier,c
21.051448822021484,180.0802001953125,identifier,self
-59.971092224121094,111.52583312988281,.,.
89.78482818603516,9.880023002624512,identifier,database
-47.98728942871094,89.47084045410156,.,.
88.10235595703125,5.468330383300781,identifier,cursor
-111.28987121582031,36.05360412597656,(,(
42.2005500793457,-163.7947540283203,),)
88.5345458984375,20.46062660217285,identifier,c
-53.7103157043457,92.71479034423828,.,.
-20.62544059753418,59.09416580200195,identifier,execute
-90.92240142822266,23.50177001953125,(,(
46.85654067993164,-5.6150102615356445,"""","""BEGIN TRANSACTION;"""
38.48260498046875,-160.8390350341797,),)
-67.60570526123047,-168.91586303710938,:,:
10.303638458251953,-104.24381256103516,for,for
68.84564971923828,12.858087539672852,identifier,streamname
60.758026123046875,22.035320281982422,identifier,data_dict
-62.952457427978516,-159.95103454589844,:,:
-6.234353542327881,-95.89729309082031,if,if
64.56491088867188,12.935853004455566,identifier,streamname
25.74958610534668,172.59161376953125,identifier,self
-63.59407424926758,106.75636291503906,.,.
41.53845977783203,15.152098655700684,identifier,streams
-60.60190963745117,-143.12496948242188,:,:
-11.14108943939209,21.64409065246582,identifier,Exception
-88.23046875,19.49441909790039,(,(
33.52022933959961,3.9727895259857178,"""","""The stream '%s' was not found"""
-107.55529022216797,-3.160358428955078,(,(
50.688453674316406,29.54672622680664,identifier,streamname
-62.58920669555664,-86.47180938720703,",",","
64.24454498291016,-164.45880126953125,),)
44.90708541870117,-141.42823791503906,),)
8.764426231384277,-106.18348693847656,for,for
58.78611373901367,49.524658203125,identifier,dp
55.87221145629883,25.346235275268555,identifier,data_dict
49.89230728149414,30.338857650756836,identifier,streamname
-56.885528564453125,-160.38816833496094,:,:
16.766443252563477,16.95033836364746,identifier,validate
-93.1583023071289,5.415568828582764,(,(
46.83689880371094,73.05069732666016,identifier,dp
16.67645263671875,27.065275192260742,"""","""d"""
-72.3230972290039,-58.157875061035156,",",","
36.635501861572266,168.65223693847656,identifier,self
-73.60488891601562,100.85868835449219,.,.
41.5477294921875,15.215917587280273,identifier,streams
50.018306732177734,30.485836029052734,identifier,streamname
57.022403717041016,-139.45999145507812,),)
44.80998229980469,89.97784423828125,identifier,c
-68.21029663085938,77.24147033691406,.,.
-20.329181671142578,59.0052490234375,identifier,execute
-81.48263549804688,16.27223777770996,(,(
5.746287822723389,35.053279876708984,"""","""INSERT INTO cache VALUES (?,?,?);"""
-64.7623519897461,-51.9907112121582,",",","
-101.1606216430664,-8.801024436950684,(,(
32.499412536621094,49.18097686767578,identifier,streamname
-73.99344635009766,-47.56434631347656,",",","
46.27341842651367,73.6003646850586,identifier,dp
10.324315071105957,40.62346649169922,"""","""t"""
-74.2674331665039,-47.98181915283203,",",","
46.23172378540039,73.64209747314453,identifier,dp
10.440568923950195,40.69231033325195,"""","""d"""
81.34463500976562,-150.36000061035156,),)
75.7098388671875,-134.51824951171875,),)
-26.64105224609375,-159.36293029785156,:,:
44.11411666870117,90.37470245361328,identifier,c
-76.99175262451172,71.65001678466797,.,.
-20.065629959106445,58.93748474121094,identifier,execute
-75.74327087402344,16.95918846130371,(,(
1.6588222980499268,53.48729705810547,"""","""ROLLBACK;"""
72.65282440185547,-126.46714782714844,),)
44.02166748046875,90.4744644165039,identifier,c
-76.03367614746094,70.72593688964844,.,.
-5.568887710571289,55.81687545776367,identifier,exectute
-72.213134765625,-2.6694040298461914,(,(
1.6133164167404175,53.65321350097656,"""","""COMMIT;"""
85.56788635253906,-125.16862487792969,),)
-238.7958221435547,-16.354520797729492,def,def
97.05852508544922,-5.296810150146484,identifier,get_annotation_data_at_time
-168.54837036132812,14.115617752075195,(,(
-29.74335289001465,178.6631622314453,identifier,self
-112.56754302978516,-86.53062438964844,",",","
79.79915618896484,-10.849956512451172,identifier,id_tier
-102.53356170654297,-84.37590789794922,",",","
69.07262420654297,-23.105932235717773,identifier,time
40.65270233154297,-195.93006896972656,),)
-88.05332946777344,-169.21209716796875,:,:
-5.972230911254883,-89.05912780761719,if,if
20.320144653320312,177.20872497558594,identifier,self
-61.524696350097656,108.448486328125,.,.
45.38518524169922,10.610578536987305,identifier,tiers
56.56488037109375,14.096097946166992,identifier,id_tier
-63.70216751098633,-143.65370178222656,:,:
24.501506805419922,175.69842529296875,identifier,self
-74.55329895019531,114.4365234375,.,.
48.27143859863281,0.18088988959789276,identifier,get_ref_annotation_at_time
-106.9227066040039,13.74221420288086,(,(
56.835506439208984,14.01906681060791,identifier,id_tier
-77.67041015625,-68.53445434570312,",",","
69.03006744384766,-23.124935150146484,identifier,time
43.203041076660156,-154.0117950439453,),)
60.91384506225586,45.983516693115234,identifier,anns
28.354955673217773,172.94105529785156,identifier,self
-64.77483367919922,106.52684020996094,.,.
45.3543586730957,10.629520416259766,identifier,tiers
55.99410629272461,14.444938659667969,identifier,id_tier
2.744215726852417,-4.715396881103516,identifier,sorted
-93.62212371826172,12.737374305725098,(,(
-102.7968521118164,-7.690624713897705,(,(
35.1674919128418,169.2454071044922,identifier,self
-74.62836456298828,101.51099395751953,.,.
29.281801223754883,27.457176208496094,identifier,timeslots
49.83729553222656,73.25698852539062,identifier,m
-72.02690124511719,-60.028202056884766,",",","
35.43035125732422,168.9781494140625,identifier,self
-74.564453125,101.27678680419922,.,.
29.282955169677734,27.485977172851562,identifier,timeslots
49.75239181518555,73.27809143066406,identifier,m
-72.07946014404297,-59.623287200927734,",",","
49.72342300415039,73.10592651367188,identifier,m
65.84601593017578,-158.1348114013672,),)
23.75615692138672,-106.85920715332031,for,for
50.27735137939453,78.59669494628906,identifier,m
35.87892532348633,43.31679916381836,identifier,anns
-48.06553649902344,79.0508041381836,.,.
-19.379362106323242,68.48755645751953,identifier,values
-104.3816909790039,42.60029602050781,(,(
65.5567398071289,-143.8128662109375,),)
-16.37234878540039,-119.27897644042969,if,if
44.972049713134766,172.96847534179688,identifier,self
-83.76538848876953,93.43653869628906,.,.
17.958526611328125,47.281734466552734,identifier,timeslots
49.22541809082031,74.21080780029297,identifier,m
20.741640090942383,51.91481399536133,identifier,time
-10.499958038330078,-68.84046173095703,and,and
45.35182571411133,173.08863830566406,identifier,self
-83.81185150146484,93.36637115478516,.,.
17.944278717041016,47.300567626953125,identifier,timeslots
49.14364242553711,74.34317016601562,identifier,m
20.73232078552246,51.91959762573242,identifier,time
80.89987182617188,-132.4777069091797,),)
-231.9500274658203,-21.24515724182129,def,def
111.83648681640625,6.587490081787109,identifier,stack
-170.54541015625,19.661453247070312,(,(
-25.568775177001953,182.06790161132812,identifier,self
-116.60720825195312,-84.9023666381836,",",","
71.45712280273438,-26.928998947143555,identifier,size
49.20996856689453,-201.48477172851562,),)
-86.76920318603516,-161.6543426513672,:,:
-235.16139221191406,-26.013391494750977,def,def
98.39390563964844,-0.1749531328678131,identifier,tostacks
-162.40184020996094,15.86794662475586,(,(
87.0455322265625,-1.6154193878173828,identifier,partition
45.68352127075195,-193.7711181640625,),)
-80.32852935791016,-163.96591186523438,:,:
68.47547149658203,2.9144155979156494,identifier,keys
70.3407211303711,1.612378478050232,identifier,arrs
10.999040603637695,-102.22113800048828,for,for
69.87154388427734,15.033249855041504,identifier,key
-97.81343078613281,-72.93624114990234,",",","
63.68079376220703,8.930560111999512,identifier,arr
87.05006408691406,-1.6128523349761963,identifier,partition
-64.50560760498047,-159.68824768066406,:,:
68.40287017822266,2.9171037673950195,identifier,keys
-49.968406677246094,52.95265197753906,.,.
-49.45912170410156,49.98881912231445,identifier,append
-102.30386352539062,18.66584014892578,(,(
63.7125244140625,29.694299697875977,identifier,key
37.56482696533203,-158.0448455810547,),)
70.26224517822266,1.617625117301941,identifier,arrs
-49.98051452636719,52.907745361328125,.,.
-49.53837585449219,50.085166931152344,identifier,append
-102.29177856445312,18.66075325012207,(,(
63.58440017700195,8.907204627990723,identifier,arr
44.26305389404297,-157.71139526367188,),)
-9.405984878540039,-95.1024398803711,if,if
68.09027862548828,-28.7058048248291,identifier,size
-6.651588439941406,-70.57866668701172,and,and
68.09490966796875,-28.741809844970703,identifier,size
-27.851356506347656,-9.43215560913086,identifier,len
-117.44459533691406,10.622308731079102,(,(
62.064022064208984,32.024410247802734,identifier,keys
57.25421905517578,-162.95863342285156,),)
-59.76542663574219,-149.4949493408203,:,:
-101.8084716796875,-5.004360198974609,(,(
61.72493362426758,32.842987060546875,identifier,keys
-69.86975860595703,-62.91326904296875,",",","
25.758760452270508,-5.559945583343506,identifier,asarray
-103.97937774658203,6.865487098693848,(,(
58.100135803222656,34.41437911987305,identifier,arrs
66.13411712646484,-165.61341857910156,),)
45.37955856323242,-145.31552124023438,),)
61.62137985229492,33.48911666870117,identifier,keys
-92.27758026123047,-70.4720458984375,",",","
58.46681594848633,35.61632537841797,identifier,arrs
-65.44902801513672,-36.50691223144531,",",","
-14.030288696289062,-104.50505828857422,if,if
61.13751220703125,32.94282531738281,identifier,keys
-52.54551696777344,-150.80035400390625,:,:
-101.48637390136719,-5.152979373931885,(,(
61.50801467895508,32.93047332763672,identifier,keys
-69.70733642578125,-62.7116584777832,",",","
25.581750869750977,-5.484285354614258,identifier,asarray
-98.60818481445312,3.1565730571746826,(,(
58.08014678955078,34.4357795715332,identifier,arrs
71.98605346679688,-159.05856323242188,),)
54.98465347290039,-139.81398010253906,),)
19.95783805847168,41.790855407714844,identifier,rdd
38.31499099731445,171.38710021972656,identifier,self
-81.95451354980469,103.785888671875,.,.
19.718215942382812,41.33707809448242,identifier,_rdd
-63.13056564331055,77.52833557128906,.,.
12.60949420928955,24.277210235595703,identifier,mapPartitions
-89.71949005126953,0.7159867286682129,(,(
34.56123352050781,40.4582633972168,identifier,tostacks
64.72956085205078,-136.40652465820312,),)
41.64870071411133,173.0262908935547,identifier,self
-88.03562927246094,102.32006072998047,.,.
-7.531979560852051,42.320926666259766,identifier,_constructor
-79.65142822265625,-5.40509033203125,(,(
20.02364158630371,42.146026611328125,identifier,rdd
73.03311157226562,-146.32388305664062,),)
-71.73663330078125,76.4657211303711,.,.
-7.771881103515625,42.61854553222656,identifier,__finalize__
-78.43177032470703,-5.383904457092285,(,(
46.08074951171875,165.27415466308594,identifier,self
83.26759338378906,-125.3829574584961,),)
-240.8877716064453,-17.148813247680664,def,def
97.66781616210938,-6.401218891143799,identifier,get_initial_state_args
-169.66184997558594,9.330119132995605,(,(
81.03763580322266,-8.591644287109375,identifier,value_and_gradients_function
-102.61170196533203,-86.64339447021484,",",","
77.52169036865234,-7.659620761871338,identifier,initial_position
-101.08662414550781,-87.83633422851562,",",","
73.92786407470703,-7.811702728271484,identifier,grad_tolerance
-100.9617691040039,-98.86150360107422,",",","
72.14629364013672,-5.398809432983398,identifier,control_inputs
35.85346603393555,-195.85888671875,),)
-88.95304870605469,-171.90731811523438,:,:
-7.572075366973877,-91.4456558227539,if,if
62.96376037597656,0.8343930840492249,identifier,control_inputs
-63.80244064331055,-148.8572998046875,:,:
107.81124114990234,74.15605926513672,identifier,tf
-50.020137786865234,94.92277526855469,.,.
46.085872650146484,1.5088250637054443,identifier,control_dependencies
-108.14823150634766,12.246097564697266,(,(
62.70950698852539,1.114322304725647,identifier,control_inputs
55.79526138305664,-163.0010528564453,),)
-61.52027893066406,-156.092529296875,:,:
57.13405990600586,39.190338134765625,identifier,f0
-92.13008880615234,-71.79948425292969,",",","
57.612022399902344,37.86009979248047,identifier,df0
35.95628356933594,12.876025199890137,identifier,value_and_gradients_function
-104.35516357421875,11.118681907653809,(,(
52.84381103515625,24.56492805480957,identifier,initial_position
50.70108413696289,-151.6509246826172,),)
-8.395370483398438,-152.0485076904297,else,else
-22.648874282836914,-152.64833068847656,:,:
57.111572265625,39.086036682128906,identifier,f0
-91.53473663330078,-70.60035705566406,",",","
57.56867599487305,37.87655258178711,identifier,df0
35.910919189453125,13.237272262573242,identifier,value_and_gradients_function
-97.33799743652344,3.787961483001709,(,(
52.69487762451172,24.54022216796875,identifier,initial_position
54.4974479675293,-142.65255737304688,),)
49.224761962890625,49.72428894042969,identifier,converged
9.715352058410645,20.043989181518555,identifier,norm
-91.24879455566406,5.111993312835693,(,(
39.527809143066406,44.54071807861328,identifier,df0
-95.95057678222656,-43.51604461669922,",",","
16.484338760375977,5.281839847564697,identifier,dims
69.68766784667969,-153.3785400390625,),)
19.83306312561035,-37.521121978759766,<,<
32.58981704711914,38.74823760986328,identifier,grad_tolerance
-20.125181198120117,25.891239166259766,identifier,dict
-78.86598205566406,-9.930648803710938,(,(
24.176252365112305,55.146427154541016,identifier,converged
24.098651885986328,55.3746337890625,identifier,converged
-85.77706146240234,-43.05931854248047,",",","
-13.954224586486816,45.930572509765625,identifier,failed
107.56871795654297,75.49468231201172,identifier,tf
-60.75508117675781,68.00213623046875,.,.
2.022813558578491,41.27191925048828,identifier,zeros_like
-83.203125,2.618598461151123,(,(
24.027265548706055,55.542842864990234,identifier,converged
76.80702209472656,-151.5030059814453,),)
-84.60458374023438,-42.89902877807617,",",","
3.4255175590515137,55.25790023803711,identifier,num_iterations
108.38365936279297,75.78581237792969,identifier,tf
-65.96802520751953,65.2522964477539,.,.
-11.39154052734375,57.466556549072266,identifier,convert_to_tensor
-80.72943115234375,-13.775357246398926,(,(
-12.1596097946167,69.71141815185547,identifier,value
77.74836730957031,-150.17132568359375,),)
-83.62352752685547,-42.341861724853516,",",","
3.1598093509674072,55.606163024902344,identifier,num_objective_evaluations
108.45747375488281,75.91383361816406,identifier,tf
-66.04203033447266,65.16226959228516,.,.
-11.255160331726074,57.63792037963867,identifier,convert_to_tensor
-80.7156982421875,-13.881474494934082,(,(
-12.175092697143555,69.6309814453125,identifier,value
78.08612823486328,-149.89572143554688,),)
-82.89827728271484,-41.07148742675781,",",","
2.74108624458313,68.01006317138672,identifier,position
10.612079620361328,70.6034927368164,identifier,initial_position
-83.10653686523438,-40.41391372680664,",",","
2.2784667015075684,62.681922912597656,identifier,objective_value
10.205830574035645,72.88253021240234,identifier,f0
-83.00054168701172,-40.04900360107422,",",","
2.271839141845703,62.70364761352539,identifier,objective_gradient
10.217915534973145,72.84589385986328,identifier,df0
84.88835144042969,-131.60690307617188,),)
-237.72540283203125,-16.202735900878906,def,def
98.56272888183594,-5.866976261138916,identifier,_read_commits_from_pack
-167.58522033691406,14.232775688171387,(,(
-29.720008850097656,178.10777282714844,identifier,self
-112.87960052490234,-86.57758331298828,",",","
80.2211685180664,-11.808423042297363,identifier,packet_name
41.999595642089844,-196.29249572753906,),)
-85.61910247802734,-169.0131378173828,:,:
73.63861846923828,4.0245466232299805,identifier,filepath
47.55820846557617,-8.42394733428955,"""",'objects/pack/pack-'
-13.069457054138184,-27.64286231994629,+,+
59.853851318359375,12.344860076904297,identifier,packet_name
70.43768310546875,8.774787902832031,identifier,cmd_verify_pack
40.30527114868164,-3.496224880218506,"""",'git'
-82.21055603027344,-65.47089385986328,",",","
41.12879943847656,-3.1092357635498047,"""",'verify-pack'
-82.19086456298828,-65.43695831298828,",",","
38.98422622680664,-2.6256895065307617,"""",'-v'
-76.27185821533203,-65.52416229248047,",",","
56.23293685913086,17.71816062927246,identifier,filepath
56.290767669677734,59.34476852416992,identifier,outs
29.66668701171875,174.55130004882812,identifier,self
-77.47766876220703,111.94318389892578,.,.
32.14301300048828,14.430351257324219,identifier,_exec
-100.21226501464844,9.722782135009766,(,(
47.894508361816406,20.54853057861328,identifier,cmd_verify_pack
-95.65137481689453,-48.17818832397461,",",","
28.310483932495117,11.707545280456543,identifier,cwd
31.783056259155273,166.378662109375,identifier,self
-69.5480728149414,100.18885040283203,.,.
29.551860809326172,11.86915111541748,identifier,dirpath
-94.81302642822266,-47.40583038330078,",",","
19.302284240722656,11.9989595413208,identifier,env
33.172637939453125,166.29908752441406,identifier,self
-70.52369689941406,99.27349090576172,.,.
19.641403198242188,11.832653045654297,identifier,gitenv
51.90238571166992,-145.3758544921875,),)
56.17117691040039,59.60321044921875,identifier,outs
55.94458770751953,60.244384765625,identifier,outs
-43.95831298828125,75.40316772460938,.,.
-20.448768615722656,32.3056640625,identifier,decode
-86.76004028320312,10.122058868408203,(,(
3.9631617069244385,24.302865982055664,"""",'utf-8'
-95.86792755126953,-43.3923225402832,",",","
11.94578742980957,26.2742919921875,identifier,errors
11.466937065124512,27.02674674987793,"""",'surrogateescape'
69.29301452636719,-153.67628479003906,),)
-43.920921325683594,72.64042663574219,.,.
-25.497316360473633,20.093111038208008,identifier,rstrip
-102.92742919921875,41.11906433105469,(,(
63.02366256713867,-140.79837036132812,),)
68.41145324707031,52.07113265991211,identifier,lines
53.29117202758789,76.56394958496094,identifier,line
-42.33820724487305,74.27481842041016,.,.
-24.8631649017334,9.510144233703613,identifier,split
-70.12212371826172,14.8350248336792,(,(
-13.449999809265137,38.46629333496094,"""",' '
73.98766326904297,-152.62356567382812,),)
23.914627075195312,-105.55199432373047,for,for
52.52097702026367,77.66840362548828,identifier,line
55.81563186645508,60.58906173706055,identifier,outs
-42.08349609375,74.62596130371094,.,.
-24.998281478881836,9.617452621459961,identifier,split
-70.11113739013672,14.832304000854492,(,(
-12.767078399658203,38.54463195800781,"""",'\n'
76.26277923583984,-154.7259979248047,),)
17.01106834411621,85.48667907714844,identifier,commits
58.30794906616211,78.55027770996094,identifier,parts
23.748315811157227,-104.30073547363281,for,for
57.4644775390625,79.15815734863281,identifier,parts
70.36846160888672,51.923683166503906,identifier,lines
-16.585895538330078,-119.65225219726562,if,if
58.38568878173828,78.58743286132812,identifier,parts
14.498819351196289,-54.420101165771484,==,==
2.3476758003234863,52.0327262878418,"""",'commit'
17.129783630371094,85.29447937011719,identifier,commits
-72.0506820678711,69.13735961914062,.,.
-7.8382158279418945,57.293582916259766,identifier,reverse
-95.49851989746094,41.450103759765625,(,(
78.89266204833984,-123.7124252319336,),)
17.670997619628906,84.67315673828125,identifier,commits
-233.50389099121094,-21.6007080078125,def,def
102.98260498046875,2.515437126159668,identifier,evaluation
-163.86050415039062,16.86600685119629,(,(
84.56525421142578,-12.712889671325684,identifier,evaluation_id
50.105403900146484,-200.78179931640625,),)
-83.70939636230469,-162.74111938476562,:,:
75.59529113769531,7.3018598556518555,identifier,evaluation_obj
116.13264465332031,24.907127380371094,identifier,store
-47.08481979370117,90.13300323486328,.,.
86.83978271484375,4.338872909545898,identifier,get_evaluation
-110.44331359863281,18.272668838500977,(,(
60.37623596191406,11.055834770202637,identifier,evaluation_id
40.82148361206055,-162.62071228027344,),)
56.296669006347656,-6.061625957489014,identifier,controllers
-51.98139190673828,89.72293090820312,.,.
102.98583984375,2.585784435272217,identifier,evaluation
-110.07096862792969,15.863423347473145,(,(
116.63843536376953,24.144943237304688,identifier,store
-78.60115051269531,-69.39002990722656,",",","
60.893741607666016,11.10179615020752,identifier,evaluation_obj
42.48539352416992,-159.5302276611328,),)
-8.631470680236816,-91.64949035644531,if,if
34.254520416259766,-16.11513328552246,identifier,request
-52.376338958740234,99.1292953491211,.,.
-23.595670700073242,84.28582763671875,identifier,method
17.667835235595703,-60.1073112487793,==,==
43.409339904785156,-10.331879615783691,"""",'POST'
-63.314239501953125,-151.26242065429688,:,:
63.62398147583008,40.609275817871094,identifier,link
46.57070541381836,2.800368070602417,identifier,url_for
-95.33969116210938,19.184967041015625,(,(
37.6443977355957,0.1662539541721344,"""",'.variant'
-95.69094848632812,-49.11692810058594,",",","
53.46622848510742,10.896025657653809,identifier,institute_id
58.70337677001953,25.972261428833008,identifier,evaluation_obj
28.80193328857422,-0.11780991405248642,"""",'institute'
31.126544952392578,1.30708909034729,"""",'_id'
-93.63042449951172,-49.03779983520508,",",","
22.740306854248047,24.713369369506836,identifier,case_name
58.377540588378906,26.466346740722656,identifier,evaluation_obj
28.4243221282959,-0.14940296113491058,"""",'case'
20.63837242126465,24.274639129638672,"""",'display_name'
-92.68423461914062,-48.9738883972168,",",","
23.221435546875,26.806964874267578,identifier,variant_id
58.33930969238281,26.855077743530273,identifier,evaluation_obj
18.986513137817383,27.041349411010742,"""",'variant_specific'
54.61748123168945,-136.86659240722656,),)
117.27583312988281,26.335235595703125,identifier,store
-66.12384033203125,78.09455871582031,.,.
10.923669815063477,24.462295532226562,identifier,delete_evaluation
-90.74061584472656,-0.2443092316389084,(,(
34.18473434448242,44.046485900878906,identifier,evaluation_obj
62.397132873535156,-134.82345581054688,),)
-4.952905178070068,38.825199127197266,identifier,redirect
-86.61785888671875,-2.171888589859009,(,(
-5.263704299926758,38.183372497558594,identifier,link
64.49168395996094,-132.96649169921875,),)
-20.2368106842041,25.781164169311523,identifier,dict
-79.06227111816406,-10.025075912475586,(,(
9.411218643188477,48.57725143432617,identifier,evaluation
19.30019760131836,65.71161651611328,identifier,evaluation_obj
-85.61204528808594,-42.25013732910156,",",","
-5.242284297943115,71.3923568725586,identifier,institute
22.017919540405273,69.76243591308594,identifier,evaluation_obj
9.53176212310791,57.50708770751953,"""",'institute'
-85.07670593261719,-41.69318389892578,",",","
-3.595738172531128,67.87689971923828,identifier,case
22.110599517822266,69.83326721191406,identifier,evaluation_obj
8.863138198852539,57.4190788269043,"""",'case'
-84.36320495605469,-41.33525466918945,",",","
-1.987531065940857,70.45831298828125,identifier,variant
22.084239959716797,69.99381256103516,identifier,evaluation_obj
8.54240608215332,57.90510940551758,"""",'variant'
-84.51681518554688,-39.60662078857422,",",","
4.510353088378906,62.744014739990234,identifier,CRITERIA
4.564278602600098,62.711181640625,identifier,ACMG_CRITERIA
84.7020492553711,-130.74974060058594,),)
-234.82884216308594,-16.077228546142578,def,def
101.79190826416016,-3.854951858520508,identifier,encrypt_password
-170.75997924804688,16.25287628173828,(,(
-28.096006393432617,178.9072723388672,identifier,self
-113.68524932861328,-84.58423614501953,",",","
82.21756744384766,-36.190677642822266,identifier,email
-107.17036437988281,-82.21721649169922,",",","
86.19837188720703,-29.329322814941406,identifier,password
43.078651428222656,-199.60032653808594,),)
-85.11643981933594,-166.1154327392578,:,:
77.46891021728516,12.863447189331055,identifier,res
20.450441360473633,180.54678344726562,identifier,self
-61.29966735839844,111.59673309326172,.,.
107.2090835571289,26.560165405273438,identifier,session
-48.95655059814453,90.01200103759766,.,.
92.95803833007812,14.171910285949707,identifier,http
-48.869468688964844,88.58792114257812,.,.
-31.15422821044922,36.8370475769043,identifier,get
-108.64972686767578,17.879579544067383,(,(
19.63823890686035,175.42938232421875,identifier,self
-67.53626251220703,116.66506958007812,.,.
53.64407730102539,-0.749768078327179,identifier,_get_rsa_key_url
-97.9915542602539,-52.36461639404297,",",","
74.03758239746094,-35.90638732910156,identifier,params
45.2370491027832,-25.507909774780273,identifier,dict
-110.72579956054688,2.6265103816986084,(,(
58.40199279785156,4.301623344421387,identifier,username
82.09244537353516,-37.375953674316406,identifier,email
-96.15338897705078,-51.88385772705078,",",","
44.77065658569336,4.127303600311279,identifier,donotcache
22.55503273010254,170.2932586669922,identifier,self
-62.42949295043945,103.30113983154297,.,.
44.76350021362305,4.1406378746032715,identifier,donotcache
61.93124771118164,-165.74826049804688,),)
40.794681549072266,-152.39981079101562,),)
61.15993118286133,46.25422668457031,identifier,rsadata
28.100271224975586,173.2994384765625,identifier,self
-63.86611557006836,109.81581115722656,.,.
107.73937225341797,26.546112060546875,identifier,session
-55.62997817993164,80.298095703125,.,.
92.96221160888672,14.188920974731445,identifier,http
-55.9378776550293,79.95006561279297,.,.
56.66525650024414,71.46476745605469,identifier,json
-101.86846160888672,9.59660530090332,(,(
74.9345932006836,39.63414001464844,identifier,res
-96.54501342773438,-48.2213249206543,",",","
30.723552703857422,9.98011302947998,identifier,schema
30.698591232299805,168.02027893066406,identifier,self
-69.79969787597656,102.36064910888672,.,.
31.05000877380371,10.62562084197998,identifier,_rsa_key_schema
50.93489456176758,-146.55606079101562,),)
53.959442138671875,50.57851791381836,identifier,rsa
27.287181854248047,20.60558319091797,identifier,RSA
-60.26484680175781,80.34513854980469,.,.
18.533405303955078,16.223867416381836,identifier,construct
-92.94166564941406,9.06208324432373,(,(
-102.97618103027344,-7.993185520172119,(,(
48.77538299560547,64.34728240966797,identifier,rsadata
18.27274513244629,26.496511459350586,"""","""publickey_mod"""
-72.0893325805664,-59.62454605102539,",",","
48.7735710144043,64.3320541381836,identifier,rsadata
18.540889739990234,26.776578903198242,"""","""publickey_exp"""
68.61997985839844,-158.25099182128906,),)
56.638614654541016,-137.00416564941406,),)
28.65402603149414,63.130367279052734,identifier,cipher
3.477261781692505,34.517608642578125,identifier,PKCS1_v1_5
-64.694091796875,73.0419692993164,.,.
1.4597752094268799,35.239715576171875,identifier,new
-84.35966491699219,0.3470171391963959,(,(
25.564058303833008,62.87040710449219,identifier,rsa
67.22886657714844,-134.27090454101562,),)
-3.302652359008789,36.41691970825195,identifier,base64
-64.3545913696289,68.40697479248047,.,.
-2.2997872829437256,37.193729400634766,identifier,b64encode
-77.9479751586914,2.2931911945343018,(,(
28.583221435546875,63.20234298706055,identifier,cipher
-70.67402648925781,72.97000885009766,.,.
-10.329691886901855,46.718505859375,identifier,encrypt
-78.47627258300781,1.7833014726638794,(,(
18.11754608154297,50.77528762817383,identifier,password
-41.502079010009766,72.46468353271484,.,.
-18.80794334411621,33.95109939575195,identifier,encode
-68.00717163085938,16.281185150146484,(,(
-11.268901824951172,34.14908218383789,"""","""utf8"""
76.50540161132812,-153.31723022460938,),)
79.93502044677734,-148.65391540527344,),)
79.80750274658203,-147.8212432861328,),)
-68.9381103515625,-34.9737663269043,",",","
23.81867218017578,70.9755859375,identifier,rsadata
2.2694501876831055,57.481468200683594,"""","""timestamp"""
-236.4240264892578,-21.396387100219727,def,def
101.6219482421875,-6.9933762550354,identifier,process_data
-164.4142608642578,14.398980140686035,(,(
86.07472229003906,-5.645602703094482,identifier,rho
48.08746337890625,-201.70005798339844,),)
-85.0534439086914,-162.7449493408203,:,:
81.3249282836914,15.808467864990234,identifier,result
46.00104522705078,-26.12676429748535,identifier,dict
-110.99490356445312,30.95755958557129,(,(
41.90788650512695,-165.32601928710938,),)
77.60910034179688,7.114107608795166,identifier,num
14.026330947875977,-16.60890007019043,identifier,int
-113.73365020751953,18.476612091064453,(,(
99.05221557617188,78.12676239013672,identifier,np
-53.39363098144531,71.55682373046875,.,.
7.725627899169922,19.27055549621582,identifier,log2
-113.70667266845703,18.416961669921875,(,(
-27.72844886779785,-10.697651863098145,identifier,len
-116.63385772705078,12.194040298461914,(,(
68.70301818847656,20.240596771240234,identifier,rho
62.88362121582031,-168.5081329345703,),)
62.046173095703125,-167.69204711914062,),)
39.00675964355469,-159.5285186767578,),)
68.93208312988281,9.540701866149902,identifier,labels
1.712180733680725,-10.966919898986816,identifier,list
-97.96916961669922,17.18148422241211,(,(
2.494159698486328,0.8191620111465454,identifier,map
-98.07331085205078,17.76556396484375,(,(
35.16080093383789,-21.220911026000977,identifier,x
-46.829498291015625,-136.69509887695312,:,:
43.86872863769531,17.110431671142578,identifier,x
-56.62228012084961,86.62349700927734,.,.
49.31758117675781,-0.877334475517273,identifier,to_label
-108.9130859375,37.955020904541016,(,(
52.47013473510742,-168.42886352539062,),)
-73.49256896972656,-69.31440734863281,",",","
49.09712600708008,6.119064807891846,identifier,pauli_group
-108.70648956298828,11.089421272277832,(,(
54.114707946777344,17.92517852783203,identifier,num
64.27723693847656,-166.93601989746094,),)
61.51963424682617,-165.04078674316406,),)
41.0158805847168,-150.8258056640625,),)
59.836116790771484,45.21176528930664,identifier,values
1.2798978090286255,-10.541182518005371,identifier,list
-94.79065704345703,12.918620109558105,(,(
2.4313437938690186,0.9973660707473755,identifier,map
-94.98126220703125,13.318615913391113,(,(
35.14820098876953,-21.21404266357422,identifier,x
-46.09895706176758,-137.29029846191406,:,:
100.68394470214844,79.1634292602539,identifier,np
-57.686649322509766,70.75225830078125,.,.
29.83327865600586,3.681058168411255,identifier,real
-96.26542663574219,11.041706085205078,(,(
100.90462493896484,79.55192565917969,identifier,np
-57.53678512573242,70.14447784423828,.,.
14.055753707885742,16.95517921447754,identifier,trace
-96.41890716552734,10.520247459411621,(,(
101.30012512207031,79.4600601196289,identifier,np
-57.52712631225586,69.7317886352539,.,.
12.253579139709473,19.212560653686523,identifier,dot
-96.436767578125,9.977278709411621,(,(
43.85206985473633,17.17502784729004,identifier,x
-61.055397033691406,85.47415161132812,.,.
15.421727180480957,17.7138729095459,identifier,to_matrix
-105.03459167480469,39.291690826416016,(,(
76.36030578613281,-163.05960083007812,),)
-69.36267852783203,-57.06721496582031,",",","
67.89057159423828,21.59691619873047,identifier,rho
70.40470886230469,-160.14913940429688,),)
69.63774871826172,-159.6841278076172,),)
69.40788269042969,-159.44503784179688,),)
-68.57280731201172,-57.780731201171875,",",","
29.188154220581055,21.898693084716797,identifier,pauli_group
-96.7519302368164,2.417916774749756,(,(
54.038028717041016,17.996112823486328,identifier,num
72.52444458007812,-159.05435180664062,),)
68.19026947021484,-157.15237426757812,),)
53.59867477416992,-135.91851806640625,),)
6.28510046005249,-106.82318878173828,for,for
13.429362297058105,45.45217514038086,identifier,position
-96.63023376464844,-67.6104965209961,",",","
33.7965202331543,53.05164337158203,identifier,label
-64.58295440673828,8.131505012512207,identifier,enumerate
-64.80322265625,8.065092086791992,(,(
33.690834045410156,53.864925384521484,identifier,labels
66.79667663574219,-147.33885192871094,),)
-53.6702766418457,-162.1209716796875,:,:
26.664772033691406,85.50798034667969,identifier,result
33.81874465942383,52.711585998535156,identifier,label
33.865020751953125,67.2890853881836,identifier,values
13.422895431518555,45.48075866699219,identifier,position
22.57367515563965,84.18473052978516,identifier,result
-232.1853485107422,-13.40394115447998,def,def
100.02253723144531,-0.9985759854316711,identifier,var
-174.21005249023438,14.479371070861816,(,(
-26.260326385498047,182.74415588378906,identifier,self
-112.0306625366211,-89.91818237304688,",",","
81.44307708740234,1.008929967880249,identifier,y
-106.46411895751953,-96.22019958496094,",",","
75.10879516601562,-12.345376014709473,identifier,na_rm
-104.44863891601562,-97.30499267578125,",",","
67.7811508178711,-15.231732368469238,identifier,use
38.52492904663086,-197.77645874023438,),)
-87.08875274658203,-170.15213012695312,:,:
66.05175018310547,-8.396224975585938,identifier,symmetric
-9.888087272644043,-87.81027221679688,if,if
81.00003051757812,1.3983368873596191,identifier,y
-66.54227447509766,-145.7859649658203,:,:
80.87397766113281,1.47789466381073,identifier,y
16.726194381713867,173.0250701904297,identifier,self
66.01193237304688,-8.375405311584473,identifier,symmetric
-10.998006820678711,-91.96685791015625,if,if
66.64305114746094,-15.14212417602539,identifier,use
-63.009437561035156,-147.19000244140625,:,:
66.59310150146484,-15.143962860107422,identifier,use
40.78788375854492,-4.62689208984375,"""","""complete.obs"""
-15.12522029876709,-89.92443084716797,if,if
63.803428649902344,-1.7499500513076782,identifier,na_rm
2.212291717529297,-142.89471435546875,else,else
35.93653106689453,-3.3199617862701416,"""","""everything"""
-10.653165817260742,-98.56845092773438,if,if
27.853918075561523,169.53756713867188,identifier,self
-66.69588470458984,99.01847076416016,.,.
18.507823944091797,2.4818201065063477,identifier,nrow
20.107742309570312,-59.09227752685547,==,==
-5.248023986816406,-58.71717834472656,or,or
-105.27703094482422,-9.731549263000488,(,(
28.277191162109375,169.50465393066406,identifier,self
-66.60337829589844,98.5382080078125,.,.
18.96780014038086,2.588233470916748,identifier,ncol
20.601491928100586,-58.968570709228516,==,==
-7.666189670562744,-68.97533416748047,and,and
73.43817901611328,42.952022552490234,identifier,y
-64.54615783691406,92.96358489990234,.,.
19.14023208618164,2.6436498165130615,identifier,ncol
20.86209487915039,-58.834678649902344,==,==
62.58913803100586,-158.67135620117188,),)
-53.86156463623047,-147.64120483398438,:,:
-8.611626625061035,31.139259338378906,identifier,ExprNode
-93.15934753417969,6.720541954040527,(,(
15.228500366210938,27.559673309326172,"""","""var"""
-77.32467651367188,-56.623268127441406,",",","
39.893089294433594,163.37542724609375,identifier,self
-77.08956146240234,-56.42991638183594,",",","
73.67683410644531,43.5082893371582,identifier,y
-76.77140045166016,-55.438697814941406,",",","
25.854686737060547,45.93742370605469,identifier,use
-76.55841064453125,-55.20854187011719,",",","
24.742979049682617,48.05892562866211,identifier,symmetric
69.06641387939453,-154.06802368164062,),)
-71.57562255859375,77.96582794189453,.,.
12.644081115722656,22.101322174072266,identifier,_eager_scalar
-101.96039581298828,38.30990219116211,(,(
62.428550720214844,-142.09854125976562,),)
-0.44473522901535034,29.660358428955078,identifier,H2OFrame
-65.35872650146484,71.49903869628906,.,.
-6.7888407707214355,41.56275939941406,identifier,_expr
-81.09477233886719,-9.156405448913574,(,(
-6.779774188995361,41.08675003051758,identifier,expr
-8.605224609375,31.177528381347656,identifier,ExprNode
-82.41246032714844,-5.890274524688721,(,(
8.312917709350586,40.331607818603516,"""","""var"""
-75.35879516601562,-44.84700012207031,",",","
45.90008544921875,166.356201171875,identifier,self
-75.6213607788086,-44.786128997802734,",",","
73.74494171142578,43.67317199707031,identifier,y
-76.56830596923828,-44.475067138671875,",",","
25.8245906829834,45.99001693725586,identifier,use
-76.72935485839844,-44.44106674194336,",",","
24.712779998779297,48.107261657714844,identifier,symmetric
80.96366119384766,-150.75274658203125,),)
77.3100814819336,-144.1780548095703,),)
-71.75618743896484,76.60856628417969,.,.
-6.378725528717041,44.33658981323242,identifier,_frame
-97.51883697509766,41.79444885253906,(,(
82.19293212890625,-124.03870391845703,),)
-233.75033569335938,-14.900867462158203,def,def
102.54644775390625,-2.831444025039673,identifier,pause
-172.639892578125,16.611347198486328,(,(
-28.322996139526367,179.68382263183594,identifier,self
-114.37430572509766,-85.3064193725586,",",","
84.5468978881836,-14.91168212890625,identifier,signum
-108.93661499023438,-91.43158721923828,",",","
64.72036743164062,-26.77610969543457,identifier,seconds
-105.24644470214844,-95.9193115234375,",",","
73.4263687133789,-9.671000480651855,identifier,callback_function
39.1068229675293,-197.7538604736328,),)
-89.2120361328125,-169.31204223632812,:,:
-7.811977386474609,-87.45979309082031,if,if
67.49679565429688,0.06333339214324951,identifier,callback_function
-66.34294128417969,-146.31622314453125,:,:
67.55498504638672,0.10210003703832626,identifier,callback_function
21.725879669189453,175.0963592529297,identifier,self
-59.75402069091797,106.80374908447266,.,.
54.93789291381836,-0.09538212418556213,identifier,default_handler
-10.053082466125488,-92.09505462646484,if,if
64.59410095214844,-26.8634033203125,identifier,seconds
23.04887580871582,-41.755882263183594,>,>
-64.15970611572266,-150.29119873046875,:,:
25.798690795898438,178.49990844726562,identifier,self
-64.33267211914062,111.79051208496094,.,.
-12.035286903381348,95.08020782470703,identifier,log
-72.34194946289062,44.2263298034668,.,.
-61.03675842285156,33.67587661743164,identifier,info
-88.48932647705078,21.78630828857422,(,(
34.4974365234375,4.02850341796875,"""","""Signal handler pausing for {0} seconds or until it receives SIGALRM or SIGCONT"""
-47.97002410888672,-7.010143756866455,.,.
-45.36528015136719,-5.344604015350342,identifier,format
-106.76669311523438,0.3302380442619324,(,(
63.68710708618164,-27.750951766967773,identifier,seconds
65.35179138183594,-163.6864471435547,),)
44.05729293823242,-144.0372314453125,),)
22.908992767333984,102.64031982421875,identifier,signal
-64.300048828125,82.81403350830078,.,.
22.410844802856445,102.59233093261719,identifier,signal
-94.68629455566406,6.974322319030762,(,(
23.13006591796875,102.50184631347656,identifier,signal
-36.554622650146484,106.58553314208984,.,.
24.814393997192383,18.040775299072266,identifier,SIGALRM
-69.07623291015625,-59.870628356933594,",",","
27.37899398803711,49.05098342895508,identifier,callback_function
49.3941535949707,-142.0967254638672,),)
23.1605167388916,102.2091293334961,identifier,signal
-64.4544448852539,82.6433334350586,.,.
14.37204360961914,18.99725341796875,identifier,alarm
-97.9522476196289,5.141377925872803,(,(
63.612552642822266,-27.822641372680664,identifier,seconds
57.54460906982422,-145.1695556640625,),)
-10.852293968200684,-153.54344177246094,else,else
-23.273231506347656,-154.95347595214844,:,:
38.19755935668945,174.52696228027344,identifier,self
-84.79112243652344,105.22126770019531,.,.
-10.55116081237793,95.3520736694336,identifier,log
-69.74585723876953,44.5067253112793,.,.
-59.542877197265625,34.706851959228516,identifier,info
-81.10335540771484,17.967636108398438,(,(
8.914387702941895,34.326839447021484,"""",'Signal handler pausing until it receives SIGALRM or SIGCONT'
64.4794921875,-127.2126693725586,),)
22.77143096923828,101.01947784423828,identifier,signal
-75.0899429321289,74.67749786376953,.,.
22.211610794067383,101.20464324951172,identifier,signal
-84.99861907958984,-1.6628886461257935,(,(
23.26120376586914,100.85295867919922,identifier,signal
-35.064998626708984,106.21465301513672,.,.
9.334986686706543,34.77484893798828,identifier,SIGCONT
-70.5481185913086,-49.78097915649414,",",","
27.29468536376953,49.17413330078125,identifier,callback_function
67.70474243164062,-129.78526306152344,),)
22.851987838745117,100.596435546875,identifier,signal
-74.7505111694336,74.11611938476562,.,.
-3.984541416168213,46.29725646972656,identifier,pause
-98.24557495117188,39.76879119873047,(,(
69.39835357666016,-126.26295471191406,),)
45.71706771850586,177.31613159179688,identifier,self
-90.13565826416016,96.36649322509766,.,.
-11.151496887207031,96.477294921875,identifier,log
-67.83796691894531,44.02933120727539,.,.
-58.538368225097656,33.772151947021484,identifier,info
-77.46785736083984,17.369007110595703,(,(
1.8077306747436523,49.882080078125,"""",'Signal handler resuming from pause'
72.7292251586914,-127.20738983154297,),)
-6.604222297668457,-114.33090209960938,if,if
6.245845317840576,73.66877746582031,identifier,signum
15.16885757446289,-53.30831527709961,==,==
23.43760108947754,100.33518981933594,identifier,signal
-33.43810272216797,105.50569915771484,.,.
10.124632835388184,54.885032653808594,identifier,SIGALRM
-41.204734802246094,-160.81243896484375,:,:
-10.370387077331543,-159.7198028564453,else,else
-22.456247329711914,-161.18658447265625,:,:
-239.4980926513672,-17.971757888793945,def,def
96.90447235107422,-2.7992167472839355,identifier,execute_pipeline
-170.49331665039062,11.277253150939941,(,(
105.91285705566406,42.906028747558594,identifier,pipeline
-109.65731048583984,-90.63884735107422,",",","
82.24113464355469,-10.508342742919922,identifier,environment_dict
-104.44569396972656,-96.58263397216797,",",","
76.64256286621094,-9.397122383117676,identifier,run_config
38.76054382324219,-195.92637634277344,),)
-85.02523040771484,-170.77273559570312,:,:
97.06539154052734,12.067002296447754,identifier,check
-51.3596076965332,94.506103515625,.,.
50.341880798339844,-2.873044013977051,identifier,inst_param
-110.81476593017578,14.679255485534668,(,(
105.88865661621094,42.72080993652344,identifier,pipeline
-51.29545211791992,-63.359832763671875,",",","
47.733734130859375,-6.908160209655762,"""",'pipeline'
-74.96092224121094,-72.67675018310547,",",","
53.85086441040039,-8.569629669189453,identifier,PipelineDefinition
39.22038269042969,-157.54547119140625,),)
71.05548858642578,9.825552940368652,identifier,environment_dict
97.06072235107422,12.08154296875,identifier,check
-50.9520263671875,94.74829864501953,.,.
49.94744873046875,-2.3544857501983643,identifier,opt_dict_param
-107.48192596435547,12.223115921020508,(,(
62.39537048339844,20.94449806213379,identifier,environment_dict
-51.28815460205078,-63.354774475097656,",",","
39.93073654174805,0.4145953357219696,"""",'environment_dict'
44.29499435424805,-152.1224822998047,),)
56.66615295410156,44.40726089477539,identifier,run_config
34.63530349731445,9.627265930175781,identifier,check_run_config_param
-104.05321502685547,10.074695587158203,(,(
53.4597282409668,25.18752670288086,identifier,run_config
49.26552963256836,-146.87716674804688,),)
54.895912170410156,48.129234313964844,identifier,environment_config
19.499074935913086,15.950654983520508,identifier,create_environment_config
-96.38744354248047,4.829113483428955,(,(
106.00880432128906,43.86925506591797,identifier,pipeline
-75.47504425048828,-59.18861389160156,",",","
37.33485794067383,36.451541900634766,identifier,environment_dict
54.773353576660156,-142.47119140625,),)
49.00959396362305,50.800262451171875,identifier,intermediates_manager
14.253116607666016,22.725448608398438,identifier,construct_intermediates_manager
-91.75677490234375,2.6103720664978027,(,(
37.33436965942383,45.83924865722656,identifier,run_config
-74.71149444580078,-56.642669677734375,",",","
37.36564254760742,46.05026626586914,identifier,environment_config
-74.06488800048828,-56.740150451660156,",",","
106.08983612060547,44.143001556396484,identifier,pipeline
61.54665756225586,-136.73045349121094,),)
7.2120280265808105,43.06423568725586,identifier,_pipeline_execution_context_manager
-82.35321044921875,-3.807236433029175,(,(
105.90882873535156,44.95037078857422,identifier,pipeline
-74.44163513183594,-51.78299331665039,",",","
37.28266906738281,46.95751953125,identifier,environment_config
-74.68330383300781,-51.5035400390625,",",","
37.291053771972656,47.03954315185547,identifier,run_config
-74.9873275756836,-51.24573516845703,",",","
21.854095458984375,61.43050003051758,identifier,intermediates_manager
75.42774200439453,-142.37933349609375,),)
19.958738327026367,68.47946166992188,identifier,pipeline_context
-53.36625289916992,-164.25445556640625,:,:
31.066997528076172,59.62252426147461,identifier,event_list
0.03968668729066849,-9.978628158569336,identifier,list
-78.5206298828125,4.769446849822998,(,(
0.3794887661933899,51.94590759277344,identifier,_execute_pipeline_iterator
-81.24905395507812,-0.3859059512615204,(,(
19.113506317138672,68.74478912353516,identifier,pipeline_context
79.42565155029297,-151.55239868164062,),)
72.74610900878906,-133.37437438964844,),)
-5.859836578369141,51.740482330322266,identifier,PipelineExecutionResult
-76.1602554321289,-6.760712146759033,(,(
105.80362701416016,45.37734603881836,identifier,pipeline
-74.01985931396484,-42.31396484375,",",","
13.339109420776367,74.12934875488281,identifier,run_config
-78.77474975585938,82.13064575195312,.,.
0.13366854190826416,64.04276275634766,identifier,run_id
-76.16527557373047,-41.902347564697266,",",","
15.555627822875977,67.85030364990234,identifier,event_list
-76.377197265625,-41.814754486083984,",",","
-45.637672424316406,-137.6483154296875,:,:
-0.7434850335121155,56.679656982421875,identifier,_pipeline_execution_context_manager
-76.81548309326172,-5.456755638122559,(,(
105.79818725585938,45.38408279418945,identifier,pipeline
-74.54832458496094,-40.153316497802734,",",","
11.92043399810791,74.56527709960938,identifier,environment_config
-74.29034423828125,-40.15216827392578,",",","
11.915129661560059,74.53905487060547,identifier,run_config
-73.96675109863281,-40.230037689208984,",",","
12.40017032623291,71.29058837890625,identifier,intermediates_manager
82.61273956298828,-148.3049774169922,),)
-60.36098861694336,-86.5964126586914,",",","
85.75821685791016,-131.9595947265625,),)
-233.35975646972656,-18.82695770263672,def,def
100.8563232421875,-9.6373929977417,identifier,redraw_label
-167.4123992919922,19.154041290283203,(,(
-23.04148292541504,178.3948516845703,identifier,self
47.00423049926758,-199.55540466308594,),)
-83.10926055908203,-164.1431884765625,:,:
77.85355377197266,3.82658314704895,identifier,sx
-93.95991516113281,-75.46318817138672,",",","
78.43655395507812,1.532920241355896,identifier,sy
16.826351165771484,176.9310302734375,identifier,self
-57.592750549316406,108.50850677490234,.,.
71.59406280517578,-26.048063278198242,identifier,size
77.93566131591797,3.772257089614868,identifier,x
-93.70085144042969,-75.39910125732422,",",","
78.71724700927734,1.5786093473434448,identifier,y
17.297868728637695,176.37930297851562,identifier,self
-57.8485107421875,108.57831573486328,.,.
57.84067916870117,-0.3376123607158661,identifier,pos
29.494924545288086,183.09275817871094,identifier,self
-68.63774871826172,113.49504089355469,.,.
62.92033004760742,60.90751647949219,identifier,_label
-56.76228713989258,96.21271514892578,.,.
54.8321418762207,4.607213497161865,identifier,font_name
19.39894676208496,172.06558227539062,identifier,self
-61.316776275634766,102.63929748535156,.,.
54.60573196411133,4.590557098388672,identifier,font_name
30.674175262451172,182.7637481689453,identifier,self
-69.63939666748047,113.14462280273438,.,.
62.55436706542969,61.0552864074707,identifier,_label
-57.72500991821289,95.82942199707031,.,.
53.39445877075195,5.138882637023926,identifier,font_size
22.7939453125,168.072509765625,identifier,self
-62.250125885009766,102.0350112915039,.,.
53.4094123840332,4.900328159332275,identifier,font_size
31.699291229248047,182.12338256835938,identifier,self
-70.23231506347656,112.36271667480469,.,.
62.37517166137695,61.0718994140625,identifier,_label
-58.08128356933594,95.4237060546875,.,.
39.734588623046875,6.809963226318359,identifier,font_color
27.19957160949707,165.32357788085938,identifier,self
-63.29296875,101.3969497680664,.,.
40.111148834228516,7.2812676429748535,identifier,font_color
33.98578643798828,181.50186157226562,identifier,self
-73.0123519897461,109.86457824707031,.,.
61.66425323486328,61.34872817993164,identifier,_label
-75.97113800048828,95.59796142578125,.,.
13.820072174072266,8.715696334838867,identifier,x
12.516307830810547,-16.042869567871094,identifier,int
-100.37857055664062,5.722478866577148,(,(
13.778799057006836,8.455046653747559,identifier,x
-13.390107154846191,-18.816747665405273,+,+
13.643407821655273,8.028499603271484,identifier,sx
50.06538391113281,-143.3586883544922,),)
36.299137115478516,179.93931579589844,identifier,self
-82.80326080322266,100.50659942626953,.,.
61.29351043701172,61.5114860534668,identifier,_label
-76.68968963623047,95.64376831054688,.,.
12.397475242614746,10.310626029968262,identifier,y
11.92143440246582,-16.283777236938477,identifier,int
-99.90290832519531,4.565525054931641,(,(
12.217028617858887,10.219945907592773,identifier,y
-13.434615135192871,-18.477523803710938,+,+
11.624507904052734,9.685998916625977,identifier,sy
56.323551177978516,-140.40174865722656,),)
39.1515998840332,179.89096069335938,identifier,self
-83.34561920166016,99.6170654296875,.,.
60.79949951171875,62.046138763427734,identifier,_label
-77.2572021484375,94.2057113647461,.,.
11.116692543029785,33.35532760620117,identifier,width
42.940799713134766,167.7663116455078,identifier,self
-78.85842895507812,90.08589172363281,.,.
16.209030151367188,45.136898040771484,identifier,size
41.08839416503906,179.4250030517578,identifier,self
-83.87262725830078,99.4010238647461,.,.
60.603294372558594,62.293800354003906,identifier,_label
-77.73409271240234,93.81342315673828,.,.
10.93651294708252,33.536285400390625,identifier,height
43.61021423339844,167.9910888671875,identifier,self
-78.85314178466797,89.94816589355469,.,.
16.202550888061523,45.158409118652344,identifier,size
46.88119888305664,176.05203247070312,identifier,self
-87.40699768066406,95.53770446777344,.,.
60.32879638671875,62.67808532714844,identifier,_label
-73.19860076904297,71.71588897705078,.,.
-6.770153522491455,45.12078857421875,identifier,_update
-95.9510498046875,40.3726806640625,(,(
83.35456848144531,-123.79381561279297,),)
-240.44790649414062,-20.057043075561523,def,def
100.70854949951172,-3.0989320278167725,identifier,snip_print
-171.4665069580078,11.080924987792969,(,(
88.9308853149414,-18.776273727416992,identifier,str
-109.14734649658203,-91.52806091308594,",",","
71.93793487548828,-29.47014045715332,identifier,width
-104.92479705810547,-94.97554779052734,",",","
74.14383697509766,-10.913119316101074,identifier,print_full
-102.88542175292969,-97.9594955444336,",",","
65.24018859863281,-18.04637908935547,identifier,header
40.6987419128418,-27.549877166748047,"""",''
37.4901123046875,-197.2647705078125,),)
-89.92127227783203,-170.40771484375,:,:
-8.433165550231934,-87.07284545898438,if,if
65.34590911865234,0.08919268846511841,identifier,print_full
18.48253631591797,-61.64775085449219,==,==
-65.86430358886719,-143.3302001953125,:,:
30.724828720092773,96.35123443603516,identifier,page
-109.2613296508789,16.658466339111328,(,(
64.53316497802734,-18.072240829467773,identifier,header
-12.171650886535645,-25.70172882080078,+,+
48.8214225769043,-39.38962173461914,identifier,str
35.88025665283203,-158.25326538085938,),)
64.6461410522461,-18.0725040435791,identifier,header
-82.60722351074219,-69.38552856445312,",",","
-5.622790336608887,-93.35823822021484,if,if
-28.495317459106445,-9.623980522155762,identifier,len
-118.29345703125,10.356078147888184,(,(
49.51908874511719,-39.63328170776367,identifier,str
65.7453384399414,-172.07748413085938,),)
18.45169448852539,-37.11069869995117,<,<
71.50772857666016,-30.4681339263916,identifier,width
-60.88417053222656,-144.1841278076172,:,:
49.698638916015625,-39.9449348449707,identifier,str
52.54001998901367,57.41196823120117,identifier,snip
-7.800082683563232,-151.41282653808594,else,else
-23.619054794311523,-151.86834716796875,:,:
12.028186798095703,-3.521899700164795,identifier,whalf
13.064006805419922,-15.837522506713867,identifier,int
-98.03765869140625,13.2501802444458,(,(
-104.47860717773438,-11.122488021850586,(,(
71.56124114990234,-30.368179321289062,identifier,width
-10.393636703491211,-7.548995018005371,-,-
67.44451904296875,-168.8796844482422,),)
49.590423583984375,-149.18963623046875,),)
50.676856994628906,-40.868099212646484,identifier,str
-5.672099590301514,-4.126988887786865,:,:
11.962368965148926,-2.8036248683929443,identifier,whalf
-15.420467376708984,-23.090736389160156,+,+
25.223003387451172,5.959800720214844,"""",' <...> '
-16.659704208374023,-27.333675384521484,+,+
50.79704284667969,-40.98894500732422,identifier,str
-10.78828239440918,-6.813600063323975,-,-
11.963656425476074,-2.872178792953491,identifier,whalf
-4.220508575439453,-2.335571765899658,:,:
52.22684097290039,57.34341049194336,identifier,snip
-11.696813583374023,-107.68012237548828,if,if
51.467254638671875,57.257545471191406,identifier,snip
-9.28519344329834,-68.60346221923828,and,and
30.5688533782959,41.91151428222656,identifier,print_full
20.09541893005371,-56.245689392089844,==,==
-49.883636474609375,-156.688720703125,:,:
-8.232536315917969,-109.85498809814453,if,if
-1.0382823944091797,39.36396026611328,identifier,raw_input
-86.70792388916016,2.3836638927459717,(,(
45.14503479003906,35.14060974121094,identifier,header
-18.07710075378418,-22.75727081298828,+,+
3.9510226249694824,38.88128662109375,"""",' Snipped. View (y/n)? [N]'
76.47571563720703,-144.28793334960938,),)
-43.528228759765625,71.7343521118164,.,.
16.594478607177734,-25.930034637451172,identifier,lower
-103.53587341308594,44.96613693237305,(,(
79.85147857666016,-160.71575927734375,),)
14.34050178527832,-54.8835563659668,==,==
-8.464181900024414,38.527469635009766,"""",'y'
-43.01139831542969,-160.4268035888672,:,:
30.71759605407715,96.34120178222656,identifier,page
-73.62849426269531,-1.57244074344635,(,(
48.188758850097656,-39.87127685546875,identifier,str
76.65203857421875,-127.91513061523438,),)
17.585166931152344,81.3109130859375,identifier,snip
-241.54946899414062,-20.16156578063965,def,def
101.26010131835938,-2.292717218399048,identifier,ngramize
-172.1636199951172,9.779216766357422,(,(
88.94611358642578,-12.341841697692871,identifier,items
-94.61996459960938,-157.69248962402344,:,:
50.89086151123047,-24.20802116394043,identifier,List
47.66773223876953,-35.96379470825195,identifier,str
-106.83164978027344,-93.63468170166016,",",","
77.75370025634766,-9.144552230834961,identifier,ngram_range
-111.17289733886719,-8.830665588378906,(,(
-67.30233764648438,-69.40637969970703,",",","
59.45184326171875,-171.58050537109375,),)
35.74901580810547,-199.84368896484375,),)
97.44754028320312,-12.53746223449707,identifier,Generator
50.88520431518555,-24.17078971862793,identifier,List
48.533267974853516,-35.620201110839844,identifier,str
-80.607421875,-80.14009094238281,",",","
49.58367156982422,-34.60169982910156,identifier,Any
-80.49785614013672,-80.07341003417969,",",","
-87.7988052368164,-174.1252899169922,:,:
77.24020385742188,15.82504940032959,identifier,ngrams
52.559696197509766,20.557193756103516,identifier,ranges
-105.95262145996094,-6.895274639129639,(,(
-69.21820831298828,-68.8613052368164,",",","
29.683692932128906,-27.004684448242188,identifier,i
58.98591613769531,-169.22911071777344,),)
21.434341430664062,-105.65666961669922,for,for
31.502891540527344,-20.603309631347656,identifier,i
9.413172721862793,-7.665884971618652,identifier,range
-99.21489715576172,14.141861915588379,(,(
57.85349655151367,23.91189956665039,identifier,ngram_range
-72.99234771728516,-64.69051361083984,",",","
57.889244079589844,24.005701065063477,identifier,ngram_range
-11.004110336303711,-18.984546661376953,+,+
64.48128509521484,-161.9046630859375,),)
7.234679698944092,-104.77436065673828,for,for
24.70966339111328,-23.091503143310547,identifier,r
52.63278579711914,20.807451248168945,identifier,ranges
-57.867828369140625,-160.78302001953125,:,:
62.74583435058594,52.791770935058594,identifier,ngrams
1.2637968063354492,-10.020195007324219,identifier,list
-93.28143310546875,11.041850090026855,(,(
-3.8728222846984863,8.222137451171875,identifier,zip
-93.13164520263672,10.739028930664062,(,(
31.962345123291016,27.792041778564453,identifier,items
26.246383666992188,-27.216304779052734,identifier,j
-4.3811187744140625,-2.1440529823303223,:,:
23.21743392944336,-106.22958374023438,for,for
25.526809692382812,-21.815101623535156,identifier,j
9.165736198425293,-7.343313694000244,identifier,range
-89.93719482421875,6.57596492767334,(,(
23.857898712158203,-24.81467628479004,identifier,r
72.82610321044922,-157.7294921875,),)
68.88409423828125,-157.339599609375,),)
56.15924072265625,-136.30584716796875,),)
30.7321720123291,56.39306640625,identifier,formatted_ngrams
-13.697624206542969,39.772945404052734,"""",' '
-42.6461296081543,14.98666763305664,.,.
-39.73896789550781,15.26687240600586,identifier,join
-82.09310913085938,6.228308200836182,(,(
54.345542907714844,76.87222290039062,identifier,item
73.16364288330078,-149.68516540527344,),)
24.018125534057617,-105.09564208984375,for,for
53.57101058959961,78.90550994873047,identifier,item
25.350595474243164,63.46212387084961,identifier,ngrams
19.001312255859375,81.06132507324219,identifier,formatted_ngrams
-237.59658813476562,-22.711856842041016,def,def
100.6648178100586,-7.269628047943115,identifier,_iter_code
-164.90599060058594,15.089327812194824,(,(
89.9628677368164,-15.537936210632324,identifier,code
48.663307189941406,-200.75843811035156,),)
-87.69915008544922,-160.88882446289062,:,:
90.84198760986328,-3.2749907970428467,identifier,array
90.8344955444336,-3.2761151790618896,identifier,array
94.054931640625,2.2618722915649414,identifier,dis
60.54127502441406,-11.192286491394043,identifier,HAVE_ARGUMENT
-81.95950317382812,-77.0749282836914,",",","
60.52924346923828,-11.202693939208984,identifier,EXTENDED_ARG
74.87727355957031,11.172699928283691,identifier,bytes
90.35105895996094,-2.901883363723755,identifier,array
-107.16364288330078,17.286052703857422,(,(
40.769386291503906,-10.24881649017334,"""",'b'
-74.3912124633789,-72.00969696044922,",",","
80.94770050048828,27.573816299438477,identifier,code
-59.22870635986328,101.185546875,.,.
57.97890853881836,6.607038497924805,identifier,co_code
40.61491394042969,-157.1498260498047,),)
67.98619842529297,7.8407440185546875,identifier,eof
-27.342363357543945,-10.12309741973877,identifier,len
-116.54362487792969,11.174159049987793,(,(
80.93946075439453,27.580188751220703,identifier,code
-59.4005012512207,101.10969543457031,.,.
57.98884582519531,6.637333393096924,identifier,co_code
44.47220230102539,-155.9285125732422,),)
74.92485046386719,77.16011810302734,identifier,ptr
60.7326774597168,41.653465270996094,identifier,extended_arg
6.417215347290039,-98.66970825195312,while,while
74.95018768310547,76.59546661376953,identifier,ptr
17.77406120300293,-37.002925872802734,<,<
47.88572311401367,17.65821647644043,identifier,eof
-60.72622299194336,-162.93429565429688,:,:
37.63063049316406,27.406951904296875,identifier,op
33.84634780883789,25.770112991333008,identifier,bytes
74.91939544677734,76.2562255859375,identifier,ptr
-9.901061058044434,-101.93595886230469,if,if
37.256202697753906,27.551090240478516,identifier,op
20.592878341674805,33.71799087524414,identifier,HAVE_ARGUMENT
-53.14299011230469,-152.82078552246094,:,:
51.88610076904297,51.900699615478516,identifier,arg
33.769561767578125,25.868223190307617,identifier,bytes
74.53971099853516,75.62071990966797,identifier,ptr
-11.238432884216309,-17.297351837158203,+,+
-14.998150825500488,-20.517635345458984,+,+
33.76594543457031,25.881662368774414,identifier,bytes
74.46648406982422,75.71449279785156,identifier,ptr
-11.444384574890137,-17.07842254638672,+,+
-14.59802532196045,-20.352754592895508,+,+
35.972312927246094,40.935909271240234,identifier,extended_arg
73.12542724609375,76.29139709472656,identifier,ptr
-10.64714527130127,-109.96216583251953,if,if
37.064266204833984,27.65247917175293,identifier,op
15.376348495483398,-56.03903579711914,==,==
20.5354061126709,33.80686950683594,identifier,EXTENDED_ARG
-46.681365966796875,-158.16259765625,:,:
31.367443084716797,62.32090759277344,identifier,extended_arg
31.107669830322266,64.68539428710938,identifier,arg
-4.353335380554199,17.71335792541504,identifier,compat
-62.96448516845703,68.51507568359375,.,.
1.2236946821212769,41.465065002441406,identifier,long_type
-83.7167739868164,1.5156821012496948,(,(
70.31884765625,-135.66062927246094,),)
-11.68245792388916,-158.89120483398438,else,else
-23.47270393371582,-159.87168884277344,:,:
31.05146598815918,64.7975082397461,identifier,arg
72.86558532714844,76.32740783691406,identifier,ptr
22.17759895324707,77.7076416015625,identifier,op
-68.89546966552734,-35.853759765625,",",","
20.74295425415039,78.61872863769531,identifier,arg
-238.16763305664062,-15.527572631835938,def,def
99.56280517578125,-4.607881546020508,identifier,refactor_step
-171.4478759765625,14.747028350830078,(,(
-28.50372886657715,177.6280975341797,identifier,self
-111.89896392822266,-84.28856658935547,",",","
83.68106842041016,-11.303430557250977,identifier,old_text
-104.81504821777344,-86.17744445800781,",",","
80.10504150390625,-12.757465362548828,identifier,new_text
-102.00239562988281,-87.96517181396484,",",","
74.51414489746094,-8.002141952514648,identifier,move_param_from_idx
38.06647872924805,-195.15512084960938,),)
-86.67403411865234,-171.32601928710938,:,:
79.12649536132812,17.238679885864258,identifier,diffs
59.778953552246094,-36.45466995239258,identifier,step
-93.53634643554688,-73.33024597167969,",",","
78.28478240966797,31.709543228149414,identifier,func
24.15716552734375,175.67855834960938,identifier,self
-74.14249420166016,115.16199493408203,.,.
49.76009750366211,0.12625442445278168,identifier,_find_step_node
-107.80119323730469,13.918832778930664,(,(
59.56148910522461,16.127090454101562,identifier,old_text
43.25680160522461,-157.51397705078125,),)
-12.089831352233887,-90.93574523925781,if,if
59.56958770751953,-36.61451721191406,identifier,step
-61.00093078613281,-141.66244506835938,:,:
78.99223327636719,17.74314308166504,identifier,diffs
58.514183044433594,44.76377868652344,identifier,step_diff
29.665748596191406,174.25807189941406,identifier,self
-76.2789306640625,112.24893951416016,.,.
34.061744689941406,11.40091323852539,identifier,_refactor_step_text
-102.56922149658203,10.689745903015137,(,(
59.3853874206543,-36.76193618774414,identifier,step
-76.24224090576172,-62.104347229003906,",",","
50.840065002441406,23.349327087402344,identifier,old_text
-76.50140380859375,-61.15425109863281,",",","
50.74034881591797,23.704967498779297,identifier,new_text
50.1083869934082,-146.27146911621094,),)
63.52569580078125,52.87510681152344,identifier,diffs
-52.25638198852539,53.131202697753906,.,.
-50.77876281738281,49.25039291381836,identifier,append
-90.25740814208984,14.486407279968262,(,(
45.784088134765625,26.59453773498535,identifier,step_diff
55.36050796508789,-143.2609405517578,),)
49.35304641723633,50.74544906616211,identifier,moved_params
36.8250846862793,172.03424072265625,identifier,self
-79.59442138671875,107.94038391113281,.,.
14.51029109954834,21.65410041809082,identifier,_move_params
-91.74849700927734,3.5510339736938477,(,(
37.442806243896484,87.9076919555664,identifier,func
-72.55328369140625,89.66586303710938,.,.
15.105401039123535,47.90391159057617,identifier,arguments
-72.21382141113281,-56.81155776977539,",",","
32.85919189453125,38.742164611816406,identifier,move_param_from_idx
61.78288269042969,-137.2852325439453,),)
-9.837281227111816,-109.88505554199219,if,if
37.986053466796875,87.63835144042969,identifier,func
-76.53350067138672,87.77583312988281,.,.
15.147896766662598,48.33533477783203,identifier,arguments
20.331623077392578,62.1719856262207,identifier,moved_params
-48.900081634521484,-158.11463928222656,:,:
31.78692626953125,58.669559478759766,identifier,params_span
42.661949157714844,171.87669372558594,identifier,self
-88.359130859375,100.80789947509766,.,.
1.2693485021591187,45.05826187133789,identifier,_span_for_node
-82.20996856689453,-0.03077652119100094,(,(
37.834659576416016,88.10810089111328,identifier,func
-78.06684875488281,86.92681884765625,.,.
14.910859107971191,48.439048767089844,identifier,arguments
-66.65482330322266,-47.34362030029297,",",","
69.0728988647461,-130.50355529785156,),)
38.5798454284668,88.02875518798828,identifier,func
-89.61361694335938,87.85066986083984,.,.
15.077516555786133,49.00453186035156,identifier,arguments
19.822179794311523,62.71019744873047,identifier,moved_params
25.02598762512207,76.9837646484375,identifier,diffs
-56.05870056152344,51.54326248168945,.,.
-53.88963317871094,48.60472869873047,identifier,append
-75.13773345947266,6.926415920257568,(,(
-100.989501953125,-8.774253845214844,(,(
14.04879379272461,68.69195556640625,identifier,params_span
-72.55476379394531,-46.42940139770508,",",","
37.83904266357422,88.55487823486328,identifier,func
-78.39804077148438,86.76451110839844,.,.
14.541269302368164,48.74928283691406,identifier,arguments
-72.33366394042969,66.1560287475586,.,.
-11.662096977233887,49.93911361694336,identifier,dumps
-101.16222381591797,44.37187576293945,(,(
79.63961029052734,-158.24082946777344,),)
81.87984466552734,-149.9278106689453,),)
77.9456558227539,-131.4396514892578,),)
19.583698272705078,82.40837097167969,identifier,diffs
-239.52163696289062,-15.060717582702637,def,def
95.49783325195312,-6.405189514160156,identifier,serialzeValueToTCL
-169.88856506347656,13.239380836486816,(,(
-29.639314651489258,175.27212524414062,identifier,self
-113.37721252441406,-80.76805877685547,",",","
87.44849395751953,-15.321161270141602,identifier,val
-108.37505340576172,-94.46699523925781,",",","
73.93583679199219,-11.558661460876465,identifier,do_eval
37.891700744628906,-199.3540802001953,),)
51.9338493347168,-21.38486099243164,identifier,Tuple
48.199073791503906,-35.361263275146484,identifier,str
-80.73312377929688,-79.25813293457031,",",","
48.220245361328125,-35.27978515625,identifier,str
-80.589599609375,-79.32508850097656,",",","
50.70118713378906,-29.66117286682129,identifier,bool
-88.30138397216797,-172.3019256591797,:,:
-7.05912446975708,-89.45853424072266,if,if
6.654000282287598,-31.970623016357422,identifier,isinstance
-120.1622085571289,5.442111968994141,(,(
68.86985778808594,27.023494720458984,identifier,val
-44.951759338378906,-66.93396759033203,",",","
15.540757179260254,-17.049795150756836,identifier,int
55.897769927978516,-166.08741760253906,),)
-64.81685638427734,-147.16485595703125,:,:
69.93505096435547,27.984140396118164,identifier,val
48.29850769042969,-1.2572603225708008,identifier,hInt
-108.90247344970703,13.556314468383789,(,(
68.8512954711914,26.957927703857422,identifier,val
43.45224380493164,-157.57470703125,),)
-9.851095199584961,-93.49046325683594,if,if
64.10591888427734,-2.29526948928833,identifier,do_eval
-61.575523376464844,-148.53387451171875,:,:
69.88385009765625,28.108386993408203,identifier,val
68.71403503417969,27.73842430114746,identifier,val
-56.068763732910156,85.69247436523438,.,.
40.75115203857422,3.2119858264923096,identifier,staticEval
-108.29647827148438,37.01357650756836,(,(
48.18205261230469,-156.2980194091797,),)
-10.046557426452637,-99.09185028076172,if,if
5.204046726226807,-30.524242401123047,identifier,isinstance
-118.2363052368164,3.675940990447998,(,(
68.4796142578125,27.7679443359375,identifier,val
-43.676551818847656,-65.262939453125,",",","
30.403804779052734,4.193759918212891,identifier,RtlSignalBase
60.87665557861328,-158.51791381835938,),)
-56.03745651245117,-152.38885498046875,:,:
56.2285270690918,45.860870361328125,identifier,ctx
28.313365936279297,23.11080551147461,identifier,VivadoTclExpressionSerializer
-60.763580322265625,82.04594421386719,.,.
20.280630111694336,15.110552787780762,identifier,getBaseContext
-104.46807098388672,37.82560348510742,(,(
54.82259750366211,-148.21087646484375,),)
50.952693939208984,52.606502532958984,identifier,tclVal
28.379209518432617,23.210769653320312,identifier,VivadoTclExpressionSerializer
-63.38380813598633,74.70172882080078,.,.
11.806801795959473,47.455177307128906,identifier,asHdl
-92.29065704345703,2.5232160091400146,(,(
37.162715911865234,67.97177124023438,identifier,val
-73.43216705322266,-56.31925964355469,",",","
35.86070251464844,42.208438873291016,identifier,ctx
60.25350570678711,-138.04010009765625,),)
32.06834411621094,60.902042388916016,identifier,tclValVal
11.507426261901855,52.97043991088867,identifier,VivadoTclExpressionSerializer
-63.553157806396484,74.29564666748047,.,.
11.670243263244629,47.6483039855957,identifier,asHdl
-84.56034851074219,1.714751958847046,(,(
37.09571075439453,68.00253295898438,identifier,val
-70.63433837890625,82.12325286865234,.,.
11.071477890014648,42.83876419067383,identifier,staticEval
-100.71788024902344,42.0876350402832,(,(
77.54681396484375,-158.7953643798828,),)
68.37107849121094,-133.60238647460938,),)
21.182828903198242,75.58072662353516,identifier,tclVal
-69.03624725341797,-37.52288818359375,",",","
22.270517349243164,65.66499328613281,identifier,tclValVal
-67.40303039550781,-36.60182571411133,",",","
-13.123696327209473,-156.41490173339844,else,else
-25.161884307861328,-158.77377319335938,:,:
21.24135398864746,73.92324829101562,identifier,tclVal
11.345574378967285,53.43212890625,identifier,VivadoTclExpressionSerializer
-66.91071319580078,70.8920669555664,.,.
11.415750503540039,48.10205841064453,identifier,asHdl
-77.9632797241211,-1.1243853569030762,(,(
36.43586730957031,67.91744995117188,identifier,val
-66.49895477294922,-45.995361328125,",",","
76.14739990234375,-126.03587341308594,),)
20.633438110351562,75.9240493774414,identifier,tclVal
-69.36154174804688,-36.85662078857422,",",","
17.939449310302734,76.2021255493164,identifier,tclVal
-67.86280822753906,-36.092430114746094,",",","
-238.16665649414062,-13.244531631469727,def,def
98.56251525878906,-8.976161003112793,identifier,with_debug
-173.0731658935547,14.62130355834961,(,(
-26.58352279663086,178.66038513183594,identifier,self
-110.63777160644531,-91.04854583740234,",",","
83.06240844726562,-11.590710639953613,identifier,os_path
-104.4390869140625,-95.48970794677734,",",","
74.83372497558594,-11.169926643371582,identifier,skip_sub_command
-101.15753173828125,-96.74800109863281,",",","
72.21682739257812,-8.369681358337402,identifier,disk_closed_callback
36.51615524291992,-195.50436401367188,),)
-87.07769775390625,-172.5427703857422,:,:
71.15828704833984,8.553473472595215,identifier,sub_command
-15.085774421691895,-89.85555267333984,if,if
63.39151382446289,-0.06200755387544632,identifier,skip_sub_command
2.2069144248962402,-142.89344787597656,else,else
23.560131072998047,173.24415588378906,identifier,self
-61.68702697753906,103.7108383178711,.,.
51.06779098510742,3.1122515201568604,identifier,debug_sub_command
56.4937858581543,41.669708251953125,identifier,out
-93.368408203125,-71.83892059326172,",",","
27.116683959960938,-10.195656776428223,identifier,path
29.153432846069336,174.84063720703125,identifier,self
-76.131591796875,112.77069091796875,.,.
34.83646011352539,10.614568710327148,identifier,_get_out_and_path
-102.4332504272461,11.229125022888184,(,(
29.011865615844727,168.04745483398438,identifier,self
-67.54681396484375,101.38082122802734,.,.
31.214542388916016,12.237785339355469,identifier,debug
-75.43252563476562,-62.015323638916016,",",","
30.004579544067383,168.03872680664062,identifier,self
-68.86640930175781,101.53157806396484,.,.
31.138484954833984,11.576638221740723,identifier,debug_root
-76.39014434814453,-61.76559066772461,",",","
49.9034423828125,22.756345748901367,identifier,sub_command
-76.5440673828125,-60.94381332397461,",",","
50.593807220458984,24.378297805786133,identifier,os_path
51.61466598510742,-146.23472595214844,),)
-65.27013397216797,-170.0395050048828,:,:
-7.827686309814453,-104.0276107788086,if,if
3.290940523147583,-25.455474853515625,identifier,hasattr
-118.73573303222656,1.7517741918563843,(,(
38.13249969482422,79.85859680175781,identifier,out
-49.434139251708984,-59.81882858276367,",",","
7.1845479011535645,27.247135162353516,"""",'stdin'
64.14850616455078,-155.0464630126953,),)
-48.19697570800781,-149.58387756347656,:,:
38.48573684692383,78.97612762451172,identifier,out
-70.86976623535156,90.05657196044922,.,.
6.396247863769531,25.469459533691406,identifier,stdin
-7.83259391784668,-155.49481201171875,else,else
-20.695571899414062,-155.99850463867188,:,:
38.8353385925293,78.66178131103516,identifier,out
-24.926250457763672,-156.5546417236328,:,:
-8.919283866882324,-109.41744995117188,if,if
2.9123780727386475,-25.608604431152344,identifier,hasattr
-119.12785339355469,0.8043571710586548,(,(
37.776004791259766,79.8514175415039,identifier,out
-49.51011276245117,-59.64078140258789,",",","
7.127107620239258,27.35954475402832,"""",'stdin'
66.9778823852539,-150.23492431640625,),)
-45.781219482421875,-157.75213623046875,:,:
42.30094528198242,174.60047912597656,identifier,self
-88.050537109375,99.657470703125,.,.
-4.542639255523682,43.55495834350586,identifier,_close
-84.93665313720703,-0.5527257919311523,(,(
37.734580993652344,79.0993881225586,identifier,out
-75.08253479003906,86.3558120727539,.,.
6.356178283691406,25.487701416015625,identifier,stdin
67.44654083251953,-129.3877716064453,),)
44.86219787597656,174.8916473388672,identifier,self
-88.1351318359375,99.42032623291016,.,.
-4.021748065948486,42.84838104248047,identifier,_wait
-80.8290786743164,-1.6611112356185913,(,(
36.52275085449219,79.25118255615234,identifier,out
-69.43927001953125,-46.373634338378906,",",","
6.001798629760742,83.7850570678711,identifier,path
69.4511489868164,-127.54053497314453,),)
45.62850570678711,174.8112030029297,identifier,self
-87.71318817138672,98.29574584960938,.,.
-4.825234889984131,43.9543571472168,identifier,_close
-75.09236907958984,-0.19925937056541443,(,(
36.35917282104492,79.24776458740234,identifier,out
74.87120819091797,-128.0206756591797,),)
-7.2160539627075195,-114.21746826171875,if,if
9.906882286071777,67.3697509765625,identifier,disk_closed_callback
-10.625184059143066,-69.1610336303711,and,and
6.664996147155762,83.75739288330078,identifier,path
-41.988521575927734,-162.10337829589844,:,:
-1.3956948518753052,57.573856353759766,identifier,disk_closed_callback
-72.91584014892578,-2.9407870769500732,(,(
6.385311126708984,83.79718780517578,identifier,path
84.29785919189453,-125.47584533691406,),)
-233.9422149658203,-18.639366149902344,def,def
98.40097045898438,-9.920576095581055,identifier,update_inspection
-166.97825622558594,19.40979766845703,(,(
-24.365604400634766,179.1020965576172,identifier,self
47.72605895996094,-199.62767028808594,),)
-86.827880859375,-163.681640625,:,:
-69.62271881103516,-170.7703399658203,:,:
18.349924087524414,180.507080078125,identifier,self
-57.47345733642578,111.31221008300781,.,.
85.74885559082031,3.0851263999938965,identifier,log_parser
-111.49331665039062,34.30012130737305,(,(
44.37933349609375,-165.0858612060547,),)
-109.6425552368164,-12.36473274230957,(,(
48.2998161315918,-16.14349365234375,identifier,FileNotFoundError
-83.18378448486328,-76.5060806274414,",",","
48.32246398925781,-16.318775177001953,identifier,StopIteration
57.276824951171875,-167.62547302246094,),)
-18.31371307373047,16.91596794128418,identifier,e
-65.77847290039062,-150.42857360839844,:,:
-7.285822868347168,96.47706604003906,identifier,logger
-72.76484680175781,44.55636978149414,.,.
-61.05500030517578,31.0610408782959,identifier,debug
-88.63478088378906,22.188547134399414,(,(
43.21847152709961,-5.155305862426758,"""","""ERROR: """
-14.145931243896484,-28.502552032470703,+,+
45.667415618896484,-38.573543548583984,identifier,str
-108.15696716308594,0.47711190581321716,(,(
-13.42764949798584,8.52492618560791,identifier,sys
-33.38951110839844,64.1213607788086,.,.
-32.765625,63.68754959106445,identifier,exc_info
-109.05319213867188,43.4661865234375,(,(
79.57199096679688,-165.2450408935547,),)
62.60584259033203,-165.9991455078125,),)
39.017757415771484,-150.69943237304688,),)
30.444171905517578,179.61343383789062,identifier,self
-68.70702362060547,109.9688949584961,.,.
35.895355224609375,19.23973274230957,identifier,log_retry
-13.148819923400879,-99.38377380371094,if,if
29.833269119262695,169.73744201660156,identifier,self
-71.09270477294922,105.95146942138672,.,.
35.73637771606445,19.294769287109375,identifier,log_retry
18.613155364990234,-56.92618942260742,==,==
30.602027893066406,169.00013732910156,identifier,self
-37.63582229614258,107.15486145019531,.,.
34.836875915527344,18.908344268798828,identifier,MAX_RETRIES
-52.77029800415039,-145.25094604492188,:,:
-16.23621368408203,14.604547500610352,identifier,e
-64.66284942626953,-170.6793212890625,:,:
35.846675872802734,174.38970947265625,identifier,self
-81.10885620117188,106.74429321289062,.,.
16.24669075012207,18.85577964782715,identifier,trace_parser
-100.56790924072266,36.77811050415039,(,(
59.96683883666992,-146.19944763183594,),)
-109.37322235107422,-13.119196891784668,(,(
-4.473586559295654,22.748504638671875,identifier,FileNotFoundError
-84.04061126708984,-76.37965393066406,",",","
-4.16128396987915,22.59528923034668,identifier,StopIteration
64.21917724609375,-150.7467498779297,),)
-17.219200134277344,17.22373390197754,identifier,e
-49.94535827636719,-157.41925048828125,:,:
-7.768930912017822,95.24105834960938,identifier,logger
-68.97251892089844,44.581085205078125,.,.
-58.918251037597656,30.730106353759766,identifier,debug
-79.92050170898438,17.705167770385742,(,(
7.806779861450195,35.17094421386719,"""","""ERROR: """
-18.530454635620117,-26.742645263671875,+,+
45.057334899902344,-39.0639533996582,identifier,str
-84.6494369506836,6.650974273681641,(,(
-13.415853500366211,8.58836555480957,identifier,sys
-33.478267669677734,64.10195922851562,.,.
-32.75220489501953,63.64643478393555,identifier,exc_info
-108.47227478027344,44.0667839050293,(,(
79.56637573242188,-165.0164794921875,),)
77.48960876464844,-152.3951873779297,),)
64.18952941894531,-128.47283935546875,),)
44.02073287963867,176.97093200683594,identifier,self
-84.89803314208984,95.59819030761719,.,.
8.555187225341797,52.7629508972168,identifier,trace_retry
-8.191195487976074,-114.06288146972656,if,if
49.0800895690918,171.8881072998047,identifier,self
-85.06805419921875,90.29203033447266,.,.
8.453584671020508,52.78092956542969,identifier,trace_retry
14.99467945098877,-53.381412506103516,==,==
49.31636047363281,170.92811584472656,identifier,self
-33.67455291748047,106.30313110351562,.,.
7.045403480529785,52.08086013793945,identifier,MAX_RETRIES
-41.34687423706055,-160.20484924316406,:,:
-15.122624397277832,14.86976432800293,identifier,e
-234.62794494628906,-14.709003448486328,def,def
98.6520004272461,-3.6095495223999023,identifier,set_gtr
-171.5272674560547,16.1195068359375,(,(
-26.683185577392578,179.900390625,identifier,self
-113.16768646240234,-83.90231323242188,",",","
84.60855865478516,-9.924381256103516,identifier,in_gtr
-108.46986389160156,-97.15353393554688,",",","
82.60601043701172,-18.455034255981445,identifier,kwargs
40.53410720825195,-196.71095275878906,),)
-88.50456237792969,-168.794677734375,:,:
-6.738026142120361,-88.33670043945312,if,if
6.617771625518799,-32.267215728759766,identifier,isinstance
-120.580810546875,5.473738670349121,(,(
64.81087493896484,17.459875106811523,identifier,in_gtr
-44.853824615478516,-67.23652648925781,",",","
46.1279182434082,-35.6055908203125,identifier,str
55.90093231201172,-166.62252807617188,),)
-65.36852264404297,-146.5194854736328,:,:
27.92594337463379,181.48626708984375,identifier,self
-68.08382415771484,112.37319946289062,.,.
72.65589904785156,21.309329986572266,identifier,_gtr
72.77432250976562,30.827167510986328,identifier,GTR
-52.36710739135742,87.21765899658203,.,.
47.09687423706055,-3.150428056716919,identifier,standard
-111.0459976196289,3.793095350265503,(,(
48.438968658447266,-4.379657745361328,identifier,model
60.69440460205078,16.83639907836914,identifier,in_gtr
-96.70948028564453,-51.41047286987305,",",","
82.72234344482422,-19.41063690185547,identifier,kwargs
42.3293571472168,-153.91708374023438,),)
30.4160213470459,179.8171844482422,identifier,self
-70.11038970947266,111.87202453613281,.,.
72.69700622558594,21.49114418029785,identifier,_gtr
-59.07844161987305,95.59711456298828,.,.
-2.3528647422790527,92.69584655761719,identifier,logger
28.119834899902344,164.64694213867188,identifier,self
-64.80519104003906,100.84893798828125,.,.
-3.0142080783843994,92.97014617919922,identifier,logger
-10.975743293762207,-147.80860900878906,elif,elif
4.674603462219238,-30.692012786865234,identifier,isinstance
-117.98625946044922,2.937568426132202,(,(
56.662078857421875,29.820812225341797,identifier,in_gtr
-43.39644241333008,-64.93854522705078,",",","
72.77560424804688,30.868507385253906,identifier,GTR
61.387542724609375,-157.66505432128906,),)
-5.250322341918945,-58.73036193847656,or,or
4.331346035003662,-30.309349060058594,identifier,isinstance
-117.33929443359375,2.812403917312622,(,(
56.664676666259766,29.933547973632812,identifier,in_gtr
-43.18910217285156,-64.85222625732422,",",","
20.397539138793945,18.264781951904297,identifier,GTR_site_specific
62.805355072021484,-156.39511108398438,),)
-49.8748779296875,-149.09268188476562,:,:
37.67246627807617,178.03492736816406,identifier,self
-80.80783081054688,99.76732635498047,.,.
47.29246139526367,58.199676513671875,identifier,_gtr
36.42790985107422,39.73099136352539,identifier,in_gtr
39.15675735473633,180.9833221435547,identifier,self
-81.87700653076172,100.38081359863281,.,.
47.339141845703125,58.41069412231445,identifier,_gtr
-77.62468719482422,95.2638168334961,.,.
-2.4223883152008057,92.68048858642578,identifier,logger
40.22019577026367,167.5956268310547,identifier,self
-72.37039947509766,97.48234558105469,.,.
-2.9497625827789307,92.89340209960938,identifier,logger
-10.63803768157959,-154.93077087402344,else,else
-22.800491333007812,-157.48593139648438,:,:
40.93073272705078,175.4522247314453,identifier,self
-91.25336456298828,97.46871948242188,.,.
-7.399592876434326,94.00725555419922,identifier,logger
-79.80484008789062,15.63758373260498,(,(
4.770025730133057,41.92009353637695,"""","""TreeAnc.gtr_setter: can't interpret GTR model"""
-64.93177795410156,-50.61107635498047,",",","
-92.0686264038086,-38.98331832885742,",",","
-14.603818893432617,29.202116012573242,identifier,warn
72.63944244384766,-131.31655883789062,),)
-8.518460273742676,24.780677795410156,identifier,TypeError
-79.0682601928711,12.872241973876953,(,(
1.0862205028533936,50.89952850341797,"""","""Cannot set GTR model in TreeAnc class: GTR or """
0.5459871888160706,50.35090255737305,"""","""string expected"""
74.04973602294922,-130.2474822998047,),)
-6.255710124969482,-113.54592895507812,if,if
49.55488967895508,174.0748748779297,identifier,self
-89.05561065673828,91.9306869506836,.,.
12.334223747253418,76.59637451171875,identifier,_gtr
-79.37738800048828,82.00023651123047,.,.
-2.2411229610443115,59.75564193725586,identifier,ambiguous
-42.405635833740234,-163.9484100341797,:,:
49.81074523925781,175.5084991455078,identifier,self
-92.32965087890625,91.55767822265625,.,.
-2.4612581729888916,59.17287063598633,identifier,fill_overhangs
-235.0276641845703,-21.894433975219727,def,def
101.86556243896484,-9.943988800048828,identifier,interactive_login
-165.5140838623047,21.433452606201172,(,(
50.814231872558594,-197.17530822753906,),)
-83.36817932128906,-160.8437042236328,:,:
84.70326232910156,0.722178041934967,identifier,solvebio
-55.189762115478516,97.25791931152344,.,.
78.68719482421875,-2.3764140605926514,identifier,access_token
84.67302703857422,0.7579714059829712,identifier,solvebio
-55.089637756347656,97.31332397460938,.,.
78.6048355102539,-2.3891170024871826,identifier,api_key
40.73041915893555,98.31558227539062,identifier,client
-52.9144172668457,91.97482299804688,.,.
96.74966430664062,3.582214117050171,identifier,set_token
-113.40442657470703,35.08637619018555,(,(
44.004547119140625,-162.73367309570312,),)
62.71843338012695,-32.87381362915039,identifier,domain
-92.39779663085938,-74.47216796875,",",","
81.79430389404297,-36.526126861572266,identifier,email
-92.17793273925781,-74.23131561279297,",",","
86.0506591796875,-30.243680953979492,identifier,password
48.69116973876953,0.7938637733459473,identifier,_ask_for_credentials
-109.32290649414062,34.453311920166016,(,(
45.61902618408203,-158.89932250976562,),)
-11.17863941192627,-95.48870849609375,if,if
-12.97822093963623,1.1099824905395508,identifier,all
-97.677001953125,15.694178581237793,(,(
62.71160888671875,-32.87207794189453,identifier,domain
-81.676513671875,-72.35945892333984,",",","
81.71817779541016,-36.62064743041992,identifier,email
-81.66883850097656,-72.3620834350586,",",","
86.02619171142578,-30.408967971801758,identifier,password
58.54570007324219,-159.89932250976562,),)
-58.306758880615234,-144.9564208984375,:,:
-47.870391845703125,28.73512077331543,identifier,print
-87.06950378417969,20.862314224243164,(,(
32.8018913269043,4.800315856933594,"""","""Domain, email, and password are all required."""
44.24361038208008,-142.86167907714844,),)
-65.59333801269531,-170.46170043945312,:,:
54.812984466552734,55.24208450317383,identifier,response
38.77785110473633,97.37825012207031,identifier,client
-59.174354553222656,78.61539459228516,.,.
-9.911133766174316,44.17245101928711,identifier,post
-92.26659393310547,7.910181522369385,(,(
14.030961990356445,26.53378677368164,"""",'/v1/auth/token'
-65.59911346435547,-53.45598220825195,",",","
14.898390769958496,32.61691665649414,"""",'domain'
-31.925382614135742,-40.42758560180664,:,:
30.973737716674805,34.4937858581543,identifier,domain
-42.4849967956543,76.28498840332031,.,.
-25.655170440673828,28.964262008666992,identifier,replace
-86.69440460205078,10.080099105834961,(,(
9.682682037353516,29.47335433959961,"""",'.solvebio.com'
-64.38050842285156,-64.48809814453125,",",","
39.335906982421875,-28.23273468017578,"""",''
72.99409484863281,-154.74081420898438,),)
-86.90432739257812,-49.04560470581055,",",","
14.683770179748535,33.93452072143555,"""",'email'
-34.60274124145508,-41.73823547363281,:,:
81.8272476196289,-37.70808410644531,identifier,email
-86.81654357910156,-49.100433349609375,",",","
14.795620918273926,34.484344482421875,"""",'password'
-34.502479553222656,-42.017330169677734,:,:
18.54814338684082,50.11427688598633,identifier,password
55.03115463256836,-134.46942138671875,),)
-3.484102249145508,29.024200439453125,identifier,SolveError
-17.136075973510742,17.724590301513672,identifier,e
-43.99791717529297,-158.9706268310547,:,:
-47.119712829589844,29.804506301879883,identifier,print
-78.82763671875,16.131702423095703,(,(
3.1873323917388916,48.892391204833984,"""",'Login failed: {0}'
-49.164649963378906,-4.265341758728027,.,.
-46.75300979614258,-3.296884059906006,identifier,format
-67.89888763427734,2.5660369396209717,(,(
-15.381966590881348,16.14792823791504,identifier,e
80.19715881347656,-153.0997314453125,),)
75.06934356689453,-133.08387756347656,),)
-12.530509948730469,-157.93508911132812,else,else
-25.354068756103516,-159.78195190429688,:,:
11.882057189941406,54.652469635009766,identifier,solvebio
-90.65499877929688,88.28038787841797,.,.
6.67861795425415,61.66587448120117,identifier,api_key
30.2593936920166,81.59275817871094,identifier,response
7.026706218719482,57.49226379394531,"""",'token'
40.161407470703125,97.36973571777344,identifier,client
-75.81961059570312,69.67630767822266,.,.
-4.124492168426514,57.21533966064453,identifier,set_token
-95.57185363769531,39.026611328125,(,(
84.86052703857422,-123.45010375976562,),)
-238.8411102294922,-14.28336238861084,def,def
96.32888793945312,-7.380538463592529,identifier,_do_autopaginating_api_call
-172.71975708007812,12.57555866241455,(,(
-30.633501052856445,178.14988708496094,identifier,self
-111.59790802001953,-86.34492492675781,",",","
88.18094635009766,-22.95207405090332,identifier,path
-101.1413803100586,-85.23129272460938,",",","
74.91899871826172,-35.710304260253906,identifier,params
-100.64210510253906,-85.71298217773438,",",","
80.35253143310547,-30.21186065673828,identifier,method
-100.1465072631836,-87.71955108642578,",",","
73.2035140991211,-9.009527206420898,identifier,parser_func
-99.5662841796875,-89.04446411132812,",",","
70.82415771484375,-3.2715003490448,identifier,next_marker_xpath
-99.31351470947266,-89.42491912841797,",",","
70.66909790039062,-3.2918965816497803,identifier,next_marker_param_name
-97.78486633300781,-93.6459732055664,",",","
70.28670501708984,-3.5441436767578125,identifier,next_type_xpath
-97.6811294555664,-97.9886474609375,",",","
70.0999984741211,-5.612097263336182,identifier,parser_kwargs
34.21884536743164,-195.76551818847656,),)
-90.64089965820312,-172.9702606201172,:,:
-13.640510559082031,-95.54876708984375,if,if
65.39425659179688,34.43553161621094,identifier,parser_kwargs
-57.83995056152344,-146.81887817382812,:,:
65.38235473632812,34.50606155395508,identifier,parser_kwargs
6.685564041137695,-98.8462142944336,while,while
-60.242801666259766,-163.25111389160156,:,:
53.08643341064453,62.596031188964844,identifier,root
31.783517837524414,173.4651641845703,identifier,self
-77.98755645751953,110.9045639038086,.,.
31.604875564575195,14.68593978881836,identifier,_send_request
-95.50397491455078,5.6608076095581055,(,(
88.82292175292969,-23.897014617919922,identifier,path
-76.4927749633789,-59.43294143676758,",",","
74.95990753173828,-35.71674346923828,identifier,params
-76.2866439819336,-59.759952545166016,",",","
80.35442352294922,-30.232479095458984,identifier,method
53.53239440917969,-145.09323120117188,),)
7.216921329498291,-106.19520568847656,for,for
3.8859927654266357,19.35015869140625,identifier,record
21.358722686767578,36.18876647949219,identifier,parser_func
-94.44466400146484,3.5027053356170654,(,(
52.85062789916992,63.11304473876953,identifier,root
-95.55184173583984,-44.36769104003906,",",","
9.097199440002441,22.016172409057617,identifier,connection
42.191017150878906,164.2757568359375,identifier,self
-90.57597351074219,-44.979366302490234,",",","
28.558269500732422,51.404029846191406,identifier,parser_kwargs
62.94450759887695,-153.2235565185547,),)
-56.228538513183594,-162.4000701904297,:,:
3.882443428039551,19.36693572998047,identifier,record
29.862947463989258,58.959903717041016,identifier,next_marker
52.60166549682617,63.70343780517578,identifier,root
-66.57591247558594,74.79032135009766,.,.
-24.853059768676758,55.623199462890625,identifier,find
-86.30680847167969,-1.0120575428009033,(,(
23.973709106445312,58.43672561645508,identifier,next_marker_xpath
67.47927856445312,-135.55856323242188,),)
-11.997943878173828,-113.7229232788086,if,if
24.408260345458984,66.01856994628906,identifier,next_marker
-41.620758056640625,-156.2364044189453,:,:
15.31353759765625,89.55415344238281,identifier,params
12.4202880859375,59.18437576293945,identifier,next_marker_param_name
23.62467384338379,66.90523529052734,identifier,next_marker
-77.23762512207031,80.9425277709961,.,.
-15.85250473022461,63.225406646728516,identifier,text
-7.923806190490723,-114.99818420410156,if,if
10.642641067504883,67.7838134765625,identifier,next_type_xpath
-43.2801399230957,-162.70252990722656,:,:
9.802188873291016,68.96385192871094,identifier,next_type
52.461585998535156,64.04167938232422,identifier,root
-67.52188110351562,73.4421615600586,.,.
-24.83749771118164,55.6467399597168,identifier,find
-76.78716278076172,-0.40017956495285034,(,(
11.09294605255127,67.87471008300781,identifier,next_type_xpath
74.7823486328125,-124.30170440673828,),)
15.29631233215332,89.54753875732422,identifier,params
3.958958864212036,60.17752456665039,"""",'type'
14.794473648071289,74.21749114990234,identifier,next_type
-78.21183776855469,80.23280334472656,.,.
-15.850830078125,63.22923278808594,identifier,text
-237.5641326904297,-21.618547439575195,def,def
100.98248291015625,-7.861709117889404,identifier,_error_handler
-165.27403259277344,15.741482734680176,(,(
90.39596557617188,-13.829076766967773,identifier,error
47.1544303894043,-200.38507080078125,),)
-87.25931549072266,-162.7195281982422,:,:
-5.4470672607421875,-87.02218627929688,if,if
67.24568939208984,82.68450164794922,identifier,error
-54.98411178588867,104.97639465332031,.,.
42.7503547668457,20.34402084350586,identifier,condition
16.07570457458496,-60.23527145385742,==,==
47.10053253173828,-9.572715759277344,"""",b'com.microsoft:server-busy'
-63.38850021362305,-142.69293212890625,:,:
73.56290435791016,87.01554870605469,identifier,errors
-34.24406051635742,96.7431411743164,.,.
73.56879425048828,36.38652420043945,identifier,ErrorAction
-108.8882064819336,3.8191075325012207,(,(
38.633750915527344,22.24781608581543,identifier,retry
-98.76153564453125,-49.78778839111328,",",","
38.6287727355957,20.04545783996582,identifier,backoff
39.626441955566406,-156.24618530273438,),)
-11.859345436096191,-93.79483032226562,if,if
66.89364624023438,82.7474594116211,identifier,error
-62.159976959228516,94.84878540039062,.,.
42.5835075378418,20.515918731689453,identifier,condition
16.337339401245117,-59.23582077026367,==,==
39.501014709472656,-1.6678494215011597,"""",b'com.microsoft:timeout'
-59.20169448852539,-143.70843505859375,:,:
73.36322784423828,87.11190032958984,identifier,errors
-34.04137420654297,96.66184997558594,.,.
73.55132293701172,36.39870071411133,identifier,ErrorAction
-108.6695556640625,3.761051654815674,(,(
38.360374450683594,22.354001998901367,identifier,retry
-98.4712142944336,-49.284427642822266,",",","
38.54456329345703,20.08688735961914,identifier,backoff
51.47821044921875,-149.55740356445312,),)
-12.54841423034668,-102.19242095947266,if,if
66.44964599609375,82.82850646972656,identifier,error
-62.48754119873047,94.60808563232422,.,.
42.337806701660156,20.848966598510742,identifier,condition
16.329126358032227,-58.091861724853516,==,==
22.02602195739746,17.34296989440918,"""",b'com.microsoft:operation-cancelled'
-50.96815490722656,-146.55335998535156,:,:
72.79411315917969,87.34294128417969,identifier,errors
-33.15679168701172,96.09556579589844,.,.
14.464325904846191,51.522735595703125,identifier,ErrorAction
-84.8373031616211,-11.961896896362305,(,(
37.610652923583984,22.698577880859375,identifier,retry
57.579402923583984,-142.8848114013672,),)
-12.539094924926758,-109.74893951416016,if,if
65.77967071533203,82.9815902709961,identifier,error
-77.14939880371094,88.5521240234375,.,.
42.16218566894531,21.248859405517578,identifier,condition
15.509719848632812,-57.32050323486328,==,==
7.737243175506592,33.38163375854492,"""","b""com.microsoft:container-close"""
-43.928470611572266,-156.24058532714844,:,:
72.61209869384766,87.4991226196289,identifier,errors
-32.9273796081543,95.78845977783203,.,.
14.262191772460938,51.69204330444336,identifier,ErrorAction
-84.14904022216797,-11.791419982910156,(,(
37.30994415283203,22.966991424560547,identifier,retry
-90.61180114746094,-40.94535446166992,",",","
38.30939483642578,20.36652374267578,identifier,backoff
68.63109588623047,-134.77708435058594,),)
-9.07721996307373,-113.75016021728516,if,if
65.41099548339844,83.0677719116211,identifier,error
-77.71673583984375,88.10648345947266,.,.
42.030731201171875,21.5770263671875,identifier,condition
5.760332107543945,51.32809066772461,identifier,_NO_RETRY_ERRORS
-41.76633834838867,-159.23056030273438,:,:
72.29139709472656,87.96900177001953,identifier,errors
-32.365787506103516,95.18780517578125,.,.
13.742487907409668,52.27511215209961,identifier,ErrorAction
-83.36875915527344,-12.786709785461426,(,(
37.459495544433594,23.723297119140625,identifier,retry
75.22750854492188,-126.38648223876953,),)
72.1946792602539,88.09762573242188,identifier,errors
-32.251220703125,95.0487060546875,.,.
13.650748252868652,52.38528823852539,identifier,ErrorAction
-83.29231262207031,-12.949007987976074,(,(
37.53025817871094,23.900545120239258,identifier,retry
85.2442626953125,-127.35694885253906,),)
-236.3834686279297,-19.406452178955078,def,def
103.66165924072266,-7.76285982131958,identifier,_loadDeclarations
-166.11007690429688,18.60054588317871,(,(
-22.93049430847168,179.35403442382812,identifier,self
47.40951919555664,-199.0213165283203,),)
-87.4687728881836,-163.21865844726562,:,:
-4.78222131729126,-87.05113983154297,if,if
5.39567232131958,-25.255605697631836,identifier,hasattr
-120.96259307861328,4.334823131561279,(,(
15.651617050170898,177.97377014160156,identifier,self
-50.183921813964844,-61.29005432128906,",",","
49.5993766784668,-6.261992454528809,"""","""_interfaces"""
55.9843864440918,-167.37271118164062,),)
-67.38528442382812,-145.28204345703125,:,:
27.32416343688965,182.36537170410156,identifier,self
-67.41876220703125,112.48819732666016,.,.
50.7502555847168,-5.131568431854248,identifier,_interfaces
-12.257099151611328,-92.39244079589844,if,if
5.275266170501709,-25.441505432128906,identifier,hasattr
-120.43292999267578,4.115298748016357,(,(
17.507083892822266,170.34237670898438,identifier,self
-49.99568557739258,-61.43980407714844,",",","
49.5340576171875,-5.916867733001709,"""","""_private_interfaces"""
56.952518463134766,-166.0047607421875,),)
-62.41559982299805,-145.88031005859375,:,:
29.174365997314453,181.15829467773438,identifier,self
-68.37799835205078,111.4771499633789,.,.
50.5906982421875,-4.938399791717529,identifier,_private_interfaces
-12.285524368286133,-95.8515625,if,if
4.809274196624756,-25.59120750427246,identifier,hasattr
-119.57083892822266,3.4076170921325684,(,(
17.481948852539062,170.0947723388672,identifier,self
-49.39048385620117,-60.98857879638672,",",","
32.005531311035156,-1.8730658292770386,"""","""_units"""
60.030025482177734,-160.1907501220703,),)
-57.55772399902344,-147.87603759765625,:,:
32.21232604980469,180.39871215820312,identifier,self
-73.1689682006836,108.40396881103516,.,.
31.878984451293945,16.990371704101562,identifier,_units
34.552860260009766,180.56069946289062,identifier,self
-75.06167602539062,107.2553939819336,.,.
25.412761688232422,21.77631187438965,identifier,_setAttrListener
33.7662239074707,168.38436889648438,identifier,self
-76.37985229492188,106.04425811767578,.,.
18.52540397644043,18.104801177978516,identifier,_declrCollector
36.72380065917969,181.4557342529297,identifier,self
-81.78414916992188,108.06307983398438,.,.
17.963577270507812,18.829809188842773,identifier,_declr
-101.46293640136719,36.38896942138672,(,(
59.18790817260742,-142.59242248535156,),)
37.94953536987305,179.652099609375,identifier,self
-80.4942398071289,100.51004791259766,.,.
25.460405349731445,21.984851837158203,identifier,_setAttrListener
6.012585163116455,-106.66394805908203,for,for
67.05081939697266,74.0610580444336,identifier,i
41.050716400146484,168.63035583496094,identifier,self
-82.37909698486328,92.162353515625,.,.
16.001201629638672,41.30357360839844,identifier,_interfaces
-53.43037033081055,-161.089599609375,:,:
41.553340911865234,174.81040954589844,identifier,self
-86.60016632080078,100.1534423828125,.,.
-0.863021194934845,41.075767517089844,identifier,_loadInterface
-86.36540222167969,0.7257302403450012,(,(
67.18861389160156,74.0267333984375,identifier,i
-66.69713592529297,-47.53723907470703,",",","
68.01333618164062,-136.15487670898438,),)
5.4119062423706055,-108.52127838134766,for,for
48.21665573120117,80.63068389892578,identifier,u
44.691139221191406,168.83920288085938,identifier,self
-82.99149322509766,91.96675109863281,.,.
10.770944595336914,44.71147918701172,identifier,_units
-51.69495391845703,-162.31837463378906,:,:
46.177818298339844,80.31790924072266,identifier,u
-72.13794708251953,73.60897827148438,.,.
-1.0256043672561646,46.336021423339844,identifier,_loadDeclarations
-97.72311401367188,39.58503341674805,(,(
69.37284088134766,-125.70320892333984,),)
5.0169548988342285,-108.7406005859375,for,for
49.05531311035156,80.67609405517578,identifier,p
47.8812255859375,172.08612060546875,identifier,self
-87.27592468261719,90.8993911743164,.,.
-1.1459013223648071,62.22853469848633,identifier,_params
-50.222923278808594,-163.01547241210938,:,:
45.91852569580078,79.43709564208984,identifier,p
-72.09184265136719,71.09977722167969,.,.
-1.545459270477295,52.898719787597656,identifier,setReadOnly
-96.52445220947266,39.59485626220703,(,(
82.85953521728516,-123.27842712402344,),)
-235.8241729736328,-19.95463752746582,def,def
101.73957824707031,-8.42236614227295,identifier,_profile_package
-167.02015686035156,18.383651733398438,(,(
-24.349639892578125,177.6002655029297,identifier,self
48.733829498291016,-199.68186950683594,),)
-87.5140151977539,-161.70765686035156,:,:
93.7453842163086,-1.7518091201782227,identifier,_CodeHeatmapCalculator
-110.59989166259766,32.40261459350586,(,(
44.83182907104492,-165.90737915039062,),)
90.77133178710938,33.855323791503906,identifier,prof
-80.34182739257812,-167.0655059814453,:,:
-69.17613983154297,-171.07730102539062,:,:
97.352783203125,7.883291244506836,identifier,runpy
-51.86027145385742,88.8907699584961,.,.
53.035640716552734,-2.2907662391662598,identifier,run_path
-108.21442413330078,16.690338134765625,(,(
20.72464942932129,174.16636657714844,identifier,self
-67.83968353271484,116.04390716552734,.,.
55.23287582397461,1.056014060974121,identifier,_run_object
-97.91260528564453,-51.70339584350586,",",","
57.193668365478516,3.2927002906799316,identifier,run_name
38.68758010864258,-6.154650688171387,"""",'__main__'
40.41696548461914,-154.6851806640625,),)
41.289390563964844,-15.761368751525879,identifier,SystemExit
-58.124385833740234,-141.47764587402344,:,:
63.66988754272461,43.63357925415039,identifier,heatmaps
8.690681457519531,-104.7615737915039,for,for
54.66615295410156,34.62981414794922,identifier,filename
-97.2845458984375,-70.40873718261719,",",","
64.72551727294922,43.9870491027832,identifier,heatmap
89.67897033691406,35.8172607421875,identifier,prof
-63.925071716308594,97.85617065429688,.,.
64.89794158935547,43.887874603271484,identifier,heatmap
-48.205230712890625,80.61965942382812,.,.
-22.95687484741211,68.80634307861328,identifier,items
-107.14222717285156,41.11441421508789,(,(
73.44206237792969,-165.0016632080078,),)
-59.25777816772461,-160.92214965820312,:,:
-8.612700462341309,-101.7541732788086,if,if
88.88814544677734,78.31959533691406,identifier,os
-55.397830963134766,67.32447814941406,.,.
23.538801193237305,-12.42071533203125,identifier,path
-52.06595230102539,64.0721664428711,.,.
-51.97114944458008,63.92153549194336,identifier,isfile
-116.07152557373047,2.332090139389038,(,(
52.76768493652344,33.36902618408203,identifier,filename
61.686702728271484,-156.4697265625,),)
-52.7348747253418,-151.82403564453125,:,:
62.86372375488281,52.75006103515625,identifier,heatmaps
-53.23154830932617,52.983394622802734,.,.
-51.68193817138672,49.06979751586914,identifier,append
-90.45478057861328,12.597733497619629,(,(
35.78524398803711,172.226806640625,identifier,self
-79.0240707397461,108.49188232421875,.,.
15.178028106689453,21.169286727905273,identifier,_format_heatmap
-93.5203628540039,3.040802240371704,(,(
51.95924377441406,33.28214645385742,identifier,filename
-74.93253326416016,-57.32304000854492,",",","
40.22648620605469,47.23575973510742,identifier,heatmap
-73.029052734375,-57.76094436645508,",",","
89.74613189697266,36.124488830566406,identifier,prof
-71.6241455078125,92.351806640625,.,.
18.548566818237305,20.68950843811035,identifier,execution_count
52.058441162109375,32.806617736816406,identifier,filename
69.13582611083984,-157.84674072265625,),)
56.55035400390625,-136.4793243408203,),)
32.41077423095703,57.3898811340332,identifier,run_time
3.9857823848724365,37.80884552001953,identifier,sum
-81.67333984375,4.535610198974609,(,(
30.956567764282227,68.5836181640625,identifier,heatmap
9.29871940612793,41.82808303833008,"""",'runTime'
24.54353904724121,-105.89280700683594,for,for
31.10978889465332,67.86560821533203,identifier,heatmap
29.78762435913086,67.34282684326172,identifier,heatmaps
70.07281494140625,-133.90599060058594,),)
3.914334535598755,58.02696990966797,"""",'objectName'
-34.16761016845703,-37.73447036743164,:,:
46.912811279296875,172.02439880371094,identifier,self
-86.65361022949219,89.69502258300781,.,.
12.622719764709473,61.04069900512695,identifier,_run_object
-83.9349365234375,-44.595497131347656,",",","
4.2628655433654785,58.33872604370117,"""",'runTime'
-35.11074447631836,-37.85940933227539,:,:
13.839869499206543,67.81288146972656,identifier,run_time
-83.93492126464844,-44.68756103515625,",",","
3.677171468734741,59.323768615722656,"""",'heatmaps'
-35.48657989501953,-37.767459869384766,:,:
29.474172592163086,67.28317260742188,identifier,heatmaps
-241.1491241455078,-20.7781982421875,def,def
101.02049255371094,-1.2553175687789917,identifier,eventstr
-173.04782104492188,9.719470977783203,(,(
86.24478149414062,-10.745833396911621,identifier,event_tuple
-104.02970123291016,-92.82450866699219,",",","
66.99858093261719,-35.628623962402344,identifier,event
-103.60575103759766,-94.80618286132812,",",","
68.84318542480469,-41.75864791870117,identifier,register
-102.2660903930664,-97.923828125,",",","
68.88655090332031,-18.839252471923828,identifier,parameters
37.725303649902344,-196.43214416503906,),)
-89.36143493652344,-170.90084838867188,:,:
-7.305226802825928,-88.94246673583984,if,if
-29.83662223815918,-9.962127685546875,identifier,len
-119.23631286621094,11.380831718444824,(,(
63.82335662841797,19.433095932006836,identifier,event_tuple
66.44664764404297,-173.37518310546875,),)
19.42084312438965,-61.099021911621094,==,==
-65.22265625,-145.5286865234375,:,:
66.50049591064453,-35.74000930786133,identifier,event
-91.1731185913086,-74.13232421875,",",","
68.57112121582031,-41.77409362792969,identifier,register
-91.41637420654297,-73.72974395751953,",",","
68.85304260253906,-18.854820251464844,identifier,parameters
60.4288215637207,20.38312339782715,identifier,event_tuple
-9.562542915344238,-147.17222595214844,elif,elif
-29.68506622314453,-9.29637622833252,identifier,len
-119.12043762207031,10.782210350036621,(,(
63.44224166870117,19.914382934570312,identifier,event_tuple
66.79963684082031,-173.0253143310547,),)
19.775636672973633,-60.53009796142578,==,==
-58.870765686035156,-147.67457580566406,:,:
66.40252685546875,-35.843624114990234,identifier,event
-91.38735961914062,-71.67790222167969,",",","
68.39659118652344,-41.94929504394531,identifier,register
60.32756805419922,20.501737594604492,identifier,event_tuple
58.718379974365234,46.2164421081543,identifier,event_dscr
66.33148956298828,-36.283409118652344,identifier,event
-73.12979888916016,-62.37120819091797,",",","
68.4853286743164,-42.19073486328125,identifier,register
-13.64164924621582,-103.95616149902344,if,if
27.401586532592773,25.724145889282227,identifier,parameters
-53.87406539916992,-154.24581909179688,:,:
7.758774280548096,-106.55979919433594,for,for
26.137184143066406,-19.03000259399414,identifier,k
-97.13397216796875,-69.35421752929688,",",","
24.35777473449707,-20.49870491027832,identifier,v
2.7445781230926514,-4.702301502227783,identifier,sorted
-95.06525421142578,9.088489532470703,(,(
55.85777282714844,25.836894989013672,identifier,event_tuple
-47.46112060546875,79.07805633544922,.,.
-22.485689163208008,68.73558044433594,identifier,items
-105.52783966064453,41.867225646972656,(,(
74.99286651611328,-162.16220092773438,),)
64.63214111328125,-153.397216796875,),)
-56.137413024902344,-161.69610595703125,:,:
-8.050273895263672,-107.38482666015625,if,if
9.834203720092773,-29.4545841217041,identifier,type
-117.8019790649414,-0.3443116843700409,(,(
25.74275016784668,37.8543815612793,identifier,v
67.97901153564453,-151.56805419921875,),)
15.364694595336914,-17.02813720703125,identifier,int
-46.750579833984375,-155.41273498535156,:,:
33.680850982666016,62.18865966796875,identifier,k
6.528688907623291,36.012874603271484,"""","""={}"""
-50.14919662475586,-4.72189474105835,.,.
-46.0522575378418,-3.43263578414917,identifier,format
-84.53912353515625,5.16122579574585,(,(
2.3568270206451416,33.3900260925293,identifier,hex
-85.19795227050781,-3.6800410747528076,(,(
25.747407913208008,37.870113372802734,identifier,v
77.40794372558594,-154.02073669433594,),)
66.65962982177734,-132.45635986328125,),)
29.753704071044922,61.168853759765625,identifier,event_dscr
-56.444671630859375,52.7896842956543,.,.
-53.027496337890625,47.9696159362793,identifier,append
-74.2930908203125,4.175398349761963,(,(
35.085201263427734,62.61703872680664,identifier,k
72.53486633300781,-129.17465209960938,),)
-13.784480094909668,40.717437744140625,"""",""":"""
-42.247947692871094,15.712350845336914,.,.
-39.953224182128906,15.813854217529297,identifier,join
-72.09263610839844,0.6050145030021667,(,(
16.46890640258789,70.30083465576172,identifier,event_dscr
81.71829986572266,-126.31605529785156,),)
-234.3881378173828,-12.701008796691895,def,def
103.54144287109375,-3.63718581199646,identifier,map
-173.5334930419922,15.854757308959961,(,(
-28.85586166381836,180.6160125732422,identifier,self
-114.76777648925781,-85.33997344970703,",",","
85.3613510131836,-7.288796424865723,identifier,mols
-108.48091125488281,-90.68252563476562,",",","
77.654296875,-13.13486099243164,identifier,nproc
-104.03388214111328,-93.81768035888672,",",","
82.36141967773438,-6.062406539916992,identifier,nmols
-102.55369567871094,-96.5931396484375,",",","
72.48438262939453,-13.381194114685059,identifier,quiet
-100.57615661621094,-95.92105102539062,",",","
72.08374786376953,-7.249204635620117,identifier,ipynb
-99.55770111083984,-98.56443786621094,",",","
77.25342559814453,-18.287220001220703,identifier,id
44.91920471191406,-17.18372917175293,-,-
35.7574462890625,-196.52272033691406,),)
-89.64630126953125,-172.13650512695312,:,:
-7.5311174392700195,-90.36101531982422,if,if
66.49414825439453,6.577759742736816,identifier,nproc
-63.73455810546875,-147.16192626953125,:,:
66.65303039550781,6.8132524490356445,identifier,nproc
47.494468688964844,1.6050705909729004,identifier,cpu_count
-109.22489929199219,34.92753601074219,(,(
46.120365142822266,-159.1380157470703,),)
-10.165047645568848,-95.54431915283203,if,if
4.604368686676025,-26.0421085357666,identifier,hasattr
-119.11827850341797,4.258820056915283,(,(
66.55496215820312,31.11771011352539,identifier,mols
-49.15992736816406,-61.426021575927734,",",","
31.949317932128906,-2.274481773376465,"""","""__len__"""
59.22970962524414,-160.01629638671875,),)
-58.29668426513672,-148.21067810058594,:,:
60.37855529785156,39.143619537353516,identifier,nmols
-26.981019973754883,-9.345884323120117,identifier,len
-116.56578826904297,10.173115730285645,(,(
66.5220947265625,31.15619468688965,identifier,mols
49.052490234375,-150.88462829589844,),)
-10.82546615600586,-101.00554656982422,if,if
45.39026641845703,18.9852352142334,identifier,nproc
19.60440444946289,-58.05424499511719,==,==
-52.76657485961914,-149.33218383789062,:,:
32.79325866699219,172.98219299316406,identifier,self
-78.50577545166016,110.01010131835938,.,.
31.117279052734375,15.318924903869629,identifier,_serial
-94.318603515625,5.945137977600098,(,(
40.058204650878906,52.43961715698242,identifier,mols
-93.63478088378906,-44.434627532958984,",",","
39.92146682739258,50.00060272216797,identifier,nmols
39.94416809082031,50.00837326049805,identifier,nmols
-93.02076721191406,-45.06917953491211,",",","
24.2868595123291,42.6963996887207,identifier,quiet
24.289724349975586,42.718631744384766,identifier,quiet
-92.62362670898438,-45.119911193847656,",",","
26.519990921020508,40.77325439453125,identifier,ipynb
26.509258270263672,40.79304122924805,identifier,ipynb
-92.11090087890625,-45.346168518066406,",",","
27.4840145111084,43.055213928222656,identifier,id
27.70070457458496,43.16823959350586,identifier,id
57.08373260498047,-134.1183624267578,),)
-9.847481727600098,-155.4003448486328,else,else
-22.40482521057129,-156.441162109375,:,:
42.076290130615234,172.95663452148438,identifier,self
-87.83995056152344,101.99098205566406,.,.
-5.016881942749023,41.18307113647461,identifier,_parallel
-79.81295776367188,-3.779533624649048,(,(
39.93424606323242,52.487064361572266,identifier,mols
-73.1980209350586,-44.59308624267578,",",","
25.88934898376465,53.031917572021484,identifier,nproc
-88.029296875,-41.68241882324219,",",","
39.05660629272461,50.68510818481445,identifier,nmols
39.0389404296875,50.77999496459961,identifier,nmols
-88.33308410644531,-41.0115966796875,",",","
23.64894676208496,43.401023864746094,identifier,quiet
23.65047836303711,43.42076873779297,identifier,quiet
-87.47803497314453,-41.349632263183594,",",","
8.132716178894043,63.61460494995117,identifier,ipynb
8.417481422424316,63.44474411010742,identifier,ipynb
-87.40454864501953,-40.484336853027344,",",","
27.349140167236328,43.78805923461914,identifier,id
27.506332397460938,43.84966278076172,identifier,id
82.70582580566406,-129.7297821044922,),)
-237.3106689453125,-16.290218353271484,def,def
99.76116943359375,-8.788116455078125,identifier,_draw_mainlayer
-170.29710388183594,13.557153701782227,(,(
-26.375808715820312,175.91477966308594,identifier,self
-111.95849609375,-81.74922943115234,",",","
87.16769409179688,-8.521808624267578,identifier,gc
-107.90663146972656,-93.81747436523438,",",","
79.42728424072266,-6.446429252624512,identifier,view_bounds
-103.07964324951172,-98.7314453125,",",","
59.74351119995117,-24.51213836669922,identifier,mode
44.664825439453125,-12.441699981689453,"""","""default"""
37.37614059448242,-195.595458984375,),)
-87.4582290649414,-171.43788146972656,:,:
49.02033996582031,92.9458999633789,identifier,gc
-52.90465545654297,92.00198364257812,.,.
96.8068618774414,3.592611074447632,identifier,save_state
-113.58673095703125,35.24243927001953,(,(
44.18707275390625,-161.9521026611328,),)
-67.43567657470703,-168.72915649414062,:,:
-6.9157633781433105,-93.77157592773438,if,if
-29.12013053894043,-9.755003929138184,identifier,len
-118.74430847167969,11.353423118591309,(,(
24.334421157836914,171.3070068359375,identifier,self
-62.72459411621094,107.29186248779297,.,.
84.00980377197266,37.562007904052734,identifier,points
66.35392761230469,-172.6664276123047,),)
-62.23008728027344,-149.70855712890625,:,:
48.85065460205078,92.31277465820312,identifier,gc
-58.644779205322266,87.9317626953125,.,.
38.41015625,7.260451793670654,identifier,set_fill_color
-101.91644287109375,14.295878410339355,(,(
26.763193130493164,167.67381286621094,identifier,self
-65.84546661376953,103.5918197631836,.,.
15.852251052856445,-0.10430559515953064,identifier,pen
-65.76080322265625,95.22285461425781,.,.
39.30739212036133,7.917718410491943,identifier,fill_color_
47.46607971191406,-145.47132873535156,),)
48.612510681152344,91.8697509765625,identifier,gc
-59.23622131347656,87.55208587646484,.,.
38.034584045410156,7.419785976409912,identifier,set_stroke_color
-98.92992401123047,7.48936128616333,(,(
29.69101333618164,166.56201171875,identifier,self
-67.07083892822266,103.21467590332031,.,.
15.828338623046875,-0.06089484319090843,identifier,pen
-66.2607421875,95.02271270751953,.,.
39.435062408447266,8.229100227355957,identifier,color_
49.38117218017578,-144.00640869140625,),)
48.21556854248047,91.54490661621094,identifier,gc
-59.731021881103516,87.40697479248047,.,.
20.029342651367188,21.966064453125,identifier,set_line_width
-98.72190856933594,7.0776472091674805,(,(
35.24459457397461,165.81539916992188,identifier,self
-67.38391876220703,103.04916381835938,.,.
15.804094314575195,-0.04013229161500931,identifier,pen
-67.0100326538086,94.51732635498047,.,.
19.38867950439453,22.549776077270508,identifier,line_width
56.05170440673828,-141.25973510742188,),)
47.32257080078125,91.36032104492188,identifier,gc
-68.94792938232422,79.19896697998047,.,.
7.484429359436035,23.071456909179688,identifier,begin_path
-101.18696594238281,38.02501678466797,(,(
60.61392593383789,-141.94212341308594,),)
46.899620056152344,91.3778305053711,identifier,gc
-69.03604125976562,79.77472686767578,.,.
2.8579812049865723,22.00933074951172,identifier,lines
-88.70136260986328,0.9322654008865356,(,(
41.852378845214844,167.87477111816406,identifier,self
-79.92717742919922,90.83080291748047,.,.
84.00946044921875,37.577178955078125,identifier,points
63.9459114074707,-134.70594787597656,),)
46.564613342285156,91.4794921875,identifier,gc
-73.63223266601562,74.11807250976562,.,.
-2.82120418548584,44.10061264038086,identifier,close_path
-98.93377685546875,39.1881103515625,(,(
65.41653442382812,-140.7535858154297,),)
-9.924731254577637,-112.94052124023438,if,if
45.834991455078125,168.69825744628906,identifier,self
-82.3125991821289,87.05972290039062,.,.
3.1722042560577393,42.23601150512695,identifier,filled
-45.35911178588867,-159.0542449951172,:,:
46.15146255493164,91.66876983642578,identifier,gc
-73.50187683105469,73.32707214355469,.,.
-2.1769917011260986,45.01084899902344,identifier,draw_path
-76.52931213378906,2.403697967529297,(,(
45.82693862915039,170.31565856933594,identifier,self
-83.07328796386719,87.09161376953125,.,.
2.901343822479248,45.91026306152344,identifier,inside_rule_
72.12189483642578,-137.15359497070312,),)
-10.716914176940918,-158.28565979003906,else,else
-23.87591552734375,-160.4661865234375,:,:
45.464088439941406,91.98125457763672,identifier,gc
-74.92054748535156,72.7261962890625,.,.
-2.2515037059783936,45.187808990478516,identifier,stroke_path
-97.17822265625,39.30644226074219,(,(
79.05632781982422,-123.06781768798828,),)
-26.325597763061523,-160.95054626464844,:,:
45.12137985229492,92.09837341308594,identifier,gc
-76.4148178100586,70.10887145996094,.,.
-4.933335781097412,57.3532829284668,identifier,restore_state
-94.54335021972656,39.55015563964844,(,(
84.45977783203125,-124.09611511230469,),)
-242.2112579345703,-17.402454376220703,def,def
105.21113586425781,-6.30611515045166,identifier,write_json
-172.68301391601562,10.606391906738281,(,(
90.50630187988281,-7.946380138397217,identifier,f
-94.5982437133789,-157.28872680664062,:,:
90.32102966308594,-9.907601356506348,identifier,TextIO
-104.07878875732422,-90.2742691040039,",",","
80.3215103149414,-8.457979202270508,identifier,deja_vu_sans_path
-95.24014282226562,-158.686767578125,:,:
47.45457077026367,-36.31513595581055,identifier,str
-100.55609893798828,-92.1295166015625,",",","
88.10822296142578,1.2553410530090332,identifier,measurer
-94.37945556640625,-158.83680725097656,:,:
90.06258392333984,3.069901704788208,identifier,text_measurer
-39.572696685791016,96.77323913574219,.,.
90.53679656982422,1.1960177421569824,identifier,TextMeasurer
-99.24028015136719,-92.20376586914062,",",","
72.42219543457031,-0.2691853940486908,identifier,encodings
-96.08382415771484,-159.0452880859375,:,:
48.042442321777344,-20.666004180908203,identifier,Iterable
48.342376708984375,-36.60188293457031,identifier,str
34.98632049560547,-199.20411682128906,),)
-89.10332489013672,-174.80137634277344,:,:
58.6053352355957,41.87126159667969,identifier,supported_characters
1.7702528238296509,-10.680173873901367,identifier,list
-98.03382110595703,16.29524040222168,(,(
37.87558364868164,9.904330253601074,identifier,generate_supported_characters
-104.89775085449219,11.80705451965332,(,(
48.37256622314453,19.203012466430664,identifier,deja_vu_sans_path
64.60380554199219,-162.7834014892578,),)
43.09385681152344,-147.09727478027344,),)
56.191429138183594,47.20182418823242,identifier,kerning_characters
38.835479736328125,-26.612606048583984,"""",''
-42.33285903930664,13.253588676452637,.,.
-39.123741149902344,13.917370796203613,identifier,join
-94.27837371826172,11.12603759765625,(,(
19.52448081970215,16.063554763793945,identifier,generate_encodeable_characters
-96.71722412109375,4.092885494232178,(,(
40.28978729248047,40.98252868652344,identifier,supported_characters
-75.0797119140625,-58.65065383911133,",",","
37.38983154296875,35.273860931396484,identifier,encodings
67.59831237792969,-159.70669555664062,),)
53.812767028808594,-139.3693084716797,),)
48.3384895324707,51.63295364379883,identifier,char_to_length
14.0790433883667,23.447874069213867,identifier,calculate_character_to_length_mapping
-91.31412506103516,2.357670307159424,(,(
40.30967712402344,64.50768280029297,identifier,measurer
-73.51873016357422,-54.72160339355469,",",","
39.82033157348633,41.102195739746094,identifier,supported_characters
61.43357849121094,-136.1271514892578,),)
31.93649673461914,58.87284469604492,identifier,pair_to_kerning
1.5516608953475952,45.429779052734375,identifier,calculate_pair_to_kern_mapping
-81.82976531982422,-2.6973397731781006,(,(
40.10356521606445,64.60163116455078,identifier,measurer
-73.39698791503906,-50.28297424316406,",",","
21.88886260986328,62.67536926269531,identifier,char_to_length
-73.47472381591797,-50.225341796875,",",","
22.257387161254883,62.42304611206055,identifier,kerning_characters
70.48454284667969,-130.65731811523438,),)
-12.07314682006836,61.862083435058594,identifier,json
-69.13737487792969,66.97135925292969,.,.
-11.832263946533203,50.015869140625,identifier,dump
-74.88465118408203,8.014470100402832,(,(
3.002861499786377,58.735816955566406,"""",'mean-character-length'
-34.01409149169922,-38.12056350708008,:,:
7.719524383544922,48.7170295715332,identifier,statistics
-66.45816802978516,68.22761535644531,.,.
-9.791996955871582,54.71580123901367,identifier,mean
-78.84554290771484,3.1336989402770996,(,(
13.714791297912598,72.80491638183594,identifier,char_to_length
-71.78659057617188,65.22139739990234,.,.
-19.318992614746094,68.47987365722656,identifier,values
-102.63804626464844,44.023887634277344,(,(
79.19025421142578,-159.17149353027344,),)
78.33306121826172,-148.9739990234375,),)
-85.33902740478516,-46.130367279052734,",",","
2.702975273132324,59.666770935058594,"""",'character-lengths'
-36.17288589477539,-38.41689682006836,:,:
12.923988342285156,72.57444763183594,identifier,char_to_length
-85.52220153808594,-46.55223083496094,",",","
2.351076602935791,60.07182693481445,"""",'kerning-characters'
-36.24818801879883,-38.618839263916016,:,:
12.278743743896484,72.34192657470703,identifier,kerning_characters
-85.61575317382812,-46.78733825683594,",",","
2.176835775375366,60.111454010009766,"""",'kerning-pairs'
-36.157928466796875,-38.83015823364258,:,:
12.480618476867676,71.87155151367188,identifier,pair_to_kerning
-68.02941131591797,-43.25767135620117,",",","
32.62746047973633,89.56369018554688,identifier,f
-86.9610824584961,-35.87451934814453,",",","
-0.28711599111557007,59.63079071044922,identifier,sort_keys
-87.0599365234375,-35.881263732910156,",",","
-8.183198928833008,60.35160827636719,identifier,indent
85.80320739746094,-130.44735717773438,),)
-241.21266174316406,-18.694313049316406,def,def
96.71159362792969,-6.053252696990967,identifier,is_identity_matrix
-169.8805694580078,10.242520332336426,(,(
90.8497543334961,-11.809089660644531,identifier,mat
-108.93578338623047,-93.88355255126953,",",","
73.95435333251953,-12.188981056213379,identifier,ignore_phase
-103.10615539550781,-95.9490737915039,",",","
65.99103546142578,-11.587544441223145,identifier,rtol
57.89825439453125,-12.4724702835083,identifier,RTOL_DEFAULT
-99.94002532958984,-97.3469467163086,",",","
65.6717758178711,-11.672662734985352,identifier,atol
57.919429779052734,-12.56534194946289,identifier,ATOL_DEFAULT
35.316162109375,-195.95062255859375,),)
-90.10002899169922,-171.90367126464844,:,:
-6.738145351409912,-90.66342163085938,if,if
64.37973022460938,-12.162016868591309,identifier,atol
-63.02280807495117,-146.09326171875,:,:
64.3681869506836,-12.154348373413086,identifier,atol
58.250762939453125,-13.302581787109375,identifier,ATOL_DEFAULT
-12.830655097961426,-94.24545288085938,if,if
63.53367233276367,-12.504362106323242,identifier,rtol
-58.72881317138672,-146.3175811767578,:,:
63.51179885864258,-12.507654190063477,identifier,rtol
58.34033203125,-13.578460693359375,identifier,RTOL_DEFAULT
61.79728698730469,67.4402084350586,identifier,mat
99.86621856689453,78.67450714111328,identifier,np
-56.15626907348633,70.94915771484375,.,.
26.94212532043457,-5.74447774887085,identifier,array
-104.0766830444336,8.577863693237305,(,(
62.2276725769043,68.07218933105469,identifier,mat
49.88982391357422,-150.59097290039062,),)
-11.633520126342773,-101.28337860107422,if,if
62.41946792602539,68.3305892944336,identifier,mat
-63.287200927734375,91.71538543701172,.,.
17.28005599975586,4.81258487701416,identifier,ndim
20.148876190185547,-49.39202117919922,!=,!=
-53.51305389404297,-145.5759735107422,:,:
-12.85976505279541,-105.81102752685547,if,if
26.82345199584961,26.067358016967773,identifier,ignore_phase
-52.13098907470703,-153.72715759277344,:,:
47.28782653808594,49.4537467956543,identifier,theta
100.33847045898438,79.9705581665039,identifier,np
-59.1076774597168,70.22351837158203,.,.
16.355878829956055,22.663818359375,identifier,angle
-91.58531951904297,4.67832612991333,(,(
62.058773040771484,68.6086654663086,identifier,mat
-67.20429229736328,-69.22897338867188,",",","
57.299156188964844,-139.53248596191406,),)
60.74775695800781,68.1728515625,identifier,mat
99.82537841796875,80.1579360961914,identifier,np
-59.631107330322266,69.39107513427734,.,.
7.197988986968994,20.149715423583984,identifier,exp
-86.55859375,5.307723522186279,(,(
-12.217422485351562,-5.222509860992432,-,-
46.83818435668945,49.20591735839844,identifier,theta
70.49642944335938,-152.86512756347656,),)
61.2419319152832,69.15907287597656,identifier,mat
32.9899787902832,58.38027572631836,identifier,iden
99.13272857666016,79.94708251953125,identifier,np
-60.55530548095703,68.42082214355469,.,.
-1.3334152698516846,15.641210556030273,identifier,eye
-83.34766387939453,3.3995630741119385,(,(
-27.610881805419922,-7.094903469085693,identifier,len
-85.76478576660156,-5.782552242279053,(,(
60.96274185180664,69.48297882080078,identifier,mat
78.37844848632812,-154.4259490966797,),)
69.47154235839844,-133.76416015625,),)
98.74075317382812,79.69446563720703,identifier,np
-61.52897644042969,69.1202392578125,.,.
-2.328899621963501,49.53113555908203,identifier,allclose
-77.24430847167969,-2.2053639888763428,(,(
60.759037017822266,69.77616119384766,identifier,mat
-70.13430786132812,-44.53239440917969,",",","
15.048309326171875,66.74661254882812,identifier,iden
-86.77791595458984,-39.4273796081543,",",","
5.052191734313965,69.44027709960938,identifier,rtol
5.205539226531982,69.97767639160156,identifier,rtol
-85.92097473144531,-39.503395080566406,",",","
4.696959495544434,69.85673522949219,identifier,atol
4.817960262298584,70.17732238769531,identifier,atol
83.26197052001953,-129.5877685546875,),)
